solid R-Wrist_Interface. STL generated by ONSHAPE BY PTC INC, 1.212. Units = meters
   facet normal 0.100479 -0.857167 0.505142
      outer loop
         vertex 0.014 -0.0962489 -0.0296865
         vertex 0.0135216 -0.097 -0.0308414
         vertex 0.014 -0.097 -0.0309365
      endloop
   endfacet
   facet normal 0.28614 -0.857167 0.428239
      outer loop
         vertex 0.014 -0.0962489 -0.0296865
         vertex 0.0131161 -0.097 -0.0305704
         vertex 0.0135216 -0.097 -0.0308414
      endloop
   endfacet
   facet normal 0.428239 -0.857167 0.28614
      outer loop
         vertex 0.014 -0.0962489 -0.0296865
         vertex 0.0128452 -0.097 -0.0301649
         vertex 0.0131161 -0.097 -0.0305704
      endloop
   endfacet
   facet normal 0.505142 -0.857167 0.100479
      outer loop
         vertex 0.014 -0.0962489 -0.0296865
         vertex 0.01275 -0.097 -0.0296865
         vertex 0.0128452 -0.097 -0.0301649
      endloop
   endfacet
   facet normal 0.505142 -0.857167 -0.100479
      outer loop
         vertex 0.014 -0.0962489 -0.0296865
         vertex 0.0128452 -0.097 -0.0292082
         vertex 0.01275 -0.097 -0.0296865
      endloop
   endfacet
   facet normal 0.428239 -0.857167 -0.28614
      outer loop
         vertex 0.014 -0.0962489 -0.0296865
         vertex 0.0131161 -0.097 -0.0288027
         vertex 0.0128452 -0.097 -0.0292082
      endloop
   endfacet
   facet normal 0.28614 -0.857167 -0.428239
      outer loop
         vertex 0.014 -0.0962489 -0.0296865
         vertex 0.0135216 -0.097 -0.0285317
         vertex 0.0131161 -0.097 -0.0288027
      endloop
   endfacet
   facet normal 0.100479 -0.857167 -0.505142
      outer loop
         vertex 0.014 -0.0962489 -0.0296865
         vertex 0.014 -0.097 -0.0284365
         vertex 0.0135216 -0.097 -0.0285317
      endloop
   endfacet
   facet normal -0.100479 -0.857167 -0.505142
      outer loop
         vertex 0.014 -0.0962489 -0.0296865
         vertex 0.0144784 -0.097 -0.0285317
         vertex 0.014 -0.097 -0.0284365
      endloop
   endfacet
   facet normal -0.28614 -0.857167 -0.428239
      outer loop
         vertex 0.014 -0.0962489 -0.0296865
         vertex 0.0148839 -0.097 -0.0288027
         vertex 0.0144784 -0.097 -0.0285317
      endloop
   endfacet
   facet normal -0.428239 -0.857167 -0.28614
      outer loop
         vertex 0.014 -0.0962489 -0.0296865
         vertex 0.0151548 -0.097 -0.0292082
         vertex 0.0148839 -0.097 -0.0288027
      endloop
   endfacet
   facet normal -0.505142 -0.857167 -0.100479
      outer loop
         vertex 0.014 -0.0962489 -0.0296865
         vertex 0.01525 -0.097 -0.0296865
         vertex 0.0151548 -0.097 -0.0292082
      endloop
   endfacet
   facet normal -0.505142 -0.857167 0.100479
      outer loop
         vertex 0.014 -0.0962489 -0.0296865
         vertex 0.0151548 -0.097 -0.0301649
         vertex 0.01525 -0.097 -0.0296865
      endloop
   endfacet
   facet normal -0.428239 -0.857167 0.28614
      outer loop
         vertex 0.014 -0.0962489 -0.0296865
         vertex 0.0148839 -0.097 -0.0305704
         vertex 0.0151548 -0.097 -0.0301649
      endloop
   endfacet
   facet normal -0.28614 -0.857167 0.428239
      outer loop
         vertex 0.014 -0.0962489 -0.0296865
         vertex 0.0144784 -0.097 -0.0308414
         vertex 0.0148839 -0.097 -0.0305704
      endloop
   endfacet
   facet normal -0.100479 -0.857167 0.505142
      outer loop
         vertex 0.014 -0.0962489 -0.0296865
         vertex 0.014 -0.097 -0.0309365
         vertex 0.0144784 -0.097 -0.0308414
      endloop
   endfacet
   facet normal 0.382683 6.4107e-16 -0.92388
      outer loop
         vertex 0.0135216 -0.097 -0.0285317
         vertex 0.014 -0.097 -0.0284365
         vertex 0.014 -0.101 -0.0284365
      endloop
   endfacet
   facet normal 0.707107 4.90654e-16 -0.707107
      outer loop
         vertex 0.0131161 -0.097 -0.0288027
         vertex 0.0135216 -0.097 -0.0285317
         vertex 0.0135216 -0.101 -0.0285317
      endloop
   endfacet
   facet normal 0.92388 2.6554e-16 -0.382683
      outer loop
         vertex 0.0128452 -0.097 -0.0292082
         vertex 0.0131161 -0.097 -0.0288027
         vertex 0.0131161 -0.101 -0.0288027
      endloop
   endfacet
   facet normal 1 -1.27465e-31 1.83697e-16
      outer loop
         vertex 0.01275 -0.097 -0.0296865
         vertex 0.0128452 -0.097 -0.0292082
         vertex 0.0128452 -0.101 -0.0292082
      endloop
   endfacet
   facet normal 0.92388 -2.6554e-16 0.382683
      outer loop
         vertex 0.0128452 -0.097 -0.0301649
         vertex 0.01275 -0.097 -0.0296865
         vertex 0.01275 -0.101 -0.0296865
      endloop
   endfacet
   facet normal 0.707107 -4.90654e-16 0.707107
      outer loop
         vertex 0.0131161 -0.097 -0.0305704
         vertex 0.0128452 -0.097 -0.0301649
         vertex 0.0128452 -0.101 -0.0301649
      endloop
   endfacet
   facet normal 0.382683 -6.4107e-16 0.92388
      outer loop
         vertex 0.0135216 -0.097 -0.0308414
         vertex 0.0131161 -0.097 -0.0305704
         vertex 0.0131161 -0.101 -0.0305704
      endloop
   endfacet
   facet normal -1.22465e-16 -6.93889e-16 1
      outer loop
         vertex 0.014 -0.097 -0.0309365
         vertex 0.0135216 -0.097 -0.0308414
         vertex 0.0135216 -0.101 -0.0308414
      endloop
   endfacet
   facet normal -0.382683 -6.4107e-16 0.92388
      outer loop
         vertex 0.0144784 -0.097 -0.0308414
         vertex 0.014 -0.097 -0.0309365
         vertex 0.014 -0.101 -0.0309365
      endloop
   endfacet
   facet normal -0.707107 -4.90654e-16 0.707107
      outer loop
         vertex 0.0148839 -0.097 -0.0305704
         vertex 0.0144784 -0.097 -0.0308414
         vertex 0.0144784 -0.101 -0.0308414
      endloop
   endfacet
   facet normal -0.92388 -2.6554e-16 0.382683
      outer loop
         vertex 0.0151548 -0.097 -0.0301649
         vertex 0.0148839 -0.097 -0.0305704
         vertex 0.0148839 -0.101 -0.0305704
      endloop
   endfacet
   facet normal -1 4.24885e-32 -6.12323e-17
      outer loop
         vertex 0.01525 -0.097 -0.0296865
         vertex 0.0151548 -0.097 -0.0301649
         vertex 0.0151548 -0.101 -0.0301649
      endloop
   endfacet
   facet normal -0.92388 2.6554e-16 -0.382683
      outer loop
         vertex 0.0151548 -0.097 -0.0292082
         vertex 0.01525 -0.097 -0.0296865
         vertex 0.01525 -0.101 -0.0296865
      endloop
   endfacet
   facet normal -0.707107 4.90654e-16 -0.707107
      outer loop
         vertex 0.0148839 -0.097 -0.0288027
         vertex 0.0151548 -0.097 -0.0292082
         vertex 0.0151548 -0.101 -0.0292082
      endloop
   endfacet
   facet normal -0.382683 6.4107e-16 -0.92388
      outer loop
         vertex 0.0144784 -0.097 -0.0285317
         vertex 0.0148839 -0.097 -0.0288027
         vertex 0.0148839 -0.101 -0.0288027
      endloop
   endfacet
   facet normal 0 6.93889e-16 -1
      outer loop
         vertex 0.014 -0.097 -0.0284365
         vertex 0.0144784 -0.097 -0.0285317
         vertex 0.0144784 -0.101 -0.0285317
      endloop
   endfacet
   facet normal -0.382683 6.4107e-16 -0.92388
      outer loop
         vertex 0.0144784 -0.101 -0.0285317
         vertex 0.014 -0.101 -0.0284365
         vertex 0.014 -0.097 -0.0284365
      endloop
   endfacet
   facet normal -0.707107 4.90654e-16 -0.707107
      outer loop
         vertex 0.0148839 -0.101 -0.0288027
         vertex 0.0144784 -0.101 -0.0285317
         vertex 0.0144784 -0.097 -0.0285317
      endloop
   endfacet
   facet normal -0.92388 2.6554e-16 -0.382683
      outer loop
         vertex 0.0151548 -0.101 -0.0292082
         vertex 0.0148839 -0.101 -0.0288027
         vertex 0.0148839 -0.097 -0.0288027
      endloop
   endfacet
   facet normal -1 4.24885e-32 -6.12323e-17
      outer loop
         vertex 0.01525 -0.101 -0.0296865
         vertex 0.0151548 -0.101 -0.0292082
         vertex 0.0151548 -0.097 -0.0292082
      endloop
   endfacet
   facet normal -0.92388 -2.6554e-16 0.382683
      outer loop
         vertex 0.0151548 -0.101 -0.0301649
         vertex 0.01525 -0.101 -0.0296865
         vertex 0.01525 -0.097 -0.0296865
      endloop
   endfacet
   facet normal -0.707107 -4.90654e-16 0.707107
      outer loop
         vertex 0.0148839 -0.101 -0.0305704
         vertex 0.0151548 -0.101 -0.0301649
         vertex 0.0151548 -0.097 -0.0301649
      endloop
   endfacet
   facet normal -0.382683 -6.4107e-16 0.92388
      outer loop
         vertex 0.0144784 -0.101 -0.0308414
         vertex 0.0148839 -0.101 -0.0305704
         vertex 0.0148839 -0.097 -0.0305704
      endloop
   endfacet
   facet normal -1.22465e-16 -6.93889e-16 1
      outer loop
         vertex 0.014 -0.101 -0.0309365
         vertex 0.0144784 -0.101 -0.0308414
         vertex 0.0144784 -0.097 -0.0308414
      endloop
   endfacet
   facet normal 0.382683 -6.4107e-16 0.92388
      outer loop
         vertex 0.0135216 -0.101 -0.0308414
         vertex 0.014 -0.101 -0.0309365
         vertex 0.014 -0.097 -0.0309365
      endloop
   endfacet
   facet normal 0.707107 -4.90654e-16 0.707107
      outer loop
         vertex 0.0131161 -0.101 -0.0305704
         vertex 0.0135216 -0.101 -0.0308414
         vertex 0.0135216 -0.097 -0.0308414
      endloop
   endfacet
   facet normal 0.92388 -2.6554e-16 0.382683
      outer loop
         vertex 0.0128452 -0.101 -0.0301649
         vertex 0.0131161 -0.101 -0.0305704
         vertex 0.0131161 -0.097 -0.0305704
      endloop
   endfacet
   facet normal 1 -1.27465e-31 1.83697e-16
      outer loop
         vertex 0.01275 -0.101 -0.0296865
         vertex 0.0128452 -0.101 -0.0301649
         vertex 0.0128452 -0.097 -0.0301649
      endloop
   endfacet
   facet normal 0.92388 2.6554e-16 -0.382683
      outer loop
         vertex 0.0128452 -0.101 -0.0292082
         vertex 0.01275 -0.101 -0.0296865
         vertex 0.01275 -0.097 -0.0296865
      endloop
   endfacet
   facet normal 0.707107 4.90654e-16 -0.707107
      outer loop
         vertex 0.0131161 -0.101 -0.0288027
         vertex 0.0128452 -0.101 -0.0292082
         vertex 0.0128452 -0.097 -0.0292082
      endloop
   endfacet
   facet normal 0.382683 6.4107e-16 -0.92388
      outer loop
         vertex 0.0135216 -0.101 -0.0285317
         vertex 0.0131161 -0.101 -0.0288027
         vertex 0.0131161 -0.097 -0.0288027
      endloop
   endfacet
   facet normal 0 6.93889e-16 -1
      outer loop
         vertex 0.014 -0.101 -0.0284365
         vertex 0.0135216 -0.101 -0.0285317
         vertex 0.0135216 -0.097 -0.0285317
      endloop
   endfacet
   facet normal 0 -1 -6.93889e-16
      outer loop
         vertex 0.0245 -0.101 -0.036
         vertex 0.0252315 -0.101 -0.035123
         vertex 0.0249109 -0.101 -0.034539
      endloop
   endfacet
   facet normal 0 -1 -6.93889e-16
      outer loop
         vertex 0.0245484 -0.101 -0.0284999
         vertex 0.0219848 -0.101 -0.0310496
         vertex 0.0249299 -0.101 -0.0296513
      endloop
   endfacet
   facet normal 0 -1 -6.93889e-16
      outer loop
         vertex 0.0219848 -0.101 -0.0310496
         vertex 0.0223316 -0.101 -0.0315687
         vertex 0.0248 -0.101 -0.0303603
      endloop
   endfacet
   facet normal 0 -1 -6.93889e-16
      outer loop
         vertex 0.0219848 -0.101 -0.0333123
         vertex 0.0249109 -0.101 -0.034539
         vertex 0.0248 -0.101 -0.0338821
      endloop
   endfacet
   facet normal 0 -1 -6.93889e-16
      outer loop
         vertex 0.0245 -0.101 -0.036
         vertex 0.025726 -0.101 -0.0355693
         vertex 0.0252315 -0.101 -0.035123
      endloop
   endfacet
   facet normal 0 -1 -6.93889e-16
      outer loop
         vertex 0.0248 -0.101 -0.0303603
         vertex 0.0249299 -0.101 -0.0296513
         vertex 0.0219848 -0.101 -0.0310496
      endloop
   endfacet
   facet normal 0 -1 -6.93889e-16
      outer loop
         vertex 0.01525 -0.101 -0.0296865
         vertex 0.0193752 -0.101 -0.0315687
         vertex 0.019722 -0.101 -0.0310496
      endloop
   endfacet
   facet normal 0 -1 -6.93889e-16
      outer loop
         vertex 0.0180162 -0.101 -0.027215
         vertex 0.0144784 -0.101 -0.0285317
         vertex 0.0148839 -0.101 -0.0288027
      endloop
   endfacet
   facet normal 0 -1 -6.93889e-16
      outer loop
         vertex 0.00304238 -0.101 -0.0224729
         vertex 0.00432501 -0.101 -0.0254004
         vertex 0.00681307 -0.101 -0.0249985
      endloop
   endfacet
   facet normal 0 -1 -6.93889e-16
      outer loop
         vertex 0.0249109 -0.101 -0.034539
         vertex 0.0219848 -0.101 -0.0333123
         vertex 0.0245 -0.101 -0.036
      endloop
   endfacet
   facet normal 0 -1 -6.93889e-16
      outer loop
         vertex 0.0245 -0.101 -0.036
         vertex 0.0270044 -0.101 -0.0358717
         vertex 0.0263397 -0.101 -0.0358284
      endloop
   endfacet
   facet normal 0 -1 -6.93889e-16
      outer loop
         vertex 0.0249299 -0.101 -0.0296513
         vertex 0.0253026 -0.101 -0.0290344
         vertex 0.0245484 -0.101 -0.0284999
      endloop
   endfacet
   facet normal 0 -1 -6.93889e-16
      outer loop
         vertex 0.0180162 -0.101 -0.027215
         vertex 0.019722 -0.101 -0.0310496
         vertex 0.0202411 -0.101 -0.0307028
      endloop
   endfacet
   facet normal 0 -1 -6.93889e-16
      outer loop
         vertex 0.0180162 -0.101 -0.027215
         vertex 0.0151548 -0.101 -0.0292082
         vertex 0.01525 -0.101 -0.0296865
      endloop
   endfacet
   facet normal 0 -1 -6.93889e-16
      outer loop
         vertex 0.0180162 -0.101 -0.027215
         vertex 0.014 -0.101 -0.0284365
         vertex 0.0144784 -0.101 -0.0285317
      endloop
   endfacet
   facet normal 0 -1 -6.93889e-16
      outer loop
         vertex 0.0192534 -0.101 -0.032181
         vertex 0.0151548 -0.101 -0.0301649
         vertex 0.0148839 -0.101 -0.0305704
      endloop
   endfacet
   facet normal 0 -1 -6.93889e-16
      outer loop
         vertex 0.0193752 -0.101 -0.0315687
         vertex 0.01525 -0.101 -0.0296865
         vertex 0.0151548 -0.101 -0.0301649
      endloop
   endfacet
   facet normal 0 -1 -6.93889e-16
      outer loop
         vertex 0.00901493 -0.101 -0.0188585
         vertex 0.00902536 -0.101 -0.0235203
         vertex 0.00954444 -0.101 -0.0238672
      endloop
   endfacet
   facet normal 0 -1 -6.93889e-16
      outer loop
         vertex 0.00902536 -0.101 -0.0235203
         vertex 0.00891343 -0.101 -0.0195721
         vertex 0.00856557 -0.101 -0.0202034
      endloop
   endfacet
   facet normal 0 -1 -6.93889e-16
      outer loop
         vertex 0.00681307 -0.101 -0.0249985
         vertex 0.00693486 -0.101 -0.0243862
         vertex 0.00304238 -0.101 -0.0224729
      endloop
   endfacet
   facet normal 0 -1 -6.93889e-16
      outer loop
         vertex 0.0263397 -0.101 -0.0358284
         vertex 0.025726 -0.101 -0.0355693
         vertex 0.0245 -0.101 -0.036
      endloop
   endfacet
   facet normal 0 -1 -6.93889e-16
      outer loop
         vertex 0.0248 -0.101 -0.0303603
         vertex 0.0223316 -0.101 -0.0315687
         vertex 0.0224534 -0.101 -0.032181
      endloop
   endfacet
   facet normal 0 -1 -6.93889e-16
      outer loop
         vertex 0.0253026 -0.101 -0.0290344
         vertex 0.0258699 -0.101 -0.0285897
         vertex 0.0245484 -0.101 -0.0284999
      endloop
   endfacet
   facet normal 0 -1 -6.93889e-16
      outer loop
         vertex 0.0245484 -0.101 -0.0284999
         vertex 0.0180162 -0.101 -0.027215
         vertex 0.0208534 -0.101 -0.030581
      endloop
   endfacet
   facet normal 0 -1 -6.93889e-16
      outer loop
         vertex 0.019722 -0.101 -0.0310496
         vertex 0.0180162 -0.101 -0.027215
         vertex 0.01525 -0.101 -0.0296865
      endloop
   endfacet
   facet normal 0 -1 -6.93889e-16
      outer loop
         vertex 0.0180162 -0.101 -0.027215
         vertex 0.0135216 -0.101 -0.0285317
         vertex 0.014 -0.101 -0.0284365
      endloop
   endfacet
   facet normal 0 -1 -6.93889e-16
      outer loop
         vertex 0.0151548 -0.101 -0.0301649
         vertex 0.0192534 -0.101 -0.032181
         vertex 0.0193752 -0.101 -0.0315687
      endloop
   endfacet
   facet normal 0 -1 -6.93889e-16
      outer loop
         vertex 0.0151243 -0.101 -0.034135
         vertex 0.0193752 -0.101 -0.0327933
         vertex 0.0192534 -0.101 -0.032181
      endloop
   endfacet
   facet normal 0 -1 -6.93889e-16
      outer loop
         vertex 0.0135216 -0.101 -0.0285317
         vertex 0.0100131 -0.101 -0.0249985
         vertex 0.00989127 -0.101 -0.0256108
      endloop
   endfacet
   facet normal 0 -1 -6.93889e-16
      outer loop
         vertex 0.0100131 -0.101 -0.0249985
         vertex 0.0180162 -0.101 -0.027215
         vertex 0.0124784 -0.101 -0.02352
      endloop
   endfacet
   facet normal 0 -1 -6.93889e-16
      outer loop
         vertex 0.0124784 -0.101 -0.02352
         vertex 0.00885689 -0.101 -0.0181553
         vertex 0.00901493 -0.101 -0.0188585
      endloop
   endfacet
   facet normal 0 -1 -6.93889e-16
      outer loop
         vertex 0.00902536 -0.101 -0.0235203
         vertex 0.00901493 -0.101 -0.0188585
         vertex 0.00891343 -0.101 -0.0195721
      endloop
   endfacet
   facet normal 0 -1 -6.93889e-16
      outer loop
         vertex 0.00693486 -0.101 -0.0243862
         vertex 0.00434218 -0.101 -0.0226636
         vertex 0.00367617 -0.101 -0.022678
      endloop
   endfacet
   facet normal 0 -1 -6.93889e-16
      outer loop
         vertex 0.00693486 -0.101 -0.0243862
         vertex 0.0072817 -0.101 -0.0238672
         vertex 0.0049665 -0.101 -0.0224313
      endloop
   endfacet
   facet normal 0 -1 -6.93889e-16
      outer loop
         vertex 0.00304238 -0.101 -0.0224729
         vertex 0.00275989 -0.101 -0.0222942
         vertex 0.00432501 -0.101 -0.0254004
      endloop
   endfacet
   facet normal 0 -1 -6.93889e-16
      outer loop
         vertex 0.0248 -0.101 -0.0338821
         vertex 0.0224534 -0.101 -0.032181
         vertex 0.0223316 -0.101 -0.0327933
      endloop
   endfacet
   facet normal 0 -1 -6.93889e-16
      outer loop
         vertex 0.0258699 -0.101 -0.0285897
         vertex 0.0265579 -0.101 -0.028375
         vertex 0.0245484 -0.101 -0.0284999
      endloop
   endfacet
   facet normal 0 -1 -6.93889e-16
      outer loop
         vertex 0.0208534 -0.101 -0.030581
         vertex 0.0214657 -0.101 -0.0307028
         vertex 0.0245484 -0.101 -0.0284999
      endloop
   endfacet
   facet normal 0 -1 -6.93889e-16
      outer loop
         vertex 0.0148839 -0.101 -0.0288027
         vertex 0.0151548 -0.101 -0.0292082
         vertex 0.0180162 -0.101 -0.027215
      endloop
   endfacet
   facet normal 0 -1 -6.93889e-16
      outer loop
         vertex 0.0148839 -0.101 -0.0305704
         vertex 0.0144784 -0.101 -0.0308414
         vertex 0.0192534 -0.101 -0.032181
      endloop
   endfacet
   facet normal 0 -1 -6.93889e-16
      outer loop
         vertex 0.0151243 -0.101 -0.034135
         vertex 0.019722 -0.101 -0.0333123
         vertex 0.0193752 -0.101 -0.0327933
      endloop
   endfacet
   facet normal 0 -1 -6.93889e-16
      outer loop
         vertex 0.00989127 -0.101 -0.0256108
         vertex 0.0131161 -0.101 -0.0288027
         vertex 0.0135216 -0.101 -0.0285317
      endloop
   endfacet
   facet normal 0 -1 -6.93889e-16
      outer loop
         vertex 0.00954444 -0.101 -0.0261299
         vertex 0.0128452 -0.101 -0.0292082
         vertex 0.0131161 -0.101 -0.0288027
      endloop
   endfacet
   facet normal 0 -1 -6.93889e-16
      outer loop
         vertex 0.0124784 -0.101 -0.02352
         vertex 0.00954444 -0.101 -0.0238672
         vertex 0.00989127 -0.101 -0.0243862
      endloop
   endfacet
   facet normal 0 -1 -6.93889e-16
      outer loop
         vertex 0.00856557 -0.101 -0.0202034
         vertex 0.00841307 -0.101 -0.0233985
         vertex 0.00902536 -0.101 -0.0235203
      endloop
   endfacet
   facet normal 0 -1 -6.93889e-16
      outer loop
         vertex 0.00841307 -0.101 -0.0233985
         vertex 0.00856557 -0.101 -0.0202034
         vertex 0.00801652 -0.101 -0.0206703
      endloop
   endfacet
   facet normal 0 -1 -6.93889e-16
      outer loop
         vertex 0.0049665 -0.101 -0.0224313
         vertex 0.0072817 -0.101 -0.0238672
         vertex 0.00780077 -0.101 -0.0235203
      endloop
   endfacet
   facet normal 0 -1 -6.93889e-16
      outer loop
         vertex 0.0049665 -0.101 -0.0224313
         vertex 0.00434218 -0.101 -0.0226636
         vertex 0.00693486 -0.101 -0.0243862
      endloop
   endfacet
   facet normal 0 -1 -6.93889e-16
      outer loop
         vertex 0.00275989 -0.101 -0.0222942
         vertex 0.00251111 -0.101 -0.022071
         vertex 0.00432501 -0.101 -0.0254004
      endloop
   endfacet
   facet normal 0 -1 -6.93889e-16
      outer loop
         vertex 0.0224534 -0.101 -0.032181
         vertex 0.0248 -0.101 -0.0338821
         vertex 0.0248 -0.101 -0.0303603
      endloop
   endfacet
   facet normal 0 -1 -6.93889e-16
      outer loop
         vertex 0.0202411 -0.101 -0.0307028
         vertex 0.0208534 -0.101 -0.030581
         vertex 0.0180162 -0.101 -0.027215
      endloop
   endfacet
   facet normal 0 -1 -6.93889e-16
      outer loop
         vertex 0.0192534 -0.101 -0.032181
         vertex 0.014 -0.101 -0.0309365
         vertex 0.0151243 -0.101 -0.034135
      endloop
   endfacet
   facet normal 0 -1 -6.93889e-16
      outer loop
         vertex 0.01275 -0.101 -0.0296865
         vertex 0.00902536 -0.101 -0.0264767
         vertex 0.00841307 -0.101 -0.0265985
      endloop
   endfacet
   facet normal 0 -1 -6.93889e-16
      outer loop
         vertex 0.00902536 -0.101 -0.0264767
         vertex 0.01275 -0.101 -0.0296865
         vertex 0.0128452 -0.101 -0.0292082
      endloop
   endfacet
   facet normal 0 -1 -6.93889e-16
      outer loop
         vertex 0.0151243 -0.101 -0.034135
         vertex 0.0135216 -0.101 -0.0308414
         vertex 0.0131161 -0.101 -0.0305704
      endloop
   endfacet
   facet normal 0 -1 -6.93889e-16
      outer loop
         vertex 0.0131161 -0.101 -0.0288027
         vertex 0.00989127 -0.101 -0.0256108
         vertex 0.00954444 -0.101 -0.0261299
      endloop
   endfacet
   facet normal 0 -1 -6.93889e-16
      outer loop
         vertex 0.00954444 -0.101 -0.0238672
         vertex 0.0124784 -0.101 -0.02352
         vertex 0.00901493 -0.101 -0.0188585
      endloop
   endfacet
   facet normal 0 -1 -6.93889e-16
      outer loop
         vertex 0.00780077 -0.101 -0.0235203
         vertex 0.00801652 -0.101 -0.0206703
         vertex 0.0049665 -0.101 -0.0224313
      endloop
   endfacet
   facet normal 0 -1 -6.93889e-16
      outer loop
         vertex 0.00251111 -0.101 -0.022071
         vertex 0.0021413 -0.101 -0.0215169
         vertex 0.00432501 -0.101 -0.0254004
      endloop
   endfacet
   facet normal 0 -1 -6.93889e-16
      outer loop
         vertex 0.00432501 -0.101 -0.0254004
         vertex 0.00717588 -0.101 -0.0288241
         vertex 0.0072817 -0.101 -0.0261299
      endloop
   endfacet
   facet normal 0 -1 -6.93889e-16
      outer loop
         vertex 0.0248 -0.101 -0.0338821
         vertex 0.0223316 -0.101 -0.0327933
         vertex 0.0219848 -0.101 -0.0333123
      endloop
   endfacet
   facet normal 0 -1 -6.93889e-16
      outer loop
         vertex 0.0144784 -0.101 -0.0308414
         vertex 0.014 -0.101 -0.0309365
         vertex 0.0192534 -0.101 -0.032181
      endloop
   endfacet
   facet normal 0 -1 -6.93889e-16
      outer loop
         vertex 0.0128452 -0.101 -0.0292082
         vertex 0.00954444 -0.101 -0.0261299
         vertex 0.00902536 -0.101 -0.0264767
      endloop
   endfacet
   facet normal 0 -1 -6.93889e-16
      outer loop
         vertex 0.0131161 -0.101 -0.0305704
         vertex 0.00717588 -0.101 -0.0288241
         vertex 0.0151243 -0.101 -0.034135
      endloop
   endfacet
   facet normal 0 -1 -6.93889e-16
      outer loop
         vertex 0.0124784 -0.101 -0.02352
         vertex 0.00989127 -0.101 -0.0243862
         vertex 0.0100131 -0.101 -0.0249985
      endloop
   endfacet
   facet normal 0 -1 -6.93889e-16
      outer loop
         vertex 0.00367617 -0.101 -0.022678
         vertex 0.00304238 -0.101 -0.0224729
         vertex 0.00693486 -0.101 -0.0243862
      endloop
   endfacet
   facet normal 0 -1 -6.93889e-16
      outer loop
         vertex 0.0072817 -0.101 -0.0261299
         vertex 0.00693486 -0.101 -0.0256108
         vertex 0.00432501 -0.101 -0.0254004
      endloop
   endfacet
   facet normal 0 -1 -6.93889e-16
      outer loop
         vertex 0.00717588 -0.101 -0.0288241
         vertex 0.00841307 -0.101 -0.0265985
         vertex 0.00780077 -0.101 -0.0264767
      endloop
   endfacet
   facet normal 0 -1 -6.93889e-16
      outer loop
         vertex 0.0214657 -0.101 -0.0307028
         vertex 0.0219848 -0.101 -0.0310496
         vertex 0.0245484 -0.101 -0.0284999
      endloop
   endfacet
   facet normal 0 -1 -6.93889e-16
      outer loop
         vertex 0.00717588 -0.101 -0.0288241
         vertex 0.0128452 -0.101 -0.0301649
         vertex 0.01275 -0.101 -0.0296865
      endloop
   endfacet
   facet normal 0 -1 -6.93889e-16
      outer loop
         vertex 0.0151243 -0.101 -0.034135
         vertex 0.014 -0.101 -0.0309365
         vertex 0.0135216 -0.101 -0.0308414
      endloop
   endfacet
   facet normal 0 -1 -6.93889e-16
      outer loop
         vertex 0.00801652 -0.101 -0.0206703
         vertex 0.00780077 -0.101 -0.0235203
         vertex 0.00841307 -0.101 -0.0233985
      endloop
   endfacet
   facet normal 0 -1 -6.93889e-16
      outer loop
         vertex 0.00780077 -0.101 -0.0264767
         vertex 0.0072817 -0.101 -0.0261299
         vertex 0.00717588 -0.101 -0.0288241
      endloop
   endfacet
   facet normal 0 -1 -6.93889e-16
      outer loop
         vertex 0.0151243 -0.101 -0.034135
         vertex 0.0202411 -0.101 -0.0336592
         vertex 0.019722 -0.101 -0.0333123
      endloop
   endfacet
   facet normal 0 -1 -6.93889e-16
      outer loop
         vertex 0.0131161 -0.101 -0.0305704
         vertex 0.0128452 -0.101 -0.0301649
         vertex 0.00717588 -0.101 -0.0288241
      endloop
   endfacet
   facet normal 0 -1 -6.93889e-16
      outer loop
         vertex 0.00693486 -0.101 -0.0256108
         vertex 0.00681307 -0.101 -0.0249985
         vertex 0.00432501 -0.101 -0.0254004
      endloop
   endfacet
   facet normal 0 -1 -6.93889e-16
      outer loop
         vertex 0.0219848 -0.101 -0.0333123
         vertex 0.0214657 -0.101 -0.0336592
         vertex 0.0245 -0.101 -0.036
      endloop
   endfacet
   facet normal 0 -1 -6.93889e-16
      outer loop
         vertex 0.0245 -0.101 -0.036
         vertex 0.0208534 -0.101 -0.033781
         vertex 0.0202411 -0.101 -0.0336592
      endloop
   endfacet
   facet normal 0 -1 -6.93889e-16
      outer loop
         vertex 0.0135216 -0.101 -0.0285317
         vertex 0.0180162 -0.101 -0.027215
         vertex 0.0100131 -0.101 -0.0249985
      endloop
   endfacet
   facet normal 0 -1 -6.93889e-16
      outer loop
         vertex 0.0202411 -0.101 -0.0336592
         vertex 0.0151243 -0.101 -0.034135
         vertex 0.0245 -0.101 -0.036
      endloop
   endfacet
   facet normal 0 -1 -6.93889e-16
      outer loop
         vertex 0.0214657 -0.101 -0.0336592
         vertex 0.0208534 -0.101 -0.033781
         vertex 0.0245 -0.101 -0.036
      endloop
   endfacet
   facet normal 0 -1 -6.93889e-16
      outer loop
         vertex 0.00841307 -0.101 -0.0265985
         vertex 0.00717588 -0.101 -0.0288241
         vertex 0.01275 -0.101 -0.0296865
      endloop
   endfacet
   facet normal -1 0 0
      outer loop
         vertex 0.0248 -0.101 -0.0338821
         vertex 0.0248 -0.1022 -0.0338821
         vertex 0.0248 -0.1022 -0.0303603
      endloop
   endfacet
   facet normal -1 0 0
      outer loop
         vertex 0.0248 -0.1022 -0.0303603
         vertex 0.0248 -0.101 -0.0303603
         vertex 0.0248 -0.101 -0.0338821
      endloop
   endfacet
   facet normal -1 0 0
      outer loop
         vertex 0.0248 -0.101 -0.0303603
         vertex 0.0248 -0.1022 -0.0303603
         vertex 0.0249299 -0.1022 -0.0296513
      endloop
   endfacet
   facet normal -0.935062 -2.45972e-16 0.354483
      outer loop
         vertex 0.0249299 -0.101 -0.0296513
         vertex 0.0249299 -0.1022 -0.0296513
         vertex 0.0253026 -0.1022 -0.0290344
      endloop
   endfacet
   facet normal -0.748683 -4.59999e-16 0.662928
      outer loop
         vertex 0.0253026 -0.101 -0.0290344
         vertex 0.0253026 -0.1022 -0.0290344
         vertex 0.0258699 -0.1022 -0.0285897
      endloop
   endfacet
   facet normal -0.465068 -6.14283e-16 0.885275
      outer loop
         vertex 0.0258699 -0.101 -0.0285897
         vertex 0.0258699 -0.1022 -0.0285897
         vertex 0.0265579 -0.1022 -0.028375
      endloop
   endfacet
   facet normal -0.121053 -6.50521e-16 0.992646
      outer loop
         vertex 0.0265579 -0.1022 -0.028375
         vertex 0.0265579 -0.101 -0.028375
         vertex 0.0258699 -0.101 -0.0285897
      endloop
   endfacet
   facet normal -0.465068 -6.14283e-16 0.885275
      outer loop
         vertex 0.0258699 -0.1022 -0.0285897
         vertex 0.0258699 -0.101 -0.0285897
         vertex 0.0253026 -0.101 -0.0290344
      endloop
   endfacet
   facet normal -0.748683 -4.59999e-16 0.662928
      outer loop
         vertex 0.0253026 -0.1022 -0.0290344
         vertex 0.0253026 -0.101 -0.0290344
         vertex 0.0249299 -0.101 -0.0296513
      endloop
   endfacet
   facet normal -0.935062 -2.45972e-16 0.354483
      outer loop
         vertex 0.0249299 -0.1022 -0.0296513
         vertex 0.0249299 -0.101 -0.0296513
         vertex 0.0248 -0.101 -0.0303603
      endloop
   endfacet
   facet normal 0.102222 6.90255e-16 -0.994762
      outer loop
         vertex 0.0270044 -0.101 -0.0358717
         vertex 0.0270044 -0.1022 -0.0358717
         vertex 0.0263397 -0.1022 -0.0358284
      endloop
   endfacet
   facet normal -0.230156 6.75261e-16 -0.973154
      outer loop
         vertex 0.0263397 -0.101 -0.0358284
         vertex 0.0263397 -0.1022 -0.0358284
         vertex 0.025726 -0.1022 -0.0355693
      endloop
   endfacet
   facet normal -0.537001 5.85352e-16 -0.843582
      outer loop
         vertex 0.025726 -0.101 -0.0355693
         vertex 0.025726 -0.1022 -0.0355693
         vertex 0.0252315 -0.1022 -0.035123
      endloop
   endfacet
   facet normal -0.784269 4.30503e-16 -0.620421
      outer loop
         vertex 0.0252315 -0.101 -0.035123
         vertex 0.0252315 -0.1022 -0.035123
         vertex 0.0249109 -0.1022 -0.034539
      endloop
   endfacet
   facet normal -0.944529 2.27893e-16 -0.328429
      outer loop
         vertex 0.0249109 -0.101 -0.034539
         vertex 0.0249109 -0.1022 -0.034539
         vertex 0.0248 -0.1022 -0.0338821
      endloop
   endfacet
   facet normal -1 0 4.16334e-16
      outer loop
         vertex 0.0248 -0.1022 -0.0338821
         vertex 0.0248 -0.101 -0.0338821
         vertex 0.0249109 -0.101 -0.034539
      endloop
   endfacet
   facet normal -0.944529 2.27893e-16 -0.328429
      outer loop
         vertex 0.0249109 -0.1022 -0.034539
         vertex 0.0249109 -0.101 -0.034539
         vertex 0.0252315 -0.101 -0.035123
      endloop
   endfacet
   facet normal -0.784269 4.30503e-16 -0.620421
      outer loop
         vertex 0.0252315 -0.1022 -0.035123
         vertex 0.0252315 -0.101 -0.035123
         vertex 0.025726 -0.101 -0.0355693
      endloop
   endfacet
   facet normal -0.537001 5.85352e-16 -0.843582
      outer loop
         vertex 0.025726 -0.1022 -0.0355693
         vertex 0.025726 -0.101 -0.0355693
         vertex 0.0263397 -0.101 -0.0358284
      endloop
   endfacet
   facet normal -0.230156 6.75261e-16 -0.973154
      outer loop
         vertex 0.0263397 -0.1022 -0.0358284
         vertex 0.0263397 -0.101 -0.0358284
         vertex 0.0270044 -0.101 -0.0358717
      endloop
   endfacet
   facet normal 0.5 6.00926e-16 -0.866025
      outer loop
         vertex 0.0049665 -0.1022 -0.0224313
         vertex 0.0049665 -0.101 -0.0224313
         vertex 0.00801652 -0.101 -0.0206703
      endloop
   endfacet
   facet normal 0.5 6.00926e-16 -0.866025
      outer loop
         vertex 0.00801652 -0.101 -0.0206703
         vertex 0.00801652 -0.1022 -0.0206703
         vertex 0.0049665 -0.1022 -0.0224313
      endloop
   endfacet
   facet normal 0.920183 -2.7165e-16 0.391488
      outer loop
         vertex 0.00885689 -0.101 -0.0181553
         vertex 0.00885689 -0.1022 -0.0181553
         vertex 0.00901493 -0.1022 -0.0188585
      endloop
   endfacet
   facet normal 0.999205 -2.76698e-17 0.0398764
      outer loop
         vertex 0.00901493 -0.101 -0.0188585
         vertex 0.00901493 -0.1022 -0.0188585
         vertex 0.00891343 -0.1022 -0.0195721
      endloop
   endfacet
   facet normal 0.948454 2.19904e-16 -0.316914
      outer loop
         vertex 0.00891343 -0.101 -0.0195721
         vertex 0.00891343 -0.1022 -0.0195721
         vertex 0.00856557 -0.1022 -0.0202034
      endloop
   endfacet
   facet normal 0.774523 4.38917e-16 -0.632546
      outer loop
         vertex 0.00856557 -0.101 -0.0202034
         vertex 0.00856557 -0.1022 -0.0202034
         vertex 0.00801652 -0.1022 -0.0206703
      endloop
   endfacet
   facet normal 0.5 6.50521e-16 -0.866025
      outer loop
         vertex 0.00801652 -0.1022 -0.0206703
         vertex 0.00801652 -0.101 -0.0206703
         vertex 0.00856557 -0.101 -0.0202034
      endloop
   endfacet
   facet normal 0.774523 4.38917e-16 -0.632546
      outer loop
         vertex 0.00856557 -0.1022 -0.0202034
         vertex 0.00856557 -0.101 -0.0202034
         vertex 0.00891343 -0.101 -0.0195721
      endloop
   endfacet
   facet normal 0.948454 2.19904e-16 -0.316914
      outer loop
         vertex 0.00891343 -0.1022 -0.0195721
         vertex 0.00891343 -0.101 -0.0195721
         vertex 0.00901493 -0.101 -0.0188585
      endloop
   endfacet
   facet normal 0.999205 -2.76698e-17 0.0398764
      outer loop
         vertex 0.00901493 -0.1022 -0.0188585
         vertex 0.00901493 -0.101 -0.0188585
         vertex 0.00885689 -0.101 -0.0181553
      endloop
   endfacet
   facet normal 0.5 6.50521e-16 -0.866025
      outer loop
         vertex 0.0049665 -0.101 -0.0224313
         vertex 0.0049665 -0.1022 -0.0224313
         vertex 0.00434218 -0.1022 -0.0226636
      endloop
   endfacet
   facet normal 0.187837 6.81538e-16 -0.9822
      outer loop
         vertex 0.00434218 -0.101 -0.0226636
         vertex 0.00434218 -0.1022 -0.0226636
         vertex 0.00367617 -0.1022 -0.022678
      endloop
   endfacet
   facet normal -0.145165 6.86539e-16 -0.989407
      outer loop
         vertex 0.00367617 -0.101 -0.022678
         vertex 0.00367617 -0.1022 -0.022678
         vertex 0.00304238 -0.1022 -0.0224729
      endloop
   endfacet
   facet normal -0.727698 4.75937e-16 -0.685898
      outer loop
         vertex 0.00251111 -0.1022 -0.022071
         vertex 0.00251111 -0.101 -0.022071
         vertex 0.00275989 -0.101 -0.0222942
      endloop
   endfacet
   facet normal -0.603305 5.53384e-16 -0.79751
      outer loop
         vertex 0.00275989 -0.101 -0.0222942
         vertex 0.00304238 -0.1022 -0.0224729
         vertex 0.00251111 -0.1022 -0.022071
      endloop
   endfacet
   facet normal -0.727698 4.75937e-16 -0.685898
      outer loop
         vertex 0.00251111 -0.101 -0.022071
         vertex 0.00251111 -0.1022 -0.022071
         vertex 0.0021413 -0.1022 -0.0215169
      endloop
   endfacet
   facet normal -0.9126 3.25261e-16 -0.408854
      outer loop
         vertex 0.0021413 -0.1022 -0.0215169
         vertex 0.0021413 -0.101 -0.0215169
         vertex 0.00251111 -0.101 -0.022071
      endloop
   endfacet
   facet normal -0.603305 5.53384e-16 -0.79751
      outer loop
         vertex 0.00275989 -0.101 -0.0222942
         vertex 0.00304238 -0.101 -0.0224729
         vertex 0.00304238 -0.1022 -0.0224729
      endloop
   endfacet
   facet normal -0.462063 6.15374e-16 -0.886847
      outer loop
         vertex 0.00304238 -0.1022 -0.0224729
         vertex 0.00304238 -0.101 -0.0224729
         vertex 0.00367617 -0.101 -0.022678
      endloop
   endfacet
   facet normal -0.145165 6.86539e-16 -0.989407
      outer loop
         vertex 0.00367617 -0.1022 -0.022678
         vertex 0.00367617 -0.101 -0.022678
         vertex 0.00434218 -0.101 -0.0226636
      endloop
   endfacet
   facet normal 0.187837 6.81538e-16 -0.9822
      outer loop
         vertex 0.00434218 -0.1022 -0.0226636
         vertex 0.00434218 -0.101 -0.0226636
         vertex 0.0049665 -0.101 -0.0224313
      endloop
   endfacet
   facet normal 0.382683 6.4107e-16 -0.92388
      outer loop
         vertex 0.00780077 -0.1002 -0.0235203
         vertex 0.00841307 -0.1002 -0.0233985
         vertex 0.00841307 -0.101 -0.0233985
      endloop
   endfacet
   facet normal 0.707107 4.90654e-16 -0.707107
      outer loop
         vertex 0.0072817 -0.1002 -0.0238672
         vertex 0.00780077 -0.1002 -0.0235203
         vertex 0.00780077 -0.101 -0.0235203
      endloop
   endfacet
   facet normal 0.92388 2.6554e-16 -0.382683
      outer loop
         vertex 0.00693486 -0.1002 -0.0243862
         vertex 0.0072817 -0.1002 -0.0238672
         vertex 0.0072817 -0.101 -0.0238672
      endloop
   endfacet
   facet normal 1 -1.27465e-31 1.83697e-16
      outer loop
         vertex 0.00681307 -0.1002 -0.0249985
         vertex 0.00693486 -0.1002 -0.0243862
         vertex 0.00693486 -0.101 -0.0243862
      endloop
   endfacet
   facet normal 0.92388 -2.6554e-16 0.382683
      outer loop
         vertex 0.00693486 -0.1002 -0.0256108
         vertex 0.00681307 -0.1002 -0.0249985
         vertex 0.00681307 -0.101 -0.0249985
      endloop
   endfacet
   facet normal 0.707107 -4.90654e-16 0.707107
      outer loop
         vertex 0.0072817 -0.1002 -0.0261299
         vertex 0.00693486 -0.1002 -0.0256108
         vertex 0.00693486 -0.101 -0.0256108
      endloop
   endfacet
   facet normal 0.382683 -6.4107e-16 0.92388
      outer loop
         vertex 0.00780077 -0.1002 -0.0264767
         vertex 0.0072817 -0.1002 -0.0261299
         vertex 0.0072817 -0.101 -0.0261299
      endloop
   endfacet
   facet normal -1.22465e-16 -6.93889e-16 1
      outer loop
         vertex 0.00841307 -0.1002 -0.0265985
         vertex 0.00780077 -0.1002 -0.0264767
         vertex 0.00780077 -0.101 -0.0264767
      endloop
   endfacet
   facet normal -0.382683 -6.4107e-16 0.92388
      outer loop
         vertex 0.00902536 -0.1002 -0.0264767
         vertex 0.00841307 -0.1002 -0.0265985
         vertex 0.00841307 -0.101 -0.0265985
      endloop
   endfacet
   facet normal -0.707107 -4.90654e-16 0.707107
      outer loop
         vertex 0.00954444 -0.1002 -0.0261299
         vertex 0.00902536 -0.1002 -0.0264767
         vertex 0.00902536 -0.101 -0.0264767
      endloop
   endfacet
   facet normal -0.92388 -2.6554e-16 0.382683
      outer loop
         vertex 0.00989127 -0.1002 -0.0256108
         vertex 0.00954444 -0.1002 -0.0261299
         vertex 0.00954444 -0.101 -0.0261299
      endloop
   endfacet
   facet normal -1 4.24885e-32 -6.12323e-17
      outer loop
         vertex 0.0100131 -0.1002 -0.0249985
         vertex 0.00989127 -0.1002 -0.0256108
         vertex 0.00989127 -0.101 -0.0256108
      endloop
   endfacet
   facet normal -0.92388 2.6554e-16 -0.382683
      outer loop
         vertex 0.00989127 -0.1002 -0.0243862
         vertex 0.0100131 -0.1002 -0.0249985
         vertex 0.0100131 -0.101 -0.0249985
      endloop
   endfacet
   facet normal -0.707107 4.90654e-16 -0.707107
      outer loop
         vertex 0.00954444 -0.1002 -0.0238672
         vertex 0.00989127 -0.1002 -0.0243862
         vertex 0.00989127 -0.101 -0.0243862
      endloop
   endfacet
   facet normal -0.382683 6.4107e-16 -0.92388
      outer loop
         vertex 0.00902536 -0.1002 -0.0235203
         vertex 0.00954444 -0.1002 -0.0238672
         vertex 0.00954444 -0.101 -0.0238672
      endloop
   endfacet
   facet normal 0 6.77626e-16 -1
      outer loop
         vertex 0.00841307 -0.1002 -0.0233985
         vertex 0.00902536 -0.1002 -0.0235203
         vertex 0.00902536 -0.101 -0.0235203
      endloop
   endfacet
   facet normal -0.382683 6.4107e-16 -0.92388
      outer loop
         vertex 0.00902536 -0.101 -0.0235203
         vertex 0.00841307 -0.101 -0.0233985
         vertex 0.00841307 -0.1002 -0.0233985
      endloop
   endfacet
   facet normal -0.707107 4.90654e-16 -0.707107
      outer loop
         vertex 0.00954444 -0.101 -0.0238672
         vertex 0.00902536 -0.101 -0.0235203
         vertex 0.00902536 -0.1002 -0.0235203
      endloop
   endfacet
   facet normal -0.92388 2.6554e-16 -0.382683
      outer loop
         vertex 0.00989127 -0.101 -0.0243862
         vertex 0.00954444 -0.101 -0.0238672
         vertex 0.00954444 -0.1002 -0.0238672
      endloop
   endfacet
   facet normal -1 4.24885e-32 -6.12323e-17
      outer loop
         vertex 0.0100131 -0.101 -0.0249985
         vertex 0.00989127 -0.101 -0.0243862
         vertex 0.00989127 -0.1002 -0.0243862
      endloop
   endfacet
   facet normal -0.92388 -2.6554e-16 0.382683
      outer loop
         vertex 0.00989127 -0.101 -0.0256108
         vertex 0.0100131 -0.101 -0.0249985
         vertex 0.0100131 -0.1002 -0.0249985
      endloop
   endfacet
   facet normal -0.707107 -4.90654e-16 0.707107
      outer loop
         vertex 0.00954444 -0.101 -0.0261299
         vertex 0.00989127 -0.101 -0.0256108
         vertex 0.00989127 -0.1002 -0.0256108
      endloop
   endfacet
   facet normal -0.382683 -6.4107e-16 0.92388
      outer loop
         vertex 0.00902536 -0.101 -0.0264767
         vertex 0.00954444 -0.101 -0.0261299
         vertex 0.00954444 -0.1002 -0.0261299
      endloop
   endfacet
   facet normal -1.22465e-16 -6.93889e-16 1
      outer loop
         vertex 0.00841307 -0.101 -0.0265985
         vertex 0.00902536 -0.101 -0.0264767
         vertex 0.00902536 -0.1002 -0.0264767
      endloop
   endfacet
   facet normal 0.382683 -6.4107e-16 0.92388
      outer loop
         vertex 0.00780077 -0.101 -0.0264767
         vertex 0.00841307 -0.101 -0.0265985
         vertex 0.00841307 -0.1002 -0.0265985
      endloop
   endfacet
   facet normal 0.707107 -4.90654e-16 0.707107
      outer loop
         vertex 0.0072817 -0.101 -0.0261299
         vertex 0.00780077 -0.101 -0.0264767
         vertex 0.00780077 -0.1002 -0.0264767
      endloop
   endfacet
   facet normal 0.92388 -2.6554e-16 0.382683
      outer loop
         vertex 0.00693486 -0.101 -0.0256108
         vertex 0.0072817 -0.101 -0.0261299
         vertex 0.0072817 -0.1002 -0.0261299
      endloop
   endfacet
   facet normal 1 -1.27465e-31 1.83697e-16
      outer loop
         vertex 0.00681307 -0.101 -0.0249985
         vertex 0.00693486 -0.101 -0.0256108
         vertex 0.00693486 -0.1002 -0.0256108
      endloop
   endfacet
   facet normal 0.92388 2.6554e-16 -0.382683
      outer loop
         vertex 0.00693486 -0.101 -0.0243862
         vertex 0.00681307 -0.101 -0.0249985
         vertex 0.00681307 -0.1002 -0.0249985
      endloop
   endfacet
   facet normal 0.707107 4.90654e-16 -0.707107
      outer loop
         vertex 0.0072817 -0.101 -0.0238672
         vertex 0.00693486 -0.101 -0.0243862
         vertex 0.00693486 -0.1002 -0.0243862
      endloop
   endfacet
   facet normal 0.382683 6.4107e-16 -0.92388
      outer loop
         vertex 0.00780077 -0.101 -0.0235203
         vertex 0.0072817 -0.101 -0.0238672
         vertex 0.0072817 -0.1002 -0.0238672
      endloop
   endfacet
   facet normal 0 6.77626e-16 -1
      outer loop
         vertex 0.00841307 -0.101 -0.0233985
         vertex 0.00780077 -0.101 -0.0235203
         vertex 0.00780077 -0.1002 -0.0235203
      endloop
   endfacet
   facet normal 0 -1 -6.93889e-16
      outer loop
         vertex 0.00954444 -0.1002 -0.0238672
         vertex 0.00926159 -0.1002 -0.02415
         vertex 0.00952172 -0.1002 -0.0245393
      endloop
   endfacet
   facet normal 0 -1 -6.93889e-16
      outer loop
         vertex 0.00902536 -0.1002 -0.0235203
         vertex 0.00887229 -0.1002 -0.0238899
         vertex 0.00926159 -0.1002 -0.02415
      endloop
   endfacet
   facet normal 0 -1 -6.93889e-16
      outer loop
         vertex 0.00841307 -0.1002 -0.0233985
         vertex 0.00841307 -0.1002 -0.0237985
         vertex 0.00887229 -0.1002 -0.0238899
      endloop
   endfacet
   facet normal 0 -1 -6.93889e-16
      outer loop
         vertex 0.00841307 -0.1002 -0.0233985
         vertex 0.00780077 -0.1002 -0.0235203
         vertex 0.00795385 -0.1002 -0.0238899
      endloop
   endfacet
   facet normal 0 -1 -6.93889e-16
      outer loop
         vertex 0.00681307 -0.1002 -0.0249985
         vertex 0.00721307 -0.1002 -0.0249985
         vertex 0.00730441 -0.1002 -0.0245393
      endloop
   endfacet
   facet normal 0 -1 -6.93889e-16
      outer loop
         vertex 0.00681307 -0.1002 -0.0249985
         vertex 0.00693486 -0.1002 -0.0256108
         vertex 0.00730441 -0.1002 -0.0254578
      endloop
   endfacet
   facet normal 0 -1 -6.93889e-16
      outer loop
         vertex 0.00989127 -0.1002 -0.0256108
         vertex 0.00952172 -0.1002 -0.0254578
         vertex 0.00926159 -0.1002 -0.0258471
      endloop
   endfacet
   facet normal 0 -1 -6.93889e-16
      outer loop
         vertex 0.00989127 -0.1002 -0.0256108
         vertex 0.0100131 -0.1002 -0.0249985
         vertex 0.00961307 -0.1002 -0.0249985
      endloop
   endfacet
   facet normal 0 -1 -6.93889e-16
      outer loop
         vertex 0.00926159 -0.1002 -0.02415
         vertex 0.00954444 -0.1002 -0.0238672
         vertex 0.00902536 -0.1002 -0.0235203
      endloop
   endfacet
   facet normal 0 -1 -6.93889e-16
      outer loop
         vertex 0.00795385 -0.1002 -0.0238899
         vertex 0.00841307 -0.1002 -0.0237985
         vertex 0.00841307 -0.1002 -0.0233985
      endloop
   endfacet
   facet normal 0 -1 -6.93889e-16
      outer loop
         vertex 0.0072817 -0.1002 -0.0238672
         vertex 0.00756454 -0.1002 -0.02415
         vertex 0.00795385 -0.1002 -0.0238899
      endloop
   endfacet
   facet normal 0 -1 -6.93889e-16
      outer loop
         vertex 0.0072817 -0.1002 -0.0238672
         vertex 0.00693486 -0.1002 -0.0243862
         vertex 0.00730441 -0.1002 -0.0245393
      endloop
   endfacet
   facet normal 0 -1 -6.93889e-16
      outer loop
         vertex 0.00730441 -0.1002 -0.0254578
         vertex 0.00721307 -0.1002 -0.0249985
         vertex 0.00681307 -0.1002 -0.0249985
      endloop
   endfacet
   facet normal 0 -1 -6.93889e-16
      outer loop
         vertex 0.00693486 -0.1002 -0.0256108
         vertex 0.0072817 -0.1002 -0.0261299
         vertex 0.00756454 -0.1002 -0.0258471
      endloop
   endfacet
   facet normal 0 -1 -6.93889e-16
      outer loop
         vertex 0.00780077 -0.1002 -0.0264767
         vertex 0.00795385 -0.1002 -0.0261072
         vertex 0.00756454 -0.1002 -0.0258471
      endloop
   endfacet
   facet normal 0 -1 -6.93889e-16
      outer loop
         vertex 0.00841307 -0.1002 -0.0265985
         vertex 0.00841307 -0.1002 -0.0261985
         vertex 0.00795385 -0.1002 -0.0261072
      endloop
   endfacet
   facet normal 0 -1 -6.93889e-16
      outer loop
         vertex 0.00841307 -0.1002 -0.0265985
         vertex 0.00902536 -0.1002 -0.0264767
         vertex 0.00887229 -0.1002 -0.0261072
      endloop
   endfacet
   facet normal 0 -1 -6.93889e-16
      outer loop
         vertex 0.00902536 -0.1002 -0.0264767
         vertex 0.00954444 -0.1002 -0.0261299
         vertex 0.00926159 -0.1002 -0.0258471
      endloop
   endfacet
   facet normal 0 -1 -6.93889e-16
      outer loop
         vertex 0.00961307 -0.1002 -0.0249985
         vertex 0.00952172 -0.1002 -0.0254578
         vertex 0.00989127 -0.1002 -0.0256108
      endloop
   endfacet
   facet normal 0 -1 -6.93889e-16
      outer loop
         vertex 0.0100131 -0.1002 -0.0249985
         vertex 0.00989127 -0.1002 -0.0243862
         vertex 0.00952172 -0.1002 -0.0245393
      endloop
   endfacet
   facet normal 0 -1 -6.93889e-16
      outer loop
         vertex 0.00887229 -0.1002 -0.0238899
         vertex 0.00902536 -0.1002 -0.0235203
         vertex 0.00841307 -0.1002 -0.0233985
      endloop
   endfacet
   facet normal 0 -1 -6.93889e-16
      outer loop
         vertex 0.00730441 -0.1002 -0.0245393
         vertex 0.00756454 -0.1002 -0.02415
         vertex 0.0072817 -0.1002 -0.0238672
      endloop
   endfacet
   facet normal 0 -1 -6.93889e-16
      outer loop
         vertex 0.00756454 -0.1002 -0.0258471
         vertex 0.00730441 -0.1002 -0.0254578
         vertex 0.00693486 -0.1002 -0.0256108
      endloop
   endfacet
   facet normal 0 -1 -6.93889e-16
      outer loop
         vertex 0.00795385 -0.1002 -0.0261072
         vertex 0.00780077 -0.1002 -0.0264767
         vertex 0.00841307 -0.1002 -0.0265985
      endloop
   endfacet
   facet normal 0 -1 -6.93889e-16
      outer loop
         vertex 0.00926159 -0.1002 -0.0258471
         vertex 0.00887229 -0.1002 -0.0261072
         vertex 0.00902536 -0.1002 -0.0264767
      endloop
   endfacet
   facet normal 0 -1 -6.93889e-16
      outer loop
         vertex 0.00952172 -0.1002 -0.0245393
         vertex 0.00961307 -0.1002 -0.0249985
         vertex 0.0100131 -0.1002 -0.0249985
      endloop
   endfacet
   facet normal 0 -1 -6.93889e-16
      outer loop
         vertex 0.00795385 -0.1002 -0.0238899
         vertex 0.00780077 -0.1002 -0.0235203
         vertex 0.0072817 -0.1002 -0.0238672
      endloop
   endfacet
   facet normal 0 -1 -6.93889e-16
      outer loop
         vertex 0.00756454 -0.1002 -0.0258471
         vertex 0.0072817 -0.1002 -0.0261299
         vertex 0.00780077 -0.1002 -0.0264767
      endloop
   endfacet
   facet normal 0 -1 -6.93889e-16
      outer loop
         vertex 0.00926159 -0.1002 -0.0258471
         vertex 0.00954444 -0.1002 -0.0261299
         vertex 0.00989127 -0.1002 -0.0256108
      endloop
   endfacet
   facet normal 0 -1 -6.93889e-16
      outer loop
         vertex 0.00730441 -0.1002 -0.0245393
         vertex 0.00693486 -0.1002 -0.0243862
         vertex 0.00681307 -0.1002 -0.0249985
      endloop
   endfacet
   facet normal 0 -1 -6.93889e-16
      outer loop
         vertex 0.00952172 -0.1002 -0.0245393
         vertex 0.00989127 -0.1002 -0.0243862
         vertex 0.00954444 -0.1002 -0.0238672
      endloop
   endfacet
   facet normal 0 -1 -6.93889e-16
      outer loop
         vertex 0.00887229 -0.1002 -0.0261072
         vertex 0.00841307 -0.1002 -0.0261985
         vertex 0.00841307 -0.1002 -0.0265985
      endloop
   endfacet
   facet normal 0.382683 6.4107e-16 -0.92388
      outer loop
         vertex 0.00795385 -0.094 -0.0238899
         vertex 0.00841307 -0.094 -0.0237985
         vertex 0.00841307 -0.1002 -0.0237985
      endloop
   endfacet
   facet normal 0.707107 4.90654e-16 -0.707107
      outer loop
         vertex 0.00756454 -0.094 -0.02415
         vertex 0.00795385 -0.094 -0.0238899
         vertex 0.00795385 -0.1002 -0.0238899
      endloop
   endfacet
   facet normal 0.92388 2.6554e-16 -0.382683
      outer loop
         vertex 0.00730441 -0.094 -0.0245393
         vertex 0.00756454 -0.094 -0.02415
         vertex 0.00756454 -0.1002 -0.02415
      endloop
   endfacet
   facet normal 1 -1.27465e-31 1.83697e-16
      outer loop
         vertex 0.00721307 -0.094 -0.0249985
         vertex 0.00730441 -0.094 -0.0245393
         vertex 0.00730441 -0.1002 -0.0245393
      endloop
   endfacet
   facet normal 0.92388 -2.6554e-16 0.382683
      outer loop
         vertex 0.00730441 -0.094 -0.0254578
         vertex 0.00721307 -0.094 -0.0249985
         vertex 0.00721307 -0.1002 -0.0249985
      endloop
   endfacet
   facet normal 0.707107 -4.90654e-16 0.707107
      outer loop
         vertex 0.00756454 -0.094 -0.0258471
         vertex 0.00730441 -0.094 -0.0254578
         vertex 0.00730441 -0.1002 -0.0254578
      endloop
   endfacet
   facet normal 0.382683 -6.4107e-16 0.92388
      outer loop
         vertex 0.00795385 -0.094 -0.0261072
         vertex 0.00756454 -0.094 -0.0258471
         vertex 0.00756454 -0.1002 -0.0258471
      endloop
   endfacet
   facet normal -1.22465e-16 -6.93889e-16 1
      outer loop
         vertex 0.00841307 -0.094 -0.0261985
         vertex 0.00795385 -0.094 -0.0261072
         vertex 0.00795385 -0.1002 -0.0261072
      endloop
   endfacet
   facet normal -0.382683 -6.4107e-16 0.92388
      outer loop
         vertex 0.00887229 -0.094 -0.0261072
         vertex 0.00841307 -0.094 -0.0261985
         vertex 0.00841307 -0.1002 -0.0261985
      endloop
   endfacet
   facet normal -0.707107 -4.90654e-16 0.707107
      outer loop
         vertex 0.00926159 -0.094 -0.0258471
         vertex 0.00887229 -0.094 -0.0261072
         vertex 0.00887229 -0.1002 -0.0261072
      endloop
   endfacet
   facet normal -0.92388 -2.6554e-16 0.382683
      outer loop
         vertex 0.00952172 -0.094 -0.0254578
         vertex 0.00926159 -0.094 -0.0258471
         vertex 0.00926159 -0.1002 -0.0258471
      endloop
   endfacet
   facet normal -1 -2.6566e-31 3.82857e-16
      outer loop
         vertex 0.00961307 -0.094 -0.0249985
         vertex 0.00952172 -0.094 -0.0254578
         vertex 0.00952172 -0.1002 -0.0254578
      endloop
   endfacet
   facet normal -0.92388 2.6554e-16 -0.382683
      outer loop
         vertex 0.00952172 -0.094 -0.0245393
         vertex 0.00961307 -0.094 -0.0249985
         vertex 0.00961307 -0.1002 -0.0249985
      endloop
   endfacet
   facet normal -0.707107 4.90654e-16 -0.707107
      outer loop
         vertex 0.00926159 -0.094 -0.02415
         vertex 0.00952172 -0.094 -0.0245393
         vertex 0.00952172 -0.1002 -0.0245393
      endloop
   endfacet
   facet normal -0.382683 6.4107e-16 -0.92388
      outer loop
         vertex 0.00887229 -0.094 -0.0238899
         vertex 0.00926159 -0.094 -0.02415
         vertex 0.00926159 -0.1002 -0.02415
      endloop
   endfacet
   facet normal 0 7.22801e-16 -1
      outer loop
         vertex 0.00841307 -0.094 -0.0237985
         vertex 0.00887229 -0.094 -0.0238899
         vertex 0.00887229 -0.1002 -0.0238899
      endloop
   endfacet
   facet normal -0.382683 6.4107e-16 -0.92388
      outer loop
         vertex 0.00887229 -0.1002 -0.0238899
         vertex 0.00841307 -0.1002 -0.0237985
         vertex 0.00841307 -0.094 -0.0237985
      endloop
   endfacet
   facet normal -0.707107 4.90654e-16 -0.707107
      outer loop
         vertex 0.00926159 -0.1002 -0.02415
         vertex 0.00887229 -0.1002 -0.0238899
         vertex 0.00887229 -0.094 -0.0238899
      endloop
   endfacet
   facet normal -0.92388 2.6554e-16 -0.382683
      outer loop
         vertex 0.00952172 -0.1002 -0.0245393
         vertex 0.00926159 -0.1002 -0.02415
         vertex 0.00926159 -0.094 -0.02415
      endloop
   endfacet
   facet normal -1 -2.6566e-31 3.82857e-16
      outer loop
         vertex 0.00961307 -0.1002 -0.0249985
         vertex 0.00952172 -0.1002 -0.0245393
         vertex 0.00952172 -0.094 -0.0245393
      endloop
   endfacet
   facet normal -0.92388 -2.6554e-16 0.382683
      outer loop
         vertex 0.00952172 -0.1002 -0.0254578
         vertex 0.00961307 -0.1002 -0.0249985
         vertex 0.00961307 -0.094 -0.0249985
      endloop
   endfacet
   facet normal -0.707107 -4.90654e-16 0.707107
      outer loop
         vertex 0.00926159 -0.1002 -0.0258471
         vertex 0.00952172 -0.1002 -0.0254578
         vertex 0.00952172 -0.094 -0.0254578
      endloop
   endfacet
   facet normal -0.382683 -6.4107e-16 0.92388
      outer loop
         vertex 0.00887229 -0.1002 -0.0261072
         vertex 0.00926159 -0.1002 -0.0258471
         vertex 0.00926159 -0.094 -0.0258471
      endloop
   endfacet
   facet normal -1.22465e-16 -6.93889e-16 1
      outer loop
         vertex 0.00841307 -0.1002 -0.0261985
         vertex 0.00887229 -0.1002 -0.0261072
         vertex 0.00887229 -0.094 -0.0261072
      endloop
   endfacet
   facet normal 0.382683 -6.4107e-16 0.92388
      outer loop
         vertex 0.00795385 -0.1002 -0.0261072
         vertex 0.00841307 -0.1002 -0.0261985
         vertex 0.00841307 -0.094 -0.0261985
      endloop
   endfacet
   facet normal 0.707107 -4.90654e-16 0.707107
      outer loop
         vertex 0.00756454 -0.1002 -0.0258471
         vertex 0.00795385 -0.1002 -0.0261072
         vertex 0.00795385 -0.094 -0.0261072
      endloop
   endfacet
   facet normal 0.92388 -2.6554e-16 0.382683
      outer loop
         vertex 0.00730441 -0.1002 -0.0254578
         vertex 0.00756454 -0.1002 -0.0258471
         vertex 0.00756454 -0.094 -0.0258471
      endloop
   endfacet
   facet normal 1 -1.27465e-31 1.83697e-16
      outer loop
         vertex 0.00721307 -0.1002 -0.0249985
         vertex 0.00730441 -0.1002 -0.0254578
         vertex 0.00730441 -0.094 -0.0254578
      endloop
   endfacet
   facet normal 0.92388 2.6554e-16 -0.382683
      outer loop
         vertex 0.00730441 -0.1002 -0.0245393
         vertex 0.00721307 -0.1002 -0.0249985
         vertex 0.00721307 -0.094 -0.0249985
      endloop
   endfacet
   facet normal 0.707107 4.90654e-16 -0.707107
      outer loop
         vertex 0.00756454 -0.1002 -0.02415
         vertex 0.00730441 -0.1002 -0.0245393
         vertex 0.00730441 -0.094 -0.0245393
      endloop
   endfacet
   facet normal 0.382683 6.4107e-16 -0.92388
      outer loop
         vertex 0.00795385 -0.1002 -0.0238899
         vertex 0.00756454 -0.1002 -0.02415
         vertex 0.00756454 -0.094 -0.02415
      endloop
   endfacet
   facet normal 0 7.22801e-16 -1
      outer loop
         vertex 0.00841307 -0.1002 -0.0237985
         vertex 0.00795385 -0.1002 -0.0238899
         vertex 0.00795385 -0.094 -0.0238899
      endloop
   endfacet
   facet normal 0.382683 6.4107e-16 -0.92388
      outer loop
         vertex 0.0202411 -0.1002 -0.0307028
         vertex 0.0208534 -0.1002 -0.030581
         vertex 0.0208534 -0.101 -0.030581
      endloop
   endfacet
   facet normal 0.707107 4.90654e-16 -0.707107
      outer loop
         vertex 0.019722 -0.1002 -0.0310496
         vertex 0.0202411 -0.1002 -0.0307028
         vertex 0.0202411 -0.101 -0.0307028
      endloop
   endfacet
   facet normal 0.92388 2.6554e-16 -0.382683
      outer loop
         vertex 0.0193752 -0.1002 -0.0315687
         vertex 0.019722 -0.1002 -0.0310496
         vertex 0.019722 -0.101 -0.0310496
      endloop
   endfacet
   facet normal 1 -1.27465e-31 1.83697e-16
      outer loop
         vertex 0.0192534 -0.1002 -0.032181
         vertex 0.0193752 -0.1002 -0.0315687
         vertex 0.0193752 -0.101 -0.0315687
      endloop
   endfacet
   facet normal 0.92388 -2.6554e-16 0.382683
      outer loop
         vertex 0.0193752 -0.1002 -0.0327933
         vertex 0.0192534 -0.1002 -0.032181
         vertex 0.0192534 -0.101 -0.032181
      endloop
   endfacet
   facet normal 0.707107 -4.90654e-16 0.707107
      outer loop
         vertex 0.019722 -0.1002 -0.0333123
         vertex 0.0193752 -0.1002 -0.0327933
         vertex 0.0193752 -0.101 -0.0327933
      endloop
   endfacet
   facet normal 0.382683 -6.4107e-16 0.92388
      outer loop
         vertex 0.0202411 -0.1002 -0.0336592
         vertex 0.019722 -0.1002 -0.0333123
         vertex 0.019722 -0.101 -0.0333123
      endloop
   endfacet
   facet normal -1.22465e-16 -6.93889e-16 1
      outer loop
         vertex 0.0208534 -0.1002 -0.033781
         vertex 0.0202411 -0.1002 -0.0336592
         vertex 0.0202411 -0.101 -0.0336592
      endloop
   endfacet
   facet normal -0.382683 -6.4107e-16 0.92388
      outer loop
         vertex 0.0214657 -0.1002 -0.0336592
         vertex 0.0208534 -0.1002 -0.033781
         vertex 0.0208534 -0.101 -0.033781
      endloop
   endfacet
   facet normal -0.707107 -4.90654e-16 0.707107
      outer loop
         vertex 0.0219848 -0.1002 -0.0333123
         vertex 0.0214657 -0.1002 -0.0336592
         vertex 0.0214657 -0.101 -0.0336592
      endloop
   endfacet
   facet normal -0.92388 -2.6554e-16 0.382683
      outer loop
         vertex 0.0223316 -0.1002 -0.0327933
         vertex 0.0219848 -0.1002 -0.0333123
         vertex 0.0219848 -0.101 -0.0333123
      endloop
   endfacet
   facet normal -1 4.24885e-32 -6.12323e-17
      outer loop
         vertex 0.0224534 -0.1002 -0.032181
         vertex 0.0223316 -0.1002 -0.0327933
         vertex 0.0223316 -0.101 -0.0327933
      endloop
   endfacet
   facet normal -0.92388 2.6554e-16 -0.382683
      outer loop
         vertex 0.0223316 -0.1002 -0.0315687
         vertex 0.0224534 -0.1002 -0.032181
         vertex 0.0224534 -0.101 -0.032181
      endloop
   endfacet
   facet normal -0.707107 4.90654e-16 -0.707107
      outer loop
         vertex 0.0219848 -0.1002 -0.0310496
         vertex 0.0223316 -0.1002 -0.0315687
         vertex 0.0223316 -0.101 -0.0315687
      endloop
   endfacet
   facet normal -0.382683 6.4107e-16 -0.92388
      outer loop
         vertex 0.0214657 -0.1002 -0.0307028
         vertex 0.0219848 -0.1002 -0.0310496
         vertex 0.0219848 -0.101 -0.0310496
      endloop
   endfacet
   facet normal 0 6.77626e-16 -1
      outer loop
         vertex 0.0208534 -0.1002 -0.030581
         vertex 0.0214657 -0.1002 -0.0307028
         vertex 0.0214657 -0.101 -0.0307028
      endloop
   endfacet
   facet normal -0.382683 6.4107e-16 -0.92388
      outer loop
         vertex 0.0214657 -0.101 -0.0307028
         vertex 0.0208534 -0.101 -0.030581
         vertex 0.0208534 -0.1002 -0.030581
      endloop
   endfacet
   facet normal -0.707107 4.90654e-16 -0.707107
      outer loop
         vertex 0.0219848 -0.101 -0.0310496
         vertex 0.0214657 -0.101 -0.0307028
         vertex 0.0214657 -0.1002 -0.0307028
      endloop
   endfacet
   facet normal -0.92388 2.6554e-16 -0.382683
      outer loop
         vertex 0.0223316 -0.101 -0.0315687
         vertex 0.0219848 -0.101 -0.0310496
         vertex 0.0219848 -0.1002 -0.0310496
      endloop
   endfacet
   facet normal -1 4.24885e-32 -6.12323e-17
      outer loop
         vertex 0.0224534 -0.101 -0.032181
         vertex 0.0223316 -0.101 -0.0315687
         vertex 0.0223316 -0.1002 -0.0315687
      endloop
   endfacet
   facet normal -0.92388 -2.6554e-16 0.382683
      outer loop
         vertex 0.0223316 -0.101 -0.0327933
         vertex 0.0224534 -0.101 -0.032181
         vertex 0.0224534 -0.1002 -0.032181
      endloop
   endfacet
   facet normal -0.707107 -4.90654e-16 0.707107
      outer loop
         vertex 0.0219848 -0.101 -0.0333123
         vertex 0.0223316 -0.101 -0.0327933
         vertex 0.0223316 -0.1002 -0.0327933
      endloop
   endfacet
   facet normal -0.382683 -6.4107e-16 0.92388
      outer loop
         vertex 0.0214657 -0.101 -0.0336592
         vertex 0.0219848 -0.101 -0.0333123
         vertex 0.0219848 -0.1002 -0.0333123
      endloop
   endfacet
   facet normal -1.22465e-16 -6.93889e-16 1
      outer loop
         vertex 0.0208534 -0.101 -0.033781
         vertex 0.0214657 -0.101 -0.0336592
         vertex 0.0214657 -0.1002 -0.0336592
      endloop
   endfacet
   facet normal 0.382683 -6.4107e-16 0.92388
      outer loop
         vertex 0.0202411 -0.101 -0.0336592
         vertex 0.0208534 -0.101 -0.033781
         vertex 0.0208534 -0.1002 -0.033781
      endloop
   endfacet
   facet normal 0.707107 -4.90654e-16 0.707107
      outer loop
         vertex 0.019722 -0.101 -0.0333123
         vertex 0.0202411 -0.101 -0.0336592
         vertex 0.0202411 -0.1002 -0.0336592
      endloop
   endfacet
   facet normal 0.92388 -2.6554e-16 0.382683
      outer loop
         vertex 0.0193752 -0.101 -0.0327933
         vertex 0.019722 -0.101 -0.0333123
         vertex 0.019722 -0.1002 -0.0333123
      endloop
   endfacet
   facet normal 1 -1.27465e-31 1.83697e-16
      outer loop
         vertex 0.0192534 -0.101 -0.032181
         vertex 0.0193752 -0.101 -0.0327933
         vertex 0.0193752 -0.1002 -0.0327933
      endloop
   endfacet
   facet normal 0.92388 2.6554e-16 -0.382683
      outer loop
         vertex 0.0193752 -0.101 -0.0315687
         vertex 0.0192534 -0.101 -0.032181
         vertex 0.0192534 -0.1002 -0.032181
      endloop
   endfacet
   facet normal 0.707107 4.90654e-16 -0.707107
      outer loop
         vertex 0.019722 -0.101 -0.0310496
         vertex 0.0193752 -0.101 -0.0315687
         vertex 0.0193752 -0.1002 -0.0315687
      endloop
   endfacet
   facet normal 0.382683 6.4107e-16 -0.92388
      outer loop
         vertex 0.0202411 -0.101 -0.0307028
         vertex 0.019722 -0.101 -0.0310496
         vertex 0.019722 -0.1002 -0.0310496
      endloop
   endfacet
   facet normal 0 6.77626e-16 -1
      outer loop
         vertex 0.0208534 -0.101 -0.030581
         vertex 0.0202411 -0.101 -0.0307028
         vertex 0.0202411 -0.1002 -0.0307028
      endloop
   endfacet
   facet normal 0 -1 -6.93889e-16
      outer loop
         vertex 0.0223316 -0.1002 -0.0327933
         vertex 0.0224534 -0.1002 -0.032181
         vertex 0.0220534 -0.1002 -0.032181
      endloop
   endfacet
   facet normal 0 -1 -6.93889e-16
      outer loop
         vertex 0.0223316 -0.1002 -0.0315687
         vertex 0.021962 -0.1002 -0.0317217
         vertex 0.0220534 -0.1002 -0.032181
      endloop
   endfacet
   facet normal 0 -1 -6.93889e-16
      outer loop
         vertex 0.0208534 -0.1002 -0.030581
         vertex 0.0202411 -0.1002 -0.0307028
         vertex 0.0203942 -0.1002 -0.0310723
      endloop
   endfacet
   facet normal 0 -1 -6.93889e-16
      outer loop
         vertex 0.0202411 -0.1002 -0.0307028
         vertex 0.019722 -0.1002 -0.0310496
         vertex 0.0200049 -0.1002 -0.0313324
      endloop
   endfacet
   facet normal 0 -1 -6.93889e-16
      outer loop
         vertex 0.0219848 -0.1002 -0.0333123
         vertex 0.0223316 -0.1002 -0.0327933
         vertex 0.021962 -0.1002 -0.0326402
      endloop
   endfacet
   facet normal 0 -1 -6.93889e-16
      outer loop
         vertex 0.0220534 -0.1002 -0.032181
         vertex 0.0224534 -0.1002 -0.032181
         vertex 0.0223316 -0.1002 -0.0315687
      endloop
   endfacet
   facet normal 0 -1 -6.93889e-16
      outer loop
         vertex 0.0208534 -0.1002 -0.030581
         vertex 0.0208534 -0.1002 -0.030981
         vertex 0.0213126 -0.1002 -0.0310723
      endloop
   endfacet
   facet normal 0 -1 -6.93889e-16
      outer loop
         vertex 0.0200049 -0.1002 -0.0313324
         vertex 0.0203942 -0.1002 -0.0310723
         vertex 0.0202411 -0.1002 -0.0307028
      endloop
   endfacet
   facet normal 0 -1 -6.93889e-16
      outer loop
         vertex 0.0193752 -0.1002 -0.0315687
         vertex 0.0192534 -0.1002 -0.032181
         vertex 0.0196534 -0.1002 -0.032181
      endloop
   endfacet
   facet normal 0 -1 -6.93889e-16
      outer loop
         vertex 0.0193752 -0.1002 -0.0327933
         vertex 0.0197447 -0.1002 -0.0326402
         vertex 0.0196534 -0.1002 -0.032181
      endloop
   endfacet
   facet normal 0 -1 -6.93889e-16
      outer loop
         vertex 0.0220534 -0.1002 -0.032181
         vertex 0.021962 -0.1002 -0.0326402
         vertex 0.0223316 -0.1002 -0.0327933
      endloop
   endfacet
   facet normal 0 -1 -6.93889e-16
      outer loop
         vertex 0.0219848 -0.1002 -0.0310496
         vertex 0.0217019 -0.1002 -0.0313324
         vertex 0.021962 -0.1002 -0.0317217
      endloop
   endfacet
   facet normal 0 -1 -6.93889e-16
      outer loop
         vertex 0.0214657 -0.1002 -0.0307028
         vertex 0.0213126 -0.1002 -0.0310723
         vertex 0.0217019 -0.1002 -0.0313324
      endloop
   endfacet
   facet normal 0 -1 -6.93889e-16
      outer loop
         vertex 0.0203942 -0.1002 -0.0310723
         vertex 0.0208534 -0.1002 -0.030981
         vertex 0.0208534 -0.1002 -0.030581
      endloop
   endfacet
   facet normal 0 -1 -6.93889e-16
      outer loop
         vertex 0.019722 -0.1002 -0.0310496
         vertex 0.0193752 -0.1002 -0.0315687
         vertex 0.0197447 -0.1002 -0.0317217
      endloop
   endfacet
   facet normal 0 -1 -6.93889e-16
      outer loop
         vertex 0.0196534 -0.1002 -0.032181
         vertex 0.0192534 -0.1002 -0.032181
         vertex 0.0193752 -0.1002 -0.0327933
      endloop
   endfacet
   facet normal 0 -1 -6.93889e-16
      outer loop
         vertex 0.021962 -0.1002 -0.0317217
         vertex 0.0223316 -0.1002 -0.0315687
         vertex 0.0219848 -0.1002 -0.0310496
      endloop
   endfacet
   facet normal 0 -1 -6.93889e-16
      outer loop
         vertex 0.0213126 -0.1002 -0.0310723
         vertex 0.0214657 -0.1002 -0.0307028
         vertex 0.0208534 -0.1002 -0.030581
      endloop
   endfacet
   facet normal 0 -1 -6.93889e-16
      outer loop
         vertex 0.0196534 -0.1002 -0.032181
         vertex 0.0197447 -0.1002 -0.0317217
         vertex 0.0193752 -0.1002 -0.0315687
      endloop
   endfacet
   facet normal 0 -1 -6.93889e-16
      outer loop
         vertex 0.019722 -0.1002 -0.0333123
         vertex 0.0200049 -0.1002 -0.0330295
         vertex 0.0197447 -0.1002 -0.0326402
      endloop
   endfacet
   facet normal 0 -1 -6.93889e-16
      outer loop
         vertex 0.0214657 -0.1002 -0.0336592
         vertex 0.0213126 -0.1002 -0.0332896
         vertex 0.0208534 -0.1002 -0.033381
      endloop
   endfacet
   facet normal 0 -1 -6.93889e-16
      outer loop
         vertex 0.0214657 -0.1002 -0.0336592
         vertex 0.0219848 -0.1002 -0.0333123
         vertex 0.0217019 -0.1002 -0.0330295
      endloop
   endfacet
   facet normal 0 -1 -6.93889e-16
      outer loop
         vertex 0.0217019 -0.1002 -0.0313324
         vertex 0.0219848 -0.1002 -0.0310496
         vertex 0.0214657 -0.1002 -0.0307028
      endloop
   endfacet
   facet normal 0 -1 -6.93889e-16
      outer loop
         vertex 0.0197447 -0.1002 -0.0326402
         vertex 0.0193752 -0.1002 -0.0327933
         vertex 0.019722 -0.1002 -0.0333123
      endloop
   endfacet
   facet normal 0 -1 -6.93889e-16
      outer loop
         vertex 0.0217019 -0.1002 -0.0330295
         vertex 0.0213126 -0.1002 -0.0332896
         vertex 0.0214657 -0.1002 -0.0336592
      endloop
   endfacet
   facet normal 0 -1 -6.93889e-16
      outer loop
         vertex 0.0197447 -0.1002 -0.0317217
         vertex 0.0200049 -0.1002 -0.0313324
         vertex 0.019722 -0.1002 -0.0310496
      endloop
   endfacet
   facet normal 0 -1 -6.93889e-16
      outer loop
         vertex 0.0202411 -0.1002 -0.0336592
         vertex 0.0203942 -0.1002 -0.0332896
         vertex 0.0200049 -0.1002 -0.0330295
      endloop
   endfacet
   facet normal 0 -1 -6.93889e-16
      outer loop
         vertex 0.0202411 -0.1002 -0.0336592
         vertex 0.0208534 -0.1002 -0.033781
         vertex 0.0208534 -0.1002 -0.033381
      endloop
   endfacet
   facet normal 0 -1 -6.93889e-16
      outer loop
         vertex 0.021962 -0.1002 -0.0326402
         vertex 0.0217019 -0.1002 -0.0330295
         vertex 0.0219848 -0.1002 -0.0333123
      endloop
   endfacet
   facet normal 0 -1 -6.93889e-16
      outer loop
         vertex 0.0208534 -0.1002 -0.033381
         vertex 0.0203942 -0.1002 -0.0332896
         vertex 0.0202411 -0.1002 -0.0336592
      endloop
   endfacet
   facet normal 0 -1 -6.93889e-16
      outer loop
         vertex 0.0200049 -0.1002 -0.0330295
         vertex 0.019722 -0.1002 -0.0333123
         vertex 0.0202411 -0.1002 -0.0336592
      endloop
   endfacet
   facet normal 0 -1 -6.93889e-16
      outer loop
         vertex 0.0208534 -0.1002 -0.033381
         vertex 0.0208534 -0.1002 -0.033781
         vertex 0.0214657 -0.1002 -0.0336592
      endloop
   endfacet
   facet normal 0.382683 6.4107e-16 -0.92388
      outer loop
         vertex 0.0203942 -0.092 -0.0310723
         vertex 0.0208534 -0.092 -0.030981
         vertex 0.0208534 -0.1002 -0.030981
      endloop
   endfacet
   facet normal 0.707107 4.90654e-16 -0.707107
      outer loop
         vertex 0.0200049 -0.092 -0.0313324
         vertex 0.0203942 -0.092 -0.0310723
         vertex 0.0203942 -0.1002 -0.0310723
      endloop
   endfacet
   facet normal 0.92388 2.6554e-16 -0.382683
      outer loop
         vertex 0.0197447 -0.092 -0.0317217
         vertex 0.0200049 -0.092 -0.0313324
         vertex 0.0200049 -0.1002 -0.0313324
      endloop
   endfacet
   facet normal 1 -1.27465e-31 1.83697e-16
      outer loop
         vertex 0.0196534 -0.092 -0.032181
         vertex 0.0197447 -0.092 -0.0317217
         vertex 0.0197447 -0.1002 -0.0317217
      endloop
   endfacet
   facet normal 0.92388 -2.6554e-16 0.382683
      outer loop
         vertex 0.0197447 -0.092 -0.0326402
         vertex 0.0196534 -0.092 -0.032181
         vertex 0.0196534 -0.1002 -0.032181
      endloop
   endfacet
   facet normal 0.707107 -4.90654e-16 0.707107
      outer loop
         vertex 0.0200049 -0.092 -0.0330295
         vertex 0.0197447 -0.092 -0.0326402
         vertex 0.0197447 -0.1002 -0.0326402
      endloop
   endfacet
   facet normal 0.382683 -6.4107e-16 0.92388
      outer loop
         vertex 0.0203942 -0.092 -0.0332896
         vertex 0.0200049 -0.092 -0.0330295
         vertex 0.0200049 -0.1002 -0.0330295
      endloop
   endfacet
   facet normal -1.22465e-16 -6.93889e-16 1
      outer loop
         vertex 0.0208534 -0.092 -0.033381
         vertex 0.0203942 -0.092 -0.0332896
         vertex 0.0203942 -0.1002 -0.0332896
      endloop
   endfacet
   facet normal -0.382683 -6.4107e-16 0.92388
      outer loop
         vertex 0.0213126 -0.092 -0.0332896
         vertex 0.0208534 -0.092 -0.033381
         vertex 0.0208534 -0.1002 -0.033381
      endloop
   endfacet
   facet normal -0.707107 -4.90654e-16 0.707107
      outer loop
         vertex 0.0217019 -0.092 -0.0330295
         vertex 0.0213126 -0.092 -0.0332896
         vertex 0.0213126 -0.1002 -0.0332896
      endloop
   endfacet
   facet normal -0.92388 -2.6554e-16 0.382683
      outer loop
         vertex 0.021962 -0.092 -0.0326402
         vertex 0.0217019 -0.092 -0.0330295
         vertex 0.0217019 -0.1002 -0.0330295
      endloop
   endfacet
   facet normal -1 -2.6566e-31 3.82857e-16
      outer loop
         vertex 0.0220534 -0.092 -0.032181
         vertex 0.021962 -0.092 -0.0326402
         vertex 0.021962 -0.1002 -0.0326402
      endloop
   endfacet
   facet normal -0.92388 2.6554e-16 -0.382683
      outer loop
         vertex 0.021962 -0.092 -0.0317217
         vertex 0.0220534 -0.092 -0.032181
         vertex 0.0220534 -0.1002 -0.032181
      endloop
   endfacet
   facet normal -0.707107 4.90654e-16 -0.707107
      outer loop
         vertex 0.0217019 -0.092 -0.0313324
         vertex 0.021962 -0.092 -0.0317217
         vertex 0.021962 -0.1002 -0.0317217
      endloop
   endfacet
   facet normal -0.382683 6.4107e-16 -0.92388
      outer loop
         vertex 0.0213126 -0.092 -0.0310723
         vertex 0.0217019 -0.092 -0.0313324
         vertex 0.0217019 -0.1002 -0.0313324
      endloop
   endfacet
   facet normal 0 0 -1
      outer loop
         vertex 0.0208534 -0.092 -0.030981
         vertex 0.0213126 -0.092 -0.0310723
         vertex 0.0213126 -0.1002 -0.0310723
      endloop
   endfacet
   facet normal -0.382683 6.4107e-16 -0.92388
      outer loop
         vertex 0.0213126 -0.1002 -0.0310723
         vertex 0.0208534 -0.1002 -0.030981
         vertex 0.0208534 -0.092 -0.030981
      endloop
   endfacet
   facet normal -0.707107 4.90654e-16 -0.707107
      outer loop
         vertex 0.0217019 -0.1002 -0.0313324
         vertex 0.0213126 -0.1002 -0.0310723
         vertex 0.0213126 -0.092 -0.0310723
      endloop
   endfacet
   facet normal -0.92388 2.6554e-16 -0.382683
      outer loop
         vertex 0.021962 -0.1002 -0.0317217
         vertex 0.0217019 -0.1002 -0.0313324
         vertex 0.0217019 -0.092 -0.0313324
      endloop
   endfacet
   facet normal -1 -2.6566e-31 3.82857e-16
      outer loop
         vertex 0.0220534 -0.1002 -0.032181
         vertex 0.021962 -0.1002 -0.0317217
         vertex 0.021962 -0.092 -0.0317217
      endloop
   endfacet
   facet normal -0.92388 -2.6554e-16 0.382683
      outer loop
         vertex 0.021962 -0.1002 -0.0326402
         vertex 0.0220534 -0.1002 -0.032181
         vertex 0.0220534 -0.092 -0.032181
      endloop
   endfacet
   facet normal -0.707107 -4.90654e-16 0.707107
      outer loop
         vertex 0.0217019 -0.1002 -0.0330295
         vertex 0.021962 -0.1002 -0.0326402
         vertex 0.021962 -0.092 -0.0326402
      endloop
   endfacet
   facet normal -0.382683 -6.4107e-16 0.92388
      outer loop
         vertex 0.0213126 -0.1002 -0.0332896
         vertex 0.0217019 -0.1002 -0.0330295
         vertex 0.0217019 -0.092 -0.0330295
      endloop
   endfacet
   facet normal -1.22465e-16 -6.93889e-16 1
      outer loop
         vertex 0.0208534 -0.1002 -0.033381
         vertex 0.0213126 -0.1002 -0.0332896
         vertex 0.0213126 -0.092 -0.0332896
      endloop
   endfacet
   facet normal 0.382683 -6.4107e-16 0.92388
      outer loop
         vertex 0.0203942 -0.1002 -0.0332896
         vertex 0.0208534 -0.1002 -0.033381
         vertex 0.0208534 -0.092 -0.033381
      endloop
   endfacet
   facet normal 0.707107 -4.90654e-16 0.707107
      outer loop
         vertex 0.0200049 -0.1002 -0.0330295
         vertex 0.0203942 -0.1002 -0.0332896
         vertex 0.0203942 -0.092 -0.0332896
      endloop
   endfacet
   facet normal 0.92388 -2.6554e-16 0.382683
      outer loop
         vertex 0.0197447 -0.1002 -0.0326402
         vertex 0.0200049 -0.1002 -0.0330295
         vertex 0.0200049 -0.092 -0.0330295
      endloop
   endfacet
   facet normal 1 -1.27465e-31 1.83697e-16
      outer loop
         vertex 0.0196534 -0.1002 -0.032181
         vertex 0.0197447 -0.1002 -0.0326402
         vertex 0.0197447 -0.092 -0.0326402
      endloop
   endfacet
   facet normal 0.92388 2.6554e-16 -0.382683
      outer loop
         vertex 0.0197447 -0.1002 -0.0317217
         vertex 0.0196534 -0.1002 -0.032181
         vertex 0.0196534 -0.092 -0.032181
      endloop
   endfacet
   facet normal 0.707107 4.90654e-16 -0.707107
      outer loop
         vertex 0.0200049 -0.1002 -0.0313324
         vertex 0.0197447 -0.1002 -0.0317217
         vertex 0.0197447 -0.092 -0.0317217
      endloop
   endfacet
   facet normal 0.382683 6.4107e-16 -0.92388
      outer loop
         vertex 0.0203942 -0.1002 -0.0310723
         vertex 0.0200049 -0.1002 -0.0313324
         vertex 0.0200049 -0.092 -0.0313324
      endloop
   endfacet
   facet normal 0 0 -1
      outer loop
         vertex 0.0208534 -0.1002 -0.030981
         vertex 0.0203942 -0.1002 -0.0310723
         vertex 0.0203942 -0.092 -0.0310723
      endloop
   endfacet
   facet normal 0.100479 -0.857167 0.505142
      outer loop
         vertex 0.0208534 -0.091279 -0.032181
         vertex 0.0203942 -0.092 -0.0332896
         vertex 0.0208534 -0.092 -0.033381
      endloop
   endfacet
   facet normal 0.28614 -0.857167 0.428239
      outer loop
         vertex 0.0208534 -0.091279 -0.032181
         vertex 0.0200049 -0.092 -0.0330295
         vertex 0.0203942 -0.092 -0.0332896
      endloop
   endfacet
   facet normal 0.428239 -0.857167 0.28614
      outer loop
         vertex 0.0208534 -0.091279 -0.032181
         vertex 0.0197447 -0.092 -0.0326402
         vertex 0.0200049 -0.092 -0.0330295
      endloop
   endfacet
   facet normal 0.505142 -0.857167 0.100479
      outer loop
         vertex 0.0208534 -0.091279 -0.032181
         vertex 0.0196534 -0.092 -0.032181
         vertex 0.0197447 -0.092 -0.0326402
      endloop
   endfacet
   facet normal 0.505142 -0.857167 -0.100479
      outer loop
         vertex 0.0208534 -0.091279 -0.032181
         vertex 0.0197447 -0.092 -0.0317217
         vertex 0.0196534 -0.092 -0.032181
      endloop
   endfacet
   facet normal 0.428239 -0.857167 -0.28614
      outer loop
         vertex 0.0208534 -0.091279 -0.032181
         vertex 0.0200049 -0.092 -0.0313324
         vertex 0.0197447 -0.092 -0.0317217
      endloop
   endfacet
   facet normal 0.28614 -0.857167 -0.428239
      outer loop
         vertex 0.0208534 -0.091279 -0.032181
         vertex 0.0203942 -0.092 -0.0310723
         vertex 0.0200049 -0.092 -0.0313324
      endloop
   endfacet
   facet normal 0.100479 -0.857167 -0.505142
      outer loop
         vertex 0.0208534 -0.091279 -0.032181
         vertex 0.0208534 -0.092 -0.030981
         vertex 0.0203942 -0.092 -0.0310723
      endloop
   endfacet
   facet normal -0.100479 -0.857167 -0.505142
      outer loop
         vertex 0.0208534 -0.091279 -0.032181
         vertex 0.0213126 -0.092 -0.0310723
         vertex 0.0208534 -0.092 -0.030981
      endloop
   endfacet
   facet normal -0.28614 -0.857167 -0.428239
      outer loop
         vertex 0.0208534 -0.091279 -0.032181
         vertex 0.0217019 -0.092 -0.0313324
         vertex 0.0213126 -0.092 -0.0310723
      endloop
   endfacet
   facet normal -0.428239 -0.857167 -0.28614
      outer loop
         vertex 0.0208534 -0.091279 -0.032181
         vertex 0.021962 -0.092 -0.0317217
         vertex 0.0217019 -0.092 -0.0313324
      endloop
   endfacet
   facet normal -0.505142 -0.857167 -0.100479
      outer loop
         vertex 0.0208534 -0.091279 -0.032181
         vertex 0.0220534 -0.092 -0.032181
         vertex 0.021962 -0.092 -0.0317217
      endloop
   endfacet
   facet normal -0.505142 -0.857167 0.100479
      outer loop
         vertex 0.0208534 -0.091279 -0.032181
         vertex 0.021962 -0.092 -0.0326402
         vertex 0.0220534 -0.092 -0.032181
      endloop
   endfacet
   facet normal -0.428239 -0.857167 0.28614
      outer loop
         vertex 0.0208534 -0.091279 -0.032181
         vertex 0.0217019 -0.092 -0.0330295
         vertex 0.021962 -0.092 -0.0326402
      endloop
   endfacet
   facet normal -0.28614 -0.857167 0.428239
      outer loop
         vertex 0.0208534 -0.091279 -0.032181
         vertex 0.0213126 -0.092 -0.0332896
         vertex 0.0217019 -0.092 -0.0330295
      endloop
   endfacet
   facet normal -0.100479 -0.857167 0.505142
      outer loop
         vertex 0.0208534 -0.091279 -0.032181
         vertex 0.0208534 -0.092 -0.033381
         vertex 0.0213126 -0.092 -0.0332896
      endloop
   endfacet
   facet normal 0 -1 -6.93889e-16
      outer loop
         vertex 0.0400046 -0.1022 -0.0209479
         vertex 0.0392839 -0.1022 -0.0209623
         vertex 0.0386152 -0.1022 -0.0212312
      endloop
   endfacet
   facet normal 0 -1 -6.93889e-16
      outer loop
         vertex 0.0446492 -0.1022 -0.0252574
         vertex 0.0445924 -0.1022 -0.023945
         vertex 0.0442469 -0.1022 -0.0233754
      endloop
   endfacet
   facet normal 0 -1 -6.93889e-16
      outer loop
         vertex 0.0263397 -0.1022 -0.0358284
         vertex 0.0248 -0.1022 -0.0338821
         vertex 0.0249109 -0.1022 -0.034539
      endloop
   endfacet
   facet normal 0 -1 -6.93889e-16
      outer loop
         vertex 0.0265579 -0.1022 -0.028375
         vertex 0.0258699 -0.1022 -0.0285897
         vertex 0.0253026 -0.1022 -0.0290344
      endloop
   endfacet
   facet normal 0 -1 -6.93889e-16
      outer loop
         vertex 0.0380852 -0.1022 -0.0217197
         vertex 0.0406835 -0.1022 -0.0211899
         vertex 0.0400046 -0.1022 -0.0209479
      endloop
   endfacet
   facet normal 0 -1 -6.93889e-16
      outer loop
         vertex 0.0443543 -0.1022 -0.0258547
         vertex 0.0437335 -0.1022 -0.0229509
         vertex 0.0406835 -0.1022 -0.0211899
      endloop
   endfacet
   facet normal 0 -1 -6.93889e-16
      outer loop
         vertex 0.0446492 -0.1022 -0.0252574
         vertex 0.0447316 -0.1022 -0.0245964
         vertex 0.0445924 -0.1022 -0.023945
      endloop
   endfacet
   facet normal 0 -1 -6.93889e-16
      outer loop
         vertex 0.0249109 -0.1022 -0.034539
         vertex 0.0252315 -0.1022 -0.035123
         vertex 0.0263397 -0.1022 -0.0358284
      endloop
   endfacet
   facet normal 0 -1 -6.93889e-16
      outer loop
         vertex 0.0270044 -0.1022 -0.0358717
         vertex 0.0265579 -0.1022 -0.028375
         vertex 0.0248 -0.1022 -0.0303603
      endloop
   endfacet
   facet normal 0 -1 -6.93889e-16
      outer loop
         vertex 0.0253026 -0.1022 -0.0290344
         vertex 0.0249299 -0.1022 -0.0296513
         vertex 0.0265579 -0.1022 -0.028375
      endloop
   endfacet
   facet normal 0 -1 -6.93889e-16
      outer loop
         vertex 0.0406835 -0.1022 -0.0211899
         vertex 0.0380852 -0.1022 -0.0217197
         vertex 0.0443543 -0.1022 -0.0258547
      endloop
   endfacet
   facet normal 0 -1 -6.93889e-16
      outer loop
         vertex 0.0437335 -0.1022 -0.0229509
         vertex 0.0443543 -0.1022 -0.0258547
         vertex 0.0446492 -0.1022 -0.0252574
      endloop
   endfacet
   facet normal 0 -1 -6.93889e-16
      outer loop
         vertex 0.0252315 -0.1022 -0.035123
         vertex 0.025726 -0.1022 -0.0355693
         vertex 0.0263397 -0.1022 -0.0358284
      endloop
   endfacet
   facet normal 0 -1 -6.93889e-16
      outer loop
         vertex 0.0249299 -0.1022 -0.0296513
         vertex 0.0248 -0.1022 -0.0303603
         vertex 0.0265579 -0.1022 -0.028375
      endloop
   endfacet
   facet normal 0 -1 -6.93889e-16
      outer loop
         vertex 0.0418241 -0.1022 -0.0288241
         vertex 0.0443543 -0.1022 -0.0258547
         vertex 0.0380852 -0.1022 -0.0217197
      endloop
   endfacet
   facet normal 0 -1 -6.93889e-16
      outer loop
         vertex 0.0442469 -0.1022 -0.0233754
         vertex 0.0437335 -0.1022 -0.0229509
         vertex 0.0446492 -0.1022 -0.0252574
      endloop
   endfacet
   facet normal 0 -1 -6.93889e-16
      outer loop
         vertex 0.0248 -0.1022 -0.0303603
         vertex 0.0248 -0.1022 -0.0338821
         vertex 0.0270044 -0.1022 -0.0358717
      endloop
   endfacet
   facet normal 0 -1 -6.93889e-16
      outer loop
         vertex 0.0338757 -0.1022 -0.034135
         vertex 0.0310732 -0.1022 -0.0271778
         vertex 0.0265579 -0.1022 -0.028375
      endloop
   endfacet
   facet normal 0 -1 -6.93889e-16
      outer loop
         vertex 0.0418241 -0.1022 -0.0288241
         vertex 0.0365899 -0.1022 -0.0234514
         vertex 0.0310732 -0.1022 -0.0271778
      endloop
   endfacet
   facet normal 0 -1 -6.93889e-16
      outer loop
         vertex 0.0386152 -0.1022 -0.0212312
         vertex 0.0380852 -0.1022 -0.0217197
         vertex 0.0400046 -0.1022 -0.0209479
      endloop
   endfacet
   facet normal 0 -1 -6.93889e-16
      outer loop
         vertex 0.0265579 -0.1022 -0.028375
         vertex 0.0270044 -0.1022 -0.0358717
         vertex 0.0338757 -0.1022 -0.034135
      endloop
   endfacet
   facet normal 0 -1 -6.93889e-16
      outer loop
         vertex 0.0380852 -0.1022 -0.0217197
         vertex 0.0365899 -0.1022 -0.0234514
         vertex 0.0418241 -0.1022 -0.0288241
      endloop
   endfacet
   facet normal 0 -1 -6.93889e-16
      outer loop
         vertex 0.0310732 -0.1022 -0.0271778
         vertex 0.0338757 -0.1022 -0.034135
         vertex 0.0418241 -0.1022 -0.0288241
      endloop
   endfacet
   facet normal 0 -1 -6.93889e-16
      outer loop
         vertex 0.0263397 -0.1022 -0.0358284
         vertex 0.0270044 -0.1022 -0.0358717
         vertex 0.0248 -0.1022 -0.0338821
      endloop
   endfacet
   facet normal 0.5 -6.00926e-16 0.866025
      outer loop
         vertex 0.0406835 -0.101 -0.0211899
         vertex 0.0406835 -0.1022 -0.0211899
         vertex 0.0437335 -0.1022 -0.0229509
      endloop
   endfacet
   facet normal 0.5 -6.00926e-16 0.866025
      outer loop
         vertex 0.0437335 -0.1022 -0.0229509
         vertex 0.0437335 -0.101 -0.0229509
         vertex 0.0406835 -0.101 -0.0211899
      endloop
   endfacet
   facet normal 0.5 -6.00926e-16 0.866025
      outer loop
         vertex 0.0437335 -0.101 -0.0229509
         vertex 0.0437335 -0.1022 -0.0229509
         vertex 0.0442469 -0.1022 -0.0233754
      endloop
   endfacet
   facet normal 0.756692 -4.53645e-16 0.653772
      outer loop
         vertex 0.0442469 -0.101 -0.0233754
         vertex 0.0442469 -0.1022 -0.0233754
         vertex 0.0445924 -0.1022 -0.023945
      endloop
   endfacet
   facet normal 0.929435 -2.56036e-16 0.368987
      outer loop
         vertex 0.0445924 -0.101 -0.023945
         vertex 0.0445924 -0.1022 -0.023945
         vertex 0.0447316 -0.1022 -0.0245964
      endloop
   endfacet
   facet normal 0.999064 -3.00215e-17 0.0432656
      outer loop
         vertex 0.0447316 -0.101 -0.0245964
         vertex 0.0447316 -0.1022 -0.0245964
         vertex 0.0446492 -0.1022 -0.0252574
      endloop
   endfacet
   facet normal 0.957854 1.99324e-16 -0.287256
      outer loop
         vertex 0.0446492 -0.101 -0.0252574
         vertex 0.0446492 -0.1022 -0.0252574
         vertex 0.0443543 -0.1022 -0.0258547
      endloop
   endfacet
   facet normal 0.810378 4.33681e-16 -0.585908
      outer loop
         vertex 0.0443543 -0.1022 -0.0258547
         vertex 0.0443543 -0.101 -0.0258547
         vertex 0.0446492 -0.101 -0.0252574
      endloop
   endfacet
   facet normal 0.957854 1.99324e-16 -0.287256
      outer loop
         vertex 0.0446492 -0.1022 -0.0252574
         vertex 0.0446492 -0.101 -0.0252574
         vertex 0.0447316 -0.101 -0.0245964
      endloop
   endfacet
   facet normal 0.999064 -3.00215e-17 0.0432656
      outer loop
         vertex 0.0447316 -0.1022 -0.0245964
         vertex 0.0447316 -0.101 -0.0245964
         vertex 0.0445924 -0.101 -0.023945
      endloop
   endfacet
   facet normal 0.929435 -2.56036e-16 0.368987
      outer loop
         vertex 0.0445924 -0.1022 -0.023945
         vertex 0.0445924 -0.101 -0.023945
         vertex 0.0442469 -0.101 -0.0233754
      endloop
   endfacet
   facet normal 0.756692 -4.53645e-16 0.653772
      outer loop
         vertex 0.0442469 -0.1022 -0.0233754
         vertex 0.0442469 -0.101 -0.0233754
         vertex 0.0437335 -0.101 -0.0229509
      endloop
   endfacet
   facet normal -0.79913 -4.17137e-16 0.601158
      outer loop
         vertex 0.0380852 -0.101 -0.0217197
         vertex 0.0380852 -0.1022 -0.0217197
         vertex 0.0386152 -0.1022 -0.0212312
      endloop
   endfacet
   facet normal -0.534136 -5.86613e-16 0.845398
      outer loop
         vertex 0.0386152 -0.101 -0.0212312
         vertex 0.0386152 -0.1022 -0.0212312
         vertex 0.0392839 -0.1022 -0.0209623
      endloop
   endfacet
   facet normal -0.199771 -6.79902e-16 0.979843
      outer loop
         vertex 0.0392839 -0.101 -0.0209623
         vertex 0.0392839 -0.1022 -0.0209623
         vertex 0.0400046 -0.1022 -0.0209479
      endloop
   endfacet
   facet normal 0.16054 -6.84889e-16 0.987029
      outer loop
         vertex 0.0400046 -0.101 -0.0209479
         vertex 0.0400046 -0.1022 -0.0209479
         vertex 0.0406835 -0.1022 -0.0211899
      endloop
   endfacet
   facet normal 0.5 -6.50521e-16 0.866025
      outer loop
         vertex 0.0406835 -0.1022 -0.0211899
         vertex 0.0406835 -0.101 -0.0211899
         vertex 0.0400046 -0.101 -0.0209479
      endloop
   endfacet
   facet normal 0.16054 -6.84889e-16 0.987029
      outer loop
         vertex 0.0400046 -0.1022 -0.0209479
         vertex 0.0400046 -0.101 -0.0209479
         vertex 0.0392839 -0.101 -0.0209623
      endloop
   endfacet
   facet normal -0.199771 -6.79902e-16 0.979843
      outer loop
         vertex 0.0392839 -0.1022 -0.0209623
         vertex 0.0392839 -0.101 -0.0209623
         vertex 0.0386152 -0.101 -0.0212312
      endloop
   endfacet
   facet normal -0.534136 -5.86613e-16 0.845398
      outer loop
         vertex 0.0386152 -0.1022 -0.0212312
         vertex 0.0386152 -0.101 -0.0212312
         vertex 0.0380852 -0.101 -0.0217197
      endloop
   endfacet
   facet normal 0 -1 -6.93889e-16
      outer loop
         vertex 0.0049665 -0.1022 -0.00056874
         vertex 0.00434218 -0.1022 -0.00033639
         vertex 0.00367617 -0.1022 -0.000321976
      endloop
   endfacet
   facet normal 0 -1 -6.93889e-16
      outer loop
         vertex 0.00885689 -0.1022 -0.0048447
         vertex 0.00891343 -0.1022 -0.00342789
         vertex 0.00856557 -0.1022 -0.00279663
      endloop
   endfacet
   facet normal 0 -1 -6.93889e-16
      outer loop
         vertex 0.00885689 -0.1022 -0.0181553
         vertex 0.00856557 -0.1022 -0.0202034
         vertex 0.00891343 -0.1022 -0.0195721
      endloop
   endfacet
   facet normal 0 -1 -6.93889e-16
      outer loop
         vertex 0.0049665 -0.1022 -0.0224313
         vertex 0.00251111 -0.1022 -0.022071
         vertex 0.00304238 -0.1022 -0.0224729
      endloop
   endfacet
   facet normal 0 -1 -6.93889e-16
      outer loop
         vertex 0.00367617 -0.1022 -0.000321976
         vertex 0.00304238 -0.1022 -0.000527096
         vertex 0.0049665 -0.1022 -0.00056874
      endloop
   endfacet
   facet normal 0 -1 -6.93889e-16
      outer loop
         vertex 0.00186495 -0.1022 -0.00212426
         vertex 0.00885689 -0.1022 -0.0048447
         vertex 0.00801652 -0.1022 -0.00232967
      endloop
   endfacet
   facet normal 0 -1 -6.93889e-16
      outer loop
         vertex 0.00885689 -0.1022 -0.0048447
         vertex 0.00901493 -0.1022 -0.00414147
         vertex 0.00891343 -0.1022 -0.00342789
      endloop
   endfacet
   facet normal 0 -1 -6.93889e-16
      outer loop
         vertex 0.00885689 -0.1022 -0.0181553
         vertex 0.00801652 -0.1022 -0.0206703
         vertex 0.00856557 -0.1022 -0.0202034
      endloop
   endfacet
   facet normal 0 -1 -6.93889e-16
      outer loop
         vertex 0.00186495 -0.1022 -0.0208757
         vertex 0.0049665 -0.1022 -0.0224313
         vertex 0.00801652 -0.1022 -0.0206703
      endloop
   endfacet
   facet normal 0 -1 -6.93889e-16
      outer loop
         vertex 0.00304238 -0.1022 -0.0224729
         vertex 0.00367617 -0.1022 -0.022678
         vertex 0.0049665 -0.1022 -0.0224313
      endloop
   endfacet
   facet normal 0 -1 -6.93889e-16
      outer loop
         vertex 0.00304238 -0.1022 -0.000527096
         vertex 0.00251111 -0.1022 -0.000928994
         vertex 0.0049665 -0.1022 -0.00056874
      endloop
   endfacet
   facet normal 0 -1 -6.93889e-16
      outer loop
         vertex 0.00856557 -0.1022 -0.00279663
         vertex 0.00801652 -0.1022 -0.00232967
         vertex 0.00885689 -0.1022 -0.0048447
      endloop
   endfacet
   facet normal 0 -1 -6.93889e-16
      outer loop
         vertex 0.00801652 -0.1022 -0.0206703
         vertex 0.00885689 -0.1022 -0.0181553
         vertex 0.00186495 -0.1022 -0.0208757
      endloop
   endfacet
   facet normal 0 -1 -6.93889e-16
      outer loop
         vertex 0.0049665 -0.1022 -0.0224313
         vertex 0.0021413 -0.1022 -0.0215169
         vertex 0.00251111 -0.1022 -0.022071
      endloop
   endfacet
   facet normal 0 -1 -6.93889e-16
      outer loop
         vertex 0.00251111 -0.1022 -0.000928994
         vertex 0.0021413 -0.1022 -0.00148308
         vertex 0.0049665 -0.1022 -0.00056874
      endloop
   endfacet
   facet normal 0 -1 -6.93889e-16
      outer loop
         vertex 0.00186495 -0.1022 -0.00212426
         vertex 0.00882306 -0.1022 -0.00492477
         vertex 0.00885689 -0.1022 -0.0048447
      endloop
   endfacet
   facet normal 0 -1 -6.93889e-16
      outer loop
         vertex 0.00891343 -0.1022 -0.0195721
         vertex 0.00901493 -0.1022 -0.0188585
         vertex 0.00885689 -0.1022 -0.0181553
      endloop
   endfacet
   facet normal 0 -1 -6.93889e-16
      outer loop
         vertex 0.0049665 -0.1022 -0.0224313
         vertex 0.00186495 -0.1022 -0.0208757
         vertex 0.0021413 -0.1022 -0.0215169
      endloop
   endfacet
   facet normal 0 -1 -6.93889e-16
      outer loop
         vertex 0.00801652 -0.1022 -0.00232967
         vertex 0.0049665 -0.1022 -0.00056874
         vertex 0.00186495 -0.1022 -0.00212426
      endloop
   endfacet
   facet normal 0 -1 -6.93889e-16
      outer loop
         vertex 0.00186495 -0.1022 -0.00212426
         vertex 0 -0.1022 -0.0115
         vertex 0.00750008 -0.1022 -0.0114493
      endloop
   endfacet
   facet normal 0 -1 -6.93889e-16
      outer loop
         vertex 0 -0.1022 -0.0115
         vertex 0.00186495 -0.1022 -0.0208757
         vertex 0.00878416 -0.1022 -0.0179817
      endloop
   endfacet
   facet normal 0 -1 -6.93889e-16
      outer loop
         vertex 0.00367617 -0.1022 -0.022678
         vertex 0.00434218 -0.1022 -0.0226636
         vertex 0.0049665 -0.1022 -0.0224313
      endloop
   endfacet
   facet normal 0 -1 -6.93889e-16
      outer loop
         vertex 0.00750008 -0.1022 -0.0114493
         vertex 0.00882306 -0.1022 -0.00492477
         vertex 0.00186495 -0.1022 -0.00212426
      endloop
   endfacet
   facet normal 0 -1 -6.93889e-16
      outer loop
         vertex 0.00885689 -0.1022 -0.0181553
         vertex 0.00878416 -0.1022 -0.0179817
         vertex 0.00186495 -0.1022 -0.0208757
      endloop
   endfacet
   facet normal 0 -1 -6.93889e-16
      outer loop
         vertex 0.00878416 -0.1022 -0.0179817
         vertex 0.00750008 -0.1022 -0.0114493
         vertex 0 -0.1022 -0.0115
      endloop
   endfacet
   facet normal 0 -1 -6.93889e-16
      outer loop
         vertex 0.0021413 -0.1022 -0.00148308
         vertex 0.00186495 -0.1022 -0.00212426
         vertex 0.0049665 -0.1022 -0.00056874
      endloop
   endfacet
   facet normal 0.5 -6.50521e-16 0.866025
      outer loop
         vertex 0.00801652 -0.101 -0.00232967
         vertex 0.0049665 -0.101 -0.00056874
         vertex 0.0049665 -0.1022 -0.00056874
      endloop
   endfacet
   facet normal 0.5 -6.50521e-16 0.866025
      outer loop
         vertex 0.0049665 -0.1022 -0.00056874
         vertex 0.00801652 -0.1022 -0.00232967
         vertex 0.00801652 -0.101 -0.00232967
      endloop
   endfacet
   facet normal -0.9126 -2.83699e-16 0.408854
      outer loop
         vertex 0.0021413 -0.101 -0.00148308
         vertex 0.0021413 -0.1022 -0.00148308
         vertex 0.00251111 -0.1022 -0.000928994
      endloop
   endfacet
   facet normal -0.727698 -4.75937e-16 0.685898
      outer loop
         vertex 0.00251111 -0.1022 -0.000928994
         vertex 0.00304238 -0.1022 -0.000527096
         vertex 0.00275989 -0.101 -0.00070577
      endloop
   endfacet
   facet normal -0.462063 -6.15374e-16 0.886847
      outer loop
         vertex 0.00304238 -0.1022 -0.000527096
         vertex 0.00304238 -0.101 -0.000527096
         vertex 0.00275989 -0.101 -0.00070577
      endloop
   endfacet
   facet normal -0.462063 -6.15374e-16 0.886847
      outer loop
         vertex 0.00304238 -0.101 -0.000527096
         vertex 0.00304238 -0.1022 -0.000527096
         vertex 0.00367617 -0.1022 -0.000321976
      endloop
   endfacet
   facet normal -0.145165 -6.86539e-16 0.989407
      outer loop
         vertex 0.00367617 -0.101 -0.000321976
         vertex 0.00367617 -0.1022 -0.000321976
         vertex 0.00434218 -0.1022 -0.00033639
      endloop
   endfacet
   facet normal 0.187837 -6.81538e-16 0.9822
      outer loop
         vertex 0.00434218 -0.101 -0.00033639
         vertex 0.00434218 -0.1022 -0.00033639
         vertex 0.0049665 -0.1022 -0.00056874
      endloop
   endfacet
   facet normal 0.5 -6.50521e-16 0.866025
      outer loop
         vertex 0.0049665 -0.1022 -0.00056874
         vertex 0.0049665 -0.101 -0.00056874
         vertex 0.00434218 -0.101 -0.00033639
      endloop
   endfacet
   facet normal 0.187837 -6.81538e-16 0.9822
      outer loop
         vertex 0.00434218 -0.1022 -0.00033639
         vertex 0.00434218 -0.101 -0.00033639
         vertex 0.00367617 -0.101 -0.000321976
      endloop
   endfacet
   facet normal -0.145165 -6.86539e-16 0.989407
      outer loop
         vertex 0.00367617 -0.1022 -0.000321976
         vertex 0.00367617 -0.101 -0.000321976
         vertex 0.00304238 -0.101 -0.000527096
      endloop
   endfacet
   facet normal -0.603305 -5.53384e-16 0.79751
      outer loop
         vertex 0.00275989 -0.101 -0.00070577
         vertex 0.00251111 -0.101 -0.000928994
         vertex 0.00251111 -0.1022 -0.000928994
      endloop
   endfacet
   facet normal -0.727698 -4.75937e-16 0.685898
      outer loop
         vertex 0.00251111 -0.1022 -0.000928994
         vertex 0.00251111 -0.101 -0.000928994
         vertex 0.0021413 -0.101 -0.00148308
      endloop
   endfacet
   facet normal 0.5 -6.50521e-16 0.866025
      outer loop
         vertex 0.00801652 -0.101 -0.00232967
         vertex 0.00801652 -0.1022 -0.00232967
         vertex 0.00856557 -0.1022 -0.00279663
      endloop
   endfacet
   facet normal 0.774523 -4.38917e-16 0.632546
      outer loop
         vertex 0.00856557 -0.101 -0.00279663
         vertex 0.00856557 -0.1022 -0.00279663
         vertex 0.00891343 -0.1022 -0.00342789
      endloop
   endfacet
   facet normal 0.948454 -2.19904e-16 0.316914
      outer loop
         vertex 0.00891343 -0.101 -0.00342789
         vertex 0.00891343 -0.1022 -0.00342789
         vertex 0.00901493 -0.1022 -0.00414147
      endloop
   endfacet
   facet normal 0.999205 2.76698e-17 -0.0398764
      outer loop
         vertex 0.00901493 -0.101 -0.00414147
         vertex 0.00901493 -0.1022 -0.00414147
         vertex 0.00885689 -0.1022 -0.0048447
      endloop
   endfacet
   facet normal 0.920183 3.25261e-16 -0.391488
      outer loop
         vertex 0.00885689 -0.1022 -0.0048447
         vertex 0.00885689 -0.101 -0.0048447
         vertex 0.00901493 -0.101 -0.00414147
      endloop
   endfacet
   facet normal 0.999205 2.76698e-17 -0.0398764
      outer loop
         vertex 0.00901493 -0.1022 -0.00414147
         vertex 0.00901493 -0.101 -0.00414147
         vertex 0.00891343 -0.101 -0.00342789
      endloop
   endfacet
   facet normal 0.948454 -2.19904e-16 0.316914
      outer loop
         vertex 0.00891343 -0.1022 -0.00342789
         vertex 0.00891343 -0.101 -0.00342789
         vertex 0.00856557 -0.101 -0.00279663
      endloop
   endfacet
   facet normal 0.774523 -4.38917e-16 0.632546
      outer loop
         vertex 0.00856557 -0.1022 -0.00279663
         vertex 0.00856557 -0.101 -0.00279663
         vertex 0.00801652 -0.101 -0.00232967
      endloop
   endfacet
   facet normal 0.382683 -6.4107e-16 0.92388
      outer loop
         vertex 0.0338757 -0.095 0.011135
         vertex 0.0338757 -0.1022 0.011135
         vertex 0.0418241 -0.1022 0.00582412
      endloop
   endfacet
   facet normal 0.707107 4.90654e-16 -0.707107
      outer loop
         vertex 0.0418241 -0.095 -0.0288241
         vertex 0.0418241 -0.1022 -0.0288241
         vertex 0.0338757 -0.1022 -0.034135
      endloop
   endfacet
   facet normal -0.92388 2.6554e-16 -0.382683
      outer loop
         vertex 0.00186495 -0.095 -0.0208757
         vertex 0.00186495 -0.1022 -0.0208757
         vertex 0 -0.1022 -0.0115
      endloop
   endfacet
   facet normal -0.92388 -2.6554e-16 0.382683
      outer loop
         vertex 0.00186495 -0.1022 -0.00212426
         vertex 0.00186495 -0.095 -0.00212426
         vertex 0.00011429 -0.095 -0.0109254
      endloop
   endfacet
   facet normal -0.999723 0 0.0235555
      outer loop
         vertex 0.00011429 -0.095 -0.0109254
         vertex 0 -0.1022 -0.0115
         vertex 0.00186495 -0.1022 -0.00212426
      endloop
   endfacet
   facet normal 0.92388 -2.6554e-16 0.382683
      outer loop
         vertex 0.047135 -0.095 -0.00212426
         vertex 0.0418241 -0.095 0.00582412
         vertex 0.0443543 -0.101 0.00285474
      endloop
   endfacet
   facet normal 0.707107 -4.90654e-16 0.707107
      outer loop
         vertex 0.0418241 -0.1022 0.00582412
         vertex 0.0443543 -0.1022 0.00285474
         vertex 0.0443543 -0.101 0.00285474
      endloop
   endfacet
   facet normal 0.810378 -4.06555e-16 0.585908
      outer loop
         vertex 0.0443543 -0.101 0.00285474
         vertex 0.0418241 -0.095 0.00582412
         vertex 0.0418241 -0.1022 0.00582412
      endloop
   endfacet
   facet normal 0.92388 -2.6554e-16 0.382683
      outer loop
         vertex 0.047135 -0.101 -0.00212426
         vertex 0.049 -0.101 -0.0115
         vertex 0.0488857 -0.095 -0.0109254
      endloop
   endfacet
   facet normal 1 1.25775e-31 -1.4161e-16
      outer loop
         vertex 0.049 -0.101 -0.0115
         vertex 0.049 -0.095 -0.0115
         vertex 0.0488857 -0.095 -0.0109254
      endloop
   endfacet
   facet normal 1 1.25775e-31 -1.4161e-16
      outer loop
         vertex 0.049 -0.095 -0.0115
         vertex 0.049 -0.101 -0.0115
         vertex 0.047135 -0.101 -0.0208757
      endloop
   endfacet
   facet normal 0.707107 4.90654e-16 -0.707107
      outer loop
         vertex 0.0418241 -0.1022 -0.0288241
         vertex 0.0418241 -0.095 -0.0288241
         vertex 0.0443543 -0.101 -0.0258547
      endloop
   endfacet
   facet normal 0.92388 2.6554e-16 -0.382683
      outer loop
         vertex 0.047135 -0.095 -0.0208757
         vertex 0.047135 -0.101 -0.0208757
         vertex 0.0443543 -0.101 -0.0258547
      endloop
   endfacet
   facet normal 0.810378 4.06555e-16 -0.585908
      outer loop
         vertex 0.0443543 -0.101 -0.0258547
         vertex 0.0418241 -0.095 -0.0288241
         vertex 0.047135 -0.095 -0.0208757
      endloop
   endfacet
   facet normal 1.4161e-16 7.0805e-16 -1
      outer loop
         vertex 0.0245 -0.095 -0.036
         vertex 0.0338757 -0.095 -0.034135
         vertex 0.0270044 -0.101 -0.0358717
      endloop
   endfacet
   facet normal 0.382683 6.4107e-16 -0.92388
      outer loop
         vertex 0.0338757 -0.1022 -0.034135
         vertex 0.0270044 -0.1022 -0.0358717
         vertex 0.0270044 -0.101 -0.0358717
      endloop
   endfacet
   facet normal 0.102222 6.90255e-16 -0.994762
      outer loop
         vertex 0.0270044 -0.101 -0.0358717
         vertex 0.0338757 -0.095 -0.034135
         vertex 0.0338757 -0.1022 -0.034135
      endloop
   endfacet
   facet normal 1.4161e-16 7.0805e-16 -1
      outer loop
         vertex 0.0245 -0.095 -0.036
         vertex 0.0245 -0.101 -0.036
         vertex 0.0151243 -0.101 -0.034135
      endloop
   endfacet
   facet normal -0.382683 6.4107e-16 -0.92388
      outer loop
         vertex 0.0151243 -0.095 -0.034135
         vertex 0.0151243 -0.101 -0.034135
         vertex 0.00717588 -0.101 -0.0288241
      endloop
   endfacet
   facet normal -0.92388 2.6554e-16 -0.382683
      outer loop
         vertex 0.00186495 -0.1022 -0.0208757
         vertex 0.00186495 -0.095 -0.0208757
         vertex 0.0021413 -0.101 -0.0215169
      endloop
   endfacet
   facet normal -0.92388 2.6554e-16 -0.382683
      outer loop
         vertex 0.00186495 -0.095 -0.0208757
         vertex 0.00717588 -0.095 -0.0288241
         vertex 0.00432501 -0.101 -0.0254004
      endloop
   endfacet
   facet normal -0.707107 4.90654e-16 -0.707107
      outer loop
         vertex 0.00717588 -0.095 -0.0288241
         vertex 0.00717588 -0.101 -0.0288241
         vertex 0.00432501 -0.101 -0.0254004
      endloop
   endfacet
   facet normal -0.823469 3.93686e-16 -0.567361
      outer loop
         vertex 0.00432501 -0.101 -0.0254004
         vertex 0.0021413 -0.101 -0.0215169
         vertex 0.00186495 -0.095 -0.0208757
      endloop
   endfacet
   facet normal -0.92388 -2.6554e-16 0.382683
      outer loop
         vertex 0.00186495 -0.095 -0.00212426
         vertex 0.0021413 -0.101 -0.00148308
         vertex 0.00432501 -0.101 0.00240035
      endloop
   endfacet
   facet normal -0.823469 -3.93686e-16 0.567361
      outer loop
         vertex 0.00432501 -0.101 0.00240035
         vertex 0.00717588 -0.095 0.00582412
         vertex 0.00186495 -0.095 -0.00212426
      endloop
   endfacet
   facet normal -0.92388 -2.6554e-16 0.382683
      outer loop
         vertex 0.00186495 -0.1022 -0.00212426
         vertex 0.0021413 -0.1022 -0.00148308
         vertex 0.0021413 -0.101 -0.00148308
      endloop
   endfacet
   facet normal -0.9126 -2.83699e-16 0.408854
      outer loop
         vertex 0.0021413 -0.101 -0.00148308
         vertex 0.00186495 -0.095 -0.00212426
         vertex 0.00186495 -0.1022 -0.00212426
      endloop
   endfacet
   facet normal -0.707107 -4.90654e-16 0.707107
      outer loop
         vertex 0.00717588 -0.095 0.00582412
         vertex 0.00717588 -0.101 0.00582412
         vertex 0.0151243 -0.101 0.011135
      endloop
   endfacet
   facet normal -0.382683 -6.4107e-16 0.92388
      outer loop
         vertex 0.0151243 -0.095 0.011135
         vertex 0.0151243 -0.101 0.011135
         vertex 0.0245 -0.101 0.013
      endloop
   endfacet
   facet normal 0.382683 -6.4107e-16 0.92388
      outer loop
         vertex 0.0338757 -0.1022 0.011135
         vertex 0.0338757 -0.095 0.011135
         vertex 0.0270044 -0.101 0.0128717
      endloop
   endfacet
   facet normal 0 -6.93889e-16 1
      outer loop
         vertex 0.0245 -0.095 0.013
         vertex 0.0245 -0.101 0.013
         vertex 0.0270044 -0.101 0.0128717
      endloop
   endfacet
   facet normal 0.102222 -6.90255e-16 0.994762
      outer loop
         vertex 0.0270044 -0.101 0.0128717
         vertex 0.0338757 -0.095 0.011135
         vertex 0.0245 -0.095 0.013
      endloop
   endfacet
   facet normal 0.102222 -6.90255e-16 0.994762
      outer loop
         vertex 0.0270044 -0.101 0.0128717
         vertex 0.0270044 -0.1022 0.0128717
         vertex 0.0338757 -0.1022 0.011135
      endloop
   endfacet
   facet normal 0 -6.93889e-16 1
      outer loop
         vertex 0.0245 -0.101 0.013
         vertex 0.0245 -0.095 0.013
         vertex 0.0151243 -0.095 0.011135
      endloop
   endfacet
   facet normal -0.382683 -6.4107e-16 0.92388
      outer loop
         vertex 0.0151243 -0.101 0.011135
         vertex 0.0151243 -0.095 0.011135
         vertex 0.00717588 -0.095 0.00582412
      endloop
   endfacet
   facet normal -0.823469 -3.93686e-16 0.567361
      outer loop
         vertex 0.00432501 -0.101 0.00240035
         vertex 0.00717588 -0.101 0.00582412
         vertex 0.00717588 -0.095 0.00582412
      endloop
   endfacet
   facet normal -0.9126 2.83699e-16 -0.408854
      outer loop
         vertex 0.0021413 -0.101 -0.0215169
         vertex 0.0021413 -0.1022 -0.0215169
         vertex 0.00186495 -0.1022 -0.0208757
      endloop
   endfacet
   facet normal -0.707107 4.90654e-16 -0.707107
      outer loop
         vertex 0.00717588 -0.101 -0.0288241
         vertex 0.00717588 -0.095 -0.0288241
         vertex 0.0151243 -0.095 -0.034135
      endloop
   endfacet
   facet normal -0.382683 6.4107e-16 -0.92388
      outer loop
         vertex 0.0151243 -0.101 -0.034135
         vertex 0.0151243 -0.095 -0.034135
         vertex 0.0245 -0.095 -0.036
      endloop
   endfacet
   facet normal 0.102222 6.90255e-16 -0.994762
      outer loop
         vertex 0.0270044 -0.101 -0.0358717
         vertex 0.0245 -0.101 -0.036
         vertex 0.0245 -0.095 -0.036
      endloop
   endfacet
   facet normal 0.810378 4.06555e-16 -0.585908
      outer loop
         vertex 0.0443543 -0.101 -0.0258547
         vertex 0.0443543 -0.1022 -0.0258547
         vertex 0.0418241 -0.1022 -0.0288241
      endloop
   endfacet
   facet normal 0.92388 2.6554e-16 -0.382683
      outer loop
         vertex 0.047135 -0.101 -0.0208757
         vertex 0.047135 -0.095 -0.0208757
         vertex 0.049 -0.095 -0.0115
      endloop
   endfacet
   facet normal 0.999723 0 0.0235555
      outer loop
         vertex 0.0488857 -0.095 -0.0109254
         vertex 0.047135 -0.095 -0.00212426
         vertex 0.047135 -0.101 -0.00212426
      endloop
   endfacet
   facet normal 0.810378 -4.06555e-16 0.585908
      outer loop
         vertex 0.0443543 -0.101 0.00285474
         vertex 0.047135 -0.101 -0.00212426
         vertex 0.047135 -0.095 -0.00212426
      endloop
   endfacet
   facet normal -0.999723 0 0.0235555
      outer loop
         vertex 0.00011429 -0.095 -0.0109254
         vertex 0 -0.095 -0.0115
         vertex 0 -0.1022 -0.0115
      endloop
   endfacet
   facet normal -1 1.27465e-31 -1.83697e-16
      outer loop
         vertex 0 -0.1022 -0.0115
         vertex 0 -0.095 -0.0115
         vertex 0.00186495 -0.095 -0.0208757
      endloop
   endfacet
   facet normal 0.382683 6.4107e-16 -0.92388
      outer loop
         vertex 0.0338757 -0.1022 -0.034135
         vertex 0.0338757 -0.095 -0.034135
         vertex 0.0418241 -0.095 -0.0288241
      endloop
   endfacet
   facet normal 0.707107 -4.90654e-16 0.707107
      outer loop
         vertex 0.0418241 -0.1022 0.00582412
         vertex 0.0418241 -0.095 0.00582412
         vertex 0.0338757 -0.095 0.011135
      endloop
   endfacet
   facet normal 0.810378 -4.06555e-16 0.585908
      outer loop
         vertex 0.0443543 -0.101 0.00285474
         vertex 0.0443543 -0.1022 0.00285474
         vertex 0.0446492 -0.1022 0.00225744
      endloop
   endfacet
   facet normal 0.957854 -1.99324e-16 0.287256
      outer loop
         vertex 0.0446492 -0.101 0.00225744
         vertex 0.0446492 -0.1022 0.00225744
         vertex 0.0447316 -0.1022 0.0015964
      endloop
   endfacet
   facet normal 0.999064 3.00215e-17 -0.0432656
      outer loop
         vertex 0.0447316 -0.101 0.0015964
         vertex 0.0447316 -0.1022 0.0015964
         vertex 0.0445924 -0.1022 0.000944953
      endloop
   endfacet
   facet normal 0.929435 2.56036e-16 -0.368987
      outer loop
         vertex 0.0445924 -0.101 0.000944953
         vertex 0.0445924 -0.1022 0.000944953
         vertex 0.0442469 -0.1022 0.000375383
      endloop
   endfacet
   facet normal 0.756692 4.53645e-16 -0.653772
      outer loop
         vertex 0.0442469 -0.101 0.000375383
         vertex 0.0442469 -0.1022 0.000375383
         vertex 0.0437335 -0.1022 -4.91245e-05
      endloop
   endfacet
   facet normal 0.5 6.50521e-16 -0.866025
      outer loop
         vertex 0.0437335 -0.1022 -4.91245e-05
         vertex 0.0437335 -0.101 -4.91245e-05
         vertex 0.0442469 -0.101 0.000375383
      endloop
   endfacet
   facet normal 0.756692 4.53645e-16 -0.653772
      outer loop
         vertex 0.0442469 -0.1022 0.000375383
         vertex 0.0442469 -0.101 0.000375383
         vertex 0.0445924 -0.101 0.000944953
      endloop
   endfacet
   facet normal 0.929435 2.56036e-16 -0.368987
      outer loop
         vertex 0.0445924 -0.1022 0.000944953
         vertex 0.0445924 -0.101 0.000944953
         vertex 0.0447316 -0.101 0.0015964
      endloop
   endfacet
   facet normal 0.999064 3.00215e-17 -0.0432656
      outer loop
         vertex 0.0447316 -0.1022 0.0015964
         vertex 0.0447316 -0.101 0.0015964
         vertex 0.0446492 -0.101 0.00225744
      endloop
   endfacet
   facet normal 0.957854 -1.99324e-16 0.287256
      outer loop
         vertex 0.0446492 -0.1022 0.00225744
         vertex 0.0446492 -0.101 0.00225744
         vertex 0.0443543 -0.101 0.00285474
      endloop
   endfacet
   facet normal 0.5 6.50521e-16 -0.866025
      outer loop
         vertex 0.0406835 -0.101 -0.00181005
         vertex 0.0437335 -0.101 -4.91245e-05
         vertex 0.0437335 -0.1022 -4.91245e-05
      endloop
   endfacet
   facet normal 0.5 6.50521e-16 -0.866025
      outer loop
         vertex 0.0437335 -0.1022 -4.91245e-05
         vertex 0.0406835 -0.1022 -0.00181005
         vertex 0.0406835 -0.101 -0.00181005
      endloop
   endfacet
   facet normal 0.5 6.50521e-16 -0.866025
      outer loop
         vertex 0.0406835 -0.101 -0.00181005
         vertex 0.0406835 -0.1022 -0.00181005
         vertex 0.0400046 -0.1022 -0.00205206
      endloop
   endfacet
   facet normal 0.16054 6.84889e-16 -0.987029
      outer loop
         vertex 0.0400046 -0.101 -0.00205206
         vertex 0.0400046 -0.1022 -0.00205206
         vertex 0.0392839 -0.1022 -0.00203769
      endloop
   endfacet
   facet normal -0.199771 6.79902e-16 -0.979843
      outer loop
         vertex 0.0392839 -0.101 -0.00203769
         vertex 0.0392839 -0.1022 -0.00203769
         vertex 0.0386152 -0.1022 -0.0017688
      endloop
   endfacet
   facet normal -0.534136 5.86613e-16 -0.845398
      outer loop
         vertex 0.0386152 -0.101 -0.0017688
         vertex 0.0386152 -0.1022 -0.0017688
         vertex 0.0380852 -0.1022 -0.00128032
      endloop
   endfacet
   facet normal -0.79913 4.33681e-16 -0.601158
      outer loop
         vertex 0.0380852 -0.1022 -0.00128032
         vertex 0.0380852 -0.101 -0.00128032
         vertex 0.0386152 -0.101 -0.0017688
      endloop
   endfacet
   facet normal -0.534136 5.86613e-16 -0.845398
      outer loop
         vertex 0.0386152 -0.1022 -0.0017688
         vertex 0.0386152 -0.101 -0.0017688
         vertex 0.0392839 -0.101 -0.00203769
      endloop
   endfacet
   facet normal -0.199771 6.79902e-16 -0.979843
      outer loop
         vertex 0.0392839 -0.1022 -0.00203769
         vertex 0.0392839 -0.101 -0.00203769
         vertex 0.0400046 -0.101 -0.00205206
      endloop
   endfacet
   facet normal 0.16054 6.84889e-16 -0.987029
      outer loop
         vertex 0.0400046 -0.1022 -0.00205206
         vertex 0.0400046 -0.101 -0.00205206
         vertex 0.0406835 -0.101 -0.00181005
      endloop
   endfacet
   facet normal -1 0 0
      outer loop
         vertex 0.0248 -0.101 0.0108821
         vertex 0.0248 -0.1022 0.0108821
         vertex 0.0249109 -0.1022 0.011539
      endloop
   endfacet
   facet normal -0.944529 -2.27893e-16 0.328429
      outer loop
         vertex 0.0249109 -0.101 0.011539
         vertex 0.0249109 -0.1022 0.011539
         vertex 0.0252315 -0.1022 0.012123
      endloop
   endfacet
   facet normal -0.784269 -4.30503e-16 0.620421
      outer loop
         vertex 0.0252315 -0.101 0.012123
         vertex 0.0252315 -0.1022 0.012123
         vertex 0.025726 -0.1022 0.0125693
      endloop
   endfacet
   facet normal -0.537001 -5.85352e-16 0.843582
      outer loop
         vertex 0.025726 -0.101 0.0125693
         vertex 0.025726 -0.1022 0.0125693
         vertex 0.0263397 -0.1022 0.0128284
      endloop
   endfacet
   facet normal -0.230156 -6.75261e-16 0.973154
      outer loop
         vertex 0.0263397 -0.101 0.0128284
         vertex 0.0263397 -0.1022 0.0128284
         vertex 0.0270044 -0.1022 0.0128717
      endloop
   endfacet
   facet normal 0.102222 -6.50521e-16 0.994762
      outer loop
         vertex 0.0270044 -0.1022 0.0128717
         vertex 0.0270044 -0.101 0.0128717
         vertex 0.0263397 -0.101 0.0128284
      endloop
   endfacet
   facet normal -0.230156 -6.75261e-16 0.973154
      outer loop
         vertex 0.0263397 -0.1022 0.0128284
         vertex 0.0263397 -0.101 0.0128284
         vertex 0.025726 -0.101 0.0125693
      endloop
   endfacet
   facet normal -0.537001 -5.85352e-16 0.843582
      outer loop
         vertex 0.025726 -0.1022 0.0125693
         vertex 0.025726 -0.101 0.0125693
         vertex 0.0252315 -0.101 0.012123
      endloop
   endfacet
   facet normal -0.784269 -4.30503e-16 0.620421
      outer loop
         vertex 0.0252315 -0.1022 0.012123
         vertex 0.0252315 -0.101 0.012123
         vertex 0.0249109 -0.101 0.011539
      endloop
   endfacet
   facet normal -0.944529 -2.27893e-16 0.328429
      outer loop
         vertex 0.0249109 -0.1022 0.011539
         vertex 0.0249109 -0.101 0.011539
         vertex 0.0248 -0.101 0.0108821
      endloop
   endfacet
   facet normal 0 -1 -6.93889e-16
      outer loop
         vertex 0.0437335 -0.1022 -4.91245e-05
         vertex 0.0445924 -0.1022 0.000944953
         vertex 0.0447316 -0.1022 0.0015964
      endloop
   endfacet
   facet normal 0 -1 -6.93889e-16
      outer loop
         vertex 0.0406835 -0.1022 -0.00181005
         vertex 0.0386152 -0.1022 -0.0017688
         vertex 0.0392839 -0.1022 -0.00203769
      endloop
   endfacet
   facet normal 0 -1 -6.93889e-16
      outer loop
         vertex 0.0437335 -0.1022 -4.91245e-05
         vertex 0.0442469 -0.1022 0.000375383
         vertex 0.0445924 -0.1022 0.000944953
      endloop
   endfacet
   facet normal 0 -1 -6.93889e-16
      outer loop
         vertex 0.0443543 -0.1022 0.00285474
         vertex 0.0380852 -0.1022 -0.00128032
         vertex 0.0406835 -0.1022 -0.00181005
      endloop
   endfacet
   facet normal 0 -1 -6.93889e-16
      outer loop
         vertex 0.0406835 -0.1022 -0.00181005
         vertex 0.0380852 -0.1022 -0.00128032
         vertex 0.0386152 -0.1022 -0.0017688
      endloop
   endfacet
   facet normal 0 -1 -6.93889e-16
      outer loop
         vertex 0.0265579 -0.1022 0.00537498
         vertex 0.0248 -0.1022 0.00736028
         vertex 0.0249299 -0.1022 0.00665131
      endloop
   endfacet
   facet normal 0 -1 -6.93889e-16
      outer loop
         vertex 0.0248 -0.1022 0.0108821
         vertex 0.0263397 -0.1022 0.0128284
         vertex 0.025726 -0.1022 0.0125693
      endloop
   endfacet
   facet normal 0 -1 -6.93889e-16
      outer loop
         vertex 0.0447316 -0.1022 0.0015964
         vertex 0.0446492 -0.1022 0.00225744
         vertex 0.0437335 -0.1022 -4.91245e-05
      endloop
   endfacet
   facet normal 0 -1 -6.93889e-16
      outer loop
         vertex 0.0392839 -0.1022 -0.00203769
         vertex 0.0400046 -0.1022 -0.00205206
         vertex 0.0406835 -0.1022 -0.00181005
      endloop
   endfacet
   facet normal 0 -1 -6.93889e-16
      outer loop
         vertex 0.0249299 -0.1022 0.00665131
         vertex 0.0253026 -0.1022 0.00603442
         vertex 0.0265579 -0.1022 0.00537498
      endloop
   endfacet
   facet normal 0 -1 -6.93889e-16
      outer loop
         vertex 0.0270044 -0.1022 0.0128717
         vertex 0.0248 -0.1022 0.0108821
         vertex 0.0248 -0.1022 0.00736028
      endloop
   endfacet
   facet normal 0 -1 -6.93889e-16
      outer loop
         vertex 0.025726 -0.1022 0.0125693
         vertex 0.0252315 -0.1022 0.012123
         vertex 0.0248 -0.1022 0.0108821
      endloop
   endfacet
   facet normal 0 -1 -6.93889e-16
      outer loop
         vertex 0.0406835 -0.1022 -0.00181005
         vertex 0.0437335 -0.1022 -4.91245e-05
         vertex 0.0443543 -0.1022 0.00285474
      endloop
   endfacet
   facet normal 0 -1 -6.93889e-16
      outer loop
         vertex 0.0418241 -0.1022 0.00582412
         vertex 0.0363807 -0.1022 0.000659306
         vertex 0.0380852 -0.1022 -0.00128032
      endloop
   endfacet
   facet normal 0 -1 -6.93889e-16
      outer loop
         vertex 0.0248 -0.1022 0.00736028
         vertex 0.0265579 -0.1022 0.00537498
         vertex 0.0270044 -0.1022 0.0128717
      endloop
   endfacet
   facet normal 0 -1 -6.93889e-16
      outer loop
         vertex 0.0248 -0.1022 0.0108821
         vertex 0.0270044 -0.1022 0.0128717
         vertex 0.0263397 -0.1022 0.0128284
      endloop
   endfacet
   facet normal 0 -1 -6.93889e-16
      outer loop
         vertex 0.0380852 -0.1022 -0.00128032
         vertex 0.0443543 -0.1022 0.00285474
         vertex 0.0418241 -0.1022 0.00582412
      endloop
   endfacet
   facet normal 0 -1 -6.93889e-16
      outer loop
         vertex 0.0338757 -0.1022 0.011135
         vertex 0.0308002 -0.1022 0.00428948
         vertex 0.0363807 -0.1022 0.000659306
      endloop
   endfacet
   facet normal 0 -1 -6.93889e-16
      outer loop
         vertex 0.0338757 -0.1022 0.011135
         vertex 0.0270044 -0.1022 0.0128717
         vertex 0.0265579 -0.1022 0.00537498
      endloop
   endfacet
   facet normal 0 -1 -6.93889e-16
      outer loop
         vertex 0.0252315 -0.1022 0.012123
         vertex 0.0249109 -0.1022 0.011539
         vertex 0.0248 -0.1022 0.0108821
      endloop
   endfacet
   facet normal 0 -1 -6.93889e-16
      outer loop
         vertex 0.0363807 -0.1022 0.000659306
         vertex 0.0418241 -0.1022 0.00582412
         vertex 0.0338757 -0.1022 0.011135
      endloop
   endfacet
   facet normal 0 -1 -6.93889e-16
      outer loop
         vertex 0.0253026 -0.1022 0.00603442
         vertex 0.0258699 -0.1022 0.00558973
         vertex 0.0265579 -0.1022 0.00537498
      endloop
   endfacet
   facet normal 0 -1 -6.93889e-16
      outer loop
         vertex 0.0265579 -0.1022 0.00537498
         vertex 0.0308002 -0.1022 0.00428948
         vertex 0.0338757 -0.1022 0.011135
      endloop
   endfacet
   facet normal 0 -1 -6.93889e-16
      outer loop
         vertex 0.0446492 -0.1022 0.00225744
         vertex 0.0443543 -0.1022 0.00285474
         vertex 0.0437335 -0.1022 -4.91245e-05
      endloop
   endfacet
   facet normal -1 0 0
      outer loop
         vertex 0.0248 -0.1022 0.0108821
         vertex 0.0248 -0.101 0.0108821
         vertex 0.0248 -0.101 0.00736028
      endloop
   endfacet
   facet normal -1 0 0
      outer loop
         vertex 0.0248 -0.101 0.00736028
         vertex 0.0248 -0.1022 0.00736028
         vertex 0.0248 -0.1022 0.0108821
      endloop
   endfacet
   facet normal -0.121053 6.88787e-16 -0.992646
      outer loop
         vertex 0.0265579 -0.101 0.00537498
         vertex 0.0265579 -0.1022 0.00537498
         vertex 0.0258699 -0.1022 0.00558973
      endloop
   endfacet
   facet normal -0.465068 6.14283e-16 -0.885275
      outer loop
         vertex 0.0258699 -0.101 0.00558973
         vertex 0.0258699 -0.1022 0.00558973
         vertex 0.0253026 -0.1022 0.00603442
      endloop
   endfacet
   facet normal -0.748683 4.59999e-16 -0.662928
      outer loop
         vertex 0.0253026 -0.101 0.00603442
         vertex 0.0253026 -0.1022 0.00603442
         vertex 0.0249299 -0.1022 0.00665131
      endloop
   endfacet
   facet normal -0.935062 2.45972e-16 -0.354483
      outer loop
         vertex 0.0249299 -0.101 0.00665131
         vertex 0.0249299 -0.1022 0.00665131
         vertex 0.0248 -0.1022 0.00736028
      endloop
   endfacet
   facet normal -1 0 -1.73472e-17
      outer loop
         vertex 0.0248 -0.1022 0.00736028
         vertex 0.0248 -0.101 0.00736028
         vertex 0.0249299 -0.101 0.00665131
      endloop
   endfacet
   facet normal -0.935062 2.45972e-16 -0.354483
      outer loop
         vertex 0.0249299 -0.1022 0.00665131
         vertex 0.0249299 -0.101 0.00665131
         vertex 0.0253026 -0.101 0.00603442
      endloop
   endfacet
   facet normal -0.748683 4.59999e-16 -0.662928
      outer loop
         vertex 0.0253026 -0.1022 0.00603442
         vertex 0.0253026 -0.101 0.00603442
         vertex 0.0258699 -0.101 0.00558973
      endloop
   endfacet
   facet normal -0.465068 6.14283e-16 -0.885275
      outer loop
         vertex 0.0258699 -0.1022 0.00558973
         vertex 0.0258699 -0.101 0.00558973
         vertex 0.0265579 -0.101 0.00537498
      endloop
   endfacet
   facet normal 0 -1 -6.93889e-16
      outer loop
         vertex 0.049 -0.101 -0.0115
         vertex 0.0457118 -0.101 -0.00492987
         vertex 0.0463839 -0.101 -0.0106161
      endloop
   endfacet
   facet normal 0 -1 -6.93889e-16
      outer loop
         vertex 0.047135 -0.101 -0.00212426
         vertex 0.0447316 -0.101 0.0015964
         vertex 0.0448458 -0.101 -0.00283937
      endloop
   endfacet
   facet normal 0 -1 -6.93889e-16
      outer loop
         vertex 0.047135 -0.101 -0.0208757
         vertex 0.0453649 -0.101 -0.0198138
         vertex 0.0448458 -0.101 -0.0201606
      endloop
   endfacet
   facet normal 0 -1 -6.93889e-16
      outer loop
         vertex 0.0448458 -0.101 -0.0172042
         vertex 0.0459784 -0.101 -0.0126548
         vertex 0.0455 -0.101 -0.01275
      endloop
   endfacet
   facet normal 0 -1 -6.93889e-16
      outer loop
         vertex 0.0463839 -0.101 -0.0106161
         vertex 0.0466548 -0.101 -0.0110216
         vertex 0.049 -0.101 -0.0115
      endloop
   endfacet
   facet normal 0 -1 -6.93889e-16
      outer loop
         vertex 0.0459784 -0.101 -0.0103452
         vertex 0.0457118 -0.101 -0.00492987
         vertex 0.0453649 -0.101 -0.00544895
      endloop
   endfacet
   facet normal 0 -1 -6.93889e-16
      outer loop
         vertex 0.047135 -0.101 -0.00212426
         vertex 0.0446492 -0.101 0.00225744
         vertex 0.0447316 -0.101 0.0015964
      endloop
   endfacet
   facet normal 0 -1 -6.93889e-16
      outer loop
         vertex 0.0448458 -0.101 -0.00283937
         vertex 0.0445924 -0.101 0.000944953
         vertex 0.0442469 -0.101 0.000375383
      endloop
   endfacet
   facet normal 0 -1 -6.93889e-16
      outer loop
         vertex 0.0427553 -0.101 -0.00370528
         vertex 0.0431022 -0.101 -0.00318621
         vertex 0.0406835 -0.101 -0.00181005
      endloop
   endfacet
   facet normal 0 -1 -6.93889e-16
      outer loop
         vertex 0.0448458 -0.101 -0.0201606
         vertex 0.0442335 -0.101 -0.0202824
         vertex 0.0442469 -0.101 -0.0233754
      endloop
   endfacet
   facet normal 0 -1 -6.93889e-16
      outer loop
         vertex 0.0448458 -0.101 -0.0201606
         vertex 0.0447316 -0.101 -0.0245964
         vertex 0.047135 -0.101 -0.0208757
      endloop
   endfacet
   facet normal 0 -1 -6.93889e-16
      outer loop
         vertex 0.0455 -0.101 -0.01275
         vertex 0.0442335 -0.101 -0.0170824
         vertex 0.0448458 -0.101 -0.0172042
      endloop
   endfacet
   facet normal 0 -1 -6.93889e-16
      outer loop
         vertex 0.0455 -0.101 -0.01275
         vertex 0.0431022 -0.101 -0.0175511
         vertex 0.0436213 -0.101 -0.0172042
      endloop
   endfacet
   facet normal 0 -1 -6.93889e-16
      outer loop
         vertex 0.049 -0.101 -0.0115
         vertex 0.0466548 -0.101 -0.0119784
         vertex 0.0463839 -0.101 -0.0123839
      endloop
   endfacet
   facet normal 0 -1 -6.93889e-16
      outer loop
         vertex 0.0457118 -0.101 -0.00492987
         vertex 0.0459784 -0.101 -0.0103452
         vertex 0.0463839 -0.101 -0.0106161
      endloop
   endfacet
   facet normal 0 -1 -6.93889e-16
      outer loop
         vertex 0.0453649 -0.101 -0.00544895
         vertex 0.0450216 -0.101 -0.0103452
         vertex 0.0455 -0.101 -0.01025
      endloop
   endfacet
   facet normal 0 -1 -6.93889e-16
      outer loop
         vertex 0.0453649 -0.101 -0.00544895
         vertex 0.04425 -0.101 -0.0115
         vertex 0.0443452 -0.101 -0.0110216
      endloop
   endfacet
   facet normal 0 -1 -6.93889e-16
      outer loop
         vertex 0.047135 -0.101 -0.00212426
         vertex 0.0443543 -0.101 0.00285474
         vertex 0.0446492 -0.101 0.00225744
      endloop
   endfacet
   facet normal 0 -1 -6.93889e-16
      outer loop
         vertex 0.0448458 -0.101 -0.00283937
         vertex 0.0447316 -0.101 0.0015964
         vertex 0.0445924 -0.101 0.000944953
      endloop
   endfacet
   facet normal 0 -1 -6.93889e-16
      outer loop
         vertex 0.0442335 -0.101 -0.00271758
         vertex 0.0442469 -0.101 0.000375383
         vertex 0.0437335 -0.101 -4.91245e-05
      endloop
   endfacet
   facet normal 0 -1 -6.93889e-16
      outer loop
         vertex 0.0406835 -0.101 -0.00181005
         vertex 0.0400046 -0.101 -0.00205206
         vertex 0.0427553 -0.101 -0.00370528
      endloop
   endfacet
   facet normal 0 -1 -6.93889e-16
      outer loop
         vertex 0.0442335 -0.101 -0.00591758
         vertex 0.0426335 -0.101 -0.0186824
         vertex 0.0427553 -0.101 -0.0180701
      endloop
   endfacet
   facet normal 0 -1 -6.93889e-16
      outer loop
         vertex 0.0442469 -0.101 -0.0233754
         vertex 0.0445924 -0.101 -0.023945
         vertex 0.0448458 -0.101 -0.0201606
      endloop
   endfacet
   facet normal 0 -1 -6.93889e-16
      outer loop
         vertex 0.0447316 -0.101 -0.0245964
         vertex 0.0446492 -0.101 -0.0252574
         vertex 0.047135 -0.101 -0.0208757
      endloop
   endfacet
   facet normal 0 -1 -6.93889e-16
      outer loop
         vertex 0.0436213 -0.101 -0.0172042
         vertex 0.0442335 -0.101 -0.0170824
         vertex 0.0455 -0.101 -0.01275
      endloop
   endfacet
   facet normal 0 -1 -6.93889e-16
      outer loop
         vertex 0.049 -0.101 -0.0115
         vertex 0.04675 -0.101 -0.0115
         vertex 0.0466548 -0.101 -0.0119784
      endloop
   endfacet
   facet normal 0 -1 -6.93889e-16
      outer loop
         vertex 0.0453649 -0.101 -0.00544895
         vertex 0.0455 -0.101 -0.01025
         vertex 0.0459784 -0.101 -0.0103452
      endloop
   endfacet
   facet normal 0 -1 -6.93889e-16
      outer loop
         vertex 0.0443452 -0.101 -0.0110216
         vertex 0.0446161 -0.101 -0.0106161
         vertex 0.0453649 -0.101 -0.00544895
      endloop
   endfacet
   facet normal 0 -1 -6.93889e-16
      outer loop
         vertex 0.049 -0.101 -0.0115
         vertex 0.047135 -0.101 -0.00212426
         vertex 0.0458335 -0.101 -0.00431758
      endloop
   endfacet
   facet normal 0 -1 -6.93889e-16
      outer loop
         vertex 0.0448458 -0.101 -0.00283937
         vertex 0.0453649 -0.101 -0.00318621
         vertex 0.047135 -0.101 -0.00212426
      endloop
   endfacet
   facet normal 0 -1 -6.93889e-16
      outer loop
         vertex 0.0437335 -0.101 -4.91245e-05
         vertex 0.0436213 -0.101 -0.00283937
         vertex 0.0442335 -0.101 -0.00271758
      endloop
   endfacet
   facet normal 0 -1 -6.93889e-16
      outer loop
         vertex 0.0406835 -0.101 -0.00181005
         vertex 0.0431022 -0.101 -0.00318621
         vertex 0.0436213 -0.101 -0.00283937
      endloop
   endfacet
   facet normal 0 -1 -6.93889e-16
      outer loop
         vertex 0.0400046 -0.101 -0.00205206
         vertex 0.0392839 -0.101 -0.00203769
         vertex 0.0427553 -0.101 -0.00370528
      endloop
   endfacet
   facet normal 0 -1 -6.93889e-16
      outer loop
         vertex 0.0386152 -0.101 -0.0017688
         vertex 0.0401392 -0.101 -0.00483559
         vertex 0.0426335 -0.101 -0.00431758
      endloop
   endfacet
   facet normal 0 -1 -6.93889e-16
      outer loop
         vertex 0.0401392 -0.101 -0.00483559
         vertex 0.0414994 -0.101 -0.0113525
         vertex 0.0431022 -0.101 -0.00544895
      endloop
   endfacet
   facet normal 0 -1 -6.93889e-16
      outer loop
         vertex 0.0427553 -0.101 -0.0180701
         vertex 0.0448458 -0.101 -0.00579578
         vertex 0.0442335 -0.101 -0.00591758
      endloop
   endfacet
   facet normal 0 -1 -6.93889e-16
      outer loop
         vertex 0.0446492 -0.101 -0.0252574
         vertex 0.0443543 -0.101 -0.0258547
         vertex 0.047135 -0.101 -0.0208757
      endloop
   endfacet
   facet normal 0 -1 -6.93889e-16
      outer loop
         vertex 0.049 -0.101 -0.0115
         vertex 0.0457118 -0.101 -0.0180701
         vertex 0.0458335 -0.101 -0.0186824
      endloop
   endfacet
   facet normal 0 -1 -6.93889e-16
      outer loop
         vertex 0.0448458 -0.101 -0.0172042
         vertex 0.0453649 -0.101 -0.0175511
         vertex 0.0459784 -0.101 -0.0126548
      endloop
   endfacet
   facet normal 0 -1 -6.93889e-16
      outer loop
         vertex 0.0463839 -0.101 -0.0123839
         vertex 0.0457118 -0.101 -0.0180701
         vertex 0.049 -0.101 -0.0115
      endloop
   endfacet
   facet normal 0 -1 -6.93889e-16
      outer loop
         vertex 0.0446161 -0.101 -0.0106161
         vertex 0.0450216 -0.101 -0.0103452
         vertex 0.0453649 -0.101 -0.00544895
      endloop
   endfacet
   facet normal 0 -1 -6.93889e-16
      outer loop
         vertex 0.047135 -0.101 -0.00212426
         vertex 0.0457118 -0.101 -0.00370528
         vertex 0.0458335 -0.101 -0.00431758
      endloop
   endfacet
   facet normal 0 -1 -6.93889e-16
      outer loop
         vertex 0.0442469 -0.101 0.000375383
         vertex 0.0442335 -0.101 -0.00271758
         vertex 0.0448458 -0.101 -0.00283937
      endloop
   endfacet
   facet normal 0 -1 -6.93889e-16
      outer loop
         vertex 0.0392839 -0.101 -0.00203769
         vertex 0.0386152 -0.101 -0.0017688
         vertex 0.0427553 -0.101 -0.00370528
      endloop
   endfacet
   facet normal 0 -1 -6.93889e-16
      outer loop
         vertex 0.0426335 -0.101 -0.00431758
         vertex 0.0427553 -0.101 -0.00370528
         vertex 0.0386152 -0.101 -0.0017688
      endloop
   endfacet
   facet normal 0 -1 -6.93889e-16
      outer loop
         vertex 0.0414994 -0.101 -0.0113525
         vertex 0.0436213 -0.101 -0.00579578
         vertex 0.0431022 -0.101 -0.00544895
      endloop
   endfacet
   facet normal 0 -1 -6.93889e-16
      outer loop
         vertex 0.0427553 -0.101 -0.0180701
         vertex 0.0443452 -0.101 -0.0119784
         vertex 0.04425 -0.101 -0.0115
      endloop
   endfacet
   facet normal 0 -1 -6.93889e-16
      outer loop
         vertex 0.0427553 -0.101 -0.0192947
         vertex 0.0400046 -0.101 -0.0209479
         vertex 0.0406835 -0.101 -0.0211899
      endloop
   endfacet
   facet normal 0 -1 -6.93889e-16
      outer loop
         vertex 0.047135 -0.101 -0.0208757
         vertex 0.0457118 -0.101 -0.0192947
         vertex 0.0453649 -0.101 -0.0198138
      endloop
   endfacet
   facet normal 0 -1 -6.93889e-16
      outer loop
         vertex 0.0458335 -0.101 -0.0186824
         vertex 0.047135 -0.101 -0.0208757
         vertex 0.049 -0.101 -0.0115
      endloop
   endfacet
   facet normal 0 -1 -6.93889e-16
      outer loop
         vertex 0.0463839 -0.101 -0.0123839
         vertex 0.0459784 -0.101 -0.0126548
         vertex 0.0457118 -0.101 -0.0180701
      endloop
   endfacet
   facet normal 0 -1 -6.93889e-16
      outer loop
         vertex 0.0458335 -0.101 -0.00431758
         vertex 0.0457118 -0.101 -0.00492987
         vertex 0.049 -0.101 -0.0115
      endloop
   endfacet
   facet normal 0 -1 -6.93889e-16
      outer loop
         vertex 0.0436213 -0.101 -0.00283937
         vertex 0.0437335 -0.101 -4.91245e-05
         vertex 0.0406835 -0.101 -0.00181005
      endloop
   endfacet
   facet normal 0 -1 -6.93889e-16
      outer loop
         vertex 0.0401392 -0.101 -0.00483559
         vertex 0.0427553 -0.101 -0.00492987
         vertex 0.0426335 -0.101 -0.00431758
      endloop
   endfacet
   facet normal 0 -1 -6.93889e-16
      outer loop
         vertex 0.0414994 -0.101 -0.0113525
         vertex 0.0442335 -0.101 -0.00591758
         vertex 0.0436213 -0.101 -0.00579578
      endloop
   endfacet
   facet normal 0 -1 -6.93889e-16
      outer loop
         vertex 0.0427553 -0.101 -0.0180701
         vertex 0.0446161 -0.101 -0.0123839
         vertex 0.0443452 -0.101 -0.0119784
      endloop
   endfacet
   facet normal 0 -1 -6.93889e-16
      outer loop
         vertex 0.0386152 -0.101 -0.0212312
         vertex 0.0427553 -0.101 -0.0192947
         vertex 0.0426335 -0.101 -0.0186824
      endloop
   endfacet
   facet normal 0 -1 -6.93889e-16
      outer loop
         vertex 0.0427553 -0.101 -0.0192947
         vertex 0.0392839 -0.101 -0.0209623
         vertex 0.0400046 -0.101 -0.0209479
      endloop
   endfacet
   facet normal 0 -1 -6.93889e-16
      outer loop
         vertex 0.0406835 -0.101 -0.0211899
         vertex 0.0437335 -0.101 -0.0229509
         vertex 0.0436213 -0.101 -0.0201606
      endloop
   endfacet
   facet normal 0 -1 -6.93889e-16
      outer loop
         vertex 0.0442335 -0.101 -0.0202824
         vertex 0.0436213 -0.101 -0.0201606
         vertex 0.0437335 -0.101 -0.0229509
      endloop
   endfacet
   facet normal 0 -1 -6.93889e-16
      outer loop
         vertex 0.0458335 -0.101 -0.0186824
         vertex 0.0457118 -0.101 -0.0192947
         vertex 0.047135 -0.101 -0.0208757
      endloop
   endfacet
   facet normal 0 -1 -6.93889e-16
      outer loop
         vertex 0.0455 -0.101 -0.01275
         vertex 0.0427553 -0.101 -0.0180701
         vertex 0.0431022 -0.101 -0.0175511
      endloop
   endfacet
   facet normal 0 -1 -6.93889e-16
      outer loop
         vertex 0.0453649 -0.101 -0.00318621
         vertex 0.0457118 -0.101 -0.00370528
         vertex 0.047135 -0.101 -0.00212426
      endloop
   endfacet
   facet normal 0 -1 -6.93889e-16
      outer loop
         vertex 0.0431022 -0.101 -0.00544895
         vertex 0.0427553 -0.101 -0.00492987
         vertex 0.0401392 -0.101 -0.00483559
      endloop
   endfacet
   facet normal 0 -1 -6.93889e-16
      outer loop
         vertex 0.04425 -0.101 -0.0115
         vertex 0.0453649 -0.101 -0.00544895
         vertex 0.0448458 -0.101 -0.00579578
      endloop
   endfacet
   facet normal 0 -1 -6.93889e-16
      outer loop
         vertex 0.0402525 -0.101 -0.0178921
         vertex 0.0380852 -0.101 -0.0217197
         vertex 0.0386152 -0.101 -0.0212312
      endloop
   endfacet
   facet normal 0 -1 -6.93889e-16
      outer loop
         vertex 0.0426335 -0.101 -0.0186824
         vertex 0.0442335 -0.101 -0.00591758
         vertex 0.0414994 -0.101 -0.0113525
      endloop
   endfacet
   facet normal 0 -1 -6.93889e-16
      outer loop
         vertex 0.0427553 -0.101 -0.0192947
         vertex 0.0386152 -0.101 -0.0212312
         vertex 0.0392839 -0.101 -0.0209623
      endloop
   endfacet
   facet normal 0 -1 -6.93889e-16
      outer loop
         vertex 0.0437335 -0.101 -0.0229509
         vertex 0.0442469 -0.101 -0.0233754
         vertex 0.0442335 -0.101 -0.0202824
      endloop
   endfacet
   facet normal 0 -1 -6.93889e-16
      outer loop
         vertex 0.0453649 -0.101 -0.0175511
         vertex 0.0457118 -0.101 -0.0180701
         vertex 0.0459784 -0.101 -0.0126548
      endloop
   endfacet
   facet normal 0 -1 -6.93889e-16
      outer loop
         vertex 0.0386152 -0.101 -0.0017688
         vertex 0.0380852 -0.101 -0.00128032
         vertex 0.0401392 -0.101 -0.00483559
      endloop
   endfacet
   facet normal 0 -1 -6.93889e-16
      outer loop
         vertex 0.0427553 -0.101 -0.0180701
         vertex 0.0450216 -0.101 -0.0126548
         vertex 0.0446161 -0.101 -0.0123839
      endloop
   endfacet
   facet normal 0 -1 -6.93889e-16
      outer loop
         vertex 0.0414994 -0.101 -0.0113525
         vertex 0.0402525 -0.101 -0.0178921
         vertex 0.0426335 -0.101 -0.0186824
      endloop
   endfacet
   facet normal 0 -1 -6.93889e-16
      outer loop
         vertex 0.0436213 -0.101 -0.0201606
         vertex 0.0431022 -0.101 -0.0198138
         vertex 0.0406835 -0.101 -0.0211899
      endloop
   endfacet
   facet normal 0 -1 -6.93889e-16
      outer loop
         vertex 0.0466548 -0.101 -0.0110216
         vertex 0.04675 -0.101 -0.0115
         vertex 0.049 -0.101 -0.0115
      endloop
   endfacet
   facet normal 0 -1 -6.93889e-16
      outer loop
         vertex 0.0427553 -0.101 -0.0180701
         vertex 0.0455 -0.101 -0.01275
         vertex 0.0450216 -0.101 -0.0126548
      endloop
   endfacet
   facet normal 0 -1 -6.93889e-16
      outer loop
         vertex 0.0406835 -0.101 -0.0211899
         vertex 0.0431022 -0.101 -0.0198138
         vertex 0.0427553 -0.101 -0.0192947
      endloop
   endfacet
   facet normal 0 -1 -6.93889e-16
      outer loop
         vertex 0.0427553 -0.101 -0.0180701
         vertex 0.04425 -0.101 -0.0115
         vertex 0.0448458 -0.101 -0.00579578
      endloop
   endfacet
   facet normal 0 -1 -6.93889e-16
      outer loop
         vertex 0.0445924 -0.101 -0.023945
         vertex 0.0447316 -0.101 -0.0245964
         vertex 0.0448458 -0.101 -0.0201606
      endloop
   endfacet
   facet normal 0 -1 -6.93889e-16
      outer loop
         vertex 0.0426335 -0.101 -0.0186824
         vertex 0.0402525 -0.101 -0.0178921
         vertex 0.0386152 -0.101 -0.0212312
      endloop
   endfacet
   facet normal 0.382683 6.4107e-16 -0.92388
      outer loop
         vertex 0.0450216 -0.097 -0.0103452
         vertex 0.0455 -0.097 -0.01025
         vertex 0.0455 -0.101 -0.01025
      endloop
   endfacet
   facet normal 0.707107 4.90654e-16 -0.707107
      outer loop
         vertex 0.0446161 -0.097 -0.0106161
         vertex 0.0450216 -0.097 -0.0103452
         vertex 0.0450216 -0.101 -0.0103452
      endloop
   endfacet
   facet normal 0.92388 2.6554e-16 -0.382683
      outer loop
         vertex 0.0443452 -0.097 -0.0110216
         vertex 0.0446161 -0.097 -0.0106161
         vertex 0.0446161 -0.101 -0.0106161
      endloop
   endfacet
   facet normal 1 -1.27465e-31 1.83697e-16
      outer loop
         vertex 0.04425 -0.097 -0.0115
         vertex 0.0443452 -0.097 -0.0110216
         vertex 0.0443452 -0.101 -0.0110216
      endloop
   endfacet
   facet normal 0.92388 -2.6554e-16 0.382683
      outer loop
         vertex 0.0443452 -0.097 -0.0119784
         vertex 0.04425 -0.097 -0.0115
         vertex 0.04425 -0.101 -0.0115
      endloop
   endfacet
   facet normal 0.707107 -4.90654e-16 0.707107
      outer loop
         vertex 0.0446161 -0.097 -0.0123839
         vertex 0.0443452 -0.097 -0.0119784
         vertex 0.0443452 -0.101 -0.0119784
      endloop
   endfacet
   facet normal 0.382683 -6.4107e-16 0.92388
      outer loop
         vertex 0.0450216 -0.097 -0.0126548
         vertex 0.0446161 -0.097 -0.0123839
         vertex 0.0446161 -0.101 -0.0123839
      endloop
   endfacet
   facet normal -1.22465e-16 -6.93889e-16 1
      outer loop
         vertex 0.0455 -0.097 -0.01275
         vertex 0.0450216 -0.097 -0.0126548
         vertex 0.0450216 -0.101 -0.0126548
      endloop
   endfacet
   facet normal -0.382683 -6.4107e-16 0.92388
      outer loop
         vertex 0.0459784 -0.097 -0.0126548
         vertex 0.0455 -0.097 -0.01275
         vertex 0.0455 -0.101 -0.01275
      endloop
   endfacet
   facet normal -0.707107 -4.90654e-16 0.707107
      outer loop
         vertex 0.0463839 -0.097 -0.0123839
         vertex 0.0459784 -0.097 -0.0126548
         vertex 0.0459784 -0.101 -0.0126548
      endloop
   endfacet
   facet normal -0.92388 -2.6554e-16 0.382683
      outer loop
         vertex 0.0466548 -0.097 -0.0119784
         vertex 0.0463839 -0.097 -0.0123839
         vertex 0.0463839 -0.101 -0.0123839
      endloop
   endfacet
   facet normal -1 4.24885e-32 -6.12323e-17
      outer loop
         vertex 0.04675 -0.097 -0.0115
         vertex 0.0466548 -0.097 -0.0119784
         vertex 0.0466548 -0.101 -0.0119784
      endloop
   endfacet
   facet normal -0.92388 2.6554e-16 -0.382683
      outer loop
         vertex 0.0466548 -0.097 -0.0110216
         vertex 0.04675 -0.097 -0.0115
         vertex 0.04675 -0.101 -0.0115
      endloop
   endfacet
   facet normal -0.707107 4.90654e-16 -0.707107
      outer loop
         vertex 0.0463839 -0.097 -0.0106161
         vertex 0.0466548 -0.097 -0.0110216
         vertex 0.0466548 -0.101 -0.0110216
      endloop
   endfacet
   facet normal -0.382683 6.4107e-16 -0.92388
      outer loop
         vertex 0.0459784 -0.097 -0.0103452
         vertex 0.0463839 -0.097 -0.0106161
         vertex 0.0463839 -0.101 -0.0106161
      endloop
   endfacet
   facet normal 0 6.93889e-16 -1
      outer loop
         vertex 0.0455 -0.097 -0.01025
         vertex 0.0459784 -0.097 -0.0103452
         vertex 0.0459784 -0.101 -0.0103452
      endloop
   endfacet
   facet normal -0.382683 6.4107e-16 -0.92388
      outer loop
         vertex 0.0459784 -0.101 -0.0103452
         vertex 0.0455 -0.101 -0.01025
         vertex 0.0455 -0.097 -0.01025
      endloop
   endfacet
   facet normal -0.707107 4.90654e-16 -0.707107
      outer loop
         vertex 0.0463839 -0.101 -0.0106161
         vertex 0.0459784 -0.101 -0.0103452
         vertex 0.0459784 -0.097 -0.0103452
      endloop
   endfacet
   facet normal -0.92388 2.6554e-16 -0.382683
      outer loop
         vertex 0.0466548 -0.101 -0.0110216
         vertex 0.0463839 -0.101 -0.0106161
         vertex 0.0463839 -0.097 -0.0106161
      endloop
   endfacet
   facet normal -1 4.24885e-32 -6.12323e-17
      outer loop
         vertex 0.04675 -0.101 -0.0115
         vertex 0.0466548 -0.101 -0.0110216
         vertex 0.0466548 -0.097 -0.0110216
      endloop
   endfacet
   facet normal -0.92388 -2.6554e-16 0.382683
      outer loop
         vertex 0.0466548 -0.101 -0.0119784
         vertex 0.04675 -0.101 -0.0115
         vertex 0.04675 -0.097 -0.0115
      endloop
   endfacet
   facet normal -0.707107 -4.90654e-16 0.707107
      outer loop
         vertex 0.0463839 -0.101 -0.0123839
         vertex 0.0466548 -0.101 -0.0119784
         vertex 0.0466548 -0.097 -0.0119784
      endloop
   endfacet
   facet normal -0.382683 -6.4107e-16 0.92388
      outer loop
         vertex 0.0459784 -0.101 -0.0126548
         vertex 0.0463839 -0.101 -0.0123839
         vertex 0.0463839 -0.097 -0.0123839
      endloop
   endfacet
   facet normal -1.22465e-16 -6.93889e-16 1
      outer loop
         vertex 0.0455 -0.101 -0.01275
         vertex 0.0459784 -0.101 -0.0126548
         vertex 0.0459784 -0.097 -0.0126548
      endloop
   endfacet
   facet normal 0.382683 -6.4107e-16 0.92388
      outer loop
         vertex 0.0450216 -0.101 -0.0126548
         vertex 0.0455 -0.101 -0.01275
         vertex 0.0455 -0.097 -0.01275
      endloop
   endfacet
   facet normal 0.707107 -4.90654e-16 0.707107
      outer loop
         vertex 0.0446161 -0.101 -0.0123839
         vertex 0.0450216 -0.101 -0.0126548
         vertex 0.0450216 -0.097 -0.0126548
      endloop
   endfacet
   facet normal 0.92388 -2.6554e-16 0.382683
      outer loop
         vertex 0.0443452 -0.101 -0.0119784
         vertex 0.0446161 -0.101 -0.0123839
         vertex 0.0446161 -0.097 -0.0123839
      endloop
   endfacet
   facet normal 1 -1.27465e-31 1.83697e-16
      outer loop
         vertex 0.04425 -0.101 -0.0115
         vertex 0.0443452 -0.101 -0.0119784
         vertex 0.0443452 -0.097 -0.0119784
      endloop
   endfacet
   facet normal 0.92388 2.6554e-16 -0.382683
      outer loop
         vertex 0.0443452 -0.101 -0.0110216
         vertex 0.04425 -0.101 -0.0115
         vertex 0.04425 -0.097 -0.0115
      endloop
   endfacet
   facet normal 0.707107 4.90654e-16 -0.707107
      outer loop
         vertex 0.0446161 -0.101 -0.0106161
         vertex 0.0443452 -0.101 -0.0110216
         vertex 0.0443452 -0.097 -0.0110216
      endloop
   endfacet
   facet normal 0.382683 6.4107e-16 -0.92388
      outer loop
         vertex 0.0450216 -0.101 -0.0103452
         vertex 0.0446161 -0.101 -0.0106161
         vertex 0.0446161 -0.097 -0.0106161
      endloop
   endfacet
   facet normal 0 6.93889e-16 -1
      outer loop
         vertex 0.0455 -0.101 -0.01025
         vertex 0.0450216 -0.101 -0.0103452
         vertex 0.0450216 -0.097 -0.0103452
      endloop
   endfacet
   facet normal 0.100479 -0.857167 0.505142
      outer loop
         vertex 0.0455 -0.0962489 -0.0115
         vertex 0.0450216 -0.097 -0.0126548
         vertex 0.0455 -0.097 -0.01275
      endloop
   endfacet
   facet normal 0.28614 -0.857167 0.428239
      outer loop
         vertex 0.0455 -0.0962489 -0.0115
         vertex 0.0446161 -0.097 -0.0123839
         vertex 0.0450216 -0.097 -0.0126548
      endloop
   endfacet
   facet normal 0.428239 -0.857167 0.28614
      outer loop
         vertex 0.0455 -0.0962489 -0.0115
         vertex 0.0443452 -0.097 -0.0119784
         vertex 0.0446161 -0.097 -0.0123839
      endloop
   endfacet
   facet normal 0.505142 -0.857167 0.100479
      outer loop
         vertex 0.0455 -0.0962489 -0.0115
         vertex 0.04425 -0.097 -0.0115
         vertex 0.0443452 -0.097 -0.0119784
      endloop
   endfacet
   facet normal 0.505142 -0.857167 -0.100479
      outer loop
         vertex 0.0455 -0.0962489 -0.0115
         vertex 0.0443452 -0.097 -0.0110216
         vertex 0.04425 -0.097 -0.0115
      endloop
   endfacet
   facet normal 0.428239 -0.857167 -0.28614
      outer loop
         vertex 0.0455 -0.0962489 -0.0115
         vertex 0.0446161 -0.097 -0.0106161
         vertex 0.0443452 -0.097 -0.0110216
      endloop
   endfacet
   facet normal 0.28614 -0.857167 -0.428239
      outer loop
         vertex 0.0455 -0.0962489 -0.0115
         vertex 0.0450216 -0.097 -0.0103452
         vertex 0.0446161 -0.097 -0.0106161
      endloop
   endfacet
   facet normal 0.100479 -0.857167 -0.505142
      outer loop
         vertex 0.0455 -0.0962489 -0.0115
         vertex 0.0455 -0.097 -0.01025
         vertex 0.0450216 -0.097 -0.0103452
      endloop
   endfacet
   facet normal -0.100479 -0.857167 -0.505142
      outer loop
         vertex 0.0455 -0.0962489 -0.0115
         vertex 0.0459784 -0.097 -0.0103452
         vertex 0.0455 -0.097 -0.01025
      endloop
   endfacet
   facet normal -0.28614 -0.857167 -0.428239
      outer loop
         vertex 0.0455 -0.0962489 -0.0115
         vertex 0.0463839 -0.097 -0.0106161
         vertex 0.0459784 -0.097 -0.0103452
      endloop
   endfacet
   facet normal -0.428239 -0.857167 -0.28614
      outer loop
         vertex 0.0455 -0.0962489 -0.0115
         vertex 0.0466548 -0.097 -0.0110216
         vertex 0.0463839 -0.097 -0.0106161
      endloop
   endfacet
   facet normal -0.505142 -0.857167 -0.100479
      outer loop
         vertex 0.0455 -0.0962489 -0.0115
         vertex 0.04675 -0.097 -0.0115
         vertex 0.0466548 -0.097 -0.0110216
      endloop
   endfacet
   facet normal -0.505142 -0.857167 0.100479
      outer loop
         vertex 0.0455 -0.0962489 -0.0115
         vertex 0.0466548 -0.097 -0.0119784
         vertex 0.04675 -0.097 -0.0115
      endloop
   endfacet
   facet normal -0.428239 -0.857167 0.28614
      outer loop
         vertex 0.0455 -0.0962489 -0.0115
         vertex 0.0463839 -0.097 -0.0123839
         vertex 0.0466548 -0.097 -0.0119784
      endloop
   endfacet
   facet normal -0.28614 -0.857167 0.428239
      outer loop
         vertex 0.0455 -0.0962489 -0.0115
         vertex 0.0459784 -0.097 -0.0126548
         vertex 0.0463839 -0.097 -0.0123839
      endloop
   endfacet
   facet normal -0.100479 -0.857167 0.505142
      outer loop
         vertex 0.0455 -0.0962489 -0.0115
         vertex 0.0455 -0.097 -0.01275
         vertex 0.0459784 -0.097 -0.0126548
      endloop
   endfacet
   facet normal 0.382683 6.4107e-16 -0.92388
      outer loop
         vertex 0.0436213 -0.1002 -0.0172042
         vertex 0.0442335 -0.1002 -0.0170824
         vertex 0.0442335 -0.101 -0.0170824
      endloop
   endfacet
   facet normal 0.707107 4.90654e-16 -0.707107
      outer loop
         vertex 0.0431022 -0.1002 -0.0175511
         vertex 0.0436213 -0.1002 -0.0172042
         vertex 0.0436213 -0.101 -0.0172042
      endloop
   endfacet
   facet normal 0.92388 2.6554e-16 -0.382683
      outer loop
         vertex 0.0427553 -0.1002 -0.0180701
         vertex 0.0431022 -0.1002 -0.0175511
         vertex 0.0431022 -0.101 -0.0175511
      endloop
   endfacet
   facet normal 1 -1.27465e-31 1.83697e-16
      outer loop
         vertex 0.0426335 -0.1002 -0.0186824
         vertex 0.0427553 -0.1002 -0.0180701
         vertex 0.0427553 -0.101 -0.0180701
      endloop
   endfacet
   facet normal 0.92388 -2.6554e-16 0.382683
      outer loop
         vertex 0.0427553 -0.1002 -0.0192947
         vertex 0.0426335 -0.1002 -0.0186824
         vertex 0.0426335 -0.101 -0.0186824
      endloop
   endfacet
   facet normal 0.707107 -4.90654e-16 0.707107
      outer loop
         vertex 0.0431022 -0.1002 -0.0198138
         vertex 0.0427553 -0.1002 -0.0192947
         vertex 0.0427553 -0.101 -0.0192947
      endloop
   endfacet
   facet normal 0.382683 -6.4107e-16 0.92388
      outer loop
         vertex 0.0436213 -0.1002 -0.0201606
         vertex 0.0431022 -0.1002 -0.0198138
         vertex 0.0431022 -0.101 -0.0198138
      endloop
   endfacet
   facet normal -1.22465e-16 -6.93889e-16 1
      outer loop
         vertex 0.0442335 -0.1002 -0.0202824
         vertex 0.0436213 -0.1002 -0.0201606
         vertex 0.0436213 -0.101 -0.0201606
      endloop
   endfacet
   facet normal -0.382683 -6.4107e-16 0.92388
      outer loop
         vertex 0.0448458 -0.1002 -0.0201606
         vertex 0.0442335 -0.1002 -0.0202824
         vertex 0.0442335 -0.101 -0.0202824
      endloop
   endfacet
   facet normal -0.707107 -4.90654e-16 0.707107
      outer loop
         vertex 0.0453649 -0.1002 -0.0198138
         vertex 0.0448458 -0.1002 -0.0201606
         vertex 0.0448458 -0.101 -0.0201606
      endloop
   endfacet
   facet normal -0.92388 -2.6554e-16 0.382683
      outer loop
         vertex 0.0457118 -0.1002 -0.0192947
         vertex 0.0453649 -0.1002 -0.0198138
         vertex 0.0453649 -0.101 -0.0198138
      endloop
   endfacet
   facet normal -1 4.24885e-32 -6.12323e-17
      outer loop
         vertex 0.0458335 -0.1002 -0.0186824
         vertex 0.0457118 -0.1002 -0.0192947
         vertex 0.0457118 -0.101 -0.0192947
      endloop
   endfacet
   facet normal -0.92388 2.6554e-16 -0.382683
      outer loop
         vertex 0.0457118 -0.1002 -0.0180701
         vertex 0.0458335 -0.1002 -0.0186824
         vertex 0.0458335 -0.101 -0.0186824
      endloop
   endfacet
   facet normal -0.707107 4.90654e-16 -0.707107
      outer loop
         vertex 0.0453649 -0.1002 -0.0175511
         vertex 0.0457118 -0.1002 -0.0180701
         vertex 0.0457118 -0.101 -0.0180701
      endloop
   endfacet
   facet normal -0.382683 6.4107e-16 -0.92388
      outer loop
         vertex 0.0448458 -0.1002 -0.0172042
         vertex 0.0453649 -0.1002 -0.0175511
         vertex 0.0453649 -0.101 -0.0175511
      endloop
   endfacet
   facet normal 0 6.77626e-16 -1
      outer loop
         vertex 0.0442335 -0.1002 -0.0170824
         vertex 0.0448458 -0.1002 -0.0172042
         vertex 0.0448458 -0.101 -0.0172042
      endloop
   endfacet
   facet normal -0.382683 6.4107e-16 -0.92388
      outer loop
         vertex 0.0448458 -0.101 -0.0172042
         vertex 0.0442335 -0.101 -0.0170824
         vertex 0.0442335 -0.1002 -0.0170824
      endloop
   endfacet
   facet normal -0.707107 4.90654e-16 -0.707107
      outer loop
         vertex 0.0453649 -0.101 -0.0175511
         vertex 0.0448458 -0.101 -0.0172042
         vertex 0.0448458 -0.1002 -0.0172042
      endloop
   endfacet
   facet normal -0.92388 2.6554e-16 -0.382683
      outer loop
         vertex 0.0457118 -0.101 -0.0180701
         vertex 0.0453649 -0.101 -0.0175511
         vertex 0.0453649 -0.1002 -0.0175511
      endloop
   endfacet
   facet normal -1 4.24885e-32 -6.12323e-17
      outer loop
         vertex 0.0458335 -0.101 -0.0186824
         vertex 0.0457118 -0.101 -0.0180701
         vertex 0.0457118 -0.1002 -0.0180701
      endloop
   endfacet
   facet normal -0.92388 -2.6554e-16 0.382683
      outer loop
         vertex 0.0457118 -0.101 -0.0192947
         vertex 0.0458335 -0.101 -0.0186824
         vertex 0.0458335 -0.1002 -0.0186824
      endloop
   endfacet
   facet normal -0.707107 -4.90654e-16 0.707107
      outer loop
         vertex 0.0453649 -0.101 -0.0198138
         vertex 0.0457118 -0.101 -0.0192947
         vertex 0.0457118 -0.1002 -0.0192947
      endloop
   endfacet
   facet normal -0.382683 -6.4107e-16 0.92388
      outer loop
         vertex 0.0448458 -0.101 -0.0201606
         vertex 0.0453649 -0.101 -0.0198138
         vertex 0.0453649 -0.1002 -0.0198138
      endloop
   endfacet
   facet normal -1.22465e-16 -6.93889e-16 1
      outer loop
         vertex 0.0442335 -0.101 -0.0202824
         vertex 0.0448458 -0.101 -0.0201606
         vertex 0.0448458 -0.1002 -0.0201606
      endloop
   endfacet
   facet normal 0.382683 -6.4107e-16 0.92388
      outer loop
         vertex 0.0436213 -0.101 -0.0201606
         vertex 0.0442335 -0.101 -0.0202824
         vertex 0.0442335 -0.1002 -0.0202824
      endloop
   endfacet
   facet normal 0.707107 -4.90654e-16 0.707107
      outer loop
         vertex 0.0431022 -0.101 -0.0198138
         vertex 0.0436213 -0.101 -0.0201606
         vertex 0.0436213 -0.1002 -0.0201606
      endloop
   endfacet
   facet normal 0.92388 -2.6554e-16 0.382683
      outer loop
         vertex 0.0427553 -0.101 -0.0192947
         vertex 0.0431022 -0.101 -0.0198138
         vertex 0.0431022 -0.1002 -0.0198138
      endloop
   endfacet
   facet normal 1 -1.27465e-31 1.83697e-16
      outer loop
         vertex 0.0426335 -0.101 -0.0186824
         vertex 0.0427553 -0.101 -0.0192947
         vertex 0.0427553 -0.1002 -0.0192947
      endloop
   endfacet
   facet normal 0.92388 2.6554e-16 -0.382683
      outer loop
         vertex 0.0427553 -0.101 -0.0180701
         vertex 0.0426335 -0.101 -0.0186824
         vertex 0.0426335 -0.1002 -0.0186824
      endloop
   endfacet
   facet normal 0.707107 4.90654e-16 -0.707107
      outer loop
         vertex 0.0431022 -0.101 -0.0175511
         vertex 0.0427553 -0.101 -0.0180701
         vertex 0.0427553 -0.1002 -0.0180701
      endloop
   endfacet
   facet normal 0.382683 6.4107e-16 -0.92388
      outer loop
         vertex 0.0436213 -0.101 -0.0172042
         vertex 0.0431022 -0.101 -0.0175511
         vertex 0.0431022 -0.1002 -0.0175511
      endloop
   endfacet
   facet normal 0 6.77626e-16 -1
      outer loop
         vertex 0.0442335 -0.101 -0.0170824
         vertex 0.0436213 -0.101 -0.0172042
         vertex 0.0436213 -0.1002 -0.0172042
      endloop
   endfacet
   facet normal 0 -1 -6.93889e-16
      outer loop
         vertex 0.0448458 -0.1002 -0.0172042
         vertex 0.0442335 -0.1002 -0.0170824
         vertex 0.0442335 -0.1002 -0.0174824
      endloop
   endfacet
   facet normal 0 -1 -6.93889e-16
      outer loop
         vertex 0.0436213 -0.1002 -0.0172042
         vertex 0.0437743 -0.1002 -0.0175738
         vertex 0.0442335 -0.1002 -0.0174824
      endloop
   endfacet
   facet normal 0 -1 -6.93889e-16
      outer loop
         vertex 0.0453649 -0.1002 -0.0175511
         vertex 0.0448458 -0.1002 -0.0172042
         vertex 0.0446928 -0.1002 -0.0175738
      endloop
   endfacet
   facet normal 0 -1 -6.93889e-16
      outer loop
         vertex 0.0442335 -0.1002 -0.0174824
         vertex 0.0442335 -0.1002 -0.0170824
         vertex 0.0436213 -0.1002 -0.0172042
      endloop
   endfacet
   facet normal 0 -1 -6.93889e-16
      outer loop
         vertex 0.0457118 -0.1002 -0.0180701
         vertex 0.0453422 -0.1002 -0.0182232
         vertex 0.0454335 -0.1002 -0.0186824
      endloop
   endfacet
   facet normal 0 -1 -6.93889e-16
      outer loop
         vertex 0.0457118 -0.1002 -0.0180701
         vertex 0.0453649 -0.1002 -0.0175511
         vertex 0.0450821 -0.1002 -0.0178339
      endloop
   endfacet
   facet normal 0 -1 -6.93889e-16
      outer loop
         vertex 0.0442335 -0.1002 -0.0174824
         vertex 0.0446928 -0.1002 -0.0175738
         vertex 0.0448458 -0.1002 -0.0172042
      endloop
   endfacet
   facet normal 0 -1 -6.93889e-16
      outer loop
         vertex 0.0431022 -0.1002 -0.0175511
         vertex 0.043385 -0.1002 -0.0178339
         vertex 0.0437743 -0.1002 -0.0175738
      endloop
   endfacet
   facet normal 0 -1 -6.93889e-16
      outer loop
         vertex 0.0450821 -0.1002 -0.0178339
         vertex 0.0453422 -0.1002 -0.0182232
         vertex 0.0457118 -0.1002 -0.0180701
      endloop
   endfacet
   facet normal 0 -1 -6.93889e-16
      outer loop
         vertex 0.0437743 -0.1002 -0.0175738
         vertex 0.0436213 -0.1002 -0.0172042
         vertex 0.0431022 -0.1002 -0.0175511
      endloop
   endfacet
   facet normal 0 -1 -6.93889e-16
      outer loop
         vertex 0.0431022 -0.1002 -0.0175511
         vertex 0.0427553 -0.1002 -0.0180701
         vertex 0.0431249 -0.1002 -0.0182232
      endloop
   endfacet
   facet normal 0 -1 -6.93889e-16
      outer loop
         vertex 0.0427553 -0.1002 -0.0180701
         vertex 0.0426335 -0.1002 -0.0186824
         vertex 0.0430335 -0.1002 -0.0186824
      endloop
   endfacet
   facet normal 0 -1 -6.93889e-16
      outer loop
         vertex 0.0427553 -0.1002 -0.0192947
         vertex 0.0431249 -0.1002 -0.0191416
         vertex 0.0430335 -0.1002 -0.0186824
      endloop
   endfacet
   facet normal 0 -1 -6.93889e-16
      outer loop
         vertex 0.0427553 -0.1002 -0.0192947
         vertex 0.0431022 -0.1002 -0.0198138
         vertex 0.043385 -0.1002 -0.019531
      endloop
   endfacet
   facet normal 0 -1 -6.93889e-16
      outer loop
         vertex 0.0431022 -0.1002 -0.0198138
         vertex 0.0436213 -0.1002 -0.0201606
         vertex 0.0437743 -0.1002 -0.0197911
      endloop
   endfacet
   facet normal 0 -1 -6.93889e-16
      outer loop
         vertex 0.0436213 -0.1002 -0.0201606
         vertex 0.0442335 -0.1002 -0.0202824
         vertex 0.0442335 -0.1002 -0.0198824
      endloop
   endfacet
   facet normal 0 -1 -6.93889e-16
      outer loop
         vertex 0.0448458 -0.1002 -0.0201606
         vertex 0.0446928 -0.1002 -0.0197911
         vertex 0.0442335 -0.1002 -0.0198824
      endloop
   endfacet
   facet normal 0 -1 -6.93889e-16
      outer loop
         vertex 0.0453649 -0.1002 -0.0198138
         vertex 0.0450821 -0.1002 -0.019531
         vertex 0.0446928 -0.1002 -0.0197911
      endloop
   endfacet
   facet normal 0 -1 -6.93889e-16
      outer loop
         vertex 0.0457118 -0.1002 -0.0192947
         vertex 0.0453422 -0.1002 -0.0191416
         vertex 0.0450821 -0.1002 -0.019531
      endloop
   endfacet
   facet normal 0 -1 -6.93889e-16
      outer loop
         vertex 0.0457118 -0.1002 -0.0192947
         vertex 0.0458335 -0.1002 -0.0186824
         vertex 0.0454335 -0.1002 -0.0186824
      endloop
   endfacet
   facet normal 0 -1 -6.93889e-16
      outer loop
         vertex 0.0446928 -0.1002 -0.0175738
         vertex 0.0450821 -0.1002 -0.0178339
         vertex 0.0453649 -0.1002 -0.0175511
      endloop
   endfacet
   facet normal 0 -1 -6.93889e-16
      outer loop
         vertex 0.0430335 -0.1002 -0.0186824
         vertex 0.0431249 -0.1002 -0.0182232
         vertex 0.0427553 -0.1002 -0.0180701
      endloop
   endfacet
   facet normal 0 -1 -6.93889e-16
      outer loop
         vertex 0.043385 -0.1002 -0.019531
         vertex 0.0431249 -0.1002 -0.0191416
         vertex 0.0427553 -0.1002 -0.0192947
      endloop
   endfacet
   facet normal 0 -1 -6.93889e-16
      outer loop
         vertex 0.0442335 -0.1002 -0.0198824
         vertex 0.0437743 -0.1002 -0.0197911
         vertex 0.0436213 -0.1002 -0.0201606
      endloop
   endfacet
   facet normal 0 -1 -6.93889e-16
      outer loop
         vertex 0.0446928 -0.1002 -0.0197911
         vertex 0.0448458 -0.1002 -0.0201606
         vertex 0.0453649 -0.1002 -0.0198138
      endloop
   endfacet
   facet normal 0 -1 -6.93889e-16
      outer loop
         vertex 0.0454335 -0.1002 -0.0186824
         vertex 0.0453422 -0.1002 -0.0191416
         vertex 0.0457118 -0.1002 -0.0192947
      endloop
   endfacet
   facet normal 0 -1 -6.93889e-16
      outer loop
         vertex 0.0431249 -0.1002 -0.0182232
         vertex 0.043385 -0.1002 -0.0178339
         vertex 0.0431022 -0.1002 -0.0175511
      endloop
   endfacet
   facet normal 0 -1 -6.93889e-16
      outer loop
         vertex 0.0437743 -0.1002 -0.0197911
         vertex 0.043385 -0.1002 -0.019531
         vertex 0.0431022 -0.1002 -0.0198138
      endloop
   endfacet
   facet normal 0 -1 -6.93889e-16
      outer loop
         vertex 0.0450821 -0.1002 -0.019531
         vertex 0.0453649 -0.1002 -0.0198138
         vertex 0.0457118 -0.1002 -0.0192947
      endloop
   endfacet
   facet normal 0 -1 -6.93889e-16
      outer loop
         vertex 0.0430335 -0.1002 -0.0186824
         vertex 0.0426335 -0.1002 -0.0186824
         vertex 0.0427553 -0.1002 -0.0192947
      endloop
   endfacet
   facet normal 0 -1 -6.93889e-16
      outer loop
         vertex 0.0454335 -0.1002 -0.0186824
         vertex 0.0458335 -0.1002 -0.0186824
         vertex 0.0457118 -0.1002 -0.0180701
      endloop
   endfacet
   facet normal 0 -1 -6.93889e-16
      outer loop
         vertex 0.0442335 -0.1002 -0.0198824
         vertex 0.0442335 -0.1002 -0.0202824
         vertex 0.0448458 -0.1002 -0.0201606
      endloop
   endfacet
   facet normal 0.382683 6.4107e-16 -0.92388
      outer loop
         vertex 0.0437743 -0.092 -0.0175738
         vertex 0.0442335 -0.092 -0.0174824
         vertex 0.0442335 -0.1002 -0.0174824
      endloop
   endfacet
   facet normal 0.707107 4.90654e-16 -0.707107
      outer loop
         vertex 0.043385 -0.092 -0.0178339
         vertex 0.0437743 -0.092 -0.0175738
         vertex 0.0437743 -0.1002 -0.0175738
      endloop
   endfacet
   facet normal 0.92388 2.6554e-16 -0.382683
      outer loop
         vertex 0.0431249 -0.092 -0.0182232
         vertex 0.043385 -0.092 -0.0178339
         vertex 0.043385 -0.1002 -0.0178339
      endloop
   endfacet
   facet normal 1 -1.27465e-31 1.83697e-16
      outer loop
         vertex 0.0430335 -0.092 -0.0186824
         vertex 0.0431249 -0.092 -0.0182232
         vertex 0.0431249 -0.1002 -0.0182232
      endloop
   endfacet
   facet normal 0.92388 -2.6554e-16 0.382683
      outer loop
         vertex 0.0431249 -0.092 -0.0191416
         vertex 0.0430335 -0.092 -0.0186824
         vertex 0.0430335 -0.1002 -0.0186824
      endloop
   endfacet
   facet normal 0.707107 -4.90654e-16 0.707107
      outer loop
         vertex 0.043385 -0.092 -0.019531
         vertex 0.0431249 -0.092 -0.0191416
         vertex 0.0431249 -0.1002 -0.0191416
      endloop
   endfacet
   facet normal 0.382683 -6.4107e-16 0.92388
      outer loop
         vertex 0.0437743 -0.092 -0.0197911
         vertex 0.043385 -0.092 -0.019531
         vertex 0.043385 -0.1002 -0.019531
      endloop
   endfacet
   facet normal -1.22465e-16 -6.93889e-16 1
      outer loop
         vertex 0.0442335 -0.092 -0.0198824
         vertex 0.0437743 -0.092 -0.0197911
         vertex 0.0437743 -0.1002 -0.0197911
      endloop
   endfacet
   facet normal -0.382683 -6.4107e-16 0.92388
      outer loop
         vertex 0.0446928 -0.092 -0.0197911
         vertex 0.0442335 -0.092 -0.0198824
         vertex 0.0442335 -0.1002 -0.0198824
      endloop
   endfacet
   facet normal -0.707107 -4.90654e-16 0.707107
      outer loop
         vertex 0.0450821 -0.092 -0.019531
         vertex 0.0446928 -0.092 -0.0197911
         vertex 0.0446928 -0.1002 -0.0197911
      endloop
   endfacet
   facet normal -0.92388 -2.6554e-16 0.382683
      outer loop
         vertex 0.0453422 -0.092 -0.0191416
         vertex 0.0450821 -0.092 -0.019531
         vertex 0.0450821 -0.1002 -0.019531
      endloop
   endfacet
   facet normal -1 -2.6566e-31 3.82857e-16
      outer loop
         vertex 0.0454335 -0.092 -0.0186824
         vertex 0.0453422 -0.092 -0.0191416
         vertex 0.0453422 -0.1002 -0.0191416
      endloop
   endfacet
   facet normal -0.92388 2.6554e-16 -0.382683
      outer loop
         vertex 0.0453422 -0.092 -0.0182232
         vertex 0.0454335 -0.092 -0.0186824
         vertex 0.0454335 -0.1002 -0.0186824
      endloop
   endfacet
   facet normal -0.707107 4.90654e-16 -0.707107
      outer loop
         vertex 0.0450821 -0.092 -0.0178339
         vertex 0.0453422 -0.092 -0.0182232
         vertex 0.0453422 -0.1002 -0.0182232
      endloop
   endfacet
   facet normal -0.382683 6.4107e-16 -0.92388
      outer loop
         vertex 0.0446928 -0.092 -0.0175738
         vertex 0.0450821 -0.092 -0.0178339
         vertex 0.0450821 -0.1002 -0.0178339
      endloop
   endfacet
   facet normal 0 0 -1
      outer loop
         vertex 0.0442335 -0.092 -0.0174824
         vertex 0.0446928 -0.092 -0.0175738
         vertex 0.0446928 -0.1002 -0.0175738
      endloop
   endfacet
   facet normal -0.382683 6.4107e-16 -0.92388
      outer loop
         vertex 0.0446928 -0.1002 -0.0175738
         vertex 0.0442335 -0.1002 -0.0174824
         vertex 0.0442335 -0.092 -0.0174824
      endloop
   endfacet
   facet normal -0.707107 4.90654e-16 -0.707107
      outer loop
         vertex 0.0450821 -0.1002 -0.0178339
         vertex 0.0446928 -0.1002 -0.0175738
         vertex 0.0446928 -0.092 -0.0175738
      endloop
   endfacet
   facet normal -0.92388 2.6554e-16 -0.382683
      outer loop
         vertex 0.0453422 -0.1002 -0.0182232
         vertex 0.0450821 -0.1002 -0.0178339
         vertex 0.0450821 -0.092 -0.0178339
      endloop
   endfacet
   facet normal -1 -2.6566e-31 3.82857e-16
      outer loop
         vertex 0.0454335 -0.1002 -0.0186824
         vertex 0.0453422 -0.1002 -0.0182232
         vertex 0.0453422 -0.092 -0.0182232
      endloop
   endfacet
   facet normal -0.92388 -2.6554e-16 0.382683
      outer loop
         vertex 0.0453422 -0.1002 -0.0191416
         vertex 0.0454335 -0.1002 -0.0186824
         vertex 0.0454335 -0.092 -0.0186824
      endloop
   endfacet
   facet normal -0.707107 -4.90654e-16 0.707107
      outer loop
         vertex 0.0450821 -0.1002 -0.019531
         vertex 0.0453422 -0.1002 -0.0191416
         vertex 0.0453422 -0.092 -0.0191416
      endloop
   endfacet
   facet normal -0.382683 -6.4107e-16 0.92388
      outer loop
         vertex 0.0446928 -0.1002 -0.0197911
         vertex 0.0450821 -0.1002 -0.019531
         vertex 0.0450821 -0.092 -0.019531
      endloop
   endfacet
   facet normal -1.22465e-16 -6.93889e-16 1
      outer loop
         vertex 0.0442335 -0.1002 -0.0198824
         vertex 0.0446928 -0.1002 -0.0197911
         vertex 0.0446928 -0.092 -0.0197911
      endloop
   endfacet
   facet normal 0.382683 -6.4107e-16 0.92388
      outer loop
         vertex 0.0437743 -0.1002 -0.0197911
         vertex 0.0442335 -0.1002 -0.0198824
         vertex 0.0442335 -0.092 -0.0198824
      endloop
   endfacet
   facet normal 0.707107 -4.90654e-16 0.707107
      outer loop
         vertex 0.043385 -0.1002 -0.019531
         vertex 0.0437743 -0.1002 -0.0197911
         vertex 0.0437743 -0.092 -0.0197911
      endloop
   endfacet
   facet normal 0.92388 -2.6554e-16 0.382683
      outer loop
         vertex 0.0431249 -0.1002 -0.0191416
         vertex 0.043385 -0.1002 -0.019531
         vertex 0.043385 -0.092 -0.019531
      endloop
   endfacet
   facet normal 1 -1.27465e-31 1.83697e-16
      outer loop
         vertex 0.0430335 -0.1002 -0.0186824
         vertex 0.0431249 -0.1002 -0.0191416
         vertex 0.0431249 -0.092 -0.0191416
      endloop
   endfacet
   facet normal 0.92388 2.6554e-16 -0.382683
      outer loop
         vertex 0.0431249 -0.1002 -0.0182232
         vertex 0.0430335 -0.1002 -0.0186824
         vertex 0.0430335 -0.092 -0.0186824
      endloop
   endfacet
   facet normal 0.707107 4.90654e-16 -0.707107
      outer loop
         vertex 0.043385 -0.1002 -0.0178339
         vertex 0.0431249 -0.1002 -0.0182232
         vertex 0.0431249 -0.092 -0.0182232
      endloop
   endfacet
   facet normal 0.382683 6.4107e-16 -0.92388
      outer loop
         vertex 0.0437743 -0.1002 -0.0175738
         vertex 0.043385 -0.1002 -0.0178339
         vertex 0.043385 -0.092 -0.0178339
      endloop
   endfacet
   facet normal 0 0 -1
      outer loop
         vertex 0.0442335 -0.1002 -0.0174824
         vertex 0.0437743 -0.1002 -0.0175738
         vertex 0.0437743 -0.092 -0.0175738
      endloop
   endfacet
   facet normal 0.100479 -0.857167 0.505142
      outer loop
         vertex 0.0442335 -0.091279 -0.0186824
         vertex 0.0437743 -0.092 -0.0197911
         vertex 0.0442335 -0.092 -0.0198824
      endloop
   endfacet
   facet normal 0.28614 -0.857167 0.428239
      outer loop
         vertex 0.0442335 -0.091279 -0.0186824
         vertex 0.043385 -0.092 -0.019531
         vertex 0.0437743 -0.092 -0.0197911
      endloop
   endfacet
   facet normal 0.428239 -0.857167 0.28614
      outer loop
         vertex 0.0442335 -0.091279 -0.0186824
         vertex 0.0431249 -0.092 -0.0191416
         vertex 0.043385 -0.092 -0.019531
      endloop
   endfacet
   facet normal 0.505142 -0.857167 0.100479
      outer loop
         vertex 0.0442335 -0.091279 -0.0186824
         vertex 0.0430335 -0.092 -0.0186824
         vertex 0.0431249 -0.092 -0.0191416
      endloop
   endfacet
   facet normal 0.505142 -0.857167 -0.100479
      outer loop
         vertex 0.0442335 -0.091279 -0.0186824
         vertex 0.0431249 -0.092 -0.0182232
         vertex 0.0430335 -0.092 -0.0186824
      endloop
   endfacet
   facet normal 0.428239 -0.857167 -0.28614
      outer loop
         vertex 0.0442335 -0.091279 -0.0186824
         vertex 0.043385 -0.092 -0.0178339
         vertex 0.0431249 -0.092 -0.0182232
      endloop
   endfacet
   facet normal 0.28614 -0.857167 -0.428239
      outer loop
         vertex 0.0442335 -0.091279 -0.0186824
         vertex 0.0437743 -0.092 -0.0175738
         vertex 0.043385 -0.092 -0.0178339
      endloop
   endfacet
   facet normal 0.100479 -0.857167 -0.505142
      outer loop
         vertex 0.0442335 -0.091279 -0.0186824
         vertex 0.0442335 -0.092 -0.0174824
         vertex 0.0437743 -0.092 -0.0175738
      endloop
   endfacet
   facet normal -0.100479 -0.857167 -0.505142
      outer loop
         vertex 0.0442335 -0.091279 -0.0186824
         vertex 0.0446928 -0.092 -0.0175738
         vertex 0.0442335 -0.092 -0.0174824
      endloop
   endfacet
   facet normal -0.28614 -0.857167 -0.428239
      outer loop
         vertex 0.0442335 -0.091279 -0.0186824
         vertex 0.0450821 -0.092 -0.0178339
         vertex 0.0446928 -0.092 -0.0175738
      endloop
   endfacet
   facet normal -0.428239 -0.857167 -0.28614
      outer loop
         vertex 0.0442335 -0.091279 -0.0186824
         vertex 0.0453422 -0.092 -0.0182232
         vertex 0.0450821 -0.092 -0.0178339
      endloop
   endfacet
   facet normal -0.505142 -0.857167 -0.100479
      outer loop
         vertex 0.0442335 -0.091279 -0.0186824
         vertex 0.0454335 -0.092 -0.0186824
         vertex 0.0453422 -0.092 -0.0182232
      endloop
   endfacet
   facet normal -0.505142 -0.857167 0.100479
      outer loop
         vertex 0.0442335 -0.091279 -0.0186824
         vertex 0.0453422 -0.092 -0.0191416
         vertex 0.0454335 -0.092 -0.0186824
      endloop
   endfacet
   facet normal -0.428239 -0.857167 0.28614
      outer loop
         vertex 0.0442335 -0.091279 -0.0186824
         vertex 0.0450821 -0.092 -0.019531
         vertex 0.0453422 -0.092 -0.0191416
      endloop
   endfacet
   facet normal -0.28614 -0.857167 0.428239
      outer loop
         vertex 0.0442335 -0.091279 -0.0186824
         vertex 0.0446928 -0.092 -0.0197911
         vertex 0.0450821 -0.092 -0.019531
      endloop
   endfacet
   facet normal -0.100479 -0.857167 0.505142
      outer loop
         vertex 0.0442335 -0.091279 -0.0186824
         vertex 0.0442335 -0.092 -0.0198824
         vertex 0.0446928 -0.092 -0.0197911
      endloop
   endfacet
   facet normal 0.382683 6.4107e-16 -0.92388
      outer loop
         vertex 0.0436213 -0.1002 -0.00283937
         vertex 0.0442335 -0.1002 -0.00271758
         vertex 0.0442335 -0.101 -0.00271758
      endloop
   endfacet
   facet normal 0.707107 4.90654e-16 -0.707107
      outer loop
         vertex 0.0431022 -0.1002 -0.00318621
         vertex 0.0436213 -0.1002 -0.00283937
         vertex 0.0436213 -0.101 -0.00283937
      endloop
   endfacet
   facet normal 0.92388 2.6554e-16 -0.382683
      outer loop
         vertex 0.0427553 -0.1002 -0.00370528
         vertex 0.0431022 -0.1002 -0.00318621
         vertex 0.0431022 -0.101 -0.00318621
      endloop
   endfacet
   facet normal 1 -1.27465e-31 1.83697e-16
      outer loop
         vertex 0.0426335 -0.1002 -0.00431758
         vertex 0.0427553 -0.1002 -0.00370528
         vertex 0.0427553 -0.101 -0.00370528
      endloop
   endfacet
   facet normal 0.92388 -2.6554e-16 0.382683
      outer loop
         vertex 0.0427553 -0.1002 -0.00492987
         vertex 0.0426335 -0.1002 -0.00431758
         vertex 0.0426335 -0.101 -0.00431758
      endloop
   endfacet
   facet normal 0.707107 -4.90654e-16 0.707107
      outer loop
         vertex 0.0431022 -0.1002 -0.00544895
         vertex 0.0427553 -0.1002 -0.00492987
         vertex 0.0427553 -0.101 -0.00492987
      endloop
   endfacet
   facet normal 0.382683 -6.4107e-16 0.92388
      outer loop
         vertex 0.0436213 -0.1002 -0.00579578
         vertex 0.0431022 -0.1002 -0.00544895
         vertex 0.0431022 -0.101 -0.00544895
      endloop
   endfacet
   facet normal -1.22465e-16 -6.93889e-16 1
      outer loop
         vertex 0.0442335 -0.1002 -0.00591758
         vertex 0.0436213 -0.1002 -0.00579578
         vertex 0.0436213 -0.101 -0.00579578
      endloop
   endfacet
   facet normal -0.382683 -6.4107e-16 0.92388
      outer loop
         vertex 0.0448458 -0.1002 -0.00579578
         vertex 0.0442335 -0.1002 -0.00591758
         vertex 0.0442335 -0.101 -0.00591758
      endloop
   endfacet
   facet normal -0.707107 -4.90654e-16 0.707107
      outer loop
         vertex 0.0453649 -0.1002 -0.00544895
         vertex 0.0448458 -0.1002 -0.00579578
         vertex 0.0448458 -0.101 -0.00579578
      endloop
   endfacet
   facet normal -0.92388 -2.6554e-16 0.382683
      outer loop
         vertex 0.0457118 -0.1002 -0.00492987
         vertex 0.0453649 -0.1002 -0.00544895
         vertex 0.0453649 -0.101 -0.00544895
      endloop
   endfacet
   facet normal -1 4.24885e-32 -6.12323e-17
      outer loop
         vertex 0.0458335 -0.1002 -0.00431758
         vertex 0.0457118 -0.1002 -0.00492987
         vertex 0.0457118 -0.101 -0.00492987
      endloop
   endfacet
   facet normal -0.92388 2.6554e-16 -0.382683
      outer loop
         vertex 0.0457118 -0.1002 -0.00370528
         vertex 0.0458335 -0.1002 -0.00431758
         vertex 0.0458335 -0.101 -0.00431758
      endloop
   endfacet
   facet normal -0.707107 4.90654e-16 -0.707107
      outer loop
         vertex 0.0453649 -0.1002 -0.00318621
         vertex 0.0457118 -0.1002 -0.00370528
         vertex 0.0457118 -0.101 -0.00370528
      endloop
   endfacet
   facet normal -0.382683 6.4107e-16 -0.92388
      outer loop
         vertex 0.0448458 -0.1002 -0.00283937
         vertex 0.0453649 -0.1002 -0.00318621
         vertex 0.0453649 -0.101 -0.00318621
      endloop
   endfacet
   facet normal 0 6.77626e-16 -1
      outer loop
         vertex 0.0442335 -0.1002 -0.00271758
         vertex 0.0448458 -0.1002 -0.00283937
         vertex 0.0448458 -0.101 -0.00283937
      endloop
   endfacet
   facet normal -0.382683 6.4107e-16 -0.92388
      outer loop
         vertex 0.0448458 -0.101 -0.00283937
         vertex 0.0442335 -0.101 -0.00271758
         vertex 0.0442335 -0.1002 -0.00271758
      endloop
   endfacet
   facet normal -0.707107 4.90654e-16 -0.707107
      outer loop
         vertex 0.0453649 -0.101 -0.00318621
         vertex 0.0448458 -0.101 -0.00283937
         vertex 0.0448458 -0.1002 -0.00283937
      endloop
   endfacet
   facet normal -0.92388 2.6554e-16 -0.382683
      outer loop
         vertex 0.0457118 -0.101 -0.00370528
         vertex 0.0453649 -0.101 -0.00318621
         vertex 0.0453649 -0.1002 -0.00318621
      endloop
   endfacet
   facet normal -1 4.24885e-32 -6.12323e-17
      outer loop
         vertex 0.0458335 -0.101 -0.00431758
         vertex 0.0457118 -0.101 -0.00370528
         vertex 0.0457118 -0.1002 -0.00370528
      endloop
   endfacet
   facet normal -0.92388 -2.6554e-16 0.382683
      outer loop
         vertex 0.0457118 -0.101 -0.00492987
         vertex 0.0458335 -0.101 -0.00431758
         vertex 0.0458335 -0.1002 -0.00431758
      endloop
   endfacet
   facet normal -0.707107 -4.90654e-16 0.707107
      outer loop
         vertex 0.0453649 -0.101 -0.00544895
         vertex 0.0457118 -0.101 -0.00492987
         vertex 0.0457118 -0.1002 -0.00492987
      endloop
   endfacet
   facet normal -0.382683 -6.4107e-16 0.92388
      outer loop
         vertex 0.0448458 -0.101 -0.00579578
         vertex 0.0453649 -0.101 -0.00544895
         vertex 0.0453649 -0.1002 -0.00544895
      endloop
   endfacet
   facet normal -1.22465e-16 -6.93889e-16 1
      outer loop
         vertex 0.0442335 -0.101 -0.00591758
         vertex 0.0448458 -0.101 -0.00579578
         vertex 0.0448458 -0.1002 -0.00579578
      endloop
   endfacet
   facet normal 0.382683 -6.4107e-16 0.92388
      outer loop
         vertex 0.0436213 -0.101 -0.00579578
         vertex 0.0442335 -0.101 -0.00591758
         vertex 0.0442335 -0.1002 -0.00591758
      endloop
   endfacet
   facet normal 0.707107 -4.90654e-16 0.707107
      outer loop
         vertex 0.0431022 -0.101 -0.00544895
         vertex 0.0436213 -0.101 -0.00579578
         vertex 0.0436213 -0.1002 -0.00579578
      endloop
   endfacet
   facet normal 0.92388 -2.6554e-16 0.382683
      outer loop
         vertex 0.0427553 -0.101 -0.00492987
         vertex 0.0431022 -0.101 -0.00544895
         vertex 0.0431022 -0.1002 -0.00544895
      endloop
   endfacet
   facet normal 1 -1.27465e-31 1.83697e-16
      outer loop
         vertex 0.0426335 -0.101 -0.00431758
         vertex 0.0427553 -0.101 -0.00492987
         vertex 0.0427553 -0.1002 -0.00492987
      endloop
   endfacet
   facet normal 0.92388 2.6554e-16 -0.382683
      outer loop
         vertex 0.0427553 -0.101 -0.00370528
         vertex 0.0426335 -0.101 -0.00431758
         vertex 0.0426335 -0.1002 -0.00431758
      endloop
   endfacet
   facet normal 0.707107 4.90654e-16 -0.707107
      outer loop
         vertex 0.0431022 -0.101 -0.00318621
         vertex 0.0427553 -0.101 -0.00370528
         vertex 0.0427553 -0.1002 -0.00370528
      endloop
   endfacet
   facet normal 0.382683 6.4107e-16 -0.92388
      outer loop
         vertex 0.0436213 -0.101 -0.00283937
         vertex 0.0431022 -0.101 -0.00318621
         vertex 0.0431022 -0.1002 -0.00318621
      endloop
   endfacet
   facet normal 0 6.77626e-16 -1
      outer loop
         vertex 0.0442335 -0.101 -0.00271758
         vertex 0.0436213 -0.101 -0.00283937
         vertex 0.0436213 -0.1002 -0.00283937
      endloop
   endfacet
   facet normal 0 -1 -6.93889e-16
      outer loop
         vertex 0.0453649 -0.1002 -0.00318621
         vertex 0.0448458 -0.1002 -0.00283937
         vertex 0.0446928 -0.1002 -0.00320892
      endloop
   endfacet
   facet normal 0 -1 -6.93889e-16
      outer loop
         vertex 0.0448458 -0.1002 -0.00283937
         vertex 0.0442335 -0.1002 -0.00271758
         vertex 0.0442335 -0.1002 -0.00311758
      endloop
   endfacet
   facet normal 0 -1 -6.93889e-16
      outer loop
         vertex 0.0436213 -0.1002 -0.00283937
         vertex 0.0437743 -0.1002 -0.00320892
         vertex 0.0442335 -0.1002 -0.00311758
      endloop
   endfacet
   facet normal 0 -1 -6.93889e-16
      outer loop
         vertex 0.0431022 -0.1002 -0.00318621
         vertex 0.043385 -0.1002 -0.00346905
         vertex 0.0437743 -0.1002 -0.00320892
      endloop
   endfacet
   facet normal 0 -1 -6.93889e-16
      outer loop
         vertex 0.0457118 -0.1002 -0.00370528
         vertex 0.0453422 -0.1002 -0.00385836
         vertex 0.0454335 -0.1002 -0.00431758
      endloop
   endfacet
   facet normal 0 -1 -6.93889e-16
      outer loop
         vertex 0.0457118 -0.1002 -0.00370528
         vertex 0.0453649 -0.1002 -0.00318621
         vertex 0.0450821 -0.1002 -0.00346905
      endloop
   endfacet
   facet normal 0 -1 -6.93889e-16
      outer loop
         vertex 0.0442335 -0.1002 -0.00311758
         vertex 0.0446928 -0.1002 -0.00320892
         vertex 0.0448458 -0.1002 -0.00283937
      endloop
   endfacet
   facet normal 0 -1 -6.93889e-16
      outer loop
         vertex 0.0437743 -0.1002 -0.00320892
         vertex 0.0436213 -0.1002 -0.00283937
         vertex 0.0431022 -0.1002 -0.00318621
      endloop
   endfacet
   facet normal 0 -1 -6.93889e-16
      outer loop
         vertex 0.0450821 -0.1002 -0.00346905
         vertex 0.0453422 -0.1002 -0.00385836
         vertex 0.0457118 -0.1002 -0.00370528
      endloop
   endfacet
   facet normal 0 -1 -6.93889e-16
      outer loop
         vertex 0.0442335 -0.1002 -0.00311758
         vertex 0.0442335 -0.1002 -0.00271758
         vertex 0.0436213 -0.1002 -0.00283937
      endloop
   endfacet
   facet normal 0 -1 -6.93889e-16
      outer loop
         vertex 0.0427553 -0.1002 -0.00370528
         vertex 0.0431249 -0.1002 -0.00385836
         vertex 0.043385 -0.1002 -0.00346905
      endloop
   endfacet
   facet normal 0 -1 -6.93889e-16
      outer loop
         vertex 0.0427553 -0.1002 -0.00370528
         vertex 0.0426335 -0.1002 -0.00431758
         vertex 0.0430335 -0.1002 -0.00431758
      endloop
   endfacet
   facet normal 0 -1 -6.93889e-16
      outer loop
         vertex 0.0427553 -0.1002 -0.00492987
         vertex 0.0431249 -0.1002 -0.0047768
         vertex 0.0430335 -0.1002 -0.00431758
      endloop
   endfacet
   facet normal 0 -1 -6.93889e-16
      outer loop
         vertex 0.0427553 -0.1002 -0.00492987
         vertex 0.0431022 -0.1002 -0.00544895
         vertex 0.043385 -0.1002 -0.00516611
      endloop
   endfacet
   facet normal 0 -1 -6.93889e-16
      outer loop
         vertex 0.0431022 -0.1002 -0.00544895
         vertex 0.0436213 -0.1002 -0.00579578
         vertex 0.0437743 -0.1002 -0.00542623
      endloop
   endfacet
   facet normal 0 -1 -6.93889e-16
      outer loop
         vertex 0.0436213 -0.1002 -0.00579578
         vertex 0.0442335 -0.1002 -0.00591758
         vertex 0.0442335 -0.1002 -0.00551758
      endloop
   endfacet
   facet normal 0 -1 -6.93889e-16
      outer loop
         vertex 0.0448458 -0.1002 -0.00579578
         vertex 0.0446928 -0.1002 -0.00542623
         vertex 0.0442335 -0.1002 -0.00551758
      endloop
   endfacet
   facet normal 0 -1 -6.93889e-16
      outer loop
         vertex 0.0453649 -0.1002 -0.00544895
         vertex 0.0450821 -0.1002 -0.00516611
         vertex 0.0446928 -0.1002 -0.00542623
      endloop
   endfacet
   facet normal 0 -1 -6.93889e-16
      outer loop
         vertex 0.0457118 -0.1002 -0.00492987
         vertex 0.0453422 -0.1002 -0.0047768
         vertex 0.0450821 -0.1002 -0.00516611
      endloop
   endfacet
   facet normal 0 -1 -6.93889e-16
      outer loop
         vertex 0.0457118 -0.1002 -0.00492987
         vertex 0.0458335 -0.1002 -0.00431758
         vertex 0.0454335 -0.1002 -0.00431758
      endloop
   endfacet
   facet normal 0 -1 -6.93889e-16
      outer loop
         vertex 0.0446928 -0.1002 -0.00320892
         vertex 0.0450821 -0.1002 -0.00346905
         vertex 0.0453649 -0.1002 -0.00318621
      endloop
   endfacet
   facet normal 0 -1 -6.93889e-16
      outer loop
         vertex 0.0430335 -0.1002 -0.00431758
         vertex 0.0431249 -0.1002 -0.00385836
         vertex 0.0427553 -0.1002 -0.00370528
      endloop
   endfacet
   facet normal 0 -1 -6.93889e-16
      outer loop
         vertex 0.043385 -0.1002 -0.00516611
         vertex 0.0431249 -0.1002 -0.0047768
         vertex 0.0427553 -0.1002 -0.00492987
      endloop
   endfacet
   facet normal 0 -1 -6.93889e-16
      outer loop
         vertex 0.0442335 -0.1002 -0.00551758
         vertex 0.0437743 -0.1002 -0.00542623
         vertex 0.0436213 -0.1002 -0.00579578
      endloop
   endfacet
   facet normal 0 -1 -6.93889e-16
      outer loop
         vertex 0.0446928 -0.1002 -0.00542623
         vertex 0.0448458 -0.1002 -0.00579578
         vertex 0.0453649 -0.1002 -0.00544895
      endloop
   endfacet
   facet normal 0 -1 -6.93889e-16
      outer loop
         vertex 0.0454335 -0.1002 -0.00431758
         vertex 0.0453422 -0.1002 -0.0047768
         vertex 0.0457118 -0.1002 -0.00492987
      endloop
   endfacet
   facet normal 0 -1 -6.93889e-16
      outer loop
         vertex 0.043385 -0.1002 -0.00346905
         vertex 0.0431022 -0.1002 -0.00318621
         vertex 0.0427553 -0.1002 -0.00370528
      endloop
   endfacet
   facet normal 0 -1 -6.93889e-16
      outer loop
         vertex 0.0437743 -0.1002 -0.00542623
         vertex 0.043385 -0.1002 -0.00516611
         vertex 0.0431022 -0.1002 -0.00544895
      endloop
   endfacet
   facet normal 0 -1 -6.93889e-16
      outer loop
         vertex 0.0450821 -0.1002 -0.00516611
         vertex 0.0453649 -0.1002 -0.00544895
         vertex 0.0457118 -0.1002 -0.00492987
      endloop
   endfacet
   facet normal 0 -1 -6.93889e-16
      outer loop
         vertex 0.0430335 -0.1002 -0.00431758
         vertex 0.0426335 -0.1002 -0.00431758
         vertex 0.0427553 -0.1002 -0.00492987
      endloop
   endfacet
   facet normal 0 -1 -6.93889e-16
      outer loop
         vertex 0.0454335 -0.1002 -0.00431758
         vertex 0.0458335 -0.1002 -0.00431758
         vertex 0.0457118 -0.1002 -0.00370528
      endloop
   endfacet
   facet normal 0 -1 -6.93889e-16
      outer loop
         vertex 0.0442335 -0.1002 -0.00551758
         vertex 0.0442335 -0.1002 -0.00591758
         vertex 0.0448458 -0.1002 -0.00579578
      endloop
   endfacet
   facet normal 0.382683 6.4107e-16 -0.92388
      outer loop
         vertex 0.0437743 -0.092 -0.00320892
         vertex 0.0442335 -0.092 -0.00311758
         vertex 0.0442335 -0.1002 -0.00311758
      endloop
   endfacet
   facet normal 0.707107 4.90654e-16 -0.707107
      outer loop
         vertex 0.043385 -0.092 -0.00346905
         vertex 0.0437743 -0.092 -0.00320892
         vertex 0.0437743 -0.1002 -0.00320892
      endloop
   endfacet
   facet normal 0.92388 2.6554e-16 -0.382683
      outer loop
         vertex 0.0431249 -0.092 -0.00385836
         vertex 0.043385 -0.092 -0.00346905
         vertex 0.043385 -0.1002 -0.00346905
      endloop
   endfacet
   facet normal 1 -1.27465e-31 1.83697e-16
      outer loop
         vertex 0.0430335 -0.092 -0.00431758
         vertex 0.0431249 -0.092 -0.00385836
         vertex 0.0431249 -0.1002 -0.00385836
      endloop
   endfacet
   facet normal 0.92388 -2.6554e-16 0.382683
      outer loop
         vertex 0.0431249 -0.092 -0.0047768
         vertex 0.0430335 -0.092 -0.00431758
         vertex 0.0430335 -0.1002 -0.00431758
      endloop
   endfacet
   facet normal 0.707107 -4.90654e-16 0.707107
      outer loop
         vertex 0.043385 -0.092 -0.00516611
         vertex 0.0431249 -0.092 -0.0047768
         vertex 0.0431249 -0.1002 -0.0047768
      endloop
   endfacet
   facet normal 0.382683 -6.4107e-16 0.92388
      outer loop
         vertex 0.0437743 -0.092 -0.00542623
         vertex 0.043385 -0.092 -0.00516611
         vertex 0.043385 -0.1002 -0.00516611
      endloop
   endfacet
   facet normal -1.22465e-16 -6.93889e-16 1
      outer loop
         vertex 0.0442335 -0.092 -0.00551758
         vertex 0.0437743 -0.092 -0.00542623
         vertex 0.0437743 -0.1002 -0.00542623
      endloop
   endfacet
   facet normal -0.382683 -6.4107e-16 0.92388
      outer loop
         vertex 0.0446928 -0.092 -0.00542623
         vertex 0.0442335 -0.092 -0.00551758
         vertex 0.0442335 -0.1002 -0.00551758
      endloop
   endfacet
   facet normal -0.707107 -4.90654e-16 0.707107
      outer loop
         vertex 0.0450821 -0.092 -0.00516611
         vertex 0.0446928 -0.092 -0.00542623
         vertex 0.0446928 -0.1002 -0.00542623
      endloop
   endfacet
   facet normal -0.92388 -2.6554e-16 0.382683
      outer loop
         vertex 0.0453422 -0.092 -0.0047768
         vertex 0.0450821 -0.092 -0.00516611
         vertex 0.0450821 -0.1002 -0.00516611
      endloop
   endfacet
   facet normal -1 1.96563e-31 -2.83277e-16
      outer loop
         vertex 0.0454335 -0.092 -0.00431758
         vertex 0.0453422 -0.092 -0.0047768
         vertex 0.0453422 -0.1002 -0.0047768
      endloop
   endfacet
   facet normal -0.92388 2.6554e-16 -0.382683
      outer loop
         vertex 0.0453422 -0.092 -0.00385836
         vertex 0.0454335 -0.092 -0.00431758
         vertex 0.0454335 -0.1002 -0.00431758
      endloop
   endfacet
   facet normal -0.707107 4.90654e-16 -0.707107
      outer loop
         vertex 0.0450821 -0.092 -0.00346905
         vertex 0.0453422 -0.092 -0.00385836
         vertex 0.0453422 -0.1002 -0.00385836
      endloop
   endfacet
   facet normal -0.382683 6.4107e-16 -0.92388
      outer loop
         vertex 0.0446928 -0.092 -0.00320892
         vertex 0.0450821 -0.092 -0.00346905
         vertex 0.0450821 -0.1002 -0.00346905
      endloop
   endfacet
   facet normal 0 0 -1
      outer loop
         vertex 0.0442335 -0.092 -0.00311758
         vertex 0.0446928 -0.092 -0.00320892
         vertex 0.0446928 -0.1002 -0.00320892
      endloop
   endfacet
   facet normal -0.382683 6.4107e-16 -0.92388
      outer loop
         vertex 0.0446928 -0.1002 -0.00320892
         vertex 0.0442335 -0.1002 -0.00311758
         vertex 0.0442335 -0.092 -0.00311758
      endloop
   endfacet
   facet normal -0.707107 4.90654e-16 -0.707107
      outer loop
         vertex 0.0450821 -0.1002 -0.00346905
         vertex 0.0446928 -0.1002 -0.00320892
         vertex 0.0446928 -0.092 -0.00320892
      endloop
   endfacet
   facet normal -0.92388 2.6554e-16 -0.382683
      outer loop
         vertex 0.0453422 -0.1002 -0.00385836
         vertex 0.0450821 -0.1002 -0.00346905
         vertex 0.0450821 -0.092 -0.00346905
      endloop
   endfacet
   facet normal -1 1.96563e-31 -2.83277e-16
      outer loop
         vertex 0.0454335 -0.1002 -0.00431758
         vertex 0.0453422 -0.1002 -0.00385836
         vertex 0.0453422 -0.092 -0.00385836
      endloop
   endfacet
   facet normal -0.92388 -2.6554e-16 0.382683
      outer loop
         vertex 0.0453422 -0.1002 -0.0047768
         vertex 0.0454335 -0.1002 -0.00431758
         vertex 0.0454335 -0.092 -0.00431758
      endloop
   endfacet
   facet normal -0.707107 -4.90654e-16 0.707107
      outer loop
         vertex 0.0450821 -0.1002 -0.00516611
         vertex 0.0453422 -0.1002 -0.0047768
         vertex 0.0453422 -0.092 -0.0047768
      endloop
   endfacet
   facet normal -0.382683 -6.4107e-16 0.92388
      outer loop
         vertex 0.0446928 -0.1002 -0.00542623
         vertex 0.0450821 -0.1002 -0.00516611
         vertex 0.0450821 -0.092 -0.00516611
      endloop
   endfacet
   facet normal -1.22465e-16 -6.93889e-16 1
      outer loop
         vertex 0.0442335 -0.1002 -0.00551758
         vertex 0.0446928 -0.1002 -0.00542623
         vertex 0.0446928 -0.092 -0.00542623
      endloop
   endfacet
   facet normal 0.382683 -6.4107e-16 0.92388
      outer loop
         vertex 0.0437743 -0.1002 -0.00542623
         vertex 0.0442335 -0.1002 -0.00551758
         vertex 0.0442335 -0.092 -0.00551758
      endloop
   endfacet
   facet normal 0.707107 -4.90654e-16 0.707107
      outer loop
         vertex 0.043385 -0.1002 -0.00516611
         vertex 0.0437743 -0.1002 -0.00542623
         vertex 0.0437743 -0.092 -0.00542623
      endloop
   endfacet
   facet normal 0.92388 -2.6554e-16 0.382683
      outer loop
         vertex 0.0431249 -0.1002 -0.0047768
         vertex 0.043385 -0.1002 -0.00516611
         vertex 0.043385 -0.092 -0.00516611
      endloop
   endfacet
   facet normal 1 -1.27465e-31 1.83697e-16
      outer loop
         vertex 0.0430335 -0.1002 -0.00431758
         vertex 0.0431249 -0.1002 -0.0047768
         vertex 0.0431249 -0.092 -0.0047768
      endloop
   endfacet
   facet normal 0.92388 2.6554e-16 -0.382683
      outer loop
         vertex 0.0431249 -0.1002 -0.00385836
         vertex 0.0430335 -0.1002 -0.00431758
         vertex 0.0430335 -0.092 -0.00431758
      endloop
   endfacet
   facet normal 0.707107 4.90654e-16 -0.707107
      outer loop
         vertex 0.043385 -0.1002 -0.00346905
         vertex 0.0431249 -0.1002 -0.00385836
         vertex 0.0431249 -0.092 -0.00385836
      endloop
   endfacet
   facet normal 0.382683 6.4107e-16 -0.92388
      outer loop
         vertex 0.0437743 -0.1002 -0.00320892
         vertex 0.043385 -0.1002 -0.00346905
         vertex 0.043385 -0.092 -0.00346905
      endloop
   endfacet
   facet normal 0 0 -1
      outer loop
         vertex 0.0442335 -0.1002 -0.00311758
         vertex 0.0437743 -0.1002 -0.00320892
         vertex 0.0437743 -0.092 -0.00320892
      endloop
   endfacet
   facet normal 0.100479 -0.857167 0.505142
      outer loop
         vertex 0.0442335 -0.091279 -0.00431758
         vertex 0.0437743 -0.092 -0.00542623
         vertex 0.0442335 -0.092 -0.00551758
      endloop
   endfacet
   facet normal 0.28614 -0.857167 0.428239
      outer loop
         vertex 0.0442335 -0.091279 -0.00431758
         vertex 0.043385 -0.092 -0.00516611
         vertex 0.0437743 -0.092 -0.00542623
      endloop
   endfacet
   facet normal 0.428239 -0.857167 0.28614
      outer loop
         vertex 0.0442335 -0.091279 -0.00431758
         vertex 0.0431249 -0.092 -0.0047768
         vertex 0.043385 -0.092 -0.00516611
      endloop
   endfacet
   facet normal 0.505142 -0.857167 0.100479
      outer loop
         vertex 0.0442335 -0.091279 -0.00431758
         vertex 0.0430335 -0.092 -0.00431758
         vertex 0.0431249 -0.092 -0.0047768
      endloop
   endfacet
   facet normal 0.505142 -0.857167 -0.100479
      outer loop
         vertex 0.0442335 -0.091279 -0.00431758
         vertex 0.0431249 -0.092 -0.00385836
         vertex 0.0430335 -0.092 -0.00431758
      endloop
   endfacet
   facet normal 0.428239 -0.857167 -0.28614
      outer loop
         vertex 0.0442335 -0.091279 -0.00431758
         vertex 0.043385 -0.092 -0.00346905
         vertex 0.0431249 -0.092 -0.00385836
      endloop
   endfacet
   facet normal 0.28614 -0.857167 -0.428239
      outer loop
         vertex 0.0442335 -0.091279 -0.00431758
         vertex 0.0437743 -0.092 -0.00320892
         vertex 0.043385 -0.092 -0.00346905
      endloop
   endfacet
   facet normal 0.100479 -0.857167 -0.505142
      outer loop
         vertex 0.0442335 -0.091279 -0.00431758
         vertex 0.0442335 -0.092 -0.00311758
         vertex 0.0437743 -0.092 -0.00320892
      endloop
   endfacet
   facet normal -0.100479 -0.857167 -0.505142
      outer loop
         vertex 0.0442335 -0.091279 -0.00431758
         vertex 0.0446928 -0.092 -0.00320892
         vertex 0.0442335 -0.092 -0.00311758
      endloop
   endfacet
   facet normal -0.28614 -0.857167 -0.428239
      outer loop
         vertex 0.0442335 -0.091279 -0.00431758
         vertex 0.0450821 -0.092 -0.00346905
         vertex 0.0446928 -0.092 -0.00320892
      endloop
   endfacet
   facet normal -0.428239 -0.857167 -0.28614
      outer loop
         vertex 0.0442335 -0.091279 -0.00431758
         vertex 0.0453422 -0.092 -0.00385836
         vertex 0.0450821 -0.092 -0.00346905
      endloop
   endfacet
   facet normal -0.505142 -0.857167 -0.100479
      outer loop
         vertex 0.0442335 -0.091279 -0.00431758
         vertex 0.0454335 -0.092 -0.00431758
         vertex 0.0453422 -0.092 -0.00385836
      endloop
   endfacet
   facet normal -0.505142 -0.857167 0.100479
      outer loop
         vertex 0.0442335 -0.091279 -0.00431758
         vertex 0.0453422 -0.092 -0.0047768
         vertex 0.0454335 -0.092 -0.00431758
      endloop
   endfacet
   facet normal -0.428239 -0.857167 0.28614
      outer loop
         vertex 0.0442335 -0.091279 -0.00431758
         vertex 0.0450821 -0.092 -0.00516611
         vertex 0.0453422 -0.092 -0.0047768
      endloop
   endfacet
   facet normal -0.28614 -0.857167 0.428239
      outer loop
         vertex 0.0442335 -0.091279 -0.00431758
         vertex 0.0446928 -0.092 -0.00542623
         vertex 0.0450821 -0.092 -0.00516611
      endloop
   endfacet
   facet normal -0.100479 -0.857167 0.505142
      outer loop
         vertex 0.0442335 -0.091279 -0.00431758
         vertex 0.0442335 -0.092 -0.00551758
         vertex 0.0446928 -0.092 -0.00542623
      endloop
   endfacet
   facet normal 0 -1 -6.93889e-16
      outer loop
         vertex 0.00902536 -0.101 0.00347675
         vertex 0.00954444 -0.101 0.00312991
         vertex 0.0128452 -0.101 0.00620818
      endloop
   endfacet
   facet normal 0 -1 -6.93889e-16
      outer loop
         vertex 0.01275 -0.101 0.00668653
         vertex 0.00717588 -0.101 0.00582412
         vertex 0.00841307 -0.101 0.00359854
      endloop
   endfacet
   facet normal 0 -1 -6.93889e-16
      outer loop
         vertex 0.00717588 -0.101 0.00582412
         vertex 0.01275 -0.101 0.00668653
         vertex 0.0128452 -0.101 0.00716489
      endloop
   endfacet
   facet normal 0 -1 -6.93889e-16
      outer loop
         vertex 0.00841307 -0.101 0.00359854
         vertex 0.00902536 -0.101 0.00347675
         vertex 0.01275 -0.101 0.00668653
      endloop
   endfacet
   facet normal 0 -1 -6.93889e-16
      outer loop
         vertex 0.0151243 -0.101 0.011135
         vertex 0.0135216 -0.101 0.00784138
         vertex 0.0192534 -0.101 0.00918096
      endloop
   endfacet
   facet normal 0 -1 -6.93889e-16
      outer loop
         vertex 0.0151243 -0.101 0.011135
         vertex 0.00717588 -0.101 0.00582412
         vertex 0.0131161 -0.101 0.00757042
      endloop
   endfacet
   facet normal 0 -1 -6.93889e-16
      outer loop
         vertex 0.0128452 -0.101 0.00620818
         vertex 0.01275 -0.101 0.00668653
         vertex 0.00902536 -0.101 0.00347675
      endloop
   endfacet
   facet normal 0 -1 -6.93889e-16
      outer loop
         vertex 0.00989127 -0.101 0.00261083
         vertex 0.0127291 -0.101 0.00245256
         vertex 0.0135216 -0.101 0.00553168
      endloop
   endfacet
   facet normal 0 -1 -6.93889e-16
      outer loop
         vertex 0.0127291 -0.101 0.00245256
         vertex 0.00989127 -0.101 0.00261083
         vertex 0.0100131 -0.101 0.00199854
      endloop
   endfacet
   facet normal 0 -1 -6.93889e-16
      outer loop
         vertex 0.0245 -0.101 0.013
         vertex 0.0151243 -0.101 0.011135
         vertex 0.0202411 -0.101 0.0106592
      endloop
   endfacet
   facet normal 0 -1 -6.93889e-16
      outer loop
         vertex 0.0131161 -0.101 0.00757042
         vertex 0.0135216 -0.101 0.00784138
         vertex 0.0151243 -0.101 0.011135
      endloop
   endfacet
   facet normal 0 -1 -6.93889e-16
      outer loop
         vertex 0.00717588 -0.101 0.00582412
         vertex 0.00780077 -0.101 0.00347675
         vertex 0.00841307 -0.101 0.00359854
      endloop
   endfacet
   facet normal 0 -1 -6.93889e-16
      outer loop
         vertex 0.00432501 -0.101 0.00240035
         vertex 0.00693486 -0.101 0.00261083
         vertex 0.0072817 -0.101 0.00312991
      endloop
   endfacet
   facet normal 0 -1 -6.93889e-16
      outer loop
         vertex 0.0151548 -0.101 0.00620818
         vertex 0.0167394 -0.101 0.0042237
         vertex 0.0170523 -0.101 0.00406225
      endloop
   endfacet
   facet normal 0 -1 -6.93889e-16
      outer loop
         vertex 0.00954444 -0.101 0.00312991
         vertex 0.00989127 -0.101 0.00261083
         vertex 0.0131161 -0.101 0.00580265
      endloop
   endfacet
   facet normal 0 -1 -6.93889e-16
      outer loop
         vertex 0.0100131 -0.101 0.00199854
         vertex 0.0128109 -0.101 0.00157007
         vertex 0.0127291 -0.101 0.00245256
      endloop
   endfacet
   facet normal 0 -1 -6.93889e-16
      outer loop
         vertex 0.014 -0.101 0.00543653
         vertex 0.0129603 -0.101 0.00330813
         vertex 0.0134755 -0.101 0.00402928
      endloop
   endfacet
   facet normal 0 -1 -6.93889e-16
      outer loop
         vertex 0.0135216 -0.101 0.00553168
         vertex 0.0127291 -0.101 0.00245256
         vertex 0.0129603 -0.101 0.00330813
      endloop
   endfacet
   facet normal 0 -1 -6.93889e-16
      outer loop
         vertex 0.0151243 -0.101 0.011135
         vertex 0.019722 -0.101 0.0103123
         vertex 0.0202411 -0.101 0.0106592
      endloop
   endfacet
   facet normal 0 -1 -6.93889e-16
      outer loop
         vertex 0.0192534 -0.101 0.00918096
         vertex 0.0193752 -0.101 0.00979326
         vertex 0.0151243 -0.101 0.011135
      endloop
   endfacet
   facet normal 0 -1 -6.93889e-16
      outer loop
         vertex 0.00717588 -0.101 0.00582412
         vertex 0.0072817 -0.101 0.00312991
         vertex 0.00780077 -0.101 0.00347675
      endloop
   endfacet
   facet normal 0 -1 -6.93889e-16
      outer loop
         vertex 0.00432501 -0.101 0.00240035
         vertex 0.00681307 -0.101 0.00199854
         vertex 0.00693486 -0.101 0.00261083
      endloop
   endfacet
   facet normal 0 -1 -6.93889e-16
      outer loop
         vertex 0.00304238 -0.101 -0.000527096
         vertex 0.00693486 -0.101 0.00138625
         vertex 0.00681307 -0.101 0.00199854
      endloop
   endfacet
   facet normal 0 -1 -6.93889e-16
      outer loop
         vertex 0.0170523 -0.101 0.00406225
         vertex 0.0174018 -0.101 0.00401928
         vertex 0.0151548 -0.101 0.00620818
      endloop
   endfacet
   facet normal 0 -1 -6.93889e-16
      outer loop
         vertex 0.0151548 -0.101 0.00620818
         vertex 0.0148839 -0.101 0.00580265
         vertex 0.0159513 -0.101 0.0046291
      endloop
   endfacet
   facet normal 0 -1 -6.93889e-16
      outer loop
         vertex 0.00902536 -0.101 0.000520333
         vertex 0.00841307 -0.101 0.00039854
         vertex 0.00856557 -0.101 -0.00279663
      endloop
   endfacet
   facet normal 0 -1 -6.93889e-16
      outer loop
         vertex 0.00901493 -0.101 -0.00414147
         vertex 0.0125502 -0.101 0.000591449
         vertex 0.00954444 -0.101 0.000867169
      endloop
   endfacet
   facet normal 0 -1 -6.93889e-16
      outer loop
         vertex 0.0100131 -0.101 0.00199854
         vertex 0.0127532 -0.101 0.000879207
         vertex 0.0128438 -0.101 0.00121948
      endloop
   endfacet
   facet normal 0 -1 -6.93889e-16
      outer loop
         vertex 0.0100131 -0.101 0.00199854
         vertex 0.00989127 -0.101 0.00138625
         vertex 0.0125502 -0.101 0.000591449
      endloop
   endfacet
   facet normal 0 -1 -6.93889e-16
      outer loop
         vertex 0.0135216 -0.101 0.00553168
         vertex 0.0131161 -0.101 0.00580265
         vertex 0.00989127 -0.101 0.00261083
      endloop
   endfacet
   facet normal 0 -1 -6.93889e-16
      outer loop
         vertex 0.0129603 -0.101 0.00330813
         vertex 0.014 -0.101 0.00543653
         vertex 0.0135216 -0.101 0.00553168
      endloop
   endfacet
   facet normal 0 -1 -6.93889e-16
      outer loop
         vertex 0.0193752 -0.101 0.00979326
         vertex 0.019722 -0.101 0.0103123
         vertex 0.0151243 -0.101 0.011135
      endloop
   endfacet
   facet normal 0 -1 -6.93889e-16
      outer loop
         vertex 0.0072817 -0.101 0.00312991
         vertex 0.00717588 -0.101 0.00582412
         vertex 0.00432501 -0.101 0.00240035
      endloop
   endfacet
   facet normal 0 -1 -6.93889e-16
      outer loop
         vertex 0.00432501 -0.101 0.00240035
         vertex 0.00275989 -0.101 -0.00070577
         vertex 0.00304238 -0.101 -0.000527096
      endloop
   endfacet
   facet normal 0 -1 -6.93889e-16
      outer loop
         vertex 0.0148839 -0.101 0.00580265
         vertex 0.0144784 -0.101 0.00553168
         vertex 0.0150712 -0.101 0.00473405
      endloop
   endfacet
   facet normal 0 -1 -6.93889e-16
      outer loop
         vertex 0.0159513 -0.101 0.0046291
         vertex 0.0167394 -0.101 0.0042237
         vertex 0.0151548 -0.101 0.00620818
      endloop
   endfacet
   facet normal 0 -1 -6.93889e-16
      outer loop
         vertex 0.0219848 -0.101 0.00804959
         vertex 0.0249299 -0.101 0.00665131
         vertex 0.0248 -0.101 0.00736028
      endloop
   endfacet
   facet normal 0 -1 -6.93889e-16
      outer loop
         vertex 0.00856557 -0.101 -0.00279663
         vertex 0.00891343 -0.101 -0.00342789
         vertex 0.00902536 -0.101 0.000520333
      endloop
   endfacet
   facet normal 0 -1 -6.93889e-16
      outer loop
         vertex 0.00954444 -0.101 0.000867169
         vertex 0.00902536 -0.101 0.000520333
         vertex 0.00901493 -0.101 -0.00414147
      endloop
   endfacet
   facet normal 0 -1 -6.93889e-16
      outer loop
         vertex 0.0125502 -0.101 0.000591449
         vertex 0.0127532 -0.101 0.000879207
         vertex 0.0100131 -0.101 0.00199854
      endloop
   endfacet
   facet normal 0 -1 -6.93889e-16
      outer loop
         vertex 0.0134755 -0.101 0.00402928
         vertex 0.0142099 -0.101 0.00452537
         vertex 0.014 -0.101 0.00543653
      endloop
   endfacet
   facet normal 0 -1 -6.93889e-16
      outer loop
         vertex 0.0128452 -0.101 0.00716489
         vertex 0.0131161 -0.101 0.00757042
         vertex 0.00717588 -0.101 0.00582412
      endloop
   endfacet
   facet normal 0 -1 -6.93889e-16
      outer loop
         vertex 0.00432501 -0.101 0.00240035
         vertex 0.00251111 -0.101 -0.000928994
         vertex 0.00275989 -0.101 -0.00070577
      endloop
   endfacet
   facet normal 0 -1 -6.93889e-16
      outer loop
         vertex 0.00693486 -0.101 0.00138625
         vertex 0.00434218 -0.101 -0.00033639
         vertex 0.0049665 -0.101 -0.00056874
      endloop
   endfacet
   facet normal 0 -1 -6.93889e-16
      outer loop
         vertex 0.00693486 -0.101 0.00138625
         vertex 0.00304238 -0.101 -0.000527096
         vertex 0.00367617 -0.101 -0.000321976
      endloop
   endfacet
   facet normal 0 -1 -6.93889e-16
      outer loop
         vertex 0.0174018 -0.101 0.00401928
         vertex 0.0177446 -0.101 0.00410013
         vertex 0.0151548 -0.101 0.00620818
      endloop
   endfacet
   facet normal 0 -1 -6.93889e-16
      outer loop
         vertex 0.0208534 -0.101 0.00758096
         vertex 0.01525 -0.101 0.00668653
         vertex 0.0151548 -0.101 0.00620818
      endloop
   endfacet
   facet normal 0 -1 -6.93889e-16
      outer loop
         vertex 0.01525 -0.101 0.00668653
         vertex 0.0202411 -0.101 0.00770276
         vertex 0.019722 -0.101 0.00804959
      endloop
   endfacet
   facet normal 0 -1 -6.93889e-16
      outer loop
         vertex 0.0219848 -0.101 0.00804959
         vertex 0.0242535 -0.101 0.00549821
         vertex 0.0249299 -0.101 0.00665131
      endloop
   endfacet
   facet normal 0 -1 -6.93889e-16
      outer loop
         vertex 0.0242535 -0.101 0.00549821
         vertex 0.0258699 -0.101 0.00558973
         vertex 0.0253026 -0.101 0.00603442
      endloop
   endfacet
   facet normal 0 -1 -6.93889e-16
      outer loop
         vertex 0.0245 -0.101 0.013
         vertex 0.0219848 -0.101 0.0103123
         vertex 0.0249109 -0.101 0.011539
      endloop
   endfacet
   facet normal 0 -1 -6.93889e-16
      outer loop
         vertex 0.00901493 -0.101 -0.00414147
         vertex 0.00885689 -0.101 -0.0048447
         vertex 0.0125502 -0.101 0.000591449
      endloop
   endfacet
   facet normal 0 -1 -6.93889e-16
      outer loop
         vertex 0.0128438 -0.101 0.00121948
         vertex 0.0128109 -0.101 0.00157007
         vertex 0.0100131 -0.101 0.00199854
      endloop
   endfacet
   facet normal 0 -1 -6.93889e-16
      outer loop
         vertex 0.0245 -0.101 0.013
         vertex 0.0208534 -0.101 0.010781
         vertex 0.0214657 -0.101 0.0106592
      endloop
   endfacet
   facet normal 0 -1 -6.93889e-16
      outer loop
         vertex 0.0202411 -0.101 0.0106592
         vertex 0.0208534 -0.101 0.010781
         vertex 0.0245 -0.101 0.013
      endloop
   endfacet
   facet normal 0 -1 -6.93889e-16
      outer loop
         vertex 0.00432501 -0.101 0.00240035
         vertex 0.0021413 -0.101 -0.00148308
         vertex 0.00251111 -0.101 -0.000928994
      endloop
   endfacet
   facet normal 0 -1 -6.93889e-16
      outer loop
         vertex 0.00367617 -0.101 -0.000321976
         vertex 0.00434218 -0.101 -0.00033639
         vertex 0.00693486 -0.101 0.00138625
      endloop
   endfacet
   facet normal 0 -1 -6.93889e-16
      outer loop
         vertex 0.0049665 -0.101 -0.00056874
         vertex 0.00801652 -0.101 -0.00232967
         vertex 0.00780077 -0.101 0.000520333
      endloop
   endfacet
   facet normal 0 -1 -6.93889e-16
      outer loop
         vertex 0.00841307 -0.101 0.00039854
         vertex 0.00780077 -0.101 0.000520333
         vertex 0.00801652 -0.101 -0.00232967
      endloop
   endfacet
   facet normal 0 -1 -6.93889e-16
      outer loop
         vertex 0.0142099 -0.101 0.00452537
         vertex 0.0150712 -0.101 0.00473405
         vertex 0.0144784 -0.101 0.00553168
      endloop
   endfacet
   facet normal 0 -1 -6.93889e-16
      outer loop
         vertex 0.0151548 -0.101 0.00620818
         vertex 0.0177446 -0.101 0.00410013
         vertex 0.0208534 -0.101 0.00758096
      endloop
   endfacet
   facet normal 0 -1 -6.93889e-16
      outer loop
         vertex 0.01525 -0.101 0.00668653
         vertex 0.0208534 -0.101 0.00758096
         vertex 0.0202411 -0.101 0.00770276
      endloop
   endfacet
   facet normal 0 -1 -6.93889e-16
      outer loop
         vertex 0.0253026 -0.101 0.00603442
         vertex 0.0249299 -0.101 0.00665131
         vertex 0.0242535 -0.101 0.00549821
      endloop
   endfacet
   facet normal 0 -1 -6.93889e-16
      outer loop
         vertex 0.0245 -0.101 0.013
         vertex 0.025726 -0.101 0.0125693
         vertex 0.0263397 -0.101 0.0128284
      endloop
   endfacet
   facet normal 0 -1 -6.93889e-16
      outer loop
         vertex 0.0249109 -0.101 0.011539
         vertex 0.0252315 -0.101 0.012123
         vertex 0.0245 -0.101 0.013
      endloop
   endfacet
   facet normal 0 -1 -6.93889e-16
      outer loop
         vertex 0.00989127 -0.101 0.00138625
         vertex 0.00954444 -0.101 0.000867169
         vertex 0.0125502 -0.101 0.000591449
      endloop
   endfacet
   facet normal 0 -1 -6.93889e-16
      outer loop
         vertex 0.0131161 -0.101 0.00580265
         vertex 0.0128452 -0.101 0.00620818
         vertex 0.00954444 -0.101 0.00312991
      endloop
   endfacet
   facet normal 0 -1 -6.93889e-16
      outer loop
         vertex 0.0049665 -0.101 -0.00056874
         vertex 0.0072817 -0.101 0.000867169
         vertex 0.00693486 -0.101 0.00138625
      endloop
   endfacet
   facet normal 0 -1 -6.93889e-16
      outer loop
         vertex 0.00801652 -0.101 -0.00232967
         vertex 0.00856557 -0.101 -0.00279663
         vertex 0.00841307 -0.101 0.00039854
      endloop
   endfacet
   facet normal 0 -1 -6.93889e-16
      outer loop
         vertex 0.0150712 -0.101 0.00473405
         vertex 0.0159513 -0.101 0.0046291
         vertex 0.0148839 -0.101 0.00580265
      endloop
   endfacet
   facet normal 0 -1 -6.93889e-16
      outer loop
         vertex 0.019722 -0.101 0.00804959
         vertex 0.0148839 -0.101 0.00757042
         vertex 0.0151548 -0.101 0.00716489
      endloop
   endfacet
   facet normal 0 -1 -6.93889e-16
      outer loop
         vertex 0.0242535 -0.101 0.00549821
         vertex 0.0214657 -0.101 0.00770276
         vertex 0.0208534 -0.101 0.00758096
      endloop
   endfacet
   facet normal 0 -1 -6.93889e-16
      outer loop
         vertex 0.0242535 -0.101 0.00549821
         vertex 0.0265579 -0.101 0.00537498
         vertex 0.0258699 -0.101 0.00558973
      endloop
   endfacet
   facet normal 0 -1 -6.93889e-16
      outer loop
         vertex 0.0248 -0.101 0.00736028
         vertex 0.0248 -0.101 0.0108821
         vertex 0.0224534 -0.101 0.00918096
      endloop
   endfacet
   facet normal 0 -1 -6.93889e-16
      outer loop
         vertex 0.0252315 -0.101 0.012123
         vertex 0.025726 -0.101 0.0125693
         vertex 0.0245 -0.101 0.013
      endloop
   endfacet
   facet normal 0 -1 -6.93889e-16
      outer loop
         vertex 0.0219848 -0.101 0.0103123
         vertex 0.0223316 -0.101 0.00979326
         vertex 0.0248 -0.101 0.0108821
      endloop
   endfacet
   facet normal 0 -1 -6.93889e-16
      outer loop
         vertex 0.0214657 -0.101 0.0106592
         vertex 0.0219848 -0.101 0.0103123
         vertex 0.0245 -0.101 0.013
      endloop
   endfacet
   facet normal 0 -1 -6.93889e-16
      outer loop
         vertex 0.00780077 -0.101 0.000520333
         vertex 0.0072817 -0.101 0.000867169
         vertex 0.0049665 -0.101 -0.00056874
      endloop
   endfacet
   facet normal 0 -1 -6.93889e-16
      outer loop
         vertex 0.0192534 -0.101 0.00918096
         vertex 0.0135216 -0.101 0.00784138
         vertex 0.014 -0.101 0.00793653
      endloop
   endfacet
   facet normal 0 -1 -6.93889e-16
      outer loop
         vertex 0.019722 -0.101 0.00804959
         vertex 0.0151548 -0.101 0.00716489
         vertex 0.01525 -0.101 0.00668653
      endloop
   endfacet
   facet normal 0 -1 -6.93889e-16
      outer loop
         vertex 0.0242535 -0.101 0.00549821
         vertex 0.0219848 -0.101 0.00804959
         vertex 0.0214657 -0.101 0.00770276
      endloop
   endfacet
   facet normal 0 -1 -6.93889e-16
      outer loop
         vertex 0.0224534 -0.101 0.00918096
         vertex 0.0223316 -0.101 0.00856867
         vertex 0.0248 -0.101 0.00736028
      endloop
   endfacet
   facet normal 0 -1 -6.93889e-16
      outer loop
         vertex 0.0248 -0.101 0.0108821
         vertex 0.0249109 -0.101 0.011539
         vertex 0.0219848 -0.101 0.0103123
      endloop
   endfacet
   facet normal 0 -1 -6.93889e-16
      outer loop
         vertex 0.00681307 -0.101 0.00199854
         vertex 0.00432501 -0.101 0.00240035
         vertex 0.00304238 -0.101 -0.000527096
      endloop
   endfacet
   facet normal 0 -1 -6.93889e-16
      outer loop
         vertex 0.014 -0.101 0.00793653
         vertex 0.019722 -0.101 0.00804959
         vertex 0.0193752 -0.101 0.00856867
      endloop
   endfacet
   facet normal 0 -1 -6.93889e-16
      outer loop
         vertex 0.019722 -0.101 0.00804959
         vertex 0.0144784 -0.101 0.00784138
         vertex 0.0148839 -0.101 0.00757042
      endloop
   endfacet
   facet normal 0 -1 -6.93889e-16
      outer loop
         vertex 0.0248 -0.101 0.00736028
         vertex 0.0223316 -0.101 0.00856867
         vertex 0.0219848 -0.101 0.00804959
      endloop
   endfacet
   facet normal 0 -1 -6.93889e-16
      outer loop
         vertex 0.0263397 -0.101 0.0128284
         vertex 0.0270044 -0.101 0.0128717
         vertex 0.0245 -0.101 0.013
      endloop
   endfacet
   facet normal 0 -1 -6.93889e-16
      outer loop
         vertex 0.014 -0.101 0.00793653
         vertex 0.0193752 -0.101 0.00856867
         vertex 0.0192534 -0.101 0.00918096
      endloop
   endfacet
   facet normal 0 -1 -6.93889e-16
      outer loop
         vertex 0.019722 -0.101 0.00804959
         vertex 0.014 -0.101 0.00793653
         vertex 0.0144784 -0.101 0.00784138
      endloop
   endfacet
   facet normal 0 -1 -6.93889e-16
      outer loop
         vertex 0.0223316 -0.101 0.00979326
         vertex 0.0224534 -0.101 0.00918096
         vertex 0.0248 -0.101 0.0108821
      endloop
   endfacet
   facet normal 0 -1 -6.93889e-16
      outer loop
         vertex 0.0144784 -0.101 0.00553168
         vertex 0.014 -0.101 0.00543653
         vertex 0.0142099 -0.101 0.00452537
      endloop
   endfacet
   facet normal 0 -1 -6.93889e-16
      outer loop
         vertex 0.00891343 -0.101 -0.00342789
         vertex 0.00901493 -0.101 -0.00414147
         vertex 0.00902536 -0.101 0.000520333
      endloop
   endfacet
   facet normal 0 -1 -6.93889e-16
      outer loop
         vertex 0.0208534 -0.101 0.00758096
         vertex 0.0177446 -0.101 0.00410013
         vertex 0.0242535 -0.101 0.00549821
      endloop
   endfacet
   facet normal 0.996327 5.94197e-17 -0.0856328
      outer loop
         vertex 0.0127291 -0.101 0.00245256
         vertex 0.0128109 -0.101 0.00157007
         vertex 0.0128109 -0.088 0.00157007
      endloop
   endfacet
   facet normal 0.903843 2.96891e-16 -0.427864
      outer loop
         vertex 0.0129603 -0.101 0.00330813
         vertex 0.0127291 -0.101 0.00245256
         vertex 0.0127291 -0.088 0.00245256
      endloop
   endfacet
   facet normal 0.697768 4.9705e-16 -0.716324
      outer loop
         vertex 0.0134755 -0.101 0.00402928
         vertex 0.0129603 -0.101 0.00330813
         vertex 0.0129603 -0.088 0.00330813
      endloop
   endfacet
   facet normal 0.404 6.34741e-16 -0.914759
      outer loop
         vertex 0.0142099 -0.101 0.00452537
         vertex 0.0134755 -0.101 0.00402928
         vertex 0.0134755 -0.088 0.00402928
      endloop
   endfacet
   facet normal 0.0594599 6.92662e-16 -0.998231
      outer loop
         vertex 0.0150712 -0.101 0.00473405
         vertex 0.0142099 -0.101 0.00452537
         vertex 0.0142099 -0.088 0.00452537
      endloop
   endfacet
   facet normal -0.292553 6.63531e-16 -0.956249
      outer loop
         vertex 0.0159513 -0.101 0.0046291
         vertex 0.0150712 -0.101 0.00473405
         vertex 0.0150712 -0.088 0.00473405
      endloop
   endfacet
   facet normal -0.6078 0 -0.79409
      outer loop
         vertex 0.0167394 -0.101 0.0042237
         vertex 0.0159513 -0.101 0.0046291
         vertex 0.0159513 -0.088 0.0046291
      endloop
   endfacet
   facet normal -0.292553 6.63531e-16 -0.956249
      outer loop
         vertex 0.0159513 -0.088 0.0046291
         vertex 0.0167394 -0.088 0.0042237
         vertex 0.0167394 -0.101 0.0042237
      endloop
   endfacet
   facet normal 0.0594599 6.92662e-16 -0.998231
      outer loop
         vertex 0.0150712 -0.088 0.00473405
         vertex 0.0159513 -0.088 0.0046291
         vertex 0.0159513 -0.101 0.0046291
      endloop
   endfacet
   facet normal 0.404 6.34741e-16 -0.914759
      outer loop
         vertex 0.0142099 -0.088 0.00452537
         vertex 0.0150712 -0.088 0.00473405
         vertex 0.0150712 -0.101 0.00473405
      endloop
   endfacet
   facet normal 0.697768 4.9705e-16 -0.716324
      outer loop
         vertex 0.0134755 -0.088 0.00402928
         vertex 0.0142099 -0.088 0.00452537
         vertex 0.0142099 -0.101 0.00452537
      endloop
   endfacet
   facet normal 0.903843 2.96891e-16 -0.427864
      outer loop
         vertex 0.0129603 -0.088 0.00330813
         vertex 0.0134755 -0.088 0.00402928
         vertex 0.0134755 -0.101 0.00402928
      endloop
   endfacet
   facet normal 0.996327 5.94197e-17 -0.0856328
      outer loop
         vertex 0.0127291 -0.088 0.00245256
         vertex 0.0129603 -0.088 0.00330813
         vertex 0.0129603 -0.101 0.00330813
      endloop
   endfacet
   facet normal 0.963597 0 0.267361
      outer loop
         vertex 0.0128109 -0.088 0.00157007
         vertex 0.0127291 -0.088 0.00245256
         vertex 0.0127291 -0.101 0.00245256
      endloop
   endfacet
   facet normal 0.963597 0 0.267361
      outer loop
         vertex 0.0128109 -0.088 0.00157007
         vertex 0.0128109 -0.101 0.00157007
         vertex 0.0128438 -0.101 0.00121948
      endloop
   endfacet
   facet normal 0.99653 5.77539e-17 -0.0832321
      outer loop
         vertex 0.0128438 -0.088 0.00121948
         vertex 0.0128438 -0.101 0.00121948
         vertex 0.0127532 -0.101 0.000879207
      endloop
   endfacet
   facet normal 0.905894 2.93865e-16 -0.423504
      outer loop
         vertex 0.0127532 -0.088 0.000879207
         vertex 0.0127532 -0.101 0.000879207
         vertex 0.0125502 -0.101 0.000591449
      endloop
   endfacet
   facet normal 0.702927 4.93537e-16 -0.711262
      outer loop
         vertex 0.0125502 -0.101 0.000591449
         vertex 0.0125502 -0.088 0.000591449
         vertex 0.0127532 -0.088 0.000879207
      endloop
   endfacet
   facet normal 0.905894 2.93865e-16 -0.423504
      outer loop
         vertex 0.0127532 -0.101 0.000879207
         vertex 0.0127532 -0.088 0.000879207
         vertex 0.0128438 -0.088 0.00121948
      endloop
   endfacet
   facet normal 0.99653 5.77539e-17 -0.0832321
      outer loop
         vertex 0.0128438 -0.101 0.00121948
         vertex 0.0128438 -0.088 0.00121948
         vertex 0.0128109 -0.088 0.00157007
      endloop
   endfacet
   facet normal -0.6078 5.51011e-16 -0.79409
      outer loop
         vertex 0.0167394 -0.101 0.0042237
         vertex 0.0167394 -0.088 0.0042237
         vertex 0.0170523 -0.088 0.00406225
      endloop
   endfacet
   facet normal -0.294856 6.6304e-16 -0.955542
      outer loop
         vertex 0.0170523 -0.101 0.00406225
         vertex 0.0170523 -0.088 0.00406225
         vertex 0.0174018 -0.088 0.00401928
      endloop
   endfacet
   facet normal 0.0546491 6.92852e-16 -0.998506
      outer loop
         vertex 0.0174018 -0.101 0.00401928
         vertex 0.0174018 -0.088 0.00401928
         vertex 0.0177446 -0.088 0.00410013
      endloop
   endfacet
   facet normal 0.397378 0 -0.917655
      outer loop
         vertex 0.0177446 -0.088 0.00410013
         vertex 0.0177446 -0.101 0.00410013
         vertex 0.0174018 -0.101 0.00401928
      endloop
   endfacet
   facet normal 0.0546491 6.92852e-16 -0.998506
      outer loop
         vertex 0.0174018 -0.088 0.00401928
         vertex 0.0174018 -0.101 0.00401928
         vertex 0.0170523 -0.101 0.00406225
      endloop
   endfacet
   facet normal -0.294856 6.6304e-16 -0.955542
      outer loop
         vertex 0.0170523 -0.088 0.00406225
         vertex 0.0170523 -0.101 0.00406225
         vertex 0.0167394 -0.101 0.0042237
      endloop
   endfacet
   facet normal 0.382683 6.4107e-16 -0.92388
      outer loop
         vertex 0.0135216 -0.097 0.00784138
         vertex 0.014 -0.097 0.00793653
         vertex 0.014 -0.101 0.00793653
      endloop
   endfacet
   facet normal 0.707107 4.90654e-16 -0.707107
      outer loop
         vertex 0.0131161 -0.097 0.00757042
         vertex 0.0135216 -0.097 0.00784138
         vertex 0.0135216 -0.101 0.00784138
      endloop
   endfacet
   facet normal 0.92388 2.6554e-16 -0.382683
      outer loop
         vertex 0.0128452 -0.097 0.00716489
         vertex 0.0131161 -0.097 0.00757042
         vertex 0.0131161 -0.101 0.00757042
      endloop
   endfacet
   facet normal 1 -1.27465e-31 1.83697e-16
      outer loop
         vertex 0.01275 -0.097 0.00668653
         vertex 0.0128452 -0.097 0.00716489
         vertex 0.0128452 -0.101 0.00716489
      endloop
   endfacet
   facet normal 0.92388 -2.6554e-16 0.382683
      outer loop
         vertex 0.0128452 -0.097 0.00620818
         vertex 0.01275 -0.097 0.00668653
         vertex 0.01275 -0.101 0.00668653
      endloop
   endfacet
   facet normal 0.707107 -4.90654e-16 0.707107
      outer loop
         vertex 0.0131161 -0.097 0.00580265
         vertex 0.0128452 -0.097 0.00620818
         vertex 0.0128452 -0.101 0.00620818
      endloop
   endfacet
   facet normal 0.382683 -6.4107e-16 0.92388
      outer loop
         vertex 0.0135216 -0.097 0.00553168
         vertex 0.0131161 -0.097 0.00580265
         vertex 0.0131161 -0.101 0.00580265
      endloop
   endfacet
   facet normal -1.22465e-16 -6.93889e-16 1
      outer loop
         vertex 0.014 -0.097 0.00543653
         vertex 0.0135216 -0.097 0.00553168
         vertex 0.0135216 -0.101 0.00553168
      endloop
   endfacet
   facet normal -0.382683 -6.4107e-16 0.92388
      outer loop
         vertex 0.0144784 -0.097 0.00553168
         vertex 0.014 -0.097 0.00543653
         vertex 0.014 -0.101 0.00543653
      endloop
   endfacet
   facet normal -0.707107 -4.90654e-16 0.707107
      outer loop
         vertex 0.0148839 -0.097 0.00580265
         vertex 0.0144784 -0.097 0.00553168
         vertex 0.0144784 -0.101 0.00553168
      endloop
   endfacet
   facet normal -0.92388 -2.6554e-16 0.382683
      outer loop
         vertex 0.0151548 -0.097 0.00620818
         vertex 0.0148839 -0.097 0.00580265
         vertex 0.0148839 -0.101 0.00580265
      endloop
   endfacet
   facet normal -1 4.24885e-32 -6.12323e-17
      outer loop
         vertex 0.01525 -0.097 0.00668653
         vertex 0.0151548 -0.097 0.00620818
         vertex 0.0151548 -0.101 0.00620818
      endloop
   endfacet
   facet normal -0.92388 2.6554e-16 -0.382683
      outer loop
         vertex 0.0151548 -0.097 0.00716489
         vertex 0.01525 -0.097 0.00668653
         vertex 0.01525 -0.101 0.00668653
      endloop
   endfacet
   facet normal -0.707107 4.90654e-16 -0.707107
      outer loop
         vertex 0.0148839 -0.097 0.00757042
         vertex 0.0151548 -0.097 0.00716489
         vertex 0.0151548 -0.101 0.00716489
      endloop
   endfacet
   facet normal -0.382683 6.4107e-16 -0.92388
      outer loop
         vertex 0.0144784 -0.097 0.00784138
         vertex 0.0148839 -0.097 0.00757042
         vertex 0.0148839 -0.101 0.00757042
      endloop
   endfacet
   facet normal 0 6.93889e-16 -1
      outer loop
         vertex 0.014 -0.097 0.00793653
         vertex 0.0144784 -0.097 0.00784138
         vertex 0.0144784 -0.101 0.00784138
      endloop
   endfacet
   facet normal -0.382683 6.4107e-16 -0.92388
      outer loop
         vertex 0.0144784 -0.101 0.00784138
         vertex 0.014 -0.101 0.00793653
         vertex 0.014 -0.097 0.00793653
      endloop
   endfacet
   facet normal -0.707107 4.90654e-16 -0.707107
      outer loop
         vertex 0.0148839 -0.101 0.00757042
         vertex 0.0144784 -0.101 0.00784138
         vertex 0.0144784 -0.097 0.00784138
      endloop
   endfacet
   facet normal -0.92388 2.6554e-16 -0.382683
      outer loop
         vertex 0.0151548 -0.101 0.00716489
         vertex 0.0148839 -0.101 0.00757042
         vertex 0.0148839 -0.097 0.00757042
      endloop
   endfacet
   facet normal -1 4.24885e-32 -6.12323e-17
      outer loop
         vertex 0.01525 -0.101 0.00668653
         vertex 0.0151548 -0.101 0.00716489
         vertex 0.0151548 -0.097 0.00716489
      endloop
   endfacet
   facet normal -0.92388 -2.6554e-16 0.382683
      outer loop
         vertex 0.0151548 -0.101 0.00620818
         vertex 0.01525 -0.101 0.00668653
         vertex 0.01525 -0.097 0.00668653
      endloop
   endfacet
   facet normal -0.707107 -4.90654e-16 0.707107
      outer loop
         vertex 0.0148839 -0.101 0.00580265
         vertex 0.0151548 -0.101 0.00620818
         vertex 0.0151548 -0.097 0.00620818
      endloop
   endfacet
   facet normal -0.382683 -6.4107e-16 0.92388
      outer loop
         vertex 0.0144784 -0.101 0.00553168
         vertex 0.0148839 -0.101 0.00580265
         vertex 0.0148839 -0.097 0.00580265
      endloop
   endfacet
   facet normal -1.22465e-16 -6.93889e-16 1
      outer loop
         vertex 0.014 -0.101 0.00543653
         vertex 0.0144784 -0.101 0.00553168
         vertex 0.0144784 -0.097 0.00553168
      endloop
   endfacet
   facet normal 0.382683 -6.4107e-16 0.92388
      outer loop
         vertex 0.0135216 -0.101 0.00553168
         vertex 0.014 -0.101 0.00543653
         vertex 0.014 -0.097 0.00543653
      endloop
   endfacet
   facet normal 0.707107 -4.90654e-16 0.707107
      outer loop
         vertex 0.0131161 -0.101 0.00580265
         vertex 0.0135216 -0.101 0.00553168
         vertex 0.0135216 -0.097 0.00553168
      endloop
   endfacet
   facet normal 0.92388 -2.6554e-16 0.382683
      outer loop
         vertex 0.0128452 -0.101 0.00620818
         vertex 0.0131161 -0.101 0.00580265
         vertex 0.0131161 -0.097 0.00580265
      endloop
   endfacet
   facet normal 1 -1.27465e-31 1.83697e-16
      outer loop
         vertex 0.01275 -0.101 0.00668653
         vertex 0.0128452 -0.101 0.00620818
         vertex 0.0128452 -0.097 0.00620818
      endloop
   endfacet
   facet normal 0.92388 2.6554e-16 -0.382683
      outer loop
         vertex 0.0128452 -0.101 0.00716489
         vertex 0.01275 -0.101 0.00668653
         vertex 0.01275 -0.097 0.00668653
      endloop
   endfacet
   facet normal 0.707107 4.90654e-16 -0.707107
      outer loop
         vertex 0.0131161 -0.101 0.00757042
         vertex 0.0128452 -0.101 0.00716489
         vertex 0.0128452 -0.097 0.00716489
      endloop
   endfacet
   facet normal 0.382683 6.4107e-16 -0.92388
      outer loop
         vertex 0.0135216 -0.101 0.00784138
         vertex 0.0131161 -0.101 0.00757042
         vertex 0.0131161 -0.097 0.00757042
      endloop
   endfacet
   facet normal 0 6.93889e-16 -1
      outer loop
         vertex 0.014 -0.101 0.00793653
         vertex 0.0135216 -0.101 0.00784138
         vertex 0.0135216 -0.097 0.00784138
      endloop
   endfacet
   facet normal 0.100479 -0.857167 0.505142
      outer loop
         vertex 0.014 -0.0962489 0.00668653
         vertex 0.0135216 -0.097 0.00553168
         vertex 0.014 -0.097 0.00543653
      endloop
   endfacet
   facet normal 0.28614 -0.857167 0.428239
      outer loop
         vertex 0.014 -0.0962489 0.00668653
         vertex 0.0131161 -0.097 0.00580265
         vertex 0.0135216 -0.097 0.00553168
      endloop
   endfacet
   facet normal 0.428239 -0.857167 0.28614
      outer loop
         vertex 0.014 -0.0962489 0.00668653
         vertex 0.0128452 -0.097 0.00620818
         vertex 0.0131161 -0.097 0.00580265
      endloop
   endfacet
   facet normal 0.505142 -0.857167 0.100479
      outer loop
         vertex 0.014 -0.0962489 0.00668653
         vertex 0.01275 -0.097 0.00668653
         vertex 0.0128452 -0.097 0.00620818
      endloop
   endfacet
   facet normal 0.505142 -0.857167 -0.100479
      outer loop
         vertex 0.014 -0.0962489 0.00668653
         vertex 0.0128452 -0.097 0.00716489
         vertex 0.01275 -0.097 0.00668653
      endloop
   endfacet
   facet normal 0.428239 -0.857167 -0.28614
      outer loop
         vertex 0.014 -0.0962489 0.00668653
         vertex 0.0131161 -0.097 0.00757042
         vertex 0.0128452 -0.097 0.00716489
      endloop
   endfacet
   facet normal 0.28614 -0.857167 -0.428239
      outer loop
         vertex 0.014 -0.0962489 0.00668653
         vertex 0.0135216 -0.097 0.00784138
         vertex 0.0131161 -0.097 0.00757042
      endloop
   endfacet
   facet normal 0.100479 -0.857167 -0.505142
      outer loop
         vertex 0.014 -0.0962489 0.00668653
         vertex 0.014 -0.097 0.00793653
         vertex 0.0135216 -0.097 0.00784138
      endloop
   endfacet
   facet normal -0.100479 -0.857167 -0.505142
      outer loop
         vertex 0.014 -0.0962489 0.00668653
         vertex 0.0144784 -0.097 0.00784138
         vertex 0.014 -0.097 0.00793653
      endloop
   endfacet
   facet normal -0.28614 -0.857167 -0.428239
      outer loop
         vertex 0.014 -0.0962489 0.00668653
         vertex 0.0148839 -0.097 0.00757042
         vertex 0.0144784 -0.097 0.00784138
      endloop
   endfacet
   facet normal -0.428239 -0.857167 -0.28614
      outer loop
         vertex 0.014 -0.0962489 0.00668653
         vertex 0.0151548 -0.097 0.00716489
         vertex 0.0148839 -0.097 0.00757042
      endloop
   endfacet
   facet normal -0.505142 -0.857167 -0.100479
      outer loop
         vertex 0.014 -0.0962489 0.00668653
         vertex 0.01525 -0.097 0.00668653
         vertex 0.0151548 -0.097 0.00716489
      endloop
   endfacet
   facet normal -0.505142 -0.857167 0.100479
      outer loop
         vertex 0.014 -0.0962489 0.00668653
         vertex 0.0151548 -0.097 0.00620818
         vertex 0.01525 -0.097 0.00668653
      endloop
   endfacet
   facet normal -0.428239 -0.857167 0.28614
      outer loop
         vertex 0.014 -0.0962489 0.00668653
         vertex 0.0148839 -0.097 0.00580265
         vertex 0.0151548 -0.097 0.00620818
      endloop
   endfacet
   facet normal -0.28614 -0.857167 0.428239
      outer loop
         vertex 0.014 -0.0962489 0.00668653
         vertex 0.0144784 -0.097 0.00553168
         vertex 0.0148839 -0.097 0.00580265
      endloop
   endfacet
   facet normal -0.100479 -0.857167 0.505142
      outer loop
         vertex 0.014 -0.0962489 0.00668653
         vertex 0.014 -0.097 0.00543653
         vertex 0.0144784 -0.097 0.00553168
      endloop
   endfacet
   facet normal 0.382683 6.4107e-16 -0.92388
      outer loop
         vertex 0.00780077 -0.1002 0.00347675
         vertex 0.00841307 -0.1002 0.00359854
         vertex 0.00841307 -0.101 0.00359854
      endloop
   endfacet
   facet normal 0.707107 4.90654e-16 -0.707107
      outer loop
         vertex 0.0072817 -0.1002 0.00312991
         vertex 0.00780077 -0.1002 0.00347675
         vertex 0.00780077 -0.101 0.00347675
      endloop
   endfacet
   facet normal 0.92388 2.6554e-16 -0.382683
      outer loop
         vertex 0.00693486 -0.1002 0.00261083
         vertex 0.0072817 -0.1002 0.00312991
         vertex 0.0072817 -0.101 0.00312991
      endloop
   endfacet
   facet normal 1 -1.27465e-31 1.83697e-16
      outer loop
         vertex 0.00681307 -0.1002 0.00199854
         vertex 0.00693486 -0.1002 0.00261083
         vertex 0.00693486 -0.101 0.00261083
      endloop
   endfacet
   facet normal 0.92388 -2.6554e-16 0.382683
      outer loop
         vertex 0.00693486 -0.1002 0.00138625
         vertex 0.00681307 -0.1002 0.00199854
         vertex 0.00681307 -0.101 0.00199854
      endloop
   endfacet
   facet normal 0.707107 -4.90654e-16 0.707107
      outer loop
         vertex 0.0072817 -0.1002 0.000867169
         vertex 0.00693486 -0.1002 0.00138625
         vertex 0.00693486 -0.101 0.00138625
      endloop
   endfacet
   facet normal 0.382683 -6.4107e-16 0.92388
      outer loop
         vertex 0.00780077 -0.1002 0.000520333
         vertex 0.0072817 -0.1002 0.000867169
         vertex 0.0072817 -0.101 0.000867169
      endloop
   endfacet
   facet normal -1.22465e-16 -6.93889e-16 1
      outer loop
         vertex 0.00841307 -0.1002 0.00039854
         vertex 0.00780077 -0.1002 0.000520333
         vertex 0.00780077 -0.101 0.000520333
      endloop
   endfacet
   facet normal -0.382683 -6.4107e-16 0.92388
      outer loop
         vertex 0.00902536 -0.1002 0.000520333
         vertex 0.00841307 -0.1002 0.00039854
         vertex 0.00841307 -0.101 0.00039854
      endloop
   endfacet
   facet normal -0.707107 -4.90654e-16 0.707107
      outer loop
         vertex 0.00954444 -0.1002 0.000867169
         vertex 0.00902536 -0.1002 0.000520333
         vertex 0.00902536 -0.101 0.000520333
      endloop
   endfacet
   facet normal -0.92388 -2.6554e-16 0.382683
      outer loop
         vertex 0.00989127 -0.1002 0.00138625
         vertex 0.00954444 -0.1002 0.000867169
         vertex 0.00954444 -0.101 0.000867169
      endloop
   endfacet
   facet normal -1 4.24885e-32 -6.12323e-17
      outer loop
         vertex 0.0100131 -0.1002 0.00199854
         vertex 0.00989127 -0.1002 0.00138625
         vertex 0.00989127 -0.101 0.00138625
      endloop
   endfacet
   facet normal -0.92388 2.6554e-16 -0.382683
      outer loop
         vertex 0.00989127 -0.1002 0.00261083
         vertex 0.0100131 -0.1002 0.00199854
         vertex 0.0100131 -0.101 0.00199854
      endloop
   endfacet
   facet normal -0.707107 4.90654e-16 -0.707107
      outer loop
         vertex 0.00954444 -0.1002 0.00312991
         vertex 0.00989127 -0.1002 0.00261083
         vertex 0.00989127 -0.101 0.00261083
      endloop
   endfacet
   facet normal -0.382683 6.4107e-16 -0.92388
      outer loop
         vertex 0.00902536 -0.1002 0.00347675
         vertex 0.00954444 -0.1002 0.00312991
         vertex 0.00954444 -0.101 0.00312991
      endloop
   endfacet
   facet normal 0 6.77626e-16 -1
      outer loop
         vertex 0.00841307 -0.1002 0.00359854
         vertex 0.00902536 -0.1002 0.00347675
         vertex 0.00902536 -0.101 0.00347675
      endloop
   endfacet
   facet normal -0.382683 6.4107e-16 -0.92388
      outer loop
         vertex 0.00902536 -0.101 0.00347675
         vertex 0.00841307 -0.101 0.00359854
         vertex 0.00841307 -0.1002 0.00359854
      endloop
   endfacet
   facet normal -0.707107 4.90654e-16 -0.707107
      outer loop
         vertex 0.00954444 -0.101 0.00312991
         vertex 0.00902536 -0.101 0.00347675
         vertex 0.00902536 -0.1002 0.00347675
      endloop
   endfacet
   facet normal -0.92388 2.6554e-16 -0.382683
      outer loop
         vertex 0.00989127 -0.101 0.00261083
         vertex 0.00954444 -0.101 0.00312991
         vertex 0.00954444 -0.1002 0.00312991
      endloop
   endfacet
   facet normal -1 4.24885e-32 -6.12323e-17
      outer loop
         vertex 0.0100131 -0.101 0.00199854
         vertex 0.00989127 -0.101 0.00261083
         vertex 0.00989127 -0.1002 0.00261083
      endloop
   endfacet
   facet normal -0.92388 -2.6554e-16 0.382683
      outer loop
         vertex 0.00989127 -0.101 0.00138625
         vertex 0.0100131 -0.101 0.00199854
         vertex 0.0100131 -0.1002 0.00199854
      endloop
   endfacet
   facet normal -0.707107 -4.90654e-16 0.707107
      outer loop
         vertex 0.00954444 -0.101 0.000867169
         vertex 0.00989127 -0.101 0.00138625
         vertex 0.00989127 -0.1002 0.00138625
      endloop
   endfacet
   facet normal -0.382683 -6.4107e-16 0.92388
      outer loop
         vertex 0.00902536 -0.101 0.000520333
         vertex 0.00954444 -0.101 0.000867169
         vertex 0.00954444 -0.1002 0.000867169
      endloop
   endfacet
   facet normal -1.22465e-16 -6.93889e-16 1
      outer loop
         vertex 0.00841307 -0.101 0.00039854
         vertex 0.00902536 -0.101 0.000520333
         vertex 0.00902536 -0.1002 0.000520333
      endloop
   endfacet
   facet normal 0.382683 -6.4107e-16 0.92388
      outer loop
         vertex 0.00780077 -0.101 0.000520333
         vertex 0.00841307 -0.101 0.00039854
         vertex 0.00841307 -0.1002 0.00039854
      endloop
   endfacet
   facet normal 0.707107 -4.90654e-16 0.707107
      outer loop
         vertex 0.0072817 -0.101 0.000867169
         vertex 0.00780077 -0.101 0.000520333
         vertex 0.00780077 -0.1002 0.000520333
      endloop
   endfacet
   facet normal 0.92388 -2.6554e-16 0.382683
      outer loop
         vertex 0.00693486 -0.101 0.00138625
         vertex 0.0072817 -0.101 0.000867169
         vertex 0.0072817 -0.1002 0.000867169
      endloop
   endfacet
   facet normal 1 -1.27465e-31 1.83697e-16
      outer loop
         vertex 0.00681307 -0.101 0.00199854
         vertex 0.00693486 -0.101 0.00138625
         vertex 0.00693486 -0.1002 0.00138625
      endloop
   endfacet
   facet normal 0.92388 2.6554e-16 -0.382683
      outer loop
         vertex 0.00693486 -0.101 0.00261083
         vertex 0.00681307 -0.101 0.00199854
         vertex 0.00681307 -0.1002 0.00199854
      endloop
   endfacet
   facet normal 0.707107 4.90654e-16 -0.707107
      outer loop
         vertex 0.0072817 -0.101 0.00312991
         vertex 0.00693486 -0.101 0.00261083
         vertex 0.00693486 -0.1002 0.00261083
      endloop
   endfacet
   facet normal 0.382683 6.4107e-16 -0.92388
      outer loop
         vertex 0.00780077 -0.101 0.00347675
         vertex 0.0072817 -0.101 0.00312991
         vertex 0.0072817 -0.1002 0.00312991
      endloop
   endfacet
   facet normal 0 6.77626e-16 -1
      outer loop
         vertex 0.00841307 -0.101 0.00359854
         vertex 0.00780077 -0.101 0.00347675
         vertex 0.00780077 -0.1002 0.00347675
      endloop
   endfacet
   facet normal 0 -1 -6.93889e-16
      outer loop
         vertex 0.00989127 -0.1002 0.00261083
         vertex 0.00954444 -0.1002 0.00312991
         vertex 0.00926159 -0.1002 0.00284707
      endloop
   endfacet
   facet normal 0 -1 -6.93889e-16
      outer loop
         vertex 0.00902536 -0.1002 0.00347675
         vertex 0.00887229 -0.1002 0.0031072
         vertex 0.00926159 -0.1002 0.00284707
      endloop
   endfacet
   facet normal 0 -1 -6.93889e-16
      outer loop
         vertex 0.00841307 -0.1002 0.00359854
         vertex 0.00841307 -0.1002 0.00319854
         vertex 0.00887229 -0.1002 0.0031072
      endloop
   endfacet
   facet normal 0 -1 -6.93889e-16
      outer loop
         vertex 0.00780077 -0.1002 0.00347675
         vertex 0.00795385 -0.1002 0.0031072
         vertex 0.00841307 -0.1002 0.00319854
      endloop
   endfacet
   facet normal 0 -1 -6.93889e-16
      outer loop
         vertex 0.00926159 -0.1002 0.00284707
         vertex 0.00954444 -0.1002 0.00312991
         vertex 0.00902536 -0.1002 0.00347675
      endloop
   endfacet
   facet normal 0 -1 -6.93889e-16
      outer loop
         vertex 0.00841307 -0.1002 0.00319854
         vertex 0.00841307 -0.1002 0.00359854
         vertex 0.00780077 -0.1002 0.00347675
      endloop
   endfacet
   facet normal 0 -1 -6.93889e-16
      outer loop
         vertex 0.0072817 -0.1002 0.00312991
         vertex 0.00756454 -0.1002 0.00284707
         vertex 0.00795385 -0.1002 0.0031072
      endloop
   endfacet
   facet normal 0 -1 -6.93889e-16
      outer loop
         vertex 0.0072817 -0.1002 0.00312991
         vertex 0.00693486 -0.1002 0.00261083
         vertex 0.00730441 -0.1002 0.00245776
      endloop
   endfacet
   facet normal 0 -1 -6.93889e-16
      outer loop
         vertex 0.00681307 -0.1002 0.00199854
         vertex 0.00721307 -0.1002 0.00199854
         vertex 0.00730441 -0.1002 0.00245776
      endloop
   endfacet
   facet normal 0 -1 -6.93889e-16
      outer loop
         vertex 0.00681307 -0.1002 0.00199854
         vertex 0.00693486 -0.1002 0.00138625
         vertex 0.00730441 -0.1002 0.00153932
      endloop
   endfacet
   facet normal 0 -1 -6.93889e-16
      outer loop
         vertex 0.0072817 -0.1002 0.000867169
         vertex 0.00756454 -0.1002 0.00115001
         vertex 0.00730441 -0.1002 0.00153932
      endloop
   endfacet
   facet normal 0 -1 -6.93889e-16
      outer loop
         vertex 0.0072817 -0.1002 0.000867169
         vertex 0.00780077 -0.1002 0.000520333
         vertex 0.00795385 -0.1002 0.000889884
      endloop
   endfacet
   facet normal 0 -1 -6.93889e-16
      outer loop
         vertex 0.0100131 -0.1002 0.00199854
         vertex 0.00961307 -0.1002 0.00199854
         vertex 0.00952172 -0.1002 0.00153932
      endloop
   endfacet
   facet normal 0 -1 -6.93889e-16
      outer loop
         vertex 0.0100131 -0.1002 0.00199854
         vertex 0.00989127 -0.1002 0.00261083
         vertex 0.00952172 -0.1002 0.00245776
      endloop
   endfacet
   facet normal 0 -1 -6.93889e-16
      outer loop
         vertex 0.00887229 -0.1002 0.0031072
         vertex 0.00902536 -0.1002 0.00347675
         vertex 0.00841307 -0.1002 0.00359854
      endloop
   endfacet
   facet normal 0 -1 -6.93889e-16
      outer loop
         vertex 0.00730441 -0.1002 0.00245776
         vertex 0.00756454 -0.1002 0.00284707
         vertex 0.0072817 -0.1002 0.00312991
      endloop
   endfacet
   facet normal 0 -1 -6.93889e-16
      outer loop
         vertex 0.00730441 -0.1002 0.00153932
         vertex 0.00721307 -0.1002 0.00199854
         vertex 0.00681307 -0.1002 0.00199854
      endloop
   endfacet
   facet normal 0 -1 -6.93889e-16
      outer loop
         vertex 0.00795385 -0.1002 0.000889884
         vertex 0.00756454 -0.1002 0.00115001
         vertex 0.0072817 -0.1002 0.000867169
      endloop
   endfacet
   facet normal 0 -1 -6.93889e-16
      outer loop
         vertex 0.00954444 -0.1002 0.000867169
         vertex 0.00926159 -0.1002 0.00115001
         vertex 0.00887229 -0.1002 0.000889884
      endloop
   endfacet
   facet normal 0 -1 -6.93889e-16
      outer loop
         vertex 0.00954444 -0.1002 0.000867169
         vertex 0.00989127 -0.1002 0.00138625
         vertex 0.00952172 -0.1002 0.00153932
      endloop
   endfacet
   facet normal 0 -1 -6.93889e-16
      outer loop
         vertex 0.00952172 -0.1002 0.00245776
         vertex 0.00961307 -0.1002 0.00199854
         vertex 0.0100131 -0.1002 0.00199854
      endloop
   endfacet
   facet normal 0 -1 -6.93889e-16
      outer loop
         vertex 0.00795385 -0.1002 0.0031072
         vertex 0.00780077 -0.1002 0.00347675
         vertex 0.0072817 -0.1002 0.00312991
      endloop
   endfacet
   facet normal 0 -1 -6.93889e-16
      outer loop
         vertex 0.00730441 -0.1002 0.00153932
         vertex 0.00693486 -0.1002 0.00138625
         vertex 0.0072817 -0.1002 0.000867169
      endloop
   endfacet
   facet normal 0 -1 -6.93889e-16
      outer loop
         vertex 0.00841307 -0.1002 0.00039854
         vertex 0.00841307 -0.1002 0.00079854
         vertex 0.00795385 -0.1002 0.000889884
      endloop
   endfacet
   facet normal 0 -1 -6.93889e-16
      outer loop
         vertex 0.00902536 -0.1002 0.000520333
         vertex 0.00887229 -0.1002 0.000889884
         vertex 0.00841307 -0.1002 0.00079854
      endloop
   endfacet
   facet normal 0 -1 -6.93889e-16
      outer loop
         vertex 0.00952172 -0.1002 0.00153932
         vertex 0.00926159 -0.1002 0.00115001
         vertex 0.00954444 -0.1002 0.000867169
      endloop
   endfacet
   facet normal 0 -1 -6.93889e-16
      outer loop
         vertex 0.00926159 -0.1002 0.00284707
         vertex 0.00952172 -0.1002 0.00245776
         vertex 0.00989127 -0.1002 0.00261083
      endloop
   endfacet
   facet normal 0 -1 -6.93889e-16
      outer loop
         vertex 0.00795385 -0.1002 0.000889884
         vertex 0.00780077 -0.1002 0.000520333
         vertex 0.00841307 -0.1002 0.00039854
      endloop
   endfacet
   facet normal 0 -1 -6.93889e-16
      outer loop
         vertex 0.00887229 -0.1002 0.000889884
         vertex 0.00902536 -0.1002 0.000520333
         vertex 0.00954444 -0.1002 0.000867169
      endloop
   endfacet
   facet normal 0 -1 -6.93889e-16
      outer loop
         vertex 0.00730441 -0.1002 0.00245776
         vertex 0.00693486 -0.1002 0.00261083
         vertex 0.00681307 -0.1002 0.00199854
      endloop
   endfacet
   facet normal 0 -1 -6.93889e-16
      outer loop
         vertex 0.00952172 -0.1002 0.00153932
         vertex 0.00989127 -0.1002 0.00138625
         vertex 0.0100131 -0.1002 0.00199854
      endloop
   endfacet
   facet normal 0 -1 -6.93889e-16
      outer loop
         vertex 0.00841307 -0.1002 0.00079854
         vertex 0.00841307 -0.1002 0.00039854
         vertex 0.00902536 -0.1002 0.000520333
      endloop
   endfacet
   facet normal 0.382683 6.4107e-16 -0.92388
      outer loop
         vertex 0.0202411 -0.1002 0.0106592
         vertex 0.0208534 -0.1002 0.010781
         vertex 0.0208534 -0.101 0.010781
      endloop
   endfacet
   facet normal 0.707107 4.90654e-16 -0.707107
      outer loop
         vertex 0.019722 -0.1002 0.0103123
         vertex 0.0202411 -0.1002 0.0106592
         vertex 0.0202411 -0.101 0.0106592
      endloop
   endfacet
   facet normal 0.92388 2.6554e-16 -0.382683
      outer loop
         vertex 0.0193752 -0.1002 0.00979326
         vertex 0.019722 -0.1002 0.0103123
         vertex 0.019722 -0.101 0.0103123
      endloop
   endfacet
   facet normal 1 -1.27465e-31 1.83697e-16
      outer loop
         vertex 0.0192534 -0.1002 0.00918096
         vertex 0.0193752 -0.1002 0.00979326
         vertex 0.0193752 -0.101 0.00979326
      endloop
   endfacet
   facet normal 0.92388 -2.6554e-16 0.382683
      outer loop
         vertex 0.0193752 -0.1002 0.00856867
         vertex 0.0192534 -0.1002 0.00918096
         vertex 0.0192534 -0.101 0.00918096
      endloop
   endfacet
   facet normal 0.707107 -4.90654e-16 0.707107
      outer loop
         vertex 0.019722 -0.1002 0.00804959
         vertex 0.0193752 -0.1002 0.00856867
         vertex 0.0193752 -0.101 0.00856867
      endloop
   endfacet
   facet normal 0.382683 -6.4107e-16 0.92388
      outer loop
         vertex 0.0202411 -0.1002 0.00770276
         vertex 0.019722 -0.1002 0.00804959
         vertex 0.019722 -0.101 0.00804959
      endloop
   endfacet
   facet normal -1.22465e-16 -6.93889e-16 1
      outer loop
         vertex 0.0208534 -0.1002 0.00758096
         vertex 0.0202411 -0.1002 0.00770276
         vertex 0.0202411 -0.101 0.00770276
      endloop
   endfacet
   facet normal -0.382683 -6.4107e-16 0.92388
      outer loop
         vertex 0.0214657 -0.1002 0.00770276
         vertex 0.0208534 -0.1002 0.00758096
         vertex 0.0208534 -0.101 0.00758096
      endloop
   endfacet
   facet normal -0.707107 -4.90654e-16 0.707107
      outer loop
         vertex 0.0219848 -0.1002 0.00804959
         vertex 0.0214657 -0.1002 0.00770276
         vertex 0.0214657 -0.101 0.00770276
      endloop
   endfacet
   facet normal -0.92388 -2.6554e-16 0.382683
      outer loop
         vertex 0.0223316 -0.1002 0.00856867
         vertex 0.0219848 -0.1002 0.00804959
         vertex 0.0219848 -0.101 0.00804959
      endloop
   endfacet
   facet normal -1 4.24885e-32 -6.12323e-17
      outer loop
         vertex 0.0224534 -0.1002 0.00918096
         vertex 0.0223316 -0.1002 0.00856867
         vertex 0.0223316 -0.101 0.00856867
      endloop
   endfacet
   facet normal -0.92388 2.6554e-16 -0.382683
      outer loop
         vertex 0.0223316 -0.1002 0.00979326
         vertex 0.0224534 -0.1002 0.00918096
         vertex 0.0224534 -0.101 0.00918096
      endloop
   endfacet
   facet normal -0.707107 4.90654e-16 -0.707107
      outer loop
         vertex 0.0219848 -0.1002 0.0103123
         vertex 0.0223316 -0.1002 0.00979326
         vertex 0.0223316 -0.101 0.00979326
      endloop
   endfacet
   facet normal -0.382683 6.4107e-16 -0.92388
      outer loop
         vertex 0.0214657 -0.1002 0.0106592
         vertex 0.0219848 -0.1002 0.0103123
         vertex 0.0219848 -0.101 0.0103123
      endloop
   endfacet
   facet normal 0 6.77626e-16 -1
      outer loop
         vertex 0.0208534 -0.1002 0.010781
         vertex 0.0214657 -0.1002 0.0106592
         vertex 0.0214657 -0.101 0.0106592
      endloop
   endfacet
   facet normal -0.382683 6.4107e-16 -0.92388
      outer loop
         vertex 0.0214657 -0.101 0.0106592
         vertex 0.0208534 -0.101 0.010781
         vertex 0.0208534 -0.1002 0.010781
      endloop
   endfacet
   facet normal -0.707107 4.90654e-16 -0.707107
      outer loop
         vertex 0.0219848 -0.101 0.0103123
         vertex 0.0214657 -0.101 0.0106592
         vertex 0.0214657 -0.1002 0.0106592
      endloop
   endfacet
   facet normal -0.92388 2.6554e-16 -0.382683
      outer loop
         vertex 0.0223316 -0.101 0.00979326
         vertex 0.0219848 -0.101 0.0103123
         vertex 0.0219848 -0.1002 0.0103123
      endloop
   endfacet
   facet normal -1 4.24885e-32 -6.12323e-17
      outer loop
         vertex 0.0224534 -0.101 0.00918096
         vertex 0.0223316 -0.101 0.00979326
         vertex 0.0223316 -0.1002 0.00979326
      endloop
   endfacet
   facet normal -0.92388 -2.6554e-16 0.382683
      outer loop
         vertex 0.0223316 -0.101 0.00856867
         vertex 0.0224534 -0.101 0.00918096
         vertex 0.0224534 -0.1002 0.00918096
      endloop
   endfacet
   facet normal -0.707107 -4.90654e-16 0.707107
      outer loop
         vertex 0.0219848 -0.101 0.00804959
         vertex 0.0223316 -0.101 0.00856867
         vertex 0.0223316 -0.1002 0.00856867
      endloop
   endfacet
   facet normal -0.382683 -6.4107e-16 0.92388
      outer loop
         vertex 0.0214657 -0.101 0.00770276
         vertex 0.0219848 -0.101 0.00804959
         vertex 0.0219848 -0.1002 0.00804959
      endloop
   endfacet
   facet normal -1.22465e-16 -6.93889e-16 1
      outer loop
         vertex 0.0208534 -0.101 0.00758096
         vertex 0.0214657 -0.101 0.00770276
         vertex 0.0214657 -0.1002 0.00770276
      endloop
   endfacet
   facet normal 0.382683 -6.4107e-16 0.92388
      outer loop
         vertex 0.0202411 -0.101 0.00770276
         vertex 0.0208534 -0.101 0.00758096
         vertex 0.0208534 -0.1002 0.00758096
      endloop
   endfacet
   facet normal 0.707107 -4.90654e-16 0.707107
      outer loop
         vertex 0.019722 -0.101 0.00804959
         vertex 0.0202411 -0.101 0.00770276
         vertex 0.0202411 -0.1002 0.00770276
      endloop
   endfacet
   facet normal 0.92388 -2.6554e-16 0.382683
      outer loop
         vertex 0.0193752 -0.101 0.00856867
         vertex 0.019722 -0.101 0.00804959
         vertex 0.019722 -0.1002 0.00804959
      endloop
   endfacet
   facet normal 1 -1.27465e-31 1.83697e-16
      outer loop
         vertex 0.0192534 -0.101 0.00918096
         vertex 0.0193752 -0.101 0.00856867
         vertex 0.0193752 -0.1002 0.00856867
      endloop
   endfacet
   facet normal 0.92388 2.6554e-16 -0.382683
      outer loop
         vertex 0.0193752 -0.101 0.00979326
         vertex 0.0192534 -0.101 0.00918096
         vertex 0.0192534 -0.1002 0.00918096
      endloop
   endfacet
   facet normal 0.707107 4.90654e-16 -0.707107
      outer loop
         vertex 0.019722 -0.101 0.0103123
         vertex 0.0193752 -0.101 0.00979326
         vertex 0.0193752 -0.1002 0.00979326
      endloop
   endfacet
   facet normal 0.382683 6.4107e-16 -0.92388
      outer loop
         vertex 0.0202411 -0.101 0.0106592
         vertex 0.019722 -0.101 0.0103123
         vertex 0.019722 -0.1002 0.0103123
      endloop
   endfacet
   facet normal 0 6.77626e-16 -1
      outer loop
         vertex 0.0208534 -0.101 0.010781
         vertex 0.0202411 -0.101 0.0106592
         vertex 0.0202411 -0.1002 0.0106592
      endloop
   endfacet
   facet normal 0 -1 -6.93889e-16
      outer loop
         vertex 0.0192534 -0.1002 0.00918096
         vertex 0.0196534 -0.1002 0.00918096
         vertex 0.0197447 -0.1002 0.00964018
      endloop
   endfacet
   facet normal 0 -1 -6.93889e-16
      outer loop
         vertex 0.0192534 -0.1002 0.00918096
         vertex 0.0193752 -0.1002 0.00856867
         vertex 0.0197447 -0.1002 0.00872174
      endloop
   endfacet
   facet normal 0 -1 -6.93889e-16
      outer loop
         vertex 0.0219848 -0.1002 0.00804959
         vertex 0.0217019 -0.1002 0.00833243
         vertex 0.0213126 -0.1002 0.00807231
      endloop
   endfacet
   facet normal 0 -1 -6.93889e-16
      outer loop
         vertex 0.0223316 -0.1002 0.00856867
         vertex 0.021962 -0.1002 0.00872174
         vertex 0.0217019 -0.1002 0.00833243
      endloop
   endfacet
   facet normal 0 -1 -6.93889e-16
      outer loop
         vertex 0.0224534 -0.1002 0.00918096
         vertex 0.0220534 -0.1002 0.00918096
         vertex 0.021962 -0.1002 0.00872174
      endloop
   endfacet
   facet normal 0 -1 -6.93889e-16
      outer loop
         vertex 0.0224534 -0.1002 0.00918096
         vertex 0.0223316 -0.1002 0.00979326
         vertex 0.021962 -0.1002 0.00964018
      endloop
   endfacet
   facet normal 0 -1 -6.93889e-16
      outer loop
         vertex 0.0208534 -0.1002 0.010781
         vertex 0.0208534 -0.1002 0.010381
         vertex 0.0213126 -0.1002 0.0102896
      endloop
   endfacet
   facet normal 0 -1 -6.93889e-16
      outer loop
         vertex 0.0208534 -0.1002 0.010781
         vertex 0.0202411 -0.1002 0.0106592
         vertex 0.0203942 -0.1002 0.0102896
      endloop
   endfacet
   facet normal 0 -1 -6.93889e-16
      outer loop
         vertex 0.0193752 -0.1002 0.00979326
         vertex 0.0197447 -0.1002 0.00964018
         vertex 0.0200049 -0.1002 0.0100295
      endloop
   endfacet
   facet normal 0 -1 -6.93889e-16
      outer loop
         vertex 0.0197447 -0.1002 0.00872174
         vertex 0.0196534 -0.1002 0.00918096
         vertex 0.0192534 -0.1002 0.00918096
      endloop
   endfacet
   facet normal 0 -1 -6.93889e-16
      outer loop
         vertex 0.0193752 -0.1002 0.00856867
         vertex 0.019722 -0.1002 0.00804959
         vertex 0.0200049 -0.1002 0.00833243
      endloop
   endfacet
   facet normal 0 -1 -6.93889e-16
      outer loop
         vertex 0.019722 -0.1002 0.00804959
         vertex 0.0202411 -0.1002 0.00770276
         vertex 0.0203942 -0.1002 0.00807231
      endloop
   endfacet
   facet normal 0 -1 -6.93889e-16
      outer loop
         vertex 0.0217019 -0.1002 0.00833243
         vertex 0.0219848 -0.1002 0.00804959
         vertex 0.0223316 -0.1002 0.00856867
      endloop
   endfacet
   facet normal 0 -1 -6.93889e-16
      outer loop
         vertex 0.021962 -0.1002 0.00964018
         vertex 0.0220534 -0.1002 0.00918096
         vertex 0.0224534 -0.1002 0.00918096
      endloop
   endfacet
   facet normal 0 -1 -6.93889e-16
      outer loop
         vertex 0.0223316 -0.1002 0.00979326
         vertex 0.0219848 -0.1002 0.0103123
         vertex 0.0217019 -0.1002 0.0100295
      endloop
   endfacet
   facet normal 0 -1 -6.93889e-16
      outer loop
         vertex 0.0219848 -0.1002 0.0103123
         vertex 0.0214657 -0.1002 0.0106592
         vertex 0.0213126 -0.1002 0.0102896
      endloop
   endfacet
   facet normal 0 -1 -6.93889e-16
      outer loop
         vertex 0.0203942 -0.1002 0.0102896
         vertex 0.0208534 -0.1002 0.010381
         vertex 0.0208534 -0.1002 0.010781
      endloop
   endfacet
   facet normal 0 -1 -6.93889e-16
      outer loop
         vertex 0.0202411 -0.1002 0.0106592
         vertex 0.019722 -0.1002 0.0103123
         vertex 0.0200049 -0.1002 0.0100295
      endloop
   endfacet
   facet normal 0 -1 -6.93889e-16
      outer loop
         vertex 0.0197447 -0.1002 0.00964018
         vertex 0.0193752 -0.1002 0.00979326
         vertex 0.0192534 -0.1002 0.00918096
      endloop
   endfacet
   facet normal 0 -1 -6.93889e-16
      outer loop
         vertex 0.0203942 -0.1002 0.00807231
         vertex 0.0200049 -0.1002 0.00833243
         vertex 0.019722 -0.1002 0.00804959
      endloop
   endfacet
   facet normal 0 -1 -6.93889e-16
      outer loop
         vertex 0.021962 -0.1002 0.00872174
         vertex 0.0223316 -0.1002 0.00856867
         vertex 0.0224534 -0.1002 0.00918096
      endloop
   endfacet
   facet normal 0 -1 -6.93889e-16
      outer loop
         vertex 0.0213126 -0.1002 0.0102896
         vertex 0.0217019 -0.1002 0.0100295
         vertex 0.0219848 -0.1002 0.0103123
      endloop
   endfacet
   facet normal 0 -1 -6.93889e-16
      outer loop
         vertex 0.0200049 -0.1002 0.0100295
         vertex 0.0203942 -0.1002 0.0102896
         vertex 0.0202411 -0.1002 0.0106592
      endloop
   endfacet
   facet normal 0 -1 -6.93889e-16
      outer loop
         vertex 0.0200049 -0.1002 0.00833243
         vertex 0.0197447 -0.1002 0.00872174
         vertex 0.0193752 -0.1002 0.00856867
      endloop
   endfacet
   facet normal 0 -1 -6.93889e-16
      outer loop
         vertex 0.0208534 -0.1002 0.00758096
         vertex 0.0214657 -0.1002 0.00770276
         vertex 0.0213126 -0.1002 0.00807231
      endloop
   endfacet
   facet normal 0 -1 -6.93889e-16
      outer loop
         vertex 0.0217019 -0.1002 0.0100295
         vertex 0.021962 -0.1002 0.00964018
         vertex 0.0223316 -0.1002 0.00979326
      endloop
   endfacet
   facet normal 0 -1 -6.93889e-16
      outer loop
         vertex 0.0200049 -0.1002 0.0100295
         vertex 0.019722 -0.1002 0.0103123
         vertex 0.0193752 -0.1002 0.00979326
      endloop
   endfacet
   facet normal 0 -1 -6.93889e-16
      outer loop
         vertex 0.0208534 -0.1002 0.00758096
         vertex 0.0208534 -0.1002 0.00798096
         vertex 0.0203942 -0.1002 0.00807231
      endloop
   endfacet
   facet normal 0 -1 -6.93889e-16
      outer loop
         vertex 0.0213126 -0.1002 0.00807231
         vertex 0.0214657 -0.1002 0.00770276
         vertex 0.0219848 -0.1002 0.00804959
      endloop
   endfacet
   facet normal 0 -1 -6.93889e-16
      outer loop
         vertex 0.0203942 -0.1002 0.00807231
         vertex 0.0202411 -0.1002 0.00770276
         vertex 0.0208534 -0.1002 0.00758096
      endloop
   endfacet
   facet normal 0 -1 -6.93889e-16
      outer loop
         vertex 0.0213126 -0.1002 0.0102896
         vertex 0.0214657 -0.1002 0.0106592
         vertex 0.0208534 -0.1002 0.010781
      endloop
   endfacet
   facet normal 0 -1 -6.93889e-16
      outer loop
         vertex 0.0213126 -0.1002 0.00807231
         vertex 0.0208534 -0.1002 0.00798096
         vertex 0.0208534 -0.1002 0.00758096
      endloop
   endfacet
   facet normal 0.382683 6.4107e-16 -0.92388
      outer loop
         vertex 0.0203942 -0.092 0.0102896
         vertex 0.0208534 -0.092 0.010381
         vertex 0.0208534 -0.1002 0.010381
      endloop
   endfacet
   facet normal 0.707107 4.90654e-16 -0.707107
      outer loop
         vertex 0.0200049 -0.092 0.0100295
         vertex 0.0203942 -0.092 0.0102896
         vertex 0.0203942 -0.1002 0.0102896
      endloop
   endfacet
   facet normal 0.92388 2.6554e-16 -0.382683
      outer loop
         vertex 0.0197447 -0.092 0.00964018
         vertex 0.0200049 -0.092 0.0100295
         vertex 0.0200049 -0.1002 0.0100295
      endloop
   endfacet
   facet normal 1 -1.27465e-31 1.83697e-16
      outer loop
         vertex 0.0196534 -0.092 0.00918096
         vertex 0.0197447 -0.092 0.00964018
         vertex 0.0197447 -0.1002 0.00964018
      endloop
   endfacet
   facet normal 0.92388 -2.6554e-16 0.382683
      outer loop
         vertex 0.0197447 -0.092 0.00872174
         vertex 0.0196534 -0.092 0.00918096
         vertex 0.0196534 -0.1002 0.00918096
      endloop
   endfacet
   facet normal 0.707107 -4.90654e-16 0.707107
      outer loop
         vertex 0.0200049 -0.092 0.00833243
         vertex 0.0197447 -0.092 0.00872174
         vertex 0.0197447 -0.1002 0.00872174
      endloop
   endfacet
   facet normal 0.382683 -6.4107e-16 0.92388
      outer loop
         vertex 0.0203942 -0.092 0.00807231
         vertex 0.0200049 -0.092 0.00833243
         vertex 0.0200049 -0.1002 0.00833243
      endloop
   endfacet
   facet normal -1.22465e-16 -6.93889e-16 1
      outer loop
         vertex 0.0208534 -0.092 0.00798096
         vertex 0.0203942 -0.092 0.00807231
         vertex 0.0203942 -0.1002 0.00807231
      endloop
   endfacet
   facet normal -0.382683 -6.4107e-16 0.92388
      outer loop
         vertex 0.0213126 -0.092 0.00807231
         vertex 0.0208534 -0.092 0.00798096
         vertex 0.0208534 -0.1002 0.00798096
      endloop
   endfacet
   facet normal -0.707107 -4.90654e-16 0.707107
      outer loop
         vertex 0.0217019 -0.092 0.00833243
         vertex 0.0213126 -0.092 0.00807231
         vertex 0.0213126 -0.1002 0.00807231
      endloop
   endfacet
   facet normal -0.92388 -2.6554e-16 0.382683
      outer loop
         vertex 0.021962 -0.092 0.00872174
         vertex 0.0217019 -0.092 0.00833243
         vertex 0.0217019 -0.1002 0.00833243
      endloop
   endfacet
   facet normal -1 -2.6566e-31 3.82857e-16
      outer loop
         vertex 0.0220534 -0.092 0.00918096
         vertex 0.021962 -0.092 0.00872174
         vertex 0.021962 -0.1002 0.00872174
      endloop
   endfacet
   facet normal -0.92388 2.6554e-16 -0.382683
      outer loop
         vertex 0.021962 -0.092 0.00964018
         vertex 0.0220534 -0.092 0.00918096
         vertex 0.0220534 -0.1002 0.00918096
      endloop
   endfacet
   facet normal -0.707107 4.90654e-16 -0.707107
      outer loop
         vertex 0.0217019 -0.092 0.0100295
         vertex 0.021962 -0.092 0.00964018
         vertex 0.021962 -0.1002 0.00964018
      endloop
   endfacet
   facet normal -0.382683 6.4107e-16 -0.92388
      outer loop
         vertex 0.0213126 -0.092 0.0102896
         vertex 0.0217019 -0.092 0.0100295
         vertex 0.0217019 -0.1002 0.0100295
      endloop
   endfacet
   facet normal 0 0 -1
      outer loop
         vertex 0.0208534 -0.092 0.010381
         vertex 0.0213126 -0.092 0.0102896
         vertex 0.0213126 -0.1002 0.0102896
      endloop
   endfacet
   facet normal -0.382683 6.4107e-16 -0.92388
      outer loop
         vertex 0.0213126 -0.1002 0.0102896
         vertex 0.0208534 -0.1002 0.010381
         vertex 0.0208534 -0.092 0.010381
      endloop
   endfacet
   facet normal -0.707107 4.90654e-16 -0.707107
      outer loop
         vertex 0.0217019 -0.1002 0.0100295
         vertex 0.0213126 -0.1002 0.0102896
         vertex 0.0213126 -0.092 0.0102896
      endloop
   endfacet
   facet normal -0.92388 2.6554e-16 -0.382683
      outer loop
         vertex 0.021962 -0.1002 0.00964018
         vertex 0.0217019 -0.1002 0.0100295
         vertex 0.0217019 -0.092 0.0100295
      endloop
   endfacet
   facet normal -1 -2.6566e-31 3.82857e-16
      outer loop
         vertex 0.0220534 -0.1002 0.00918096
         vertex 0.021962 -0.1002 0.00964018
         vertex 0.021962 -0.092 0.00964018
      endloop
   endfacet
   facet normal -0.92388 -2.6554e-16 0.382683
      outer loop
         vertex 0.021962 -0.1002 0.00872174
         vertex 0.0220534 -0.1002 0.00918096
         vertex 0.0220534 -0.092 0.00918096
      endloop
   endfacet
   facet normal -0.707107 -4.90654e-16 0.707107
      outer loop
         vertex 0.0217019 -0.1002 0.00833243
         vertex 0.021962 -0.1002 0.00872174
         vertex 0.021962 -0.092 0.00872174
      endloop
   endfacet
   facet normal -0.382683 -6.4107e-16 0.92388
      outer loop
         vertex 0.0213126 -0.1002 0.00807231
         vertex 0.0217019 -0.1002 0.00833243
         vertex 0.0217019 -0.092 0.00833243
      endloop
   endfacet
   facet normal -1.22465e-16 -6.93889e-16 1
      outer loop
         vertex 0.0208534 -0.1002 0.00798096
         vertex 0.0213126 -0.1002 0.00807231
         vertex 0.0213126 -0.092 0.00807231
      endloop
   endfacet
   facet normal 0.382683 -6.4107e-16 0.92388
      outer loop
         vertex 0.0203942 -0.1002 0.00807231
         vertex 0.0208534 -0.1002 0.00798096
         vertex 0.0208534 -0.092 0.00798096
      endloop
   endfacet
   facet normal 0.707107 -4.90654e-16 0.707107
      outer loop
         vertex 0.0200049 -0.1002 0.00833243
         vertex 0.0203942 -0.1002 0.00807231
         vertex 0.0203942 -0.092 0.00807231
      endloop
   endfacet
   facet normal 0.92388 -2.6554e-16 0.382683
      outer loop
         vertex 0.0197447 -0.1002 0.00872174
         vertex 0.0200049 -0.1002 0.00833243
         vertex 0.0200049 -0.092 0.00833243
      endloop
   endfacet
   facet normal 1 -1.27465e-31 1.83697e-16
      outer loop
         vertex 0.0196534 -0.1002 0.00918096
         vertex 0.0197447 -0.1002 0.00872174
         vertex 0.0197447 -0.092 0.00872174
      endloop
   endfacet
   facet normal 0.92388 2.6554e-16 -0.382683
      outer loop
         vertex 0.0197447 -0.1002 0.00964018
         vertex 0.0196534 -0.1002 0.00918096
         vertex 0.0196534 -0.092 0.00918096
      endloop
   endfacet
   facet normal 0.707107 4.90654e-16 -0.707107
      outer loop
         vertex 0.0200049 -0.1002 0.0100295
         vertex 0.0197447 -0.1002 0.00964018
         vertex 0.0197447 -0.092 0.00964018
      endloop
   endfacet
   facet normal 0.382683 6.4107e-16 -0.92388
      outer loop
         vertex 0.0203942 -0.1002 0.0102896
         vertex 0.0200049 -0.1002 0.0100295
         vertex 0.0200049 -0.092 0.0100295
      endloop
   endfacet
   facet normal 0 0 -1
      outer loop
         vertex 0.0208534 -0.1002 0.010381
         vertex 0.0203942 -0.1002 0.0102896
         vertex 0.0203942 -0.092 0.0102896
      endloop
   endfacet
   facet normal 0.100479 -0.857167 0.505142
      outer loop
         vertex 0.0208534 -0.091279 0.00918096
         vertex 0.0203942 -0.092 0.00807231
         vertex 0.0208534 -0.092 0.00798096
      endloop
   endfacet
   facet normal 0.28614 -0.857167 0.428239
      outer loop
         vertex 0.0208534 -0.091279 0.00918096
         vertex 0.0200049 -0.092 0.00833243
         vertex 0.0203942 -0.092 0.00807231
      endloop
   endfacet
   facet normal 0.428239 -0.857167 0.28614
      outer loop
         vertex 0.0208534 -0.091279 0.00918096
         vertex 0.0197447 -0.092 0.00872174
         vertex 0.0200049 -0.092 0.00833243
      endloop
   endfacet
   facet normal 0.505142 -0.857167 0.100479
      outer loop
         vertex 0.0208534 -0.091279 0.00918096
         vertex 0.0196534 -0.092 0.00918096
         vertex 0.0197447 -0.092 0.00872174
      endloop
   endfacet
   facet normal 0.505142 -0.857167 -0.100479
      outer loop
         vertex 0.0208534 -0.091279 0.00918096
         vertex 0.0197447 -0.092 0.00964018
         vertex 0.0196534 -0.092 0.00918096
      endloop
   endfacet
   facet normal 0.428239 -0.857167 -0.28614
      outer loop
         vertex 0.0208534 -0.091279 0.00918096
         vertex 0.0200049 -0.092 0.0100295
         vertex 0.0197447 -0.092 0.00964018
      endloop
   endfacet
   facet normal 0.28614 -0.857167 -0.428239
      outer loop
         vertex 0.0208534 -0.091279 0.00918096
         vertex 0.0203942 -0.092 0.0102896
         vertex 0.0200049 -0.092 0.0100295
      endloop
   endfacet
   facet normal 0.100479 -0.857167 -0.505142
      outer loop
         vertex 0.0208534 -0.091279 0.00918096
         vertex 0.0208534 -0.092 0.010381
         vertex 0.0203942 -0.092 0.0102896
      endloop
   endfacet
   facet normal -0.100479 -0.857167 -0.505142
      outer loop
         vertex 0.0208534 -0.091279 0.00918096
         vertex 0.0213126 -0.092 0.0102896
         vertex 0.0208534 -0.092 0.010381
      endloop
   endfacet
   facet normal -0.28614 -0.857167 -0.428239
      outer loop
         vertex 0.0208534 -0.091279 0.00918096
         vertex 0.0217019 -0.092 0.0100295
         vertex 0.0213126 -0.092 0.0102896
      endloop
   endfacet
   facet normal -0.428239 -0.857167 -0.28614
      outer loop
         vertex 0.0208534 -0.091279 0.00918096
         vertex 0.021962 -0.092 0.00964018
         vertex 0.0217019 -0.092 0.0100295
      endloop
   endfacet
   facet normal -0.505142 -0.857167 -0.100479
      outer loop
         vertex 0.0208534 -0.091279 0.00918096
         vertex 0.0220534 -0.092 0.00918096
         vertex 0.021962 -0.092 0.00964018
      endloop
   endfacet
   facet normal -0.505142 -0.857167 0.100479
      outer loop
         vertex 0.0208534 -0.091279 0.00918096
         vertex 0.021962 -0.092 0.00872174
         vertex 0.0220534 -0.092 0.00918096
      endloop
   endfacet
   facet normal -0.428239 -0.857167 0.28614
      outer loop
         vertex 0.0208534 -0.091279 0.00918096
         vertex 0.0217019 -0.092 0.00833243
         vertex 0.021962 -0.092 0.00872174
      endloop
   endfacet
   facet normal -0.28614 -0.857167 0.428239
      outer loop
         vertex 0.0208534 -0.091279 0.00918096
         vertex 0.0213126 -0.092 0.00807231
         vertex 0.0217019 -0.092 0.00833243
      endloop
   endfacet
   facet normal -0.100479 -0.857167 0.505142
      outer loop
         vertex 0.0208534 -0.091279 0.00918096
         vertex 0.0208534 -0.092 0.00798096
         vertex 0.0213126 -0.092 0.00807231
      endloop
   endfacet
   facet normal 0.382683 6.4107e-16 -0.92388
      outer loop
         vertex 0.00795385 -0.092 0.0031072
         vertex 0.00841307 -0.092 0.00319854
         vertex 0.00841307 -0.1002 0.00319854
      endloop
   endfacet
   facet normal 0.707107 4.90654e-16 -0.707107
      outer loop
         vertex 0.00756454 -0.092 0.00284707
         vertex 0.00795385 -0.092 0.0031072
         vertex 0.00795385 -0.1002 0.0031072
      endloop
   endfacet
   facet normal 0.92388 2.6554e-16 -0.382683
      outer loop
         vertex 0.00730441 -0.092 0.00245776
         vertex 0.00756454 -0.092 0.00284707
         vertex 0.00756454 -0.1002 0.00284707
      endloop
   endfacet
   facet normal 1 -1.27465e-31 1.83697e-16
      outer loop
         vertex 0.00721307 -0.092 0.00199854
         vertex 0.00730441 -0.092 0.00245776
         vertex 0.00730441 -0.1002 0.00245776
      endloop
   endfacet
   facet normal 0.92388 -2.6554e-16 0.382683
      outer loop
         vertex 0.00730441 -0.092 0.00153932
         vertex 0.00721307 -0.092 0.00199854
         vertex 0.00721307 -0.1002 0.00199854
      endloop
   endfacet
   facet normal -0.707107 -4.90654e-16 0.707107
      outer loop
         vertex 0.00926159 -0.092 0.00115001
         vertex 0.00887229 -0.092 0.000889884
         vertex 0.00887229 -0.1002 0.000889884
      endloop
   endfacet
   facet normal -0.92388 -2.6554e-16 0.382683
      outer loop
         vertex 0.00952172 -0.092 0.00153932
         vertex 0.00926159 -0.092 0.00115001
         vertex 0.00926159 -0.1002 0.00115001
      endloop
   endfacet
   facet normal -1 -1.11586e-31 1.60812e-16
      outer loop
         vertex 0.00961307 -0.092 0.00199854
         vertex 0.00952172 -0.092 0.00153932
         vertex 0.00952172 -0.1002 0.00153932
      endloop
   endfacet
   facet normal -0.92388 2.6554e-16 -0.382683
      outer loop
         vertex 0.00952172 -0.092 0.00245776
         vertex 0.00961307 -0.092 0.00199854
         vertex 0.00961307 -0.1002 0.00199854
      endloop
   endfacet
   facet normal -0.707107 4.90654e-16 -0.707107
      outer loop
         vertex 0.00926159 -0.092 0.00284707
         vertex 0.00952172 -0.092 0.00245776
         vertex 0.00952172 -0.1002 0.00245776
      endloop
   endfacet
   facet normal -0.382683 6.4107e-16 -0.92388
      outer loop
         vertex 0.00887229 -0.092 0.0031072
         vertex 0.00926159 -0.092 0.00284707
         vertex 0.00926159 -0.1002 0.00284707
      endloop
   endfacet
   facet normal 2.44929e-16 6.93889e-16 -1
      outer loop
         vertex 0.00841307 -0.092 0.00319854
         vertex 0.00887229 -0.092 0.0031072
         vertex 0.00887229 -0.1002 0.0031072
      endloop
   endfacet
   facet normal -1.22465e-16 -6.93889e-16 1
      outer loop
         vertex 0.00841307 -0.1002 0.00079854
         vertex 0.00887229 -0.1002 0.000889884
         vertex 0.00878257 -0.095 0.000856846
      endloop
   endfacet
   facet normal -0.382683 -6.4107e-16 0.92388
      outer loop
         vertex 0.00887229 -0.092 0.000889884
         vertex 0.00878257 -0.092 0.000856846
         vertex 0.00878257 -0.095 0.000856846
      endloop
   endfacet
   facet normal -0.307921 -7.22801e-16 0.951412
      outer loop
         vertex 0.00878257 -0.095 0.000856846
         vertex 0.00887229 -0.1002 0.000889884
         vertex 0.00887229 -0.092 0.000889884
      endloop
   endfacet
   facet normal -1.22465e-16 -6.93889e-16 1
      outer loop
         vertex 0.00841307 -0.095 0.00079854
         vertex 0.00795385 -0.095 0.000889884
         vertex 0.00795385 -0.1002 0.000889884
      endloop
   endfacet
   facet normal 0.382683 -7.22801e-16 0.92388
      outer loop
         vertex 0.00795385 -0.095 0.000889884
         vertex 0.00756454 -0.095 0.00115001
         vertex 0.00756454 -0.1002 0.00115001
      endloop
   endfacet
   facet normal 0.92388 -2.6554e-16 0.382683
      outer loop
         vertex 0.00730441 -0.092 0.00153932
         vertex 0.00730441 -0.1002 0.00153932
         vertex 0.00739614 -0.095 0.00136146
      endloop
   endfacet
   facet normal 0.707107 -7.22801e-16 0.707107
      outer loop
         vertex 0.00756454 -0.1002 0.00115001
         vertex 0.00756454 -0.095 0.00115001
         vertex 0.00739614 -0.095 0.00136146
      endloop
   endfacet
   facet normal 0.847437 -7.22801e-16 0.530896
      outer loop
         vertex 0.00739614 -0.095 0.00136146
         vertex 0.00730441 -0.1002 0.00153932
         vertex 0.00756454 -0.1002 0.00115001
      endloop
   endfacet
   facet normal 0.847437 -7.22801e-16 0.530896
      outer loop
         vertex 0.00739614 -0.095 0.00136146
         vertex 0.00739614 -0.092 0.00136146
         vertex 0.00730441 -0.092 0.00153932
      endloop
   endfacet
   facet normal 0.707107 -7.22801e-16 0.707107
      outer loop
         vertex 0.00756454 -0.1002 0.00115001
         vertex 0.00795385 -0.1002 0.000889884
         vertex 0.00795385 -0.095 0.000889884
      endloop
   endfacet
   facet normal 0.382683 -7.22801e-16 0.92388
      outer loop
         vertex 0.00795385 -0.1002 0.000889884
         vertex 0.00841307 -0.1002 0.00079854
         vertex 0.00841307 -0.095 0.00079854
      endloop
   endfacet
   facet normal -0.307921 -7.22801e-16 0.951412
      outer loop
         vertex 0.00878257 -0.095 0.000856846
         vertex 0.00841307 -0.095 0.00079854
         vertex 0.00841307 -0.1002 0.00079854
      endloop
   endfacet
   facet normal -0.382683 6.4107e-16 -0.92388
      outer loop
         vertex 0.00887229 -0.1002 0.0031072
         vertex 0.00841307 -0.1002 0.00319854
         vertex 0.00841307 -0.092 0.00319854
      endloop
   endfacet
   facet normal -0.707107 4.90654e-16 -0.707107
      outer loop
         vertex 0.00926159 -0.1002 0.00284707
         vertex 0.00887229 -0.1002 0.0031072
         vertex 0.00887229 -0.092 0.0031072
      endloop
   endfacet
   facet normal -0.92388 2.6554e-16 -0.382683
      outer loop
         vertex 0.00952172 -0.1002 0.00245776
         vertex 0.00926159 -0.1002 0.00284707
         vertex 0.00926159 -0.092 0.00284707
      endloop
   endfacet
   facet normal -1 -1.11586e-31 1.60812e-16
      outer loop
         vertex 0.00961307 -0.1002 0.00199854
         vertex 0.00952172 -0.1002 0.00245776
         vertex 0.00952172 -0.092 0.00245776
      endloop
   endfacet
   facet normal -0.92388 -2.6554e-16 0.382683
      outer loop
         vertex 0.00952172 -0.1002 0.00153932
         vertex 0.00961307 -0.1002 0.00199854
         vertex 0.00961307 -0.092 0.00199854
      endloop
   endfacet
   facet normal -0.707107 -4.90654e-16 0.707107
      outer loop
         vertex 0.00926159 -0.1002 0.00115001
         vertex 0.00952172 -0.1002 0.00153932
         vertex 0.00952172 -0.092 0.00153932
      endloop
   endfacet
   facet normal -0.382683 -6.4107e-16 0.92388
      outer loop
         vertex 0.00887229 -0.1002 0.000889884
         vertex 0.00926159 -0.1002 0.00115001
         vertex 0.00926159 -0.092 0.00115001
      endloop
   endfacet
   facet normal 1 -1.27465e-31 1.83697e-16
      outer loop
         vertex 0.00721307 -0.1002 0.00199854
         vertex 0.00730441 -0.1002 0.00153932
         vertex 0.00730441 -0.092 0.00153932
      endloop
   endfacet
   facet normal 0.92388 2.6554e-16 -0.382683
      outer loop
         vertex 0.00730441 -0.1002 0.00245776
         vertex 0.00721307 -0.1002 0.00199854
         vertex 0.00721307 -0.092 0.00199854
      endloop
   endfacet
   facet normal 0.707107 4.90654e-16 -0.707107
      outer loop
         vertex 0.00756454 -0.1002 0.00284707
         vertex 0.00730441 -0.1002 0.00245776
         vertex 0.00730441 -0.092 0.00245776
      endloop
   endfacet
   facet normal 0.382683 6.4107e-16 -0.92388
      outer loop
         vertex 0.00795385 -0.1002 0.0031072
         vertex 0.00756454 -0.1002 0.00284707
         vertex 0.00756454 -0.092 0.00284707
      endloop
   endfacet
   facet normal 2.44929e-16 6.93889e-16 -1
      outer loop
         vertex 0.00841307 -0.1002 0.00319854
         vertex 0.00795385 -0.1002 0.0031072
         vertex 0.00795385 -0.092 0.0031072
      endloop
   endfacet
   facet normal 0.457742 -0.857167 0.236086
      outer loop
         vertex 0.00841307 -0.091279 0.00199854
         vertex 0.00730441 -0.092 0.00153932
         vertex 0.00739614 -0.092 0.00136146
      endloop
   endfacet
   facet normal -0.0869319 -0.857167 0.507649
      outer loop
         vertex 0.00841307 -0.091279 0.00199854
         vertex 0.00843971 -0.0919289 0.000981638
         vertex 0.00878257 -0.092 0.000856846
      endloop
   endfacet
   facet normal -0.158591 -0.857167 0.490013
      outer loop
         vertex 0.00878257 -0.092 0.000856846
         vertex 0.00887229 -0.092 0.000889884
         vertex 0.00841307 -0.091279 0.00199854
      endloop
   endfacet
   facet normal -0.0134879 -0.857167 0.514861
      outer loop
         vertex 0.00843971 -0.0919289 0.000981638
         vertex 0.00841307 -0.091279 0.00199854
         vertex 0.00805053 -0.0918482 0.00112329
      endloop
   endfacet
   facet normal 0.197097 -0.857167 0.475833
      outer loop
         vertex 0.00805053 -0.0918482 0.00112329
         vertex 0.00841307 -0.091279 0.00199854
         vertex 0.00764877 -0.0919414 0.00126952
      endloop
   endfacet
   facet normal 0.436462 -0.857167 0.273432
      outer loop
         vertex 0.00739614 -0.092 0.00136146
         vertex 0.00764877 -0.0919414 0.00126952
         vertex 0.00841307 -0.091279 0.00199854
      endloop
   endfacet
   facet normal 0.505142 -0.857167 0.100479
      outer loop
         vertex 0.00841307 -0.091279 0.00199854
         vertex 0.00721307 -0.092 0.00199854
         vertex 0.00730441 -0.092 0.00153932
      endloop
   endfacet
   facet normal 0.505142 -0.857167 -0.100479
      outer loop
         vertex 0.00841307 -0.091279 0.00199854
         vertex 0.00730441 -0.092 0.00245776
         vertex 0.00721307 -0.092 0.00199854
      endloop
   endfacet
   facet normal 0.428239 -0.857167 -0.28614
      outer loop
         vertex 0.00841307 -0.091279 0.00199854
         vertex 0.00756454 -0.092 0.00284707
         vertex 0.00730441 -0.092 0.00245776
      endloop
   endfacet
   facet normal 0.28614 -0.857167 -0.428239
      outer loop
         vertex 0.00841307 -0.091279 0.00199854
         vertex 0.00795385 -0.092 0.0031072
         vertex 0.00756454 -0.092 0.00284707
      endloop
   endfacet
   facet normal 0.100479 -0.857167 -0.505142
      outer loop
         vertex 0.00841307 -0.091279 0.00199854
         vertex 0.00841307 -0.092 0.00319854
         vertex 0.00795385 -0.092 0.0031072
      endloop
   endfacet
   facet normal -0.100479 -0.857167 -0.505142
      outer loop
         vertex 0.00841307 -0.091279 0.00199854
         vertex 0.00887229 -0.092 0.0031072
         vertex 0.00841307 -0.092 0.00319854
      endloop
   endfacet
   facet normal -0.28614 -0.857167 -0.428239
      outer loop
         vertex 0.00841307 -0.091279 0.00199854
         vertex 0.00926159 -0.092 0.00284707
         vertex 0.00887229 -0.092 0.0031072
      endloop
   endfacet
   facet normal -0.428239 -0.857167 -0.28614
      outer loop
         vertex 0.00841307 -0.091279 0.00199854
         vertex 0.00952172 -0.092 0.00245776
         vertex 0.00926159 -0.092 0.00284707
      endloop
   endfacet
   facet normal -0.505142 -0.857167 -0.100479
      outer loop
         vertex 0.00841307 -0.091279 0.00199854
         vertex 0.00961307 -0.092 0.00199854
         vertex 0.00952172 -0.092 0.00245776
      endloop
   endfacet
   facet normal -0.505142 -0.857167 0.100479
      outer loop
         vertex 0.00841307 -0.091279 0.00199854
         vertex 0.00952172 -0.092 0.00153932
         vertex 0.00961307 -0.092 0.00199854
      endloop
   endfacet
   facet normal -0.428239 -0.857167 0.28614
      outer loop
         vertex 0.00841307 -0.091279 0.00199854
         vertex 0.00926159 -0.092 0.00115001
         vertex 0.00952172 -0.092 0.00153932
      endloop
   endfacet
   facet normal -0.28614 -0.857167 0.428239
      outer loop
         vertex 0.00841307 -0.091279 0.00199854
         vertex 0.00887229 -0.092 0.000889884
         vertex 0.00926159 -0.092 0.00115001
      endloop
   endfacet
   facet normal -0.711169 -4.87819e-16 0.703021
      outer loop
         vertex 0.0365899 -0.088 -0.0234514
         vertex 0.0310732 -0.088 -0.0271778
         vertex 0.0310732 -0.1022 -0.0271778
      endloop
   endfacet
   facet normal -0.370599 6.4448e-16 -0.928793
      outer loop
         vertex 0.0308002 -0.088 0.00428948
         vertex 0.0363807 -0.088 0.000659306
         vertex 0.0363807 -0.1022 0.000659306
      endloop
   endfacet
   facet normal -0.00284749 -6.93887e-16 0.999996
      outer loop
         vertex 0.0245484 -0.088 -0.0284999
         vertex 0.0180162 -0.088 -0.027215
         vertex 0.0180162 -0.101 -0.027215
      endloop
   endfacet
   facet normal -0.386657 -6.39921e-16 0.922224
      outer loop
         vertex 0.0310732 -0.1022 -0.0271778
         vertex 0.0310732 -0.088 -0.0271778
         vertex 0.0265579 -0.101 -0.028375
      endloop
   endfacet
   facet normal -0.00284749 -6.93887e-16 0.999996
      outer loop
         vertex 0.0245484 -0.088 -0.0284999
         vertex 0.0245484 -0.101 -0.0284999
         vertex 0.0265579 -0.101 -0.028375
      endloop
   endfacet
   facet normal -0.121053 -6.88787e-16 0.992646
      outer loop
         vertex 0.0265579 -0.101 -0.028375
         vertex 0.0310732 -0.088 -0.0271778
         vertex 0.0245484 -0.088 -0.0284999
      endloop
   endfacet
   facet normal -0.926618 -2.60906e-16 0.376005
      outer loop
         vertex 0.0402525 -0.088 -0.0178921
         vertex 0.0365899 -0.088 -0.0234514
         vertex 0.0380852 -0.101 -0.0217197
      endloop
   endfacet
   facet normal -0.711169 -4.87819e-16 0.703021
      outer loop
         vertex 0.0365899 -0.1022 -0.0234514
         vertex 0.0380852 -0.1022 -0.0217197
         vertex 0.0380852 -0.101 -0.0217197
      endloop
   endfacet
   facet normal -0.79913 -4.17137e-16 0.601158
      outer loop
         vertex 0.0380852 -0.101 -0.0217197
         vertex 0.0365899 -0.088 -0.0234514
         vertex 0.0365899 -0.1022 -0.0234514
      endloop
   endfacet
   facet normal -0.999962 6.01923e-18 -0.00867462
      outer loop
         vertex 0.0414994 -0.088 -0.0113525
         vertex 0.0402525 -0.088 -0.0178921
         vertex 0.0402525 -0.101 -0.0178921
      endloop
   endfacet
   facet normal -0.919955 2.72021e-16 -0.392024
      outer loop
         vertex 0.0401392 -0.088 -0.00483559
         vertex 0.0414994 -0.088 -0.0113525
         vertex 0.0414994 -0.101 -0.0113525
      endloop
   endfacet
   facet normal -0.698865 4.96307e-16 -0.715253
      outer loop
         vertex 0.0363807 -0.1022 0.000659306
         vertex 0.0363807 -0.088 0.000659306
         vertex 0.0380852 -0.101 -0.00128032
      endloop
   endfacet
   facet normal -0.919955 2.72021e-16 -0.392024
      outer loop
         vertex 0.0401392 -0.088 -0.00483559
         vertex 0.0401392 -0.101 -0.00483559
         vertex 0.0380852 -0.101 -0.00128032
      endloop
   endfacet
   facet normal -0.79913 4.17137e-16 -0.601158
      outer loop
         vertex 0.0380852 -0.101 -0.00128032
         vertex 0.0363807 -0.088 0.000659306
         vertex 0.0401392 -0.088 -0.00483559
      endloop
   endfacet
   facet normal 0.0145015 6.93816e-16 -0.999895
      outer loop
         vertex 0.0242535 -0.088 0.00549821
         vertex 0.0308002 -0.088 0.00428948
         vertex 0.0265579 -0.101 0.00537498
      endloop
   endfacet
   facet normal -0.370599 6.4448e-16 -0.928793
      outer loop
         vertex 0.0308002 -0.1022 0.00428948
         vertex 0.0265579 -0.1022 0.00537498
         vertex 0.0265579 -0.101 0.00537498
      endloop
   endfacet
   facet normal -0.121053 6.88787e-16 -0.992646
      outer loop
         vertex 0.0265579 -0.101 0.00537498
         vertex 0.0308002 -0.088 0.00428948
         vertex 0.0308002 -0.1022 0.00428948
      endloop
   endfacet
   facet normal 0.397378 6.12255e-16 -0.917655
      outer loop
         vertex 0.0177446 -0.088 0.00410013
         vertex 0.0242535 -0.088 0.00549821
         vertex 0.0242535 -0.101 0.00549821
      endloop
   endfacet
   facet normal 0.707154 -4.90621e-16 0.70706
      outer loop
         vertex 0.0124784 -0.101 -0.02352
         vertex 0.0180162 -0.101 -0.027215
         vertex 0.0176007 -0.094 -0.027037
      endloop
   endfacet
   facet normal 0.381398 -6.41439e-16 0.924411
      outer loop
         vertex 0.0180162 -0.088 -0.027215
         vertex 0.0176007 -0.088 -0.027037
         vertex 0.0176007 -0.094 -0.027037
      endloop
   endfacet
   facet normal 0.405843 -6.12255e-16 0.913943
      outer loop
         vertex 0.0176007 -0.094 -0.027037
         vertex 0.0180162 -0.101 -0.027215
         vertex 0.0180162 -0.088 -0.027215
      endloop
   endfacet
   facet normal 0.920183 -2.7165e-16 0.391488
      outer loop
         vertex 0.00885689 -0.101 -0.0181553
         vertex 0.0124784 -0.101 -0.02352
         vertex 0.00993269 -0.095 -0.0202632
      endloop
   endfacet
   facet normal 0.924461 -2.64563e-16 0.381276
      outer loop
         vertex 0.00878416 -0.1022 -0.0179817
         vertex 0.00885689 -0.1022 -0.0181553
         vertex 0.00885689 -0.101 -0.0181553
      endloop
   endfacet
   facet normal 0.920183 -2.7165e-16 0.391488
      outer loop
         vertex 0.00885689 -0.101 -0.0181553
         vertex 0.00878416 -0.095 -0.0179817
         vertex 0.00878416 -0.1022 -0.0179817
      endloop
   endfacet
   facet normal 0.707154 -4.90621e-16 0.70706
      outer loop
         vertex 0.0124784 -0.094 -0.02352
         vertex 0.00993269 -0.094 -0.0202632
         vertex 0.00993269 -0.095 -0.0202632
      endloop
   endfacet
   facet normal 0.8569 -3.57149e-16 0.515482
      outer loop
         vertex 0.00993269 -0.095 -0.0202632
         vertex 0.0124784 -0.101 -0.02352
         vertex 0.0124784 -0.094 -0.02352
      endloop
   endfacet
   facet normal 0.924461 -2.64563e-16 0.381276
      outer loop
         vertex 0.00878416 -0.095 -0.0179817
         vertex 0.00750008 -0.095 -0.0114493
         vertex 0.00750008 -0.1022 -0.0114493
      endloop
   endfacet
   facet normal 0.999996 0 -0.00297973
      outer loop
         vertex 0.00750008 -0.095 -0.0114493
         vertex 0.00882306 -0.095 -0.00492477
         vertex 0.00882306 -0.1022 -0.00492477
      endloop
   endfacet
   facet normal 0.922173 2.55106e-16 -0.386778
      outer loop
         vertex 0.00882306 -0.1022 -0.00492477
         vertex 0.00882306 -0.095 -0.00492477
         vertex 0.00885689 -0.101 -0.0048447
      endloop
   endfacet
   facet normal 0.702927 5.10213e-16 -0.711262
      outer loop
         vertex 0.0125502 -0.088 0.000591449
         vertex 0.0125502 -0.101 0.000591449
         vertex 0.0117716 -0.095 -0.000231082
      endloop
   endfacet
   facet normal 0.920183 2.7165e-16 -0.391488
      outer loop
         vertex 0.00885689 -0.101 -0.0048447
         vertex 0.00882306 -0.095 -0.00492477
         vertex 0.0117716 -0.095 -0.000231082
      endloop
   endfacet
   facet normal 0.748728 4.59192e-16 -0.662878
      outer loop
         vertex 0.0117716 -0.095 -0.000231082
         vertex 0.0125502 -0.101 0.000591449
         vertex 0.00885689 -0.101 -0.0048447
      endloop
   endfacet
   facet normal 0.748728 4.59192e-16 -0.662878
      outer loop
         vertex 0.0117716 -0.095 -0.000231082
         vertex 0.0117716 -0.088 -0.000231082
         vertex 0.0125502 -0.088 0.000591449
      endloop
   endfacet
   facet normal 0.920183 2.7165e-16 -0.391488
      outer loop
         vertex 0.00885689 -0.101 -0.0048447
         vertex 0.00885689 -0.1022 -0.0048447
         vertex 0.00882306 -0.1022 -0.00492477
      endloop
   endfacet
   facet normal 0.922173 2.55106e-16 -0.386778
      outer loop
         vertex 0.00882306 -0.1022 -0.00492477
         vertex 0.00750008 -0.1022 -0.0114493
         vertex 0.00750008 -0.095 -0.0114493
      endloop
   endfacet
   facet normal 0.999996 0 -0.00297973
      outer loop
         vertex 0.00750008 -0.1022 -0.0114493
         vertex 0.00878416 -0.1022 -0.0179817
         vertex 0.00878416 -0.095 -0.0179817
      endloop
   endfacet
   facet normal 0.8569 -3.57149e-16 0.515482
      outer loop
         vertex 0.00993269 -0.095 -0.0202632
         vertex 0.00878416 -0.095 -0.0179817
         vertex 0.00885689 -0.101 -0.0181553
      endloop
   endfacet
   facet normal 0.405843 -6.12255e-16 0.913943
      outer loop
         vertex 0.0176007 -0.094 -0.027037
         vertex 0.0124784 -0.094 -0.02352
         vertex 0.0124784 -0.101 -0.02352
      endloop
   endfacet
   facet normal 0.0145015 6.93816e-16 -0.999895
      outer loop
         vertex 0.0242535 -0.101 0.00549821
         vertex 0.0177446 -0.101 0.00410013
         vertex 0.0177446 -0.088 0.00410013
      endloop
   endfacet
   facet normal -0.121053 6.88787e-16 -0.992646
      outer loop
         vertex 0.0265579 -0.101 0.00537498
         vertex 0.0242535 -0.101 0.00549821
         vertex 0.0242535 -0.088 0.00549821
      endloop
   endfacet
   facet normal -0.79913 4.17137e-16 -0.601158
      outer loop
         vertex 0.0380852 -0.101 -0.00128032
         vertex 0.0380852 -0.1022 -0.00128032
         vertex 0.0363807 -0.1022 0.000659306
      endloop
   endfacet
   facet normal -0.999962 6.01923e-18 -0.00867462
      outer loop
         vertex 0.0414994 -0.101 -0.0113525
         vertex 0.0401392 -0.101 -0.00483559
         vertex 0.0401392 -0.088 -0.00483559
      endloop
   endfacet
   facet normal -0.926618 -2.60906e-16 0.376005
      outer loop
         vertex 0.0402525 -0.101 -0.0178921
         vertex 0.0414994 -0.101 -0.0113525
         vertex 0.0414994 -0.088 -0.0113525
      endloop
   endfacet
   facet normal -0.79913 -4.17137e-16 0.601158
      outer loop
         vertex 0.0380852 -0.101 -0.0217197
         vertex 0.0402525 -0.101 -0.0178921
         vertex 0.0402525 -0.088 -0.0178921
      endloop
   endfacet
   facet normal -0.121053 -6.88787e-16 0.992646
      outer loop
         vertex 0.0265579 -0.101 -0.028375
         vertex 0.0265579 -0.1022 -0.028375
         vertex 0.0310732 -0.1022 -0.0271778
      endloop
   endfacet
   facet normal 0.381398 -6.41439e-16 0.924411
      outer loop
         vertex 0.0180162 -0.101 -0.027215
         vertex 0.0245484 -0.101 -0.0284999
         vertex 0.0245484 -0.088 -0.0284999
      endloop
   endfacet
   facet normal -0.698865 4.96307e-16 -0.715253
      outer loop
         vertex 0.0363807 -0.1022 0.000659306
         vertex 0.0308002 -0.1022 0.00428948
         vertex 0.0308002 -0.088 0.00428948
      endloop
   endfacet
   facet normal -0.386657 -6.39921e-16 0.922224
      outer loop
         vertex 0.0310732 -0.1022 -0.0271778
         vertex 0.0365899 -0.1022 -0.0234514
         vertex 0.0365899 -0.088 -0.0234514
      endloop
   endfacet
   facet normal 0 1 6.93889e-16
      outer loop
         vertex 0.00882306 -0.095 -0.00492477
         vertex 0.00841307 -0.095 0.00079854
         vertex 0.00878257 -0.095 0.000856846
      endloop
   endfacet
   facet normal 0 1 6.93889e-16
      outer loop
         vertex 0.00795385 -0.095 0.000889884
         vertex 0.00841307 -0.095 0.00079854
         vertex 0.00882306 -0.095 -0.00492477
      endloop
   endfacet
   facet normal 0 1 6.93889e-16
      outer loop
         vertex 0.00882306 -0.095 -0.00492477
         vertex 0.00387372 -0.095 -0.00749728
         vertex 0.00795385 -0.095 0.000889884
      endloop
   endfacet
   facet normal 0 1 6.93889e-16
      outer loop
         vertex 0.00795385 -0.095 0.000889884
         vertex 0.00387372 -0.095 -0.00749728
         vertex 0.00495784 -0.095 -0.000373016
      endloop
   endfacet
   facet normal 0 1 6.93889e-16
      outer loop
         vertex 0.00495784 -0.095 -0.000373016
         vertex 0.00580052 -0.095 0.00194223
         vertex 0.00739614 -0.095 0.00136146
      endloop
   endfacet
   facet normal 0 1 6.93889e-16
      outer loop
         vertex 0.00750008 -0.095 -0.0114493
         vertex 0.00878416 -0.095 -0.0179817
         vertex 0.00562226 -0.095 -0.0144882
      endloop
   endfacet
   facet normal 0 1 6.93889e-16
      outer loop
         vertex 0.00878257 -0.095 0.000856846
         vertex 0.0117716 -0.095 -0.000231082
         vertex 0.00882306 -0.095 -0.00492477
      endloop
   endfacet
   facet normal 0 1 6.93889e-16
      outer loop
         vertex 0.00739614 -0.095 0.00136146
         vertex 0.00756454 -0.095 0.00115001
         vertex 0.00495784 -0.095 -0.000373016
      endloop
   endfacet
   facet normal 0 1 6.93889e-16
      outer loop
         vertex 0.00562226 -0.095 -0.0144882
         vertex 0.00387372 -0.095 -0.00749728
         vertex 0.00750008 -0.095 -0.0114493
      endloop
   endfacet
   facet normal 0 1 6.93889e-16
      outer loop
         vertex 0.00495784 -0.095 -0.000373016
         vertex 0.00756454 -0.095 0.00115001
         vertex 0.00795385 -0.095 0.000889884
      endloop
   endfacet
   facet normal 0 1 6.93889e-16
      outer loop
         vertex 0.00882306 -0.095 -0.00492477
         vertex 0.00750008 -0.095 -0.0114493
         vertex 0.00387372 -0.095 -0.00749728
      endloop
   endfacet
   facet normal 0 1 6.93889e-16
      outer loop
         vertex 0.00878416 -0.095 -0.0179817
         vertex 0.00993269 -0.095 -0.0202632
         vertex 0.00562226 -0.095 -0.0144882
      endloop
   endfacet
   facet normal 0.998894 -3.26263e-17 0.0470194
      outer loop
         vertex 0.00387372 -0.094 -0.00749728
         vertex 0.00495784 -0.094 -0.000373016
         vertex 0.00495784 -0.095 -0.000373016
      endloop
   endfacet
   facet normal 0.90341 -2.97524e-16 0.428778
      outer loop
         vertex 0.00562226 -0.094 -0.0144882
         vertex 0.00387372 -0.094 -0.00749728
         vertex 0.00387372 -0.095 -0.00749728
      endloop
   endfacet
   facet normal 0.668027 -5.21011e-16 0.744137
      outer loop
         vertex 0.00993269 -0.094 -0.0202632
         vertex 0.00562226 -0.094 -0.0144882
         vertex 0.00562226 -0.095 -0.0144882
      endloop
   endfacet
   facet normal 0.90341 -2.97524e-16 0.428778
      outer loop
         vertex 0.00562226 -0.095 -0.0144882
         vertex 0.00993269 -0.095 -0.0202632
         vertex 0.00993269 -0.094 -0.0202632
      endloop
   endfacet
   facet normal 0.998894 -3.26263e-17 0.0470194
      outer loop
         vertex 0.00387372 -0.095 -0.00749728
         vertex 0.00562226 -0.095 -0.0144882
         vertex 0.00562226 -0.094 -0.0144882
      endloop
   endfacet
   facet normal 0.939693 2.36823e-16 -0.34202
      outer loop
         vertex 0.00495784 -0.095 -0.000373016
         vertex 0.00387372 -0.095 -0.00749728
         vertex 0.00387372 -0.094 -0.00749728
      endloop
   endfacet
   facet normal 0.939693 2.37324e-16 -0.34202
      outer loop
         vertex 0.00495784 -0.094 -0.000373016
         vertex 0.00580052 -0.094 0.00194223
         vertex 0.00580052 -0.095 0.00194223
      endloop
   endfacet
   facet normal 0.939693 2.37324e-16 -0.34202
      outer loop
         vertex 0.00580052 -0.095 0.00194223
         vertex 0.00495784 -0.095 -0.000373016
         vertex 0.00495784 -0.094 -0.000373016
      endloop
   endfacet
   facet normal 0 -1 -6.93889e-16
      outer loop
         vertex 0.0142099 -0.088 0.00452537
         vertex 0.0134755 -0.088 0.00402928
         vertex 0.0142299 -0.088 0.00322842
      endloop
   endfacet
   facet normal 0 -1 -6.93889e-16
      outer loop
         vertex 0.0129603 -0.088 0.00330813
         vertex 0.0139265 -0.088 0.00277423
         vertex 0.0142299 -0.088 0.00322842
      endloop
   endfacet
   facet normal 0 -1 -6.93889e-16
      outer loop
         vertex 0.0128109 -0.088 0.00157007
         vertex 0.0139265 -0.088 0.00170272
         vertex 0.0138199 -0.088 0.00223847
      endloop
   endfacet
   facet normal 0 -1 -6.93889e-16
      outer loop
         vertex 0.0180162 -0.088 -0.027215
         vertex 0.0245484 -0.088 -0.0284999
         vertex 0.0240003 -0.088 -0.0259914
      endloop
   endfacet
   facet normal 0 -1 -6.93889e-16
      outer loop
         vertex 0.0150712 -0.088 0.00473405
         vertex 0.0142099 -0.088 0.00452537
         vertex 0.0146841 -0.088 0.0035319
      endloop
   endfacet
   facet normal 0 -1 -6.93889e-16
      outer loop
         vertex 0.0142299 -0.088 0.00322842
         vertex 0.0134755 -0.088 0.00402928
         vertex 0.0129603 -0.088 0.00330813
      endloop
   endfacet
   facet normal 0 -1 -6.93889e-16
      outer loop
         vertex 0.0138199 -0.088 0.00223847
         vertex 0.0127291 -0.088 0.00245256
         vertex 0.0128109 -0.088 0.00157007
      endloop
   endfacet
   facet normal 0 -1 -6.93889e-16
      outer loop
         vertex 0.0184581 -0.088 -0.0246813
         vertex 0.0176007 -0.088 -0.027037
         vertex 0.0180162 -0.088 -0.027215
      endloop
   endfacet
   facet normal 0 -1 -6.93889e-16
      outer loop
         vertex 0.0245484 -0.088 -0.0284999
         vertex 0.0310732 -0.088 -0.0271778
         vertex 0.0296195 -0.088 -0.0250661
      endloop
   endfacet
   facet normal 0 -1 -6.93889e-16
      outer loop
         vertex 0.0143317 -0.088 -0.00116288
         vertex 0.0152199 -0.088 0.000838473
         vertex 0.0127532 -0.088 0.000879207
      endloop
   endfacet
   facet normal 0 -1 -6.93889e-16
      outer loop
         vertex 0.0190969 -0.088 0.00195571
         vertex 0.0177446 -0.088 0.00410013
         vertex 0.0165133 -0.088 0.00277423
      endloop
   endfacet
   facet normal 0 -1 -6.93889e-16
      outer loop
         vertex 0.0167394 -0.088 0.0042237
         vertex 0.0159513 -0.088 0.0046291
         vertex 0.0157557 -0.088 0.0035319
      endloop
   endfacet
   facet normal 0 -1 -6.93889e-16
      outer loop
         vertex 0.0142299 -0.088 0.00322842
         vertex 0.0146841 -0.088 0.0035319
         vertex 0.0142099 -0.088 0.00452537
      endloop
   endfacet
   facet normal 0 -1 -6.93889e-16
      outer loop
         vertex 0.0127291 -0.088 0.00245256
         vertex 0.0138199 -0.088 0.00223847
         vertex 0.0139265 -0.088 0.00277423
      endloop
   endfacet
   facet normal 0 -1 -6.93889e-16
      outer loop
         vertex 0.0128438 -0.088 0.00121948
         vertex 0.0142299 -0.088 0.00124852
         vertex 0.0139265 -0.088 0.00170272
      endloop
   endfacet
   facet normal 0 -1 -6.93889e-16
      outer loop
         vertex 0.0128438 -0.088 0.00121948
         vertex 0.0152199 -0.088 0.000838473
         vertex 0.0146841 -0.088 0.000945042
      endloop
   endfacet
   facet normal 0 -1 -6.93889e-16
      outer loop
         vertex 0.0296195 -0.088 -0.0250661
         vertex 0.0240003 -0.088 -0.0259914
         vertex 0.0245484 -0.088 -0.0284999
      endloop
   endfacet
   facet normal 0 -1 -6.93889e-16
      outer loop
         vertex 0.0310732 -0.088 -0.0271778
         vertex 0.0365899 -0.088 -0.0234514
         vertex 0.0344491 -0.088 -0.0220483
      endloop
   endfacet
   facet normal 0 -1 -6.93889e-16
      outer loop
         vertex 0.0414994 -0.088 -0.0113525
         vertex 0.0401392 -0.088 -0.00483559
         vertex 0.0380117 -0.088 -0.00623837
      endloop
   endfacet
   facet normal 0 -1 -6.93889e-16
      outer loop
         vertex 0.0401392 -0.088 -0.00483559
         vertex 0.0363807 -0.088 0.000659306
         vertex 0.0349433 -0.088 -0.00144076
      endloop
   endfacet
   facet normal 0 -1 -6.93889e-16
      outer loop
         vertex 0.0127532 -0.088 0.000879207
         vertex 0.0125502 -0.088 0.000591449
         vertex 0.0143317 -0.088 -0.00116288
      endloop
   endfacet
   facet normal 0 -1 -6.93889e-16
      outer loop
         vertex 0.0165133 -0.088 0.00277423
         vertex 0.0166199 -0.088 0.00223847
         vertex 0.0190969 -0.088 0.00195571
      endloop
   endfacet
   facet normal 0 -1 -6.93889e-16
      outer loop
         vertex 0.0165133 -0.088 0.00277423
         vertex 0.0174018 -0.088 0.00401928
         vertex 0.0170523 -0.088 0.00406225
      endloop
   endfacet
   facet normal 0 -1 -6.93889e-16
      outer loop
         vertex 0.0162098 -0.088 0.00322842
         vertex 0.0170523 -0.088 0.00406225
         vertex 0.0167394 -0.088 0.0042237
      endloop
   endfacet
   facet normal 0 -1 -6.93889e-16
      outer loop
         vertex 0.0159513 -0.088 0.0046291
         vertex 0.0150712 -0.088 0.00473405
         vertex 0.0152199 -0.088 0.00363847
      endloop
   endfacet
   facet normal 0 -1 -6.93889e-16
      outer loop
         vertex 0.0139265 -0.088 0.00277423
         vertex 0.0129603 -0.088 0.00330813
         vertex 0.0127291 -0.088 0.00245256
      endloop
   endfacet
   facet normal 0 -1 -6.93889e-16
      outer loop
         vertex 0.0146841 -0.088 0.000945042
         vertex 0.0142299 -0.088 0.00124852
         vertex 0.0128438 -0.088 0.00121948
      endloop
   endfacet
   facet normal 0 -1 -6.93889e-16
      outer loop
         vertex 0.0344491 -0.088 -0.0220483
         vertex 0.0296195 -0.088 -0.0250661
         vertex 0.0310732 -0.088 -0.0271778
      endloop
   endfacet
   facet normal 0 -1 -6.93889e-16
      outer loop
         vertex 0.0365899 -0.088 -0.0234514
         vertex 0.0402525 -0.088 -0.0178921
         vertex 0.0377439 -0.088 -0.0174032
      endloop
   endfacet
   facet normal 0 -1 -6.93889e-16
      outer loop
         vertex 0.0402525 -0.088 -0.0178921
         vertex 0.0414994 -0.088 -0.0113525
         vertex 0.0389958 -0.088 -0.0118476
      endloop
   endfacet
   facet normal 0 -1 -6.93889e-16
      outer loop
         vertex 0.0349433 -0.088 -0.00144076
         vertex 0.0380117 -0.088 -0.00623837
         vertex 0.0401392 -0.088 -0.00483559
      endloop
   endfacet
   facet normal 0 -1 -6.93889e-16
      outer loop
         vertex 0.0363807 -0.088 0.000659306
         vertex 0.0308002 -0.088 0.00428948
         vertex 0.0302639 -0.088 0.00180516
      endloop
   endfacet
   facet normal 0 -1 -6.93889e-16
      outer loop
         vertex 0.0308002 -0.088 0.00428948
         vertex 0.0242535 -0.088 0.00549821
         vertex 0.0246955 -0.088 0.00299868
      endloop
   endfacet
   facet normal 0 -1 -6.93889e-16
      outer loop
         vertex 0.0152199 -0.088 0.000838473
         vertex 0.0128438 -0.088 0.00121948
         vertex 0.0127532 -0.088 0.000879207
      endloop
   endfacet
   facet normal 0 -1 -6.93889e-16
      outer loop
         vertex 0.0166199 -0.088 0.00223847
         vertex 0.0165133 -0.088 0.00170272
         vertex 0.0190969 -0.088 0.00195571
      endloop
   endfacet
   facet normal 0 -1 -6.93889e-16
      outer loop
         vertex 0.0165133 -0.088 0.00277423
         vertex 0.0177446 -0.088 0.00410013
         vertex 0.0174018 -0.088 0.00401928
      endloop
   endfacet
   facet normal 0 -1 -6.93889e-16
      outer loop
         vertex 0.0152199 -0.088 0.00363847
         vertex 0.0157557 -0.088 0.0035319
         vertex 0.0159513 -0.088 0.0046291
      endloop
   endfacet
   facet normal 0 -1 -6.93889e-16
      outer loop
         vertex 0.0128109 -0.088 0.00157007
         vertex 0.0128438 -0.088 0.00121948
         vertex 0.0139265 -0.088 0.00170272
      endloop
   endfacet
   facet normal 0 -1 -6.93889e-16
      outer loop
         vertex 0.0377439 -0.088 -0.0174032
         vertex 0.0344491 -0.088 -0.0220483
         vertex 0.0365899 -0.088 -0.0234514
      endloop
   endfacet
   facet normal 0 -1 -6.93889e-16
      outer loop
         vertex 0.0380117 -0.088 -0.00623837
         vertex 0.0389958 -0.088 -0.0118476
         vertex 0.0414994 -0.088 -0.0113525
      endloop
   endfacet
   facet normal 0 -1 -6.93889e-16
      outer loop
         vertex 0.0246955 -0.088 0.00299868
         vertex 0.0302639 -0.088 0.00180516
         vertex 0.0308002 -0.088 0.00428948
      endloop
   endfacet
   facet normal 0 -1 -6.93889e-16
      outer loop
         vertex 0.0242535 -0.088 0.00549821
         vertex 0.0177446 -0.088 0.00410013
         vertex 0.0190969 -0.088 0.00195571
      endloop
   endfacet
   facet normal 0 -1 -6.93889e-16
      outer loop
         vertex 0.0143317 -0.088 -0.00116288
         vertex 0.0157557 -0.088 0.000945042
         vertex 0.0152199 -0.088 0.000838473
      endloop
   endfacet
   facet normal 0 -1 -6.93889e-16
      outer loop
         vertex 0.0143317 -0.088 -0.00116288
         vertex 0.0190969 -0.088 0.00195571
         vertex 0.0162098 -0.088 0.00124852
      endloop
   endfacet
   facet normal 0 -1 -6.93889e-16
      outer loop
         vertex 0.0170523 -0.088 0.00406225
         vertex 0.0162098 -0.088 0.00322842
         vertex 0.0165133 -0.088 0.00277423
      endloop
   endfacet
   facet normal 0 -1 -6.93889e-16
      outer loop
         vertex 0.0146841 -0.088 0.0035319
         vertex 0.0152199 -0.088 0.00363847
         vertex 0.0150712 -0.088 0.00473405
      endloop
   endfacet
   facet normal 0 -1 -6.93889e-16
      outer loop
         vertex 0.0389958 -0.088 -0.0118476
         vertex 0.0377439 -0.088 -0.0174032
         vertex 0.0402525 -0.088 -0.0178921
      endloop
   endfacet
   facet normal 0 -1 -6.93889e-16
      outer loop
         vertex 0.0190969 -0.088 0.00195571
         vertex 0.0246955 -0.088 0.00299868
         vertex 0.0242535 -0.088 0.00549821
      endloop
   endfacet
   facet normal 0 -1 -6.93889e-16
      outer loop
         vertex 0.0162098 -0.088 0.00124852
         vertex 0.0157557 -0.088 0.000945042
         vertex 0.0143317 -0.088 -0.00116288
      endloop
   endfacet
   facet normal 0 -1 -6.93889e-16
      outer loop
         vertex 0.0157557 -0.088 0.0035319
         vertex 0.0162098 -0.088 0.00322842
         vertex 0.0167394 -0.088 0.0042237
      endloop
   endfacet
   facet normal 0 -1 -6.93889e-16
      outer loop
         vertex 0.0302639 -0.088 0.00180516
         vertex 0.0349433 -0.088 -0.00144076
         vertex 0.0363807 -0.088 0.000659306
      endloop
   endfacet
   facet normal 0 -1 -6.93889e-16
      outer loop
         vertex 0.0165133 -0.088 0.00170272
         vertex 0.0162098 -0.088 0.00124852
         vertex 0.0190969 -0.088 0.00195571
      endloop
   endfacet
   facet normal 0 -1 -6.93889e-16
      outer loop
         vertex 0.0125502 -0.088 0.000591449
         vertex 0.0117716 -0.088 -0.000231082
         vertex 0.0143317 -0.088 -0.00116288
      endloop
   endfacet
   facet normal 0 -1 -6.93889e-16
      outer loop
         vertex 0.0240003 -0.088 -0.0259914
         vertex 0.0184581 -0.088 -0.0246813
         vertex 0.0180162 -0.088 -0.027215
      endloop
   endfacet
   facet normal 0.0344639 -6.93477e-16 0.999406
      outer loop
         vertex 0.0240003 -0.085 -0.0259914
         vertex 0.0184581 -0.085 -0.0246813
         vertex 0.0184581 -0.088 -0.0246813
      endloop
   endfacet
   facet normal -0.353072 -6.492e-16 0.935596
      outer loop
         vertex 0.0296195 -0.085 -0.0250661
         vertex 0.0240003 -0.085 -0.0259914
         vertex 0.0240003 -0.088 -0.0259914
      endloop
   endfacet
   facet normal -0.686144 -5.04781e-16 0.727466
      outer loop
         vertex 0.0344491 -0.085 -0.0220483
         vertex 0.0296195 -0.085 -0.0250661
         vertex 0.0296195 -0.088 -0.0250661
      endloop
   endfacet
   facet normal -0.686144 -5.04781e-16 0.727466
      outer loop
         vertex 0.0344491 -0.088 -0.0220483
         vertex 0.0377439 -0.088 -0.0174032
         vertex 0.0364525 -0.085 -0.0192239
      endloop
   endfacet
   facet normal -0.913375 -2.82496e-16 0.40712
      outer loop
         vertex 0.0377439 -0.088 -0.0174032
         vertex 0.0377439 -0.085 -0.0174032
         vertex 0.0364525 -0.085 -0.0192239
      endloop
   endfacet
   facet normal -0.999713 -1.6635e-17 0.0239736
      outer loop
         vertex 0.0389958 -0.085 -0.0118476
         vertex 0.0377439 -0.085 -0.0174032
         vertex 0.0377439 -0.088 -0.0174032
      endloop
   endfacet
   facet normal -0.931839 2.51792e-16 -0.362871
      outer loop
         vertex 0.0380117 -0.085 -0.00623837
         vertex 0.0389958 -0.085 -0.0118476
         vertex 0.0389958 -0.088 -0.0118476
      endloop
   endfacet
   facet normal -0.931839 2.51792e-16 -0.362871
      outer loop
         vertex 0.0380117 -0.088 -0.00623837
         vertex 0.0349433 -0.088 -0.00144076
         vertex 0.0357044 -0.085 -0.00263076
      endloop
   endfacet
   facet normal -0.720225 4.81379e-16 -0.69374
      outer loop
         vertex 0.0349433 -0.088 -0.00144076
         vertex 0.0349433 -0.085 -0.00144076
         vertex 0.0357044 -0.085 -0.00263076
      endloop
   endfacet
   facet normal -0.397512 6.36711e-16 -0.917597
      outer loop
         vertex 0.0302639 -0.085 0.00180516
         vertex 0.0349433 -0.085 -0.00144076
         vertex 0.0349433 -0.088 -0.00144076
      endloop
   endfacet
   facet normal -0.0134807 6.93826e-16 -0.999909
      outer loop
         vertex 0.0246955 -0.085 0.00299868
         vertex 0.0302639 -0.085 0.00180516
         vertex 0.0302639 -0.088 0.00180516
      endloop
   endfacet
   facet normal 0.37263 6.43915e-16 -0.92798
      outer loop
         vertex 0.0190969 -0.085 0.00195571
         vertex 0.0246955 -0.085 0.00299868
         vertex 0.0246955 -0.088 0.00299868
      endloop
   endfacet
   facet normal 0.701261 4.78544e-16 -0.712905
      outer loop
         vertex 0.0143317 -0.085 -0.00116288
         vertex 0.0190969 -0.085 0.00195571
         vertex 0.0190969 -0.088 0.00195571
      endloop
   endfacet
   facet normal 0.37263 6.43915e-16 -0.92798
      outer loop
         vertex 0.0190969 -0.088 0.00195571
         vertex 0.0143317 -0.088 -0.00116288
         vertex 0.0143317 -0.085 -0.00116288
      endloop
   endfacet
   facet normal -0.0134807 6.93826e-16 -0.999909
      outer loop
         vertex 0.0246955 -0.088 0.00299868
         vertex 0.0190969 -0.088 0.00195571
         vertex 0.0190969 -0.085 0.00195571
      endloop
   endfacet
   facet normal -0.397512 6.36711e-16 -0.917597
      outer loop
         vertex 0.0302639 -0.088 0.00180516
         vertex 0.0246955 -0.088 0.00299868
         vertex 0.0246955 -0.085 0.00299868
      endloop
   endfacet
   facet normal -0.720225 4.81379e-16 -0.69374
      outer loop
         vertex 0.0349433 -0.088 -0.00144076
         vertex 0.0302639 -0.088 0.00180516
         vertex 0.0302639 -0.085 0.00180516
      endloop
   endfacet
   facet normal -0.784076 4.78544e-16 -0.620665
      outer loop
         vertex 0.0357044 -0.085 -0.00263076
         vertex 0.0380117 -0.085 -0.00623837
         vertex 0.0380117 -0.088 -0.00623837
      endloop
   endfacet
   facet normal -0.999713 -1.6635e-17 0.0239736
      outer loop
         vertex 0.0389958 -0.088 -0.0118476
         vertex 0.0380117 -0.088 -0.00623837
         vertex 0.0380117 -0.085 -0.00623837
      endloop
   endfacet
   facet normal -0.913375 -2.82496e-16 0.40712
      outer loop
         vertex 0.0377439 -0.088 -0.0174032
         vertex 0.0389958 -0.088 -0.0118476
         vertex 0.0389958 -0.085 -0.0118476
      endloop
   endfacet
   facet normal -0.839891 -4.78544e-16 0.542756
      outer loop
         vertex 0.0364525 -0.085 -0.0192239
         vertex 0.0344491 -0.085 -0.0220483
         vertex 0.0344491 -0.088 -0.0220483
      endloop
   endfacet
   facet normal -0.353072 -6.492e-16 0.935596
      outer loop
         vertex 0.0296195 -0.088 -0.0250661
         vertex 0.0344491 -0.088 -0.0220483
         vertex 0.0344491 -0.085 -0.0220483
      endloop
   endfacet
   facet normal 0.0344639 -6.93477e-16 0.999406
      outer loop
         vertex 0.0240003 -0.088 -0.0259914
         vertex 0.0296195 -0.088 -0.0250661
         vertex 0.0296195 -0.085 -0.0250661
      endloop
   endfacet
   facet normal 0.416683 -7.17817e-16 0.909052
      outer loop
         vertex 0.0184581 -0.088 -0.0246813
         vertex 0.0240003 -0.088 -0.0259914
         vertex 0.0240003 -0.085 -0.0259914
      endloop
   endfacet
   facet normal 0.382683 6.4107e-16 -0.92388
      outer loop
         vertex 0.0146841 -0.085 0.0035319
         vertex 0.0152199 -0.085 0.00363847
         vertex 0.0152199 -0.088 0.00363847
      endloop
   endfacet
   facet normal 0.382683 6.4107e-16 -0.92388
      outer loop
         vertex 0.0146841 -0.088 0.0035319
         vertex 0.0142299 -0.088 0.00322842
         vertex 0.0143659 -0.085 0.00331924
      endloop
   endfacet
   facet normal 0.707107 4.90654e-16 -0.707107
      outer loop
         vertex 0.0142299 -0.088 0.00322842
         vertex 0.0142299 -0.085 0.00322842
         vertex 0.0143659 -0.085 0.00331924
      endloop
   endfacet
   facet normal 0.92388 2.6554e-16 -0.382683
      outer loop
         vertex 0.0139265 -0.085 0.00277423
         vertex 0.0142299 -0.085 0.00322842
         vertex 0.0142299 -0.088 0.00322842
      endloop
   endfacet
   facet normal 1 -1.27465e-31 1.83697e-16
      outer loop
         vertex 0.0138199 -0.085 0.00223847
         vertex 0.0139265 -0.085 0.00277423
         vertex 0.0139265 -0.088 0.00277423
      endloop
   endfacet
   facet normal 0.92388 -2.6554e-16 0.382683
      outer loop
         vertex 0.0139265 -0.085 0.00170272
         vertex 0.0138199 -0.085 0.00223847
         vertex 0.0138199 -0.088 0.00223847
      endloop
   endfacet
   facet normal 0.707107 -4.90654e-16 0.707107
      outer loop
         vertex 0.0142299 -0.085 0.00124852
         vertex 0.0139265 -0.085 0.00170272
         vertex 0.0139265 -0.088 0.00170272
      endloop
   endfacet
   facet normal 0.382683 -6.4107e-16 0.92388
      outer loop
         vertex 0.0146841 -0.085 0.000945042
         vertex 0.0142299 -0.085 0.00124852
         vertex 0.0142299 -0.088 0.00124852
      endloop
   endfacet
   facet normal 0 -6.19544e-16 1
      outer loop
         vertex 0.0152199 -0.085 0.000838473
         vertex 0.0146841 -0.085 0.000945042
         vertex 0.0146841 -0.088 0.000945042
      endloop
   endfacet
   facet normal -0.382683 -6.4107e-16 0.92388
      outer loop
         vertex 0.0157557 -0.085 0.000945042
         vertex 0.0152199 -0.085 0.000838473
         vertex 0.0152199 -0.088 0.000838473
      endloop
   endfacet
   facet normal -0.707107 -4.90654e-16 0.707107
      outer loop
         vertex 0.0162098 -0.085 0.00124852
         vertex 0.0157557 -0.085 0.000945042
         vertex 0.0157557 -0.088 0.000945042
      endloop
   endfacet
   facet normal -0.92388 -2.6554e-16 0.382683
      outer loop
         vertex 0.0165133 -0.085 0.00170272
         vertex 0.0162098 -0.085 0.00124852
         vertex 0.0162098 -0.088 0.00124852
      endloop
   endfacet
   facet normal -1 4.24885e-32 -6.12323e-17
      outer loop
         vertex 0.0166199 -0.085 0.00223847
         vertex 0.0165133 -0.085 0.00170272
         vertex 0.0165133 -0.088 0.00170272
      endloop
   endfacet
   facet normal -0.92388 2.6554e-16 -0.382683
      outer loop
         vertex 0.0165133 -0.085 0.00277423
         vertex 0.0166199 -0.085 0.00223847
         vertex 0.0166199 -0.088 0.00223847
      endloop
   endfacet
   facet normal -0.707107 4.90654e-16 -0.707107
      outer loop
         vertex 0.0162098 -0.085 0.00322842
         vertex 0.0165133 -0.085 0.00277423
         vertex 0.0165133 -0.088 0.00277423
      endloop
   endfacet
   facet normal -0.382683 6.4107e-16 -0.92388
      outer loop
         vertex 0.0157557 -0.088 0.0035319
         vertex 0.0157557 -0.085 0.0035319
         vertex 0.0160739 -0.085 0.00331924
      endloop
   endfacet
   facet normal -0.620003 6.19544e-16 -0.784599
      outer loop
         vertex 0.0160739 -0.085 0.00331924
         vertex 0.0162098 -0.088 0.00322842
         vertex 0.0157557 -0.088 0.0035319
      endloop
   endfacet
   facet normal 2.44929e-16 6.93889e-16 -1
      outer loop
         vertex 0.0152199 -0.085 0.00363847
         vertex 0.0157557 -0.085 0.0035319
         vertex 0.0157557 -0.088 0.0035319
      endloop
   endfacet
   facet normal -0.382683 6.4107e-16 -0.92388
      outer loop
         vertex 0.0157557 -0.088 0.0035319
         vertex 0.0152199 -0.088 0.00363847
         vertex 0.0152199 -0.085 0.00363847
      endloop
   endfacet
   facet normal -0.620003 6.19544e-16 -0.784599
      outer loop
         vertex 0.0160739 -0.085 0.00331924
         vertex 0.0162098 -0.085 0.00322842
         vertex 0.0162098 -0.088 0.00322842
      endloop
   endfacet
   facet normal -0.92388 2.6554e-16 -0.382683
      outer loop
         vertex 0.0165133 -0.088 0.00277423
         vertex 0.0162098 -0.088 0.00322842
         vertex 0.0162098 -0.085 0.00322842
      endloop
   endfacet
   facet normal -1 4.24885e-32 -6.12323e-17
      outer loop
         vertex 0.0166199 -0.088 0.00223847
         vertex 0.0165133 -0.088 0.00277423
         vertex 0.0165133 -0.085 0.00277423
      endloop
   endfacet
   facet normal -0.92388 -2.6554e-16 0.382683
      outer loop
         vertex 0.0165133 -0.088 0.00170272
         vertex 0.0166199 -0.088 0.00223847
         vertex 0.0166199 -0.085 0.00223847
      endloop
   endfacet
   facet normal -0.707107 -4.90654e-16 0.707107
      outer loop
         vertex 0.0162098 -0.088 0.00124852
         vertex 0.0165133 -0.088 0.00170272
         vertex 0.0165133 -0.085 0.00170272
      endloop
   endfacet
   facet normal -0.382683 -6.4107e-16 0.92388
      outer loop
         vertex 0.0157557 -0.088 0.000945042
         vertex 0.0162098 -0.088 0.00124852
         vertex 0.0162098 -0.085 0.00124852
      endloop
   endfacet
   facet normal 0 -6.19544e-16 1
      outer loop
         vertex 0.0152199 -0.088 0.000838473
         vertex 0.0157557 -0.088 0.000945042
         vertex 0.0157557 -0.085 0.000945042
      endloop
   endfacet
   facet normal 0.382683 -6.4107e-16 0.92388
      outer loop
         vertex 0.0146841 -0.088 0.000945042
         vertex 0.0152199 -0.088 0.000838473
         vertex 0.0152199 -0.085 0.000838473
      endloop
   endfacet
   facet normal 0.707107 -4.90654e-16 0.707107
      outer loop
         vertex 0.0142299 -0.088 0.00124852
         vertex 0.0146841 -0.088 0.000945042
         vertex 0.0146841 -0.085 0.000945042
      endloop
   endfacet
   facet normal 0.92388 -2.6554e-16 0.382683
      outer loop
         vertex 0.0139265 -0.088 0.00170272
         vertex 0.0142299 -0.088 0.00124852
         vertex 0.0142299 -0.085 0.00124852
      endloop
   endfacet
   facet normal 1 -1.27465e-31 1.83697e-16
      outer loop
         vertex 0.0138199 -0.088 0.00223847
         vertex 0.0139265 -0.088 0.00170272
         vertex 0.0139265 -0.085 0.00170272
      endloop
   endfacet
   facet normal 0.92388 2.6554e-16 -0.382683
      outer loop
         vertex 0.0139265 -0.088 0.00277423
         vertex 0.0138199 -0.088 0.00223847
         vertex 0.0138199 -0.085 0.00223847
      endloop
   endfacet
   facet normal 0.707107 4.90654e-16 -0.707107
      outer loop
         vertex 0.0142299 -0.088 0.00322842
         vertex 0.0139265 -0.088 0.00277423
         vertex 0.0139265 -0.085 0.00277423
      endloop
   endfacet
   facet normal 0.620003 6.19544e-16 -0.784599
      outer loop
         vertex 0.0143659 -0.085 0.00331924
         vertex 0.0146841 -0.085 0.0035319
         vertex 0.0146841 -0.088 0.0035319
      endloop
   endfacet
   facet normal 2.44929e-16 6.93889e-16 -1
      outer loop
         vertex 0.0152199 -0.088 0.00363847
         vertex 0.0146841 -0.088 0.0035319
         vertex 0.0146841 -0.085 0.0035319
      endloop
   endfacet
   facet normal -0.34202 6.52043e-16 -0.939693
      outer loop
         vertex 0.0117716 -0.088 -0.000231082
         vertex 0.00843971 -0.0919289 0.000981638
         vertex 0.00805053 -0.0918482 0.00112329
      endloop
   endfacet
   facet normal -0.34202 6.52043e-16 -0.939693
      outer loop
         vertex 0.00439098 -0.085 0.00245526
         vertex 0.00805053 -0.0918482 0.00112329
         vertex 0.00764877 -0.0919414 0.00126952
      endloop
   endfacet
   facet normal -0.34202 6.52043e-16 -0.939693
      outer loop
         vertex 0.0117716 -0.088 -0.000231082
         vertex 0.00878257 -0.092 0.000856846
         vertex 0.00843971 -0.0919289 0.000981638
      endloop
   endfacet
   facet normal -0.34202 6.52043e-16 -0.939693
      outer loop
         vertex 0.00439098 -0.085 0.00245526
         vertex 0.00739614 -0.092 0.00136146
         vertex 0.00580052 -0.094 0.00194223
      endloop
   endfacet
   facet normal -0.34202 6.52043e-16 -0.939693
      outer loop
         vertex 0.00805053 -0.0918482 0.00112329
         vertex 0.00439098 -0.085 0.00245526
         vertex 0.0117716 -0.088 -0.000231082
      endloop
   endfacet
   facet normal -0.34202 6.52043e-16 -0.939693
      outer loop
         vertex 0.00764877 -0.0919414 0.00126952
         vertex 0.00739614 -0.092 0.00136146
         vertex 0.00439098 -0.085 0.00245526
      endloop
   endfacet
   facet normal -0.34202 6.52043e-16 -0.939693
      outer loop
         vertex 0.0117716 -0.095 -0.000231082
         vertex 0.00878257 -0.095 0.000856846
         vertex 0.00878257 -0.092 0.000856846
      endloop
   endfacet
   facet normal -0.34202 6.52043e-16 -0.939693
      outer loop
         vertex 0.00878257 -0.092 0.000856846
         vertex 0.0117716 -0.088 -0.000231082
         vertex 0.0117716 -0.095 -0.000231082
      endloop
   endfacet
   facet normal -0.34202 6.52043e-16 -0.939693
      outer loop
         vertex 0.00739614 -0.095 0.00136146
         vertex 0.00580052 -0.095 0.00194223
         vertex 0.00580052 -0.094 0.00194223
      endloop
   endfacet
   facet normal -0.34202 6.52043e-16 -0.939693
      outer loop
         vertex 0.0143317 -0.085 -0.00116288
         vertex 0.0143317 -0.088 -0.00116288
         vertex 0.0117716 -0.088 -0.000231082
      endloop
   endfacet
   facet normal -0.34202 6.52043e-16 -0.939693
      outer loop
         vertex 0.00580052 -0.094 0.00194223
         vertex 0.00739614 -0.092 0.00136146
         vertex 0.00739614 -0.095 0.00136146
      endloop
   endfacet
   facet normal -0.34202 6.52043e-16 -0.939693
      outer loop
         vertex 0.0117716 -0.088 -0.000231082
         vertex 0.00439098 -0.085 0.00245526
         vertex 0.0116261 -0.085 -0.000178113
      endloop
   endfacet
   facet normal -0.34202 6.52043e-16 -0.939693
      outer loop
         vertex 0.0117716 -0.088 -0.000231082
         vertex 0.0116261 -0.085 -0.000178113
         vertex 0.0143317 -0.085 -0.00116288
      endloop
   endfacet
   facet normal -0.34202 6.52043e-16 -0.939693
      outer loop
         vertex 0.00580052 -0.094 0.00194223
         vertex 0.00439098 -0.094 0.00245526
         vertex 0.00439098 -0.085 0.00245526
      endloop
   endfacet
   facet normal -0.939693 -2.37324e-16 0.34202
      outer loop
         vertex 0.0184581 -0.085 -0.0246813
         vertex 0.0169836 -0.085 -0.0287325
         vertex 0.0176007 -0.088 -0.027037
      endloop
   endfacet
   facet normal -0.939693 -2.37324e-16 0.34202
      outer loop
         vertex 0.0169836 -0.094 -0.0287325
         vertex 0.0176007 -0.094 -0.027037
         vertex 0.0176007 -0.088 -0.027037
      endloop
   endfacet
   facet normal -0.939693 -2.37324e-16 0.34202
      outer loop
         vertex 0.0176007 -0.088 -0.027037
         vertex 0.0169836 -0.085 -0.0287325
         vertex 0.0169836 -0.094 -0.0287325
      endloop
   endfacet
   facet normal -0.939693 -2.37324e-16 0.34202
      outer loop
         vertex 0.0176007 -0.088 -0.027037
         vertex 0.0184581 -0.088 -0.0246813
         vertex 0.0184581 -0.085 -0.0246813
      endloop
   endfacet
   facet normal -0.737277 -4.68785e-16 0.67559
      outer loop
         vertex 0.0165787 -0.094 -0.0293997
         vertex 0.0169836 -0.094 -0.0287325
         vertex 0.0169836 -0.085 -0.0287325
      endloop
   endfacet
   facet normal -0.422618 -6.28877e-16 0.906308
      outer loop
         vertex 0.0159494 -0.094 -0.0298611
         vertex 0.0165787 -0.094 -0.0293997
         vertex 0.0165787 -0.085 -0.0293997
      endloop
   endfacet
   facet normal -0.0436194 -6.93229e-16 0.999048
      outer loop
         vertex 0.0151914 -0.094 -0.0300466
         vertex 0.0159494 -0.094 -0.0298611
         vertex 0.0159494 -0.085 -0.0298611
      endloop
   endfacet
   facet normal 0.34202 -6.52043e-16 0.939693
      outer loop
         vertex 0.0144201 -0.094 -0.0299279
         vertex 0.0151914 -0.094 -0.0300466
         vertex 0.0151914 -0.085 -0.0300466
      endloop
   endfacet
   facet normal -0.0436194 -6.93229e-16 0.999048
      outer loop
         vertex 0.0151914 -0.085 -0.0300466
         vertex 0.0144201 -0.085 -0.0299279
         vertex 0.0144201 -0.094 -0.0299279
      endloop
   endfacet
   facet normal -0.422618 -6.28877e-16 0.906308
      outer loop
         vertex 0.0159494 -0.085 -0.0298611
         vertex 0.0151914 -0.085 -0.0300466
         vertex 0.0151914 -0.094 -0.0300466
      endloop
   endfacet
   facet normal -0.737277 -4.68785e-16 0.67559
      outer loop
         vertex 0.0165787 -0.085 -0.0293997
         vertex 0.0159494 -0.085 -0.0298611
         vertex 0.0159494 -0.094 -0.0298611
      endloop
   endfacet
   facet normal -0.939693 -2.37324e-16 0.34202
      outer loop
         vertex 0.0169836 -0.085 -0.0287325
         vertex 0.0165787 -0.085 -0.0293997
         vertex 0.0165787 -0.094 -0.0293997
      endloop
   endfacet
   facet normal 0.34202 -6.52043e-16 0.939693
      outer loop
         vertex 0.0144201 -0.094 -0.0299279
         vertex 0.0116261 -0.085 -0.0289109
         vertex 0.00239414 -0.085 -0.0255508
      endloop
   endfacet
   facet normal 0.34202 -6.52043e-16 0.939693
      outer loop
         vertex 0.00239414 -0.085 -0.0255508
         vertex -0.00484357 -0.094 -0.0229164
         vertex 0.0144201 -0.094 -0.0299279
      endloop
   endfacet
   facet normal 0.34202 -6.52043e-16 0.939693
      outer loop
         vertex 0.0144201 -0.094 -0.0299279
         vertex 0.0144201 -0.085 -0.0299279
         vertex 0.0116261 -0.085 -0.0289109
      endloop
   endfacet
   facet normal 0.34202 -6.52043e-16 0.939693
      outer loop
         vertex 0.00239414 -0.085 -0.0255508
         vertex -0.00484357 -0.085 -0.0229164
         vertex -0.00484357 -0.094 -0.0229164
      endloop
   endfacet
   facet normal 0 1 6.93889e-16
      outer loop
         vertex 0.00952172 -0.094 -0.0254578
         vertex 0.0151914 -0.094 -0.0300466
         vertex 0.0144201 -0.094 -0.0299279
      endloop
   endfacet
   facet normal 0 1 6.93889e-16
      outer loop
         vertex 0.00952172 -0.094 -0.0254578
         vertex 0.0159494 -0.094 -0.0298611
         vertex 0.0151914 -0.094 -0.0300466
      endloop
   endfacet
   facet normal 0 1 6.93889e-16
      outer loop
         vertex 0.00952172 -0.094 -0.0254578
         vertex 0.0165787 -0.094 -0.0293997
         vertex 0.0159494 -0.094 -0.0298611
      endloop
   endfacet
   facet normal 0 1 6.93889e-16
      outer loop
         vertex 0.0176007 -0.094 -0.027037
         vertex 0.0169836 -0.094 -0.0287325
         vertex 0.00952172 -0.094 -0.0254578
      endloop
   endfacet
   facet normal 0 1 6.93889e-16
      outer loop
         vertex 0.00952172 -0.094 -0.0254578
         vertex 0.0169836 -0.094 -0.0287325
         vertex 0.0165787 -0.094 -0.0293997
      endloop
   endfacet
   facet normal 0 1 6.93889e-16
      outer loop
         vertex -0.00484357 -0.094 -0.0229164
         vertex -0.00551071 -0.094 -0.0225116
         vertex -0.00597214 -0.094 -0.0218823
      endloop
   endfacet
   facet normal 0 1 6.93889e-16
      outer loop
         vertex 0.00961307 -0.094 -0.0249985
         vertex 0.00952172 -0.094 -0.0245393
         vertex 0.0124784 -0.094 -0.02352
      endloop
   endfacet
   facet normal 0 1 6.93889e-16
      outer loop
         vertex 0.0144201 -0.094 -0.0299279
         vertex 0.00926159 -0.094 -0.0258471
         vertex 0.00952172 -0.094 -0.0254578
      endloop
   endfacet
   facet normal 0 1 6.93889e-16
      outer loop
         vertex 0.0144201 -0.094 -0.0299279
         vertex -0.00484357 -0.094 -0.0229164
         vertex 0.00795385 -0.094 -0.0261072
      endloop
   endfacet
   facet normal 0 1 6.93889e-16
      outer loop
         vertex -0.00597214 -0.094 -0.0218823
         vertex -0.00615762 -0.094 -0.0211243
         vertex -0.00484357 -0.094 -0.0229164
      endloop
   endfacet
   facet normal 0 1 6.93889e-16
      outer loop
         vertex 0.00730441 -0.094 -0.0245393
         vertex 0.00721307 -0.094 -0.0249985
         vertex -0.00484357 -0.094 -0.0229164
      endloop
   endfacet
   facet normal 0 1 6.93889e-16
      outer loop
         vertex 0.00993269 -0.094 -0.0202632
         vertex 0.0124784 -0.094 -0.02352
         vertex 0.00926159 -0.094 -0.02415
      endloop
   endfacet
   facet normal 0 1 6.93889e-16
      outer loop
         vertex 0.00952172 -0.094 -0.0254578
         vertex 0.00961307 -0.094 -0.0249985
         vertex 0.0176007 -0.094 -0.027037
      endloop
   endfacet
   facet normal 0 1 6.93889e-16
      outer loop
         vertex 0.00795385 -0.094 -0.0261072
         vertex 0.00841307 -0.094 -0.0261985
         vertex 0.0144201 -0.094 -0.0299279
      endloop
   endfacet
   facet normal 0 1 6.93889e-16
      outer loop
         vertex -0.00484357 -0.094 -0.0229164
         vertex 0.00721307 -0.094 -0.0249985
         vertex 0.00730441 -0.094 -0.0254578
      endloop
   endfacet
   facet normal 0 1 6.93889e-16
      outer loop
         vertex -0.00484357 -0.094 -0.0229164
         vertex -0.00603891 -0.094 -0.020353
         vertex 0.00730441 -0.094 -0.0245393
      endloop
   endfacet
   facet normal 0 1 6.93889e-16
      outer loop
         vertex 0.00562226 -0.094 -0.0144882
         vertex 0.00795385 -0.094 -0.0238899
         vertex 0.00756454 -0.094 -0.02415
      endloop
   endfacet
   facet normal 0 1 6.93889e-16
      outer loop
         vertex 0.00495784 -0.094 -0.000373016
         vertex 0.0028617 -0.094 0.00238849
         vertex 0.0036197 -0.094 0.00257397
      endloop
   endfacet
   facet normal 0 1 6.93889e-16
      outer loop
         vertex 0.00841307 -0.094 -0.0237985
         vertex 0.00562226 -0.094 -0.0144882
         vertex 0.00993269 -0.094 -0.0202632
      endloop
   endfacet
   facet normal 0 1 6.93889e-16
      outer loop
         vertex 0.0124784 -0.094 -0.02352
         vertex 0.00952172 -0.094 -0.0245393
         vertex 0.00926159 -0.094 -0.02415
      endloop
   endfacet
   facet normal 0 1 6.93889e-16
      outer loop
         vertex 0.0144201 -0.094 -0.0299279
         vertex 0.00887229 -0.094 -0.0261072
         vertex 0.00926159 -0.094 -0.0258471
      endloop
   endfacet
   facet normal 0 1 6.93889e-16
      outer loop
         vertex -0.00484357 -0.094 -0.0229164
         vertex 0.00756454 -0.094 -0.0258471
         vertex 0.00795385 -0.094 -0.0261072
      endloop
   endfacet
   facet normal 0 1 6.93889e-16
      outer loop
         vertex -0.00615762 -0.094 -0.0211243
         vertex -0.00603891 -0.094 -0.020353
         vertex -0.00484357 -0.094 -0.0229164
      endloop
   endfacet
   facet normal 0 1 6.93889e-16
      outer loop
         vertex -0.00603891 -0.094 -0.020353
         vertex 0.00387372 -0.094 -0.00749728
         vertex 0.00562226 -0.094 -0.0144882
      endloop
   endfacet
   facet normal 0 1 6.93889e-16
      outer loop
         vertex 0.00495784 -0.094 -0.000373016
         vertex 0.00223238 -0.094 0.00192705
         vertex 0.0028617 -0.094 0.00238849
      endloop
   endfacet
   facet normal 0 1 6.93889e-16
      outer loop
         vertex 0.00926159 -0.094 -0.02415
         vertex 0.00887229 -0.094 -0.0238899
         vertex 0.00993269 -0.094 -0.0202632
      endloop
   endfacet
   facet normal 0 1 6.93889e-16
      outer loop
         vertex 0.00841307 -0.094 -0.0261985
         vertex 0.00887229 -0.094 -0.0261072
         vertex 0.0144201 -0.094 -0.0299279
      endloop
   endfacet
   facet normal 0 1 6.93889e-16
      outer loop
         vertex -0.00603891 -0.094 -0.020353
         vertex 0.00756454 -0.094 -0.02415
         vertex 0.00730441 -0.094 -0.0245393
      endloop
   endfacet
   facet normal 0 1 6.93889e-16
      outer loop
         vertex 0.00562226 -0.094 -0.0144882
         vertex 0.00841307 -0.094 -0.0237985
         vertex 0.00795385 -0.094 -0.0238899
      endloop
   endfacet
   facet normal 0 1 6.93889e-16
      outer loop
         vertex 0.00495784 -0.094 -0.000373016
         vertex 0.00182755 -0.094 0.00125991
         vertex 0.00223238 -0.094 0.00192705
      endloop
   endfacet
   facet normal 0 1 6.93889e-16
      outer loop
         vertex 0.0124784 -0.094 -0.02352
         vertex 0.0176007 -0.094 -0.027037
         vertex 0.00961307 -0.094 -0.0249985
      endloop
   endfacet
   facet normal 0 1 6.93889e-16
      outer loop
         vertex 0.00756454 -0.094 -0.02415
         vertex -0.00603891 -0.094 -0.020353
         vertex 0.00562226 -0.094 -0.0144882
      endloop
   endfacet
   facet normal 0 1 6.93889e-16
      outer loop
         vertex 0.00182755 -0.094 0.00125991
         vertex 0.00495784 -0.094 -0.000373016
         vertex 0.00387372 -0.094 -0.00749728
      endloop
   endfacet
   facet normal 0 1 6.93889e-16
      outer loop
         vertex 0.0036197 -0.094 0.00257397
         vertex 0.00439098 -0.094 0.00245526
         vertex 0.00495784 -0.094 -0.000373016
      endloop
   endfacet
   facet normal 0 1 6.93889e-16
      outer loop
         vertex 0.00730441 -0.094 -0.0254578
         vertex 0.00756454 -0.094 -0.0258471
         vertex -0.00484357 -0.094 -0.0229164
      endloop
   endfacet
   facet normal 0 1 6.93889e-16
      outer loop
         vertex 0.00439098 -0.094 0.00245526
         vertex 0.00580052 -0.094 0.00194223
         vertex 0.00495784 -0.094 -0.000373016
      endloop
   endfacet
   facet normal 0 1 6.93889e-16
      outer loop
         vertex 0.00387372 -0.094 -0.00749728
         vertex -0.00603891 -0.094 -0.020353
         vertex 0.00182755 -0.094 0.00125991
      endloop
   endfacet
   facet normal 0 1 6.93889e-16
      outer loop
         vertex 0.00993269 -0.094 -0.0202632
         vertex 0.00887229 -0.094 -0.0238899
         vertex 0.00841307 -0.094 -0.0237985
      endloop
   endfacet
   facet normal 0.939693 2.37324e-16 -0.34202
      outer loop
         vertex -0.00603891 -0.094 -0.020353
         vertex -0.00540177 -0.085 -0.0186025
         vertex 0.000411461 -0.085 -0.00263076
      endloop
   endfacet
   facet normal 0.939693 2.37324e-16 -0.34202
      outer loop
         vertex 0.000411461 -0.085 -0.00263076
         vertex 0.00182755 -0.094 0.00125991
         vertex -0.00603891 -0.094 -0.020353
      endloop
   endfacet
   facet normal 0.939693 2.37324e-16 -0.34202
      outer loop
         vertex -0.00603891 -0.094 -0.020353
         vertex -0.00562796 -0.085 -0.0192239
         vertex -0.00540177 -0.085 -0.0186025
      endloop
   endfacet
   facet normal 0.939693 2.37324e-16 -0.34202
      outer loop
         vertex -0.00603891 -0.094 -0.020353
         vertex -0.00603891 -0.085 -0.020353
         vertex -0.00562796 -0.085 -0.0192239
      endloop
   endfacet
   facet normal 0.939693 2.37324e-16 -0.34202
      outer loop
         vertex 0.000411461 -0.085 -0.00263076
         vertex 0.00182755 -0.085 0.00125991
         vertex 0.00182755 -0.094 0.00125991
      endloop
   endfacet
   facet normal 0.34202 -6.52043e-16 0.939693
      outer loop
         vertex -0.00484357 -0.094 -0.0229164
         vertex -0.00484357 -0.085 -0.0229164
         vertex -0.00540177 -0.085 -0.0225777
      endloop
   endfacet
   facet normal 0.627684 -8.67362e-16 0.778468
      outer loop
         vertex -0.00540177 -0.085 -0.0225777
         vertex -0.00551071 -0.094 -0.0225116
         vertex -0.00484357 -0.094 -0.0229164
      endloop
   endfacet
   facet normal 0.906308 -2.9325e-16 0.422618
      outer loop
         vertex -0.00597214 -0.094 -0.0218823
         vertex -0.00551071 -0.094 -0.0225116
         vertex -0.00551071 -0.085 -0.0225116
      endloop
   endfacet
   facet normal 0.999048 -3.0267e-17 0.0436194
      outer loop
         vertex -0.00615762 -0.094 -0.0211243
         vertex -0.00597214 -0.094 -0.0218823
         vertex -0.00597214 -0.085 -0.0218823
      endloop
   endfacet
   facet normal 0.939693 2.37324e-16 -0.34202
      outer loop
         vertex -0.00603891 -0.094 -0.020353
         vertex -0.00615762 -0.094 -0.0211243
         vertex -0.00615762 -0.085 -0.0211243
      endloop
   endfacet
   facet normal 0.999048 -3.0267e-17 0.0436194
      outer loop
         vertex -0.00615762 -0.085 -0.0211243
         vertex -0.00603891 -0.085 -0.020353
         vertex -0.00603891 -0.094 -0.020353
      endloop
   endfacet
   facet normal 0.906308 -2.9325e-16 0.422618
      outer loop
         vertex -0.00597214 -0.085 -0.0218823
         vertex -0.00615762 -0.085 -0.0211243
         vertex -0.00615762 -0.094 -0.0211243
      endloop
   endfacet
   facet normal 0.67559 -5.11589e-16 0.737277
      outer loop
         vertex -0.00551071 -0.085 -0.0225116
         vertex -0.00597214 -0.085 -0.0218823
         vertex -0.00597214 -0.094 -0.0218823
      endloop
   endfacet
   facet normal 0.627684 -8.67362e-16 0.778468
      outer loop
         vertex -0.00540177 -0.085 -0.0225777
         vertex -0.00551071 -0.085 -0.0225116
         vertex -0.00551071 -0.094 -0.0225116
      endloop
   endfacet
   facet normal 0.737277 4.68785e-16 -0.67559
      outer loop
         vertex 0.00223238 -0.094 0.00192705
         vertex 0.00182755 -0.094 0.00125991
         vertex 0.00182755 -0.085 0.00125991
      endloop
   endfacet
   facet normal 0.422618 6.28877e-16 -0.906308
      outer loop
         vertex 0.0028617 -0.094 0.00238849
         vertex 0.00223238 -0.094 0.00192705
         vertex 0.00239414 -0.085 0.00204566
      endloop
   endfacet
   facet normal 0.737277 4.68785e-16 -0.67559
      outer loop
         vertex 0.00223238 -0.094 0.00192705
         vertex 0.00223238 -0.085 0.00192705
         vertex 0.00239414 -0.085 0.00204566
      endloop
   endfacet
   facet normal 0.0436194 6.93229e-16 -0.999048
      outer loop
         vertex 0.0036197 -0.094 0.00257397
         vertex 0.0028617 -0.094 0.00238849
         vertex 0.0028617 -0.085 0.00238849
      endloop
   endfacet
   facet normal -0.34202 6.52043e-16 -0.939693
      outer loop
         vertex 0.00439098 -0.094 0.00245526
         vertex 0.0036197 -0.094 0.00257397
         vertex 0.0036197 -0.085 0.00257397
      endloop
   endfacet
   facet normal 0.0436194 6.93229e-16 -0.999048
      outer loop
         vertex 0.0036197 -0.085 0.00257397
         vertex 0.00439098 -0.085 0.00245526
         vertex 0.00439098 -0.094 0.00245526
      endloop
   endfacet
   facet normal 0.422618 6.28877e-16 -0.906308
      outer loop
         vertex 0.0028617 -0.085 0.00238849
         vertex 0.0036197 -0.085 0.00257397
         vertex 0.0036197 -0.094 0.00257397
      endloop
   endfacet
   facet normal 0.666153 8.67362e-16 -0.745815
      outer loop
         vertex 0.00239414 -0.085 0.00204566
         vertex 0.0028617 -0.085 0.00238849
         vertex 0.0028617 -0.094 0.00238849
      endloop
   endfacet
   facet normal 0.939693 2.37324e-16 -0.34202
      outer loop
         vertex 0.00182755 -0.085 0.00125991
         vertex 0.00223238 -0.085 0.00192705
         vertex 0.00223238 -0.094 0.00192705
      endloop
   endfacet
   facet normal 0 1 6.93889e-16
      outer loop
         vertex 0.00239414 -0.085 0.0155
         vertex 0.0116261 -0.085 0.0155
         vertex 0.0116261 -0.085 0.00636924
      endloop
   endfacet
   facet normal 0 1 6.93889e-16
      outer loop
         vertex 0.0116261 -0.085 0.0155
         vertex 0.0463 -0.085 0.0155
         vertex 0.0463 -0.085 0.00636924
      endloop
   endfacet
   facet normal 0 1 6.93889e-16
      outer loop
         vertex -0.009 -0.085 0.00636924
         vertex -0.00677976 -0.085 0.00636924
         vertex -0.00677976 -0.085 0.00331924
      endloop
   endfacet
   facet normal 0 1 6.93889e-16
      outer loop
         vertex -0.00677976 -0.085 0.00636924
         vertex -0.00540177 -0.085 0.00636924
         vertex -0.00540177 -0.085 0.00331924
      endloop
   endfacet
   facet normal 0 1 6.93889e-16
      outer loop
         vertex -0.00540177 -0.085 0.00636924
         vertex 0.00239414 -0.085 0.00636924
         vertex 0.00239414 -0.085 0.00331924
      endloop
   endfacet
   facet normal 0 1 6.93889e-16
      outer loop
         vertex 0.00239414 -0.085 0.00636924
         vertex 0.0116261 -0.085 0.00636924
         vertex 0.0116261 -0.085 0.00331924
      endloop
   endfacet
   facet normal 0 1 6.93889e-16
      outer loop
         vertex 0.0463 -0.085 0.00636924
         vertex 0.058 -0.085 0.00636924
         vertex 0.058 -0.085 0.00331924
      endloop
   endfacet
   facet normal 0 1 6.93889e-16
      outer loop
         vertex -0.009 -0.085 0.00331924
         vertex -0.00677976 -0.085 0.00331924
         vertex -0.00677976 -0.085 -0.00263076
      endloop
   endfacet
   facet normal 0 1 6.93889e-16
      outer loop
         vertex -0.00677976 -0.085 0.00331924
         vertex -0.00540177 -0.085 0.00331924
         vertex -0.00540177 -0.085 -0.00263076
      endloop
   endfacet
   facet normal 0 1 6.93889e-16
      outer loop
         vertex 0.0463 -0.085 0.00331924
         vertex 0.058 -0.085 0.00331924
         vertex 0.058 -0.085 -0.00263076
      endloop
   endfacet
   facet normal 0 1 6.93889e-16
      outer loop
         vertex 0.00239414 -0.085 -0.0311982
         vertex 0.0116261 -0.085 -0.0311982
         vertex 0.0116261 -0.085 -0.033
      endloop
   endfacet
   facet normal 0 1 6.93889e-16
      outer loop
         vertex -0.00677976 -0.085 -0.00263076
         vertex -0.00540177 -0.085 -0.00263076
         vertex -0.006 -0.085 -0.0061
      endloop
   endfacet
   facet normal 0 1 6.93889e-16
      outer loop
         vertex -0.006 -0.085 -0.0061
         vertex -0.00653576 -0.085 -0.00620657
         vertex -0.00677976 -0.085 -0.00263076
      endloop
   endfacet
   facet normal 0 1 6.93889e-16
      outer loop
         vertex -0.00540177 -0.085 -0.00263076
         vertex -0.00540177 -0.085 -0.00624831
         vertex -0.00546424 -0.085 -0.00620657
      endloop
   endfacet
   facet normal 0 1 6.93889e-16
      outer loop
         vertex -0.00546424 -0.085 -0.00620657
         vertex -0.006 -0.085 -0.0061
         vertex -0.00540177 -0.085 -0.00263076
      endloop
   endfacet
   facet normal 0 1 6.93889e-16
      outer loop
         vertex -0.00677976 -0.085 0.00636924
         vertex -0.00653576 -0.085 0.00920657
         vertex -0.006 -0.085 0.0091
      endloop
   endfacet
   facet normal 0 1 6.93889e-16
      outer loop
         vertex -0.00540177 -0.085 0.00636924
         vertex -0.006 -0.085 0.0091
         vertex -0.00546424 -0.085 0.00920657
      endloop
   endfacet
   facet normal 0 1 6.93889e-16
      outer loop
         vertex -0.00677976 -0.085 0.00636924
         vertex -0.00677976 -0.085 0.00936961
         vertex -0.00653576 -0.085 0.00920657
      endloop
   endfacet
   facet normal 0 1 6.93889e-16
      outer loop
         vertex -0.006 -0.085 0.0091
         vertex -0.00540177 -0.085 0.00636924
         vertex -0.00677976 -0.085 0.00636924
      endloop
   endfacet
   facet normal 0 1 6.93889e-16
      outer loop
         vertex 0.00239414 -0.085 0.0155
         vertex -0.00501005 -0.085 0.0114899
         vertex -0.00540177 -0.085 0.0117517
      endloop
   endfacet
   facet normal 0 1 6.93889e-16
      outer loop
         vertex 0.00239414 -0.085 0.0155
         vertex 0.00239414 -0.085 0.00636924
         vertex -0.0046 -0.085 0.0105
      endloop
   endfacet
   facet normal 0 1 6.93889e-16
      outer loop
         vertex 0.00239414 -0.085 0.0155
         vertex -0.00470657 -0.085 0.0110358
         vertex -0.00501005 -0.085 0.0114899
      endloop
   endfacet
   facet normal 0 1 6.93889e-16
      outer loop
         vertex 0.00239414 -0.085 0.00636924
         vertex -0.00470657 -0.085 0.00996424
         vertex -0.0046 -0.085 0.0105
      endloop
   endfacet
   facet normal 0 1 6.93889e-16
      outer loop
         vertex 0.00239414 -0.085 0.00636924
         vertex -0.00540177 -0.085 0.00636924
         vertex -0.00540177 -0.085 0.00924831
      endloop
   endfacet
   facet normal 0 1 6.93889e-16
      outer loop
         vertex -0.0046 -0.085 0.0105
         vertex -0.00470657 -0.085 0.0110358
         vertex 0.00239414 -0.085 0.0155
      endloop
   endfacet
   facet normal 0 1 6.93889e-16
      outer loop
         vertex -0.00540177 -0.085 0.00924831
         vertex -0.00501005 -0.085 0.00951005
         vertex 0.00239414 -0.085 0.00636924
      endloop
   endfacet
   facet normal 0 1 6.93889e-16
      outer loop
         vertex -0.00501005 -0.085 0.00951005
         vertex -0.00470657 -0.085 0.00996424
         vertex 0.00239414 -0.085 0.00636924
      endloop
   endfacet
   facet normal 0 1 6.93889e-16
      outer loop
         vertex -0.00677976 -0.085 0.0155
         vertex -0.00540177 -0.085 0.0155
         vertex -0.006 -0.085 0.0119
      endloop
   endfacet
   facet normal 0 1 6.93889e-16
      outer loop
         vertex -0.00540177 -0.085 0.0155
         vertex -0.00546424 -0.085 0.0117934
         vertex -0.006 -0.085 0.0119
      endloop
   endfacet
   facet normal 0 1 6.93889e-16
      outer loop
         vertex -0.00540177 -0.085 0.0155
         vertex -0.00540177 -0.085 0.0117517
         vertex -0.00546424 -0.085 0.0117934
      endloop
   endfacet
   facet normal 0 1 6.93889e-16
      outer loop
         vertex -0.006 -0.085 0.0119
         vertex -0.00653576 -0.085 0.0117934
         vertex -0.00677976 -0.085 0.0155
      endloop
   endfacet
   facet normal 0 1 6.93889e-16
      outer loop
         vertex 0.0463 -0.085 -0.00263076
         vertex 0.0463 -0.085 -0.0192239
         vertex 0.0389958 -0.085 -0.0118476
      endloop
   endfacet
   facet normal 0 1 6.93889e-16
      outer loop
         vertex 0.0389958 -0.085 -0.0118476
         vertex 0.0380117 -0.085 -0.00623837
         vertex 0.0463 -0.085 -0.00263076
      endloop
   endfacet
   facet normal 0 1 6.93889e-16
      outer loop
         vertex 0.0463 -0.085 -0.0192239
         vertex 0.0377439 -0.085 -0.0174032
         vertex 0.0389958 -0.085 -0.0118476
      endloop
   endfacet
   facet normal 0 1 6.93889e-16
      outer loop
         vertex 0.0463 -0.085 -0.0192239
         vertex 0.0364525 -0.085 -0.0192239
         vertex 0.0377439 -0.085 -0.0174032
      endloop
   endfacet
   facet normal 0 1 6.93889e-16
      outer loop
         vertex 0.00239414 -0.085 0.00331924
         vertex 0.0116261 -0.085 0.00331924
         vertex 0.00439098 -0.085 0.00245526
      endloop
   endfacet
   facet normal 0 1 6.93889e-16
      outer loop
         vertex 0.00239414 -0.085 0.00331924
         vertex 0.0036197 -0.085 0.00257397
         vertex 0.0028617 -0.085 0.00238849
      endloop
   endfacet
   facet normal 0 1 6.93889e-16
      outer loop
         vertex 0.0116261 -0.085 0.00331924
         vertex 0.0116261 -0.085 -0.000178113
         vertex 0.00439098 -0.085 0.00245526
      endloop
   endfacet
   facet normal 0 1 6.93889e-16
      outer loop
         vertex 0.00439098 -0.085 0.00245526
         vertex 0.0036197 -0.085 0.00257397
         vertex 0.00239414 -0.085 0.00331924
      endloop
   endfacet
   facet normal 0 1 6.93889e-16
      outer loop
         vertex -0.00540177 -0.085 0.00331924
         vertex 0.00182755 -0.085 0.00125991
         vertex 0.000411461 -0.085 -0.00263076
      endloop
   endfacet
   facet normal 0 1 6.93889e-16
      outer loop
         vertex -0.00540177 -0.085 0.00331924
         vertex 0.00223238 -0.085 0.00192705
         vertex 0.00182755 -0.085 0.00125991
      endloop
   endfacet
   facet normal 0 1 6.93889e-16
      outer loop
         vertex 0.00239414 -0.085 0.00331924
         vertex 0.00239414 -0.085 0.00204566
         vertex 0.00223238 -0.085 0.00192705
      endloop
   endfacet
   facet normal 0 1 6.93889e-16
      outer loop
         vertex 0.00223238 -0.085 0.00192705
         vertex -0.00540177 -0.085 0.00331924
         vertex 0.00239414 -0.085 0.00331924
      endloop
   endfacet
   facet normal 0 1 6.93889e-16
      outer loop
         vertex 0.000411461 -0.085 -0.00263076
         vertex -0.00501005 -0.085 -0.00651005
         vertex -0.00540177 -0.085 -0.00624831
      endloop
   endfacet
   facet normal 0 1 6.93889e-16
      outer loop
         vertex 0.000411461 -0.085 -0.00263076
         vertex -0.00470657 -0.085 -0.00696424
         vertex -0.00501005 -0.085 -0.00651005
      endloop
   endfacet
   facet normal 0 1 6.93889e-16
      outer loop
         vertex 0.000411461 -0.085 -0.00263076
         vertex -0.00470657 -0.085 -0.00803576
         vertex -0.0046 -0.085 -0.0075
      endloop
   endfacet
   facet normal 0 1 6.93889e-16
      outer loop
         vertex -0.00540177 -0.085 -0.0186025
         vertex -0.00501005 -0.085 -0.00848995
         vertex -0.00470657 -0.085 -0.00803576
      endloop
   endfacet
   facet normal 0 1 6.93889e-16
      outer loop
         vertex -0.0046 -0.085 -0.0075
         vertex -0.00470657 -0.085 -0.00696424
         vertex 0.000411461 -0.085 -0.00263076
      endloop
   endfacet
   facet normal 0 1 6.93889e-16
      outer loop
         vertex -0.00540177 -0.085 -0.0186025
         vertex -0.00540177 -0.085 -0.00875169
         vertex -0.00501005 -0.085 -0.00848995
      endloop
   endfacet
   facet normal 0 1 6.93889e-16
      outer loop
         vertex -0.00470657 -0.085 -0.00803576
         vertex 0.000411461 -0.085 -0.00263076
         vertex -0.00540177 -0.085 -0.0186025
      endloop
   endfacet
   facet normal 0 1 6.93889e-16
      outer loop
         vertex -0.00677976 -0.085 -0.0192239
         vertex -0.00653576 -0.085 -0.00879343
         vertex -0.006 -0.085 -0.0089
      endloop
   endfacet
   facet normal 0 1 6.93889e-16
      outer loop
         vertex -0.006 -0.085 -0.0089
         vertex -0.00546424 -0.085 -0.00879343
         vertex -0.00540177 -0.085 -0.0186025
      endloop
   endfacet
   facet normal 0 1 6.93889e-16
      outer loop
         vertex -0.00677976 -0.085 -0.0192239
         vertex -0.00677976 -0.085 -0.00863039
         vertex -0.00653576 -0.085 -0.00879343
      endloop
   endfacet
   facet normal 0 1 6.93889e-16
      outer loop
         vertex -0.006 -0.085 -0.0089
         vertex -0.00562796 -0.085 -0.0192239
         vertex -0.00677976 -0.085 -0.0192239
      endloop
   endfacet
   facet normal 0 1 6.93889e-16
      outer loop
         vertex -0.00540177 -0.085 -0.0186025
         vertex -0.00562796 -0.085 -0.0192239
         vertex -0.006 -0.085 -0.0089
      endloop
   endfacet
   facet normal 0 1 6.93889e-16
      outer loop
         vertex 0.00239414 -0.085 -0.0311982
         vertex 0.00239414 -0.085 -0.0255508
         vertex 0.0116261 -0.085 -0.0289109
      endloop
   endfacet
   facet normal 0 1 6.93889e-16
      outer loop
         vertex 0.0463 -0.085 -0.0311982
         vertex 0.0159494 -0.085 -0.0298611
         vertex 0.0240003 -0.085 -0.0259914
      endloop
   endfacet
   facet normal 0 1 6.93889e-16
      outer loop
         vertex 0.0463 -0.085 -0.0311982
         vertex 0.0116261 -0.085 -0.0311982
         vertex 0.0151914 -0.085 -0.0300466
      endloop
   endfacet
   facet normal 0 1 6.93889e-16
      outer loop
         vertex 0.0151914 -0.085 -0.0300466
         vertex 0.0159494 -0.085 -0.0298611
         vertex 0.0463 -0.085 -0.0311982
      endloop
   endfacet
   facet normal 0 1 6.93889e-16
      outer loop
         vertex 0.0116261 -0.085 -0.0311982
         vertex 0.0116261 -0.085 -0.0289109
         vertex 0.0144201 -0.085 -0.0299279
      endloop
   endfacet
   facet normal 0 1 6.93889e-16
      outer loop
         vertex 0.0240003 -0.085 -0.0259914
         vertex 0.0165787 -0.085 -0.0293997
         vertex 0.0169836 -0.085 -0.0287325
      endloop
   endfacet
   facet normal 0 1 6.93889e-16
      outer loop
         vertex 0.0144201 -0.085 -0.0299279
         vertex 0.0151914 -0.085 -0.0300466
         vertex 0.0116261 -0.085 -0.0311982
      endloop
   endfacet
   facet normal 0 1 6.93889e-16
      outer loop
         vertex 0.0240003 -0.085 -0.0259914
         vertex 0.0159494 -0.085 -0.0298611
         vertex 0.0165787 -0.085 -0.0293997
      endloop
   endfacet
   facet normal 0 1 6.93889e-16
      outer loop
         vertex 0.0169836 -0.085 -0.0287325
         vertex 0.0184581 -0.085 -0.0246813
         vertex 0.0240003 -0.085 -0.0259914
      endloop
   endfacet
   facet normal 0 1 6.93889e-16
      outer loop
         vertex 0.0463 -0.085 -0.0311982
         vertex 0.0344491 -0.085 -0.0220483
         vertex 0.0364525 -0.085 -0.0192239
      endloop
   endfacet
   facet normal 0 1 6.93889e-16
      outer loop
         vertex 0.0240003 -0.085 -0.0259914
         vertex 0.0296195 -0.085 -0.0250661
         vertex 0.0463 -0.085 -0.0311982
      endloop
   endfacet
   facet normal 0 1 6.93889e-16
      outer loop
         vertex 0.0296195 -0.085 -0.0250661
         vertex 0.0344491 -0.085 -0.0220483
         vertex 0.0463 -0.085 -0.0311982
      endloop
   endfacet
   facet normal 0 1 6.93889e-16
      outer loop
         vertex 0.0116261 -0.085 0.00636924
         vertex 0.0463 -0.085 0.00636924
         vertex 0.0157557 -0.085 0.0035319
      endloop
   endfacet
   facet normal 0 1 6.93889e-16
      outer loop
         vertex 0.0157557 -0.085 0.0035319
         vertex 0.0152199 -0.085 0.00363847
         vertex 0.0116261 -0.085 0.00636924
      endloop
   endfacet
   facet normal 0 1 6.93889e-16
      outer loop
         vertex 0.0463 -0.085 0.00636924
         vertex 0.0463 -0.085 0.00331924
         vertex 0.0160739 -0.085 0.00331924
      endloop
   endfacet
   facet normal 0 1 6.93889e-16
      outer loop
         vertex 0.0116261 -0.085 0.00636924
         vertex 0.0146841 -0.085 0.0035319
         vertex 0.0143659 -0.085 0.00331924
      endloop
   endfacet
   facet normal 0 1 6.93889e-16
      outer loop
         vertex 0.0160739 -0.085 0.00331924
         vertex 0.0157557 -0.085 0.0035319
         vertex 0.0463 -0.085 0.00636924
      endloop
   endfacet
   facet normal 0 1 6.93889e-16
      outer loop
         vertex 0.0152199 -0.085 0.00363847
         vertex 0.0146841 -0.085 0.0035319
         vertex 0.0116261 -0.085 0.00636924
      endloop
   endfacet
   facet normal 0 1 6.93889e-16
      outer loop
         vertex 0.0143317 -0.085 -0.00116288
         vertex 0.0157557 -0.085 0.000945042
         vertex 0.0162098 -0.085 0.00124852
      endloop
   endfacet
   facet normal 0 1 6.93889e-16
      outer loop
         vertex 0.0190969 -0.085 0.00195571
         vertex 0.0165133 -0.085 0.00170272
         vertex 0.0166199 -0.085 0.00223847
      endloop
   endfacet
   facet normal 0 1 6.93889e-16
      outer loop
         vertex 0.0162098 -0.085 0.00124852
         vertex 0.0190969 -0.085 0.00195571
         vertex 0.0143317 -0.085 -0.00116288
      endloop
   endfacet
   facet normal 0 1 6.93889e-16
      outer loop
         vertex 0.0116261 -0.085 -0.000178113
         vertex 0.0116261 -0.085 0.00331924
         vertex 0.0138199 -0.085 0.00223847
      endloop
   endfacet
   facet normal 0 1 6.93889e-16
      outer loop
         vertex 0.0190969 -0.085 0.00195571
         vertex 0.0165133 -0.085 0.00277423
         vertex 0.0162098 -0.085 0.00322842
      endloop
   endfacet
   facet normal 0 1 6.93889e-16
      outer loop
         vertex 0.0162098 -0.085 0.00124852
         vertex 0.0165133 -0.085 0.00170272
         vertex 0.0190969 -0.085 0.00195571
      endloop
   endfacet
   facet normal 0 1 6.93889e-16
      outer loop
         vertex 0.0143317 -0.085 -0.00116288
         vertex 0.0116261 -0.085 -0.000178113
         vertex 0.0142299 -0.085 0.00124852
      endloop
   endfacet
   facet normal 0 1 6.93889e-16
      outer loop
         vertex 0.0138199 -0.085 0.00223847
         vertex 0.0139265 -0.085 0.00170272
         vertex 0.0116261 -0.085 -0.000178113
      endloop
   endfacet
   facet normal 0 1 6.93889e-16
      outer loop
         vertex 0.0116261 -0.085 0.00331924
         vertex 0.0143659 -0.085 0.00331924
         vertex 0.0142299 -0.085 0.00322842
      endloop
   endfacet
   facet normal 0 1 6.93889e-16
      outer loop
         vertex 0.0166199 -0.085 0.00223847
         vertex 0.0165133 -0.085 0.00277423
         vertex 0.0190969 -0.085 0.00195571
      endloop
   endfacet
   facet normal 0 1 6.93889e-16
      outer loop
         vertex 0.0143317 -0.085 -0.00116288
         vertex 0.0146841 -0.085 0.000945042
         vertex 0.0152199 -0.085 0.000838473
      endloop
   endfacet
   facet normal 0 1 6.93889e-16
      outer loop
         vertex 0.0139265 -0.085 0.00170272
         vertex 0.0142299 -0.085 0.00124852
         vertex 0.0116261 -0.085 -0.000178113
      endloop
   endfacet
   facet normal 0 1 6.93889e-16
      outer loop
         vertex 0.0142299 -0.085 0.00322842
         vertex 0.0139265 -0.085 0.00277423
         vertex 0.0116261 -0.085 0.00331924
      endloop
   endfacet
   facet normal 0 1 6.93889e-16
      outer loop
         vertex 0.0160739 -0.085 0.00331924
         vertex 0.0463 -0.085 0.00331924
         vertex 0.0246955 -0.085 0.00299868
      endloop
   endfacet
   facet normal 0 1 6.93889e-16
      outer loop
         vertex 0.0463 -0.085 0.00331924
         vertex 0.0463 -0.085 -0.00263076
         vertex 0.0357044 -0.085 -0.00263076
      endloop
   endfacet
   facet normal 0 1 6.93889e-16
      outer loop
         vertex 0.0152199 -0.085 0.000838473
         vertex 0.0157557 -0.085 0.000945042
         vertex 0.0143317 -0.085 -0.00116288
      endloop
   endfacet
   facet normal 0 1 6.93889e-16
      outer loop
         vertex 0.0139265 -0.085 0.00277423
         vertex 0.0138199 -0.085 0.00223847
         vertex 0.0116261 -0.085 0.00331924
      endloop
   endfacet
   facet normal 0 1 6.93889e-16
      outer loop
         vertex 0.0463 -0.085 0.00331924
         vertex 0.0302639 -0.085 0.00180516
         vertex 0.0246955 -0.085 0.00299868
      endloop
   endfacet
   facet normal 0 1 6.93889e-16
      outer loop
         vertex 0.0357044 -0.085 -0.00263076
         vertex 0.0349433 -0.085 -0.00144076
         vertex 0.0463 -0.085 0.00331924
      endloop
   endfacet
   facet normal 0 1 6.93889e-16
      outer loop
         vertex 0.0142299 -0.085 0.00124852
         vertex 0.0146841 -0.085 0.000945042
         vertex 0.0143317 -0.085 -0.00116288
      endloop
   endfacet
   facet normal 0 1 6.93889e-16
      outer loop
         vertex 0.0349433 -0.085 -0.00144076
         vertex 0.0302639 -0.085 0.00180516
         vertex 0.0463 -0.085 0.00331924
      endloop
   endfacet
   facet normal 0 1 6.93889e-16
      outer loop
         vertex 0.0246955 -0.085 0.00299868
         vertex 0.0190969 -0.085 0.00195571
         vertex 0.0160739 -0.085 0.00331924
      endloop
   endfacet
   facet normal 0 1 6.93889e-16
      outer loop
         vertex -0.00377977 -0.085 -0.0296544
         vertex -0.00540177 -0.085 -0.0225777
         vertex -0.00484357 -0.085 -0.0229164
      endloop
   endfacet
   facet normal 0 1 6.93889e-16
      outer loop
         vertex -0.00484357 -0.085 -0.0229164
         vertex 0.00239414 -0.085 -0.0255508
         vertex -0.00270826 -0.085 -0.0296544
      endloop
   endfacet
   facet normal 0 1 6.93889e-16
      outer loop
         vertex 0.00239414 -0.085 -0.0311982
         vertex -0.00184401 -0.085 -0.0309479
         vertex -0.00195058 -0.085 -0.0304121
      endloop
   endfacet
   facet normal 0 1 6.93889e-16
      outer loop
         vertex -0.00540177 -0.085 -0.0225777
         vertex -0.00377977 -0.085 -0.0296544
         vertex -0.00423396 -0.085 -0.0299579
      endloop
   endfacet
   facet normal 0 1 6.93889e-16
      outer loop
         vertex -0.00270826 -0.085 -0.0296544
         vertex -0.00324401 -0.085 -0.0295479
         vertex -0.00484357 -0.085 -0.0229164
      endloop
   endfacet
   facet normal 0 1 6.93889e-16
      outer loop
         vertex -0.00195058 -0.085 -0.0304121
         vertex 0.00239414 -0.085 -0.0255508
         vertex 0.00239414 -0.085 -0.0311982
      endloop
   endfacet
   facet normal 0 1 6.93889e-16
      outer loop
         vertex -0.00540177 -0.085 -0.0311982
         vertex -0.00540177 -0.085 -0.0225777
         vertex -0.00453745 -0.085 -0.0304121
      endloop
   endfacet
   facet normal 0 1 6.93889e-16
      outer loop
         vertex -0.00484357 -0.085 -0.0229164
         vertex -0.00324401 -0.085 -0.0295479
         vertex -0.00377977 -0.085 -0.0296544
      endloop
   endfacet
   facet normal 0 1 6.93889e-16
      outer loop
         vertex -0.00195058 -0.085 -0.0304121
         vertex -0.00225407 -0.085 -0.0299579
         vertex 0.00239414 -0.085 -0.0255508
      endloop
   endfacet
   facet normal 0 1 6.93889e-16
      outer loop
         vertex -0.00453745 -0.085 -0.0304121
         vertex -0.00464401 -0.085 -0.0309479
         vertex -0.00540177 -0.085 -0.0311982
      endloop
   endfacet
   facet normal 0 1 6.93889e-16
      outer loop
         vertex -0.00225407 -0.085 -0.0299579
         vertex -0.00270826 -0.085 -0.0296544
         vertex 0.00239414 -0.085 -0.0255508
      endloop
   endfacet
   facet normal 0 1 6.93889e-16
      outer loop
         vertex -0.00423396 -0.085 -0.0299579
         vertex -0.00453745 -0.085 -0.0304121
         vertex -0.00540177 -0.085 -0.0225777
      endloop
   endfacet
   facet normal 0 1 6.93889e-16
      outer loop
         vertex 0.00239414 -0.085 -0.0311982
         vertex -0.0018938 -0.085 -0.0311982
         vertex -0.00184401 -0.085 -0.0309479
      endloop
   endfacet
   facet normal 0 1 6.93889e-16
      outer loop
         vertex 0.0555358 -0.085 0.0117934
         vertex 0.0575 -0.085 0.0155
         vertex 0.058 -0.085 0.015
      endloop
   endfacet
   facet normal 0 1 6.93889e-16
      outer loop
         vertex 0.058 -0.085 0.015
         vertex 0.0562934 -0.085 0.0110358
         vertex 0.0559899 -0.085 0.0114899
      endloop
   endfacet
   facet normal 0 1 6.93889e-16
      outer loop
         vertex 0.058 -0.085 0.015
         vertex 0.058 -0.085 0.00636924
         vertex 0.0564 -0.085 0.0105
      endloop
   endfacet
   facet normal 0 1 6.93889e-16
      outer loop
         vertex 0.058 -0.085 0.00636924
         vertex 0.0463 -0.085 0.00636924
         vertex 0.0544642 -0.085 0.00920657
      endloop
   endfacet
   facet normal 0 1 6.93889e-16
      outer loop
         vertex 0.058 -0.085 0.015
         vertex 0.0559899 -0.085 0.0114899
         vertex 0.0555358 -0.085 0.0117934
      endloop
   endfacet
   facet normal 0 1 6.93889e-16
      outer loop
         vertex 0.058 -0.085 0.00636924
         vertex 0.0562934 -0.085 0.00996424
         vertex 0.0564 -0.085 0.0105
      endloop
   endfacet
   facet normal 0 1 6.93889e-16
      outer loop
         vertex 0.058 -0.085 0.00636924
         vertex 0.055 -0.085 0.0091
         vertex 0.0555358 -0.085 0.00920657
      endloop
   endfacet
   facet normal 0 1 6.93889e-16
      outer loop
         vertex 0.0463 -0.085 0.00636924
         vertex 0.0540101 -0.085 0.00951005
         vertex 0.0544642 -0.085 0.00920657
      endloop
   endfacet
   facet normal 0 1 6.93889e-16
      outer loop
         vertex 0.0463 -0.085 0.0155
         vertex 0.0537066 -0.085 0.0110358
         vertex 0.0536 -0.085 0.0105
      endloop
   endfacet
   facet normal 0 1 6.93889e-16
      outer loop
         vertex 0.0564 -0.085 0.0105
         vertex 0.0562934 -0.085 0.0110358
         vertex 0.058 -0.085 0.015
      endloop
   endfacet
   facet normal 0 1 6.93889e-16
      outer loop
         vertex 0.0555358 -0.085 0.00920657
         vertex 0.0559899 -0.085 0.00951005
         vertex 0.058 -0.085 0.00636924
      endloop
   endfacet
   facet normal 0 1 6.93889e-16
      outer loop
         vertex 0.0463 -0.085 0.00636924
         vertex 0.0537066 -0.085 0.00996424
         vertex 0.0540101 -0.085 0.00951005
      endloop
   endfacet
   facet normal 0 1 6.93889e-16
      outer loop
         vertex 0.0536 -0.085 0.0105
         vertex 0.0463 -0.085 0.00636924
         vertex 0.0463 -0.085 0.0155
      endloop
   endfacet
   facet normal 0 1 6.93889e-16
      outer loop
         vertex 0.0559899 -0.085 0.00951005
         vertex 0.0562934 -0.085 0.00996424
         vertex 0.058 -0.085 0.00636924
      endloop
   endfacet
   facet normal 0 1 6.93889e-16
      outer loop
         vertex 0.0536 -0.085 0.0105
         vertex 0.0537066 -0.085 0.00996424
         vertex 0.0463 -0.085 0.00636924
      endloop
   endfacet
   facet normal 0 1 6.93889e-16
      outer loop
         vertex 0.0463 -0.085 0.0155
         vertex 0.0544642 -0.085 0.0117934
         vertex 0.0540101 -0.085 0.0114899
      endloop
   endfacet
   facet normal 0 1 6.93889e-16
      outer loop
         vertex 0.0575 -0.085 0.0155
         vertex 0.055 -0.085 0.0119
         vertex 0.0544642 -0.085 0.0117934
      endloop
   endfacet
   facet normal 0 1 6.93889e-16
      outer loop
         vertex 0.0544642 -0.085 0.00920657
         vertex 0.055 -0.085 0.0091
         vertex 0.058 -0.085 0.00636924
      endloop
   endfacet
   facet normal 0 1 6.93889e-16
      outer loop
         vertex 0.0544642 -0.085 0.0117934
         vertex 0.0463 -0.085 0.0155
         vertex 0.0575 -0.085 0.0155
      endloop
   endfacet
   facet normal 0 1 6.93889e-16
      outer loop
         vertex 0.0540101 -0.085 0.0114899
         vertex 0.0537066 -0.085 0.0110358
         vertex 0.0463 -0.085 0.0155
      endloop
   endfacet
   facet normal 0 1 6.93889e-16
      outer loop
         vertex 0.058 -0.085 -0.00263076
         vertex 0.0562934 -0.085 -0.00696424
         vertex 0.0559899 -0.085 -0.00651005
      endloop
   endfacet
   facet normal 0 1 6.93889e-16
      outer loop
         vertex 0.058 -0.085 -0.00263076
         vertex 0.058 -0.085 -0.0115
         vertex 0.0564 -0.085 -0.0075
      endloop
   endfacet
   facet normal 0 1 6.93889e-16
      outer loop
         vertex 0.0559899 -0.085 -0.00651005
         vertex 0.0555358 -0.085 -0.00620657
         vertex 0.058 -0.085 -0.00263076
      endloop
   endfacet
   facet normal 0 1 6.93889e-16
      outer loop
         vertex 0.058 -0.085 -0.0115
         vertex 0.0562934 -0.085 -0.00803576
         vertex 0.0564 -0.085 -0.0075
      endloop
   endfacet
   facet normal 0 1 6.93889e-16
      outer loop
         vertex 0.0555358 -0.085 -0.00879343
         vertex 0.0559899 -0.085 -0.00848995
         vertex 0.058 -0.085 -0.0115
      endloop
   endfacet
   facet normal 0 1 6.93889e-16
      outer loop
         vertex 0.0564 -0.085 -0.0075
         vertex 0.0562934 -0.085 -0.00696424
         vertex 0.058 -0.085 -0.00263076
      endloop
   endfacet
   facet normal 0 1 6.93889e-16
      outer loop
         vertex 0.058 -0.085 -0.0115
         vertex 0.0570815 -0.085 -0.017741
         vertex 0.0555358 -0.085 -0.00879343
      endloop
   endfacet
   facet normal 0 1 6.93889e-16
      outer loop
         vertex 0.055 -0.085 -0.0089
         vertex 0.0555358 -0.085 -0.00879343
         vertex 0.0570815 -0.085 -0.017741
      endloop
   endfacet
   facet normal 0 1 6.93889e-16
      outer loop
         vertex 0.0563322 -0.085 -0.0192239
         vertex 0.0463 -0.085 -0.0192239
         vertex 0.0544642 -0.085 -0.00879343
      endloop
   endfacet
   facet normal 0 1 6.93889e-16
      outer loop
         vertex 0.0559899 -0.085 -0.00848995
         vertex 0.0562934 -0.085 -0.00803576
         vertex 0.058 -0.085 -0.0115
      endloop
   endfacet
   facet normal 0 1 6.93889e-16
      outer loop
         vertex 0.0544642 -0.085 -0.00879343
         vertex 0.055 -0.085 -0.0089
         vertex 0.0563322 -0.085 -0.0192239
      endloop
   endfacet
   facet normal 0 1 6.93889e-16
      outer loop
         vertex 0.0463 -0.085 -0.00263076
         vertex 0.0536 -0.085 -0.0075
         vertex 0.0537066 -0.085 -0.00803576
      endloop
   endfacet
   facet normal 0 1 6.93889e-16
      outer loop
         vertex 0.0463 -0.085 -0.00263076
         vertex 0.0544642 -0.085 -0.00620657
         vertex 0.0540101 -0.085 -0.00651005
      endloop
   endfacet
   facet normal 0 1 6.93889e-16
      outer loop
         vertex 0.058 -0.085 -0.00263076
         vertex 0.055 -0.085 -0.0061
         vertex 0.0544642 -0.085 -0.00620657
      endloop
   endfacet
   facet normal 0 1 6.93889e-16
      outer loop
         vertex 0.0570815 -0.085 -0.017741
         vertex 0.0563322 -0.085 -0.0192239
         vertex 0.055 -0.085 -0.0089
      endloop
   endfacet
   facet normal 0 1 6.93889e-16
      outer loop
         vertex 0.0463 -0.085 -0.0192239
         vertex 0.0537066 -0.085 -0.00803576
         vertex 0.0540101 -0.085 -0.00848995
      endloop
   endfacet
   facet normal 0 1 6.93889e-16
      outer loop
         vertex 0.0463 -0.085 -0.00263076
         vertex 0.0537066 -0.085 -0.00696424
         vertex 0.0536 -0.085 -0.0075
      endloop
   endfacet
   facet normal 0 1 6.93889e-16
      outer loop
         vertex 0.0544642 -0.085 -0.00620657
         vertex 0.0463 -0.085 -0.00263076
         vertex 0.058 -0.085 -0.00263076
      endloop
   endfacet
   facet normal 0 1 6.93889e-16
      outer loop
         vertex 0.0540101 -0.085 -0.00848995
         vertex 0.0544642 -0.085 -0.00879343
         vertex 0.0463 -0.085 -0.0192239
      endloop
   endfacet
   facet normal 0 1 6.93889e-16
      outer loop
         vertex 0.0540101 -0.085 -0.00651005
         vertex 0.0537066 -0.085 -0.00696424
         vertex 0.0463 -0.085 -0.00263076
      endloop
   endfacet
   facet normal 0 1 6.93889e-16
      outer loop
         vertex 0.0537066 -0.085 -0.00803576
         vertex 0.0463 -0.085 -0.0192239
         vertex 0.0463 -0.085 -0.00263076
      endloop
   endfacet
   facet normal 0 1 6.93889e-16
      outer loop
         vertex 0.0463 -0.085 -0.0192239
         vertex 0.0529095 -0.085 -0.0259985
         vertex 0.0471849 -0.085 -0.0311982
      endloop
   endfacet
   facet normal 0 1 6.93889e-16
      outer loop
         vertex 0.0463 -0.085 -0.0192239
         vertex 0.0563322 -0.085 -0.0192239
         vertex 0.0529095 -0.085 -0.0259985
      endloop
   endfacet
   facet normal 0 1 6.93889e-16
      outer loop
         vertex 0.0116261 -0.085 -0.0311982
         vertex 0.0463 -0.085 -0.0311982
         vertex 0.0452012 -0.085 -0.033
      endloop
   endfacet
   facet normal 0 1 6.93889e-16
      outer loop
         vertex 0.0463 -0.085 -0.0311982
         vertex 0.0463 -0.085 -0.0320019
         vertex 0.0452012 -0.085 -0.033
      endloop
   endfacet
   facet normal 0 1 6.93889e-16
      outer loop
         vertex 0.0116261 -0.085 -0.033
         vertex 0.0452012 -0.085 -0.033
         vertex 0.0427529 -0.085 -0.0352238
      endloop
   endfacet
   facet normal 0 1 6.93889e-16
      outer loop
         vertex 0.0427529 -0.085 -0.0352238
         vertex 0.0310556 -0.085 -0.0398107
         vertex 0.0116261 -0.085 -0.033
      endloop
   endfacet
   facet normal 0 1 6.93889e-16
      outer loop
         vertex 0.0310556 -0.085 -0.0398107
         vertex 0.023 -0.085 -0.04
         vertex 0.0116261 -0.085 -0.033
      endloop
   endfacet
   facet normal 0 1 6.93889e-16
      outer loop
         vertex 0.0116261 -0.085 -0.033
         vertex 0.00932573 -0.085 -0.0345164
         vertex 0.00902225 -0.085 -0.0340622
      endloop
   endfacet
   facet normal 0 1 6.93889e-16
      outer loop
         vertex 0.0116261 -0.085 -0.0380388
         vertex 0.00932573 -0.085 -0.0355879
         vertex 0.0094323 -0.085 -0.0350521
      endloop
   endfacet
   facet normal 0 1 6.93889e-16
      outer loop
         vertex 0.00902225 -0.085 -0.0340622
         vertex 0.00856805 -0.085 -0.0337587
         vertex 0.0116261 -0.085 -0.033
      endloop
   endfacet
   facet normal 0 1 6.93889e-16
      outer loop
         vertex 0.0094323 -0.085 -0.0350521
         vertex 0.0116261 -0.085 -0.033
         vertex 0.0116261 -0.085 -0.0380388
      endloop
   endfacet
   facet normal 0 1 6.93889e-16
      outer loop
         vertex 0.0094323 -0.085 -0.0350521
         vertex 0.00932573 -0.085 -0.0345164
         vertex 0.0116261 -0.085 -0.033
      endloop
   endfacet
   facet normal 0 1 6.93889e-16
      outer loop
         vertex 0.0116261 -0.085 -0.0380388
         vertex 0.00856805 -0.085 -0.0363456
         vertex 0.00902225 -0.085 -0.0360421
      endloop
   endfacet
   facet normal 0 1 6.93889e-16
      outer loop
         vertex 0.00570135 -0.085 -0.0370172
         vertex 0.00749654 -0.085 -0.0363456
         vertex 0.0080323 -0.085 -0.0364521
      endloop
   endfacet
   facet normal 0 1 6.93889e-16
      outer loop
         vertex 0.00673887 -0.085 -0.0345164
         vertex 0.0066323 -0.085 -0.0350521
         vertex 0.00456386 -0.085 -0.0353078
      endloop
   endfacet
   facet normal 0 1 6.93889e-16
      outer loop
         vertex 0.00902225 -0.085 -0.0360421
         vertex 0.00932573 -0.085 -0.0355879
         vertex 0.0116261 -0.085 -0.0380388
      endloop
   endfacet
   facet normal 0 1 6.93889e-16
      outer loop
         vertex 0.0080323 -0.085 -0.0364521
         vertex 0.0116261 -0.085 -0.0380388
         vertex 0.00570135 -0.085 -0.0370172
      endloop
   endfacet
   facet normal 0 1 6.93889e-16
      outer loop
         vertex 0.00570135 -0.085 -0.0370172
         vertex 0.00456386 -0.085 -0.0353078
         vertex 0.00673887 -0.085 -0.0355879
      endloop
   endfacet
   facet normal 0 1 6.93889e-16
      outer loop
         vertex 0.00456386 -0.085 -0.0353078
         vertex 0.00293382 -0.085 -0.0340592
         vertex 0.00673887 -0.085 -0.0345164
      endloop
   endfacet
   facet normal 0 1 6.93889e-16
      outer loop
         vertex 0.0080323 -0.085 -0.0364521
         vertex 0.00856805 -0.085 -0.0363456
         vertex 0.0116261 -0.085 -0.0380388
      endloop
   endfacet
   facet normal 0 1 6.93889e-16
      outer loop
         vertex 0.00673887 -0.085 -0.0355879
         vertex 0.00704235 -0.085 -0.0360421
         vertex 0.00570135 -0.085 -0.0370172
      endloop
   endfacet
   facet normal 0 1 6.93889e-16
      outer loop
         vertex 0.00293382 -0.085 -0.0340592
         vertex 0.00239414 -0.085 -0.033
         vertex 0.00673887 -0.085 -0.0345164
      endloop
   endfacet
   facet normal 0 1 6.93889e-16
      outer loop
         vertex 0.00704235 -0.085 -0.0360421
         vertex 0.00749654 -0.085 -0.0363456
         vertex 0.00570135 -0.085 -0.0370172
      endloop
   endfacet
   facet normal 0 1 6.93889e-16
      outer loop
         vertex 0.00293382 -0.085 -0.0340592
         vertex 0.00239414 -0.085 -0.0338782
         vertex 0.00239414 -0.085 -0.033
      endloop
   endfacet
   facet normal 0 1 6.93889e-16
      outer loop
         vertex 0.00239414 -0.085 -0.033
         vertex 0.00749654 -0.085 -0.0337587
         vertex 0.00704235 -0.085 -0.0340622
      endloop
   endfacet
   facet normal 0 1 6.93889e-16
      outer loop
         vertex 0.00239414 -0.085 -0.033
         vertex 0.0116261 -0.085 -0.033
         vertex 0.0080323 -0.085 -0.0336521
      endloop
   endfacet
   facet normal 0 1 6.93889e-16
      outer loop
         vertex 0.0066323 -0.085 -0.0350521
         vertex 0.00673887 -0.085 -0.0355879
         vertex 0.00456386 -0.085 -0.0353078
      endloop
   endfacet
   facet normal 0 1 6.93889e-16
      outer loop
         vertex 0.0080323 -0.085 -0.0336521
         vertex 0.00749654 -0.085 -0.0337587
         vertex 0.00239414 -0.085 -0.033
      endloop
   endfacet
   facet normal 0 1 6.93889e-16
      outer loop
         vertex 0.00704235 -0.085 -0.0340622
         vertex 0.00673887 -0.085 -0.0345164
         vertex 0.00239414 -0.085 -0.033
      endloop
   endfacet
   facet normal 0 1 6.93889e-16
      outer loop
         vertex -0.00106608 -0.085 -0.0334194
         vertex -0.00300424 -0.085 -0.0340972
         vertex -0.00375731 -0.085 -0.0336373
      endloop
   endfacet
   facet normal 0 1 6.93889e-16
      outer loop
         vertex 0.00239414 -0.085 -0.033
         vertex 0.000987141 -0.085 -0.0334063
         vertex -0.00106608 -0.085 -0.0334194
      endloop
   endfacet
   facet normal 0 1 6.93889e-16
      outer loop
         vertex -0.00106608 -0.085 -0.0334194
         vertex -0.0045501 -0.085 -0.033
         vertex 0.00239414 -0.085 -0.033
      endloop
   endfacet
   facet normal 0 1 6.93889e-16
      outer loop
         vertex 0.00239414 -0.085 -0.033
         vertex 0.00239414 -0.085 -0.0338782
         vertex 0.000987141 -0.085 -0.0334063
      endloop
   endfacet
   facet normal 0 1 6.93889e-16
      outer loop
         vertex 0.00239414 -0.085 -0.033
         vertex -0.0045501 -0.085 -0.033
         vertex -0.00324401 -0.085 -0.0323479
      endloop
   endfacet
   facet normal 0 1 6.93889e-16
      outer loop
         vertex -0.0045501 -0.085 -0.033
         vertex -0.00377977 -0.085 -0.0322413
         vertex -0.00324401 -0.085 -0.0323479
      endloop
   endfacet
   facet normal 0 1 6.93889e-16
      outer loop
         vertex -0.0045501 -0.085 -0.033
         vertex -0.00536573 -0.085 -0.0323443
         vertex -0.00423396 -0.085 -0.0319378
      endloop
   endfacet
   facet normal 0 1 6.93889e-16
      outer loop
         vertex -0.00453745 -0.085 -0.0314836
         vertex -0.00423396 -0.085 -0.0319378
         vertex -0.00536573 -0.085 -0.0323443
      endloop
   endfacet
   facet normal 0 1 6.93889e-16
      outer loop
         vertex 0.00239414 -0.085 -0.033
         vertex -0.00195058 -0.085 -0.0314836
         vertex -0.0018938 -0.085 -0.0311982
      endloop
   endfacet
   facet normal 0 1 6.93889e-16
      outer loop
         vertex -0.00324401 -0.085 -0.0323479
         vertex -0.00270826 -0.085 -0.0322413
         vertex 0.00239414 -0.085 -0.033
      endloop
   endfacet
   facet normal 0 1 6.93889e-16
      outer loop
         vertex -0.00536573 -0.085 -0.0323443
         vertex -0.00540177 -0.085 -0.0322923
         vertex -0.00453745 -0.085 -0.0314836
      endloop
   endfacet
   facet normal 0 1 6.93889e-16
      outer loop
         vertex 0.00239414 -0.085 -0.033
         vertex -0.00225407 -0.085 -0.0319378
         vertex -0.00195058 -0.085 -0.0314836
      endloop
   endfacet
   facet normal 0 1 6.93889e-16
      outer loop
         vertex -0.00423396 -0.085 -0.0319378
         vertex -0.00377977 -0.085 -0.0322413
         vertex -0.0045501 -0.085 -0.033
      endloop
   endfacet
   facet normal 0 1 6.93889e-16
      outer loop
         vertex -0.00270826 -0.085 -0.0322413
         vertex -0.00225407 -0.085 -0.0319378
         vertex 0.00239414 -0.085 -0.033
      endloop
   endfacet
   facet normal 0 1 6.93889e-16
      outer loop
         vertex -0.00540177 -0.085 -0.0311982
         vertex -0.00459423 -0.085 -0.0311982
         vertex -0.00453745 -0.085 -0.0314836
      endloop
   endfacet
   facet normal 0 1 6.93889e-16
      outer loop
         vertex -0.00453745 -0.085 -0.0314836
         vertex -0.00540177 -0.085 -0.0322923
         vertex -0.00540177 -0.085 -0.0311982
      endloop
   endfacet
   facet normal 0 1 6.93889e-16
      outer loop
         vertex -0.00677976 -0.085 -0.0303046
         vertex -0.00677976 -0.085 -0.0192239
         vertex -0.00615762 -0.085 -0.0211243
      endloop
   endfacet
   facet normal 0 1 6.93889e-16
      outer loop
         vertex -0.00677976 -0.085 -0.0192239
         vertex -0.00562796 -0.085 -0.0192239
         vertex -0.00603891 -0.085 -0.020353
      endloop
   endfacet
   facet normal 0 1 6.93889e-16
      outer loop
         vertex -0.00677976 -0.085 -0.0303046
         vertex -0.00551071 -0.085 -0.0225116
         vertex -0.00540177 -0.085 -0.0225777
      endloop
   endfacet
   facet normal 0 1 6.93889e-16
      outer loop
         vertex -0.00603891 -0.085 -0.020353
         vertex -0.00615762 -0.085 -0.0211243
         vertex -0.00677976 -0.085 -0.0192239
      endloop
   endfacet
   facet normal 0 1 6.93889e-16
      outer loop
         vertex -0.00540177 -0.085 -0.0311982
         vertex -0.00616029 -0.085 -0.0311982
         vertex -0.00677976 -0.085 -0.0303046
      endloop
   endfacet
   facet normal 0 1 6.93889e-16
      outer loop
         vertex -0.00615762 -0.085 -0.0211243
         vertex -0.00597214 -0.085 -0.0218823
         vertex -0.00677976 -0.085 -0.0303046
      endloop
   endfacet
   facet normal 0 1 6.93889e-16
      outer loop
         vertex -0.00597214 -0.085 -0.0218823
         vertex -0.00551071 -0.085 -0.0225116
         vertex -0.00677976 -0.085 -0.0303046
      endloop
   endfacet
   facet normal 0 1 6.93889e-16
      outer loop
         vertex -0.00677976 -0.085 -0.0192239
         vertex -0.00677976 -0.085 -0.0303046
         vertex -0.00729945 -0.085 -0.0295549
      endloop
   endfacet
   facet normal 0 1 6.93889e-16
      outer loop
         vertex -0.00729945 -0.085 -0.0295549
         vertex -0.00858649 -0.085 -0.0245298
         vertex -0.00677976 -0.085 -0.0192239
      endloop
   endfacet
   facet normal 0 1 6.93889e-16
      outer loop
         vertex -0.009 -0.085 -0.00263076
         vertex -0.00729343 -0.085 -0.00696424
         vertex -0.0074 -0.085 -0.0075
      endloop
   endfacet
   facet normal 0 1 6.93889e-16
      outer loop
         vertex -0.009 -0.085 -0.00263076
         vertex -0.00698995 -0.085 -0.00651005
         vertex -0.00729343 -0.085 -0.00696424
      endloop
   endfacet
   facet normal 0 1 6.93889e-16
      outer loop
         vertex -0.00677976 -0.085 -0.00863039
         vertex -0.00677976 -0.085 -0.0192239
         vertex -0.009 -0.085 -0.0115
      endloop
   endfacet
   facet normal 0 1 6.93889e-16
      outer loop
         vertex -0.0074 -0.085 -0.0075
         vertex -0.009 -0.085 -0.0115
         vertex -0.009 -0.085 -0.00263076
      endloop
   endfacet
   facet normal 0 1 6.93889e-16
      outer loop
         vertex -0.00677976 -0.085 -0.0192239
         vertex -0.00875488 -0.085 -0.0192239
         vertex -0.009 -0.085 -0.0115
      endloop
   endfacet
   facet normal 0 1 6.93889e-16
      outer loop
         vertex -0.0074 -0.085 -0.0075
         vertex -0.00729343 -0.085 -0.00803576
         vertex -0.009 -0.085 -0.0115
      endloop
   endfacet
   facet normal 0 1 6.93889e-16
      outer loop
         vertex -0.00729343 -0.085 -0.00803576
         vertex -0.00698995 -0.085 -0.00848995
         vertex -0.009 -0.085 -0.0115
      endloop
   endfacet
   facet normal 0 1 6.93889e-16
      outer loop
         vertex -0.009 -0.085 -0.00263076
         vertex -0.00677976 -0.085 -0.00263076
         vertex -0.00677976 -0.085 -0.00636961
      endloop
   endfacet
   facet normal 0 1 6.93889e-16
      outer loop
         vertex -0.00677976 -0.085 -0.00636961
         vertex -0.00698995 -0.085 -0.00651005
         vertex -0.009 -0.085 -0.00263076
      endloop
   endfacet
   facet normal 0 1 6.93889e-16
      outer loop
         vertex -0.009 -0.085 0.015
         vertex -0.00729343 -0.085 0.0110358
         vertex -0.0074 -0.085 0.0105
      endloop
   endfacet
   facet normal 0 1 6.93889e-16
      outer loop
         vertex -0.0074 -0.085 0.0105
         vertex -0.009 -0.085 0.00636924
         vertex -0.009 -0.085 0.015
      endloop
   endfacet
   facet normal 0 1 6.93889e-16
      outer loop
         vertex -0.0074 -0.085 0.0105
         vertex -0.00729343 -0.085 0.00996424
         vertex -0.009 -0.085 0.00636924
      endloop
   endfacet
   facet normal 0 1 6.93889e-16
      outer loop
         vertex -0.00677976 -0.085 0.0116304
         vertex -0.00698995 -0.085 0.0114899
         vertex -0.009 -0.085 0.015
      endloop
   endfacet
   facet normal 0 1 6.93889e-16
      outer loop
         vertex -0.009 -0.085 0.015
         vertex -0.00698995 -0.085 0.0114899
         vertex -0.00729343 -0.085 0.0110358
      endloop
   endfacet
   facet normal 0 1 6.93889e-16
      outer loop
         vertex -0.009 -0.085 0.015
         vertex -0.0085 -0.085 0.0155
         vertex -0.00677976 -0.085 0.0116304
      endloop
   endfacet
   facet normal 0 1 6.93889e-16
      outer loop
         vertex -0.009 -0.085 0.00636924
         vertex -0.00698995 -0.085 0.00951005
         vertex -0.00677976 -0.085 0.00936961
      endloop
   endfacet
   facet normal 0 1 6.93889e-16
      outer loop
         vertex -0.0085 -0.085 0.0155
         vertex -0.00677976 -0.085 0.0155
         vertex -0.00677976 -0.085 0.0116304
      endloop
   endfacet
   facet normal 0 1 6.93889e-16
      outer loop
         vertex -0.00729343 -0.085 0.00996424
         vertex -0.00698995 -0.085 0.00951005
         vertex -0.009 -0.085 0.00636924
      endloop
   endfacet
   facet normal 0 1 6.93889e-16
      outer loop
         vertex -0.00677976 -0.085 0.00936961
         vertex -0.00677976 -0.085 0.00636924
         vertex -0.009 -0.085 0.00636924
      endloop
   endfacet
   facet normal 0 1 6.93889e-16
      outer loop
         vertex -0.009 -0.085 -0.0115
         vertex -0.00698995 -0.085 -0.00848995
         vertex -0.00677976 -0.085 -0.00863039
      endloop
   endfacet
   facet normal 0 1 6.93889e-16
      outer loop
         vertex -0.00858649 -0.085 -0.0245298
         vertex -0.00875488 -0.085 -0.0192239
         vertex -0.00677976 -0.085 -0.0192239
      endloop
   endfacet
   facet normal 0 1 6.93889e-16
      outer loop
         vertex -0.00540177 -0.085 -0.0225777
         vertex -0.00540177 -0.085 -0.0311982
         vertex -0.00677976 -0.085 -0.0303046
      endloop
   endfacet
   facet normal 0 1 6.93889e-16
      outer loop
         vertex -0.00616029 -0.085 -0.0311982
         vertex -0.00540177 -0.085 -0.0311982
         vertex -0.00540177 -0.085 -0.0322923
      endloop
   endfacet
   facet normal 0 1 6.93889e-16
      outer loop
         vertex -0.0018938 -0.085 -0.0311982
         vertex 0.00239414 -0.085 -0.0311982
         vertex 0.00239414 -0.085 -0.033
      endloop
   endfacet
   facet normal 0 1 6.93889e-16
      outer loop
         vertex -0.00375731 -0.085 -0.0336373
         vertex -0.0045501 -0.085 -0.033
         vertex -0.00106608 -0.085 -0.0334194
      endloop
   endfacet
   facet normal 0 1 6.93889e-16
      outer loop
         vertex 0.00856805 -0.085 -0.0337587
         vertex 0.0080323 -0.085 -0.0336521
         vertex 0.0116261 -0.085 -0.033
      endloop
   endfacet
   facet normal 0 1 6.93889e-16
      outer loop
         vertex 0.023 -0.085 -0.04
         vertex 0.0116261 -0.085 -0.0380388
         vertex 0.0116261 -0.085 -0.033
      endloop
   endfacet
   facet normal 0 1 6.93889e-16
      outer loop
         vertex 0.0452012 -0.085 -0.033
         vertex 0.0116261 -0.085 -0.033
         vertex 0.0116261 -0.085 -0.0311982
      endloop
   endfacet
   facet normal 0 1 6.93889e-16
      outer loop
         vertex 0.0463 -0.085 -0.0320019
         vertex 0.0463 -0.085 -0.0311982
         vertex 0.0471849 -0.085 -0.0311982
      endloop
   endfacet
   facet normal 0 1 6.93889e-16
      outer loop
         vertex 0.0471849 -0.085 -0.0311982
         vertex 0.0463 -0.085 -0.0311982
         vertex 0.0463 -0.085 -0.0192239
      endloop
   endfacet
   facet normal 0 1 6.93889e-16
      outer loop
         vertex 0.0555358 -0.085 -0.00620657
         vertex 0.055 -0.085 -0.0061
         vertex 0.058 -0.085 -0.00263076
      endloop
   endfacet
   facet normal 0 1 6.93889e-16
      outer loop
         vertex 0.0555358 -0.085 0.0117934
         vertex 0.055 -0.085 0.0119
         vertex 0.0575 -0.085 0.0155
      endloop
   endfacet
   facet normal 0 1 6.93889e-16
      outer loop
         vertex -0.00464401 -0.085 -0.0309479
         vertex -0.00459423 -0.085 -0.0311982
         vertex -0.00540177 -0.085 -0.0311982
      endloop
   endfacet
   facet normal 0 1 6.93889e-16
      outer loop
         vertex 0.0162098 -0.085 0.00322842
         vertex 0.0160739 -0.085 0.00331924
         vertex 0.0190969 -0.085 0.00195571
      endloop
   endfacet
   facet normal 0 1 6.93889e-16
      outer loop
         vertex 0.0143659 -0.085 0.00331924
         vertex 0.0116261 -0.085 0.00331924
         vertex 0.0116261 -0.085 0.00636924
      endloop
   endfacet
   facet normal 0 1 6.93889e-16
      outer loop
         vertex 0.0364525 -0.085 -0.0192239
         vertex 0.0463 -0.085 -0.0192239
         vertex 0.0463 -0.085 -0.0311982
      endloop
   endfacet
   facet normal 0 1 6.93889e-16
      outer loop
         vertex 0.0116261 -0.085 -0.0289109
         vertex 0.0116261 -0.085 -0.0311982
         vertex 0.00239414 -0.085 -0.0311982
      endloop
   endfacet
   facet normal 0 1 6.93889e-16
      outer loop
         vertex -0.00546424 -0.085 -0.00879343
         vertex -0.00540177 -0.085 -0.00875169
         vertex -0.00540177 -0.085 -0.0186025
      endloop
   endfacet
   facet normal 0 1 6.93889e-16
      outer loop
         vertex -0.00540177 -0.085 -0.00624831
         vertex -0.00540177 -0.085 -0.00263076
         vertex 0.000411461 -0.085 -0.00263076
      endloop
   endfacet
   facet normal 0 1 6.93889e-16
      outer loop
         vertex 0.000411461 -0.085 -0.00263076
         vertex -0.00540177 -0.085 -0.00263076
         vertex -0.00540177 -0.085 0.00331924
      endloop
   endfacet
   facet normal 0 1 6.93889e-16
      outer loop
         vertex 0.0028617 -0.085 0.00238849
         vertex 0.00239414 -0.085 0.00204566
         vertex 0.00239414 -0.085 0.00331924
      endloop
   endfacet
   facet normal 0 1 6.93889e-16
      outer loop
         vertex 0.0380117 -0.085 -0.00623837
         vertex 0.0357044 -0.085 -0.00263076
         vertex 0.0463 -0.085 -0.00263076
      endloop
   endfacet
   facet normal 0 1 6.93889e-16
      outer loop
         vertex -0.00653576 -0.085 0.0117934
         vertex -0.00677976 -0.085 0.0116304
         vertex -0.00677976 -0.085 0.0155
      endloop
   endfacet
   facet normal 0 1 6.93889e-16
      outer loop
         vertex -0.00540177 -0.085 0.0117517
         vertex -0.00540177 -0.085 0.0155
         vertex 0.00239414 -0.085 0.0155
      endloop
   endfacet
   facet normal 0 1 6.93889e-16
      outer loop
         vertex -0.00546424 -0.085 0.00920657
         vertex -0.00540177 -0.085 0.00924831
         vertex -0.00540177 -0.085 0.00636924
      endloop
   endfacet
   facet normal 0 1 6.93889e-16
      outer loop
         vertex -0.00653576 -0.085 -0.00620657
         vertex -0.00677976 -0.085 -0.00636961
         vertex -0.00677976 -0.085 -0.00263076
      endloop
   endfacet
   facet normal 0 1 6.93889e-16
      outer loop
         vertex 0.0116261 -0.085 -0.033
         vertex 0.00239414 -0.085 -0.033
         vertex 0.00239414 -0.085 -0.0311982
      endloop
   endfacet
   facet normal 0 1 6.93889e-16
      outer loop
         vertex 0.058 -0.085 -0.00263076
         vertex 0.0463 -0.085 -0.00263076
         vertex 0.0463 -0.085 0.00331924
      endloop
   endfacet
   facet normal 0 1 6.93889e-16
      outer loop
         vertex -0.00540177 -0.085 -0.00263076
         vertex -0.00677976 -0.085 -0.00263076
         vertex -0.00677976 -0.085 0.00331924
      endloop
   endfacet
   facet normal 0 1 6.93889e-16
      outer loop
         vertex -0.00677976 -0.085 -0.00263076
         vertex -0.009 -0.085 -0.00263076
         vertex -0.009 -0.085 0.00331924
      endloop
   endfacet
   facet normal 0 1 6.93889e-16
      outer loop
         vertex 0.058 -0.085 0.00331924
         vertex 0.0463 -0.085 0.00331924
         vertex 0.0463 -0.085 0.00636924
      endloop
   endfacet
   facet normal 0 1 6.93889e-16
      outer loop
         vertex 0.0116261 -0.085 0.00331924
         vertex 0.00239414 -0.085 0.00331924
         vertex 0.00239414 -0.085 0.00636924
      endloop
   endfacet
   facet normal 0 1 6.93889e-16
      outer loop
         vertex 0.00239414 -0.085 0.00331924
         vertex -0.00540177 -0.085 0.00331924
         vertex -0.00540177 -0.085 0.00636924
      endloop
   endfacet
   facet normal 0 1 6.93889e-16
      outer loop
         vertex -0.00540177 -0.085 0.00331924
         vertex -0.00677976 -0.085 0.00331924
         vertex -0.00677976 -0.085 0.00636924
      endloop
   endfacet
   facet normal 0 1 6.93889e-16
      outer loop
         vertex -0.00677976 -0.085 0.00331924
         vertex -0.009 -0.085 0.00331924
         vertex -0.009 -0.085 0.00636924
      endloop
   endfacet
   facet normal 0 1 6.93889e-16
      outer loop
         vertex 0.0463 -0.085 0.00636924
         vertex 0.0116261 -0.085 0.00636924
         vertex 0.0116261 -0.085 0.0155
      endloop
   endfacet
   facet normal 0 1 6.93889e-16
      outer loop
         vertex 0.0116261 -0.085 0.00636924
         vertex 0.00239414 -0.085 0.00636924
         vertex 0.00239414 -0.085 0.0155
      endloop
   endfacet
   facet normal 0.959073 1.96482e-16 -0.28316
      outer loop
         vertex 0.0570815 -0.085 -0.017741
         vertex 0.058 -0.085 -0.0115
         vertex 0.0576456 -0.094 -0.0139081
      endloop
   endfacet
   facet normal 1 0 0
      outer loop
         vertex 0.058 -0.085 -0.0115
         vertex 0.058 -0.094 -0.0115
         vertex 0.0576456 -0.094 -0.0139081
      endloop
   endfacet
   facet normal 0.806673 4.10087e-16 -0.590997
      outer loop
         vertex 0.0529095 -0.085 -0.0259985
         vertex 0.0563322 -0.085 -0.0192239
         vertex 0.0560755 -0.094 -0.0197321
      endloop
   endfacet
   facet normal 0.959073 1.96482e-16 -0.28316
      outer loop
         vertex 0.0570815 -0.094 -0.017741
         vertex 0.0560755 -0.094 -0.0197321
         vertex 0.0563322 -0.085 -0.0192239
      endloop
   endfacet
   facet normal 0.937402 2.41647e-16 -0.34825
      outer loop
         vertex 0.0563322 -0.085 -0.0192239
         vertex 0.0570815 -0.085 -0.017741
         vertex 0.0570815 -0.094 -0.017741
      endloop
   endfacet
   facet normal 0.522302 5.91722e-16 -0.852761
      outer loop
         vertex 0.0427529 -0.094 -0.0352238
         vertex 0.0427529 -0.085 -0.0352238
         vertex 0.0452012 -0.085 -0.033
      endloop
   endfacet
   facet normal 0.594485 5.57961e-16 -0.804107
      outer loop
         vertex 0.0452012 -0.085 -0.033
         vertex 0.0459393 -0.094 -0.0323295
         vertex 0.0427529 -0.094 -0.0352238
      endloop
   endfacet
   facet normal 0.80203 4.14449e-16 -0.597284
      outer loop
         vertex 0.0527257 -0.094 -0.0261655
         vertex 0.0459393 -0.094 -0.0323295
         vertex 0.0471849 -0.085 -0.0311982
      endloop
   endfacet
   facet normal 0.615863 5.46683e-16 -0.787853
      outer loop
         vertex 0.0459393 -0.094 -0.0323295
         vertex 0.0463 -0.085 -0.0320019
         vertex 0.0471849 -0.085 -0.0311982
      endloop
   endfacet
   facet normal 0.651537 5.26396e-16 -0.758617
      outer loop
         vertex 0.0471849 -0.085 -0.0311982
         vertex 0.0529095 -0.085 -0.0259985
         vertex 0.0527257 -0.094 -0.0261655
      endloop
   endfacet
   facet normal 0.806673 4.10087e-16 -0.590997
      outer loop
         vertex 0.0529095 -0.085 -0.0259985
         vertex 0.0529095 -0.094 -0.0259985
         vertex 0.0527257 -0.094 -0.0261655
      endloop
   endfacet
   facet normal 0.180115 6.82541e-16 -0.983645
      outer loop
         vertex 0.0310556 -0.085 -0.0398107
         vertex 0.0427529 -0.085 -0.0352238
         vertex 0.0370469 -0.094 -0.0374613
      endloop
   endfacet
   facet normal 0.522302 5.91722e-16 -0.852761
      outer loop
         vertex 0.0427529 -0.085 -0.0352238
         vertex 0.0427529 -0.094 -0.0352238
         vertex 0.0370469 -0.094 -0.0374613
      endloop
   endfacet
   facet normal -0.154377 6.85571e-16 -0.988012
      outer loop
         vertex 0.023 -0.085 -0.04
         vertex 0.0310556 -0.085 -0.0398107
         vertex 0.0290612 -0.094 -0.0398576
      endloop
   endfacet
   facet normal 0.180115 6.82541e-16 -0.983645
      outer loop
         vertex 0.0310556 -0.085 -0.0398107
         vertex 0.0310556 -0.094 -0.0398107
         vertex 0.0290612 -0.094 -0.0398576
      endloop
   endfacet
   facet normal 0.10933 6.8973e-16 -0.994005
      outer loop
         vertex 0.0290612 -0.094 -0.0398576
         vertex 0.023 -0.094 -0.04
         vertex 0.023 -0.085 -0.04
      endloop
   endfacet
   facet normal 0.373087 6.43788e-16 -0.927796
      outer loop
         vertex 0.0370469 -0.094 -0.0374613
         vertex 0.0310556 -0.094 -0.0398107
         vertex 0.0310556 -0.085 -0.0398107
      endloop
   endfacet
   facet normal 0.594485 5.57961e-16 -0.804107
      outer loop
         vertex 0.0452012 -0.085 -0.033
         vertex 0.0463 -0.085 -0.0320019
         vertex 0.0459393 -0.094 -0.0323295
      endloop
   endfacet
   facet normal 0.929131 2.56566e-16 -0.36975
      outer loop
         vertex 0.0560755 -0.094 -0.0197321
         vertex 0.0529095 -0.094 -0.0259985
         vertex 0.0529095 -0.085 -0.0259985
      endloop
   endfacet
   facet normal 0.993499 7.89928e-17 -0.113841
      outer loop
         vertex 0.0576456 -0.094 -0.0139081
         vertex 0.0570815 -0.094 -0.017741
         vertex 0.0570815 -0.085 -0.017741
      endloop
   endfacet
   facet normal 0.707107 -4.90654e-16 0.707107
      outer loop
         vertex 0.0575 -0.085 0.0155
         vertex 0.0575 -0.089 0.0155
         vertex 0.058 -0.089 0.015
      endloop
   endfacet
   facet normal 0.707107 -4.90654e-16 0.707107
      outer loop
         vertex 0.058 -0.089 0.015
         vertex 0.058 -0.085 0.015
         vertex 0.0575 -0.085 0.0155
      endloop
   endfacet
   facet normal 0.382683 6.4107e-16 -0.92388
      outer loop
         vertex 0.0544642 -0.085 0.0117934
         vertex 0.055 -0.085 0.0119
         vertex 0.055 -0.089 0.0119
      endloop
   endfacet
   facet normal 0.707107 4.90654e-16 -0.707107
      outer loop
         vertex 0.0540101 -0.085 0.0114899
         vertex 0.0544642 -0.085 0.0117934
         vertex 0.0544642 -0.089 0.0117934
      endloop
   endfacet
   facet normal 0.92388 2.6554e-16 -0.382683
      outer loop
         vertex 0.0537066 -0.085 0.0110358
         vertex 0.0540101 -0.085 0.0114899
         vertex 0.0540101 -0.089 0.0114899
      endloop
   endfacet
   facet normal 1 -7.43763e-31 1.07188e-15
      outer loop
         vertex 0.0536 -0.085 0.0105
         vertex 0.0537066 -0.085 0.0110358
         vertex 0.0537066 -0.089 0.0110358
      endloop
   endfacet
   facet normal 0.92388 -2.6554e-16 0.382683
      outer loop
         vertex 0.0537066 -0.085 0.00996424
         vertex 0.0536 -0.085 0.0105
         vertex 0.0536 -0.089 0.0105
      endloop
   endfacet
   facet normal 0.707107 -4.90654e-16 0.707107
      outer loop
         vertex 0.0540101 -0.085 0.00951005
         vertex 0.0537066 -0.085 0.00996424
         vertex 0.0537066 -0.089 0.00996424
      endloop
   endfacet
   facet normal 0.382683 -6.4107e-16 0.92388
      outer loop
         vertex 0.0544642 -0.085 0.00920657
         vertex 0.0540101 -0.085 0.00951005
         vertex 0.0540101 -0.089 0.00951005
      endloop
   endfacet
   facet normal -1.22465e-16 -6.93889e-16 1
      outer loop
         vertex 0.055 -0.085 0.0091
         vertex 0.0544642 -0.085 0.00920657
         vertex 0.0544642 -0.089 0.00920657
      endloop
   endfacet
   facet normal -0.382683 -6.4107e-16 0.92388
      outer loop
         vertex 0.0555358 -0.085 0.00920657
         vertex 0.055 -0.085 0.0091
         vertex 0.055 -0.089 0.0091
      endloop
   endfacet
   facet normal -0.707107 -4.90654e-16 0.707107
      outer loop
         vertex 0.0559899 -0.085 0.00951005
         vertex 0.0555358 -0.085 0.00920657
         vertex 0.0555358 -0.089 0.00920657
      endloop
   endfacet
   facet normal -0.92388 -2.6554e-16 0.382683
      outer loop
         vertex 0.0562934 -0.085 0.00996424
         vertex 0.0559899 -0.085 0.00951005
         vertex 0.0559899 -0.089 0.00951005
      endloop
   endfacet
   facet normal -1 -4.19735e-31 6.04901e-16
      outer loop
         vertex 0.0564 -0.085 0.0105
         vertex 0.0562934 -0.085 0.00996424
         vertex 0.0562934 -0.089 0.00996424
      endloop
   endfacet
   facet normal -0.92388 2.6554e-16 -0.382683
      outer loop
         vertex 0.0562934 -0.085 0.0110358
         vertex 0.0564 -0.085 0.0105
         vertex 0.0564 -0.089 0.0105
      endloop
   endfacet
   facet normal -0.707107 4.90654e-16 -0.707107
      outer loop
         vertex 0.0559899 -0.085 0.0114899
         vertex 0.0562934 -0.085 0.0110358
         vertex 0.0562934 -0.089 0.0110358
      endloop
   endfacet
   facet normal -0.382683 6.4107e-16 -0.92388
      outer loop
         vertex 0.0555358 -0.085 0.0117934
         vertex 0.0559899 -0.085 0.0114899
         vertex 0.0559899 -0.089 0.0114899
      endloop
   endfacet
   facet normal 0 1.23909e-15 -1
      outer loop
         vertex 0.055 -0.085 0.0119
         vertex 0.0555358 -0.085 0.0117934
         vertex 0.0555358 -0.089 0.0117934
      endloop
   endfacet
   facet normal -0.382683 6.4107e-16 -0.92388
      outer loop
         vertex 0.0555358 -0.089 0.0117934
         vertex 0.055 -0.089 0.0119
         vertex 0.055 -0.085 0.0119
      endloop
   endfacet
   facet normal -0.707107 4.90654e-16 -0.707107
      outer loop
         vertex 0.0559899 -0.089 0.0114899
         vertex 0.0555358 -0.089 0.0117934
         vertex 0.0555358 -0.085 0.0117934
      endloop
   endfacet
   facet normal -0.92388 2.6554e-16 -0.382683
      outer loop
         vertex 0.0562934 -0.089 0.0110358
         vertex 0.0559899 -0.089 0.0114899
         vertex 0.0559899 -0.085 0.0114899
      endloop
   endfacet
   facet normal -1 -4.19735e-31 6.04901e-16
      outer loop
         vertex 0.0564 -0.089 0.0105
         vertex 0.0562934 -0.089 0.0110358
         vertex 0.0562934 -0.085 0.0110358
      endloop
   endfacet
   facet normal -0.92388 -2.6554e-16 0.382683
      outer loop
         vertex 0.0562934 -0.089 0.00996424
         vertex 0.0564 -0.089 0.0105
         vertex 0.0564 -0.085 0.0105
      endloop
   endfacet
   facet normal -0.707107 -4.90654e-16 0.707107
      outer loop
         vertex 0.0559899 -0.089 0.00951005
         vertex 0.0562934 -0.089 0.00996424
         vertex 0.0562934 -0.085 0.00996424
      endloop
   endfacet
   facet normal -0.382683 -6.4107e-16 0.92388
      outer loop
         vertex 0.0555358 -0.089 0.00920657
         vertex 0.0559899 -0.089 0.00951005
         vertex 0.0559899 -0.085 0.00951005
      endloop
   endfacet
   facet normal 0 -6.19544e-16 1
      outer loop
         vertex 0.055 -0.089 0.0091
         vertex 0.0555358 -0.089 0.00920657
         vertex 0.0555358 -0.085 0.00920657
      endloop
   endfacet
   facet normal 0.382683 -6.4107e-16 0.92388
      outer loop
         vertex 0.0544642 -0.089 0.00920657
         vertex 0.055 -0.089 0.0091
         vertex 0.055 -0.085 0.0091
      endloop
   endfacet
   facet normal 0.707107 -4.90654e-16 0.707107
      outer loop
         vertex 0.0540101 -0.089 0.00951005
         vertex 0.0544642 -0.089 0.00920657
         vertex 0.0544642 -0.085 0.00920657
      endloop
   endfacet
   facet normal 0.92388 -2.6554e-16 0.382683
      outer loop
         vertex 0.0537066 -0.089 0.00996424
         vertex 0.0540101 -0.089 0.00951005
         vertex 0.0540101 -0.085 0.00951005
      endloop
   endfacet
   facet normal 1 -7.43763e-31 1.07188e-15
      outer loop
         vertex 0.0536 -0.089 0.0105
         vertex 0.0537066 -0.089 0.00996424
         vertex 0.0537066 -0.085 0.00996424
      endloop
   endfacet
   facet normal 0.92388 2.6554e-16 -0.382683
      outer loop
         vertex 0.0537066 -0.089 0.0110358
         vertex 0.0536 -0.089 0.0105
         vertex 0.0536 -0.085 0.0105
      endloop
   endfacet
   facet normal 0.707107 4.90654e-16 -0.707107
      outer loop
         vertex 0.0540101 -0.089 0.0114899
         vertex 0.0537066 -0.089 0.0110358
         vertex 0.0537066 -0.085 0.0110358
      endloop
   endfacet
   facet normal 0.382683 6.4107e-16 -0.92388
      outer loop
         vertex 0.0544642 -0.089 0.0117934
         vertex 0.0540101 -0.089 0.0114899
         vertex 0.0540101 -0.085 0.0114899
      endloop
   endfacet
   facet normal 0 1.23909e-15 -1
      outer loop
         vertex 0.055 -0.089 0.0119
         vertex 0.0544642 -0.089 0.0117934
         vertex 0.0544642 -0.085 0.0117934
      endloop
   endfacet
   facet normal -0.707107 -4.90654e-16 0.707107
      outer loop
         vertex -0.009 -0.085 0.015
         vertex -0.009 -0.089 0.015
         vertex -0.0085 -0.089 0.0155
      endloop
   endfacet
   facet normal -0.707107 -4.90654e-16 0.707107
      outer loop
         vertex -0.0085 -0.089 0.0155
         vertex -0.0085 -0.085 0.0155
         vertex -0.009 -0.085 0.015
      endloop
   endfacet
   facet normal 0.382683 6.4107e-16 -0.92388
      outer loop
         vertex -0.00653576 -0.085 0.0117934
         vertex -0.006 -0.085 0.0119
         vertex -0.006 -0.089 0.0119
      endloop
   endfacet
   facet normal 0.382683 6.4107e-16 -0.92388
      outer loop
         vertex -0.00653576 -0.089 0.0117934
         vertex -0.00698995 -0.089 0.0114899
         vertex -0.00677976 -0.085 0.0116304
      endloop
   endfacet
   facet normal 0.707107 4.90654e-16 -0.707107
      outer loop
         vertex -0.00698995 -0.089 0.0114899
         vertex -0.00698995 -0.085 0.0114899
         vertex -0.00677976 -0.085 0.0116304
      endloop
   endfacet
   facet normal 0.92388 2.6554e-16 -0.382683
      outer loop
         vertex -0.00729343 -0.085 0.0110358
         vertex -0.00698995 -0.085 0.0114899
         vertex -0.00698995 -0.089 0.0114899
      endloop
   endfacet
   facet normal 1 -7.43763e-31 1.07188e-15
      outer loop
         vertex -0.0074 -0.085 0.0105
         vertex -0.00729343 -0.085 0.0110358
         vertex -0.00729343 -0.089 0.0110358
      endloop
   endfacet
   facet normal 0.92388 -2.6554e-16 0.382683
      outer loop
         vertex -0.00729343 -0.085 0.00996424
         vertex -0.0074 -0.085 0.0105
         vertex -0.0074 -0.089 0.0105
      endloop
   endfacet
   facet normal 0.707107 -4.90654e-16 0.707107
      outer loop
         vertex -0.00698995 -0.085 0.00951005
         vertex -0.00729343 -0.085 0.00996424
         vertex -0.00729343 -0.089 0.00996424
      endloop
   endfacet
   facet normal 0.382683 -6.4107e-16 0.92388
      outer loop
         vertex -0.00653576 -0.089 0.00920657
         vertex -0.00653576 -0.085 0.00920657
         vertex -0.00677976 -0.085 0.00936961
      endloop
   endfacet
   facet normal 0.567823 0 0.82315
      outer loop
         vertex -0.00677976 -0.085 0.00936961
         vertex -0.00698995 -0.089 0.00951005
         vertex -0.00653576 -0.089 0.00920657
      endloop
   endfacet
   facet normal -1.22465e-16 -6.93889e-16 1
      outer loop
         vertex -0.006 -0.085 0.0091
         vertex -0.00653576 -0.085 0.00920657
         vertex -0.00653576 -0.089 0.00920657
      endloop
   endfacet
   facet normal -0.382683 -6.4107e-16 0.92388
      outer loop
         vertex -0.00546424 -0.085 0.00920657
         vertex -0.006 -0.085 0.0091
         vertex -0.006 -0.089 0.0091
      endloop
   endfacet
   facet normal -0.707107 -4.90654e-16 0.707107
      outer loop
         vertex -0.00501005 -0.089 0.00951005
         vertex -0.00501005 -0.085 0.00951005
         vertex -0.00540177 -0.085 0.00924831
      endloop
   endfacet
   facet normal -0.431218 -1.23909e-15 0.902248
      outer loop
         vertex -0.00540177 -0.085 0.00924831
         vertex -0.00546424 -0.089 0.00920657
         vertex -0.00501005 -0.089 0.00951005
      endloop
   endfacet
   facet normal -0.92388 -2.6554e-16 0.382683
      outer loop
         vertex -0.00470657 -0.085 0.00996424
         vertex -0.00501005 -0.085 0.00951005
         vertex -0.00501005 -0.089 0.00951005
      endloop
   endfacet
   facet normal -1 -4.19735e-31 6.04901e-16
      outer loop
         vertex -0.0046 -0.085 0.0105
         vertex -0.00470657 -0.085 0.00996424
         vertex -0.00470657 -0.089 0.00996424
      endloop
   endfacet
   facet normal -0.92388 2.6554e-16 -0.382683
      outer loop
         vertex -0.00470657 -0.085 0.0110358
         vertex -0.0046 -0.085 0.0105
         vertex -0.0046 -0.089 0.0105
      endloop
   endfacet
   facet normal -0.707107 4.90654e-16 -0.707107
      outer loop
         vertex -0.00501005 -0.085 0.0114899
         vertex -0.00470657 -0.085 0.0110358
         vertex -0.00470657 -0.089 0.0110358
      endloop
   endfacet
   facet normal -0.707107 4.90654e-16 -0.707107
      outer loop
         vertex -0.00501005 -0.089 0.0114899
         vertex -0.00546424 -0.089 0.0117934
         vertex -0.00540177 -0.085 0.0117517
      endloop
   endfacet
   facet normal -0.382683 6.4107e-16 -0.92388
      outer loop
         vertex -0.00546424 -0.089 0.0117934
         vertex -0.00546424 -0.085 0.0117934
         vertex -0.00540177 -0.085 0.0117517
      endloop
   endfacet
   facet normal 0 1.23909e-15 -1
      outer loop
         vertex -0.006 -0.085 0.0119
         vertex -0.00546424 -0.085 0.0117934
         vertex -0.00546424 -0.089 0.0117934
      endloop
   endfacet
   facet normal -0.382683 6.4107e-16 -0.92388
      outer loop
         vertex -0.00546424 -0.089 0.0117934
         vertex -0.006 -0.089 0.0119
         vertex -0.006 -0.085 0.0119
      endloop
   endfacet
   facet normal -0.431218 1.23909e-15 -0.902248
      outer loop
         vertex -0.00540177 -0.085 0.0117517
         vertex -0.00501005 -0.085 0.0114899
         vertex -0.00501005 -0.089 0.0114899
      endloop
   endfacet
   facet normal -0.92388 2.6554e-16 -0.382683
      outer loop
         vertex -0.00470657 -0.089 0.0110358
         vertex -0.00501005 -0.089 0.0114899
         vertex -0.00501005 -0.085 0.0114899
      endloop
   endfacet
   facet normal -1 -4.19735e-31 6.04901e-16
      outer loop
         vertex -0.0046 -0.089 0.0105
         vertex -0.00470657 -0.089 0.0110358
         vertex -0.00470657 -0.085 0.0110358
      endloop
   endfacet
   facet normal -0.92388 -2.6554e-16 0.382683
      outer loop
         vertex -0.00470657 -0.089 0.00996424
         vertex -0.0046 -0.089 0.0105
         vertex -0.0046 -0.085 0.0105
      endloop
   endfacet
   facet normal -0.707107 -4.90654e-16 0.707107
      outer loop
         vertex -0.00501005 -0.089 0.00951005
         vertex -0.00470657 -0.089 0.00996424
         vertex -0.00470657 -0.085 0.00996424
      endloop
   endfacet
   facet normal -0.431218 -1.23909e-15 0.902248
      outer loop
         vertex -0.00540177 -0.085 0.00924831
         vertex -0.00546424 -0.085 0.00920657
         vertex -0.00546424 -0.089 0.00920657
      endloop
   endfacet
   facet normal -1.22465e-16 -6.93889e-16 1
      outer loop
         vertex -0.006 -0.089 0.0091
         vertex -0.00546424 -0.089 0.00920657
         vertex -0.00546424 -0.085 0.00920657
      endloop
   endfacet
   facet normal 0.382683 -6.4107e-16 0.92388
      outer loop
         vertex -0.00653576 -0.089 0.00920657
         vertex -0.006 -0.089 0.0091
         vertex -0.006 -0.085 0.0091
      endloop
   endfacet
   facet normal 0.567823 0 0.82315
      outer loop
         vertex -0.00677976 -0.085 0.00936961
         vertex -0.00698995 -0.085 0.00951005
         vertex -0.00698995 -0.089 0.00951005
      endloop
   endfacet
   facet normal 0.92388 -2.6554e-16 0.382683
      outer loop
         vertex -0.00729343 -0.089 0.00996424
         vertex -0.00698995 -0.089 0.00951005
         vertex -0.00698995 -0.085 0.00951005
      endloop
   endfacet
   facet normal 1 -7.43763e-31 1.07188e-15
      outer loop
         vertex -0.0074 -0.089 0.0105
         vertex -0.00729343 -0.089 0.00996424
         vertex -0.00729343 -0.085 0.00996424
      endloop
   endfacet
   facet normal 0.92388 2.6554e-16 -0.382683
      outer loop
         vertex -0.00729343 -0.089 0.0110358
         vertex -0.0074 -0.089 0.0105
         vertex -0.0074 -0.085 0.0105
      endloop
   endfacet
   facet normal 0.707107 4.90654e-16 -0.707107
      outer loop
         vertex -0.00698995 -0.089 0.0114899
         vertex -0.00729343 -0.089 0.0110358
         vertex -0.00729343 -0.085 0.0110358
      endloop
   endfacet
   facet normal 0.567823 0 -0.82315
      outer loop
         vertex -0.00677976 -0.085 0.0116304
         vertex -0.00653576 -0.085 0.0117934
         vertex -0.00653576 -0.089 0.0117934
      endloop
   endfacet
   facet normal 0 1.23909e-15 -1
      outer loop
         vertex -0.006 -0.089 0.0119
         vertex -0.00653576 -0.089 0.0117934
         vertex -0.00653576 -0.085 0.0117934
      endloop
   endfacet
   facet normal -0.730218 4.74075e-16 -0.683214
      outer loop
         vertex 0.00456386 -0.085 -0.0353078
         vertex 0.00570135 -0.085 -0.0370172
         vertex 0.00570135 -0.087 -0.0370172
      endloop
   endfacet
   facet normal -0.469411 6.1269e-16 -0.88298
      outer loop
         vertex 0.00293382 -0.085 -0.0340592
         vertex 0.00456386 -0.085 -0.0353078
         vertex 0.00456386 -0.087 -0.0353078
      endloop
   endfacet
   facet normal -0.157942 6.8518e-16 -0.987448
      outer loop
         vertex 0.000987141 -0.087 -0.0334063
         vertex 0.000987141 -0.085 -0.0334063
         vertex 0.00239414 -0.085 -0.0338782
      endloop
   endfacet
   facet normal -0.387273 6.245e-16 -0.921965
      outer loop
         vertex 0.00239414 -0.085 -0.0338782
         vertex 0.00293382 -0.087 -0.0340592
         vertex 0.000987141 -0.087 -0.0334063
      endloop
   endfacet
   facet normal 0.170573 6.83721e-16 -0.985345
      outer loop
         vertex -0.00106608 -0.085 -0.0334194
         vertex 0.000987141 -0.085 -0.0334063
         vertex 0.000987141 -0.087 -0.0334063
      endloop
   endfacet
   facet normal 0.480678 6.245e-16 -0.876897
      outer loop
         vertex -0.00300424 -0.085 -0.0340972
         vertex -0.00106608 -0.085 -0.0334194
         vertex -0.00106608 -0.087 -0.0334194
      endloop
   endfacet
   facet normal 0.170573 6.83721e-16 -0.985345
      outer loop
         vertex -0.00106608 -0.087 -0.0334194
         vertex -0.00300424 -0.087 -0.0340972
         vertex -0.00300424 -0.085 -0.0340972
      endloop
   endfacet
   facet normal -0.157942 6.8518e-16 -0.987448
      outer loop
         vertex 0.000987141 -0.087 -0.0334063
         vertex -0.00106608 -0.087 -0.0334194
         vertex -0.00106608 -0.085 -0.0334194
      endloop
   endfacet
   facet normal -0.387273 6.245e-16 -0.921965
      outer loop
         vertex 0.00239414 -0.085 -0.0338782
         vertex 0.00293382 -0.085 -0.0340592
         vertex 0.00293382 -0.087 -0.0340592
      endloop
   endfacet
   facet normal -0.730218 4.74075e-16 -0.683214
      outer loop
         vertex 0.00456386 -0.087 -0.0353078
         vertex 0.00293382 -0.087 -0.0340592
         vertex 0.00293382 -0.085 -0.0340592
      endloop
   endfacet
   facet normal -0.912215 2.77556e-16 -0.409711
      outer loop
         vertex 0.00570135 -0.087 -0.0370172
         vertex 0.00456386 -0.087 -0.0353078
         vertex 0.00456386 -0.085 -0.0353078
      endloop
   endfacet
   facet normal 0 1 6.93889e-16
      outer loop
         vertex 0.00304296 -0.087 -0.0363767
         vertex -0.00106608 -0.087 -0.0334194
         vertex 0.000987141 -0.087 -0.0334063
      endloop
   endfacet
   facet normal 0 1 6.93889e-16
      outer loop
         vertex 0.00304296 -0.087 -0.0363767
         vertex -0.00300424 -0.087 -0.0340972
         vertex -0.00106608 -0.087 -0.0334194
      endloop
   endfacet
   facet normal 0 1 6.93889e-16
      outer loop
         vertex 0.00304296 -0.087 -0.0363767
         vertex 0.00293382 -0.087 -0.0340592
         vertex 0.00456386 -0.087 -0.0353078
      endloop
   endfacet
   facet normal 0 1 6.93889e-16
      outer loop
         vertex 0.00456386 -0.087 -0.0353078
         vertex 0.00570135 -0.087 -0.0370172
         vertex 0.00304296 -0.087 -0.0363767
      endloop
   endfacet
   facet normal 0 1 6.93889e-16
      outer loop
         vertex 0.000987141 -0.087 -0.0334063
         vertex 0.00293382 -0.087 -0.0340592
         vertex 0.00304296 -0.087 -0.0363767
      endloop
   endfacet
   facet normal 0.382683 6.4107e-16 -0.92388
      outer loop
         vertex 0.00749654 -0.085 -0.0337587
         vertex 0.0080323 -0.085 -0.0336521
         vertex 0.0080323 -0.089 -0.0336521
      endloop
   endfacet
   facet normal 0.707107 4.90654e-16 -0.707107
      outer loop
         vertex 0.00704235 -0.085 -0.0340622
         vertex 0.00749654 -0.085 -0.0337587
         vertex 0.00749654 -0.089 -0.0337587
      endloop
   endfacet
   facet normal 0.92388 2.6554e-16 -0.382683
      outer loop
         vertex 0.00673887 -0.085 -0.0345164
         vertex 0.00704235 -0.085 -0.0340622
         vertex 0.00704235 -0.089 -0.0340622
      endloop
   endfacet
   facet normal 1 -1.27465e-31 1.83697e-16
      outer loop
         vertex 0.0066323 -0.085 -0.0350521
         vertex 0.00673887 -0.085 -0.0345164
         vertex 0.00673887 -0.089 -0.0345164
      endloop
   endfacet
   facet normal 0.92388 -2.6554e-16 0.382683
      outer loop
         vertex 0.00673887 -0.085 -0.0355879
         vertex 0.0066323 -0.085 -0.0350521
         vertex 0.0066323 -0.089 -0.0350521
      endloop
   endfacet
   facet normal 0.707107 -4.90654e-16 0.707107
      outer loop
         vertex 0.00704235 -0.085 -0.0360421
         vertex 0.00673887 -0.085 -0.0355879
         vertex 0.00673887 -0.089 -0.0355879
      endloop
   endfacet
   facet normal 0.382683 -6.4107e-16 0.92388
      outer loop
         vertex 0.00749654 -0.085 -0.0363456
         vertex 0.00704235 -0.085 -0.0360421
         vertex 0.00704235 -0.089 -0.0360421
      endloop
   endfacet
   facet normal 0 -6.19544e-16 1
      outer loop
         vertex 0.0080323 -0.085 -0.0364521
         vertex 0.00749654 -0.085 -0.0363456
         vertex 0.00749654 -0.089 -0.0363456
      endloop
   endfacet
   facet normal -0.382683 -6.4107e-16 0.92388
      outer loop
         vertex 0.00856805 -0.085 -0.0363456
         vertex 0.0080323 -0.085 -0.0364521
         vertex 0.0080323 -0.089 -0.0364521
      endloop
   endfacet
   facet normal -0.707107 -4.90654e-16 0.707107
      outer loop
         vertex 0.00902225 -0.085 -0.0360421
         vertex 0.00856805 -0.085 -0.0363456
         vertex 0.00856805 -0.089 -0.0363456
      endloop
   endfacet
   facet normal -0.92388 -2.6554e-16 0.382683
      outer loop
         vertex 0.00932573 -0.085 -0.0355879
         vertex 0.00902225 -0.085 -0.0360421
         vertex 0.00902225 -0.089 -0.0360421
      endloop
   endfacet
   facet normal -1 4.24885e-32 -6.12323e-17
      outer loop
         vertex 0.0094323 -0.085 -0.0350521
         vertex 0.00932573 -0.085 -0.0355879
         vertex 0.00932573 -0.089 -0.0355879
      endloop
   endfacet
   facet normal -0.92388 2.6554e-16 -0.382683
      outer loop
         vertex 0.00932573 -0.085 -0.0345164
         vertex 0.0094323 -0.085 -0.0350521
         vertex 0.0094323 -0.089 -0.0350521
      endloop
   endfacet
   facet normal -0.707107 4.90654e-16 -0.707107
      outer loop
         vertex 0.00902225 -0.085 -0.0340622
         vertex 0.00932573 -0.085 -0.0345164
         vertex 0.00932573 -0.089 -0.0345164
      endloop
   endfacet
   facet normal -0.382683 6.4107e-16 -0.92388
      outer loop
         vertex 0.00856805 -0.085 -0.0337587
         vertex 0.00902225 -0.085 -0.0340622
         vertex 0.00902225 -0.089 -0.0340622
      endloop
   endfacet
   facet normal 2.44929e-16 6.93889e-16 -1
      outer loop
         vertex 0.0080323 -0.085 -0.0336521
         vertex 0.00856805 -0.085 -0.0337587
         vertex 0.00856805 -0.089 -0.0337587
      endloop
   endfacet
   facet normal -0.382683 6.4107e-16 -0.92388
      outer loop
         vertex 0.00856805 -0.089 -0.0337587
         vertex 0.0080323 -0.089 -0.0336521
         vertex 0.0080323 -0.085 -0.0336521
      endloop
   endfacet
   facet normal -0.707107 4.90654e-16 -0.707107
      outer loop
         vertex 0.00902225 -0.089 -0.0340622
         vertex 0.00856805 -0.089 -0.0337587
         vertex 0.00856805 -0.085 -0.0337587
      endloop
   endfacet
   facet normal -0.92388 2.6554e-16 -0.382683
      outer loop
         vertex 0.00932573 -0.089 -0.0345164
         vertex 0.00902225 -0.089 -0.0340622
         vertex 0.00902225 -0.085 -0.0340622
      endloop
   endfacet
   facet normal -1 4.24885e-32 -6.12323e-17
      outer loop
         vertex 0.0094323 -0.089 -0.0350521
         vertex 0.00932573 -0.089 -0.0345164
         vertex 0.00932573 -0.085 -0.0345164
      endloop
   endfacet
   facet normal -0.92388 -2.6554e-16 0.382683
      outer loop
         vertex 0.00932573 -0.089 -0.0355879
         vertex 0.0094323 -0.089 -0.0350521
         vertex 0.0094323 -0.085 -0.0350521
      endloop
   endfacet
   facet normal -0.707107 -4.90654e-16 0.707107
      outer loop
         vertex 0.00902225 -0.089 -0.0360421
         vertex 0.00932573 -0.089 -0.0355879
         vertex 0.00932573 -0.085 -0.0355879
      endloop
   endfacet
   facet normal -0.382683 -6.4107e-16 0.92388
      outer loop
         vertex 0.00856805 -0.089 -0.0363456
         vertex 0.00902225 -0.089 -0.0360421
         vertex 0.00902225 -0.085 -0.0360421
      endloop
   endfacet
   facet normal 0 -6.93889e-16 1
      outer loop
         vertex 0.0080323 -0.089 -0.0364521
         vertex 0.00856805 -0.089 -0.0363456
         vertex 0.00856805 -0.085 -0.0363456
      endloop
   endfacet
   facet normal 0.382683 -6.4107e-16 0.92388
      outer loop
         vertex 0.00749654 -0.089 -0.0363456
         vertex 0.0080323 -0.089 -0.0364521
         vertex 0.0080323 -0.085 -0.0364521
      endloop
   endfacet
   facet normal 0.707107 -4.90654e-16 0.707107
      outer loop
         vertex 0.00704235 -0.089 -0.0360421
         vertex 0.00749654 -0.089 -0.0363456
         vertex 0.00749654 -0.085 -0.0363456
      endloop
   endfacet
   facet normal 0.92388 -2.6554e-16 0.382683
      outer loop
         vertex 0.00673887 -0.089 -0.0355879
         vertex 0.00704235 -0.089 -0.0360421
         vertex 0.00704235 -0.085 -0.0360421
      endloop
   endfacet
   facet normal 1 -1.27465e-31 1.83697e-16
      outer loop
         vertex 0.0066323 -0.089 -0.0350521
         vertex 0.00673887 -0.089 -0.0355879
         vertex 0.00673887 -0.085 -0.0355879
      endloop
   endfacet
   facet normal 0.92388 2.6554e-16 -0.382683
      outer loop
         vertex 0.00673887 -0.089 -0.0345164
         vertex 0.0066323 -0.089 -0.0350521
         vertex 0.0066323 -0.085 -0.0350521
      endloop
   endfacet
   facet normal 0.707107 4.90654e-16 -0.707107
      outer loop
         vertex 0.00704235 -0.089 -0.0340622
         vertex 0.00673887 -0.089 -0.0345164
         vertex 0.00673887 -0.085 -0.0345164
      endloop
   endfacet
   facet normal 0.382683 6.4107e-16 -0.92388
      outer loop
         vertex 0.00749654 -0.089 -0.0337587
         vertex 0.00704235 -0.089 -0.0340622
         vertex 0.00704235 -0.085 -0.0340622
      endloop
   endfacet
   facet normal 2.44929e-16 6.93889e-16 -1
      outer loop
         vertex 0.0080323 -0.089 -0.0336521
         vertex 0.00749654 -0.089 -0.0337587
         vertex 0.00749654 -0.085 -0.0337587
      endloop
   endfacet
   facet normal 0.382683 6.4107e-16 -0.92388
      outer loop
         vertex -0.00377977 -0.085 -0.0296544
         vertex -0.00324401 -0.085 -0.0295479
         vertex -0.00324401 -0.089 -0.0295479
      endloop
   endfacet
   facet normal 0.707107 4.90654e-16 -0.707107
      outer loop
         vertex -0.00423396 -0.085 -0.0299579
         vertex -0.00377977 -0.085 -0.0296544
         vertex -0.00377977 -0.089 -0.0296544
      endloop
   endfacet
   facet normal 0.92388 2.6554e-16 -0.382683
      outer loop
         vertex -0.00453745 -0.085 -0.0304121
         vertex -0.00423396 -0.085 -0.0299579
         vertex -0.00423396 -0.089 -0.0299579
      endloop
   endfacet
   facet normal 1 -1.27465e-31 1.83697e-16
      outer loop
         vertex -0.00464401 -0.085 -0.0309479
         vertex -0.00453745 -0.085 -0.0304121
         vertex -0.00453745 -0.089 -0.0304121
      endloop
   endfacet
   facet normal 0.92388 -2.6554e-16 0.382683
      outer loop
         vertex -0.00453745 -0.089 -0.0314836
         vertex -0.00453745 -0.085 -0.0314836
         vertex -0.00459423 -0.085 -0.0311982
      endloop
   endfacet
   facet normal 0.983248 0 0.182271
      outer loop
         vertex -0.00459423 -0.085 -0.0311982
         vertex -0.00464401 -0.089 -0.0309479
         vertex -0.00453745 -0.089 -0.0314836
      endloop
   endfacet
   facet normal 0.707107 -4.90654e-16 0.707107
      outer loop
         vertex -0.00423396 -0.085 -0.0319378
         vertex -0.00453745 -0.085 -0.0314836
         vertex -0.00453745 -0.089 -0.0314836
      endloop
   endfacet
   facet normal 0.382683 -6.4107e-16 0.92388
      outer loop
         vertex -0.00377977 -0.085 -0.0322413
         vertex -0.00423396 -0.085 -0.0319378
         vertex -0.00423396 -0.089 -0.0319378
      endloop
   endfacet
   facet normal 0 -6.19544e-16 1
      outer loop
         vertex -0.00324401 -0.085 -0.0323479
         vertex -0.00377977 -0.085 -0.0322413
         vertex -0.00377977 -0.089 -0.0322413
      endloop
   endfacet
   facet normal -0.382683 -6.4107e-16 0.92388
      outer loop
         vertex -0.00270826 -0.085 -0.0322413
         vertex -0.00324401 -0.085 -0.0323479
         vertex -0.00324401 -0.089 -0.0323479
      endloop
   endfacet
   facet normal -0.707107 -4.90654e-16 0.707107
      outer loop
         vertex -0.00225407 -0.085 -0.0319378
         vertex -0.00270826 -0.085 -0.0322413
         vertex -0.00270826 -0.089 -0.0322413
      endloop
   endfacet
   facet normal -0.92388 -2.6554e-16 0.382683
      outer loop
         vertex -0.00195058 -0.085 -0.0314836
         vertex -0.00225407 -0.085 -0.0319378
         vertex -0.00225407 -0.089 -0.0319378
      endloop
   endfacet
   facet normal -0.92388 -2.6554e-16 0.382683
      outer loop
         vertex -0.00195058 -0.089 -0.0314836
         vertex -0.00184401 -0.089 -0.0309479
         vertex -0.0018938 -0.085 -0.0311982
      endloop
   endfacet
   facet normal -1 4.24885e-32 -6.12323e-17
      outer loop
         vertex -0.00184401 -0.089 -0.0309479
         vertex -0.00184401 -0.085 -0.0309479
         vertex -0.0018938 -0.085 -0.0311982
      endloop
   endfacet
   facet normal -0.92388 2.6554e-16 -0.382683
      outer loop
         vertex -0.00195058 -0.085 -0.0304121
         vertex -0.00184401 -0.085 -0.0309479
         vertex -0.00184401 -0.089 -0.0309479
      endloop
   endfacet
   facet normal -0.707107 4.90654e-16 -0.707107
      outer loop
         vertex -0.00225407 -0.085 -0.0299579
         vertex -0.00195058 -0.085 -0.0304121
         vertex -0.00195058 -0.089 -0.0304121
      endloop
   endfacet
   facet normal -0.382683 6.4107e-16 -0.92388
      outer loop
         vertex -0.00270826 -0.085 -0.0296544
         vertex -0.00225407 -0.085 -0.0299579
         vertex -0.00225407 -0.089 -0.0299579
      endloop
   endfacet
   facet normal 2.44929e-16 6.93889e-16 -1
      outer loop
         vertex -0.00324401 -0.085 -0.0295479
         vertex -0.00270826 -0.085 -0.0296544
         vertex -0.00270826 -0.089 -0.0296544
      endloop
   endfacet
   facet normal -0.382683 6.4107e-16 -0.92388
      outer loop
         vertex -0.00270826 -0.089 -0.0296544
         vertex -0.00324401 -0.089 -0.0295479
         vertex -0.00324401 -0.085 -0.0295479
      endloop
   endfacet
   facet normal -0.707107 4.90654e-16 -0.707107
      outer loop
         vertex -0.00225407 -0.089 -0.0299579
         vertex -0.00270826 -0.089 -0.0296544
         vertex -0.00270826 -0.085 -0.0296544
      endloop
   endfacet
   facet normal -0.92388 2.6554e-16 -0.382683
      outer loop
         vertex -0.00195058 -0.089 -0.0304121
         vertex -0.00225407 -0.089 -0.0299579
         vertex -0.00225407 -0.085 -0.0299579
      endloop
   endfacet
   facet normal -1 4.24885e-32 -6.12323e-17
      outer loop
         vertex -0.00184401 -0.089 -0.0309479
         vertex -0.00195058 -0.089 -0.0304121
         vertex -0.00195058 -0.085 -0.0304121
      endloop
   endfacet
   facet normal -0.983248 0 0.182271
      outer loop
         vertex -0.0018938 -0.085 -0.0311982
         vertex -0.00195058 -0.085 -0.0314836
         vertex -0.00195058 -0.089 -0.0314836
      endloop
   endfacet
   facet normal -0.707107 -4.90654e-16 0.707107
      outer loop
         vertex -0.00225407 -0.089 -0.0319378
         vertex -0.00195058 -0.089 -0.0314836
         vertex -0.00195058 -0.085 -0.0314836
      endloop
   endfacet
   facet normal -0.382683 -6.4107e-16 0.92388
      outer loop
         vertex -0.00270826 -0.089 -0.0322413
         vertex -0.00225407 -0.089 -0.0319378
         vertex -0.00225407 -0.085 -0.0319378
      endloop
   endfacet
   facet normal 0 -6.19544e-16 1
      outer loop
         vertex -0.00324401 -0.089 -0.0323479
         vertex -0.00270826 -0.089 -0.0322413
         vertex -0.00270826 -0.085 -0.0322413
      endloop
   endfacet
   facet normal 0.382683 -6.4107e-16 0.92388
      outer loop
         vertex -0.00377977 -0.089 -0.0322413
         vertex -0.00324401 -0.089 -0.0323479
         vertex -0.00324401 -0.085 -0.0323479
      endloop
   endfacet
   facet normal 0.707107 -4.90654e-16 0.707107
      outer loop
         vertex -0.00423396 -0.089 -0.0319378
         vertex -0.00377977 -0.089 -0.0322413
         vertex -0.00377977 -0.085 -0.0322413
      endloop
   endfacet
   facet normal 0.92388 -2.6554e-16 0.382683
      outer loop
         vertex -0.00453745 -0.089 -0.0314836
         vertex -0.00423396 -0.089 -0.0319378
         vertex -0.00423396 -0.085 -0.0319378
      endloop
   endfacet
   facet normal 0.983248 0 0.182271
      outer loop
         vertex -0.00459423 -0.085 -0.0311982
         vertex -0.00464401 -0.085 -0.0309479
         vertex -0.00464401 -0.089 -0.0309479
      endloop
   endfacet
   facet normal 0.92388 2.6554e-16 -0.382683
      outer loop
         vertex -0.00453745 -0.089 -0.0304121
         vertex -0.00464401 -0.089 -0.0309479
         vertex -0.00464401 -0.085 -0.0309479
      endloop
   endfacet
   facet normal 0.707107 4.90654e-16 -0.707107
      outer loop
         vertex -0.00423396 -0.089 -0.0299579
         vertex -0.00453745 -0.089 -0.0304121
         vertex -0.00453745 -0.085 -0.0304121
      endloop
   endfacet
   facet normal 0.382683 6.4107e-16 -0.92388
      outer loop
         vertex -0.00377977 -0.089 -0.0296544
         vertex -0.00423396 -0.089 -0.0299579
         vertex -0.00423396 -0.085 -0.0299579
      endloop
   endfacet
   facet normal 2.44929e-16 6.93889e-16 -1
      outer loop
         vertex -0.00324401 -0.089 -0.0295479
         vertex -0.00377977 -0.089 -0.0296544
         vertex -0.00377977 -0.085 -0.0296544
      endloop
   endfacet
   facet normal 0.382683 6.4107e-16 -0.92388
      outer loop
         vertex 0.0544642 -0.085 -0.00620657
         vertex 0.055 -0.085 -0.0061
         vertex 0.055 -0.089 -0.0061
      endloop
   endfacet
   facet normal 0.707107 4.90654e-16 -0.707107
      outer loop
         vertex 0.0540101 -0.085 -0.00651005
         vertex 0.0544642 -0.085 -0.00620657
         vertex 0.0544642 -0.089 -0.00620657
      endloop
   endfacet
   facet normal 0.92388 2.6554e-16 -0.382683
      outer loop
         vertex 0.0537066 -0.085 -0.00696424
         vertex 0.0540101 -0.085 -0.00651005
         vertex 0.0540101 -0.089 -0.00651005
      endloop
   endfacet
   facet normal 1 -1.27465e-31 1.83697e-16
      outer loop
         vertex 0.0536 -0.085 -0.0075
         vertex 0.0537066 -0.085 -0.00696424
         vertex 0.0537066 -0.089 -0.00696424
      endloop
   endfacet
   facet normal 0.92388 -2.6554e-16 0.382683
      outer loop
         vertex 0.0537066 -0.085 -0.00803576
         vertex 0.0536 -0.085 -0.0075
         vertex 0.0536 -0.089 -0.0075
      endloop
   endfacet
   facet normal 0.707107 -4.90654e-16 0.707107
      outer loop
         vertex 0.0540101 -0.085 -0.00848995
         vertex 0.0537066 -0.085 -0.00803576
         vertex 0.0537066 -0.089 -0.00803576
      endloop
   endfacet
   facet normal 0.382683 -6.4107e-16 0.92388
      outer loop
         vertex 0.0544642 -0.085 -0.00879343
         vertex 0.0540101 -0.085 -0.00848995
         vertex 0.0540101 -0.089 -0.00848995
      endloop
   endfacet
   facet normal -1.22465e-16 -6.93889e-16 1
      outer loop
         vertex 0.055 -0.085 -0.0089
         vertex 0.0544642 -0.085 -0.00879343
         vertex 0.0544642 -0.089 -0.00879343
      endloop
   endfacet
   facet normal -0.382683 -6.4107e-16 0.92388
      outer loop
         vertex 0.0555358 -0.085 -0.00879343
         vertex 0.055 -0.085 -0.0089
         vertex 0.055 -0.089 -0.0089
      endloop
   endfacet
   facet normal -0.707107 -4.90654e-16 0.707107
      outer loop
         vertex 0.0559899 -0.085 -0.00848995
         vertex 0.0555358 -0.085 -0.00879343
         vertex 0.0555358 -0.089 -0.00879343
      endloop
   endfacet
   facet normal -0.92388 -2.6554e-16 0.382683
      outer loop
         vertex 0.0562934 -0.085 -0.00803576
         vertex 0.0559899 -0.085 -0.00848995
         vertex 0.0559899 -0.089 -0.00848995
      endloop
   endfacet
   facet normal -1 4.24885e-32 -6.12323e-17
      outer loop
         vertex 0.0564 -0.085 -0.0075
         vertex 0.0562934 -0.085 -0.00803576
         vertex 0.0562934 -0.089 -0.00803576
      endloop
   endfacet
   facet normal -0.92388 2.6554e-16 -0.382683
      outer loop
         vertex 0.0562934 -0.085 -0.00696424
         vertex 0.0564 -0.085 -0.0075
         vertex 0.0564 -0.089 -0.0075
      endloop
   endfacet
   facet normal -0.707107 4.90654e-16 -0.707107
      outer loop
         vertex 0.0559899 -0.085 -0.00651005
         vertex 0.0562934 -0.085 -0.00696424
         vertex 0.0562934 -0.089 -0.00696424
      endloop
   endfacet
   facet normal -0.382683 6.4107e-16 -0.92388
      outer loop
         vertex 0.0555358 -0.085 -0.00620657
         vertex 0.0559899 -0.085 -0.00651005
         vertex 0.0559899 -0.089 -0.00651005
      endloop
   endfacet
   facet normal 0 1.23909e-15 -1
      outer loop
         vertex 0.055 -0.085 -0.0061
         vertex 0.0555358 -0.085 -0.00620657
         vertex 0.0555358 -0.089 -0.00620657
      endloop
   endfacet
   facet normal -0.382683 6.4107e-16 -0.92388
      outer loop
         vertex 0.0555358 -0.089 -0.00620657
         vertex 0.055 -0.089 -0.0061
         vertex 0.055 -0.085 -0.0061
      endloop
   endfacet
   facet normal -0.707107 4.90654e-16 -0.707107
      outer loop
         vertex 0.0559899 -0.089 -0.00651005
         vertex 0.0555358 -0.089 -0.00620657
         vertex 0.0555358 -0.085 -0.00620657
      endloop
   endfacet
   facet normal -0.92388 2.6554e-16 -0.382683
      outer loop
         vertex 0.0562934 -0.089 -0.00696424
         vertex 0.0559899 -0.089 -0.00651005
         vertex 0.0559899 -0.085 -0.00651005
      endloop
   endfacet
   facet normal -1 4.24885e-32 -6.12323e-17
      outer loop
         vertex 0.0564 -0.089 -0.0075
         vertex 0.0562934 -0.089 -0.00696424
         vertex 0.0562934 -0.085 -0.00696424
      endloop
   endfacet
   facet normal -0.92388 -2.6554e-16 0.382683
      outer loop
         vertex 0.0562934 -0.089 -0.00803576
         vertex 0.0564 -0.089 -0.0075
         vertex 0.0564 -0.085 -0.0075
      endloop
   endfacet
   facet normal -0.707107 -4.90654e-16 0.707107
      outer loop
         vertex 0.0559899 -0.089 -0.00848995
         vertex 0.0562934 -0.089 -0.00803576
         vertex 0.0562934 -0.085 -0.00803576
      endloop
   endfacet
   facet normal -0.382683 -6.4107e-16 0.92388
      outer loop
         vertex 0.0555358 -0.089 -0.00879343
         vertex 0.0559899 -0.089 -0.00848995
         vertex 0.0559899 -0.085 -0.00848995
      endloop
   endfacet
   facet normal 0 -6.19544e-16 1
      outer loop
         vertex 0.055 -0.089 -0.0089
         vertex 0.0555358 -0.089 -0.00879343
         vertex 0.0555358 -0.085 -0.00879343
      endloop
   endfacet
   facet normal 0.382683 -6.4107e-16 0.92388
      outer loop
         vertex 0.0544642 -0.089 -0.00879343
         vertex 0.055 -0.089 -0.0089
         vertex 0.055 -0.085 -0.0089
      endloop
   endfacet
   facet normal 0.707107 -4.90654e-16 0.707107
      outer loop
         vertex 0.0540101 -0.089 -0.00848995
         vertex 0.0544642 -0.089 -0.00879343
         vertex 0.0544642 -0.085 -0.00879343
      endloop
   endfacet
   facet normal 0.92388 -2.6554e-16 0.382683
      outer loop
         vertex 0.0537066 -0.089 -0.00803576
         vertex 0.0540101 -0.089 -0.00848995
         vertex 0.0540101 -0.085 -0.00848995
      endloop
   endfacet
   facet normal 1 -1.27465e-31 1.83697e-16
      outer loop
         vertex 0.0536 -0.089 -0.0075
         vertex 0.0537066 -0.089 -0.00803576
         vertex 0.0537066 -0.085 -0.00803576
      endloop
   endfacet
   facet normal 0.92388 2.6554e-16 -0.382683
      outer loop
         vertex 0.0537066 -0.089 -0.00696424
         vertex 0.0536 -0.089 -0.0075
         vertex 0.0536 -0.085 -0.0075
      endloop
   endfacet
   facet normal 0.707107 4.90654e-16 -0.707107
      outer loop
         vertex 0.0540101 -0.089 -0.00651005
         vertex 0.0537066 -0.089 -0.00696424
         vertex 0.0537066 -0.085 -0.00696424
      endloop
   endfacet
   facet normal 0.382683 6.4107e-16 -0.92388
      outer loop
         vertex 0.0544642 -0.089 -0.00620657
         vertex 0.0540101 -0.089 -0.00651005
         vertex 0.0540101 -0.085 -0.00651005
      endloop
   endfacet
   facet normal 0 1.23909e-15 -1
      outer loop
         vertex 0.055 -0.089 -0.0061
         vertex 0.0544642 -0.089 -0.00620657
         vertex 0.0544642 -0.085 -0.00620657
      endloop
   endfacet
   facet normal 0.382683 6.4107e-16 -0.92388
      outer loop
         vertex -0.00653576 -0.085 -0.00620657
         vertex -0.006 -0.085 -0.0061
         vertex -0.006 -0.089 -0.0061
      endloop
   endfacet
   facet normal 0.382683 6.4107e-16 -0.92388
      outer loop
         vertex -0.00653576 -0.089 -0.00620657
         vertex -0.00698995 -0.089 -0.00651005
         vertex -0.00677976 -0.085 -0.00636961
      endloop
   endfacet
   facet normal 0.707107 4.90654e-16 -0.707107
      outer loop
         vertex -0.00698995 -0.089 -0.00651005
         vertex -0.00698995 -0.085 -0.00651005
         vertex -0.00677976 -0.085 -0.00636961
      endloop
   endfacet
   facet normal 0.92388 2.6554e-16 -0.382683
      outer loop
         vertex -0.00729343 -0.085 -0.00696424
         vertex -0.00698995 -0.085 -0.00651005
         vertex -0.00698995 -0.089 -0.00651005
      endloop
   endfacet
   facet normal 1 -1.27465e-31 1.83697e-16
      outer loop
         vertex -0.0074 -0.085 -0.0075
         vertex -0.00729343 -0.085 -0.00696424
         vertex -0.00729343 -0.089 -0.00696424
      endloop
   endfacet
   facet normal 0.92388 -2.6554e-16 0.382683
      outer loop
         vertex -0.00729343 -0.085 -0.00803576
         vertex -0.0074 -0.085 -0.0075
         vertex -0.0074 -0.089 -0.0075
      endloop
   endfacet
   facet normal 0.707107 -4.90654e-16 0.707107
      outer loop
         vertex -0.00698995 -0.085 -0.00848995
         vertex -0.00729343 -0.085 -0.00803576
         vertex -0.00729343 -0.089 -0.00803576
      endloop
   endfacet
   facet normal 0.382683 -6.4107e-16 0.92388
      outer loop
         vertex -0.00653576 -0.089 -0.00879343
         vertex -0.00653576 -0.085 -0.00879343
         vertex -0.00677976 -0.085 -0.00863039
      endloop
   endfacet
   facet normal 0.567823 0 0.82315
      outer loop
         vertex -0.00677976 -0.085 -0.00863039
         vertex -0.00698995 -0.089 -0.00848995
         vertex -0.00653576 -0.089 -0.00879343
      endloop
   endfacet
   facet normal -1.22465e-16 -6.93889e-16 1
      outer loop
         vertex -0.006 -0.085 -0.0089
         vertex -0.00653576 -0.085 -0.00879343
         vertex -0.00653576 -0.089 -0.00879343
      endloop
   endfacet
   facet normal -0.382683 -6.4107e-16 0.92388
      outer loop
         vertex -0.00546424 -0.085 -0.00879343
         vertex -0.006 -0.085 -0.0089
         vertex -0.006 -0.089 -0.0089
      endloop
   endfacet
   facet normal -0.707107 -4.90654e-16 0.707107
      outer loop
         vertex -0.00501005 -0.089 -0.00848995
         vertex -0.00501005 -0.085 -0.00848995
         vertex -0.00540177 -0.085 -0.00875169
      endloop
   endfacet
   facet normal -0.431218 -1.23909e-15 0.902248
      outer loop
         vertex -0.00540177 -0.085 -0.00875169
         vertex -0.00546424 -0.089 -0.00879343
         vertex -0.00501005 -0.089 -0.00848995
      endloop
   endfacet
   facet normal -0.92388 -2.6554e-16 0.382683
      outer loop
         vertex -0.00470657 -0.085 -0.00803576
         vertex -0.00501005 -0.085 -0.00848995
         vertex -0.00501005 -0.089 -0.00848995
      endloop
   endfacet
   facet normal -1 4.24885e-32 -6.12323e-17
      outer loop
         vertex -0.0046 -0.085 -0.0075
         vertex -0.00470657 -0.085 -0.00803576
         vertex -0.00470657 -0.089 -0.00803576
      endloop
   endfacet
   facet normal -0.92388 2.6554e-16 -0.382683
      outer loop
         vertex -0.00470657 -0.085 -0.00696424
         vertex -0.0046 -0.085 -0.0075
         vertex -0.0046 -0.089 -0.0075
      endloop
   endfacet
   facet normal -0.707107 4.90654e-16 -0.707107
      outer loop
         vertex -0.00501005 -0.085 -0.00651005
         vertex -0.00470657 -0.085 -0.00696424
         vertex -0.00470657 -0.089 -0.00696424
      endloop
   endfacet
   facet normal -0.707107 4.90654e-16 -0.707107
      outer loop
         vertex -0.00501005 -0.089 -0.00651005
         vertex -0.00546424 -0.089 -0.00620657
         vertex -0.00540177 -0.085 -0.00624831
      endloop
   endfacet
   facet normal -0.382683 6.4107e-16 -0.92388
      outer loop
         vertex -0.00546424 -0.089 -0.00620657
         vertex -0.00546424 -0.085 -0.00620657
         vertex -0.00540177 -0.085 -0.00624831
      endloop
   endfacet
   facet normal 0 1.23909e-15 -1
      outer loop
         vertex -0.006 -0.085 -0.0061
         vertex -0.00546424 -0.085 -0.00620657
         vertex -0.00546424 -0.089 -0.00620657
      endloop
   endfacet
   facet normal -0.382683 6.4107e-16 -0.92388
      outer loop
         vertex -0.00546424 -0.089 -0.00620657
         vertex -0.006 -0.089 -0.0061
         vertex -0.006 -0.085 -0.0061
      endloop
   endfacet
   facet normal -0.431218 1.23909e-15 -0.902248
      outer loop
         vertex -0.00540177 -0.085 -0.00624831
         vertex -0.00501005 -0.085 -0.00651005
         vertex -0.00501005 -0.089 -0.00651005
      endloop
   endfacet
   facet normal -0.92388 2.6554e-16 -0.382683
      outer loop
         vertex -0.00470657 -0.089 -0.00696424
         vertex -0.00501005 -0.089 -0.00651005
         vertex -0.00501005 -0.085 -0.00651005
      endloop
   endfacet
   facet normal -1 4.24885e-32 -6.12323e-17
      outer loop
         vertex -0.0046 -0.089 -0.0075
         vertex -0.00470657 -0.089 -0.00696424
         vertex -0.00470657 -0.085 -0.00696424
      endloop
   endfacet
   facet normal -0.92388 -2.6554e-16 0.382683
      outer loop
         vertex -0.00470657 -0.089 -0.00803576
         vertex -0.0046 -0.089 -0.0075
         vertex -0.0046 -0.085 -0.0075
      endloop
   endfacet
   facet normal -0.707107 -4.90654e-16 0.707107
      outer loop
         vertex -0.00501005 -0.089 -0.00848995
         vertex -0.00470657 -0.089 -0.00803576
         vertex -0.00470657 -0.085 -0.00803576
      endloop
   endfacet
   facet normal -0.431218 -1.23909e-15 0.902248
      outer loop
         vertex -0.00540177 -0.085 -0.00875169
         vertex -0.00546424 -0.085 -0.00879343
         vertex -0.00546424 -0.089 -0.00879343
      endloop
   endfacet
   facet normal -1.22465e-16 -6.93889e-16 1
      outer loop
         vertex -0.006 -0.089 -0.0089
         vertex -0.00546424 -0.089 -0.00879343
         vertex -0.00546424 -0.085 -0.00879343
      endloop
   endfacet
   facet normal 0.382683 -6.4107e-16 0.92388
      outer loop
         vertex -0.00653576 -0.089 -0.00879343
         vertex -0.006 -0.089 -0.0089
         vertex -0.006 -0.085 -0.0089
      endloop
   endfacet
   facet normal 0.567823 0 0.82315
      outer loop
         vertex -0.00677976 -0.085 -0.00863039
         vertex -0.00698995 -0.085 -0.00848995
         vertex -0.00698995 -0.089 -0.00848995
      endloop
   endfacet
   facet normal 0.92388 -2.6554e-16 0.382683
      outer loop
         vertex -0.00729343 -0.089 -0.00803576
         vertex -0.00698995 -0.089 -0.00848995
         vertex -0.00698995 -0.085 -0.00848995
      endloop
   endfacet
   facet normal 1 -1.27465e-31 1.83697e-16
      outer loop
         vertex -0.0074 -0.089 -0.0075
         vertex -0.00729343 -0.089 -0.00803576
         vertex -0.00729343 -0.085 -0.00803576
      endloop
   endfacet
   facet normal 0.92388 2.6554e-16 -0.382683
      outer loop
         vertex -0.00729343 -0.089 -0.00696424
         vertex -0.0074 -0.089 -0.0075
         vertex -0.0074 -0.085 -0.0075
      endloop
   endfacet
   facet normal 0.707107 4.90654e-16 -0.707107
      outer loop
         vertex -0.00698995 -0.089 -0.00651005
         vertex -0.00729343 -0.089 -0.00696424
         vertex -0.00729343 -0.085 -0.00696424
      endloop
   endfacet
   facet normal 0.567823 0 -0.82315
      outer loop
         vertex -0.00677976 -0.085 -0.00636961
         vertex -0.00653576 -0.085 -0.00620657
         vertex -0.00653576 -0.089 -0.00620657
      endloop
   endfacet
   facet normal 0 1.23909e-15 -1
      outer loop
         vertex -0.006 -0.089 -0.0061
         vertex -0.00653576 -0.089 -0.00620657
         vertex -0.00653576 -0.085 -0.00620657
      endloop
   endfacet
   facet normal 0.0767022 -0.707106 -0.702936
      outer loop
         vertex 0.0290612 -0.094 -0.0398576
         vertex 0.0289481 -0.095 -0.0388104
         vertex 0.0231544 -0.095 -0.039012
      endloop
   endfacet
   facet normal 0.0766988 -0.707106 -0.702936
      outer loop
         vertex 0.0289481 -0.095 -0.0388104
         vertex 0.0290612 -0.094 -0.0398576
         vertex 0.0310556 -0.094 -0.0398107
      endloop
   endfacet
   facet normal 0.263589 -0.70712 -0.656127
      outer loop
         vertex 0.0370469 -0.094 -0.0374613
         vertex 0.0366834 -0.095 -0.0365767
         vertex 0.0314107 -0.095 -0.0387248
      endloop
   endfacet
   facet normal 0.140726 -0.707138 -0.69293
      outer loop
         vertex 0.0314107 -0.095 -0.0387248
         vertex 0.0310556 -0.094 -0.0398107
         vertex 0.0370469 -0.094 -0.0374613
      endloop
   endfacet
   facet normal 0.263597 -0.70712 -0.656124
      outer loop
         vertex 0.0366834 -0.095 -0.0365767
         vertex 0.0370469 -0.094 -0.0374613
         vertex 0.0427529 -0.094 -0.0352238
      endloop
   endfacet
   facet normal 0.436205 -0.707107 -0.55653
      outer loop
         vertex 0.0459393 -0.094 -0.0323295
         vertex 0.0453468 -0.095 -0.0315752
         vertex 0.0424918 -0.095 -0.0342103
      endloop
   endfacet
   facet normal 0.374307 -0.707116 -0.599901
      outer loop
         vertex 0.0424918 -0.095 -0.0342103
         vertex 0.0427529 -0.094 -0.0352238
         vertex 0.0459393 -0.094 -0.0323295
      endloop
   endfacet
   facet normal 0.436205 -0.707107 -0.55653
      outer loop
         vertex 0.0459393 -0.094 -0.0323295
         vertex 0.0527257 -0.094 -0.0261655
         vertex 0.051892 -0.095 -0.0255341
      endloop
   endfacet
   facet normal 0.573978 -0.707108 -0.412975
      outer loop
         vertex 0.0522529 -0.095 -0.0252011
         vertex 0.051892 -0.095 -0.0255341
         vertex 0.0527257 -0.094 -0.0261655
      endloop
   endfacet
   facet normal 0.656628 -0.707098 -0.262397
      outer loop
         vertex 0.0560755 -0.094 -0.0197321
         vertex 0.0549915 -0.095 -0.0193004
         vertex 0.0522529 -0.095 -0.0252011
      endloop
   endfacet
   facet normal 0.573978 -0.707108 -0.412975
      outer loop
         vertex 0.0522529 -0.095 -0.0252011
         vertex 0.0529095 -0.094 -0.0259985
         vertex 0.0560755 -0.094 -0.0197321
      endloop
   endfacet
   facet normal 0.656624 -0.707098 -0.262406
      outer loop
         vertex 0.0549915 -0.095 -0.0193004
         vertex 0.0560755 -0.094 -0.0197321
         vertex 0.0570815 -0.094 -0.017741
      endloop
   endfacet
   facet normal 0.702487 -0.707103 -0.0807273
      outer loop
         vertex 0.0576456 -0.094 -0.0139081
         vertex 0.0567371 -0.095 -0.0138108
         vertex 0.0564766 -0.095 -0.0161008
      endloop
   endfacet
   facet normal 0.689494 -0.707103 -0.156854
      outer loop
         vertex 0.0564766 -0.095 -0.0161008
         vertex 0.0570815 -0.094 -0.017741
         vertex 0.0576456 -0.094 -0.0139081
      endloop
   endfacet
   facet normal 0.702487 -0.707103 -0.0807273
      outer loop
         vertex 0.0576456 -0.094 -0.0139081
         vertex 0.058 -0.094 -0.0115
         vertex 0.057 -0.095 -0.0115
      endloop
   endfacet
   facet normal 0.707107 -0.707107 -0.000251647
      outer loop
         vertex 0.057 -0.095 -0.0115
         vertex 0.0567371 -0.095 -0.0138108
         vertex 0.0576456 -0.094 -0.0139081
      endloop
   endfacet
   facet normal 0.678284 -0.707107 -0.199826
      outer loop
         vertex 0.0570815 -0.094 -0.017741
         vertex 0.0564766 -0.095 -0.0161008
         vertex 0.0549915 -0.095 -0.0193004
      endloop
   endfacet
   facet normal 0.567063 -0.707109 -0.422417
      outer loop
         vertex 0.0527257 -0.094 -0.0261655
         vertex 0.0529095 -0.094 -0.0259985
         vertex 0.0522529 -0.095 -0.0252011
      endloop
   endfacet
   facet normal 0.567063 -0.707109 -0.422417
      outer loop
         vertex 0.051892 -0.095 -0.0255341
         vertex 0.0453468 -0.095 -0.0315752
         vertex 0.0459393 -0.094 -0.0323295
      endloop
   endfacet
   facet normal 0.369295 -0.707115 -0.603
      outer loop
         vertex 0.0427529 -0.094 -0.0352238
         vertex 0.0424918 -0.095 -0.0342103
         vertex 0.0366834 -0.095 -0.0365767
      endloop
   endfacet
   facet normal 0.12728 -0.707133 -0.695531
      outer loop
         vertex 0.0310556 -0.094 -0.0398107
         vertex 0.0314107 -0.095 -0.0387248
         vertex 0.0289481 -0.095 -0.0388104
      endloop
   endfacet
   facet normal -0.108449 -0.707107 -0.698741
      outer loop
         vertex 0.0231544 -0.095 -0.039012
         vertex 0.023 -0.094 -0.04
         vertex 0.0290612 -0.094 -0.0398576
      endloop
   endfacet
   facet normal -0.112199 -0.707116 -0.698139
      outer loop
         vertex 0.0165976 -0.095 -0.0379787
         vertex 0.0103141 -0.0945234 -0.0373974
         vertex 0.0108569 -0.094 -0.0380273
      endloop
   endfacet
   facet normal -0.126018 -0.707109 -0.695785
      outer loop
         vertex 0.0103141 -0.0945234 -0.0373974
         vertex 0.0105873 -0.0940464 -0.0379312
         vertex 0.0107895 -0.0940011 -0.0380135
      endloop
   endfacet
   facet normal -0.124293 -0.707117 -0.696086
      outer loop
         vertex 0.0107895 -0.0940011 -0.0380135
         vertex 0.0108569 -0.094 -0.0380273
         vertex 0.0103141 -0.0945234 -0.0373974
      endloop
   endfacet
   facet normal -0.112199 -0.707116 -0.698139
      outer loop
         vertex 0.0165976 -0.095 -0.0379787
         vertex 0.0100411 -0.095 -0.0368632
         vertex 0.0103141 -0.0945234 -0.0373974
      endloop
   endfacet
   facet normal -0.126018 -0.707109 -0.695785
      outer loop
         vertex 0.0103141 -0.0945234 -0.0373974
         vertex 0.0102908 -0.0942069 -0.0377148
         vertex 0.0105285 -0.0940596 -0.0379073
      endloop
   endfacet
   facet normal -0.126018 -0.707109 -0.695785
      outer loop
         vertex 0.0103141 -0.0945234 -0.0373974
         vertex 0.0102831 -0.0942181 -0.037702
         vertex 0.0102908 -0.0942069 -0.0377148
      endloop
   endfacet
   facet normal -0.126018 -0.707109 -0.695785
      outer loop
         vertex 0.0103141 -0.0945234 -0.0373974
         vertex 0.0100913 -0.0945089 -0.0373716
         vertex 0.0100929 -0.0944941 -0.0373869
      endloop
   endfacet
   facet normal -0.126706 -0.707105 -0.695664
      outer loop
         vertex 0.0100929 -0.0944941 -0.0373869
         vertex 0.0102831 -0.0942181 -0.037702
         vertex 0.0103141 -0.0945234 -0.0373974
      endloop
   endfacet
   facet normal -0.126018 -0.707109 -0.695785
      outer loop
         vertex 0.0103141 -0.0945234 -0.0373974
         vertex 0.0100537 -0.0948771 -0.0369905
         vertex 0.0100913 -0.0945089 -0.0373716
      endloop
   endfacet
   facet normal -0.126018 -0.707109 -0.695785
      outer loop
         vertex 0.0103141 -0.0945234 -0.0373974
         vertex 0.0100411 -0.095 -0.0368632
         vertex 0.0100537 -0.0948771 -0.0369905
      endloop
   endfacet
   facet normal -0.125111 -0.707114 -0.695944
      outer loop
         vertex 0.0105285 -0.0940596 -0.0379073
         vertex 0.0105873 -0.0940464 -0.0379312
         vertex 0.0103141 -0.0945234 -0.0373974
      endloop
   endfacet
   facet normal -0.110049 -0.707105 -0.698493
      outer loop
         vertex 0.023 -0.094 -0.04
         vertex 0.0231544 -0.095 -0.039012
         vertex 0.0172501 -0.095 -0.0380818
      endloop
   endfacet
   facet normal -0.11141 -0.707112 -0.69827
      outer loop
         vertex 0.0172501 -0.095 -0.0380818
         vertex 0.0164352 -0.094 -0.0389335
         vertex 0.023 -0.094 -0.04
      endloop
   endfacet
   facet normal -0.11141 -0.707112 -0.69827
      outer loop
         vertex 0.0172501 -0.095 -0.0380818
         vertex 0.0166184 -0.095 -0.0379822
         vertex 0.0164352 -0.094 -0.0389335
      endloop
   endfacet
   facet normal -0.112171 -0.707116 -0.698144
      outer loop
         vertex 0.0166184 -0.095 -0.0379822
         vertex 0.0165976 -0.095 -0.0379787
         vertex 0.0164352 -0.094 -0.0389335
      endloop
   endfacet
   facet normal -0.124092 -0.707118 -0.696121
      outer loop
         vertex 0.0108569 -0.094 -0.0380273
         vertex 0.0164352 -0.094 -0.0389335
         vertex 0.0165976 -0.095 -0.0379787
      endloop
   endfacet
   facet normal -0.175322 8.67362e-16 -0.984511
      outer loop
         vertex 0.0108568 -0.089 -0.0380279
         vertex 0.0108569 -0.094 -0.0380273
         vertex 0.0107895 -0.0940011 -0.0380135
      endloop
   endfacet
   facet normal -0.242647 8.67362e-16 -0.970115
      outer loop
         vertex 0.0107895 -0.0940011 -0.0380135
         vertex 0.0105847 -0.089 -0.0379377
         vertex 0.0108568 -0.089 -0.0380279
      endloop
   endfacet
   facet normal -0.751192 4.58025e-16 -0.660084
      outer loop
         vertex 0.010281 -0.089 -0.0377035
         vertex 0.0105285 -0.0940596 -0.0379073
         vertex 0.0102908 -0.0942069 -0.0377148
      endloop
   endfacet
   facet normal -0.751192 4.58025e-16 -0.660084
      outer loop
         vertex 0.010281 -0.089 -0.0377035
         vertex 0.0105847 -0.089 -0.0379377
         vertex 0.0105873 -0.0940464 -0.0379312
      endloop
   endfacet
   facet normal -0.447988 4.33681e-16 -0.894039
      outer loop
         vertex 0.0105873 -0.0940464 -0.0379312
         vertex 0.0105285 -0.0940596 -0.0379073
         vertex 0.010281 -0.089 -0.0377035
      endloop
   endfacet
   facet normal -0.9444 2.28149e-16 -0.328797
      outer loop
         vertex 0.0100878 -0.089 -0.0373722
         vertex 0.010281 -0.089 -0.0377035
         vertex 0.0102831 -0.0942181 -0.037702
      endloop
   endfacet
   facet normal -0.751015 4.33681e-16 -0.660286
      outer loop
         vertex 0.0102831 -0.0942181 -0.037702
         vertex 0.0100929 -0.0944941 -0.0373869
         vertex 0.0100878 -0.089 -0.0373722
      endloop
   endfacet
   facet normal -0.998706 -3.52831e-17 0.0508483
      outer loop
         vertex 0.0100335 -0.089 -0.0369925
         vertex 0.0100878 -0.089 -0.0373722
         vertex 0.0100913 -0.0945089 -0.0373716
      endloop
   endfacet
   facet normal -0.939693 -4.33681e-16 0.34202
      outer loop
         vertex 0.0100925 -0.089 -0.0367014
         vertex 0.0100335 -0.089 -0.0369925
         vertex 0.0100537 -0.0948771 -0.0369905
      endloop
   endfacet
   facet normal -0.998543 0 0.0539592
      outer loop
         vertex 0.0100537 -0.0948771 -0.0369905
         vertex 0.0100925 -0.095 -0.0367014
         vertex 0.0100925 -0.089 -0.0367014
      endloop
   endfacet
   facet normal -0.998543 0 0.0539592
      outer loop
         vertex 0.0100537 -0.0948771 -0.0369905
         vertex 0.0100411 -0.095 -0.0368632
         vertex 0.0100925 -0.095 -0.0367014
      endloop
   endfacet
   facet normal -0.9442 4.33681e-16 -0.329374
      outer loop
         vertex 0.0100913 -0.0945089 -0.0373716
         vertex 0.0100537 -0.0948771 -0.0369905
         vertex 0.0100335 -0.089 -0.0369925
      endloop
   endfacet
   facet normal -0.939171 4.33681e-16 -0.343449
      outer loop
         vertex 0.0100929 -0.0944941 -0.0373869
         vertex 0.0100913 -0.0945089 -0.0373716
         vertex 0.0100878 -0.089 -0.0373722
      endloop
   endfacet
   facet normal -0.74122 4.33681e-16 -0.671263
      outer loop
         vertex 0.0102908 -0.0942069 -0.0377148
         vertex 0.0102831 -0.0942181 -0.037702
         vertex 0.010281 -0.089 -0.0377035
      endloop
   endfacet
   facet normal -0.242647 8.67362e-16 -0.970115
      outer loop
         vertex 0.0107895 -0.0940011 -0.0380135
         vertex 0.0105873 -0.0940464 -0.0379312
         vertex 0.0105847 -0.089 -0.0379377
      endloop
   endfacet
   facet normal -0.939693 -2.37324e-16 0.34202
      outer loop
         vertex 0.0103815 -0.095 -0.0359072
         vertex 0.0103815 -0.089 -0.0359072
         vertex 0.0100925 -0.089 -0.0367014
      endloop
   endfacet
   facet normal -0.939693 -2.37324e-16 0.34202
      outer loop
         vertex 0.0100925 -0.089 -0.0367014
         vertex 0.0100925 -0.095 -0.0367014
         vertex 0.0103815 -0.095 -0.0359072
      endloop
   endfacet
   facet normal -0.67559 5.11589e-16 -0.737277
      outer loop
         vertex 0.00972127 -0.095 -0.0332089
         vertex 0.00888735 -0.095 -0.0327029
         vertex 0.00888735 -0.089 -0.0327029
      endloop
   endfacet
   facet normal -0.906308 2.9325e-16 -0.422618
      outer loop
         vertex 0.0102981 -0.095 -0.0339956
         vertex 0.00972127 -0.095 -0.0332089
         vertex 0.00972127 -0.089 -0.0332089
      endloop
   endfacet
   facet normal -0.999048 3.0267e-17 -0.0436194
      outer loop
         vertex 0.0105299 -0.095 -0.0349431
         vertex 0.0102981 -0.095 -0.0339956
         vertex 0.0102981 -0.089 -0.0339956
      endloop
   endfacet
   facet normal -0.939693 0 0.34202
      outer loop
         vertex 0.0103815 -0.095 -0.0359072
         vertex 0.0105299 -0.095 -0.0349431
         vertex 0.0105299 -0.089 -0.0349431
      endloop
   endfacet
   facet normal -0.999048 3.0267e-17 -0.0436194
      outer loop
         vertex 0.0105299 -0.089 -0.0349431
         vertex 0.0103815 -0.089 -0.0359072
         vertex 0.0103815 -0.095 -0.0359072
      endloop
   endfacet
   facet normal -0.906308 2.9325e-16 -0.422618
      outer loop
         vertex 0.0102981 -0.089 -0.0339956
         vertex 0.0105299 -0.089 -0.0349431
         vertex 0.0105299 -0.095 -0.0349431
      endloop
   endfacet
   facet normal -0.67559 5.11589e-16 -0.737277
      outer loop
         vertex 0.00972127 -0.089 -0.0332089
         vertex 0.0102981 -0.089 -0.0339956
         vertex 0.0102981 -0.095 -0.0339956
      endloop
   endfacet
   facet normal -0.34202 0 -0.939693
      outer loop
         vertex 0.00888735 -0.089 -0.0327029
         vertex 0.00972127 -0.089 -0.0332089
         vertex 0.00972127 -0.095 -0.0332089
      endloop
   endfacet
   facet normal -0.34202 6.52043e-16 -0.939693
      outer loop
         vertex 0.00888735 -0.089 -0.0327029
         vertex 0.00888735 -0.095 -0.0327029
         vertex -0.00155563 -0.095 -0.028902
      endloop
   endfacet
   facet normal -0.34202 6.52043e-16 -0.939693
      outer loop
         vertex -0.00155563 -0.095 -0.028902
         vertex -0.00238896 -0.089 -0.0285986
         vertex 0.00888735 -0.089 -0.0327029
      endloop
   endfacet
   facet normal -0.34202 6.52043e-16 -0.939693
      outer loop
         vertex -0.00155563 -0.095 -0.028902
         vertex -0.00238896 -0.095 -0.0285986
         vertex -0.00238896 -0.089 -0.0285986
      endloop
   endfacet
   facet normal 0 -1 -6.93889e-16
      outer loop
         vertex 0.00856805 -0.089 -0.0363456
         vertex 0.0100878 -0.089 -0.0373722
         vertex 0.0100335 -0.089 -0.0369925
      endloop
   endfacet
   facet normal 0 -1 -6.93889e-16
      outer loop
         vertex 0.0100925 -0.089 -0.0367014
         vertex 0.0103815 -0.089 -0.0359072
         vertex 0.00932573 -0.089 -0.0355879
      endloop
   endfacet
   facet normal 0 -1 -6.93889e-16
      outer loop
         vertex 0.00856805 -0.089 -0.0363456
         vertex 0.010281 -0.089 -0.0377035
         vertex 0.0100878 -0.089 -0.0373722
      endloop
   endfacet
   facet normal 0 -1 -6.93889e-16
      outer loop
         vertex 0.00902225 -0.089 -0.0360421
         vertex 0.0100335 -0.089 -0.0369925
         vertex 0.0100925 -0.089 -0.0367014
      endloop
   endfacet
   facet normal 0 -1 -6.93889e-16
      outer loop
         vertex 0.0080323 -0.089 -0.0364521
         vertex 0.0105847 -0.089 -0.0379377
         vertex 0.010281 -0.089 -0.0377035
      endloop
   endfacet
   facet normal 0 -1 -6.93889e-16
      outer loop
         vertex 0.00932573 -0.089 -0.0355879
         vertex 0.00902225 -0.089 -0.0360421
         vertex 0.0100925 -0.089 -0.0367014
      endloop
   endfacet
   facet normal 0 -1 -6.93889e-16
      outer loop
         vertex 0.0103815 -0.089 -0.0359072
         vertex 0.0105299 -0.089 -0.0349431
         vertex 0.0094323 -0.089 -0.0350521
      endloop
   endfacet
   facet normal 0 -1 -6.93889e-16
      outer loop
         vertex 0.0105299 -0.089 -0.0349431
         vertex 0.0102981 -0.089 -0.0339956
         vertex 0.00932573 -0.089 -0.0345164
      endloop
   endfacet
   facet normal 0 -1 -6.93889e-16
      outer loop
         vertex 0.0100335 -0.089 -0.0369925
         vertex 0.00902225 -0.089 -0.0360421
         vertex 0.00856805 -0.089 -0.0363456
      endloop
   endfacet
   facet normal 0 -1 -6.93889e-16
      outer loop
         vertex 0.00932573 -0.089 -0.0345164
         vertex 0.0094323 -0.089 -0.0350521
         vertex 0.0105299 -0.089 -0.0349431
      endloop
   endfacet
   facet normal 0 -1 -6.93889e-16
      outer loop
         vertex 0.0102981 -0.089 -0.0339956
         vertex 0.00972127 -0.089 -0.0332089
         vertex 0.00902225 -0.089 -0.0340622
      endloop
   endfacet
   facet normal 0 -1 -6.93889e-16
      outer loop
         vertex 0.00972127 -0.089 -0.0332089
         vertex 0.00888735 -0.089 -0.0327029
         vertex 0.00856805 -0.089 -0.0337587
      endloop
   endfacet
   facet normal 0 -1 -6.93889e-16
      outer loop
         vertex -0.00195058 -0.089 -0.0314836
         vertex -0.00225407 -0.089 -0.0319378
         vertex 0.00304296 -0.089 -0.0363767
      endloop
   endfacet
   facet normal 0 -1 -6.93889e-16
      outer loop
         vertex 0.00888735 -0.089 -0.0327029
         vertex -0.00238896 -0.089 -0.0285986
         vertex -0.00225407 -0.089 -0.0299579
      endloop
   endfacet
   facet normal 0 -1 -6.93889e-16
      outer loop
         vertex 0.0094323 -0.089 -0.0350521
         vertex 0.00932573 -0.089 -0.0355879
         vertex 0.0103815 -0.089 -0.0359072
      endloop
   endfacet
   facet normal 0 -1 -6.93889e-16
      outer loop
         vertex 0.00856805 -0.089 -0.0337587
         vertex 0.00902225 -0.089 -0.0340622
         vertex 0.00972127 -0.089 -0.0332089
      endloop
   endfacet
   facet normal 0 -1 -6.93889e-16
      outer loop
         vertex 0.00888735 -0.089 -0.0327029
         vertex -0.00184401 -0.089 -0.0309479
         vertex 0.00749654 -0.089 -0.0337587
      endloop
   endfacet
   facet normal 0 -1 -6.93889e-16
      outer loop
         vertex 0.00304296 -0.089 -0.0363767
         vertex 0.0066323 -0.089 -0.0350521
         vertex -0.00195058 -0.089 -0.0314836
      endloop
   endfacet
   facet normal 0 -1 -6.93889e-16
      outer loop
         vertex -0.00225407 -0.089 -0.0299579
         vertex -0.00195058 -0.089 -0.0304121
         vertex 0.00888735 -0.089 -0.0327029
      endloop
   endfacet
   facet normal 0 -1 -6.93889e-16
      outer loop
         vertex -0.00238896 -0.089 -0.0285986
         vertex -0.0032614 -0.089 -0.0284479
         vertex -0.00324401 -0.089 -0.0295479
      endloop
   endfacet
   facet normal 0 -1 -6.93889e-16
      outer loop
         vertex -0.00413165 -0.089 -0.0286108
         vertex -0.00377977 -0.089 -0.0296544
         vertex -0.00324401 -0.089 -0.0295479
      endloop
   endfacet
   facet normal 0 -1 -6.93889e-16
      outer loop
         vertex -0.005443 -0.089 -0.0297586
         vertex -0.00453745 -0.089 -0.0304121
         vertex -0.00423396 -0.089 -0.0299579
      endloop
   endfacet
   facet normal 0 -1 -6.93889e-16
      outer loop
         vertex -0.00464401 -0.089 -0.0309479
         vertex -0.00453745 -0.089 -0.0304121
         vertex -0.00567191 -0.089 -0.0300422
      endloop
   endfacet
   facet normal 0 -1 -6.93889e-16
      outer loop
         vertex -0.0067038 -0.089 -0.0302073
         vertex -0.00536573 -0.089 -0.0323443
         vertex -0.00453745 -0.089 -0.0314836
      endloop
   endfacet
   facet normal 0 -1 -6.93889e-16
      outer loop
         vertex 0.00902225 -0.089 -0.0340622
         vertex 0.00932573 -0.089 -0.0345164
         vertex 0.0102981 -0.089 -0.0339956
      endloop
   endfacet
   facet normal 0 -1 -6.93889e-16
      outer loop
         vertex 0.00749654 -0.089 -0.0337587
         vertex 0.0080323 -0.089 -0.0336521
         vertex 0.00888735 -0.089 -0.0327029
      endloop
   endfacet
   facet normal 0 -1 -6.93889e-16
      outer loop
         vertex 0.00304296 -0.089 -0.0363767
         vertex 0.00673887 -0.089 -0.0355879
         vertex 0.0066323 -0.089 -0.0350521
      endloop
   endfacet
   facet normal 0 -1 -6.93889e-16
      outer loop
         vertex -0.00195058 -0.089 -0.0314836
         vertex 0.0066323 -0.089 -0.0350521
         vertex 0.00673887 -0.089 -0.0345164
      endloop
   endfacet
   facet normal 0 -1 -6.93889e-16
      outer loop
         vertex -0.00238896 -0.089 -0.0285986
         vertex -0.00270826 -0.089 -0.0296544
         vertex -0.00225407 -0.089 -0.0299579
      endloop
   endfacet
   facet normal 0 -1 -6.93889e-16
      outer loop
         vertex -0.00324401 -0.089 -0.0295479
         vertex -0.0032614 -0.089 -0.0284479
         vertex -0.00413165 -0.089 -0.0286108
      endloop
   endfacet
   facet normal 0 -1 -6.93889e-16
      outer loop
         vertex -0.00489058 -0.089 -0.0290667
         vertex -0.00423396 -0.089 -0.0299579
         vertex -0.00377977 -0.089 -0.0296544
      endloop
   endfacet
   facet normal 0 -1 -6.93889e-16
      outer loop
         vertex -0.00423396 -0.089 -0.0299579
         vertex -0.00489058 -0.089 -0.0290667
         vertex -0.005443 -0.089 -0.0297586
      endloop
   endfacet
   facet normal 0 -1 -6.93889e-16
      outer loop
         vertex -0.00567191 -0.089 -0.0300422
         vertex -0.00598727 -0.089 -0.030225
         vertex -0.00464401 -0.089 -0.0309479
      endloop
   endfacet
   facet normal 0 -1 -6.93889e-16
      outer loop
         vertex -0.00453745 -0.089 -0.0314836
         vertex -0.00464401 -0.089 -0.0309479
         vertex -0.0067038 -0.089 -0.0302073
      endloop
   endfacet
   facet normal 0 -1 -6.93889e-16
      outer loop
         vertex 0.0080323 -0.089 -0.0336521
         vertex 0.00856805 -0.089 -0.0337587
         vertex 0.00888735 -0.089 -0.0327029
      endloop
   endfacet
   facet normal 0 -1 -6.93889e-16
      outer loop
         vertex -0.00184401 -0.089 -0.0309479
         vertex 0.00673887 -0.089 -0.0345164
         vertex 0.00704235 -0.089 -0.0340622
      endloop
   endfacet
   facet normal 0 -1 -6.93889e-16
      outer loop
         vertex -0.00375731 -0.089 -0.0336373
         vertex 0.00304296 -0.089 -0.0363767
         vertex -0.00270826 -0.089 -0.0322413
      endloop
   endfacet
   facet normal 0 -1 -6.93889e-16
      outer loop
         vertex 0.00673887 -0.089 -0.0345164
         vertex -0.00184401 -0.089 -0.0309479
         vertex -0.00195058 -0.089 -0.0314836
      endloop
   endfacet
   facet normal 0 -1 -6.93889e-16
      outer loop
         vertex 0.00304296 -0.089 -0.0363767
         vertex 0.0108568 -0.089 -0.0380279
         vertex 0.0105847 -0.089 -0.0379377
      endloop
   endfacet
   facet normal 0 -1 -6.93889e-16
      outer loop
         vertex -0.00324401 -0.089 -0.0295479
         vertex -0.00270826 -0.089 -0.0296544
         vertex -0.00238896 -0.089 -0.0285986
      endloop
   endfacet
   facet normal 0 -1 -6.93889e-16
      outer loop
         vertex -0.005443 -0.089 -0.0297586
         vertex -0.00567191 -0.089 -0.0300422
         vertex -0.00453745 -0.089 -0.0304121
      endloop
   endfacet
   facet normal 0 -1 -6.93889e-16
      outer loop
         vertex -0.00598727 -0.089 -0.030225
         vertex -0.00634716 -0.089 -0.0302825
         vertex -0.00464401 -0.089 -0.0309479
      endloop
   endfacet
   facet normal 0 -1 -6.93889e-16
      outer loop
         vertex -0.0067038 -0.089 -0.0302073
         vertex -0.00700979 -0.089 -0.0300093
         vertex -0.00536573 -0.089 -0.0323443
      endloop
   endfacet
   facet normal 0 -1 -6.93889e-16
      outer loop
         vertex -0.00375731 -0.089 -0.0336373
         vertex -0.00377977 -0.089 -0.0322413
         vertex -0.00423396 -0.089 -0.0319378
      endloop
   endfacet
   facet normal 0 -1 -6.93889e-16
      outer loop
         vertex 0.00704235 -0.089 -0.0340622
         vertex 0.00749654 -0.089 -0.0337587
         vertex -0.00184401 -0.089 -0.0309479
      endloop
   endfacet
   facet normal 0 -1 -6.93889e-16
      outer loop
         vertex -0.00225407 -0.089 -0.0319378
         vertex -0.00270826 -0.089 -0.0322413
         vertex 0.00304296 -0.089 -0.0363767
      endloop
   endfacet
   facet normal 0 -1 -6.93889e-16
      outer loop
         vertex 0.00304296 -0.089 -0.0363767
         vertex 0.00749654 -0.089 -0.0363456
         vertex 0.00704235 -0.089 -0.0360421
      endloop
   endfacet
   facet normal 0 -1 -6.93889e-16
      outer loop
         vertex 0.0105847 -0.089 -0.0379377
         vertex 0.00749654 -0.089 -0.0363456
         vertex 0.00304296 -0.089 -0.0363767
      endloop
   endfacet
   facet normal 0 -1 -6.93889e-16
      outer loop
         vertex -0.00377977 -0.089 -0.0296544
         vertex -0.00413165 -0.089 -0.0286108
         vertex -0.00489058 -0.089 -0.0290667
      endloop
   endfacet
   facet normal 0 -1 -6.93889e-16
      outer loop
         vertex -0.00700979 -0.089 -0.0300093
         vertex -0.0072245 -0.089 -0.0297148
         vertex -0.00536573 -0.089 -0.0323443
      endloop
   endfacet
   facet normal 0 -1 -6.93889e-16
      outer loop
         vertex -0.00423396 -0.089 -0.0319378
         vertex -0.00536573 -0.089 -0.0323443
         vertex -0.00375731 -0.089 -0.0336373
      endloop
   endfacet
   facet normal 0 -1 -6.93889e-16
      outer loop
         vertex -0.00270826 -0.089 -0.0322413
         vertex -0.00324401 -0.089 -0.0323479
         vertex -0.00375731 -0.089 -0.0336373
      endloop
   endfacet
   facet normal 0 -1 -6.93889e-16
      outer loop
         vertex 0.0105847 -0.089 -0.0379377
         vertex 0.0080323 -0.089 -0.0364521
         vertex 0.00749654 -0.089 -0.0363456
      endloop
   endfacet
   facet normal 0 -1 -6.93889e-16
      outer loop
         vertex -0.00634716 -0.089 -0.0302825
         vertex -0.0067038 -0.089 -0.0302073
         vertex -0.00464401 -0.089 -0.0309479
      endloop
   endfacet
   facet normal 0 -1 -6.93889e-16
      outer loop
         vertex -0.00375731 -0.089 -0.0336373
         vertex -0.00324401 -0.089 -0.0323479
         vertex -0.00377977 -0.089 -0.0322413
      endloop
   endfacet
   facet normal 0 -1 -6.93889e-16
      outer loop
         vertex 0.00704235 -0.089 -0.0360421
         vertex 0.00673887 -0.089 -0.0355879
         vertex 0.00304296 -0.089 -0.0363767
      endloop
   endfacet
   facet normal 0 -1 -6.93889e-16
      outer loop
         vertex -0.00423396 -0.089 -0.0319378
         vertex -0.00453745 -0.089 -0.0314836
         vertex -0.00536573 -0.089 -0.0323443
      endloop
   endfacet
   facet normal 0 -1 -6.93889e-16
      outer loop
         vertex -0.00195058 -0.089 -0.0304121
         vertex -0.00184401 -0.089 -0.0309479
         vertex 0.00888735 -0.089 -0.0327029
      endloop
   endfacet
   facet normal 0 -1 -6.93889e-16
      outer loop
         vertex 0.010281 -0.089 -0.0377035
         vertex 0.00856805 -0.089 -0.0363456
         vertex 0.0080323 -0.089 -0.0364521
      endloop
   endfacet
   facet normal 0.658627 5.22131e-16 -0.75247
      outer loop
         vertex -0.00489058 -0.095 -0.0290667
         vertex -0.005443 -0.095 -0.0297586
         vertex -0.005443 -0.089 -0.0297586
      endloop
   endfacet
   facet normal 0.355055 6.48679e-16 -0.934845
      outer loop
         vertex -0.00413165 -0.095 -0.0286108
         vertex -0.00489058 -0.095 -0.0290667
         vertex -0.00489058 -0.089 -0.0290667
      endloop
   endfacet
   facet normal 0.00695341 6.93873e-16 -0.999976
      outer loop
         vertex -0.0032614 -0.095 -0.0284479
         vertex -0.00413165 -0.095 -0.0286108
         vertex -0.00413165 -0.089 -0.0286108
      endloop
   endfacet
   facet normal -0.34202 0 -0.939693
      outer loop
         vertex -0.00238896 -0.095 -0.0285986
         vertex -0.0032614 -0.095 -0.0284479
         vertex -0.0032614 -0.089 -0.0284479
      endloop
   endfacet
   facet normal 0.00695341 6.93873e-16 -0.999976
      outer loop
         vertex -0.0032614 -0.089 -0.0284479
         vertex -0.00238896 -0.089 -0.0285986
         vertex -0.00238896 -0.095 -0.0285986
      endloop
   endfacet
   facet normal 0.355055 6.48679e-16 -0.934845
      outer loop
         vertex -0.00413165 -0.089 -0.0286108
         vertex -0.0032614 -0.089 -0.0284479
         vertex -0.0032614 -0.095 -0.0284479
      endloop
   endfacet
   facet normal 0.658627 5.22131e-16 -0.75247
      outer loop
         vertex -0.00489058 -0.089 -0.0290667
         vertex -0.00413165 -0.089 -0.0286108
         vertex -0.00413165 -0.095 -0.0286108
      endloop
   endfacet
   facet normal 0.879596 0 -0.475722
      outer loop
         vertex -0.005443 -0.089 -0.0297586
         vertex -0.00489058 -0.089 -0.0290667
         vertex -0.00489058 -0.095 -0.0290667
      endloop
   endfacet
   facet normal -0.992216 8.64095e-17 -0.124529
      outer loop
         vertex -0.00858649 -0.094 -0.0245298
         vertex -0.00858649 -0.085 -0.0245298
         vertex -0.00729945 -0.085 -0.0295549
      endloop
   endfacet
   facet normal -1 0 0
      outer loop
         vertex -0.009 -0.094 -0.0115
         vertex -0.009 -0.085 -0.0115
         vertex -0.00875488 -0.085 -0.0192239
      endloop
   endfacet
   facet normal -0.999627 1.8951e-17 -0.0273113
      outer loop
         vertex -0.00875488 -0.085 -0.0192239
         vertex -0.00858649 -0.094 -0.0245298
         vertex -0.009 -0.094 -0.0115
      endloop
   endfacet
   facet normal -0.703232 4.93328e-16 -0.71096
      outer loop
         vertex -0.00536573 -0.089 -0.0323443
         vertex -0.00536573 -0.085 -0.0323443
         vertex -0.0045501 -0.085 -0.033
      endloop
   endfacet
   facet normal -0.62374 5.42366e-16 -0.781632
      outer loop
         vertex -0.0045501 -0.085 -0.033
         vertex -0.00375731 -0.089 -0.0336373
         vertex -0.00536573 -0.089 -0.0323443
      endloop
   endfacet
   facet normal -0.908895 2.89369e-16 -0.417025
      outer loop
         vertex -0.00729945 -0.094 -0.0295549
         vertex -0.00729945 -0.085 -0.0295549
         vertex -0.0072245 -0.089 -0.0297148
      endloop
   endfacet
   facet normal -0.703232 4.93328e-16 -0.71096
      outer loop
         vertex -0.00536573 -0.089 -0.0323443
         vertex -0.00616029 -0.085 -0.0311982
         vertex -0.00540177 -0.085 -0.0322923
      endloop
   endfacet
   facet normal -0.901898 2.99725e-16 -0.431949
      outer loop
         vertex -0.0072245 -0.089 -0.0297148
         vertex -0.00677976 -0.085 -0.0303046
         vertex -0.00616029 -0.085 -0.0311982
      endloop
   endfacet
   facet normal -0.901898 2.99725e-16 -0.431949
      outer loop
         vertex -0.0072245 -0.089 -0.0297148
         vertex -0.00729945 -0.085 -0.0295549
         vertex -0.00677976 -0.085 -0.0303046
      endloop
   endfacet
   facet normal -0.80354 4.13038e-16 -0.595251
      outer loop
         vertex -0.00616029 -0.085 -0.0311982
         vertex -0.00536573 -0.089 -0.0323443
         vertex -0.0072245 -0.089 -0.0297148
      endloop
   endfacet
   facet normal -0.707939 4.90076e-16 -0.706274
      outer loop
         vertex -0.00540177 -0.085 -0.0322923
         vertex -0.00536573 -0.085 -0.0323443
         vertex -0.00536573 -0.089 -0.0323443
      endloop
   endfacet
   facet normal -0.256288 6.70714e-16 -0.966601
      outer loop
         vertex 0.00304296 -0.089 -0.0363767
         vertex -0.00375731 -0.089 -0.0336373
         vertex -0.00300424 -0.087 -0.0340972
      endloop
   endfacet
   facet normal -0.550353 5.79351e-16 -0.834932
      outer loop
         vertex -0.00375731 -0.085 -0.0336373
         vertex -0.00300424 -0.085 -0.0340972
         vertex -0.00300424 -0.087 -0.0340972
      endloop
   endfacet
   facet normal -0.493012 6.03699e-16 -0.870022
      outer loop
         vertex -0.00300424 -0.087 -0.0340972
         vertex -0.00375731 -0.089 -0.0336373
         vertex -0.00375731 -0.085 -0.0336373
      endloop
   endfacet
   facet normal -0.171992 6.83549e-16 -0.985098
      outer loop
         vertex 0.0116261 -0.085 -0.0380388
         vertex 0.0108568 -0.089 -0.0380279
         vertex 0.00570135 -0.087 -0.0370172
      endloop
   endfacet
   facet normal -0.215405 6.776e-16 -0.976525
      outer loop
         vertex 0.00570135 -0.087 -0.0370172
         vertex 0.00570135 -0.085 -0.0370172
         vertex 0.0116261 -0.085 -0.0380388
      endloop
   endfacet
   facet normal -0.256288 6.70714e-16 -0.966601
      outer loop
         vertex 0.00304296 -0.089 -0.0363767
         vertex 0.00304296 -0.087 -0.0363767
         vertex 0.00570135 -0.087 -0.0370172
      endloop
   endfacet
   facet normal -0.215405 6.776e-16 -0.976525
      outer loop
         vertex 0.00570135 -0.087 -0.0370172
         vertex 0.0108568 -0.089 -0.0380279
         vertex 0.00304296 -0.089 -0.0363767
      endloop
   endfacet
   facet normal -0.175322 6.83142e-16 -0.984511
      outer loop
         vertex 0.0108568 -0.089 -0.0380279
         vertex 0.023 -0.085 -0.04
         vertex 0.0164352 -0.094 -0.0389335
      endloop
   endfacet
   facet normal -0.154377 6.85571e-16 -0.988012
      outer loop
         vertex 0.023 -0.085 -0.04
         vertex 0.023 -0.094 -0.04
         vertex 0.0164352 -0.094 -0.0389335
      endloop
   endfacet
   facet normal -0.158861 6.85078e-16 -0.987301
      outer loop
         vertex 0.0164352 -0.094 -0.0389335
         vertex 0.0108569 -0.094 -0.0380273
         vertex 0.0108568 -0.089 -0.0380279
      endloop
   endfacet
   facet normal -0.171992 6.83549e-16 -0.985098
      outer loop
         vertex 0.0116261 -0.085 -0.0380388
         vertex 0.023 -0.085 -0.04
         vertex 0.0108568 -0.089 -0.0380279
      endloop
   endfacet
   facet normal -0.493012 6.03699e-16 -0.870022
      outer loop
         vertex -0.00300424 -0.087 -0.0340972
         vertex 0.00304296 -0.087 -0.0363767
         vertex 0.00304296 -0.089 -0.0363767
      endloop
   endfacet
   facet normal -0.901898 2.99725e-16 -0.431949
      outer loop
         vertex -0.0072245 -0.089 -0.0297148
         vertex -0.00722439 -0.094 -0.0297147
         vertex -0.00729945 -0.094 -0.0295549
      endloop
   endfacet
   facet normal -0.62374 5.42366e-16 -0.781632
      outer loop
         vertex -0.0045501 -0.085 -0.033
         vertex -0.00375731 -0.085 -0.0336373
         vertex -0.00375731 -0.089 -0.0336373
      endloop
   endfacet
   facet normal -0.999627 1.8951e-17 -0.0273113
      outer loop
         vertex -0.00875488 -0.085 -0.0192239
         vertex -0.00858649 -0.085 -0.0245298
         vertex -0.00858649 -0.094 -0.0245298
      endloop
   endfacet
   facet normal -0.908895 2.89369e-16 -0.417025
      outer loop
         vertex -0.00729945 -0.085 -0.0295549
         vertex -0.00729945 -0.094 -0.0295549
         vertex -0.00858649 -0.094 -0.0245298
      endloop
   endfacet
   facet normal 0.879596 4.33681e-16 -0.475722
      outer loop
         vertex -0.005443 -0.089 -0.0297586
         vertex -0.005443 -0.095 -0.0297586
         vertex -0.00567191 -0.095 -0.0300422
      endloop
   endfacet
   facet normal 0.650685 5.26904e-16 -0.759348
      outer loop
         vertex -0.00567191 -0.089 -0.0300422
         vertex -0.00584144 -0.095 -0.0301595
         vertex -0.00599292 -0.094846 -0.0302074
      endloop
   endfacet
   facet normal 0.650685 5.26904e-16 -0.759348
      outer loop
         vertex -0.00567191 -0.089 -0.0300422
         vertex -0.00567191 -0.095 -0.0300422
         vertex -0.00584144 -0.095 -0.0301595
      endloop
   endfacet
   facet normal 0.335334 6.53713e-16 -0.942099
      outer loop
         vertex -0.00598727 -0.089 -0.030225
         vertex -0.00621167 -0.0946236 -0.0302767
         vertex -0.00634591 -0.0945138 -0.0302657
      endloop
   endfacet
   facet normal 0.335334 6.53713e-16 -0.942099
      outer loop
         vertex -0.00598727 -0.089 -0.030225
         vertex -0.00599292 -0.094846 -0.0302074
         vertex -0.00621167 -0.0946236 -0.0302767
      endloop
   endfacet
   facet normal -0.0245636 6.9368e-16 -0.999698
      outer loop
         vertex -0.00634716 -0.089 -0.0302825
         vertex -0.00659414 -0.0943109 -0.0302453
         vertex -0.00669887 -0.0942433 -0.0301966
      endloop
   endfacet
   facet normal -0.0245636 6.9368e-16 -0.999698
      outer loop
         vertex -0.00634716 -0.089 -0.0302825
         vertex -0.00634591 -0.0945138 -0.0302657
         vertex -0.00659414 -0.0943109 -0.0302453
      endloop
   endfacet
   facet normal -0.381198 6.41496e-16 -0.924493
      outer loop
         vertex -0.0067038 -0.089 -0.0302073
         vertex -0.00688296 -0.0941245 -0.0301111
         vertex -0.0070047 -0.0940667 -0.0300036
      endloop
   endfacet
   facet normal -0.381198 6.41496e-16 -0.924493
      outer loop
         vertex -0.0067038 -0.089 -0.0302073
         vertex -0.00669887 -0.0942433 -0.0301966
         vertex -0.00688296 -0.0941245 -0.0301111
      endloop
   endfacet
   facet normal -0.687193 5.04093e-16 -0.726475
      outer loop
         vertex -0.00700979 -0.089 -0.0300093
         vertex -0.00707522 -0.0940333 -0.0299413
         vertex -0.00722439 -0.094 -0.0297147
      endloop
   endfacet
   facet normal -0.687193 5.04093e-16 -0.726475
      outer loop
         vertex -0.00700979 -0.089 -0.0300093
         vertex -0.0070047 -0.0940667 -0.0300036
         vertex -0.00707522 -0.0940333 -0.0299413
      endloop
   endfacet
   facet normal -0.901898 4.33681e-16 -0.431949
      outer loop
         vertex -0.00722439 -0.094 -0.0297147
         vertex -0.0072245 -0.089 -0.0297148
         vertex -0.00700979 -0.089 -0.0300093
      endloop
   endfacet
   facet normal -0.687378 4.33681e-16 -0.7263
      outer loop
         vertex -0.0070047 -0.0940667 -0.0300036
         vertex -0.00700979 -0.089 -0.0300093
         vertex -0.0067038 -0.089 -0.0302073
      endloop
   endfacet
   facet normal -0.380756 4.33681e-16 -0.924676
      outer loop
         vertex -0.00669887 -0.0942433 -0.0301966
         vertex -0.0067038 -0.089 -0.0302073
         vertex -0.00634716 -0.089 -0.0302825
      endloop
   endfacet
   facet normal -0.0237077 8.67362e-16 -0.999719
      outer loop
         vertex -0.00634591 -0.0945138 -0.0302657
         vertex -0.00634716 -0.089 -0.0302825
         vertex -0.00598727 -0.089 -0.030225
      endloop
   endfacet
   facet normal 0.335858 8.67362e-16 -0.941913
      outer loop
         vertex -0.00599292 -0.094846 -0.0302074
         vertex -0.00598727 -0.089 -0.030225
         vertex -0.00567191 -0.089 -0.0300422
      endloop
   endfacet
   facet normal 0.650685 5.26904e-16 -0.759348
      outer loop
         vertex -0.00567191 -0.095 -0.0300422
         vertex -0.00567191 -0.089 -0.0300422
         vertex -0.005443 -0.089 -0.0297586
      endloop
   endfacet
   facet normal -0.707107 -0.707107 -0.000132273
      outer loop
         vertex -0.008 -0.095 -0.0115
         vertex -0.009 -0.094 -0.0115
         vertex -0.00858649 -0.094 -0.0245298
      endloop
   endfacet
   facet normal -0.701588 -0.707109 -0.0881572
      outer loop
         vertex -0.00858649 -0.094 -0.0245298
         vertex -0.00675678 -0.095 -0.0282305
         vertex -0.008 -0.095 -0.0115
      endloop
   endfacet
   facet normal -0.666704 -0.707107 -0.235595
      outer loop
         vertex -0.00675678 -0.095 -0.0282305
         vertex -0.00634591 -0.0945138 -0.0302657
         vertex -0.00621167 -0.0946236 -0.0302767
      endloop
   endfacet
   facet normal -0.666704 -0.707107 -0.235595
      outer loop
         vertex -0.00675678 -0.095 -0.0282305
         vertex -0.00669887 -0.0942433 -0.0301966
         vertex -0.00659414 -0.0943109 -0.0302453
      endloop
   endfacet
   facet normal -0.612051 -0.707115 -0.354094
      outer loop
         vertex -0.00659414 -0.0943109 -0.0302453
         vertex -0.00634591 -0.0945138 -0.0302657
         vertex -0.00675678 -0.095 -0.0282305
      endloop
   endfacet
   facet normal -0.603185 -0.707089 -0.369042
      outer loop
         vertex -0.00621167 -0.0946236 -0.0302767
         vertex -0.00599292 -0.094846 -0.0302074
         vertex -0.00675678 -0.095 -0.0282305
      endloop
   endfacet
   facet normal -0.666704 -0.707107 -0.235595
      outer loop
         vertex -0.00675678 -0.095 -0.0282305
         vertex -0.0070047 -0.0940667 -0.0300036
         vertex -0.00688296 -0.0941245 -0.0301111
      endloop
   endfacet
   facet normal -0.621679 -0.707125 -0.336881
      outer loop
         vertex -0.00688296 -0.0941245 -0.0301111
         vertex -0.00669887 -0.0942433 -0.0301966
         vertex -0.00675678 -0.095 -0.0282305
      endloop
   endfacet
   facet normal -0.666704 -0.707107 -0.235595
      outer loop
         vertex -0.00675678 -0.095 -0.0282305
         vertex -0.00722439 -0.094 -0.0297147
         vertex -0.00707522 -0.0940333 -0.0299413
      endloop
   endfacet
   facet normal -0.666704 -0.707107 -0.235595
      outer loop
         vertex -0.00675678 -0.095 -0.0282305
         vertex -0.00729945 -0.094 -0.0295549
         vertex -0.00722439 -0.094 -0.0297147
      endloop
   endfacet
   facet normal -0.63 -0.7071 -0.321106
      outer loop
         vertex -0.00707522 -0.0940333 -0.0299413
         vertex -0.0070047 -0.0940667 -0.0300036
         vertex -0.00675678 -0.095 -0.0282305
      endloop
   endfacet
   facet normal -0.600853 -0.707082 -0.372842
      outer loop
         vertex -0.00599292 -0.094846 -0.0302074
         vertex -0.00584144 -0.095 -0.0301595
         vertex -0.00675678 -0.095 -0.0282305
      endloop
   endfacet
   facet normal -0.701588 -0.707109 -0.0881572
      outer loop
         vertex -0.00858649 -0.094 -0.0245298
         vertex -0.00729945 -0.094 -0.0295549
         vertex -0.00675678 -0.095 -0.0282305
      endloop
   endfacet
   facet normal -0.707107 -0.707107 -4.90654e-16
      outer loop
         vertex -0.008 -0.095 -0.0109254
         vertex -0.00892388 -0.0940761 -0.0106173
         vertex -0.00898079 -0.0940192 -0.0108049
      endloop
   endfacet
   facet normal -0.707107 -0.707107 -4.90654e-16
      outer loop
         vertex -0.008 -0.095 -0.0109254
         vertex -0.008 -0.095 -0.01
         vertex -0.00838268 -0.0946173 -0.0100761
      endloop
   endfacet
   facet normal -0.707107 -0.707107 -4.90654e-16
      outer loop
         vertex -0.008 -0.095 -0.0109254
         vertex -0.00883147 -0.0941685 -0.0104444
         vertex -0.00892388 -0.0940761 -0.0106173
      endloop
   endfacet
   facet normal -0.707107 -0.707107 -4.90654e-16
      outer loop
         vertex -0.00838268 -0.0946173 -0.0100761
         vertex -0.00870711 -0.0942929 -0.0102929
         vertex -0.008 -0.095 -0.0109254
      endloop
   endfacet
   facet normal -0.707107 -0.707107 -4.90654e-16
      outer loop
         vertex -0.00870711 -0.0942929 -0.0102929
         vertex -0.00883147 -0.0941685 -0.0104444
         vertex -0.008 -0.095 -0.0109254
      endloop
   endfacet
   facet normal -0.707107 -0.707107 -4.90654e-16
      outer loop
         vertex -0.008 -0.095 -0.0115
         vertex -0.008 -0.095 -0.0109254
         vertex -0.009 -0.094 -0.011
      endloop
   endfacet
   facet normal -0.707107 -0.707107 -4.90654e-16
      outer loop
         vertex -0.009 -0.094 -0.011
         vertex -0.009 -0.094 -0.0115
         vertex -0.008 -0.095 -0.0115
      endloop
   endfacet
   facet normal -0.707107 -0.707107 -4.90654e-16
      outer loop
         vertex -0.00898079 -0.0940192 -0.0108049
         vertex -0.009 -0.094 -0.011
         vertex -0.008 -0.095 -0.0109254
      endloop
   endfacet
   facet normal 0.707107 -0.707107 -4.90654e-16
      outer loop
         vertex 0.058 -0.094 -0.01
         vertex 0.057 -0.095 -0.01
         vertex 0.057 -0.095 -0.0109254
      endloop
   endfacet
   facet normal 0.707107 -0.707107 -4.90654e-16
      outer loop
         vertex 0.057 -0.095 -0.0109254
         vertex 0.058 -0.094 -0.0115
         vertex 0.058 -0.094 -0.01
      endloop
   endfacet
   facet normal 0.707107 -0.707107 -4.90654e-16
      outer loop
         vertex 0.057 -0.095 -0.0109254
         vertex 0.057 -0.095 -0.0115
         vertex 0.058 -0.094 -0.0115
      endloop
   endfacet
   facet normal -0.92388 -2.6554e-16 0.382683
      outer loop
         vertex -0.00892388 -0.089 -0.0106173
         vertex -0.009 -0.089 -0.011
         vertex -0.009 -0.094 -0.011
      endloop
   endfacet
   facet normal -1 0 6.96153e-14
      outer loop
         vertex -0.009 -0.094 -0.011
         vertex -0.00898079 -0.0940192 -0.0108049
         vertex -0.00892388 -0.089 -0.0106173
      endloop
   endfacet
   facet normal -0.707107 -4.90654e-16 0.707107
      outer loop
         vertex -0.00870711 -0.089 -0.0102929
         vertex -0.00892388 -0.089 -0.0106173
         vertex -0.00892388 -0.0940761 -0.0106173
      endloop
   endfacet
   facet normal -0.92388 0 0.382683
      outer loop
         vertex -0.00892388 -0.0940761 -0.0106173
         vertex -0.00883147 -0.0941685 -0.0104444
         vertex -0.00870711 -0.089 -0.0102929
      endloop
   endfacet
   facet normal -0.382683 -6.4107e-16 0.92388
      outer loop
         vertex -0.00838268 -0.089 -0.0100761
         vertex -0.00870711 -0.089 -0.0102929
         vertex -0.00870711 -0.0942929 -0.0102929
      endloop
   endfacet
   facet normal 0 0 1
      outer loop
         vertex -0.008 -0.089 -0.01
         vertex -0.00838268 -0.089 -0.0100761
         vertex -0.00838268 -0.0946173 -0.0100761
      endloop
   endfacet
   facet normal -0.382683 0 0.92388
      outer loop
         vertex -0.00838268 -0.0946173 -0.0100761
         vertex -0.008 -0.095 -0.01
         vertex -0.008 -0.089 -0.01
      endloop
   endfacet
   facet normal -0.707107 0 0.707107
      outer loop
         vertex -0.00870711 -0.0942929 -0.0102929
         vertex -0.00838268 -0.0946173 -0.0100761
         vertex -0.00838268 -0.089 -0.0100761
      endloop
   endfacet
   facet normal -0.83147 0 0.55557
      outer loop
         vertex -0.00883147 -0.0941685 -0.0104444
         vertex -0.00870711 -0.0942929 -0.0102929
         vertex -0.00870711 -0.089 -0.0102929
      endloop
   endfacet
   facet normal -0.980785 0 0.19509
      outer loop
         vertex -0.00898079 -0.0940192 -0.0108049
         vertex -0.00892388 -0.0940761 -0.0106173
         vertex -0.00892388 -0.089 -0.0106173
      endloop
   endfacet
   facet normal 0 0 1
      outer loop
         vertex -0.006 -0.095 -0.01
         vertex -0.006 -0.089 -0.01
         vertex -0.008 -0.089 -0.01
      endloop
   endfacet
   facet normal 0 0 1
      outer loop
         vertex -0.008 -0.089 -0.01
         vertex -0.008 -0.095 -0.01
         vertex -0.006 -0.095 -0.01
      endloop
   endfacet
   facet normal -0.382683 6.4107e-16 -0.92388
      outer loop
         vertex -0.00504329 -0.095 -0.0051903
         vertex -0.006 -0.095 -0.005
         vertex -0.006 -0.089 -0.005
      endloop
   endfacet
   facet normal -0.707107 4.90654e-16 -0.707107
      outer loop
         vertex -0.00423223 -0.095 -0.00573223
         vertex -0.00504329 -0.095 -0.0051903
         vertex -0.00504329 -0.089 -0.0051903
      endloop
   endfacet
   facet normal -0.92388 2.6554e-16 -0.382683
      outer loop
         vertex -0.0036903 -0.095 -0.00654329
         vertex -0.00423223 -0.095 -0.00573223
         vertex -0.00423223 -0.089 -0.00573223
      endloop
   endfacet
   facet normal -1 1.11586e-31 -1.60812e-16
      outer loop
         vertex -0.0035 -0.095 -0.0075
         vertex -0.0036903 -0.095 -0.00654329
         vertex -0.0036903 -0.089 -0.00654329
      endloop
   endfacet
   facet normal -0.92388 -2.6554e-16 0.382683
      outer loop
         vertex -0.0036903 -0.095 -0.00845671
         vertex -0.0035 -0.095 -0.0075
         vertex -0.0035 -0.089 -0.0075
      endloop
   endfacet
   facet normal -0.707107 -4.90654e-16 0.707107
      outer loop
         vertex -0.00423223 -0.095 -0.00926777
         vertex -0.0036903 -0.095 -0.00845671
         vertex -0.0036903 -0.089 -0.00845671
      endloop
   endfacet
   facet normal -0.382683 -6.4107e-16 0.92388
      outer loop
         vertex -0.00504329 -0.095 -0.0098097
         vertex -0.00423223 -0.095 -0.00926777
         vertex -0.00423223 -0.089 -0.00926777
      endloop
   endfacet
   facet normal 0 0 1
      outer loop
         vertex -0.006 -0.095 -0.01
         vertex -0.00504329 -0.095 -0.0098097
         vertex -0.00504329 -0.089 -0.0098097
      endloop
   endfacet
   facet normal -0.382683 -6.4107e-16 0.92388
      outer loop
         vertex -0.00504329 -0.089 -0.0098097
         vertex -0.006 -0.089 -0.01
         vertex -0.006 -0.095 -0.01
      endloop
   endfacet
   facet normal -0.707107 -4.90654e-16 0.707107
      outer loop
         vertex -0.00423223 -0.089 -0.00926777
         vertex -0.00504329 -0.089 -0.0098097
         vertex -0.00504329 -0.095 -0.0098097
      endloop
   endfacet
   facet normal -0.92388 -2.6554e-16 0.382683
      outer loop
         vertex -0.0036903 -0.089 -0.00845671
         vertex -0.00423223 -0.089 -0.00926777
         vertex -0.00423223 -0.095 -0.00926777
      endloop
   endfacet
   facet normal -1 1.11586e-31 -1.60812e-16
      outer loop
         vertex -0.0035 -0.089 -0.0075
         vertex -0.0036903 -0.089 -0.00845671
         vertex -0.0036903 -0.095 -0.00845671
      endloop
   endfacet
   facet normal -0.92388 2.6554e-16 -0.382683
      outer loop
         vertex -0.0036903 -0.089 -0.00654329
         vertex -0.0035 -0.089 -0.0075
         vertex -0.0035 -0.095 -0.0075
      endloop
   endfacet
   facet normal -0.707107 4.90654e-16 -0.707107
      outer loop
         vertex -0.00423223 -0.089 -0.00573223
         vertex -0.0036903 -0.089 -0.00654329
         vertex -0.0036903 -0.095 -0.00654329
      endloop
   endfacet
   facet normal -0.382683 6.4107e-16 -0.92388
      outer loop
         vertex -0.00504329 -0.089 -0.0051903
         vertex -0.00423223 -0.089 -0.00573223
         vertex -0.00423223 -0.095 -0.00573223
      endloop
   endfacet
   facet normal 0 0 -1
      outer loop
         vertex -0.006 -0.089 -0.005
         vertex -0.00504329 -0.089 -0.0051903
         vertex -0.00504329 -0.095 -0.0051903
      endloop
   endfacet
   facet normal 0 -1 -6.93889e-16
      outer loop
         vertex -0.00504329 -0.089 -0.0051903
         vertex -0.00546424 -0.089 -0.00620657
         vertex -0.00501005 -0.089 -0.00651005
      endloop
   endfacet
   facet normal 0 -1 -6.93889e-16
      outer loop
         vertex -0.006 -0.089 -0.005
         vertex -0.006 -0.089 -0.0061
         vertex -0.00546424 -0.089 -0.00620657
      endloop
   endfacet
   facet normal 0 -1 -6.93889e-16
      outer loop
         vertex -0.0035 -0.089 -0.0075
         vertex -0.0046 -0.089 -0.0075
         vertex -0.00470657 -0.089 -0.00803576
      endloop
   endfacet
   facet normal 0 -1 -6.93889e-16
      outer loop
         vertex -0.0036903 -0.089 -0.00654329
         vertex -0.00470657 -0.089 -0.00696424
         vertex -0.0046 -0.089 -0.0075
      endloop
   endfacet
   facet normal 0 -1 -6.93889e-16
      outer loop
         vertex -0.00423223 -0.089 -0.00573223
         vertex -0.00501005 -0.089 -0.00651005
         vertex -0.00470657 -0.089 -0.00696424
      endloop
   endfacet
   facet normal 0 -1 -6.93889e-16
      outer loop
         vertex -0.00546424 -0.089 -0.00620657
         vertex -0.00504329 -0.089 -0.0051903
         vertex -0.006 -0.089 -0.005
      endloop
   endfacet
   facet normal 0 -1 -6.93889e-16
      outer loop
         vertex -0.00423223 -0.089 -0.00926777
         vertex -0.00501005 -0.089 -0.00848995
         vertex -0.00546424 -0.089 -0.00879343
      endloop
   endfacet
   facet normal 0 -1 -6.93889e-16
      outer loop
         vertex -0.0036903 -0.089 -0.00845671
         vertex -0.00470657 -0.089 -0.00803576
         vertex -0.00501005 -0.089 -0.00848995
      endloop
   endfacet
   facet normal 0 -1 -6.93889e-16
      outer loop
         vertex -0.0046 -0.089 -0.0075
         vertex -0.0035 -0.089 -0.0075
         vertex -0.0036903 -0.089 -0.00654329
      endloop
   endfacet
   facet normal 0 -1 -6.93889e-16
      outer loop
         vertex -0.00501005 -0.089 -0.00651005
         vertex -0.00423223 -0.089 -0.00573223
         vertex -0.00504329 -0.089 -0.0051903
      endloop
   endfacet
   facet normal 0 -1 -6.93889e-16
      outer loop
         vertex -0.006 -0.089 -0.005
         vertex -0.008 -0.089 -0.005
         vertex -0.00653576 -0.089 -0.00620657
      endloop
   endfacet
   facet normal 0 -1 -6.93889e-16
      outer loop
         vertex -0.00698995 -0.089 -0.00651005
         vertex -0.00653576 -0.089 -0.00620657
         vertex -0.008 -0.089 -0.005
      endloop
   endfacet
   facet normal 0 -1 -6.93889e-16
      outer loop
         vertex -0.00838268 -0.089 -0.00492388
         vertex -0.00892388 -0.089 -0.0106173
         vertex -0.0074 -0.089 -0.0075
      endloop
   endfacet
   facet normal 0 -1 -6.93889e-16
      outer loop
         vertex -0.00504329 -0.089 -0.0098097
         vertex -0.00546424 -0.089 -0.00879343
         vertex -0.006 -0.089 -0.0089
      endloop
   endfacet
   facet normal 0 -1 -6.93889e-16
      outer loop
         vertex -0.00501005 -0.089 -0.00848995
         vertex -0.00423223 -0.089 -0.00926777
         vertex -0.0036903 -0.089 -0.00845671
      endloop
   endfacet
   facet normal 0 -1 -6.93889e-16
      outer loop
         vertex -0.00470657 -0.089 -0.00696424
         vertex -0.0036903 -0.089 -0.00654329
         vertex -0.00423223 -0.089 -0.00573223
      endloop
   endfacet
   facet normal 0 -1 -6.93889e-16
      outer loop
         vertex -0.008 -0.089 -0.005
         vertex -0.00838268 -0.089 -0.00492388
         vertex -0.00698995 -0.089 -0.00651005
      endloop
   endfacet
   facet normal 0 -1 -6.93889e-16
      outer loop
         vertex -0.00838268 -0.089 -0.00492388
         vertex -0.009 -0.089 -0.011
         vertex -0.00892388 -0.089 -0.0106173
      endloop
   endfacet
   facet normal 0 -1 -6.93889e-16
      outer loop
         vertex -0.00729343 -0.089 -0.00803576
         vertex -0.00892388 -0.089 -0.0106173
         vertex -0.00870711 -0.089 -0.0102929
      endloop
   endfacet
   facet normal 0 -1 -6.93889e-16
      outer loop
         vertex -0.00546424 -0.089 -0.00879343
         vertex -0.00504329 -0.089 -0.0098097
         vertex -0.00423223 -0.089 -0.00926777
      endloop
   endfacet
   facet normal 0 -1 -6.93889e-16
      outer loop
         vertex -0.00653576 -0.089 -0.00620657
         vertex -0.006 -0.089 -0.0061
         vertex -0.006 -0.089 -0.005
      endloop
   endfacet
   facet normal 0 -1 -6.93889e-16
      outer loop
         vertex -0.0074 -0.089 -0.0075
         vertex -0.00729343 -0.089 -0.00696424
         vertex -0.00838268 -0.089 -0.00492388
      endloop
   endfacet
   facet normal 0 -1 -6.93889e-16
      outer loop
         vertex -0.00870711 -0.089 -0.0102929
         vertex -0.00698995 -0.089 -0.00848995
         vertex -0.00729343 -0.089 -0.00803576
      endloop
   endfacet
   facet normal 0 -1 -6.93889e-16
      outer loop
         vertex -0.00698995 -0.089 -0.00848995
         vertex -0.00838268 -0.089 -0.0100761
         vertex -0.008 -0.089 -0.01
      endloop
   endfacet
   facet normal 0 -1 -6.93889e-16
      outer loop
         vertex -0.00470657 -0.089 -0.00803576
         vertex -0.0036903 -0.089 -0.00845671
         vertex -0.0035 -0.089 -0.0075
      endloop
   endfacet
   facet normal 0 -1 -6.93889e-16
      outer loop
         vertex -0.00729343 -0.089 -0.00803576
         vertex -0.0074 -0.089 -0.0075
         vertex -0.00892388 -0.089 -0.0106173
      endloop
   endfacet
   facet normal 0 -1 -6.93889e-16
      outer loop
         vertex -0.00698995 -0.089 -0.00848995
         vertex -0.00870711 -0.089 -0.0102929
         vertex -0.00838268 -0.089 -0.0100761
      endloop
   endfacet
   facet normal 0 -1 -6.93889e-16
      outer loop
         vertex -0.006 -0.089 -0.01
         vertex -0.006 -0.089 -0.0089
         vertex -0.00653576 -0.089 -0.00879343
      endloop
   endfacet
   facet normal 0 -1 -6.93889e-16
      outer loop
         vertex -0.009 -0.089 -0.011
         vertex -0.00838268 -0.089 -0.00492388
         vertex -0.00870711 -0.089 -0.00470711
      endloop
   endfacet
   facet normal 0 -1 -6.93889e-16
      outer loop
         vertex -0.00729343 -0.089 -0.00696424
         vertex -0.00698995 -0.089 -0.00651005
         vertex -0.00838268 -0.089 -0.00492388
      endloop
   endfacet
   facet normal 0 -1 -6.93889e-16
      outer loop
         vertex -0.00653576 -0.089 -0.00879343
         vertex -0.008 -0.089 -0.01
         vertex -0.006 -0.089 -0.01
      endloop
   endfacet
   facet normal 0 -1 -6.93889e-16
      outer loop
         vertex -0.00870711 -0.089 -0.00470711
         vertex -0.00892388 -0.089 -0.00438268
         vertex -0.009 -0.089 -0.011
      endloop
   endfacet
   facet normal 0 -1 -6.93889e-16
      outer loop
         vertex -0.008 -0.089 -0.01
         vertex -0.00653576 -0.089 -0.00879343
         vertex -0.00698995 -0.089 -0.00848995
      endloop
   endfacet
   facet normal 0 -1 -6.93889e-16
      outer loop
         vertex -0.006 -0.089 -0.0089
         vertex -0.006 -0.089 -0.01
         vertex -0.00504329 -0.089 -0.0098097
      endloop
   endfacet
   facet normal 0 -1 -6.93889e-16
      outer loop
         vertex -0.00892388 -0.089 -0.00438268
         vertex -0.009 -0.089 -0.004
         vertex -0.009 -0.089 -0.011
      endloop
   endfacet
   facet normal 3.26815e-16 6.93889e-16 -1
      outer loop
         vertex -0.006 -0.089 -0.005
         vertex -0.006 -0.095 -0.005
         vertex -0.008 -0.095 -0.005
      endloop
   endfacet
   facet normal 3.26815e-16 6.93889e-16 -1
      outer loop
         vertex -0.008 -0.095 -0.005
         vertex -0.008 -0.089 -0.005
         vertex -0.006 -0.089 -0.005
      endloop
   endfacet
   facet normal 3.26815e-16 6.93889e-16 -1
      outer loop
         vertex -0.008 -0.089 -0.005
         vertex -0.008 -0.095 -0.005
         vertex -0.00838268 -0.0946173 -0.00492388
      endloop
   endfacet
   facet normal -0.382683 0 -0.92388
      outer loop
         vertex -0.00838268 -0.089 -0.00492388
         vertex -0.00838268 -0.0946173 -0.00492388
         vertex -0.00870711 -0.0942929 -0.00470711
      endloop
   endfacet
   facet normal -0.707107 0 -0.707107
      outer loop
         vertex -0.00870711 -0.089 -0.00470711
         vertex -0.00883147 -0.0941685 -0.00455557
         vertex -0.00892388 -0.0940761 -0.00438268
      endloop
   endfacet
   facet normal -0.707107 0 -0.707107
      outer loop
         vertex -0.00870711 -0.089 -0.00470711
         vertex -0.00870711 -0.0942929 -0.00470711
         vertex -0.00883147 -0.0941685 -0.00455557
      endloop
   endfacet
   facet normal -0.92388 0 -0.382683
      outer loop
         vertex -0.00892388 -0.089 -0.00438268
         vertex -0.00898079 -0.0940192 -0.00419509
         vertex -0.009 -0.094 -0.004
      endloop
   endfacet
   facet normal -0.92388 0 -0.382683
      outer loop
         vertex -0.00892388 -0.089 -0.00438268
         vertex -0.00892388 -0.0940761 -0.00438268
         vertex -0.00898079 -0.0940192 -0.00419509
      endloop
   endfacet
   facet normal -1 0 -1.50836e-15
      outer loop
         vertex -0.009 -0.094 -0.004
         vertex -0.009 -0.089 -0.004
         vertex -0.00892388 -0.089 -0.00438268
      endloop
   endfacet
   facet normal -0.92388 0 -0.382683
      outer loop
         vertex -0.00892388 -0.0940761 -0.00438268
         vertex -0.00892388 -0.089 -0.00438268
         vertex -0.00870711 -0.089 -0.00470711
      endloop
   endfacet
   facet normal -0.707107 0 -0.707107
      outer loop
         vertex -0.00870711 -0.0942929 -0.00470711
         vertex -0.00870711 -0.089 -0.00470711
         vertex -0.00838268 -0.089 -0.00492388
      endloop
   endfacet
   facet normal -0.382683 0 -0.92388
      outer loop
         vertex -0.00838268 -0.0946173 -0.00492388
         vertex -0.00838268 -0.089 -0.00492388
         vertex -0.008 -0.089 -0.005
      endloop
   endfacet
   facet normal -1 0 -1.50836e-15
      outer loop
         vertex -0.009 -0.085 0.015
         vertex -0.009 -0.085 0.00636924
         vertex -0.009 -0.089 0.007
      endloop
   endfacet
   facet normal -1 0 -1.50836e-15
      outer loop
         vertex -0.009 -0.089 0.007
         vertex -0.009 -0.085 0.00331924
         vertex -0.009 -0.089 -0.004
      endloop
   endfacet
   facet normal -1 0 -1.50836e-15
      outer loop
         vertex -0.009 -0.085 -0.0115
         vertex -0.009 -0.089 -0.011
         vertex -0.009 -0.089 -0.004
      endloop
   endfacet
   facet normal -1 0 -1.50836e-15
      outer loop
         vertex -0.009 -0.089 0.007
         vertex -0.009 -0.089 0.015
         vertex -0.009 -0.085 0.015
      endloop
   endfacet
   facet normal -1 0 -1.50836e-15
      outer loop
         vertex -0.009 -0.094 -0.004
         vertex -0.009 -0.094 0.007
         vertex -0.009 -0.089 0.007
      endloop
   endfacet
   facet normal -1 0 -1.50836e-15
      outer loop
         vertex -0.009 -0.089 -0.004
         vertex -0.009 -0.085 0.00331924
         vertex -0.009 -0.085 -0.00263076
      endloop
   endfacet
   facet normal -1 0 -1.50836e-15
      outer loop
         vertex -0.009 -0.094 -0.0115
         vertex -0.009 -0.094 -0.011
         vertex -0.009 -0.089 -0.011
      endloop
   endfacet
   facet normal -1 0 -1.50836e-15
      outer loop
         vertex -0.009 -0.089 -0.004
         vertex -0.009 -0.094 -0.004
         vertex -0.009 -0.089 0.007
      endloop
   endfacet
   facet normal -1 0 -1.50836e-15
      outer loop
         vertex -0.009 -0.089 -0.011
         vertex -0.009 -0.085 -0.0115
         vertex -0.009 -0.094 -0.0115
      endloop
   endfacet
   facet normal -1 0 -1.50836e-15
      outer loop
         vertex -0.009 -0.089 -0.004
         vertex -0.009 -0.085 -0.00263076
         vertex -0.009 -0.085 -0.0115
      endloop
   endfacet
   facet normal -1 0 -1.50836e-15
      outer loop
         vertex -0.009 -0.085 0.00636924
         vertex -0.009 -0.085 0.00331924
         vertex -0.009 -0.089 0.007
      endloop
   endfacet
   facet normal -0.707107 -0.707107 -4.90654e-16
      outer loop
         vertex -0.008 -0.095 0.008
         vertex -0.00892388 -0.0940761 0.00738268
         vertex -0.00898079 -0.0940192 0.00719509
      endloop
   endfacet
   facet normal -0.707107 -0.707107 -4.90654e-16
      outer loop
         vertex -0.008 -0.095 -0.005
         vertex -0.009 -0.094 -0.004
         vertex -0.00898079 -0.0940192 -0.00419509
      endloop
   endfacet
   facet normal -0.707107 -0.707107 -4.90654e-16
      outer loop
         vertex -0.008 -0.095 0.008
         vertex -0.00883147 -0.0941685 0.00755557
         vertex -0.00892388 -0.0940761 0.00738268
      endloop
   endfacet
   facet normal -0.707107 -0.707107 -4.90654e-16
      outer loop
         vertex -0.008 -0.095 0.008
         vertex -0.00838268 -0.0946173 0.00792388
         vertex -0.00870711 -0.0942929 0.00770711
      endloop
   endfacet
   facet normal -0.707107 -0.707107 -4.90654e-16
      outer loop
         vertex -0.008 -0.095 -0.005
         vertex -0.00883147 -0.0941685 -0.00455557
         vertex -0.00870711 -0.0942929 -0.00470711
      endloop
   endfacet
   facet normal -0.707107 -0.707107 -4.90654e-16
      outer loop
         vertex -0.00898079 -0.0940192 -0.00419509
         vertex -0.00892388 -0.0940761 -0.00438268
         vertex -0.008 -0.095 -0.005
      endloop
   endfacet
   facet normal -0.707107 -0.707107 -4.90654e-16
      outer loop
         vertex -0.008 -0.095 -0.005
         vertex -0.008 -0.095 0.008
         vertex -0.009 -0.094 0.007
      endloop
   endfacet
   facet normal -0.707107 -0.707107 -4.90654e-16
      outer loop
         vertex -0.00870711 -0.0942929 0.00770711
         vertex -0.00883147 -0.0941685 0.00755557
         vertex -0.008 -0.095 0.008
      endloop
   endfacet
   facet normal -0.707107 -0.707107 -4.90654e-16
      outer loop
         vertex -0.00892388 -0.0940761 -0.00438268
         vertex -0.00883147 -0.0941685 -0.00455557
         vertex -0.008 -0.095 -0.005
      endloop
   endfacet
   facet normal -0.707107 -0.707107 -4.90654e-16
      outer loop
         vertex -0.00898079 -0.0940192 0.00719509
         vertex -0.009 -0.094 0.007
         vertex -0.008 -0.095 0.008
      endloop
   endfacet
   facet normal -0.707107 -0.707107 -4.90654e-16
      outer loop
         vertex -0.009 -0.094 0.007
         vertex -0.009 -0.094 -0.004
         vertex -0.008 -0.095 -0.005
      endloop
   endfacet
   facet normal -0.707107 -0.707107 -4.90654e-16
      outer loop
         vertex -0.00870711 -0.0942929 -0.00470711
         vertex -0.00838268 -0.0946173 -0.00492388
         vertex -0.008 -0.095 -0.005
      endloop
   endfacet
   facet normal -0.92388 -2.6554e-16 0.382683
      outer loop
         vertex -0.00892388 -0.089 0.00738268
         vertex -0.009 -0.089 0.007
         vertex -0.009 -0.094 0.007
      endloop
   endfacet
   facet normal -1 0 5.83396e-14
      outer loop
         vertex -0.009 -0.094 0.007
         vertex -0.00898079 -0.0940192 0.00719509
         vertex -0.00892388 -0.089 0.00738268
      endloop
   endfacet
   facet normal -0.707107 -4.90654e-16 0.707107
      outer loop
         vertex -0.00870711 -0.089 0.00770711
         vertex -0.00892388 -0.089 0.00738268
         vertex -0.00892388 -0.0940761 0.00738268
      endloop
   endfacet
   facet normal -0.92388 0 0.382683
      outer loop
         vertex -0.00892388 -0.0940761 0.00738268
         vertex -0.00883147 -0.0941685 0.00755557
         vertex -0.00870711 -0.089 0.00770711
      endloop
   endfacet
   facet normal -0.382683 -6.4107e-16 0.92388
      outer loop
         vertex -0.00838268 -0.089 0.00792388
         vertex -0.00870711 -0.089 0.00770711
         vertex -0.00870711 -0.0942929 0.00770711
      endloop
   endfacet
   facet normal 0 0 1
      outer loop
         vertex -0.008 -0.089 0.008
         vertex -0.00838268 -0.089 0.00792388
         vertex -0.00838268 -0.0946173 0.00792388
      endloop
   endfacet
   facet normal -0.382683 0 0.92388
      outer loop
         vertex -0.00838268 -0.0946173 0.00792388
         vertex -0.008 -0.095 0.008
         vertex -0.008 -0.089 0.008
      endloop
   endfacet
   facet normal -0.707107 0 0.707107
      outer loop
         vertex -0.00870711 -0.0942929 0.00770711
         vertex -0.00838268 -0.0946173 0.00792388
         vertex -0.00838268 -0.089 0.00792388
      endloop
   endfacet
   facet normal -0.83147 0 0.55557
      outer loop
         vertex -0.00883147 -0.0941685 0.00755557
         vertex -0.00870711 -0.0942929 0.00770711
         vertex -0.00870711 -0.089 0.00770711
      endloop
   endfacet
   facet normal -0.980785 0 0.19509
      outer loop
         vertex -0.00898079 -0.0940192 0.00719509
         vertex -0.00892388 -0.0940761 0.00738268
         vertex -0.00892388 -0.089 0.00738268
      endloop
   endfacet
   facet normal 0 0 1
      outer loop
         vertex -0.006 -0.095 0.008
         vertex -0.006 -0.089 0.008
         vertex -0.008 -0.089 0.008
      endloop
   endfacet
   facet normal 0 0 1
      outer loop
         vertex -0.008 -0.089 0.008
         vertex -0.008 -0.095 0.008
         vertex -0.006 -0.095 0.008
      endloop
   endfacet
   facet normal -0.92388 -2.6554e-16 0.382683
      outer loop
         vertex -0.0036903 -0.095 0.00954329
         vertex -0.0035 -0.095 0.0105
         vertex -0.0035 -0.089 0.0105
      endloop
   endfacet
   facet normal -0.707107 -4.90654e-16 0.707107
      outer loop
         vertex -0.00423223 -0.095 0.00873223
         vertex -0.0036903 -0.095 0.00954329
         vertex -0.0036903 -0.089 0.00954329
      endloop
   endfacet
   facet normal -0.382683 -6.4107e-16 0.92388
      outer loop
         vertex -0.00504329 -0.095 0.0081903
         vertex -0.00423223 -0.095 0.00873223
         vertex -0.00423223 -0.089 0.00873223
      endloop
   endfacet
   facet normal 0 0 1
      outer loop
         vertex -0.006 -0.095 0.008
         vertex -0.00504329 -0.095 0.0081903
         vertex -0.00504329 -0.089 0.0081903
      endloop
   endfacet
   facet normal -0.382683 -6.4107e-16 0.92388
      outer loop
         vertex -0.00504329 -0.089 0.0081903
         vertex -0.006 -0.089 0.008
         vertex -0.006 -0.095 0.008
      endloop
   endfacet
   facet normal -0.707107 -4.90654e-16 0.707107
      outer loop
         vertex -0.00423223 -0.089 0.00873223
         vertex -0.00504329 -0.089 0.0081903
         vertex -0.00504329 -0.095 0.0081903
      endloop
   endfacet
   facet normal -0.92388 -2.6554e-16 0.382683
      outer loop
         vertex -0.0036903 -0.089 0.00954329
         vertex -0.00423223 -0.089 0.00873223
         vertex -0.00423223 -0.095 0.00873223
      endloop
   endfacet
   facet normal -1 0 -2.88176e-14
      outer loop
         vertex -0.0035 -0.089 0.0105
         vertex -0.0036903 -0.089 0.00954329
         vertex -0.0036903 -0.095 0.00954329
      endloop
   endfacet
   facet normal 0 -1 -6.93889e-16
      outer loop
         vertex -0.0035 -0.089 0.0145
         vertex -0.00501005 -0.089 0.0114899
         vertex -0.00470657 -0.089 0.0110358
      endloop
   endfacet
   facet normal 0 -1 -6.93889e-16
      outer loop
         vertex -0.0035 -0.089 0.0145
         vertex -0.0085 -0.089 0.0155
         vertex -0.00501005 -0.089 0.0114899
      endloop
   endfacet
   facet normal 0 -1 -6.93889e-16
      outer loop
         vertex -0.00470657 -0.089 0.0110358
         vertex -0.00423223 -0.089 0.00873223
         vertex -0.0036903 -0.089 0.00954329
      endloop
   endfacet
   facet normal 0 -1 -6.93889e-16
      outer loop
         vertex -0.00470657 -0.089 0.0110358
         vertex -0.0035 -0.089 0.0105
         vertex -0.0035 -0.089 0.0145
      endloop
   endfacet
   facet normal 0 -1 -6.93889e-16
      outer loop
         vertex -0.0035 -0.089 0.0145
         vertex -0.00342388 -0.089 0.0148827
         vertex -0.0085 -0.089 0.0155
      endloop
   endfacet
   facet normal 0 -1 -6.93889e-16
      outer loop
         vertex -0.009 -0.089 0.015
         vertex -0.00892388 -0.089 0.00738268
         vertex -0.0074 -0.089 0.0105
      endloop
   endfacet
   facet normal 0 -1 -6.93889e-16
      outer loop
         vertex -0.00423223 -0.089 0.00873223
         vertex -0.00501005 -0.089 0.00951005
         vertex -0.00546424 -0.089 0.00920657
      endloop
   endfacet
   facet normal 0 -1 -6.93889e-16
      outer loop
         vertex -0.0085 -0.089 0.0155
         vertex -0.00320711 -0.089 0.0152071
         vertex -0.00288268 -0.089 0.0154239
      endloop
   endfacet
   facet normal 0 -1 -6.93889e-16
      outer loop
         vertex -0.0036903 -0.089 0.00954329
         vertex -0.0035 -0.089 0.0105
         vertex -0.00470657 -0.089 0.0110358
      endloop
   endfacet
   facet normal 0 -1 -6.93889e-16
      outer loop
         vertex -0.009 -0.089 0.015
         vertex -0.009 -0.089 0.007
         vertex -0.00892388 -0.089 0.00738268
      endloop
   endfacet
   facet normal 0 -1 -6.93889e-16
      outer loop
         vertex -0.00423223 -0.089 0.00873223
         vertex -0.00470657 -0.089 0.00996424
         vertex -0.00501005 -0.089 0.00951005
      endloop
   endfacet
   facet normal 0 -1 -6.93889e-16
      outer loop
         vertex -0.00423223 -0.089 0.00873223
         vertex -0.00470657 -0.089 0.0110358
         vertex -0.0046 -0.089 0.0105
      endloop
   endfacet
   facet normal 0 -1 -6.93889e-16
      outer loop
         vertex -0.00342388 -0.089 0.0148827
         vertex -0.00320711 -0.089 0.0152071
         vertex -0.0085 -0.089 0.0155
      endloop
   endfacet
   facet normal 0 -1 -6.93889e-16
      outer loop
         vertex -0.0085 -0.089 0.0155
         vertex -0.006 -0.089 0.0119
         vertex -0.00546424 -0.089 0.0117934
      endloop
   endfacet
   facet normal 0 -1 -6.93889e-16
      outer loop
         vertex -0.00653576 -0.089 0.0117934
         vertex -0.0085 -0.089 0.0155
         vertex -0.009 -0.089 0.015
      endloop
   endfacet
   facet normal 0 -1 -6.93889e-16
      outer loop
         vertex -0.00892388 -0.089 0.00738268
         vertex -0.00729343 -0.089 0.00996424
         vertex -0.0074 -0.089 0.0105
      endloop
   endfacet
   facet normal 0 -1 -6.93889e-16
      outer loop
         vertex -0.00729343 -0.089 0.00996424
         vertex -0.00892388 -0.089 0.00738268
         vertex -0.00870711 -0.089 0.00770711
      endloop
   endfacet
   facet normal 0 -1 -6.93889e-16
      outer loop
         vertex -0.00698995 -0.089 0.00951005
         vertex -0.00838268 -0.089 0.00792388
         vertex -0.008 -0.089 0.008
      endloop
   endfacet
   facet normal 0 -1 -6.93889e-16
      outer loop
         vertex -0.00504329 -0.089 0.0081903
         vertex -0.00546424 -0.089 0.00920657
         vertex -0.006 -0.089 0.0091
      endloop
   endfacet
   facet normal 0 -1 -6.93889e-16
      outer loop
         vertex -0.0046 -0.089 0.0105
         vertex -0.00470657 -0.089 0.00996424
         vertex -0.00423223 -0.089 0.00873223
      endloop
   endfacet
   facet normal 0 -1 -6.93889e-16
      outer loop
         vertex -0.00546424 -0.089 0.0117934
         vertex -0.00501005 -0.089 0.0114899
         vertex -0.0085 -0.089 0.0155
      endloop
   endfacet
   facet normal 0 -1 -6.93889e-16
      outer loop
         vertex -0.009 -0.089 0.015
         vertex -0.00698995 -0.089 0.0114899
         vertex -0.00653576 -0.089 0.0117934
      endloop
   endfacet
   facet normal 0 -1 -6.93889e-16
      outer loop
         vertex -0.00870711 -0.089 0.00770711
         vertex -0.00698995 -0.089 0.00951005
         vertex -0.00729343 -0.089 0.00996424
      endloop
   endfacet
   facet normal 0 -1 -6.93889e-16
      outer loop
         vertex -0.00698995 -0.089 0.00951005
         vertex -0.00870711 -0.089 0.00770711
         vertex -0.00838268 -0.089 0.00792388
      endloop
   endfacet
   facet normal 0 -1 -6.93889e-16
      outer loop
         vertex -0.006 -0.089 0.008
         vertex -0.006 -0.089 0.0091
         vertex -0.00653576 -0.089 0.00920657
      endloop
   endfacet
   facet normal 0 -1 -6.93889e-16
      outer loop
         vertex -0.00546424 -0.089 0.00920657
         vertex -0.00504329 -0.089 0.0081903
         vertex -0.00423223 -0.089 0.00873223
      endloop
   endfacet
   facet normal 0 -1 -6.93889e-16
      outer loop
         vertex -0.00653576 -0.089 0.0117934
         vertex -0.006 -0.089 0.0119
         vertex -0.0085 -0.089 0.0155
      endloop
   endfacet
   facet normal 0 -1 -6.93889e-16
      outer loop
         vertex -0.0074 -0.089 0.0105
         vertex -0.00729343 -0.089 0.0110358
         vertex -0.009 -0.089 0.015
      endloop
   endfacet
   facet normal 0 -1 -6.93889e-16
      outer loop
         vertex -0.00653576 -0.089 0.00920657
         vertex -0.008 -0.089 0.008
         vertex -0.006 -0.089 0.008
      endloop
   endfacet
   facet normal 0 -1 -6.93889e-16
      outer loop
         vertex -0.00288268 -0.089 0.0154239
         vertex -0.0025 -0.089 0.0155
         vertex -0.0085 -0.089 0.0155
      endloop
   endfacet
   facet normal 0 -1 -6.93889e-16
      outer loop
         vertex -0.008 -0.089 0.008
         vertex -0.00653576 -0.089 0.00920657
         vertex -0.00698995 -0.089 0.00951005
      endloop
   endfacet
   facet normal 0 -1 -6.93889e-16
      outer loop
         vertex -0.00729343 -0.089 0.0110358
         vertex -0.00698995 -0.089 0.0114899
         vertex -0.009 -0.089 0.015
      endloop
   endfacet
   facet normal 0 -1 -6.93889e-16
      outer loop
         vertex -0.006 -0.089 0.0091
         vertex -0.006 -0.089 0.008
         vertex -0.00504329 -0.089 0.0081903
      endloop
   endfacet
   facet normal -1 1.02716e-31 -1.4803e-16
      outer loop
         vertex -0.0035 -0.089 0.0105
         vertex -0.0035 -0.095 0.0105
         vertex -0.0035 -0.095 0.0145
      endloop
   endfacet
   facet normal -1 1.02716e-31 -1.4803e-16
      outer loop
         vertex -0.0035 -0.095 0.0145
         vertex -0.0035 -0.089 0.0145
         vertex -0.0035 -0.089 0.0105
      endloop
   endfacet
   facet normal -1 1.02716e-31 -1.4803e-16
      outer loop
         vertex -0.0035 -0.089 0.0145
         vertex -0.0035 -0.095 0.0145
         vertex -0.00342388 -0.0946173 0.0148827
      endloop
   endfacet
   facet normal -0.92388 0 0.382683
      outer loop
         vertex -0.00342388 -0.089 0.0148827
         vertex -0.00342388 -0.0946173 0.0148827
         vertex -0.00320711 -0.0942929 0.0152071
      endloop
   endfacet
   facet normal -0.707107 0 0.707107
      outer loop
         vertex -0.00320711 -0.089 0.0152071
         vertex -0.00305557 -0.0941685 0.0153315
         vertex -0.00288268 -0.0940761 0.0154239
      endloop
   endfacet
   facet normal -0.707107 0 0.707107
      outer loop
         vertex -0.00320711 -0.089 0.0152071
         vertex -0.00320711 -0.0942929 0.0152071
         vertex -0.00305557 -0.0941685 0.0153315
      endloop
   endfacet
   facet normal -0.382683 0 0.92388
      outer loop
         vertex -0.00288268 -0.089 0.0154239
         vertex -0.00269509 -0.0940192 0.0154808
         vertex -0.0025 -0.094 0.0155
      endloop
   endfacet
   facet normal -0.382683 0 0.92388
      outer loop
         vertex -0.00288268 -0.089 0.0154239
         vertex -0.00288268 -0.0940761 0.0154239
         vertex -0.00269509 -0.0940192 0.0154808
      endloop
   endfacet
   facet normal 0 0 1
      outer loop
         vertex -0.0025 -0.094 0.0155
         vertex -0.0025 -0.089 0.0155
         vertex -0.00288268 -0.089 0.0154239
      endloop
   endfacet
   facet normal -0.382683 0 0.92388
      outer loop
         vertex -0.00288268 -0.0940761 0.0154239
         vertex -0.00288268 -0.089 0.0154239
         vertex -0.00320711 -0.089 0.0152071
      endloop
   endfacet
   facet normal -0.707107 0 0.707107
      outer loop
         vertex -0.00320711 -0.0942929 0.0152071
         vertex -0.00320711 -0.089 0.0152071
         vertex -0.00342388 -0.089 0.0148827
      endloop
   endfacet
   facet normal -0.92388 0 0.382683
      outer loop
         vertex -0.00342388 -0.0946173 0.0148827
         vertex -0.00342388 -0.089 0.0148827
         vertex -0.0035 -0.089 0.0145
      endloop
   endfacet
   facet normal 0 -0.707107 0.707107
      outer loop
         vertex 0.0525 -0.095 0.0145
         vertex 0.0518827 -0.0940761 0.0154239
         vertex 0.0516951 -0.0940192 0.0154808
      endloop
   endfacet
   facet normal 0 -0.707107 0.707107
      outer loop
         vertex 0.0525 -0.095 0.0145
         vertex 0.0520556 -0.0941685 0.0153315
         vertex 0.0518827 -0.0940761 0.0154239
      endloop
   endfacet
   facet normal 0 -0.707107 0.707107
      outer loop
         vertex 0.0525 -0.095 0.0145
         vertex 0.0524239 -0.0946173 0.0148827
         vertex 0.0522071 -0.0942929 0.0152071
      endloop
   endfacet
   facet normal 0 -0.707107 0.707107
      outer loop
         vertex -0.00155563 -0.095 0.0145
         vertex -0.00320711 -0.0942929 0.0152071
         vertex -0.00342388 -0.0946173 0.0148827
      endloop
   endfacet
   facet normal 0 -0.707107 0.707107
      outer loop
         vertex -0.00155563 -0.095 0.0145
         vertex -0.0025 -0.094 0.0155
         vertex -0.00269509 -0.0940192 0.0154808
      endloop
   endfacet
   facet normal 0 -0.707107 0.707107
      outer loop
         vertex -0.00155563 -0.095 0.0145
         vertex 0.0525 -0.095 0.0145
         vertex 0.0515 -0.094 0.0155
      endloop
   endfacet
   facet normal 0 -0.707107 0.707107
      outer loop
         vertex 0.0522071 -0.0942929 0.0152071
         vertex 0.0520556 -0.0941685 0.0153315
         vertex 0.0525 -0.095 0.0145
      endloop
   endfacet
   facet normal 0 -0.707107 0.707107
      outer loop
         vertex -0.00155563 -0.095 0.0145
         vertex -0.00305557 -0.0941685 0.0153315
         vertex -0.00320711 -0.0942929 0.0152071
      endloop
   endfacet
   facet normal 0 -0.707107 0.707107
      outer loop
         vertex -0.00269509 -0.0940192 0.0154808
         vertex -0.00288268 -0.0940761 0.0154239
         vertex -0.00155563 -0.095 0.0145
      endloop
   endfacet
   facet normal 0 -0.707107 0.707107
      outer loop
         vertex 0.0516951 -0.0940192 0.0154808
         vertex 0.0515 -0.094 0.0155
         vertex 0.0525 -0.095 0.0145
      endloop
   endfacet
   facet normal 0 -0.707107 0.707107
      outer loop
         vertex -0.00288268 -0.0940761 0.0154239
         vertex -0.00305557 -0.0941685 0.0153315
         vertex -0.00155563 -0.095 0.0145
      endloop
   endfacet
   facet normal 0 -0.707107 0.707107
      outer loop
         vertex -0.00342388 -0.0946173 0.0148827
         vertex -0.0035 -0.095 0.0145
         vertex -0.00155563 -0.095 0.0145
      endloop
   endfacet
   facet normal 0 -0.707107 0.707107
      outer loop
         vertex 0.0515 -0.094 0.0155
         vertex -0.0025 -0.094 0.0155
         vertex -0.00155563 -0.095 0.0145
      endloop
   endfacet
   facet normal 0.382683 -6.4107e-16 0.92388
      outer loop
         vertex 0.0518827 -0.089 0.0154239
         vertex 0.0515 -0.089 0.0155
         vertex 0.0515 -0.094 0.0155
      endloop
   endfacet
   facet normal 0 -6.9372e-16 1
      outer loop
         vertex 0.0515 -0.094 0.0155
         vertex 0.0516951 -0.0940192 0.0154808
         vertex 0.0518827 -0.089 0.0154239
      endloop
   endfacet
   facet normal 0.707107 -4.90654e-16 0.707107
      outer loop
         vertex 0.0522071 -0.089 0.0152071
         vertex 0.0518827 -0.089 0.0154239
         vertex 0.0518827 -0.0940761 0.0154239
      endloop
   endfacet
   facet normal 0.382683 -8.67362e-16 0.92388
      outer loop
         vertex 0.0518827 -0.0940761 0.0154239
         vertex 0.0520556 -0.0941685 0.0153315
         vertex 0.0522071 -0.089 0.0152071
      endloop
   endfacet
   facet normal 0.92388 -2.6554e-16 0.382683
      outer loop
         vertex 0.0524239 -0.089 0.0148827
         vertex 0.0522071 -0.089 0.0152071
         vertex 0.0522071 -0.0942929 0.0152071
      endloop
   endfacet
   facet normal 1 0 -1.38778e-18
      outer loop
         vertex 0.0525 -0.089 0.0145
         vertex 0.0524239 -0.089 0.0148827
         vertex 0.0524239 -0.0946173 0.0148827
      endloop
   endfacet
   facet normal 0.92388 0 0.382683
      outer loop
         vertex 0.0524239 -0.0946173 0.0148827
         vertex 0.0525 -0.095 0.0145
         vertex 0.0525 -0.089 0.0145
      endloop
   endfacet
   facet normal 0.707107 -8.67362e-16 0.707107
      outer loop
         vertex 0.0522071 -0.0942929 0.0152071
         vertex 0.0524239 -0.0946173 0.0148827
         vertex 0.0524239 -0.089 0.0148827
      endloop
   endfacet
   facet normal 0.55557 -8.67362e-16 0.83147
      outer loop
         vertex 0.0520556 -0.0941685 0.0153315
         vertex 0.0522071 -0.0942929 0.0152071
         vertex 0.0522071 -0.089 0.0152071
      endloop
   endfacet
   facet normal 0.19509 -8.67362e-16 0.980785
      outer loop
         vertex 0.0516951 -0.0940192 0.0154808
         vertex 0.0518827 -0.0940761 0.0154239
         vertex 0.0518827 -0.089 0.0154239
      endloop
   endfacet
   facet normal 1 0 -1.38778e-18
      outer loop
         vertex 0.0525 -0.095 0.0105
         vertex 0.0525 -0.089 0.0105
         vertex 0.0525 -0.089 0.0145
      endloop
   endfacet
   facet normal 1 0 -1.38778e-18
      outer loop
         vertex 0.0525 -0.089 0.0145
         vertex 0.0525 -0.095 0.0145
         vertex 0.0525 -0.095 0.0105
      endloop
   endfacet
   facet normal 0.382683 -6.4107e-16 0.92388
      outer loop
         vertex 0.0540433 -0.095 0.0081903
         vertex 0.055 -0.095 0.008
         vertex 0.055 -0.089 0.008
      endloop
   endfacet
   facet normal 0.707107 -4.90654e-16 0.707107
      outer loop
         vertex 0.0532322 -0.095 0.00873223
         vertex 0.0540433 -0.095 0.0081903
         vertex 0.0540433 -0.089 0.0081903
      endloop
   endfacet
   facet normal 0.92388 -2.6554e-16 0.382683
      outer loop
         vertex 0.0526903 -0.095 0.00954329
         vertex 0.0532322 -0.095 0.00873223
         vertex 0.0532322 -0.089 0.00873223
      endloop
   endfacet
   facet normal 1 0 -2.95115e-14
      outer loop
         vertex 0.0525 -0.095 0.0105
         vertex 0.0526903 -0.095 0.00954329
         vertex 0.0526903 -0.089 0.00954329
      endloop
   endfacet
   facet normal 0.92388 -2.6554e-16 0.382683
      outer loop
         vertex 0.0526903 -0.089 0.00954329
         vertex 0.0525 -0.089 0.0105
         vertex 0.0525 -0.095 0.0105
      endloop
   endfacet
   facet normal 0.707107 -4.90654e-16 0.707107
      outer loop
         vertex 0.0532322 -0.089 0.00873223
         vertex 0.0526903 -0.089 0.00954329
         vertex 0.0526903 -0.095 0.00954329
      endloop
   endfacet
   facet normal 0.382683 -6.4107e-16 0.92388
      outer loop
         vertex 0.0540433 -0.089 0.0081903
         vertex 0.0532322 -0.089 0.00873223
         vertex 0.0532322 -0.095 0.00873223
      endloop
   endfacet
   facet normal 0 0 1
      outer loop
         vertex 0.055 -0.089 0.008
         vertex 0.0540433 -0.089 0.0081903
         vertex 0.0540433 -0.095 0.0081903
      endloop
   endfacet
   facet normal 0 -1 -6.93889e-16
      outer loop
         vertex 0.0524239 -0.089 0.0148827
         vertex 0.0544642 -0.089 0.0117934
         vertex 0.055 -0.089 0.0119
      endloop
   endfacet
   facet normal 0 -1 -6.93889e-16
      outer loop
         vertex 0.057 -0.089 0.008
         vertex 0.0559899 -0.089 0.00951005
         vertex 0.0555358 -0.089 0.00920657
      endloop
   endfacet
   facet normal 0 -1 -6.93889e-16
      outer loop
         vertex 0.0575 -0.089 0.0155
         vertex 0.0522071 -0.089 0.0152071
         vertex 0.0524239 -0.089 0.0148827
      endloop
   endfacet
   facet normal 0 -1 -6.93889e-16
      outer loop
         vertex 0.0544642 -0.089 0.0117934
         vertex 0.0524239 -0.089 0.0148827
         vertex 0.0525 -0.089 0.0145
      endloop
   endfacet
   facet normal 0 -1 -6.93889e-16
      outer loop
         vertex 0.0555358 -0.089 0.00920657
         vertex 0.055 -0.089 0.008
         vertex 0.057 -0.089 0.008
      endloop
   endfacet
   facet normal 0 -1 -6.93889e-16
      outer loop
         vertex 0.058 -0.089 0.015
         vertex 0.0562934 -0.089 0.0110358
         vertex 0.0564 -0.089 0.0105
      endloop
   endfacet
   facet normal 0 -1 -6.93889e-16
      outer loop
         vertex 0.0555358 -0.089 0.0117934
         vertex 0.0559899 -0.089 0.0114899
         vertex 0.058 -0.089 0.015
      endloop
   endfacet
   facet normal 0 -1 -6.93889e-16
      outer loop
         vertex 0.0525 -0.089 0.0145
         vertex 0.0540101 -0.089 0.0114899
         vertex 0.0544642 -0.089 0.0117934
      endloop
   endfacet
   facet normal 0 -1 -6.93889e-16
      outer loop
         vertex 0.0525 -0.089 0.0145
         vertex 0.0525 -0.089 0.0105
         vertex 0.0537066 -0.089 0.0110358
      endloop
   endfacet
   facet normal 0 -1 -6.93889e-16
      outer loop
         vertex 0.0525 -0.089 0.0105
         vertex 0.0526903 -0.089 0.00954329
         vertex 0.0537066 -0.089 0.00996424
      endloop
   endfacet
   facet normal 0 -1 -6.93889e-16
      outer loop
         vertex 0.0573827 -0.089 0.00792388
         vertex 0.0562934 -0.089 0.00996424
         vertex 0.0559899 -0.089 0.00951005
      endloop
   endfacet
   facet normal 0 -1 -6.93889e-16
      outer loop
         vertex 0.0564 -0.089 0.0105
         vertex 0.0573827 -0.089 0.00792388
         vertex 0.058 -0.089 0.015
      endloop
   endfacet
   facet normal 0 -1 -6.93889e-16
      outer loop
         vertex 0.058 -0.089 0.015
         vertex 0.0575 -0.089 0.0155
         vertex 0.0555358 -0.089 0.0117934
      endloop
   endfacet
   facet normal 0 -1 -6.93889e-16
      outer loop
         vertex 0.0537066 -0.089 0.0110358
         vertex 0.0540101 -0.089 0.0114899
         vertex 0.0525 -0.089 0.0145
      endloop
   endfacet
   facet normal 0 -1 -6.93889e-16
      outer loop
         vertex 0.0537066 -0.089 0.00996424
         vertex 0.0536 -0.089 0.0105
         vertex 0.0525 -0.089 0.0105
      endloop
   endfacet
   facet normal 0 -1 -6.93889e-16
      outer loop
         vertex 0.058 -0.089 0.015
         vertex 0.0573827 -0.089 0.00792388
         vertex 0.0577071 -0.089 0.00770711
      endloop
   endfacet
   facet normal 0 -1 -6.93889e-16
      outer loop
         vertex 0.0564 -0.089 0.0105
         vertex 0.0562934 -0.089 0.00996424
         vertex 0.0573827 -0.089 0.00792388
      endloop
   endfacet
   facet normal 0 -1 -6.93889e-16
      outer loop
         vertex 0.0575 -0.089 0.0155
         vertex 0.055 -0.089 0.0119
         vertex 0.0555358 -0.089 0.0117934
      endloop
   endfacet
   facet normal 0 -1 -6.93889e-16
      outer loop
         vertex 0.0536 -0.089 0.0105
         vertex 0.0537066 -0.089 0.0110358
         vertex 0.0525 -0.089 0.0105
      endloop
   endfacet
   facet normal 0 -1 -6.93889e-16
      outer loop
         vertex 0.0526903 -0.089 0.00954329
         vertex 0.0532322 -0.089 0.00873223
         vertex 0.0540101 -0.089 0.00951005
      endloop
   endfacet
   facet normal 0 -1 -6.93889e-16
      outer loop
         vertex 0.0532322 -0.089 0.00873223
         vertex 0.0540433 -0.089 0.0081903
         vertex 0.0544642 -0.089 0.00920657
      endloop
   endfacet
   facet normal 0 -1 -6.93889e-16
      outer loop
         vertex 0.057 -0.089 0.008
         vertex 0.0573827 -0.089 0.00792388
         vertex 0.0559899 -0.089 0.00951005
      endloop
   endfacet
   facet normal 0 -1 -6.93889e-16
      outer loop
         vertex 0.055 -0.089 0.0119
         vertex 0.0575 -0.089 0.0155
         vertex 0.0524239 -0.089 0.0148827
      endloop
   endfacet
   facet normal 0 -1 -6.93889e-16
      outer loop
         vertex 0.0544642 -0.089 0.00920657
         vertex 0.0540101 -0.089 0.00951005
         vertex 0.0532322 -0.089 0.00873223
      endloop
   endfacet
   facet normal 0 -1 -6.93889e-16
      outer loop
         vertex 0.0577071 -0.089 0.00770711
         vertex 0.0579239 -0.089 0.00738268
         vertex 0.058 -0.089 0.015
      endloop
   endfacet
   facet normal 0 -1 -6.93889e-16
      outer loop
         vertex 0.0540101 -0.089 0.00951005
         vertex 0.0537066 -0.089 0.00996424
         vertex 0.0526903 -0.089 0.00954329
      endloop
   endfacet
   facet normal 0 -1 -6.93889e-16
      outer loop
         vertex 0.0559899 -0.089 0.0114899
         vertex 0.0562934 -0.089 0.0110358
         vertex 0.058 -0.089 0.015
      endloop
   endfacet
   facet normal 0 -1 -6.93889e-16
      outer loop
         vertex 0.0579239 -0.089 0.00738268
         vertex 0.058 -0.089 0.007
         vertex 0.058 -0.089 0.015
      endloop
   endfacet
   facet normal 0 -1 -6.93889e-16
      outer loop
         vertex 0.0540433 -0.089 0.0081903
         vertex 0.055 -0.089 0.008
         vertex 0.055 -0.089 0.0091
      endloop
   endfacet
   facet normal 0 -1 -6.93889e-16
      outer loop
         vertex 0.055 -0.089 0.0091
         vertex 0.0544642 -0.089 0.00920657
         vertex 0.0540433 -0.089 0.0081903
      endloop
   endfacet
   facet normal 0 -1 -6.93889e-16
      outer loop
         vertex 0.0575 -0.089 0.0155
         vertex 0.0515 -0.089 0.0155
         vertex 0.0518827 -0.089 0.0154239
      endloop
   endfacet
   facet normal 0 -1 -6.93889e-16
      outer loop
         vertex 0.0518827 -0.089 0.0154239
         vertex 0.0522071 -0.089 0.0152071
         vertex 0.0575 -0.089 0.0155
      endloop
   endfacet
   facet normal 0 -1 -6.93889e-16
      outer loop
         vertex 0.0555358 -0.089 0.00920657
         vertex 0.055 -0.089 0.0091
         vertex 0.055 -0.089 0.008
      endloop
   endfacet
   facet normal -3.22607e-16 -6.93889e-16 1
      outer loop
         vertex 0.055 -0.089 0.008
         vertex 0.055 -0.095 0.008
         vertex 0.057 -0.095 0.008
      endloop
   endfacet
   facet normal -3.22607e-16 -6.93889e-16 1
      outer loop
         vertex 0.057 -0.095 0.008
         vertex 0.057 -0.089 0.008
         vertex 0.055 -0.089 0.008
      endloop
   endfacet
   facet normal -3.22607e-16 -6.93889e-16 1
      outer loop
         vertex 0.057 -0.089 0.008
         vertex 0.057 -0.095 0.008
         vertex 0.0573827 -0.0946173 0.00792388
      endloop
   endfacet
   facet normal 0.382683 -8.67362e-16 0.92388
      outer loop
         vertex 0.0573827 -0.089 0.00792388
         vertex 0.0573827 -0.0946173 0.00792388
         vertex 0.0577071 -0.0942929 0.00770711
      endloop
   endfacet
   facet normal 0.707107 -8.67362e-16 0.707107
      outer loop
         vertex 0.0577071 -0.089 0.00770711
         vertex 0.0578315 -0.0941685 0.00755557
         vertex 0.0579239 -0.0940761 0.00738268
      endloop
   endfacet
   facet normal 0.707107 -8.67362e-16 0.707107
      outer loop
         vertex 0.0577071 -0.089 0.00770711
         vertex 0.0577071 -0.0942929 0.00770711
         vertex 0.0578315 -0.0941685 0.00755557
      endloop
   endfacet
   facet normal 0.92388 0 0.382683
      outer loop
         vertex 0.0579239 -0.089 0.00738268
         vertex 0.0579808 -0.0940192 0.00719509
         vertex 0.058 -0.094 0.007
      endloop
   endfacet
   facet normal 0.92388 0 0.382683
      outer loop
         vertex 0.0579239 -0.089 0.00738268
         vertex 0.0579239 -0.0940761 0.00738268
         vertex 0.0579808 -0.0940192 0.00719509
      endloop
   endfacet
   facet normal 1 0 3.46806e-15
      outer loop
         vertex 0.058 -0.094 0.007
         vertex 0.058 -0.089 0.007
         vertex 0.0579239 -0.089 0.00738268
      endloop
   endfacet
   facet normal 0.92388 0 0.382683
      outer loop
         vertex 0.0579239 -0.0940761 0.00738268
         vertex 0.0579239 -0.089 0.00738268
         vertex 0.0577071 -0.089 0.00770711
      endloop
   endfacet
   facet normal 0.707107 -8.67362e-16 0.707107
      outer loop
         vertex 0.0577071 -0.0942929 0.00770711
         vertex 0.0577071 -0.089 0.00770711
         vertex 0.0573827 -0.089 0.00792388
      endloop
   endfacet
   facet normal 0.382683 -8.67362e-16 0.92388
      outer loop
         vertex 0.0573827 -0.0946173 0.00792388
         vertex 0.0573827 -0.089 0.00792388
         vertex 0.057 -0.089 0.008
      endloop
   endfacet
   facet normal 0.707107 -0.707107 -4.90654e-16
      outer loop
         vertex 0.057 -0.095 0.008
         vertex 0.058 -0.094 0.007
         vertex 0.0579808 -0.0940192 0.00719509
      endloop
   endfacet
   facet normal 0.707107 -0.707107 -4.90654e-16
      outer loop
         vertex 0.057 -0.095 0.008
         vertex 0.0578315 -0.0941685 0.00755557
         vertex 0.0577071 -0.0942929 0.00770711
      endloop
   endfacet
   facet normal 0.707107 -0.707107 -4.90654e-16
      outer loop
         vertex 0.0579808 -0.0940192 0.00719509
         vertex 0.0579239 -0.0940761 0.00738268
         vertex 0.057 -0.095 0.008
      endloop
   endfacet
   facet normal 0.707107 -0.707107 -4.90654e-16
      outer loop
         vertex 0.057 -0.095 -0.005
         vertex 0.0579239 -0.0940761 -0.00438268
         vertex 0.0579808 -0.0940192 -0.00419509
      endloop
   endfacet
   facet normal 0.707107 -0.707107 -4.90654e-16
      outer loop
         vertex 0.0579239 -0.0940761 0.00738268
         vertex 0.0578315 -0.0941685 0.00755557
         vertex 0.057 -0.095 0.008
      endloop
   endfacet
   facet normal 0.707107 -0.707107 -4.90654e-16
      outer loop
         vertex 0.057 -0.095 0.008
         vertex 0.057 -0.095 -0.005
         vertex 0.058 -0.094 -0.004
      endloop
   endfacet
   facet normal 0.707107 -0.707107 -4.90654e-16
      outer loop
         vertex 0.057 -0.095 -0.005
         vertex 0.0578315 -0.0941685 -0.00455557
         vertex 0.0579239 -0.0940761 -0.00438268
      endloop
   endfacet
   facet normal 0.707107 -0.707107 -4.90654e-16
      outer loop
         vertex 0.057 -0.095 -0.005
         vertex 0.0573827 -0.0946173 -0.00492388
         vertex 0.0577071 -0.0942929 -0.00470711
      endloop
   endfacet
   facet normal 0.707107 -0.707107 -4.90654e-16
      outer loop
         vertex 0.058 -0.094 -0.004
         vertex 0.058 -0.094 0.007
         vertex 0.057 -0.095 0.008
      endloop
   endfacet
   facet normal 0.707107 -0.707107 -4.90654e-16
      outer loop
         vertex 0.0577071 -0.0942929 -0.00470711
         vertex 0.0578315 -0.0941685 -0.00455557
         vertex 0.057 -0.095 -0.005
      endloop
   endfacet
   facet normal 0.707107 -0.707107 -4.90654e-16
      outer loop
         vertex 0.0579808 -0.0940192 -0.00419509
         vertex 0.058 -0.094 -0.004
         vertex 0.057 -0.095 -0.005
      endloop
   endfacet
   facet normal 0.707107 -0.707107 -4.90654e-16
      outer loop
         vertex 0.0577071 -0.0942929 0.00770711
         vertex 0.0573827 -0.0946173 0.00792388
         vertex 0.057 -0.095 0.008
      endloop
   endfacet
   facet normal 1 0 3.46806e-15
      outer loop
         vertex 0.058 -0.085 -0.0115
         vertex 0.058 -0.0884533 -0.00726792
         vertex 0.058 -0.089 -0.00773205
      endloop
   endfacet
   facet normal 1 0 3.46806e-15
      outer loop
         vertex 0.058 -0.089 -0.00773205
         vertex 0.058 -0.089 -0.009
         vertex 0.058 -0.085 -0.0115
      endloop
   endfacet
   facet normal 1 0 3.46806e-15
      outer loop
         vertex 0.058 -0.0886331 -0.00454002
         vertex 0.058 -0.0881923 -0.00514438
         vertex 0.058 -0.085 -0.00263076
      endloop
   endfacet
   facet normal 1 0 3.46806e-15
      outer loop
         vertex 0.058 -0.085 -0.0115
         vertex 0.058 -0.0880956 -0.00661092
         vertex 0.058 -0.0884533 -0.00726792
      endloop
   endfacet
   facet normal 1 0 3.46806e-15
      outer loop
         vertex 0.058 -0.085 -0.0115
         vertex 0.058 -0.085 -0.00263076
         vertex 0.058 -0.0880043 -0.00586845
      endloop
   endfacet
   facet normal 1 0 3.46806e-15
      outer loop
         vertex 0.058 -0.085 -0.00263076
         vertex 0.058 -0.085 0.00331924
         vertex 0.058 -0.0886331 -0.00454002
      endloop
   endfacet
   facet normal 1 0 3.46806e-15
      outer loop
         vertex 0.058 -0.0880043 -0.00586845
         vertex 0.058 -0.0880956 -0.00661092
         vertex 0.058 -0.085 -0.0115
      endloop
   endfacet
   facet normal 1 0 3.46806e-15
      outer loop
         vertex 0.058 -0.085 0.00331924
         vertex 0.058 -0.0892651 -0.0041399
         vertex 0.058 -0.0886331 -0.00454002
      endloop
   endfacet
   facet normal 1 0 3.46806e-15
      outer loop
         vertex 0.058 -0.089 0.007
         vertex 0.058 -0.09 -0.004
         vertex 0.058 -0.0892651 -0.0041399
      endloop
   endfacet
   facet normal 1 0 3.46806e-15
      outer loop
         vertex 0.058 -0.094 0.007
         vertex 0.058 -0.094 -0.004
         vertex 0.058 -0.09 -0.004
      endloop
   endfacet
   facet normal 1 0 3.46806e-15
      outer loop
         vertex 0.058 -0.094 -0.0115
         vertex 0.058 -0.085 -0.0115
         vertex 0.058 -0.09 -0.01
      endloop
   endfacet
   facet normal 1 0 3.46806e-15
      outer loop
         vertex 0.058 -0.0881923 -0.00514438
         vertex 0.058 -0.0880043 -0.00586845
         vertex 0.058 -0.085 -0.00263076
      endloop
   endfacet
   facet normal 1 0 3.46806e-15
      outer loop
         vertex 0.058 -0.09 -0.004
         vertex 0.058 -0.089 0.007
         vertex 0.058 -0.094 0.007
      endloop
   endfacet
   facet normal 1 0 3.46806e-15
      outer loop
         vertex 0.058 -0.085 -0.0115
         vertex 0.058 -0.0896173 -0.00992388
         vertex 0.058 -0.09 -0.01
      endloop
   endfacet
   facet normal 1 0 3.46806e-15
      outer loop
         vertex 0.058 -0.0892651 -0.0041399
         vertex 0.058 -0.085 0.00331924
         vertex 0.058 -0.089 0.007
      endloop
   endfacet
   facet normal 1 0 3.46806e-15
      outer loop
         vertex 0.058 -0.085 -0.0115
         vertex 0.058 -0.0892929 -0.00970711
         vertex 0.058 -0.0896173 -0.00992388
      endloop
   endfacet
   facet normal 1 0 3.46806e-15
      outer loop
         vertex 0.058 -0.089 -0.009
         vertex 0.058 -0.0890761 -0.00938268
         vertex 0.058 -0.085 -0.0115
      endloop
   endfacet
   facet normal 1 0 3.46806e-15
      outer loop
         vertex 0.058 -0.085 0.015
         vertex 0.058 -0.089 0.015
         vertex 0.058 -0.089 0.007
      endloop
   endfacet
   facet normal 1 0 3.46806e-15
      outer loop
         vertex 0.058 -0.0890761 -0.00938268
         vertex 0.058 -0.0892929 -0.00970711
         vertex 0.058 -0.085 -0.0115
      endloop
   endfacet
   facet normal 1 0 3.46806e-15
      outer loop
         vertex 0.058 -0.089 0.007
         vertex 0.058 -0.085 0.00331924
         vertex 0.058 -0.085 0.00636924
      endloop
   endfacet
   facet normal 1 0 3.46806e-15
      outer loop
         vertex 0.058 -0.089 0.007
         vertex 0.058 -0.085 0.00636924
         vertex 0.058 -0.085 0.015
      endloop
   endfacet
   facet normal 1 0 3.46806e-15
      outer loop
         vertex 0.058 -0.09 -0.01
         vertex 0.058 -0.094 -0.01
         vertex 0.058 -0.094 -0.0115
      endloop
   endfacet
   facet normal -3.22607e-16 -6.93889e-16 1
      outer loop
         vertex 0.055 -0.09 -0.01
         vertex 0.057 -0.095 -0.01
         vertex 0.058 -0.094 -0.01
      endloop
   endfacet
   facet normal -3.22607e-16 -6.93889e-16 1
      outer loop
         vertex 0.055 -0.09 -0.01
         vertex 0.055 -0.095 -0.01
         vertex 0.057 -0.095 -0.01
      endloop
   endfacet
   facet normal -3.22607e-16 -6.93889e-16 1
      outer loop
         vertex 0.058 -0.094 -0.01
         vertex 0.058 -0.09 -0.01
         vertex 0.055 -0.09 -0.01
      endloop
   endfacet
   facet normal -2.9805e-16 -0.382683 0.92388
      outer loop
         vertex 0.055 -0.0896173 -0.00992388
         vertex 0.055 -0.09 -0.01
         vertex 0.058 -0.09 -0.01
      endloop
   endfacet
   facet normal -2.28118e-16 -0.707107 0.707107
      outer loop
         vertex 0.055 -0.0892929 -0.00970711
         vertex 0.055 -0.0896173 -0.00992388
         vertex 0.058 -0.0896173 -0.00992388
      endloop
   endfacet
   facet normal -1.23457e-16 -0.92388 0.382683
      outer loop
         vertex 0.055 -0.0890761 -0.00938268
         vertex 0.055 -0.0892929 -0.00970711
         vertex 0.058 -0.0892929 -0.00970711
      endloop
   endfacet
   facet normal 0 -1 -1.73472e-15
      outer loop
         vertex 0.055 -0.089 -0.009
         vertex 0.055 -0.0890761 -0.00938268
         vertex 0.058 -0.0890761 -0.00938268
      endloop
   endfacet
   facet normal -1.23457e-16 -0.92388 0.382683
      outer loop
         vertex 0.058 -0.0890761 -0.00938268
         vertex 0.058 -0.089 -0.009
         vertex 0.055 -0.089 -0.009
      endloop
   endfacet
   facet normal -2.28118e-16 -0.707107 0.707107
      outer loop
         vertex 0.058 -0.0892929 -0.00970711
         vertex 0.058 -0.0890761 -0.00938268
         vertex 0.055 -0.0890761 -0.00938268
      endloop
   endfacet
   facet normal -2.9805e-16 -0.382683 0.92388
      outer loop
         vertex 0.058 -0.0896173 -0.00992388
         vertex 0.058 -0.0892929 -0.00970711
         vertex 0.055 -0.0892929 -0.00970711
      endloop
   endfacet
   facet normal -3.22607e-16 -6.93889e-16 1
      outer loop
         vertex 0.058 -0.09 -0.01
         vertex 0.058 -0.0896173 -0.00992388
         vertex 0.055 -0.0896173 -0.00992388
      endloop
   endfacet
   facet normal 0 -1 -1.73472e-15
      outer loop
         vertex 0.0564 -0.089 -0.0075
         vertex 0.0579173 -0.089 -0.00726941
         vertex 0.0579106 -0.089 -0.00723205
      endloop
   endfacet
   facet normal 0 -1 -1.73472e-15
      outer loop
         vertex 0.0562934 -0.089 -0.00696424
         vertex 0.0570045 -0.089 -0.00600447
         vertex 0.057 -0.089 -0.006
      endloop
   endfacet
   facet normal 0 -1 -1.73472e-15
      outer loop
         vertex 0.0575716 -0.089 -0.00662541
         vertex 0.0573634 -0.089 -0.00639751
         vertex 0.0562934 -0.089 -0.00696424
      endloop
   endfacet
   facet normal 0 -1 -1.73472e-15
      outer loop
         vertex 0.0579106 -0.089 -0.00723205
         vertex 0.0576976 -0.089 -0.00685085
         vertex 0.0564 -0.089 -0.0075
      endloop
   endfacet
   facet normal 0 -1 -1.73472e-15
      outer loop
         vertex 0.0562934 -0.089 -0.00696424
         vertex 0.0573116 -0.089 -0.00634076
         vertex 0.0570045 -0.089 -0.00600447
      endloop
   endfacet
   facet normal 0 -1 -1.73472e-15
      outer loop
         vertex 0.0564 -0.089 -0.0075
         vertex 0.0576785 -0.089 -0.00681663
         vertex 0.0575716 -0.089 -0.00662541
      endloop
   endfacet
   facet normal 0 -1 -1.73472e-15
      outer loop
         vertex 0.0564 -0.089 -0.0075
         vertex 0.058 -0.089 -0.00773205
         vertex 0.0579173 -0.089 -0.00726941
      endloop
   endfacet
   facet normal 0 -1 -1.73472e-15
      outer loop
         vertex 0.0562934 -0.089 -0.00696424
         vertex 0.0573634 -0.089 -0.00639751
         vertex 0.0573116 -0.089 -0.00634076
      endloop
   endfacet
   facet normal 0 -1 -1.73472e-15
      outer loop
         vertex 0.0536142 -0.089 -0.00807403
         vertex 0.0539393 -0.089 -0.00856066
         vertex 0.0540101 -0.089 -0.00848995
      endloop
   endfacet
   facet normal 0 -1 -1.73472e-15
      outer loop
         vertex 0.0539393 -0.089 -0.00856066
         vertex 0.054426 -0.089 -0.00888582
         vertex 0.0544642 -0.089 -0.00879343
      endloop
   endfacet
   facet normal 0 -1 -1.73472e-15
      outer loop
         vertex 0.058 -0.089 -0.00773205
         vertex 0.0564 -0.089 -0.0075
         vertex 0.0562934 -0.089 -0.00803576
      endloop
   endfacet
   facet normal 0 -1 -1.73472e-15
      outer loop
         vertex 0.0576976 -0.089 -0.00685085
         vertex 0.0576785 -0.089 -0.00681663
         vertex 0.0564 -0.089 -0.0075
      endloop
   endfacet
   facet normal 0 -1 -1.73472e-15
      outer loop
         vertex 0.057 -0.089 -0.006
         vertex 0.0555358 -0.089 -0.00620657
         vertex 0.0559899 -0.089 -0.00651005
      endloop
   endfacet
   facet normal 0 -1 -1.73472e-15
      outer loop
         vertex 0.055 -0.089 -0.006
         vertex 0.055 -0.089 -0.0061
         vertex 0.0555358 -0.089 -0.00620657
      endloop
   endfacet
   facet normal 0 -1 -1.73472e-15
      outer loop
         vertex 0.054426 -0.089 -0.00611418
         vertex 0.0539393 -0.089 -0.00643934
         vertex 0.0540101 -0.089 -0.00651005
      endloop
   endfacet
   facet normal 0 -1 -1.73472e-15
      outer loop
         vertex 0.0539393 -0.089 -0.00643934
         vertex 0.0536142 -0.089 -0.00692597
         vertex 0.0537066 -0.089 -0.00696424
      endloop
   endfacet
   facet normal 0 -1 -1.73472e-15
      outer loop
         vertex 0.0536142 -0.089 -0.00692597
         vertex 0.0535 -0.089 -0.0075
         vertex 0.0536 -0.089 -0.0075
      endloop
   endfacet
   facet normal 0 -1 -1.73472e-15
      outer loop
         vertex 0.0535 -0.089 -0.0075
         vertex 0.0536142 -0.089 -0.00807403
         vertex 0.0537066 -0.089 -0.00803576
      endloop
   endfacet
   facet normal 0 -1 -1.73472e-15
      outer loop
         vertex 0.0544642 -0.089 -0.00879343
         vertex 0.0540101 -0.089 -0.00848995
         vertex 0.0539393 -0.089 -0.00856066
      endloop
   endfacet
   facet normal 0 -1 -1.73472e-15
      outer loop
         vertex 0.054426 -0.089 -0.00888582
         vertex 0.055 -0.089 -0.009
         vertex 0.055 -0.089 -0.0089
      endloop
   endfacet
   facet normal 0 -1 -1.73472e-15
      outer loop
         vertex 0.055 -0.089 -0.009
         vertex 0.058 -0.089 -0.009
         vertex 0.0555358 -0.089 -0.00879343
      endloop
   endfacet
   facet normal 0 -1 -1.73472e-15
      outer loop
         vertex 0.058 -0.089 -0.009
         vertex 0.0562934 -0.089 -0.00803576
         vertex 0.0559899 -0.089 -0.00848995
      endloop
   endfacet
   facet normal 0 -1 -1.73472e-15
      outer loop
         vertex 0.0562934 -0.089 -0.00696424
         vertex 0.0564 -0.089 -0.0075
         vertex 0.0575716 -0.089 -0.00662541
      endloop
   endfacet
   facet normal 0 -1 -1.73472e-15
      outer loop
         vertex 0.0555358 -0.089 -0.00620657
         vertex 0.057 -0.089 -0.006
         vertex 0.055 -0.089 -0.006
      endloop
   endfacet
   facet normal 0 -1 -1.73472e-15
      outer loop
         vertex 0.055 -0.089 -0.006
         vertex 0.054426 -0.089 -0.00611418
         vertex 0.0544642 -0.089 -0.00620657
      endloop
   endfacet
   facet normal 0 -1 -1.73472e-15
      outer loop
         vertex 0.0537066 -0.089 -0.00696424
         vertex 0.0540101 -0.089 -0.00651005
         vertex 0.0539393 -0.089 -0.00643934
      endloop
   endfacet
   facet normal 0 -1 -1.73472e-15
      outer loop
         vertex 0.0537066 -0.089 -0.00803576
         vertex 0.0536 -0.089 -0.0075
         vertex 0.0535 -0.089 -0.0075
      endloop
   endfacet
   facet normal 0 -1 -1.73472e-15
      outer loop
         vertex 0.055 -0.089 -0.0089
         vertex 0.0544642 -0.089 -0.00879343
         vertex 0.054426 -0.089 -0.00888582
      endloop
   endfacet
   facet normal 0 -1 -1.73472e-15
      outer loop
         vertex 0.0559899 -0.089 -0.00848995
         vertex 0.0555358 -0.089 -0.00879343
         vertex 0.058 -0.089 -0.009
      endloop
   endfacet
   facet normal 0 -1 -1.73472e-15
      outer loop
         vertex 0.057 -0.089 -0.006
         vertex 0.0559899 -0.089 -0.00651005
         vertex 0.0562934 -0.089 -0.00696424
      endloop
   endfacet
   facet normal 0 -1 -1.73472e-15
      outer loop
         vertex 0.0540101 -0.089 -0.00651005
         vertex 0.0544642 -0.089 -0.00620657
         vertex 0.054426 -0.089 -0.00611418
      endloop
   endfacet
   facet normal 0 -1 -1.73472e-15
      outer loop
         vertex 0.0540101 -0.089 -0.00848995
         vertex 0.0537066 -0.089 -0.00803576
         vertex 0.0536142 -0.089 -0.00807403
      endloop
   endfacet
   facet normal 0 -1 -1.73472e-15
      outer loop
         vertex 0.0562934 -0.089 -0.00803576
         vertex 0.058 -0.089 -0.009
         vertex 0.058 -0.089 -0.00773205
      endloop
   endfacet
   facet normal 0 -1 -1.73472e-15
      outer loop
         vertex 0.0536 -0.089 -0.0075
         vertex 0.0537066 -0.089 -0.00696424
         vertex 0.0536142 -0.089 -0.00692597
      endloop
   endfacet
   facet normal 0 -1 -1.73472e-15
      outer loop
         vertex 0.0544642 -0.089 -0.00620657
         vertex 0.055 -0.089 -0.0061
         vertex 0.055 -0.089 -0.006
      endloop
   endfacet
   facet normal 0 -1 -1.73472e-15
      outer loop
         vertex 0.0555358 -0.089 -0.00879343
         vertex 0.055 -0.089 -0.0089
         vertex 0.055 -0.089 -0.009
      endloop
   endfacet
   facet normal 0 -1.04083e-15 -1
      outer loop
         vertex 0.055 -0.09 -0.005
         vertex 0.0540433 -0.09 -0.0051903
         vertex 0.0540724 -0.0896173 -0.00526063
      endloop
   endfacet
   facet normal 0.382683 -3.9443e-31 -0.92388
      outer loop
         vertex 0.0540433 -0.09 -0.0051903
         vertex 0.0532322 -0.09 -0.00573223
         vertex 0.0532861 -0.0896173 -0.00578606
      endloop
   endfacet
   facet normal 0.707107 -3.9443e-31 -0.707107
      outer loop
         vertex 0.0532322 -0.09 -0.00573223
         vertex 0.0526903 -0.09 -0.00654329
         vertex 0.0527606 -0.0896173 -0.00657242
      endloop
   endfacet
   facet normal 0.92388 -3.9443e-31 -0.382683
      outer loop
         vertex 0.0526903 -0.09 -0.00654329
         vertex 0.0525 -0.09 -0.0075
         vertex 0.0525761 -0.0896173 -0.0075
      endloop
   endfacet
   facet normal 1 -3.9443e-31 1.11022e-16
      outer loop
         vertex 0.0525 -0.09 -0.0075
         vertex 0.0526903 -0.09 -0.00845671
         vertex 0.0527606 -0.0896173 -0.00842758
      endloop
   endfacet
   facet normal 0.92388 -3.9443e-31 0.382683
      outer loop
         vertex 0.0526903 -0.09 -0.00845671
         vertex 0.0532322 -0.09 -0.00926777
         vertex 0.0532861 -0.0896173 -0.00921394
      endloop
   endfacet
   facet normal 0.707107 -3.9443e-31 0.707107
      outer loop
         vertex 0.0532322 -0.09 -0.00926777
         vertex 0.0540433 -0.09 -0.0098097
         vertex 0.0540724 -0.0896173 -0.00973937
      endloop
   endfacet
   facet normal 0.382683 -3.9443e-31 0.92388
      outer loop
         vertex 0.0540433 -0.09 -0.0098097
         vertex 0.055 -0.09 -0.01
         vertex 0.055 -0.0896173 -0.00992388
      endloop
   endfacet
   facet normal -1.13143e-16 -0.382683 -0.92388
      outer loop
         vertex 0.055 -0.0896173 -0.00507612
         vertex 0.0540724 -0.0896173 -0.00526063
         vertex 0.0541554 -0.0892929 -0.0054609
      endloop
   endfacet
   facet normal 0.353553 -0.382683 -0.853553
      outer loop
         vertex 0.0540724 -0.0896173 -0.00526063
         vertex 0.0532861 -0.0896173 -0.00578606
         vertex 0.0534393 -0.0892929 -0.00593934
      endloop
   endfacet
   facet normal 0.653281 -0.382683 -0.653281
      outer loop
         vertex 0.0532861 -0.0896173 -0.00578606
         vertex 0.0527606 -0.0896173 -0.00657242
         vertex 0.0529609 -0.0892929 -0.00665538
      endloop
   endfacet
   facet normal 0.853553 -0.382683 -0.353553
      outer loop
         vertex 0.0527606 -0.0896173 -0.00657242
         vertex 0.0525761 -0.0896173 -0.0075
         vertex 0.0527929 -0.0892929 -0.0075
      endloop
   endfacet
   facet normal 0.92388 -0.382683 -1.62969e-16
      outer loop
         vertex 0.0525761 -0.0896173 -0.0075
         vertex 0.0527606 -0.0896173 -0.00842758
         vertex 0.0529609 -0.0892929 -0.00834462
      endloop
   endfacet
   facet normal 0.853553 -0.382683 0.353553
      outer loop
         vertex 0.0527606 -0.0896173 -0.00842758
         vertex 0.0532861 -0.0896173 -0.00921394
         vertex 0.0534393 -0.0892929 -0.00906066
      endloop
   endfacet
   facet normal 0.653281 -0.382683 0.653281
      outer loop
         vertex 0.0532861 -0.0896173 -0.00921394
         vertex 0.0540724 -0.0896173 -0.00973937
         vertex 0.0541554 -0.0892929 -0.0095391
      endloop
   endfacet
   facet normal 0.353553 -0.382683 0.853553
      outer loop
         vertex 0.0540724 -0.0896173 -0.00973937
         vertex 0.055 -0.0896173 -0.00992388
         vertex 0.055 -0.0892929 -0.00970711
      endloop
   endfacet
   facet normal -8.65956e-17 -0.707107 -0.707107
      outer loop
         vertex 0.055 -0.0892929 -0.00529289
         vertex 0.0541554 -0.0892929 -0.0054609
         vertex 0.0542795 -0.0890761 -0.00576063
      endloop
   endfacet
   facet normal 0.270598 -0.707107 -0.653281
      outer loop
         vertex 0.0541554 -0.0892929 -0.0054609
         vertex 0.0534393 -0.0892929 -0.00593934
         vertex 0.0536687 -0.0890761 -0.00616874
      endloop
   endfacet
   facet normal 0.5 -0.707107 -0.5
      outer loop
         vertex 0.0534393 -0.0892929 -0.00593934
         vertex 0.0529609 -0.0892929 -0.00665538
         vertex 0.0532606 -0.0890761 -0.00677953
      endloop
   endfacet
   facet normal 0.653281 -0.707107 -0.270598
      outer loop
         vertex 0.0529609 -0.0892929 -0.00665538
         vertex 0.0527929 -0.0892929 -0.0075
         vertex 0.0531173 -0.0890761 -0.0075
      endloop
   endfacet
   facet normal 0.707107 -0.707107 -4.12149e-16
      outer loop
         vertex 0.0527929 -0.0892929 -0.0075
         vertex 0.0529609 -0.0892929 -0.00834462
         vertex 0.0532606 -0.0890761 -0.00822047
      endloop
   endfacet
   facet normal 0.653281 -0.707107 0.270598
      outer loop
         vertex 0.0529609 -0.0892929 -0.00834462
         vertex 0.0534393 -0.0892929 -0.00906066
         vertex 0.0536687 -0.0890761 -0.00883126
      endloop
   endfacet
   facet normal 0.5 -0.707107 0.5
      outer loop
         vertex 0.0534393 -0.0892929 -0.00906066
         vertex 0.0541554 -0.0892929 -0.0095391
         vertex 0.0542795 -0.0890761 -0.00923937
      endloop
   endfacet
   facet normal 0.270598 -0.707107 0.653281
      outer loop
         vertex 0.0541554 -0.0892929 -0.0095391
         vertex 0.055 -0.0892929 -0.00970711
         vertex 0.055 -0.0890761 -0.00938268
      endloop
   endfacet
   facet normal -4.68652e-17 -0.92388 -0.382683
      outer loop
         vertex 0.055 -0.0890761 -0.00561732
         vertex 0.0542795 -0.0890761 -0.00576063
         vertex 0.054426 -0.089 -0.00611418
      endloop
   endfacet
   facet normal 0.146447 -0.92388 -0.353553
      outer loop
         vertex 0.0542795 -0.0890761 -0.00576063
         vertex 0.0536687 -0.0890761 -0.00616874
         vertex 0.0539393 -0.089 -0.00643934
      endloop
   endfacet
   facet normal 0.270598 -0.92388 -0.270598
      outer loop
         vertex 0.0536687 -0.0890761 -0.00616874
         vertex 0.0532606 -0.0890761 -0.00677953
         vertex 0.0536142 -0.089 -0.00692597
      endloop
   endfacet
   facet normal 0.353553 -0.92388 -0.146447
      outer loop
         vertex 0.0532606 -0.0890761 -0.00677953
         vertex 0.0531173 -0.0890761 -0.0075
         vertex 0.0535 -0.089 -0.0075
      endloop
   endfacet
   facet normal 0.382683 -0.92388 -5.98584e-16
      outer loop
         vertex 0.0531173 -0.0890761 -0.0075
         vertex 0.0532606 -0.0890761 -0.00822047
         vertex 0.0536142 -0.089 -0.00807403
      endloop
   endfacet
   facet normal 0.353553 -0.92388 0.146447
      outer loop
         vertex 0.0532606 -0.0890761 -0.00822047
         vertex 0.0536687 -0.0890761 -0.00883126
         vertex 0.0539393 -0.089 -0.00856066
      endloop
   endfacet
   facet normal 0.270598 -0.92388 0.270598
      outer loop
         vertex 0.0536687 -0.0890761 -0.00883126
         vertex 0.0542795 -0.0890761 -0.00923937
         vertex 0.054426 -0.089 -0.00888582
      endloop
   endfacet
   facet normal 0.146447 -0.92388 0.353553
      outer loop
         vertex 0.0542795 -0.0890761 -0.00923937
         vertex 0.055 -0.0890761 -0.00938268
         vertex 0.055 -0.089 -0.009
      endloop
   endfacet
   facet normal 7.98809e-16 -1 -2.62239e-15
      outer loop
         vertex 0.055 -0.089 -0.009
         vertex 0.054426 -0.089 -0.00888582
         vertex 0.0542795 -0.0890761 -0.00923937
      endloop
   endfacet
   facet normal 7.98809e-16 -1 -2.62239e-15
      outer loop
         vertex 0.054426 -0.089 -0.00888582
         vertex 0.0539393 -0.089 -0.00856066
         vertex 0.0536687 -0.0890761 -0.00883126
      endloop
   endfacet
   facet normal 7.98809e-16 -1 -2.62239e-15
      outer loop
         vertex 0.0539393 -0.089 -0.00856066
         vertex 0.0536142 -0.089 -0.00807403
         vertex 0.0532606 -0.0890761 -0.00822047
      endloop
   endfacet
   facet normal 7.98809e-16 -1 -2.62239e-15
      outer loop
         vertex 0.0536142 -0.089 -0.00807403
         vertex 0.0535 -0.089 -0.0075
         vertex 0.0531173 -0.0890761 -0.0075
      endloop
   endfacet
   facet normal 7.98809e-16 -1 -2.62239e-15
      outer loop
         vertex 0.0535 -0.089 -0.0075
         vertex 0.0536142 -0.089 -0.00692597
         vertex 0.0532606 -0.0890761 -0.00677953
      endloop
   endfacet
   facet normal 7.98809e-16 -1 -2.62239e-15
      outer loop
         vertex 0.0536142 -0.089 -0.00692597
         vertex 0.0539393 -0.089 -0.00643934
         vertex 0.0536687 -0.0890761 -0.00616874
      endloop
   endfacet
   facet normal 7.98809e-16 -1 -2.62239e-15
      outer loop
         vertex 0.0539393 -0.089 -0.00643934
         vertex 0.054426 -0.089 -0.00611418
         vertex 0.0542795 -0.0890761 -0.00576063
      endloop
   endfacet
   facet normal 7.98809e-16 -1 -2.62239e-15
      outer loop
         vertex 0.054426 -0.089 -0.00611418
         vertex 0.055 -0.089 -0.006
         vertex 0.055 -0.0890761 -0.00561732
      endloop
   endfacet
   facet normal -6.37296e-17 -0.92388 0.382683
      outer loop
         vertex 0.055 -0.0890761 -0.00938268
         vertex 0.0542795 -0.0890761 -0.00923937
         vertex 0.0541554 -0.0892929 -0.0095391
      endloop
   endfacet
   facet normal 0.146447 -0.92388 0.353553
      outer loop
         vertex 0.0542795 -0.0890761 -0.00923937
         vertex 0.0536687 -0.0890761 -0.00883126
         vertex 0.0534393 -0.0892929 -0.00906066
      endloop
   endfacet
   facet normal 0.270598 -0.92388 0.270598
      outer loop
         vertex 0.0536687 -0.0890761 -0.00883126
         vertex 0.0532606 -0.0890761 -0.00822047
         vertex 0.0529609 -0.0892929 -0.00834462
      endloop
   endfacet
   facet normal 0.353553 -0.92388 0.146447
      outer loop
         vertex 0.0532606 -0.0890761 -0.00822047
         vertex 0.0531173 -0.0890761 -0.0075
         vertex 0.0527929 -0.0892929 -0.0075
      endloop
   endfacet
   facet normal 0.382683 -0.92388 -5.98584e-16
      outer loop
         vertex 0.0531173 -0.0890761 -0.0075
         vertex 0.0532606 -0.0890761 -0.00677953
         vertex 0.0529609 -0.0892929 -0.00665538
      endloop
   endfacet
   facet normal 0.353553 -0.92388 -0.146447
      outer loop
         vertex 0.0532606 -0.0890761 -0.00677953
         vertex 0.0536687 -0.0890761 -0.00616874
         vertex 0.0534393 -0.0892929 -0.00593934
      endloop
   endfacet
   facet normal 0.270598 -0.92388 -0.270598
      outer loop
         vertex 0.0536687 -0.0890761 -0.00616874
         vertex 0.0542795 -0.0890761 -0.00576063
         vertex 0.0541554 -0.0892929 -0.0054609
      endloop
   endfacet
   facet normal 0.146447 -0.92388 -0.353553
      outer loop
         vertex 0.0542795 -0.0890761 -0.00576063
         vertex 0.055 -0.0890761 -0.00561732
         vertex 0.055 -0.0892929 -0.00529289
      endloop
   endfacet
   facet normal -1.17757e-16 -0.707107 0.707107
      outer loop
         vertex 0.055 -0.0892929 -0.00970711
         vertex 0.0541554 -0.0892929 -0.0095391
         vertex 0.0540724 -0.0896173 -0.00973937
      endloop
   endfacet
   facet normal 0.270598 -0.707107 0.653281
      outer loop
         vertex 0.0541554 -0.0892929 -0.0095391
         vertex 0.0534393 -0.0892929 -0.00906066
         vertex 0.0532861 -0.0896173 -0.00921394
      endloop
   endfacet
   facet normal 0.5 -0.707107 0.5
      outer loop
         vertex 0.0534393 -0.0892929 -0.00906066
         vertex 0.0529609 -0.0892929 -0.00834462
         vertex 0.0527606 -0.0896173 -0.00842758
      endloop
   endfacet
   facet normal 0.653281 -0.707107 0.270598
      outer loop
         vertex 0.0529609 -0.0892929 -0.00834462
         vertex 0.0527929 -0.0892929 -0.0075
         vertex 0.0525761 -0.0896173 -0.0075
      endloop
   endfacet
   facet normal 0.707107 -0.707107 -4.12149e-16
      outer loop
         vertex 0.0527929 -0.0892929 -0.0075
         vertex 0.0529609 -0.0892929 -0.00665538
         vertex 0.0527606 -0.0896173 -0.00657242
      endloop
   endfacet
   facet normal 0.653281 -0.707107 -0.270598
      outer loop
         vertex 0.0529609 -0.0892929 -0.00665538
         vertex 0.0534393 -0.0892929 -0.00593934
         vertex 0.0532861 -0.0896173 -0.00578606
      endloop
   endfacet
   facet normal 0.5 -0.707107 -0.5
      outer loop
         vertex 0.0534393 -0.0892929 -0.00593934
         vertex 0.0541554 -0.0892929 -0.0054609
         vertex 0.0540724 -0.0896173 -0.00526063
      endloop
   endfacet
   facet normal 0.270598 -0.707107 -0.653281
      outer loop
         vertex 0.0541554 -0.0892929 -0.0054609
         vertex 0.055 -0.0892929 -0.00529289
         vertex 0.055 -0.0896173 -0.00507612
      endloop
   endfacet
   facet normal -1.53857e-16 -0.382683 0.92388
      outer loop
         vertex 0.055 -0.0896173 -0.00992388
         vertex 0.0540724 -0.0896173 -0.00973937
         vertex 0.0540433 -0.09 -0.0098097
      endloop
   endfacet
   facet normal 0.353553 -0.382683 0.853553
      outer loop
         vertex 0.0540724 -0.0896173 -0.00973937
         vertex 0.0532861 -0.0896173 -0.00921394
         vertex 0.0532322 -0.09 -0.00926777
      endloop
   endfacet
   facet normal 0.653281 -0.382683 0.653281
      outer loop
         vertex 0.0532861 -0.0896173 -0.00921394
         vertex 0.0527606 -0.0896173 -0.00842758
         vertex 0.0526903 -0.09 -0.00845671
      endloop
   endfacet
   facet normal 0.853553 -0.382683 0.353553
      outer loop
         vertex 0.0527606 -0.0896173 -0.00842758
         vertex 0.0525761 -0.0896173 -0.0075
         vertex 0.0525 -0.09 -0.0075
      endloop
   endfacet
   facet normal 0.92388 -0.382683 -1.62969e-16
      outer loop
         vertex 0.0525761 -0.0896173 -0.0075
         vertex 0.0527606 -0.0896173 -0.00657242
         vertex 0.0526903 -0.09 -0.00654329
      endloop
   endfacet
   facet normal 0.853553 -0.382683 -0.353553
      outer loop
         vertex 0.0527606 -0.0896173 -0.00657242
         vertex 0.0532861 -0.0896173 -0.00578606
         vertex 0.0532322 -0.09 -0.00573223
      endloop
   endfacet
   facet normal 0.653281 -0.382683 -0.653281
      outer loop
         vertex 0.0532861 -0.0896173 -0.00578606
         vertex 0.0540724 -0.0896173 -0.00526063
         vertex 0.0540433 -0.09 -0.0051903
      endloop
   endfacet
   facet normal 0.353553 -0.382683 -0.853553
      outer loop
         vertex 0.0540724 -0.0896173 -0.00526063
         vertex 0.055 -0.0896173 -0.00507612
         vertex 0.055 -0.09 -0.005
      endloop
   endfacet
   facet normal 0.92388 -0.295954 0.242606
      outer loop
         vertex 0.0579239 -0.0887492 -0.00702531
         vertex 0.058 -0.0884533 -0.00726792
         vertex 0.058 -0.0880956 -0.00661092
      endloop
   endfacet
   facet normal 0.92388 -0.364393 0.116894
      outer loop
         vertex 0.0579239 -0.08846 -0.00649402
         vertex 0.058 -0.0880956 -0.00661092
         vertex 0.058 -0.0880043 -0.00586845
      endloop
   endfacet
   facet normal 0.92388 -0.381855 -0.0251715
      outer loop
         vertex 0.0579239 -0.0883862 -0.00589362
         vertex 0.058 -0.0880043 -0.00586845
         vertex 0.058 -0.0881923 -0.00514438
      endloop
   endfacet
   facet normal 0.92388 -0.345896 -0.163715
      outer loop
         vertex 0.0579239 -0.0885382 -0.0053081
         vertex 0.058 -0.0881923 -0.00514438
         vertex 0.058 -0.0886331 -0.00454002
      endloop
   endfacet
   facet normal 0.92388 -0.261547 -0.279356
      outer loop
         vertex 0.0579239 -0.0888946 -0.00481937
         vertex 0.058 -0.0886331 -0.00454002
         vertex 0.058 -0.0892651 -0.0041399
      endloop
   endfacet
   facet normal 0.92388 -0.140609 -0.355915
      outer loop
         vertex 0.0579239 -0.0894058 -0.00449581
         vertex 0.058 -0.0892651 -0.0041399
         vertex 0.058 -0.09 -0.004
      endloop
   endfacet
   facet normal 0.707107 -0.673311 0.215991
      outer loop
         vertex 0.0577071 -0.0887689 -0.00639492
         vertex 0.0579239 -0.08846 -0.00649402
         vertex 0.0579239 -0.0883862 -0.00589362
      endloop
   endfacet
   facet normal 0.707107 -0.705575 -0.0465109
      outer loop
         vertex 0.0577071 -0.0887099 -0.00591496
         vertex 0.0579239 -0.0883862 -0.00589362
         vertex 0.0579239 -0.0885382 -0.0053081
      endloop
   endfacet
   facet normal 0.707107 -0.639132 -0.302506
      outer loop
         vertex 0.0577071 -0.0888314 -0.00544689
         vertex 0.0579239 -0.0885382 -0.0053081
         vertex 0.0579239 -0.0888946 -0.00481937
      endloop
   endfacet
   facet normal 0.707107 -0.483276 -0.516182
      outer loop
         vertex 0.0577071 -0.0891164 -0.0050562
         vertex 0.0579239 -0.0888946 -0.00481937
         vertex 0.0579239 -0.0894058 -0.00449581
      endloop
   endfacet
   facet normal 0.707107 -0.259812 -0.657646
      outer loop
         vertex 0.0577071 -0.089525 -0.00479754
         vertex 0.0579239 -0.0894058 -0.00449581
         vertex 0.0579239 -0.09 -0.00438268
      endloop
   endfacet
   facet normal 0.382683 -0.879723 0.282206
      outer loop
         vertex 0.0573827 -0.0889753 -0.00632871
         vertex 0.0577071 -0.0887689 -0.00639492
         vertex 0.0577071 -0.0887099 -0.00591496
      endloop
   endfacet
   facet normal 0.382683 -0.921879 -0.0607694
      outer loop
         vertex 0.0573827 -0.0889262 -0.00592922
         vertex 0.0577071 -0.0887099 -0.00591496
         vertex 0.0577071 -0.0888314 -0.00544689
      endloop
   endfacet
   facet normal 0.382683 -0.835066 -0.395244
      outer loop
         vertex 0.0573827 -0.0890273 -0.00553963
         vertex 0.0577071 -0.0888314 -0.00544689
         vertex 0.0577071 -0.0891164 -0.0050562
      endloop
   endfacet
   facet normal 0.382683 -0.631431 -0.674425
      outer loop
         vertex 0.0573827 -0.0892645 -0.00521444
         vertex 0.0577071 -0.0891164 -0.0050562
         vertex 0.0577071 -0.089525 -0.00479754
      endloop
   endfacet
   facet normal 0.382683 -0.33946 -0.859256
      outer loop
         vertex 0.0573827 -0.0896046 -0.00499915
         vertex 0.0577071 -0.089525 -0.00479754
         vertex 0.0577071 -0.09 -0.00470711
      endloop
   endfacet
   facet normal 0.382683 -0.921879 -0.0607694
      outer loop
         vertex 0.0573827 -0.0889262 -0.00592922
         vertex 0.0573827 -0.0890273 -0.00553963
         vertex 0.057 -0.0890839 -0.00561933
      endloop
   endfacet
   facet normal 0.382683 -0.835066 -0.395244
      outer loop
         vertex 0.0573827 -0.0890273 -0.00553963
         vertex 0.057 -0.0890961 -0.00557219
         vertex 0.057 -0.0890839 -0.00561933
      endloop
   endfacet
   facet normal 0.382683 -0.835066 -0.395244
      outer loop
         vertex 0.0573827 -0.0890273 -0.00553963
         vertex 0.0573827 -0.0892645 -0.00521444
         vertex 0.057 -0.0892974 -0.00529621
      endloop
   endfacet
   facet normal 0.382683 -0.631431 -0.674425
      outer loop
         vertex 0.0573827 -0.0892645 -0.00521444
         vertex 0.057 -0.0893165 -0.00527001
         vertex 0.057 -0.0892974 -0.00529621
      endloop
   endfacet
   facet normal 0.382683 -0.631431 -0.674425
      outer loop
         vertex 0.0573827 -0.0892645 -0.00521444
         vertex 0.0573827 -0.0896046 -0.00499915
         vertex 0.057 -0.0896189 -0.00507861
      endloop
   endfacet
   facet normal 0.382683 -0.33946 -0.859256
      outer loop
         vertex 0.0573827 -0.0896046 -0.00499915
         vertex 0.057 -0.0896326 -0.00506995
         vertex 0.057 -0.0896189 -0.00507861
      endloop
   endfacet
   facet normal 1.22465e-16 -0.367429 -0.930052
      outer loop
         vertex 0.057 -0.0896326 -0.00506995
         vertex 0.0573827 -0.0896046 -0.00499915
         vertex 0.0573827 -0.09 -0.00492388
      endloop
   endfacet
   facet normal 0.382683 -0.921879 -0.0607694
      outer loop
         vertex 0.0573827 -0.0889262 -0.00592922
         vertex 0.0570045 -0.089 -0.00600447
         vertex 0.0573116 -0.089 -0.00634076
      endloop
   endfacet
   facet normal 0.382683 -0.921879 -0.0607694
      outer loop
         vertex 0.0573827 -0.0889262 -0.00592922
         vertex 0.057 -0.0890022 -0.00593422
         vertex 0.057 -0.089 -0.006
      endloop
   endfacet
   facet normal 0 -1 0
      outer loop
         vertex 0.057 -0.089 -0.006
         vertex 0.0570045 -0.089 -0.00600447
         vertex 0.0573827 -0.0889262 -0.00592922
      endloop
   endfacet
   facet normal 0.707107 -0.673311 0.215991
      outer loop
         vertex 0.0577071 -0.0887689 -0.00639492
         vertex 0.0573827 -0.0889753 -0.00632871
         vertex 0.0573634 -0.089 -0.00639751
      endloop
   endfacet
   facet normal 0.366081 -0.864765 0.343753
      outer loop
         vertex 0.0573634 -0.089 -0.00639751
         vertex 0.0575716 -0.089 -0.00662541
         vertex 0.0577071 -0.0887689 -0.00639492
      endloop
   endfacet
   facet normal 0.92388 -0.295954 0.242606
      outer loop
         vertex 0.0579239 -0.0887492 -0.00702531
         vertex 0.0579239 -0.08846 -0.00649402
         vertex 0.0577071 -0.0887689 -0.00639492
      endloop
   endfacet
   facet normal 0.707107 -0.673311 0.215991
      outer loop
         vertex 0.0577071 -0.0887689 -0.00639492
         vertex 0.0576785 -0.089 -0.00681663
         vertex 0.0579239 -0.0887492 -0.00702531
      endloop
   endfacet
   facet normal 0.92388 -0.295954 0.242606
      outer loop
         vertex 0.0579239 -0.0887492 -0.00702531
         vertex 0.0576976 -0.089 -0.00685085
         vertex 0.0579106 -0.089 -0.00723205
      endloop
   endfacet
   facet normal 1 1.24941e-15 -1.02419e-15
      outer loop
         vertex 0.058 -0.0884533 -0.00726792
         vertex 0.0579239 -0.0887492 -0.00702531
         vertex 0.0579173 -0.089 -0.00726941
      endloop
   endfacet
   facet normal 0.922432 -0.238962 0.303341
      outer loop
         vertex 0.0579173 -0.089 -0.00726941
         vertex 0.058 -0.089 -0.00773205
         vertex 0.058 -0.0884533 -0.00726792
      endloop
   endfacet
   facet normal 0.910642 -0.260395 0.320819
      outer loop
         vertex 0.0579106 -0.089 -0.00723205
         vertex 0.0579173 -0.089 -0.00726941
         vertex 0.0579239 -0.0887492 -0.00702531
      endloop
   endfacet
   facet normal 0.69142 -0.559573 0.456965
      outer loop
         vertex 0.0576785 -0.089 -0.00681663
         vertex 0.0576976 -0.089 -0.00685085
         vertex 0.0579239 -0.0887492 -0.00702531
      endloop
   endfacet
   facet normal 0.571594 -0.695686 0.435087
      outer loop
         vertex 0.0575716 -0.089 -0.00662541
         vertex 0.0576785 -0.089 -0.00681663
         vertex 0.0577071 -0.0887689 -0.00639492
      endloop
   endfacet
   facet normal 0.366081 -0.864765 0.343753
      outer loop
         vertex 0.0573634 -0.089 -0.00639751
         vertex 0.0573827 -0.0889753 -0.00632871
         vertex 0.0573116 -0.089 -0.00634076
      endloop
   endfacet
   facet normal 0.313608 -0.898801 0.306279
      outer loop
         vertex 0.0573116 -0.089 -0.00634076
         vertex 0.0573827 -0.0889753 -0.00632871
         vertex 0.0573827 -0.0889262 -0.00592922
      endloop
   endfacet
   facet normal 0.382683 3.16414e-15 -0.92388
      outer loop
         vertex 0.0573827 -0.09 -0.00492388
         vertex 0.057 -0.09 -0.005
         vertex 0.057 -0.0896326 -0.00506995
      endloop
   endfacet
   facet normal 0 -0.382217 -0.924072
      outer loop
         vertex 0.057 -0.0896189 -0.00507861
         vertex 0.057 -0.0893165 -0.00527001
         vertex 0.0573827 -0.0892645 -0.00521444
      endloop
   endfacet
   facet normal 0 -0.706489 -0.707724
      outer loop
         vertex 0.057 -0.0892974 -0.00529621
         vertex 0.057 -0.0890961 -0.00557219
         vertex 0.0573827 -0.0890273 -0.00553963
      endloop
   endfacet
   facet normal 0 -0.92345 -0.383718
      outer loop
         vertex 0.057 -0.0890839 -0.00561933
         vertex 0.057 -0.0890022 -0.00593422
         vertex 0.0573827 -0.0889262 -0.00592922
      endloop
   endfacet
   facet normal 0.707107 -1.60982e-15 -0.707107
      outer loop
         vertex 0.0577071 -0.09 -0.00470711
         vertex 0.0573827 -0.09 -0.00492388
         vertex 0.0573827 -0.0896046 -0.00499915
      endloop
   endfacet
   facet normal 0.707107 -0.259812 -0.657646
      outer loop
         vertex 0.0577071 -0.089525 -0.00479754
         vertex 0.0573827 -0.0896046 -0.00499915
         vertex 0.0573827 -0.0892645 -0.00521444
      endloop
   endfacet
   facet normal 0.707107 -0.483276 -0.516182
      outer loop
         vertex 0.0577071 -0.0891164 -0.0050562
         vertex 0.0573827 -0.0892645 -0.00521444
         vertex 0.0573827 -0.0890273 -0.00553963
      endloop
   endfacet
   facet normal 0.707107 -0.639132 -0.302506
      outer loop
         vertex 0.0577071 -0.0888314 -0.00544689
         vertex 0.0573827 -0.0890273 -0.00553963
         vertex 0.0573827 -0.0889262 -0.00592922
      endloop
   endfacet
   facet normal 0.707107 -0.705575 -0.0465109
      outer loop
         vertex 0.0577071 -0.0887099 -0.00591496
         vertex 0.0573827 -0.0889262 -0.00592922
         vertex 0.0573827 -0.0889753 -0.00632871
      endloop
   endfacet
   facet normal 0.92388 -5.82867e-16 -0.382683
      outer loop
         vertex 0.0579239 -0.09 -0.00438268
         vertex 0.0577071 -0.09 -0.00470711
         vertex 0.0577071 -0.089525 -0.00479754
      endloop
   endfacet
   facet normal 0.92388 -0.140609 -0.355915
      outer loop
         vertex 0.0579239 -0.0894058 -0.00449581
         vertex 0.0577071 -0.089525 -0.00479754
         vertex 0.0577071 -0.0891164 -0.0050562
      endloop
   endfacet
   facet normal 0.92388 -0.261547 -0.279356
      outer loop
         vertex 0.0579239 -0.0888946 -0.00481937
         vertex 0.0577071 -0.0891164 -0.0050562
         vertex 0.0577071 -0.0888314 -0.00544689
      endloop
   endfacet
   facet normal 0.92388 -0.345896 -0.163715
      outer loop
         vertex 0.0579239 -0.0885382 -0.0053081
         vertex 0.0577071 -0.0888314 -0.00544689
         vertex 0.0577071 -0.0887099 -0.00591496
      endloop
   endfacet
   facet normal 0.92388 -0.381855 -0.0251715
      outer loop
         vertex 0.0579239 -0.0883862 -0.00589362
         vertex 0.0577071 -0.0887099 -0.00591496
         vertex 0.0577071 -0.0887689 -0.00639492
      endloop
   endfacet
   facet normal 1 5.93598e-16 1.50254e-15
      outer loop
         vertex 0.058 -0.09 -0.004
         vertex 0.0579239 -0.09 -0.00438268
         vertex 0.0579239 -0.0894058 -0.00449581
      endloop
   endfacet
   facet normal 1 5.93598e-16 1.50254e-15
      outer loop
         vertex 0.058 -0.0892651 -0.0041399
         vertex 0.0579239 -0.0894058 -0.00449581
         vertex 0.0579239 -0.0888946 -0.00481937
      endloop
   endfacet
   facet normal 1 1.46024e-15 6.91144e-16
      outer loop
         vertex 0.058 -0.0886331 -0.00454002
         vertex 0.0579239 -0.0888946 -0.00481937
         vertex 0.0579239 -0.0885382 -0.0053081
      endloop
   endfacet
   facet normal 1 1.46024e-15 6.91144e-16
      outer loop
         vertex 0.058 -0.0881923 -0.00514438
         vertex 0.0579239 -0.0885382 -0.0053081
         vertex 0.0579239 -0.0883862 -0.00589362
      endloop
   endfacet
   facet normal 1 1.24941e-15 -1.02419e-15
      outer loop
         vertex 0.058 -0.0880043 -0.00586845
         vertex 0.0579239 -0.0883862 -0.00589362
         vertex 0.0579239 -0.08846 -0.00649402
      endloop
   endfacet
   facet normal 1 1.24941e-15 -1.02419e-15
      outer loop
         vertex 0.058 -0.0880956 -0.00661092
         vertex 0.0579239 -0.08846 -0.00649402
         vertex 0.0579239 -0.0887492 -0.00702531
      endloop
   endfacet
   facet normal 0.382683 -6.4107e-16 0.92388
      outer loop
         vertex 0.0540433 -0.095 -0.0098097
         vertex 0.055 -0.095 -0.01
         vertex 0.055 -0.09 -0.01
      endloop
   endfacet
   facet normal 0.707107 -4.90654e-16 0.707107
      outer loop
         vertex 0.0532322 -0.095 -0.00926777
         vertex 0.0540433 -0.095 -0.0098097
         vertex 0.0540433 -0.09 -0.0098097
      endloop
   endfacet
   facet normal 0.92388 -2.6554e-16 0.382683
      outer loop
         vertex 0.0526903 -0.095 -0.00845671
         vertex 0.0532322 -0.095 -0.00926777
         vertex 0.0532322 -0.09 -0.00926777
      endloop
   endfacet
   facet normal 1 1.27465e-31 -1.83697e-16
      outer loop
         vertex 0.0525 -0.095 -0.0075
         vertex 0.0526903 -0.095 -0.00845671
         vertex 0.0526903 -0.09 -0.00845671
      endloop
   endfacet
   facet normal 0.92388 2.6554e-16 -0.382683
      outer loop
         vertex 0.0526903 -0.095 -0.00654329
         vertex 0.0525 -0.095 -0.0075
         vertex 0.0525 -0.09 -0.0075
      endloop
   endfacet
   facet normal 0.707107 4.90654e-16 -0.707107
      outer loop
         vertex 0.0532322 -0.095 -0.00573223
         vertex 0.0526903 -0.095 -0.00654329
         vertex 0.0526903 -0.09 -0.00654329
      endloop
   endfacet
   facet normal 0.382683 6.4107e-16 -0.92388
      outer loop
         vertex 0.0540433 -0.095 -0.0051903
         vertex 0.0532322 -0.095 -0.00573223
         vertex 0.0532322 -0.09 -0.00573223
      endloop
   endfacet
   facet normal 0 0 -1
      outer loop
         vertex 0.055 -0.095 -0.005
         vertex 0.0540433 -0.095 -0.0051903
         vertex 0.0540433 -0.09 -0.0051903
      endloop
   endfacet
   facet normal 0.382683 6.4107e-16 -0.92388
      outer loop
         vertex 0.0540433 -0.09 -0.0051903
         vertex 0.055 -0.09 -0.005
         vertex 0.055 -0.095 -0.005
      endloop
   endfacet
   facet normal 0.707107 4.90654e-16 -0.707107
      outer loop
         vertex 0.0532322 -0.09 -0.00573223
         vertex 0.0540433 -0.09 -0.0051903
         vertex 0.0540433 -0.095 -0.0051903
      endloop
   endfacet
   facet normal 0.92388 2.6554e-16 -0.382683
      outer loop
         vertex 0.0526903 -0.09 -0.00654329
         vertex 0.0532322 -0.09 -0.00573223
         vertex 0.0532322 -0.095 -0.00573223
      endloop
   endfacet
   facet normal 1 1.27465e-31 -1.83697e-16
      outer loop
         vertex 0.0525 -0.09 -0.0075
         vertex 0.0526903 -0.09 -0.00654329
         vertex 0.0526903 -0.095 -0.00654329
      endloop
   endfacet
   facet normal 0.92388 -2.6554e-16 0.382683
      outer loop
         vertex 0.0526903 -0.09 -0.00845671
         vertex 0.0525 -0.09 -0.0075
         vertex 0.0525 -0.095 -0.0075
      endloop
   endfacet
   facet normal 0.707107 -4.90654e-16 0.707107
      outer loop
         vertex 0.0532322 -0.09 -0.00926777
         vertex 0.0526903 -0.09 -0.00845671
         vertex 0.0526903 -0.095 -0.00845671
      endloop
   endfacet
   facet normal 0.382683 -6.4107e-16 0.92388
      outer loop
         vertex 0.0540433 -0.09 -0.0098097
         vertex 0.0532322 -0.09 -0.00926777
         vertex 0.0532322 -0.095 -0.00926777
      endloop
   endfacet
   facet normal 0 0 1
      outer loop
         vertex 0.055 -0.09 -0.01
         vertex 0.0540433 -0.09 -0.0098097
         vertex 0.0540433 -0.095 -0.0098097
      endloop
   endfacet
   facet normal 0 0 -1
      outer loop
         vertex 0.057 -0.095 -0.005
         vertex 0.055 -0.095 -0.005
         vertex 0.055 -0.09 -0.005
      endloop
   endfacet
   facet normal 0 0 -1
      outer loop
         vertex 0.055 -0.09 -0.005
         vertex 0.057 -0.09 -0.005
         vertex 0.057 -0.095 -0.005
      endloop
   endfacet
   facet normal 0.92388 2.6554e-16 -0.382683
      outer loop
         vertex 0.0579239 -0.09 -0.00438268
         vertex 0.058 -0.09 -0.004
         vertex 0.058 -0.094 -0.004
      endloop
   endfacet
   facet normal 1 0 5.2893e-17
      outer loop
         vertex 0.058 -0.094 -0.004
         vertex 0.0579808 -0.0940192 -0.00419509
         vertex 0.0579239 -0.09 -0.00438268
      endloop
   endfacet
   facet normal 0.707107 4.90654e-16 -0.707107
      outer loop
         vertex 0.0577071 -0.09 -0.00470711
         vertex 0.0579239 -0.09 -0.00438268
         vertex 0.0579239 -0.0940761 -0.00438268
      endloop
   endfacet
   facet normal 0.92388 0 -0.382683
      outer loop
         vertex 0.0579239 -0.0940761 -0.00438268
         vertex 0.0578315 -0.0941685 -0.00455557
         vertex 0.0577071 -0.09 -0.00470711
      endloop
   endfacet
   facet normal 0.382683 6.4107e-16 -0.92388
      outer loop
         vertex 0.0573827 -0.09 -0.00492388
         vertex 0.0577071 -0.09 -0.00470711
         vertex 0.0577071 -0.0942929 -0.00470711
      endloop
   endfacet
   facet normal 0 0 -1
      outer loop
         vertex 0.057 -0.09 -0.005
         vertex 0.0573827 -0.09 -0.00492388
         vertex 0.0573827 -0.0946173 -0.00492388
      endloop
   endfacet
   facet normal 0.382683 0 -0.92388
      outer loop
         vertex 0.0573827 -0.0946173 -0.00492388
         vertex 0.057 -0.095 -0.005
         vertex 0.057 -0.09 -0.005
      endloop
   endfacet
   facet normal 0.707107 0 -0.707107
      outer loop
         vertex 0.0577071 -0.0942929 -0.00470711
         vertex 0.0573827 -0.0946173 -0.00492388
         vertex 0.0573827 -0.09 -0.00492388
      endloop
   endfacet
   facet normal 0.83147 0 -0.55557
      outer loop
         vertex 0.0578315 -0.0941685 -0.00455557
         vertex 0.0577071 -0.0942929 -0.00470711
         vertex 0.0577071 -0.09 -0.00470711
      endloop
   endfacet
   facet normal 0.980785 0 -0.19509
      outer loop
         vertex 0.0579808 -0.0940192 -0.00419509
         vertex 0.0579239 -0.0940761 -0.00438268
         vertex 0.0579239 -0.09 -0.00438268
      endloop
   endfacet
   facet normal 0 0 -1
      outer loop
         vertex 0.055 -0.09 -0.005
         vertex 0.055 -0.0896173 -0.00507612
         vertex 0.057 -0.0896326 -0.00506995
      endloop
   endfacet
   facet normal 4.47076e-16 -0.382683 -0.92388
      outer loop
         vertex 0.055 -0.0896173 -0.00507612
         vertex 0.057 -0.0896189 -0.00507861
         vertex 0.057 -0.0896326 -0.00506995
      endloop
   endfacet
   facet normal 4.47076e-16 -0.382683 -0.92388
      outer loop
         vertex 0.055 -0.0896173 -0.00507612
         vertex 0.055 -0.0892929 -0.00529289
         vertex 0.057 -0.0893165 -0.00527001
      endloop
   endfacet
   facet normal 3.42177e-16 -0.707107 -0.707107
      outer loop
         vertex 0.055 -0.0892929 -0.00529289
         vertex 0.057 -0.0892974 -0.00529621
         vertex 0.057 -0.0893165 -0.00527001
      endloop
   endfacet
   facet normal 3.42177e-16 -0.707107 -0.707107
      outer loop
         vertex 0.055 -0.0892929 -0.00529289
         vertex 0.055 -0.0890761 -0.00561732
         vertex 0.057 -0.0890961 -0.00557219
      endloop
   endfacet
   facet normal 1.85185e-16 -0.92388 -0.382683
      outer loop
         vertex 0.055 -0.0890761 -0.00561732
         vertex 0.057 -0.0890839 -0.00561933
         vertex 0.057 -0.0890961 -0.00557219
      endloop
   endfacet
   facet normal 1.85185e-16 -0.92388 -0.382683
      outer loop
         vertex 0.055 -0.0890761 -0.00561732
         vertex 0.055 -0.089 -0.006
         vertex 0.057 -0.0890022 -0.00593422
      endloop
   endfacet
   facet normal 0 -1 -2.60209e-15
      outer loop
         vertex 0.055 -0.089 -0.006
         vertex 0.057 -0.089 -0.006
         vertex 0.057 -0.0890022 -0.00593422
      endloop
   endfacet
   facet normal 0 -0.997834 -0.0657763
      outer loop
         vertex 0.057 -0.0890022 -0.00593422
         vertex 0.057 -0.0890839 -0.00561933
         vertex 0.055 -0.0890761 -0.00561732
      endloop
   endfacet
   facet normal 0 -0.903869 -0.427809
      outer loop
         vertex 0.057 -0.0890961 -0.00557219
         vertex 0.057 -0.0892974 -0.00529621
         vertex 0.055 -0.0892929 -0.00529289
      endloop
   endfacet
   facet normal 4.33681e-16 -0.683456 -0.729992
      outer loop
         vertex 0.057 -0.0893165 -0.00527001
         vertex 0.057 -0.0896189 -0.00507861
         vertex 0.055 -0.0896173 -0.00507612
      endloop
   endfacet
   facet normal 4.33681e-16 -0.367429 -0.930052
      outer loop
         vertex 0.057 -0.0896326 -0.00506995
         vertex 0.057 -0.09 -0.005
         vertex 0.055 -0.09 -0.005
      endloop
   endfacet
   facet normal 0 -6.93889e-16 1
      outer loop
         vertex 0.0446 -0.091 0.0155
         vertex 0.0447066 -0.0904642 0.0155
         vertex 0.0116261 -0.085 0.0155
      endloop
   endfacet
   facet normal 0 -6.93889e-16 1
      outer loop
         vertex 0.0116261 -0.085 0.0155
         vertex 0.004 -0.0896 0.0155
         vertex 0.0446 -0.091 0.0155
      endloop
   endfacet
   facet normal 0 -6.93889e-16 1
      outer loop
         vertex 0.00239414 -0.085 0.0155
         vertex 0.00346424 -0.0897066 0.0155
         vertex 0.004 -0.0896 0.0155
      endloop
   endfacet
   facet normal 0 -6.93889e-16 1
      outer loop
         vertex 0.0116261 -0.085 0.0155
         vertex 0.00239414 -0.085 0.0155
         vertex 0.004 -0.0896 0.0155
      endloop
   endfacet
   facet normal 0 -6.93889e-16 1
      outer loop
         vertex 0.004 -0.0896 0.0155
         vertex 0.0450101 -0.0919899 0.0155
         vertex 0.0447066 -0.0915358 0.0155
      endloop
   endfacet
   facet normal 0 -6.93889e-16 1
      outer loop
         vertex 0.0515 -0.094 0.0155
         vertex 0.0515 -0.089 0.0155
         vertex 0.0474 -0.091 0.0155
      endloop
   endfacet
   facet normal 0 -6.93889e-16 1
      outer loop
         vertex 0.0447066 -0.0915358 0.0155
         vertex 0.0446 -0.091 0.0155
         vertex 0.004 -0.0896 0.0155
      endloop
   endfacet
   facet normal 0 -6.93889e-16 1
      outer loop
         vertex 0.00239414 -0.085 0.0155
         vertex -0.0025 -0.089 0.0155
         vertex 0.00301005 -0.0900101 0.0155
      endloop
   endfacet
   facet normal 0 -6.93889e-16 1
      outer loop
         vertex -0.0025 -0.094 0.0155
         vertex 0.00270657 -0.0915358 0.0155
         vertex 0.0026 -0.091 0.0155
      endloop
   endfacet
   facet normal 0 -6.93889e-16 1
      outer loop
         vertex 0.0474 -0.091 0.0155
         vertex 0.0472934 -0.0915358 0.0155
         vertex 0.0515 -0.094 0.0155
      endloop
   endfacet
   facet normal 0 -6.93889e-16 1
      outer loop
         vertex 0.0463 -0.085 0.0155
         vertex 0.0116261 -0.085 0.0155
         vertex 0.0450101 -0.0900101 0.0155
      endloop
   endfacet
   facet normal 0 -6.93889e-16 1
      outer loop
         vertex 0.004 -0.0896 0.0155
         vertex 0.0454642 -0.0922934 0.0155
         vertex 0.0450101 -0.0919899 0.0155
      endloop
   endfacet
   facet normal 0 -6.93889e-16 1
      outer loop
         vertex -0.0025 -0.089 0.0155
         vertex 0.00270657 -0.0904642 0.0155
         vertex 0.00301005 -0.0900101 0.0155
      endloop
   endfacet
   facet normal 0 -6.93889e-16 1
      outer loop
         vertex 0.0026 -0.091 0.0155
         vertex -0.0025 -0.089 0.0155
         vertex -0.0025 -0.094 0.0155
      endloop
   endfacet
   facet normal 0 -6.93889e-16 1
      outer loop
         vertex 0.0515 -0.094 0.0155
         vertex 0.0054 -0.091 0.0155
         vertex 0.00529343 -0.0915358 0.0155
      endloop
   endfacet
   facet normal 0 -6.93889e-16 1
      outer loop
         vertex 0.0515 -0.094 0.0155
         vertex 0.00498995 -0.0900101 0.0155
         vertex 0.00529343 -0.0904642 0.0155
      endloop
   endfacet
   facet normal 0 -6.93889e-16 1
      outer loop
         vertex 0.0472934 -0.0915358 0.0155
         vertex 0.0469899 -0.0919899 0.0155
         vertex 0.0515 -0.094 0.0155
      endloop
   endfacet
   facet normal 0 -6.93889e-16 1
      outer loop
         vertex 0.0515 -0.089 0.0155
         vertex 0.0469899 -0.0900101 0.0155
         vertex 0.0472934 -0.0904642 0.0155
      endloop
   endfacet
   facet normal 0 -6.93889e-16 1
      outer loop
         vertex 0.0463 -0.085 0.0155
         vertex 0.0454642 -0.0897066 0.0155
         vertex 0.046 -0.0896 0.0155
      endloop
   endfacet
   facet normal 0 -6.93889e-16 1
      outer loop
         vertex 0.0447066 -0.0904642 0.0155
         vertex 0.0450101 -0.0900101 0.0155
         vertex 0.0116261 -0.085 0.0155
      endloop
   endfacet
   facet normal 0 -6.93889e-16 1
      outer loop
         vertex 0.0026 -0.091 0.0155
         vertex 0.00270657 -0.0904642 0.0155
         vertex -0.0025 -0.089 0.0155
      endloop
   endfacet
   facet normal 0 -6.93889e-16 1
      outer loop
         vertex -0.0025 -0.094 0.0155
         vertex 0.00346424 -0.0922934 0.0155
         vertex 0.00301005 -0.0919899 0.0155
      endloop
   endfacet
   facet normal 0 -6.93889e-16 1
      outer loop
         vertex 0.00529343 -0.0904642 0.0155
         vertex 0.0054 -0.091 0.0155
         vertex 0.0515 -0.094 0.0155
      endloop
   endfacet
   facet normal 0 -6.93889e-16 1
      outer loop
         vertex 0.0472934 -0.0904642 0.0155
         vertex 0.0474 -0.091 0.0155
         vertex 0.0515 -0.089 0.0155
      endloop
   endfacet
   facet normal 0 -6.93889e-16 1
      outer loop
         vertex 0.0463 -0.085 0.0155
         vertex 0.0465358 -0.0897066 0.0155
         vertex 0.0469899 -0.0900101 0.0155
      endloop
   endfacet
   facet normal 0 -6.93889e-16 1
      outer loop
         vertex 0.0450101 -0.0900101 0.0155
         vertex 0.0454642 -0.0897066 0.0155
         vertex 0.0463 -0.085 0.0155
      endloop
   endfacet
   facet normal 0 -6.93889e-16 1
      outer loop
         vertex 0.00301005 -0.0919899 0.0155
         vertex 0.00270657 -0.0915358 0.0155
         vertex -0.0025 -0.094 0.0155
      endloop
   endfacet
   facet normal 0 -6.93889e-16 1
      outer loop
         vertex 0.00529343 -0.0915358 0.0155
         vertex 0.00498995 -0.0919899 0.0155
         vertex 0.0515 -0.094 0.0155
      endloop
   endfacet
   facet normal 0 -6.93889e-16 1
      outer loop
         vertex 0.0469899 -0.0900101 0.0155
         vertex 0.0515 -0.089 0.0155
         vertex 0.0463 -0.085 0.0155
      endloop
   endfacet
   facet normal 0 -6.93889e-16 1
      outer loop
         vertex 0.00301005 -0.0900101 0.0155
         vertex 0.00346424 -0.0897066 0.0155
         vertex 0.00239414 -0.085 0.0155
      endloop
   endfacet
   facet normal 0 -6.93889e-16 1
      outer loop
         vertex 0.0515 -0.094 0.0155
         vertex 0.00453576 -0.0922934 0.0155
         vertex 0.004 -0.0924 0.0155
      endloop
   endfacet
   facet normal 0 -6.93889e-16 1
      outer loop
         vertex 0.0515 -0.094 0.0155
         vertex 0.00453576 -0.0897066 0.0155
         vertex 0.00498995 -0.0900101 0.0155
      endloop
   endfacet
   facet normal 0 -6.93889e-16 1
      outer loop
         vertex 0.00453576 -0.0897066 0.0155
         vertex 0.046 -0.0924 0.0155
         vertex 0.0454642 -0.0922934 0.0155
      endloop
   endfacet
   facet normal 0 -6.93889e-16 1
      outer loop
         vertex 0.0469899 -0.0919899 0.0155
         vertex 0.0465358 -0.0922934 0.0155
         vertex 0.0515 -0.094 0.0155
      endloop
   endfacet
   facet normal 0 -6.93889e-16 1
      outer loop
         vertex -0.0025 -0.094 0.0155
         vertex 0.004 -0.0924 0.0155
         vertex 0.00346424 -0.0922934 0.0155
      endloop
   endfacet
   facet normal 0 -6.93889e-16 1
      outer loop
         vertex 0.00498995 -0.0919899 0.0155
         vertex 0.00453576 -0.0922934 0.0155
         vertex 0.0515 -0.094 0.0155
      endloop
   endfacet
   facet normal 0 -6.93889e-16 1
      outer loop
         vertex 0.00453576 -0.0897066 0.0155
         vertex 0.0515 -0.094 0.0155
         vertex 0.046 -0.0924 0.0155
      endloop
   endfacet
   facet normal 0 -6.93889e-16 1
      outer loop
         vertex 0.046 -0.0896 0.0155
         vertex 0.0465358 -0.0897066 0.0155
         vertex 0.0463 -0.085 0.0155
      endloop
   endfacet
   facet normal 0 -6.93889e-16 1
      outer loop
         vertex 0.0454642 -0.0922934 0.0155
         vertex 0.004 -0.0896 0.0155
         vertex 0.00453576 -0.0897066 0.0155
      endloop
   endfacet
   facet normal 0 -6.93889e-16 1
      outer loop
         vertex -0.0085 -0.089 0.0155
         vertex -0.0025 -0.089 0.0155
         vertex -0.00540177 -0.085 0.0155
      endloop
   endfacet
   facet normal 0 -6.93889e-16 1
      outer loop
         vertex 0.0575 -0.085 0.0155
         vertex 0.0463 -0.085 0.0155
         vertex 0.0515 -0.089 0.0155
      endloop
   endfacet
   facet normal 0 -6.93889e-16 1
      outer loop
         vertex 0.004 -0.0924 0.0155
         vertex -0.0025 -0.094 0.0155
         vertex 0.0515 -0.094 0.0155
      endloop
   endfacet
   facet normal 0 -6.93889e-16 1
      outer loop
         vertex -0.0025 -0.089 0.0155
         vertex 0.00239414 -0.085 0.0155
         vertex -0.00540177 -0.085 0.0155
      endloop
   endfacet
   facet normal 0 -6.93889e-16 1
      outer loop
         vertex 0.0465358 -0.0922934 0.0155
         vertex 0.046 -0.0924 0.0155
         vertex 0.0515 -0.094 0.0155
      endloop
   endfacet
   facet normal 0 -6.93889e-16 1
      outer loop
         vertex -0.00540177 -0.085 0.0155
         vertex -0.00677976 -0.085 0.0155
         vertex -0.0085 -0.089 0.0155
      endloop
   endfacet
   facet normal 0 -6.93889e-16 1
      outer loop
         vertex -0.00677976 -0.085 0.0155
         vertex -0.0085 -0.085 0.0155
         vertex -0.0085 -0.089 0.0155
      endloop
   endfacet
   facet normal 0 -6.93889e-16 1
      outer loop
         vertex 0.0515 -0.089 0.0155
         vertex 0.0575 -0.089 0.0155
         vertex 0.0575 -0.085 0.0155
      endloop
   endfacet
   facet normal 0.382683 -0.92388 -6.4107e-16
      outer loop
         vertex 0.00346424 -0.0897066 0.0147
         vertex 0.004 -0.0896 0.0147
         vertex 0.004 -0.0896 0.0155
      endloop
   endfacet
   facet normal 0.707107 -0.707107 -4.90654e-16
      outer loop
         vertex 0.00301005 -0.0900101 0.0147
         vertex 0.00346424 -0.0897066 0.0147
         vertex 0.00346424 -0.0897066 0.0155
      endloop
   endfacet
   facet normal 0.92388 -0.382683 -2.6554e-16
      outer loop
         vertex 0.00270657 -0.0904642 0.0147
         vertex 0.00301005 -0.0900101 0.0147
         vertex 0.00301005 -0.0900101 0.0155
      endloop
   endfacet
   facet normal 1 1.83697e-16 1.27465e-31
      outer loop
         vertex 0.0026 -0.091 0.0147
         vertex 0.00270657 -0.0904642 0.0147
         vertex 0.00270657 -0.0904642 0.0155
      endloop
   endfacet
   facet normal 0.92388 0.382683 2.6554e-16
      outer loop
         vertex 0.00270657 -0.0915358 0.0147
         vertex 0.0026 -0.091 0.0147
         vertex 0.0026 -0.091 0.0155
      endloop
   endfacet
   facet normal 0.707107 0.707107 4.90654e-16
      outer loop
         vertex 0.00301005 -0.0919899 0.0147
         vertex 0.00270657 -0.0915358 0.0147
         vertex 0.00270657 -0.0915358 0.0155
      endloop
   endfacet
   facet normal 0.382683 0.92388 6.4107e-16
      outer loop
         vertex 0.00346424 -0.0922934 0.0147
         vertex 0.00301005 -0.0919899 0.0147
         vertex 0.00301005 -0.0919899 0.0155
      endloop
   endfacet
   facet normal -1.22465e-16 1 6.93889e-16
      outer loop
         vertex 0.004 -0.0924 0.0147
         vertex 0.00346424 -0.0922934 0.0147
         vertex 0.00346424 -0.0922934 0.0155
      endloop
   endfacet
   facet normal -0.382683 0.92388 6.4107e-16
      outer loop
         vertex 0.00453576 -0.0922934 0.0147
         vertex 0.004 -0.0924 0.0147
         vertex 0.004 -0.0924 0.0155
      endloop
   endfacet
   facet normal -0.707107 0.707107 4.90654e-16
      outer loop
         vertex 0.00498995 -0.0919899 0.0147
         vertex 0.00453576 -0.0922934 0.0147
         vertex 0.00453576 -0.0922934 0.0155
      endloop
   endfacet
   facet normal -0.92388 0.382683 2.6554e-16
      outer loop
         vertex 0.00529343 -0.0915358 0.0147
         vertex 0.00498995 -0.0919899 0.0147
         vertex 0.00498995 -0.0919899 0.0155
      endloop
   endfacet
   facet normal -1 -6.12323e-17 -4.24885e-32
      outer loop
         vertex 0.0054 -0.091 0.0147
         vertex 0.00529343 -0.0915358 0.0147
         vertex 0.00529343 -0.0915358 0.0155
      endloop
   endfacet
   facet normal -0.92388 -0.382683 -2.6554e-16
      outer loop
         vertex 0.00529343 -0.0904642 0.0147
         vertex 0.0054 -0.091 0.0147
         vertex 0.0054 -0.091 0.0155
      endloop
   endfacet
   facet normal -0.707107 -0.707107 -4.90654e-16
      outer loop
         vertex 0.00498995 -0.0900101 0.0147
         vertex 0.00529343 -0.0904642 0.0147
         vertex 0.00529343 -0.0904642 0.0155
      endloop
   endfacet
   facet normal -0.382683 -0.92388 -6.4107e-16
      outer loop
         vertex 0.00453576 -0.0897066 0.0147
         vertex 0.00498995 -0.0900101 0.0147
         vertex 0.00498995 -0.0900101 0.0155
      endloop
   endfacet
   facet normal 0 -1 -6.96987e-16
      outer loop
         vertex 0.004 -0.0896 0.0147
         vertex 0.00453576 -0.0897066 0.0147
         vertex 0.00453576 -0.0897066 0.0155
      endloop
   endfacet
   facet normal -0.382683 -0.92388 -6.4107e-16
      outer loop
         vertex 0.00453576 -0.0897066 0.0155
         vertex 0.004 -0.0896 0.0155
         vertex 0.004 -0.0896 0.0147
      endloop
   endfacet
   facet normal -0.707107 -0.707107 -4.90654e-16
      outer loop
         vertex 0.00498995 -0.0900101 0.0155
         vertex 0.00453576 -0.0897066 0.0155
         vertex 0.00453576 -0.0897066 0.0147
      endloop
   endfacet
   facet normal -0.92388 -0.382683 -2.6554e-16
      outer loop
         vertex 0.00529343 -0.0904642 0.0155
         vertex 0.00498995 -0.0900101 0.0155
         vertex 0.00498995 -0.0900101 0.0147
      endloop
   endfacet
   facet normal -1 -6.12323e-17 -4.24885e-32
      outer loop
         vertex 0.0054 -0.091 0.0155
         vertex 0.00529343 -0.0904642 0.0155
         vertex 0.00529343 -0.0904642 0.0147
      endloop
   endfacet
   facet normal -0.92388 0.382683 2.6554e-16
      outer loop
         vertex 0.00529343 -0.0915358 0.0155
         vertex 0.0054 -0.091 0.0155
         vertex 0.0054 -0.091 0.0147
      endloop
   endfacet
   facet normal -0.707107 0.707107 4.90654e-16
      outer loop
         vertex 0.00498995 -0.0919899 0.0155
         vertex 0.00529343 -0.0915358 0.0155
         vertex 0.00529343 -0.0915358 0.0147
      endloop
   endfacet
   facet normal -0.382683 0.92388 6.4107e-16
      outer loop
         vertex 0.00453576 -0.0922934 0.0155
         vertex 0.00498995 -0.0919899 0.0155
         vertex 0.00498995 -0.0919899 0.0147
      endloop
   endfacet
   facet normal -1.22465e-16 1 6.93889e-16
      outer loop
         vertex 0.004 -0.0924 0.0155
         vertex 0.00453576 -0.0922934 0.0155
         vertex 0.00453576 -0.0922934 0.0147
      endloop
   endfacet
   facet normal 0.382683 0.92388 6.4107e-16
      outer loop
         vertex 0.00346424 -0.0922934 0.0155
         vertex 0.004 -0.0924 0.0155
         vertex 0.004 -0.0924 0.0147
      endloop
   endfacet
   facet normal 0.707107 0.707107 4.90654e-16
      outer loop
         vertex 0.00301005 -0.0919899 0.0155
         vertex 0.00346424 -0.0922934 0.0155
         vertex 0.00346424 -0.0922934 0.0147
      endloop
   endfacet
   facet normal 0.92388 0.382683 2.6554e-16
      outer loop
         vertex 0.00270657 -0.0915358 0.0155
         vertex 0.00301005 -0.0919899 0.0155
         vertex 0.00301005 -0.0919899 0.0147
      endloop
   endfacet
   facet normal 1 1.83697e-16 1.27465e-31
      outer loop
         vertex 0.0026 -0.091 0.0155
         vertex 0.00270657 -0.0915358 0.0155
         vertex 0.00270657 -0.0915358 0.0147
      endloop
   endfacet
   facet normal 0.92388 -0.382683 -2.6554e-16
      outer loop
         vertex 0.00270657 -0.0904642 0.0155
         vertex 0.0026 -0.091 0.0155
         vertex 0.0026 -0.091 0.0147
      endloop
   endfacet
   facet normal 0.707107 -0.707107 -4.90654e-16
      outer loop
         vertex 0.00301005 -0.0900101 0.0155
         vertex 0.00270657 -0.0904642 0.0155
         vertex 0.00270657 -0.0904642 0.0147
      endloop
   endfacet
   facet normal 0.382683 -0.92388 -6.4107e-16
      outer loop
         vertex 0.00346424 -0.0897066 0.0155
         vertex 0.00301005 -0.0900101 0.0155
         vertex 0.00301005 -0.0900101 0.0147
      endloop
   endfacet
   facet normal 0 -1 -6.96987e-16
      outer loop
         vertex 0.004 -0.0896 0.0155
         vertex 0.00346424 -0.0897066 0.0155
         vertex 0.00346424 -0.0897066 0.0147
      endloop
   endfacet
   facet normal 0 -6.93889e-16 1
      outer loop
         vertex 0.0054 -0.091 0.0147
         vertex 0.005 -0.091 0.0147
         vertex 0.00492388 -0.0913827 0.0147
      endloop
   endfacet
   facet normal 0 -6.93889e-16 1
      outer loop
         vertex 0.0054 -0.091 0.0147
         vertex 0.00529343 -0.0904642 0.0147
         vertex 0.00492388 -0.0906173 0.0147
      endloop
   endfacet
   facet normal 0 -6.93889e-16 1
      outer loop
         vertex 0.00498995 -0.0919899 0.0147
         vertex 0.00470711 -0.0917071 0.0147
         vertex 0.00438268 -0.0919239 0.0147
      endloop
   endfacet
   facet normal 0 -6.93889e-16 1
      outer loop
         vertex 0.00529343 -0.0915358 0.0147
         vertex 0.00492388 -0.0913827 0.0147
         vertex 0.00470711 -0.0917071 0.0147
      endloop
   endfacet
   facet normal 0 -6.93889e-16 1
      outer loop
         vertex 0.00492388 -0.0906173 0.0147
         vertex 0.005 -0.091 0.0147
         vertex 0.0054 -0.091 0.0147
      endloop
   endfacet
   facet normal 0 -6.93889e-16 1
      outer loop
         vertex 0.00529343 -0.0904642 0.0147
         vertex 0.00498995 -0.0900101 0.0147
         vertex 0.00470711 -0.0902929 0.0147
      endloop
   endfacet
   facet normal 0 -6.93889e-16 1
      outer loop
         vertex 0.00470711 -0.0917071 0.0147
         vertex 0.00498995 -0.0919899 0.0147
         vertex 0.00529343 -0.0915358 0.0147
      endloop
   endfacet
   facet normal 0 -6.93889e-16 1
      outer loop
         vertex 0.00470711 -0.0902929 0.0147
         vertex 0.00492388 -0.0906173 0.0147
         vertex 0.00529343 -0.0904642 0.0147
      endloop
   endfacet
   facet normal 0 -6.93889e-16 1
      outer loop
         vertex 0.0026 -0.091 0.0147
         vertex 0.00270657 -0.0915358 0.0147
         vertex 0.00307612 -0.0913827 0.0147
      endloop
   endfacet
   facet normal 0 -6.93889e-16 1
      outer loop
         vertex 0.00270657 -0.0915358 0.0147
         vertex 0.00301005 -0.0919899 0.0147
         vertex 0.00329289 -0.0917071 0.0147
      endloop
   endfacet
   facet normal 0 -6.93889e-16 1
      outer loop
         vertex 0.00492388 -0.0913827 0.0147
         vertex 0.00529343 -0.0915358 0.0147
         vertex 0.0054 -0.091 0.0147
      endloop
   endfacet
   facet normal 0 -6.93889e-16 1
      outer loop
         vertex 0.00498995 -0.0900101 0.0147
         vertex 0.00453576 -0.0897066 0.0147
         vertex 0.00438268 -0.0900761 0.0147
      endloop
   endfacet
   facet normal 0 -6.93889e-16 1
      outer loop
         vertex 0.00453576 -0.0897066 0.0147
         vertex 0.004 -0.0896 0.0147
         vertex 0.004 -0.09 0.0147
      endloop
   endfacet
   facet normal 0 -6.93889e-16 1
      outer loop
         vertex 0.00346424 -0.0897066 0.0147
         vertex 0.00361732 -0.0900761 0.0147
         vertex 0.004 -0.09 0.0147
      endloop
   endfacet
   facet normal 0 -6.93889e-16 1
      outer loop
         vertex 0.00329289 -0.0917071 0.0147
         vertex 0.00307612 -0.0913827 0.0147
         vertex 0.00270657 -0.0915358 0.0147
      endloop
   endfacet
   facet normal 0 -6.93889e-16 1
      outer loop
         vertex 0.00301005 -0.0919899 0.0147
         vertex 0.00346424 -0.0922934 0.0147
         vertex 0.00361732 -0.0919239 0.0147
      endloop
   endfacet
   facet normal 0 -6.93889e-16 1
      outer loop
         vertex 0.00438268 -0.0900761 0.0147
         vertex 0.00470711 -0.0902929 0.0147
         vertex 0.00498995 -0.0900101 0.0147
      endloop
   endfacet
   facet normal 0 -6.93889e-16 1
      outer loop
         vertex 0.004 -0.09 0.0147
         vertex 0.004 -0.0896 0.0147
         vertex 0.00346424 -0.0897066 0.0147
      endloop
   endfacet
   facet normal 0 -6.93889e-16 1
      outer loop
         vertex 0.00301005 -0.0900101 0.0147
         vertex 0.00329289 -0.0902929 0.0147
         vertex 0.00361732 -0.0900761 0.0147
      endloop
   endfacet
   facet normal 0 -6.93889e-16 1
      outer loop
         vertex 0.00301005 -0.0900101 0.0147
         vertex 0.00270657 -0.0904642 0.0147
         vertex 0.00307612 -0.0906173 0.0147
      endloop
   endfacet
   facet normal 0 -6.93889e-16 1
      outer loop
         vertex 0.00270657 -0.0904642 0.0147
         vertex 0.0026 -0.091 0.0147
         vertex 0.003 -0.091 0.0147
      endloop
   endfacet
   facet normal 0 -6.93889e-16 1
      outer loop
         vertex 0.00361732 -0.0919239 0.0147
         vertex 0.00329289 -0.0917071 0.0147
         vertex 0.00301005 -0.0919899 0.0147
      endloop
   endfacet
   facet normal 0 -6.93889e-16 1
      outer loop
         vertex 0.004 -0.09 0.0147
         vertex 0.00438268 -0.0900761 0.0147
         vertex 0.00453576 -0.0897066 0.0147
      endloop
   endfacet
   facet normal 0 -6.93889e-16 1
      outer loop
         vertex 0.00307612 -0.0906173 0.0147
         vertex 0.00329289 -0.0902929 0.0147
         vertex 0.00301005 -0.0900101 0.0147
      endloop
   endfacet
   facet normal 0 -6.93889e-16 1
      outer loop
         vertex 0.00307612 -0.0913827 0.0147
         vertex 0.003 -0.091 0.0147
         vertex 0.0026 -0.091 0.0147
      endloop
   endfacet
   facet normal 0 -6.93889e-16 1
      outer loop
         vertex 0.00346424 -0.0922934 0.0147
         vertex 0.004 -0.0924 0.0147
         vertex 0.004 -0.092 0.0147
      endloop
   endfacet
   facet normal 0 -6.93889e-16 1
      outer loop
         vertex 0.00361732 -0.0900761 0.0147
         vertex 0.00346424 -0.0897066 0.0147
         vertex 0.00301005 -0.0900101 0.0147
      endloop
   endfacet
   facet normal 0 -6.93889e-16 1
      outer loop
         vertex 0.004 -0.092 0.0147
         vertex 0.00361732 -0.0919239 0.0147
         vertex 0.00346424 -0.0922934 0.0147
      endloop
   endfacet
   facet normal 0 -6.93889e-16 1
      outer loop
         vertex 0.00453576 -0.0922934 0.0147
         vertex 0.00438268 -0.0919239 0.0147
         vertex 0.004 -0.092 0.0147
      endloop
   endfacet
   facet normal 0 -6.93889e-16 1
      outer loop
         vertex 0.003 -0.091 0.0147
         vertex 0.00307612 -0.0906173 0.0147
         vertex 0.00270657 -0.0904642 0.0147
      endloop
   endfacet
   facet normal 0 -6.93889e-16 1
      outer loop
         vertex 0.00438268 -0.0919239 0.0147
         vertex 0.00453576 -0.0922934 0.0147
         vertex 0.00498995 -0.0919899 0.0147
      endloop
   endfacet
   facet normal 0 -6.93889e-16 1
      outer loop
         vertex 0.004 -0.092 0.0147
         vertex 0.004 -0.0924 0.0147
         vertex 0.00453576 -0.0922934 0.0147
      endloop
   endfacet
   facet normal 0.382683 -0.92388 -6.4107e-16
      outer loop
         vertex 0.00361732 -0.0900761 0.0075
         vertex 0.004 -0.09 0.0075
         vertex 0.004 -0.09 0.0147
      endloop
   endfacet
   facet normal 0.707107 -0.707107 -4.90654e-16
      outer loop
         vertex 0.00329289 -0.0902929 0.0075
         vertex 0.00361732 -0.0900761 0.0075
         vertex 0.00361732 -0.0900761 0.0147
      endloop
   endfacet
   facet normal 0.92388 -0.382683 -2.6554e-16
      outer loop
         vertex 0.00307612 -0.0906173 0.0075
         vertex 0.00329289 -0.0902929 0.0075
         vertex 0.00329289 -0.0902929 0.0147
      endloop
   endfacet
   facet normal 1 1.07188e-15 7.43763e-31
      outer loop
         vertex 0.003 -0.091 0.0075
         vertex 0.00307612 -0.0906173 0.0075
         vertex 0.00307612 -0.0906173 0.0147
      endloop
   endfacet
   facet normal 0.92388 0.382683 2.6554e-16
      outer loop
         vertex 0.00307612 -0.0913827 0.0075
         vertex 0.003 -0.091 0.0075
         vertex 0.003 -0.091 0.0147
      endloop
   endfacet
   facet normal 0.707107 0.707107 4.90654e-16
      outer loop
         vertex 0.00329289 -0.0917071 0.0075
         vertex 0.00307612 -0.0913827 0.0075
         vertex 0.00307612 -0.0913827 0.0147
      endloop
   endfacet
   facet normal 0.382683 0.92388 6.4107e-16
      outer loop
         vertex 0.00361732 -0.0919239 0.0075
         vertex 0.00329289 -0.0917071 0.0075
         vertex 0.00329289 -0.0917071 0.0147
      endloop
   endfacet
   facet normal -1.22465e-16 1 6.93889e-16
      outer loop
         vertex 0.004 -0.092 0.0075
         vertex 0.00361732 -0.0919239 0.0075
         vertex 0.00361732 -0.0919239 0.0147
      endloop
   endfacet
   facet normal -0.382683 0.92388 6.4107e-16
      outer loop
         vertex 0.00438268 -0.0919239 0.0075
         vertex 0.004 -0.092 0.0075
         vertex 0.004 -0.092 0.0147
      endloop
   endfacet
   facet normal -0.707107 0.707107 4.90654e-16
      outer loop
         vertex 0.00470711 -0.0917071 0.0075
         vertex 0.00438268 -0.0919239 0.0075
         vertex 0.00438268 -0.0919239 0.0147
      endloop
   endfacet
   facet normal -0.92388 0.382683 2.6554e-16
      outer loop
         vertex 0.00492388 -0.0913827 0.0075
         vertex 0.00470711 -0.0917071 0.0075
         vertex 0.00470711 -0.0917071 0.0147
      endloop
   endfacet
   facet normal -1 6.04901e-16 4.19735e-31
      outer loop
         vertex 0.005 -0.091 0.0075
         vertex 0.00492388 -0.0913827 0.0075
         vertex 0.00492388 -0.0913827 0.0147
      endloop
   endfacet
   facet normal -0.92388 -0.382683 -2.6554e-16
      outer loop
         vertex 0.00492388 -0.0906173 0.0075
         vertex 0.005 -0.091 0.0075
         vertex 0.005 -0.091 0.0147
      endloop
   endfacet
   facet normal -0.707107 -0.707107 -4.90654e-16
      outer loop
         vertex 0.00470711 -0.0902929 0.0075
         vertex 0.00492388 -0.0906173 0.0075
         vertex 0.00492388 -0.0906173 0.0147
      endloop
   endfacet
   facet normal -0.382683 -0.92388 -6.4107e-16
      outer loop
         vertex 0.00438268 -0.0900761 0.0075
         vertex 0.00470711 -0.0902929 0.0075
         vertex 0.00470711 -0.0902929 0.0147
      endloop
   endfacet
   facet normal 0 -1 0
      outer loop
         vertex 0.004 -0.09 0.0075
         vertex 0.00438268 -0.0900761 0.0075
         vertex 0.00438268 -0.0900761 0.0147
      endloop
   endfacet
   facet normal -0.382683 -0.92388 -6.4107e-16
      outer loop
         vertex 0.00438268 -0.0900761 0.0147
         vertex 0.004 -0.09 0.0147
         vertex 0.004 -0.09 0.0075
      endloop
   endfacet
   facet normal -0.707107 -0.707107 -4.90654e-16
      outer loop
         vertex 0.00470711 -0.0902929 0.0147
         vertex 0.00438268 -0.0900761 0.0147
         vertex 0.00438268 -0.0900761 0.0075
      endloop
   endfacet
   facet normal -0.92388 -0.382683 -2.6554e-16
      outer loop
         vertex 0.00492388 -0.0906173 0.0147
         vertex 0.00470711 -0.0902929 0.0147
         vertex 0.00470711 -0.0902929 0.0075
      endloop
   endfacet
   facet normal -1 6.04901e-16 4.19735e-31
      outer loop
         vertex 0.005 -0.091 0.0147
         vertex 0.00492388 -0.0906173 0.0147
         vertex 0.00492388 -0.0906173 0.0075
      endloop
   endfacet
   facet normal -0.92388 0.382683 2.6554e-16
      outer loop
         vertex 0.00492388 -0.0913827 0.0147
         vertex 0.005 -0.091 0.0147
         vertex 0.005 -0.091 0.0075
      endloop
   endfacet
   facet normal -0.707107 0.707107 4.90654e-16
      outer loop
         vertex 0.00470711 -0.0917071 0.0147
         vertex 0.00492388 -0.0913827 0.0147
         vertex 0.00492388 -0.0913827 0.0075
      endloop
   endfacet
   facet normal -0.382683 0.92388 6.4107e-16
      outer loop
         vertex 0.00438268 -0.0919239 0.0147
         vertex 0.00470711 -0.0917071 0.0147
         vertex 0.00470711 -0.0917071 0.0075
      endloop
   endfacet
   facet normal -1.22465e-16 1 6.93889e-16
      outer loop
         vertex 0.004 -0.092 0.0147
         vertex 0.00438268 -0.0919239 0.0147
         vertex 0.00438268 -0.0919239 0.0075
      endloop
   endfacet
   facet normal 0.382683 0.92388 6.4107e-16
      outer loop
         vertex 0.00361732 -0.0919239 0.0147
         vertex 0.004 -0.092 0.0147
         vertex 0.004 -0.092 0.0075
      endloop
   endfacet
   facet normal 0.707107 0.707107 4.90654e-16
      outer loop
         vertex 0.00329289 -0.0917071 0.0147
         vertex 0.00361732 -0.0919239 0.0147
         vertex 0.00361732 -0.0919239 0.0075
      endloop
   endfacet
   facet normal 0.92388 0.382683 2.6554e-16
      outer loop
         vertex 0.00307612 -0.0913827 0.0147
         vertex 0.00329289 -0.0917071 0.0147
         vertex 0.00329289 -0.0917071 0.0075
      endloop
   endfacet
   facet normal 1 1.07188e-15 7.43763e-31
      outer loop
         vertex 0.003 -0.091 0.0147
         vertex 0.00307612 -0.0913827 0.0147
         vertex 0.00307612 -0.0913827 0.0075
      endloop
   endfacet
   facet normal 0.92388 -0.382683 -2.6554e-16
      outer loop
         vertex 0.00307612 -0.0906173 0.0147
         vertex 0.003 -0.091 0.0147
         vertex 0.003 -0.091 0.0075
      endloop
   endfacet
   facet normal 0.707107 -0.707107 -4.90654e-16
      outer loop
         vertex 0.00329289 -0.0902929 0.0147
         vertex 0.00307612 -0.0906173 0.0147
         vertex 0.00307612 -0.0906173 0.0075
      endloop
   endfacet
   facet normal 0.382683 -0.92388 -6.4107e-16
      outer loop
         vertex 0.00361732 -0.0900761 0.0147
         vertex 0.00329289 -0.0902929 0.0147
         vertex 0.00329289 -0.0902929 0.0075
      endloop
   endfacet
   facet normal 0 -1 0
      outer loop
         vertex 0.004 -0.09 0.0147
         vertex 0.00361732 -0.0900761 0.0147
         vertex 0.00361732 -0.0900761 0.0075
      endloop
   endfacet
   facet normal 0.100479 0.505142 0.857167
      outer loop
         vertex 0.004 -0.091 0.00689914
         vertex 0.00361732 -0.0919239 0.0075
         vertex 0.004 -0.092 0.0075
      endloop
   endfacet
   facet normal 0.28614 0.428239 0.857167
      outer loop
         vertex 0.004 -0.091 0.00689914
         vertex 0.00329289 -0.0917071 0.0075
         vertex 0.00361732 -0.0919239 0.0075
      endloop
   endfacet
   facet normal 0.428239 0.28614 0.857167
      outer loop
         vertex 0.004 -0.091 0.00689914
         vertex 0.00307612 -0.0913827 0.0075
         vertex 0.00329289 -0.0917071 0.0075
      endloop
   endfacet
   facet normal 0.505142 0.100479 0.857167
      outer loop
         vertex 0.004 -0.091 0.00689914
         vertex 0.003 -0.091 0.0075
         vertex 0.00307612 -0.0913827 0.0075
      endloop
   endfacet
   facet normal 0.505142 -0.100479 0.857167
      outer loop
         vertex 0.004 -0.091 0.00689914
         vertex 0.00307612 -0.0906173 0.0075
         vertex 0.003 -0.091 0.0075
      endloop
   endfacet
   facet normal 0.428239 -0.28614 0.857167
      outer loop
         vertex 0.004 -0.091 0.00689914
         vertex 0.00329289 -0.0902929 0.0075
         vertex 0.00307612 -0.0906173 0.0075
      endloop
   endfacet
   facet normal 0.28614 -0.428239 0.857167
      outer loop
         vertex 0.004 -0.091 0.00689914
         vertex 0.00361732 -0.0900761 0.0075
         vertex 0.00329289 -0.0902929 0.0075
      endloop
   endfacet
   facet normal 0.100479 -0.505142 0.857167
      outer loop
         vertex 0.004 -0.091 0.00689914
         vertex 0.004 -0.09 0.0075
         vertex 0.00361732 -0.0900761 0.0075
      endloop
   endfacet
   facet normal -0.100479 -0.505142 0.857167
      outer loop
         vertex 0.004 -0.091 0.00689914
         vertex 0.00438268 -0.0900761 0.0075
         vertex 0.004 -0.09 0.0075
      endloop
   endfacet
   facet normal -0.28614 -0.428239 0.857167
      outer loop
         vertex 0.004 -0.091 0.00689914
         vertex 0.00470711 -0.0902929 0.0075
         vertex 0.00438268 -0.0900761 0.0075
      endloop
   endfacet
   facet normal -0.428239 -0.28614 0.857167
      outer loop
         vertex 0.004 -0.091 0.00689914
         vertex 0.00492388 -0.0906173 0.0075
         vertex 0.00470711 -0.0902929 0.0075
      endloop
   endfacet
   facet normal -0.505142 -0.100479 0.857167
      outer loop
         vertex 0.004 -0.091 0.00689914
         vertex 0.005 -0.091 0.0075
         vertex 0.00492388 -0.0906173 0.0075
      endloop
   endfacet
   facet normal -0.505142 0.100479 0.857167
      outer loop
         vertex 0.004 -0.091 0.00689914
         vertex 0.00492388 -0.0913827 0.0075
         vertex 0.005 -0.091 0.0075
      endloop
   endfacet
   facet normal -0.428239 0.28614 0.857167
      outer loop
         vertex 0.004 -0.091 0.00689914
         vertex 0.00470711 -0.0917071 0.0075
         vertex 0.00492388 -0.0913827 0.0075
      endloop
   endfacet
   facet normal -0.28614 0.428239 0.857167
      outer loop
         vertex 0.004 -0.091 0.00689914
         vertex 0.00438268 -0.0919239 0.0075
         vertex 0.00470711 -0.0917071 0.0075
      endloop
   endfacet
   facet normal -0.100479 0.505142 0.857167
      outer loop
         vertex 0.004 -0.091 0.00689914
         vertex 0.004 -0.092 0.0075
         vertex 0.00438268 -0.0919239 0.0075
      endloop
   endfacet
   facet normal 0.382683 -0.92388 -6.4107e-16
      outer loop
         vertex 0.0454642 -0.0897066 0.0147
         vertex 0.046 -0.0896 0.0147
         vertex 0.046 -0.0896 0.0155
      endloop
   endfacet
   facet normal 0.707107 -0.707107 -4.90654e-16
      outer loop
         vertex 0.0450101 -0.0900101 0.0147
         vertex 0.0454642 -0.0897066 0.0147
         vertex 0.0454642 -0.0897066 0.0155
      endloop
   endfacet
   facet normal 0.92388 -0.382683 -2.6554e-16
      outer loop
         vertex 0.0447066 -0.0904642 0.0147
         vertex 0.0450101 -0.0900101 0.0147
         vertex 0.0450101 -0.0900101 0.0155
      endloop
   endfacet
   facet normal 1 1.83697e-16 1.27465e-31
      outer loop
         vertex 0.0446 -0.091 0.0147
         vertex 0.0447066 -0.0904642 0.0147
         vertex 0.0447066 -0.0904642 0.0155
      endloop
   endfacet
   facet normal 0.92388 0.382683 2.6554e-16
      outer loop
         vertex 0.0447066 -0.0915358 0.0147
         vertex 0.0446 -0.091 0.0147
         vertex 0.0446 -0.091 0.0155
      endloop
   endfacet
   facet normal 0.707107 0.707107 4.90654e-16
      outer loop
         vertex 0.0450101 -0.0919899 0.0147
         vertex 0.0447066 -0.0915358 0.0147
         vertex 0.0447066 -0.0915358 0.0155
      endloop
   endfacet
   facet normal 0.382683 0.92388 6.4107e-16
      outer loop
         vertex 0.0454642 -0.0922934 0.0147
         vertex 0.0450101 -0.0919899 0.0147
         vertex 0.0450101 -0.0919899 0.0155
      endloop
   endfacet
   facet normal -1.22465e-16 1 6.93889e-16
      outer loop
         vertex 0.046 -0.0924 0.0147
         vertex 0.0454642 -0.0922934 0.0147
         vertex 0.0454642 -0.0922934 0.0155
      endloop
   endfacet
   facet normal -0.382683 0.92388 6.4107e-16
      outer loop
         vertex 0.0465358 -0.0922934 0.0147
         vertex 0.046 -0.0924 0.0147
         vertex 0.046 -0.0924 0.0155
      endloop
   endfacet
   facet normal -0.707107 0.707107 4.90654e-16
      outer loop
         vertex 0.0469899 -0.0919899 0.0147
         vertex 0.0465358 -0.0922934 0.0147
         vertex 0.0465358 -0.0922934 0.0155
      endloop
   endfacet
   facet normal -0.92388 0.382683 2.6554e-16
      outer loop
         vertex 0.0472934 -0.0915358 0.0147
         vertex 0.0469899 -0.0919899 0.0147
         vertex 0.0469899 -0.0919899 0.0155
      endloop
   endfacet
   facet normal -1 -6.12323e-17 -4.24885e-32
      outer loop
         vertex 0.0474 -0.091 0.0147
         vertex 0.0472934 -0.0915358 0.0147
         vertex 0.0472934 -0.0915358 0.0155
      endloop
   endfacet
   facet normal -0.92388 -0.382683 -2.6554e-16
      outer loop
         vertex 0.0472934 -0.0904642 0.0147
         vertex 0.0474 -0.091 0.0147
         vertex 0.0474 -0.091 0.0155
      endloop
   endfacet
   facet normal -0.707107 -0.707107 -4.90654e-16
      outer loop
         vertex 0.0469899 -0.0900101 0.0147
         vertex 0.0472934 -0.0904642 0.0147
         vertex 0.0472934 -0.0904642 0.0155
      endloop
   endfacet
   facet normal -0.382683 -0.92388 -6.4107e-16
      outer loop
         vertex 0.0465358 -0.0897066 0.0147
         vertex 0.0469899 -0.0900101 0.0147
         vertex 0.0469899 -0.0900101 0.0155
      endloop
   endfacet
   facet normal 0 -1 -6.96987e-16
      outer loop
         vertex 0.046 -0.0896 0.0147
         vertex 0.0465358 -0.0897066 0.0147
         vertex 0.0465358 -0.0897066 0.0155
      endloop
   endfacet
   facet normal -0.382683 -0.92388 -6.4107e-16
      outer loop
         vertex 0.0465358 -0.0897066 0.0155
         vertex 0.046 -0.0896 0.0155
         vertex 0.046 -0.0896 0.0147
      endloop
   endfacet
   facet normal -0.707107 -0.707107 -4.90654e-16
      outer loop
         vertex 0.0469899 -0.0900101 0.0155
         vertex 0.0465358 -0.0897066 0.0155
         vertex 0.0465358 -0.0897066 0.0147
      endloop
   endfacet
   facet normal -0.92388 -0.382683 -2.6554e-16
      outer loop
         vertex 0.0472934 -0.0904642 0.0155
         vertex 0.0469899 -0.0900101 0.0155
         vertex 0.0469899 -0.0900101 0.0147
      endloop
   endfacet
   facet normal -1 -6.12323e-17 -4.24885e-32
      outer loop
         vertex 0.0474 -0.091 0.0155
         vertex 0.0472934 -0.0904642 0.0155
         vertex 0.0472934 -0.0904642 0.0147
      endloop
   endfacet
   facet normal -0.92388 0.382683 2.6554e-16
      outer loop
         vertex 0.0472934 -0.0915358 0.0155
         vertex 0.0474 -0.091 0.0155
         vertex 0.0474 -0.091 0.0147
      endloop
   endfacet
   facet normal -0.707107 0.707107 4.90654e-16
      outer loop
         vertex 0.0469899 -0.0919899 0.0155
         vertex 0.0472934 -0.0915358 0.0155
         vertex 0.0472934 -0.0915358 0.0147
      endloop
   endfacet
   facet normal -0.382683 0.92388 6.4107e-16
      outer loop
         vertex 0.0465358 -0.0922934 0.0155
         vertex 0.0469899 -0.0919899 0.0155
         vertex 0.0469899 -0.0919899 0.0147
      endloop
   endfacet
   facet normal -1.22465e-16 1 6.93889e-16
      outer loop
         vertex 0.046 -0.0924 0.0155
         vertex 0.0465358 -0.0922934 0.0155
         vertex 0.0465358 -0.0922934 0.0147
      endloop
   endfacet
   facet normal 0.382683 0.92388 6.4107e-16
      outer loop
         vertex 0.0454642 -0.0922934 0.0155
         vertex 0.046 -0.0924 0.0155
         vertex 0.046 -0.0924 0.0147
      endloop
   endfacet
   facet normal 0.707107 0.707107 4.90654e-16
      outer loop
         vertex 0.0450101 -0.0919899 0.0155
         vertex 0.0454642 -0.0922934 0.0155
         vertex 0.0454642 -0.0922934 0.0147
      endloop
   endfacet
   facet normal 0.92388 0.382683 2.6554e-16
      outer loop
         vertex 0.0447066 -0.0915358 0.0155
         vertex 0.0450101 -0.0919899 0.0155
         vertex 0.0450101 -0.0919899 0.0147
      endloop
   endfacet
   facet normal 1 1.83697e-16 1.27465e-31
      outer loop
         vertex 0.0446 -0.091 0.0155
         vertex 0.0447066 -0.0915358 0.0155
         vertex 0.0447066 -0.0915358 0.0147
      endloop
   endfacet
   facet normal 0.92388 -0.382683 -2.6554e-16
      outer loop
         vertex 0.0447066 -0.0904642 0.0155
         vertex 0.0446 -0.091 0.0155
         vertex 0.0446 -0.091 0.0147
      endloop
   endfacet
   facet normal 0.707107 -0.707107 -4.90654e-16
      outer loop
         vertex 0.0450101 -0.0900101 0.0155
         vertex 0.0447066 -0.0904642 0.0155
         vertex 0.0447066 -0.0904642 0.0147
      endloop
   endfacet
   facet normal 0.382683 -0.92388 -6.4107e-16
      outer loop
         vertex 0.0454642 -0.0897066 0.0155
         vertex 0.0450101 -0.0900101 0.0155
         vertex 0.0450101 -0.0900101 0.0147
      endloop
   endfacet
   facet normal 0 -1 -6.96987e-16
      outer loop
         vertex 0.046 -0.0896 0.0155
         vertex 0.0454642 -0.0897066 0.0155
         vertex 0.0454642 -0.0897066 0.0147
      endloop
   endfacet
   facet normal 0 -6.93889e-16 1
      outer loop
         vertex 0.0469899 -0.0919899 0.0147
         vertex 0.0467071 -0.0917071 0.0147
         vertex 0.0463827 -0.0919239 0.0147
      endloop
   endfacet
   facet normal 0 -6.93889e-16 1
      outer loop
         vertex 0.0472934 -0.0915358 0.0147
         vertex 0.0469239 -0.0913827 0.0147
         vertex 0.0467071 -0.0917071 0.0147
      endloop
   endfacet
   facet normal 0 -6.93889e-16 1
      outer loop
         vertex 0.0472934 -0.0904642 0.0147
         vertex 0.0469899 -0.0900101 0.0147
         vertex 0.0467071 -0.0902929 0.0147
      endloop
   endfacet
   facet normal 0 -6.93889e-16 1
      outer loop
         vertex 0.0469899 -0.0900101 0.0147
         vertex 0.0465358 -0.0897066 0.0147
         vertex 0.0463827 -0.0900761 0.0147
      endloop
   endfacet
   facet normal 0 -6.93889e-16 1
      outer loop
         vertex 0.0467071 -0.0917071 0.0147
         vertex 0.0469899 -0.0919899 0.0147
         vertex 0.0472934 -0.0915358 0.0147
      endloop
   endfacet
   facet normal 0 -6.93889e-16 1
      outer loop
         vertex 0.0474 -0.091 0.0147
         vertex 0.047 -0.091 0.0147
         vertex 0.0469239 -0.0913827 0.0147
      endloop
   endfacet
   facet normal 0 -6.93889e-16 1
      outer loop
         vertex 0.0474 -0.091 0.0147
         vertex 0.0472934 -0.0904642 0.0147
         vertex 0.0469239 -0.0906173 0.0147
      endloop
   endfacet
   facet normal 0 -6.93889e-16 1
      outer loop
         vertex 0.0463827 -0.0900761 0.0147
         vertex 0.0467071 -0.0902929 0.0147
         vertex 0.0469899 -0.0900101 0.0147
      endloop
   endfacet
   facet normal 0 -6.93889e-16 1
      outer loop
         vertex 0.0469239 -0.0913827 0.0147
         vertex 0.0472934 -0.0915358 0.0147
         vertex 0.0474 -0.091 0.0147
      endloop
   endfacet
   facet normal 0 -6.93889e-16 1
      outer loop
         vertex 0.0467071 -0.0902929 0.0147
         vertex 0.0469239 -0.0906173 0.0147
         vertex 0.0472934 -0.0904642 0.0147
      endloop
   endfacet
   facet normal 0 -6.93889e-16 1
      outer loop
         vertex 0.0447066 -0.0915358 0.0147
         vertex 0.0450101 -0.0919899 0.0147
         vertex 0.0452929 -0.0917071 0.0147
      endloop
   endfacet
   facet normal 0 -6.93889e-16 1
      outer loop
         vertex 0.0450101 -0.0919899 0.0147
         vertex 0.0454642 -0.0922934 0.0147
         vertex 0.0456173 -0.0919239 0.0147
      endloop
   endfacet
   facet normal 0 -6.93889e-16 1
      outer loop
         vertex 0.046 -0.0924 0.0147
         vertex 0.0465358 -0.0922934 0.0147
         vertex 0.0463827 -0.0919239 0.0147
      endloop
   endfacet
   facet normal 0 -6.93889e-16 1
      outer loop
         vertex 0.0469239 -0.0906173 0.0147
         vertex 0.047 -0.091 0.0147
         vertex 0.0474 -0.091 0.0147
      endloop
   endfacet
   facet normal 0 -6.93889e-16 1
      outer loop
         vertex 0.046 -0.0896 0.0147
         vertex 0.046 -0.09 0.0147
         vertex 0.0463827 -0.0900761 0.0147
      endloop
   endfacet
   facet normal 0 -6.93889e-16 1
      outer loop
         vertex 0.0454642 -0.0897066 0.0147
         vertex 0.0456173 -0.0900761 0.0147
         vertex 0.046 -0.09 0.0147
      endloop
   endfacet
   facet normal 0 -6.93889e-16 1
      outer loop
         vertex 0.0446 -0.091 0.0147
         vertex 0.0447066 -0.0915358 0.0147
         vertex 0.0450761 -0.0913827 0.0147
      endloop
   endfacet
   facet normal 0 -6.93889e-16 1
      outer loop
         vertex 0.0456173 -0.0919239 0.0147
         vertex 0.0452929 -0.0917071 0.0147
         vertex 0.0450101 -0.0919899 0.0147
      endloop
   endfacet
   facet normal 0 -6.93889e-16 1
      outer loop
         vertex 0.0463827 -0.0919239 0.0147
         vertex 0.0465358 -0.0922934 0.0147
         vertex 0.0469899 -0.0919899 0.0147
      endloop
   endfacet
   facet normal 0 -6.93889e-16 1
      outer loop
         vertex 0.046 -0.09 0.0147
         vertex 0.046 -0.0896 0.0147
         vertex 0.0454642 -0.0897066 0.0147
      endloop
   endfacet
   facet normal 0 -6.93889e-16 1
      outer loop
         vertex 0.0450101 -0.0900101 0.0147
         vertex 0.0452929 -0.0902929 0.0147
         vertex 0.0456173 -0.0900761 0.0147
      endloop
   endfacet
   facet normal 0 -6.93889e-16 1
      outer loop
         vertex 0.0450101 -0.0900101 0.0147
         vertex 0.0447066 -0.0904642 0.0147
         vertex 0.0450761 -0.0906173 0.0147
      endloop
   endfacet
   facet normal 0 -6.93889e-16 1
      outer loop
         vertex 0.0447066 -0.0904642 0.0147
         vertex 0.0446 -0.091 0.0147
         vertex 0.045 -0.091 0.0147
      endloop
   endfacet
   facet normal 0 -6.93889e-16 1
      outer loop
         vertex 0.0452929 -0.0917071 0.0147
         vertex 0.0450761 -0.0913827 0.0147
         vertex 0.0447066 -0.0915358 0.0147
      endloop
   endfacet
   facet normal 0 -6.93889e-16 1
      outer loop
         vertex 0.0463827 -0.0900761 0.0147
         vertex 0.0465358 -0.0897066 0.0147
         vertex 0.046 -0.0896 0.0147
      endloop
   endfacet
   facet normal 0 -6.93889e-16 1
      outer loop
         vertex 0.0450761 -0.0906173 0.0147
         vertex 0.0452929 -0.0902929 0.0147
         vertex 0.0450101 -0.0900101 0.0147
      endloop
   endfacet
   facet normal 0 -6.93889e-16 1
      outer loop
         vertex 0.0450761 -0.0913827 0.0147
         vertex 0.045 -0.091 0.0147
         vertex 0.0446 -0.091 0.0147
      endloop
   endfacet
   facet normal 0 -6.93889e-16 1
      outer loop
         vertex 0.046 -0.0924 0.0147
         vertex 0.046 -0.092 0.0147
         vertex 0.0456173 -0.0919239 0.0147
      endloop
   endfacet
   facet normal 0 -6.93889e-16 1
      outer loop
         vertex 0.0456173 -0.0900761 0.0147
         vertex 0.0454642 -0.0897066 0.0147
         vertex 0.0450101 -0.0900101 0.0147
      endloop
   endfacet
   facet normal 0 -6.93889e-16 1
      outer loop
         vertex 0.0456173 -0.0919239 0.0147
         vertex 0.0454642 -0.0922934 0.0147
         vertex 0.046 -0.0924 0.0147
      endloop
   endfacet
   facet normal 0 -6.93889e-16 1
      outer loop
         vertex 0.045 -0.091 0.0147
         vertex 0.0450761 -0.0906173 0.0147
         vertex 0.0447066 -0.0904642 0.0147
      endloop
   endfacet
   facet normal 0 -6.93889e-16 1
      outer loop
         vertex 0.0463827 -0.0919239 0.0147
         vertex 0.046 -0.092 0.0147
         vertex 0.046 -0.0924 0.0147
      endloop
   endfacet
   facet normal 0.382683 -0.92388 -6.4107e-16
      outer loop
         vertex 0.0456173 -0.0900761 0.0075
         vertex 0.046 -0.09 0.0075
         vertex 0.046 -0.09 0.0147
      endloop
   endfacet
   facet normal 0.707107 -0.707107 -4.90654e-16
      outer loop
         vertex 0.0452929 -0.0902929 0.0075
         vertex 0.0456173 -0.0900761 0.0075
         vertex 0.0456173 -0.0900761 0.0147
      endloop
   endfacet
   facet normal 0.92388 -0.382683 -2.6554e-16
      outer loop
         vertex 0.0450761 -0.0906173 0.0075
         vertex 0.0452929 -0.0902929 0.0075
         vertex 0.0452929 -0.0902929 0.0147
      endloop
   endfacet
   facet normal 1 1.07188e-15 7.43763e-31
      outer loop
         vertex 0.045 -0.091 0.0075
         vertex 0.0450761 -0.0906173 0.0075
         vertex 0.0450761 -0.0906173 0.0147
      endloop
   endfacet
   facet normal 0.92388 0.382683 2.6554e-16
      outer loop
         vertex 0.0450761 -0.0913827 0.0075
         vertex 0.045 -0.091 0.0075
         vertex 0.045 -0.091 0.0147
      endloop
   endfacet
   facet normal 0.707107 0.707107 4.90654e-16
      outer loop
         vertex 0.0452929 -0.0917071 0.0075
         vertex 0.0450761 -0.0913827 0.0075
         vertex 0.0450761 -0.0913827 0.0147
      endloop
   endfacet
   facet normal 0.382683 0.92388 6.4107e-16
      outer loop
         vertex 0.0456173 -0.0919239 0.0075
         vertex 0.0452929 -0.0917071 0.0075
         vertex 0.0452929 -0.0917071 0.0147
      endloop
   endfacet
   facet normal -1.22465e-16 1 6.93889e-16
      outer loop
         vertex 0.046 -0.092 0.0075
         vertex 0.0456173 -0.0919239 0.0075
         vertex 0.0456173 -0.0919239 0.0147
      endloop
   endfacet
   facet normal -0.382683 0.92388 6.4107e-16
      outer loop
         vertex 0.0463827 -0.0919239 0.0075
         vertex 0.046 -0.092 0.0075
         vertex 0.046 -0.092 0.0147
      endloop
   endfacet
   facet normal -0.707107 0.707107 4.90654e-16
      outer loop
         vertex 0.0467071 -0.0917071 0.0075
         vertex 0.0463827 -0.0919239 0.0075
         vertex 0.0463827 -0.0919239 0.0147
      endloop
   endfacet
   facet normal -0.92388 0.382683 2.6554e-16
      outer loop
         vertex 0.0469239 -0.0913827 0.0075
         vertex 0.0467071 -0.0917071 0.0075
         vertex 0.0467071 -0.0917071 0.0147
      endloop
   endfacet
   facet normal -1 6.04901e-16 4.19735e-31
      outer loop
         vertex 0.047 -0.091 0.0075
         vertex 0.0469239 -0.0913827 0.0075
         vertex 0.0469239 -0.0913827 0.0147
      endloop
   endfacet
   facet normal -0.92388 -0.382683 -2.6554e-16
      outer loop
         vertex 0.0469239 -0.0906173 0.0075
         vertex 0.047 -0.091 0.0075
         vertex 0.047 -0.091 0.0147
      endloop
   endfacet
   facet normal -0.707107 -0.707107 -4.90654e-16
      outer loop
         vertex 0.0467071 -0.0902929 0.0075
         vertex 0.0469239 -0.0906173 0.0075
         vertex 0.0469239 -0.0906173 0.0147
      endloop
   endfacet
   facet normal -0.382683 -0.92388 -6.4107e-16
      outer loop
         vertex 0.0463827 -0.0900761 0.0075
         vertex 0.0467071 -0.0902929 0.0075
         vertex 0.0467071 -0.0902929 0.0147
      endloop
   endfacet
   facet normal 0 -1 0
      outer loop
         vertex 0.046 -0.09 0.0075
         vertex 0.0463827 -0.0900761 0.0075
         vertex 0.0463827 -0.0900761 0.0147
      endloop
   endfacet
   facet normal -0.382683 -0.92388 -6.4107e-16
      outer loop
         vertex 0.0463827 -0.0900761 0.0147
         vertex 0.046 -0.09 0.0147
         vertex 0.046 -0.09 0.0075
      endloop
   endfacet
   facet normal -0.707107 -0.707107 -4.90654e-16
      outer loop
         vertex 0.0467071 -0.0902929 0.0147
         vertex 0.0463827 -0.0900761 0.0147
         vertex 0.0463827 -0.0900761 0.0075
      endloop
   endfacet
   facet normal -0.92388 -0.382683 -2.6554e-16
      outer loop
         vertex 0.0469239 -0.0906173 0.0147
         vertex 0.0467071 -0.0902929 0.0147
         vertex 0.0467071 -0.0902929 0.0075
      endloop
   endfacet
   facet normal -1 6.04901e-16 4.19735e-31
      outer loop
         vertex 0.047 -0.091 0.0147
         vertex 0.0469239 -0.0906173 0.0147
         vertex 0.0469239 -0.0906173 0.0075
      endloop
   endfacet
   facet normal -0.92388 0.382683 2.6554e-16
      outer loop
         vertex 0.0469239 -0.0913827 0.0147
         vertex 0.047 -0.091 0.0147
         vertex 0.047 -0.091 0.0075
      endloop
   endfacet
   facet normal -0.707107 0.707107 4.90654e-16
      outer loop
         vertex 0.0467071 -0.0917071 0.0147
         vertex 0.0469239 -0.0913827 0.0147
         vertex 0.0469239 -0.0913827 0.0075
      endloop
   endfacet
   facet normal -0.382683 0.92388 6.4107e-16
      outer loop
         vertex 0.0463827 -0.0919239 0.0147
         vertex 0.0467071 -0.0917071 0.0147
         vertex 0.0467071 -0.0917071 0.0075
      endloop
   endfacet
   facet normal -1.22465e-16 1 6.93889e-16
      outer loop
         vertex 0.046 -0.092 0.0147
         vertex 0.0463827 -0.0919239 0.0147
         vertex 0.0463827 -0.0919239 0.0075
      endloop
   endfacet
   facet normal 0.382683 0.92388 6.4107e-16
      outer loop
         vertex 0.0456173 -0.0919239 0.0147
         vertex 0.046 -0.092 0.0147
         vertex 0.046 -0.092 0.0075
      endloop
   endfacet
   facet normal 0.707107 0.707107 4.90654e-16
      outer loop
         vertex 0.0452929 -0.0917071 0.0147
         vertex 0.0456173 -0.0919239 0.0147
         vertex 0.0456173 -0.0919239 0.0075
      endloop
   endfacet
   facet normal 0.92388 0.382683 2.6554e-16
      outer loop
         vertex 0.0450761 -0.0913827 0.0147
         vertex 0.0452929 -0.0917071 0.0147
         vertex 0.0452929 -0.0917071 0.0075
      endloop
   endfacet
   facet normal 1 1.07188e-15 7.43763e-31
      outer loop
         vertex 0.045 -0.091 0.0147
         vertex 0.0450761 -0.0913827 0.0147
         vertex 0.0450761 -0.0913827 0.0075
      endloop
   endfacet
   facet normal 0.92388 -0.382683 -2.6554e-16
      outer loop
         vertex 0.0450761 -0.0906173 0.0147
         vertex 0.045 -0.091 0.0147
         vertex 0.045 -0.091 0.0075
      endloop
   endfacet
   facet normal 0.707107 -0.707107 -4.90654e-16
      outer loop
         vertex 0.0452929 -0.0902929 0.0147
         vertex 0.0450761 -0.0906173 0.0147
         vertex 0.0450761 -0.0906173 0.0075
      endloop
   endfacet
   facet normal 0.382683 -0.92388 -6.4107e-16
      outer loop
         vertex 0.0456173 -0.0900761 0.0147
         vertex 0.0452929 -0.0902929 0.0147
         vertex 0.0452929 -0.0902929 0.0075
      endloop
   endfacet
   facet normal 0 -1 0
      outer loop
         vertex 0.046 -0.09 0.0147
         vertex 0.0456173 -0.0900761 0.0147
         vertex 0.0456173 -0.0900761 0.0075
      endloop
   endfacet
   facet normal 0.100479 0.505142 0.857167
      outer loop
         vertex 0.046 -0.091 0.00689914
         vertex 0.0456173 -0.0919239 0.0075
         vertex 0.046 -0.092 0.0075
      endloop
   endfacet
   facet normal 0.28614 0.428239 0.857167
      outer loop
         vertex 0.046 -0.091 0.00689914
         vertex 0.0452929 -0.0917071 0.0075
         vertex 0.0456173 -0.0919239 0.0075
      endloop
   endfacet
   facet normal 0.428239 0.28614 0.857167
      outer loop
         vertex 0.046 -0.091 0.00689914
         vertex 0.0450761 -0.0913827 0.0075
         vertex 0.0452929 -0.0917071 0.0075
      endloop
   endfacet
   facet normal 0.505142 0.100479 0.857167
      outer loop
         vertex 0.046 -0.091 0.00689914
         vertex 0.045 -0.091 0.0075
         vertex 0.0450761 -0.0913827 0.0075
      endloop
   endfacet
   facet normal 0.505142 -0.100479 0.857167
      outer loop
         vertex 0.046 -0.091 0.00689914
         vertex 0.0450761 -0.0906173 0.0075
         vertex 0.045 -0.091 0.0075
      endloop
   endfacet
   facet normal 0.428239 -0.28614 0.857167
      outer loop
         vertex 0.046 -0.091 0.00689914
         vertex 0.0452929 -0.0902929 0.0075
         vertex 0.0450761 -0.0906173 0.0075
      endloop
   endfacet
   facet normal 0.28614 -0.428239 0.857167
      outer loop
         vertex 0.046 -0.091 0.00689914
         vertex 0.0456173 -0.0900761 0.0075
         vertex 0.0452929 -0.0902929 0.0075
      endloop
   endfacet
   facet normal 0.100479 -0.505142 0.857167
      outer loop
         vertex 0.046 -0.091 0.00689914
         vertex 0.046 -0.09 0.0075
         vertex 0.0456173 -0.0900761 0.0075
      endloop
   endfacet
   facet normal -0.100479 -0.505142 0.857167
      outer loop
         vertex 0.046 -0.091 0.00689914
         vertex 0.0463827 -0.0900761 0.0075
         vertex 0.046 -0.09 0.0075
      endloop
   endfacet
   facet normal -0.28614 -0.428239 0.857167
      outer loop
         vertex 0.046 -0.091 0.00689914
         vertex 0.0467071 -0.0902929 0.0075
         vertex 0.0463827 -0.0900761 0.0075
      endloop
   endfacet
   facet normal -0.428239 -0.28614 0.857167
      outer loop
         vertex 0.046 -0.091 0.00689914
         vertex 0.0469239 -0.0906173 0.0075
         vertex 0.0467071 -0.0902929 0.0075
      endloop
   endfacet
   facet normal -0.505142 -0.100479 0.857167
      outer loop
         vertex 0.046 -0.091 0.00689914
         vertex 0.047 -0.091 0.0075
         vertex 0.0469239 -0.0906173 0.0075
      endloop
   endfacet
   facet normal -0.505142 0.100479 0.857167
      outer loop
         vertex 0.046 -0.091 0.00689914
         vertex 0.0469239 -0.0913827 0.0075
         vertex 0.047 -0.091 0.0075
      endloop
   endfacet
   facet normal -0.428239 0.28614 0.857167
      outer loop
         vertex 0.046 -0.091 0.00689914
         vertex 0.0467071 -0.0917071 0.0075
         vertex 0.0469239 -0.0913827 0.0075
      endloop
   endfacet
   facet normal -0.28614 0.428239 0.857167
      outer loop
         vertex 0.046 -0.091 0.00689914
         vertex 0.0463827 -0.0919239 0.0075
         vertex 0.0467071 -0.0917071 0.0075
      endloop
   endfacet
   facet normal -0.100479 0.505142 0.857167
      outer loop
         vertex 0.046 -0.091 0.00689914
         vertex 0.046 -0.092 0.0075
         vertex 0.0463827 -0.0919239 0.0075
      endloop
   endfacet
   facet normal 0 -1 -6.93889e-16
      outer loop
         vertex -0.008 -0.095 -0.0115
         vertex -0.00504702 -0.095 -0.0248557
         vertex -0.00451126 -0.095 -0.0247492
      endloop
   endfacet
   facet normal 0 -1 -6.93889e-16
      outer loop
         vertex -0.008 -0.095 -0.0115
         vertex -0.00675678 -0.095 -0.0282305
         vertex -0.00591126 -0.095 -0.0261492
      endloop
   endfacet
   facet normal 0 -1 -6.93889e-16
      outer loop
         vertex -0.00155563 -0.095 -0.028902
         vertex -0.00155563 -0.095 -0.0109254
         vertex -0.00321783 -0.095 -0.0256134
      endloop
   endfacet
   facet normal 0 -1 -6.93889e-16
      outer loop
         vertex -0.00155563 -0.095 -0.0109254
         vertex -0.008 -0.095 -0.0109254
         vertex -0.008 -0.095 -0.0115
      endloop
   endfacet
   facet normal 0 -1 -6.93889e-16
      outer loop
         vertex -0.008 -0.095 -0.0115
         vertex -0.0058047 -0.095 -0.0256134
         vertex -0.00550121 -0.095 -0.0251592
      endloop
   endfacet
   facet normal 0 -1 -6.93889e-16
      outer loop
         vertex -0.00675678 -0.095 -0.0282305
         vertex -0.0058047 -0.095 -0.0266849
         vertex -0.00591126 -0.095 -0.0261492
      endloop
   endfacet
   facet normal 0 -1 -6.93889e-16
      outer loop
         vertex -0.00413165 -0.095 -0.0286108
         vertex -0.0032614 -0.095 -0.0284479
         vertex -0.00397551 -0.095 -0.0274426
      endloop
   endfacet
   facet normal 0 -1 -6.93889e-16
      outer loop
         vertex -0.00352131 -0.095 -0.0271391
         vertex -0.00397551 -0.095 -0.0274426
         vertex -0.0032614 -0.095 -0.0284479
      endloop
   endfacet
   facet normal 0 -1 -6.93889e-16
      outer loop
         vertex -0.00321783 -0.095 -0.0256134
         vertex -0.00311126 -0.095 -0.0261492
         vertex -0.00155563 -0.095 -0.028902
      endloop
   endfacet
   facet normal 0 -1 -6.93889e-16
      outer loop
         vertex -0.00155563 -0.095 -0.0109254
         vertex -0.00397551 -0.095 -0.0248557
         vertex -0.00352131 -0.095 -0.0251592
      endloop
   endfacet
   facet normal 0 -1 -6.93889e-16
      outer loop
         vertex -0.00451126 -0.095 -0.0247492
         vertex -0.00155563 -0.095 -0.0109254
         vertex -0.008 -0.095 -0.0115
      endloop
   endfacet
   facet normal 0 -1 -6.93889e-16
      outer loop
         vertex -0.00591126 -0.095 -0.0261492
         vertex -0.0058047 -0.095 -0.0256134
         vertex -0.008 -0.095 -0.0115
      endloop
   endfacet
   facet normal 0 -1 -6.93889e-16
      outer loop
         vertex -0.00504702 -0.095 -0.0274426
         vertex -0.005443 -0.095 -0.0297586
         vertex -0.00489058 -0.095 -0.0290667
      endloop
   endfacet
   facet normal 0 -1 -6.93889e-16
      outer loop
         vertex -0.00504702 -0.095 -0.0274426
         vertex -0.00584144 -0.095 -0.0301595
         vertex -0.00567191 -0.095 -0.0300422
      endloop
   endfacet
   facet normal 0 -1 -6.93889e-16
      outer loop
         vertex -0.00451126 -0.095 -0.0275492
         vertex -0.00489058 -0.095 -0.0290667
         vertex -0.00413165 -0.095 -0.0286108
      endloop
   endfacet
   facet normal 0 -1 -6.93889e-16
      outer loop
         vertex -0.0032614 -0.095 -0.0284479
         vertex -0.00238896 -0.095 -0.0285986
         vertex -0.00352131 -0.095 -0.0271391
      endloop
   endfacet
   facet normal 0 -1 -6.93889e-16
      outer loop
         vertex -0.00352131 -0.095 -0.0251592
         vertex -0.00321783 -0.095 -0.0256134
         vertex -0.00155563 -0.095 -0.0109254
      endloop
   endfacet
   facet normal 0 -1 -6.93889e-16
      outer loop
         vertex -0.00550121 -0.095 -0.0251592
         vertex -0.00504702 -0.095 -0.0248557
         vertex -0.008 -0.095 -0.0115
      endloop
   endfacet
   facet normal 0 -1 -6.93889e-16
      outer loop
         vertex -0.00675678 -0.095 -0.0282305
         vertex -0.00584144 -0.095 -0.0301595
         vertex -0.00504702 -0.095 -0.0274426
      endloop
   endfacet
   facet normal 0 -1 -6.93889e-16
      outer loop
         vertex -0.00567191 -0.095 -0.0300422
         vertex -0.005443 -0.095 -0.0297586
         vertex -0.00504702 -0.095 -0.0274426
      endloop
   endfacet
   facet normal 0 -1 -6.93889e-16
      outer loop
         vertex -0.00238896 -0.095 -0.0285986
         vertex -0.00155563 -0.095 -0.028902
         vertex -0.00352131 -0.095 -0.0271391
      endloop
   endfacet
   facet normal 0 -1 -6.93889e-16
      outer loop
         vertex -0.00311126 -0.095 -0.0261492
         vertex -0.00321783 -0.095 -0.0266849
         vertex -0.00155563 -0.095 -0.028902
      endloop
   endfacet
   facet normal 0 -1 -6.93889e-16
      outer loop
         vertex -0.00675678 -0.095 -0.0282305
         vertex -0.00550121 -0.095 -0.0271391
         vertex -0.0058047 -0.095 -0.0266849
      endloop
   endfacet
   facet normal 0 -1 -6.93889e-16
      outer loop
         vertex -0.00489058 -0.095 -0.0290667
         vertex -0.00451126 -0.095 -0.0275492
         vertex -0.00504702 -0.095 -0.0274426
      endloop
   endfacet
   facet normal 0 -1 -6.93889e-16
      outer loop
         vertex -0.00321783 -0.095 -0.0266849
         vertex -0.00352131 -0.095 -0.0271391
         vertex -0.00155563 -0.095 -0.028902
      endloop
   endfacet
   facet normal 0 -1 -6.93889e-16
      outer loop
         vertex -0.00504702 -0.095 -0.0274426
         vertex -0.00550121 -0.095 -0.0271391
         vertex -0.00675678 -0.095 -0.0282305
      endloop
   endfacet
   facet normal 0 -1 -6.93889e-16
      outer loop
         vertex -0.00451126 -0.095 -0.0247492
         vertex -0.00397551 -0.095 -0.0248557
         vertex -0.00155563 -0.095 -0.0109254
      endloop
   endfacet
   facet normal 0 -1 -6.93889e-16
      outer loop
         vertex -0.008 -0.095 -0.005
         vertex -0.00679343 -0.095 0.0035459
         vertex -0.0069 -0.095 0.00408165
      endloop
   endfacet
   facet normal 0 -1 -6.93889e-16
      outer loop
         vertex -0.008 -0.095 -0.005
         vertex -0.006 -0.095 -0.005
         vertex -0.0055 -0.095 0.00268165
      endloop
   endfacet
   facet normal 0 -1 -6.93889e-16
      outer loop
         vertex -0.0069 -0.095 0.00408165
         vertex -0.008 -0.095 0.008
         vertex -0.008 -0.095 -0.005
      endloop
   endfacet
   facet normal 0 -1 -6.93889e-16
      outer loop
         vertex -0.0055 -0.095 0.00268165
         vertex -0.00504329 -0.095 -0.0051903
         vertex -0.00423223 -0.095 -0.00573223
      endloop
   endfacet
   facet normal 0 -1 -6.93889e-16
      outer loop
         vertex -0.0055 -0.095 0.00268165
         vertex -0.00603576 -0.095 0.00278822
         vertex -0.008 -0.095 -0.005
      endloop
   endfacet
   facet normal 0 -1 -6.93889e-16
      outer loop
         vertex -0.00423223 -0.095 0.00873223
         vertex -0.00420657 -0.095 0.00461741
         vertex -0.0041 -0.095 0.00408165
      endloop
   endfacet
   facet normal 0 -1 -6.93889e-16
      outer loop
         vertex -0.00504329 -0.095 0.0081903
         vertex -0.0055 -0.095 0.00548165
         vertex -0.00496424 -0.095 0.00537508
      endloop
   endfacet
   facet normal 0 -1 -6.93889e-16
      outer loop
         vertex -0.006 -0.095 0.008
         vertex -0.008 -0.095 0.008
         vertex -0.00603576 -0.095 0.00537508
      endloop
   endfacet
   facet normal 0 -1 -6.93889e-16
      outer loop
         vertex -0.0069 -0.095 0.00408165
         vertex -0.00679343 -0.095 0.00461741
         vertex -0.008 -0.095 0.008
      endloop
   endfacet
   facet normal 0 -1 -6.93889e-16
      outer loop
         vertex -0.00155563 -0.095 -0.0109254
         vertex -0.0055 -0.095 0.00268165
         vertex -0.0036903 -0.095 -0.00654329
      endloop
   endfacet
   facet normal 0 -1 -6.93889e-16
      outer loop
         vertex -0.006 -0.095 -0.005
         vertex -0.00504329 -0.095 -0.0051903
         vertex -0.0055 -0.095 0.00268165
      endloop
   endfacet
   facet normal 0 -1 -6.93889e-16
      outer loop
         vertex -0.00423223 -0.095 0.00873223
         vertex -0.00504329 -0.095 0.0081903
         vertex -0.00420657 -0.095 0.00461741
      endloop
   endfacet
   facet normal 0 -1 -6.93889e-16
      outer loop
         vertex -0.00496424 -0.095 0.00537508
         vertex -0.00451005 -0.095 0.0050716
         vertex -0.00504329 -0.095 0.0081903
      endloop
   endfacet
   facet normal 0 -1 -6.93889e-16
      outer loop
         vertex -0.0055 -0.095 0.00548165
         vertex -0.00504329 -0.095 0.0081903
         vertex -0.006 -0.095 0.008
      endloop
   endfacet
   facet normal 0 -1 -6.93889e-16
      outer loop
         vertex -0.00679343 -0.095 0.00461741
         vertex -0.00648995 -0.095 0.0050716
         vertex -0.008 -0.095 0.008
      endloop
   endfacet
   facet normal 0 -1 -6.93889e-16
      outer loop
         vertex -0.008 -0.095 -0.005
         vertex -0.00603576 -0.095 0.00278822
         vertex -0.00648995 -0.095 0.0030917
      endloop
   endfacet
   facet normal 0 -1 -6.93889e-16
      outer loop
         vertex -0.00155563 -0.095 -0.0109254
         vertex -0.0035 -0.095 -0.0075
         vertex -0.0036903 -0.095 -0.00845671
      endloop
   endfacet
   facet normal 0 -1 -6.93889e-16
      outer loop
         vertex -0.00423223 -0.095 -0.00573223
         vertex -0.0036903 -0.095 -0.00654329
         vertex -0.0055 -0.095 0.00268165
      endloop
   endfacet
   facet normal 0 -1 -6.93889e-16
      outer loop
         vertex -0.00155563 -0.095 -0.0109254
         vertex -0.00451005 -0.095 0.0030917
         vertex -0.00496424 -0.095 0.00278822
      endloop
   endfacet
   facet normal 0 -1 -6.93889e-16
      outer loop
         vertex -0.0041 -0.095 0.00408165
         vertex -0.00155563 -0.095 -0.0109254
         vertex -0.00423223 -0.095 0.00873223
      endloop
   endfacet
   facet normal 0 -1 -6.93889e-16
      outer loop
         vertex -0.00603576 -0.095 0.00537508
         vertex -0.0055 -0.095 0.00548165
         vertex -0.006 -0.095 0.008
      endloop
   endfacet
   facet normal 0 -1 -6.93889e-16
      outer loop
         vertex -0.00648995 -0.095 0.0030917
         vertex -0.00679343 -0.095 0.0035459
         vertex -0.008 -0.095 -0.005
      endloop
   endfacet
   facet normal 0 -1 -6.93889e-16
      outer loop
         vertex -0.0036903 -0.095 -0.00654329
         vertex -0.0035 -0.095 -0.0075
         vertex -0.00155563 -0.095 -0.0109254
      endloop
   endfacet
   facet normal 0 -1 -6.93889e-16
      outer loop
         vertex -0.00155563 -0.095 -0.0109254
         vertex -0.00420657 -0.095 0.0035459
         vertex -0.00451005 -0.095 0.0030917
      endloop
   endfacet
   facet normal 0 -1 -6.93889e-16
      outer loop
         vertex -0.00155563 -0.095 -0.0109254
         vertex -0.0036903 -0.095 0.00954329
         vertex -0.00423223 -0.095 0.00873223
      endloop
   endfacet
   facet normal 0 -1 -6.93889e-16
      outer loop
         vertex -0.00155563 -0.095 -0.0109254
         vertex -0.00155563 -0.095 0.0145
         vertex -0.0035 -0.095 0.0105
      endloop
   endfacet
   facet normal 0 -1 -6.93889e-16
      outer loop
         vertex -0.00648995 -0.095 0.0050716
         vertex -0.00603576 -0.095 0.00537508
         vertex -0.008 -0.095 0.008
      endloop
   endfacet
   facet normal 0 -1 -6.93889e-16
      outer loop
         vertex -0.0036903 -0.095 -0.00845671
         vertex -0.00423223 -0.095 -0.00926777
         vertex -0.00155563 -0.095 -0.0109254
      endloop
   endfacet
   facet normal 0 -1 -6.93889e-16
      outer loop
         vertex -0.0041 -0.095 0.00408165
         vertex -0.00420657 -0.095 0.0035459
         vertex -0.00155563 -0.095 -0.0109254
      endloop
   endfacet
   facet normal 0 -1 -6.93889e-16
      outer loop
         vertex -0.00155563 -0.095 0.0145
         vertex -0.0035 -0.095 0.0145
         vertex -0.0035 -0.095 0.0105
      endloop
   endfacet
   facet normal 0 -1 -6.93889e-16
      outer loop
         vertex -0.00155563 -0.095 -0.0109254
         vertex -0.00504329 -0.095 -0.0098097
         vertex -0.006 -0.095 -0.01
      endloop
   endfacet
   facet normal 0 -1 -6.93889e-16
      outer loop
         vertex -0.00423223 -0.095 -0.00926777
         vertex -0.00504329 -0.095 -0.0098097
         vertex -0.00155563 -0.095 -0.0109254
      endloop
   endfacet
   facet normal 0 -1 -6.93889e-16
      outer loop
         vertex -0.0035 -0.095 0.0105
         vertex -0.0036903 -0.095 0.00954329
         vertex -0.00155563 -0.095 -0.0109254
      endloop
   endfacet
   facet normal 0 -1 -6.93889e-16
      outer loop
         vertex -0.006 -0.095 -0.01
         vertex -0.008 -0.095 -0.0109254
         vertex -0.00155563 -0.095 -0.0109254
      endloop
   endfacet
   facet normal 0 -1 -6.93889e-16
      outer loop
         vertex -0.00496424 -0.095 0.00278822
         vertex -0.0055 -0.095 0.00268165
         vertex -0.00155563 -0.095 -0.0109254
      endloop
   endfacet
   facet normal 0 -1 -6.93889e-16
      outer loop
         vertex -0.00451005 -0.095 0.0050716
         vertex -0.00420657 -0.095 0.00461741
         vertex -0.00504329 -0.095 0.0081903
      endloop
   endfacet
   facet normal 0 -1 -6.93889e-16
      outer loop
         vertex 0.057 -0.095 -0.005
         vertex 0.0559 -0.095 0.00408165
         vertex 0.0557934 -0.095 0.0035459
      endloop
   endfacet
   facet normal 0 -1 -6.93889e-16
      outer loop
         vertex 0.0539642 -0.095 0.00278822
         vertex 0.0488857 -0.095 -0.0109254
         vertex 0.0526903 -0.095 -0.00654329
      endloop
   endfacet
   facet normal 0 -1 -6.93889e-16
      outer loop
         vertex 0.057 -0.095 -0.005
         vertex 0.057 -0.095 0.008
         vertex 0.0559 -0.095 0.00408165
      endloop
   endfacet
   facet normal 0 -1 -6.93889e-16
      outer loop
         vertex 0.055 -0.095 0.008
         vertex 0.0545 -0.095 0.00548165
         vertex 0.0550358 -0.095 0.00537508
      endloop
   endfacet
   facet normal 0 -1 -6.93889e-16
      outer loop
         vertex 0.0488857 -0.095 -0.0109254
         vertex 0.0525 -0.095 -0.0075
         vertex 0.0526903 -0.095 -0.00654329
      endloop
   endfacet
   facet normal 0 -1 -6.93889e-16
      outer loop
         vertex 0.0557934 -0.095 0.0035459
         vertex 0.0540433 -0.095 -0.0051903
         vertex 0.055 -0.095 -0.005
      endloop
   endfacet
   facet normal 0 -1 -6.93889e-16
      outer loop
         vertex 0.057 -0.095 0.008
         vertex 0.0550358 -0.095 0.00537508
         vertex 0.0554899 -0.095 0.0050716
      endloop
   endfacet
   facet normal 0 -1 -6.93889e-16
      outer loop
         vertex 0.0550358 -0.095 0.00537508
         vertex 0.057 -0.095 0.008
         vertex 0.055 -0.095 0.008
      endloop
   endfacet
   facet normal 0 -1 -6.93889e-16
      outer loop
         vertex 0.0488857 -0.095 -0.0109254
         vertex 0.0539642 -0.095 0.00278822
         vertex 0.0535101 -0.095 0.0030917
      endloop
   endfacet
   facet normal 0 -1 -6.93889e-16
      outer loop
         vertex 0.0488857 -0.095 -0.0109254
         vertex 0.0526903 -0.095 -0.00845671
         vertex 0.0525 -0.095 -0.0075
      endloop
   endfacet
   facet normal 0 -1 -6.93889e-16
      outer loop
         vertex 0.0418241 -0.095 0.00582412
         vertex 0.047135 -0.095 -0.00212426
         vertex 0.0532322 -0.095 0.00873223
      endloop
   endfacet
   facet normal 0 -1 -6.93889e-16
      outer loop
         vertex 0.057 -0.095 0.008
         vertex 0.0557934 -0.095 0.00461741
         vertex 0.0559 -0.095 0.00408165
      endloop
   endfacet
   facet normal 0 -1 -6.93889e-16
      outer loop
         vertex 0.055 -0.095 0.008
         vertex 0.0540433 -0.095 0.0081903
         vertex 0.0545 -0.095 0.00548165
      endloop
   endfacet
   facet normal 0 -1 -6.93889e-16
      outer loop
         vertex 0.0540433 -0.095 0.0081903
         vertex 0.0532066 -0.095 0.00461741
         vertex 0.0535101 -0.095 0.0050716
      endloop
   endfacet
   facet normal 0 -1 -6.93889e-16
      outer loop
         vertex 0.0488857 -0.095 -0.0109254
         vertex 0.0531 -0.095 0.00408165
         vertex 0.0532066 -0.095 0.00461741
      endloop
   endfacet
   facet normal 0 -1 -6.93889e-16
      outer loop
         vertex 0.0526903 -0.095 -0.00654329
         vertex 0.0545 -0.095 0.00268165
         vertex 0.0539642 -0.095 0.00278822
      endloop
   endfacet
   facet normal 0 -1 -6.93889e-16
      outer loop
         vertex 0.0488857 -0.095 -0.0109254
         vertex 0.0540433 -0.095 -0.0098097
         vertex 0.0532322 -0.095 -0.00926777
      endloop
   endfacet
   facet normal 0 -1 -6.93889e-16
      outer loop
         vertex 0.0525 -0.095 0.0145
         vertex -0.00155563 -0.095 0.0145
         vertex 0.0245 -0.095 0.013
      endloop
   endfacet
   facet normal 0 -1 -6.93889e-16
      outer loop
         vertex 0.047135 -0.095 -0.00212426
         vertex 0.0540433 -0.095 0.0081903
         vertex 0.0532322 -0.095 0.00873223
      endloop
   endfacet
   facet normal 0 -1 -6.93889e-16
      outer loop
         vertex 0.0554899 -0.095 0.0050716
         vertex 0.0557934 -0.095 0.00461741
         vertex 0.057 -0.095 0.008
      endloop
   endfacet
   facet normal 0 -1 -6.93889e-16
      outer loop
         vertex 0.0535101 -0.095 0.0050716
         vertex 0.0539642 -0.095 0.00537508
         vertex 0.0540433 -0.095 0.0081903
      endloop
   endfacet
   facet normal 0 -1 -6.93889e-16
      outer loop
         vertex 0.0488857 -0.095 -0.0109254
         vertex 0.0532066 -0.095 0.0035459
         vertex 0.0531 -0.095 0.00408165
      endloop
   endfacet
   facet normal 0 -1 -6.93889e-16
      outer loop
         vertex 0.0532322 -0.095 -0.00926777
         vertex 0.0526903 -0.095 -0.00845671
         vertex 0.0488857 -0.095 -0.0109254
      endloop
   endfacet
   facet normal 0 -1 -6.93889e-16
      outer loop
         vertex 0.0545 -0.095 0.00268165
         vertex 0.0532322 -0.095 -0.00573223
         vertex 0.0540433 -0.095 -0.0051903
      endloop
   endfacet
   facet normal 0 -1 -6.93889e-16
      outer loop
         vertex 0.0245 -0.095 0.013
         vertex 0.0526903 -0.095 0.00954329
         vertex 0.0525 -0.095 0.0105
      endloop
   endfacet
   facet normal 0 -1 -6.93889e-16
      outer loop
         vertex -0.00155563 -0.095 0.0145
         vertex 0.00186495 -0.095 -0.00212426
         vertex 0.00717588 -0.095 0.00582412
      endloop
   endfacet
   facet normal 0 -1 -6.93889e-16
      outer loop
         vertex -0.00155563 -0.095 -0.0109254
         vertex 0.00011429 -0.095 -0.0109254
         vertex 0.00186495 -0.095 -0.00212426
      endloop
   endfacet
   facet normal 0 -1 -6.93889e-16
      outer loop
         vertex 0.0526903 -0.095 0.00954329
         vertex 0.0338757 -0.095 0.011135
         vertex 0.0418241 -0.095 0.00582412
      endloop
   endfacet
   facet normal 0 -1 -6.93889e-16
      outer loop
         vertex 0.0539642 -0.095 0.00537508
         vertex 0.0545 -0.095 0.00548165
         vertex 0.0540433 -0.095 0.0081903
      endloop
   endfacet
   facet normal 0 -1 -6.93889e-16
      outer loop
         vertex 0.0535101 -0.095 0.0030917
         vertex 0.0532066 -0.095 0.0035459
         vertex 0.0488857 -0.095 -0.0109254
      endloop
   endfacet
   facet normal 0 -1 -6.93889e-16
      outer loop
         vertex 0.0545 -0.095 0.00268165
         vertex 0.0526903 -0.095 -0.00654329
         vertex 0.0532322 -0.095 -0.00573223
      endloop
   endfacet
   facet normal 0 -1 -6.93889e-16
      outer loop
         vertex 0.0540433 -0.095 -0.0051903
         vertex 0.0557934 -0.095 0.0035459
         vertex 0.0554899 -0.095 0.0030917
      endloop
   endfacet
   facet normal 0 -1 -6.93889e-16
      outer loop
         vertex -0.00155563 -0.095 0.0145
         vertex 0.0151243 -0.095 0.011135
         vertex 0.0245 -0.095 0.013
      endloop
   endfacet
   facet normal 0 -1 -6.93889e-16
      outer loop
         vertex 0.00186495 -0.095 -0.00212426
         vertex -0.00155563 -0.095 0.0145
         vertex -0.00155563 -0.095 -0.0109254
      endloop
   endfacet
   facet normal 0 -1 -6.93889e-16
      outer loop
         vertex 0.0526903 -0.095 0.00954329
         vertex 0.0245 -0.095 0.013
         vertex 0.0338757 -0.095 0.011135
      endloop
   endfacet
   facet normal 0 -1 -6.93889e-16
      outer loop
         vertex 0.0532066 -0.095 0.00461741
         vertex 0.0540433 -0.095 0.0081903
         vertex 0.0488857 -0.095 -0.0109254
      endloop
   endfacet
   facet normal 0 -1 -6.93889e-16
      outer loop
         vertex 0.0554899 -0.095 0.0030917
         vertex 0.0550358 -0.095 0.00278822
         vertex 0.0540433 -0.095 -0.0051903
      endloop
   endfacet
   facet normal 0 -1 -6.93889e-16
      outer loop
         vertex 0.0488857 -0.095 -0.0109254
         vertex 0.057 -0.095 -0.0109254
         vertex 0.055 -0.095 -0.01
      endloop
   endfacet
   facet normal 0 -1 -6.93889e-16
      outer loop
         vertex 0.00717588 -0.095 0.00582412
         vertex 0.0151243 -0.095 0.011135
         vertex -0.00155563 -0.095 0.0145
      endloop
   endfacet
   facet normal 0 -1 -6.93889e-16
      outer loop
         vertex 0.0532322 -0.095 0.00873223
         vertex 0.0526903 -0.095 0.00954329
         vertex 0.0418241 -0.095 0.00582412
      endloop
   endfacet
   facet normal 0 -1 -6.93889e-16
      outer loop
         vertex 0.0540433 -0.095 -0.0051903
         vertex 0.0550358 -0.095 0.00278822
         vertex 0.0545 -0.095 0.00268165
      endloop
   endfacet
   facet normal 0 -1 -6.93889e-16
      outer loop
         vertex 0.057 -0.095 -0.0109254
         vertex 0.057 -0.095 -0.01
         vertex 0.055 -0.095 -0.01
      endloop
   endfacet
   facet normal 0 -1 -6.93889e-16
      outer loop
         vertex 0.047135 -0.095 -0.00212426
         vertex 0.0488857 -0.095 -0.0109254
         vertex 0.0540433 -0.095 0.0081903
      endloop
   endfacet
   facet normal 0 -1 -6.93889e-16
      outer loop
         vertex 0.055 -0.095 -0.01
         vertex 0.0540433 -0.095 -0.0098097
         vertex 0.0488857 -0.095 -0.0109254
      endloop
   endfacet
   facet normal 0 -1 -6.93889e-16
      outer loop
         vertex 0.0557934 -0.095 0.0035459
         vertex 0.055 -0.095 -0.005
         vertex 0.057 -0.095 -0.005
      endloop
   endfacet
   facet normal 0 -1 -6.93889e-16
      outer loop
         vertex 0.0103815 -0.095 -0.0359072
         vertex 0.0165976 -0.095 -0.0379787
         vertex 0.0166184 -0.095 -0.0379822
      endloop
   endfacet
   facet normal 0 -1 -6.93889e-16
      outer loop
         vertex 0.0166184 -0.095 -0.0379822
         vertex 0.0172501 -0.095 -0.0380818
         vertex 0.0103815 -0.095 -0.0359072
      endloop
   endfacet
   facet normal 0 -1 -6.93889e-16
      outer loop
         vertex 0.0165976 -0.095 -0.0379787
         vertex 0.0103815 -0.095 -0.0359072
         vertex 0.0100925 -0.095 -0.0367014
      endloop
   endfacet
   facet normal 0 -1 -6.93889e-16
      outer loop
         vertex 0.0453468 -0.095 -0.0315752
         vertex 0.051892 -0.095 -0.0255341
         vertex 0.049775 -0.095 -0.0269224
      endloop
   endfacet
   facet normal 0 -1 -6.93889e-16
      outer loop
         vertex 0.0493208 -0.095 -0.0246391
         vertex 0.049775 -0.095 -0.0249425
         vertex 0.0549915 -0.095 -0.0193004
      endloop
   endfacet
   facet normal 0 -1 -6.93889e-16
      outer loop
         vertex 0.0100925 -0.095 -0.0367014
         vertex 0.0100411 -0.095 -0.0368632
         vertex 0.0165976 -0.095 -0.0379787
      endloop
   endfacet
   facet normal 0 -1 -6.93889e-16
      outer loop
         vertex 0.0105299 -0.095 -0.0349431
         vertex 0.0103815 -0.095 -0.0359072
         vertex 0.0231544 -0.095 -0.039012
      endloop
   endfacet
   facet normal 0 -1 -6.93889e-16
      outer loop
         vertex 0.0338757 -0.095 -0.034135
         vertex 0.0289481 -0.095 -0.0388104
         vertex 0.0314107 -0.095 -0.0387248
      endloop
   endfacet
   facet normal 0 -1 -6.93889e-16
      outer loop
         vertex 0.0245 -0.095 -0.036
         vertex 0.0231544 -0.095 -0.039012
         vertex 0.0289481 -0.095 -0.0388104
      endloop
   endfacet
   facet normal 0 -1 -6.93889e-16
      outer loop
         vertex 0.049775 -0.095 -0.0269224
         vertex 0.0493208 -0.095 -0.0272259
         vertex 0.0453468 -0.095 -0.0315752
      endloop
   endfacet
   facet normal 0 -1 -6.93889e-16
      outer loop
         vertex 0.0500785 -0.095 -0.0253967
         vertex 0.0501851 -0.095 -0.0259325
         vertex 0.051892 -0.095 -0.0255341
      endloop
   endfacet
   facet normal 0 -1 -6.93889e-16
      outer loop
         vertex 0.0493208 -0.095 -0.0246391
         vertex 0.0567371 -0.095 -0.0138108
         vertex 0.057 -0.095 -0.0115
      endloop
   endfacet
   facet normal 0 -1 -6.93889e-16
      outer loop
         vertex 0.0549915 -0.095 -0.0193004
         vertex 0.0567371 -0.095 -0.0138108
         vertex 0.0493208 -0.095 -0.0246391
      endloop
   endfacet
   facet normal 0 -1 -6.93889e-16
      outer loop
         vertex 0.0231544 -0.095 -0.039012
         vertex 0.0245 -0.095 -0.036
         vertex 0.0105299 -0.095 -0.0349431
      endloop
   endfacet
   facet normal 0 -1 -6.93889e-16
      outer loop
         vertex 0.0289481 -0.095 -0.0388104
         vertex 0.0338757 -0.095 -0.034135
         vertex 0.0245 -0.095 -0.036
      endloop
   endfacet
   facet normal 0 -1 -6.93889e-16
      outer loop
         vertex 0.0477951 -0.095 -0.0269224
         vertex 0.0474917 -0.095 -0.0264683
         vertex 0.0418241 -0.095 -0.0288241
      endloop
   endfacet
   facet normal 0 -1 -6.93889e-16
      outer loop
         vertex 0.0477951 -0.095 -0.0269224
         vertex 0.0366834 -0.095 -0.0365767
         vertex 0.0453468 -0.095 -0.0315752
      endloop
   endfacet
   facet normal 0 -1 -6.93889e-16
      outer loop
         vertex 0.00717588 -0.095 -0.0288241
         vertex 0.00888735 -0.095 -0.0327029
         vertex 0.00972127 -0.095 -0.0332089
      endloop
   endfacet
   facet normal 0 -1 -6.93889e-16
      outer loop
         vertex 0.051892 -0.095 -0.0255341
         vertex 0.0500785 -0.095 -0.0264683
         vertex 0.049775 -0.095 -0.0269224
      endloop
   endfacet
   facet normal 0 -1 -6.93889e-16
      outer loop
         vertex 0.051892 -0.095 -0.0255341
         vertex 0.0522529 -0.095 -0.0252011
         vertex 0.0500785 -0.095 -0.0253967
      endloop
   endfacet
   facet normal 0 -1 -6.93889e-16
      outer loop
         vertex 0.049775 -0.095 -0.0249425
         vertex 0.0500785 -0.095 -0.0253967
         vertex 0.0522529 -0.095 -0.0252011
      endloop
   endfacet
   facet normal 0 -1 -6.93889e-16
      outer loop
         vertex 0.0549915 -0.095 -0.0193004
         vertex 0.0564766 -0.095 -0.0161008
         vertex 0.0567371 -0.095 -0.0138108
      endloop
   endfacet
   facet normal 0 -1 -6.93889e-16
      outer loop
         vertex 0.049 -0.095 -0.0115
         vertex 0.0487851 -0.095 -0.0245325
         vertex 0.0493208 -0.095 -0.0246391
      endloop
   endfacet
   facet normal 0 -1 -6.93889e-16
      outer loop
         vertex 0.0487851 -0.095 -0.0245325
         vertex 0.049 -0.095 -0.0115
         vertex 0.047135 -0.095 -0.0208757
      endloop
   endfacet
   facet normal 0 -1 -6.93889e-16
      outer loop
         vertex 0.047135 -0.095 -0.0208757
         vertex 0.0418241 -0.095 -0.0288241
         vertex 0.0474917 -0.095 -0.0253967
      endloop
   endfacet
   facet normal 0 -1 -6.93889e-16
      outer loop
         vertex 0.0314107 -0.095 -0.0387248
         vertex 0.0366834 -0.095 -0.0365767
         vertex 0.0338757 -0.095 -0.034135
      endloop
   endfacet
   facet normal 0 -1 -6.93889e-16
      outer loop
         vertex 0.0418241 -0.095 -0.0288241
         vertex 0.0366834 -0.095 -0.0365767
         vertex 0.0477951 -0.095 -0.0269224
      endloop
   endfacet
   facet normal 0 -1 -6.93889e-16
      outer loop
         vertex 0.0366834 -0.095 -0.0365767
         vertex 0.0424918 -0.095 -0.0342103
         vertex 0.0453468 -0.095 -0.0315752
      endloop
   endfacet
   facet normal 0 -1 -6.93889e-16
      outer loop
         vertex 0.00717588 -0.095 -0.0288241
         vertex -0.00155563 -0.095 -0.028902
         vertex 0.00888735 -0.095 -0.0327029
      endloop
   endfacet
   facet normal 0 -1 -6.93889e-16
      outer loop
         vertex 0.0501851 -0.095 -0.0259325
         vertex 0.0500785 -0.095 -0.0264683
         vertex 0.051892 -0.095 -0.0255341
      endloop
   endfacet
   facet normal 0 -1 -6.93889e-16
      outer loop
         vertex 0.057 -0.095 -0.0115
         vertex 0.057 -0.095 -0.0109254
         vertex 0.0493208 -0.095 -0.0246391
      endloop
   endfacet
   facet normal 0 -1 -6.93889e-16
      outer loop
         vertex 0.047135 -0.095 -0.0208757
         vertex 0.0482493 -0.095 -0.0246391
         vertex 0.0487851 -0.095 -0.0245325
      endloop
   endfacet
   facet normal 0 -1 -6.93889e-16
      outer loop
         vertex 0.0474917 -0.095 -0.0253967
         vertex 0.0477951 -0.095 -0.0249425
         vertex 0.047135 -0.095 -0.0208757
      endloop
   endfacet
   facet normal 0 -1 -6.93889e-16
      outer loop
         vertex 0.0418241 -0.095 -0.0288241
         vertex 0.0474917 -0.095 -0.0264683
         vertex 0.0473851 -0.095 -0.0259325
      endloop
   endfacet
   facet normal 0 -1 -6.93889e-16
      outer loop
         vertex 0.0418241 -0.095 -0.0288241
         vertex 0.0338757 -0.095 -0.034135
         vertex 0.0366834 -0.095 -0.0365767
      endloop
   endfacet
   facet normal 0 -1 -6.93889e-16
      outer loop
         vertex 0.0453468 -0.095 -0.0315752
         vertex 0.0487851 -0.095 -0.0273325
         vertex 0.0482493 -0.095 -0.0272259
      endloop
   endfacet
   facet normal 0 -1 -6.93889e-16
      outer loop
         vertex -0.00155563 -0.095 -0.0109254
         vertex -0.00155563 -0.095 -0.028902
         vertex 0.00186495 -0.095 -0.0208757
      endloop
   endfacet
   facet normal 0 -1 -6.93889e-16
      outer loop
         vertex 0.00972127 -0.095 -0.0332089
         vertex 0.0151243 -0.095 -0.034135
         vertex 0.00717588 -0.095 -0.0288241
      endloop
   endfacet
   facet normal 0 -1 -6.93889e-16
      outer loop
         vertex 0.0522529 -0.095 -0.0252011
         vertex 0.0549915 -0.095 -0.0193004
         vertex 0.049775 -0.095 -0.0249425
      endloop
   endfacet
   facet normal 0 -1 -6.93889e-16
      outer loop
         vertex 0.057 -0.095 -0.0109254
         vertex 0.0488857 -0.095 -0.0109254
         vertex 0.049 -0.095 -0.0115
      endloop
   endfacet
   facet normal 0 -1 -6.93889e-16
      outer loop
         vertex 0.0473851 -0.095 -0.0259325
         vertex 0.0474917 -0.095 -0.0253967
         vertex 0.0418241 -0.095 -0.0288241
      endloop
   endfacet
   facet normal 0 -1 -6.93889e-16
      outer loop
         vertex 0.0453468 -0.095 -0.0315752
         vertex 0.0482493 -0.095 -0.0272259
         vertex 0.0477951 -0.095 -0.0269224
      endloop
   endfacet
   facet normal 0 -1 -6.93889e-16
      outer loop
         vertex -0.00155563 -0.095 -0.028902
         vertex 0.00717588 -0.095 -0.0288241
         vertex 0.00186495 -0.095 -0.0208757
      endloop
   endfacet
   facet normal 0 -1 -6.93889e-16
      outer loop
         vertex 0.00972127 -0.095 -0.0332089
         vertex 0.0102981 -0.095 -0.0339956
         vertex 0.0151243 -0.095 -0.034135
      endloop
   endfacet
   facet normal 0 -1 -6.93889e-16
      outer loop
         vertex 0.0493208 -0.095 -0.0246391
         vertex 0.057 -0.095 -0.0109254
         vertex 0.049 -0.095 -0.0115
      endloop
   endfacet
   facet normal 0 -1 -6.93889e-16
      outer loop
         vertex 0.0172501 -0.095 -0.0380818
         vertex 0.0231544 -0.095 -0.039012
         vertex 0.0103815 -0.095 -0.0359072
      endloop
   endfacet
   facet normal 0 -1 -6.93889e-16
      outer loop
         vertex 0.00186495 -0.095 -0.0208757
         vertex 0 -0.095 -0.0115
         vertex -0.00155563 -0.095 -0.0109254
      endloop
   endfacet
   facet normal 0 -1 -6.93889e-16
      outer loop
         vertex 0.0105299 -0.095 -0.0349431
         vertex 0.0245 -0.095 -0.036
         vertex 0.0151243 -0.095 -0.034135
      endloop
   endfacet
   facet normal 0 -1 -6.93889e-16
      outer loop
         vertex 0.0477951 -0.095 -0.0249425
         vertex 0.0482493 -0.095 -0.0246391
         vertex 0.047135 -0.095 -0.0208757
      endloop
   endfacet
   facet normal 0 -1 -6.93889e-16
      outer loop
         vertex 0.0102981 -0.095 -0.0339956
         vertex 0.0105299 -0.095 -0.0349431
         vertex 0.0151243 -0.095 -0.034135
      endloop
   endfacet
   facet normal 0 -1 -6.93889e-16
      outer loop
         vertex 0 -0.095 -0.0115
         vertex 0.00011429 -0.095 -0.0109254
         vertex -0.00155563 -0.095 -0.0109254
      endloop
   endfacet
   facet normal 0 -1 -6.93889e-16
      outer loop
         vertex 0.0493208 -0.095 -0.0272259
         vertex 0.0487851 -0.095 -0.0273325
         vertex 0.0453468 -0.095 -0.0315752
      endloop
   endfacet
   facet normal 0 -1 -6.93889e-16
      outer loop
         vertex 0.0245 -0.095 0.013
         vertex 0.0525 -0.095 0.0105
         vertex 0.0525 -0.095 0.0145
      endloop
   endfacet
   facet normal 0 -1 -6.93889e-16
      outer loop
         vertex -0.006 -0.095 -0.01
         vertex -0.008 -0.095 -0.01
         vertex -0.008 -0.095 -0.0109254
      endloop
   endfacet
   facet normal 0 -1 -6.93889e-16
      outer loop
         vertex -0.00397551 -0.095 -0.0274426
         vertex -0.00451126 -0.095 -0.0275492
         vertex -0.00413165 -0.095 -0.0286108
      endloop
   endfacet
   facet normal 0.382683 6.4107e-16 -0.92388
      outer loop
         vertex -0.00603576 -0.0942 0.00537508
         vertex -0.0055 -0.0942 0.00548165
         vertex -0.0055 -0.095 0.00548165
      endloop
   endfacet
   facet normal 0.707107 4.90654e-16 -0.707107
      outer loop
         vertex -0.00648995 -0.0942 0.0050716
         vertex -0.00603576 -0.0942 0.00537508
         vertex -0.00603576 -0.095 0.00537508
      endloop
   endfacet
   facet normal 0.92388 2.6554e-16 -0.382683
      outer loop
         vertex -0.00679343 -0.0942 0.00461741
         vertex -0.00648995 -0.0942 0.0050716
         vertex -0.00648995 -0.095 0.0050716
      endloop
   endfacet
   facet normal 1 -1.27465e-31 1.83697e-16
      outer loop
         vertex -0.0069 -0.0942 0.00408165
         vertex -0.00679343 -0.0942 0.00461741
         vertex -0.00679343 -0.095 0.00461741
      endloop
   endfacet
   facet normal 0.92388 -2.6554e-16 0.382683
      outer loop
         vertex -0.00679343 -0.0942 0.0035459
         vertex -0.0069 -0.0942 0.00408165
         vertex -0.0069 -0.095 0.00408165
      endloop
   endfacet
   facet normal 0.707107 -4.90654e-16 0.707107
      outer loop
         vertex -0.00648995 -0.0942 0.0030917
         vertex -0.00679343 -0.0942 0.0035459
         vertex -0.00679343 -0.095 0.0035459
      endloop
   endfacet
   facet normal 0.382683 -6.4107e-16 0.92388
      outer loop
         vertex -0.00603576 -0.0942 0.00278822
         vertex -0.00648995 -0.0942 0.0030917
         vertex -0.00648995 -0.095 0.0030917
      endloop
   endfacet
   facet normal -1.22465e-16 -6.93889e-16 1
      outer loop
         vertex -0.0055 -0.0942 0.00268165
         vertex -0.00603576 -0.0942 0.00278822
         vertex -0.00603576 -0.095 0.00278822
      endloop
   endfacet
   facet normal -0.382683 -6.4107e-16 0.92388
      outer loop
         vertex -0.00496424 -0.0942 0.00278822
         vertex -0.0055 -0.0942 0.00268165
         vertex -0.0055 -0.095 0.00268165
      endloop
   endfacet
   facet normal -0.707107 -4.90654e-16 0.707107
      outer loop
         vertex -0.00451005 -0.0942 0.0030917
         vertex -0.00496424 -0.0942 0.00278822
         vertex -0.00496424 -0.095 0.00278822
      endloop
   endfacet
   facet normal -0.92388 -2.6554e-16 0.382683
      outer loop
         vertex -0.00420657 -0.0942 0.0035459
         vertex -0.00451005 -0.0942 0.0030917
         vertex -0.00451005 -0.095 0.0030917
      endloop
   endfacet
   facet normal -1 4.24885e-32 -6.12323e-17
      outer loop
         vertex -0.0041 -0.0942 0.00408165
         vertex -0.00420657 -0.0942 0.0035459
         vertex -0.00420657 -0.095 0.0035459
      endloop
   endfacet
   facet normal -0.92388 2.6554e-16 -0.382683
      outer loop
         vertex -0.00420657 -0.0942 0.00461741
         vertex -0.0041 -0.0942 0.00408165
         vertex -0.0041 -0.095 0.00408165
      endloop
   endfacet
   facet normal -0.707107 4.90654e-16 -0.707107
      outer loop
         vertex -0.00451005 -0.0942 0.0050716
         vertex -0.00420657 -0.0942 0.00461741
         vertex -0.00420657 -0.095 0.00461741
      endloop
   endfacet
   facet normal -0.382683 6.4107e-16 -0.92388
      outer loop
         vertex -0.00496424 -0.0942 0.00537508
         vertex -0.00451005 -0.0942 0.0050716
         vertex -0.00451005 -0.095 0.0050716
      endloop
   endfacet
   facet normal 0 6.19544e-16 -1
      outer loop
         vertex -0.0055 -0.0942 0.00548165
         vertex -0.00496424 -0.0942 0.00537508
         vertex -0.00496424 -0.095 0.00537508
      endloop
   endfacet
   facet normal -0.382683 6.4107e-16 -0.92388
      outer loop
         vertex -0.00496424 -0.095 0.00537508
         vertex -0.0055 -0.095 0.00548165
         vertex -0.0055 -0.0942 0.00548165
      endloop
   endfacet
   facet normal -0.707107 4.90654e-16 -0.707107
      outer loop
         vertex -0.00451005 -0.095 0.0050716
         vertex -0.00496424 -0.095 0.00537508
         vertex -0.00496424 -0.0942 0.00537508
      endloop
   endfacet
   facet normal -0.92388 2.6554e-16 -0.382683
      outer loop
         vertex -0.00420657 -0.095 0.00461741
         vertex -0.00451005 -0.095 0.0050716
         vertex -0.00451005 -0.0942 0.0050716
      endloop
   endfacet
   facet normal -1 4.24885e-32 -6.12323e-17
      outer loop
         vertex -0.0041 -0.095 0.00408165
         vertex -0.00420657 -0.095 0.00461741
         vertex -0.00420657 -0.0942 0.00461741
      endloop
   endfacet
   facet normal -0.92388 -2.6554e-16 0.382683
      outer loop
         vertex -0.00420657 -0.095 0.0035459
         vertex -0.0041 -0.095 0.00408165
         vertex -0.0041 -0.0942 0.00408165
      endloop
   endfacet
   facet normal -0.707107 -4.90654e-16 0.707107
      outer loop
         vertex -0.00451005 -0.095 0.0030917
         vertex -0.00420657 -0.095 0.0035459
         vertex -0.00420657 -0.0942 0.0035459
      endloop
   endfacet
   facet normal -0.382683 -6.4107e-16 0.92388
      outer loop
         vertex -0.00496424 -0.095 0.00278822
         vertex -0.00451005 -0.095 0.0030917
         vertex -0.00451005 -0.0942 0.0030917
      endloop
   endfacet
   facet normal -1.22465e-16 -6.93889e-16 1
      outer loop
         vertex -0.0055 -0.095 0.00268165
         vertex -0.00496424 -0.095 0.00278822
         vertex -0.00496424 -0.0942 0.00278822
      endloop
   endfacet
   facet normal 0.382683 -6.4107e-16 0.92388
      outer loop
         vertex -0.00603576 -0.095 0.00278822
         vertex -0.0055 -0.095 0.00268165
         vertex -0.0055 -0.0942 0.00268165
      endloop
   endfacet
   facet normal 0.707107 -4.90654e-16 0.707107
      outer loop
         vertex -0.00648995 -0.095 0.0030917
         vertex -0.00603576 -0.095 0.00278822
         vertex -0.00603576 -0.0942 0.00278822
      endloop
   endfacet
   facet normal 0.92388 -2.6554e-16 0.382683
      outer loop
         vertex -0.00679343 -0.095 0.0035459
         vertex -0.00648995 -0.095 0.0030917
         vertex -0.00648995 -0.0942 0.0030917
      endloop
   endfacet
   facet normal 1 -1.27465e-31 1.83697e-16
      outer loop
         vertex -0.0069 -0.095 0.00408165
         vertex -0.00679343 -0.095 0.0035459
         vertex -0.00679343 -0.0942 0.0035459
      endloop
   endfacet
   facet normal 0.92388 2.6554e-16 -0.382683
      outer loop
         vertex -0.00679343 -0.095 0.00461741
         vertex -0.0069 -0.095 0.00408165
         vertex -0.0069 -0.0942 0.00408165
      endloop
   endfacet
   facet normal 0.707107 4.90654e-16 -0.707107
      outer loop
         vertex -0.00648995 -0.095 0.0050716
         vertex -0.00679343 -0.095 0.00461741
         vertex -0.00679343 -0.0942 0.00461741
      endloop
   endfacet
   facet normal 0.382683 6.4107e-16 -0.92388
      outer loop
         vertex -0.00603576 -0.095 0.00537508
         vertex -0.00648995 -0.095 0.0050716
         vertex -0.00648995 -0.0942 0.0050716
      endloop
   endfacet
   facet normal 0 6.19544e-16 -1
      outer loop
         vertex -0.0055 -0.095 0.00548165
         vertex -0.00603576 -0.095 0.00537508
         vertex -0.00603576 -0.0942 0.00537508
      endloop
   endfacet
   facet normal 0 -1 -6.93889e-16
      outer loop
         vertex -0.00420657 -0.0942 0.00461741
         vertex -0.00462231 -0.0942 0.0044452
         vertex -0.00455 -0.0942 0.00408165
      endloop
   endfacet
   facet normal 0 -1 -6.93889e-16
      outer loop
         vertex -0.00420657 -0.0942 0.00461741
         vertex -0.00451005 -0.0942 0.0050716
         vertex -0.00482825 -0.0942 0.0047534
      endloop
   endfacet
   facet normal 0 -1 -6.93889e-16
      outer loop
         vertex -0.00496424 -0.0942 0.00537508
         vertex -0.00513645 -0.0942 0.00495934
         vertex -0.00482825 -0.0942 0.0047534
      endloop
   endfacet
   facet normal 0 -1 -6.93889e-16
      outer loop
         vertex -0.00496424 -0.0942 0.00537508
         vertex -0.0055 -0.0942 0.00548165
         vertex -0.0055 -0.0942 0.00503165
      endloop
   endfacet
   facet normal 0 -1 -6.93889e-16
      outer loop
         vertex -0.00603576 -0.0942 0.00537508
         vertex -0.00586355 -0.0942 0.00495934
         vertex -0.0055 -0.0942 0.00503165
      endloop
   endfacet
   facet normal 0 -1 -6.93889e-16
      outer loop
         vertex -0.00648995 -0.0942 0.0050716
         vertex -0.00617175 -0.0942 0.0047534
         vertex -0.00586355 -0.0942 0.00495934
      endloop
   endfacet
   facet normal 0 -1 -6.93889e-16
      outer loop
         vertex -0.00679343 -0.0942 0.00461741
         vertex -0.00637769 -0.0942 0.0044452
         vertex -0.00617175 -0.0942 0.0047534
      endloop
   endfacet
   facet normal 0 -1 -6.93889e-16
      outer loop
         vertex -0.00679343 -0.0942 0.00461741
         vertex -0.0069 -0.0942 0.00408165
         vertex -0.00645 -0.0942 0.00408165
      endloop
   endfacet
   facet normal 0 -1 -6.93889e-16
      outer loop
         vertex -0.00482825 -0.0942 0.0047534
         vertex -0.00462231 -0.0942 0.0044452
         vertex -0.00420657 -0.0942 0.00461741
      endloop
   endfacet
   facet normal 0 -1 -6.93889e-16
      outer loop
         vertex -0.0055 -0.0942 0.00503165
         vertex -0.00513645 -0.0942 0.00495934
         vertex -0.00496424 -0.0942 0.00537508
      endloop
   endfacet
   facet normal 0 -1 -6.93889e-16
      outer loop
         vertex -0.00586355 -0.0942 0.00495934
         vertex -0.00603576 -0.0942 0.00537508
         vertex -0.00648995 -0.0942 0.0050716
      endloop
   endfacet
   facet normal 0 -1 -6.93889e-16
      outer loop
         vertex -0.00645 -0.0942 0.00408165
         vertex -0.00637769 -0.0942 0.0044452
         vertex -0.00679343 -0.0942 0.00461741
      endloop
   endfacet
   facet normal 0 -1 -6.93889e-16
      outer loop
         vertex -0.00679343 -0.0942 0.0035459
         vertex -0.00637769 -0.0942 0.0037181
         vertex -0.00645 -0.0942 0.00408165
      endloop
   endfacet
   facet normal 0 -1 -6.93889e-16
      outer loop
         vertex -0.00648995 -0.0942 0.0030917
         vertex -0.00617175 -0.0942 0.0034099
         vertex -0.00637769 -0.0942 0.0037181
      endloop
   endfacet
   facet normal 0 -1 -6.93889e-16
      outer loop
         vertex -0.00603576 -0.0942 0.00278822
         vertex -0.00586355 -0.0942 0.00320397
         vertex -0.00617175 -0.0942 0.0034099
      endloop
   endfacet
   facet normal 0 -1 -6.93889e-16
      outer loop
         vertex -0.00603576 -0.0942 0.00278822
         vertex -0.0055 -0.0942 0.00268165
         vertex -0.0055 -0.0942 0.00313165
      endloop
   endfacet
   facet normal 0 -1 -6.93889e-16
      outer loop
         vertex -0.00496424 -0.0942 0.00278822
         vertex -0.00513645 -0.0942 0.00320397
         vertex -0.0055 -0.0942 0.00313165
      endloop
   endfacet
   facet normal 0 -1 -6.93889e-16
      outer loop
         vertex -0.00451005 -0.0942 0.0030917
         vertex -0.00482825 -0.0942 0.0034099
         vertex -0.00513645 -0.0942 0.00320397
      endloop
   endfacet
   facet normal 0 -1 -6.93889e-16
      outer loop
         vertex -0.00420657 -0.0942 0.0035459
         vertex -0.00462231 -0.0942 0.0037181
         vertex -0.00482825 -0.0942 0.0034099
      endloop
   endfacet
   facet normal 0 -1 -6.93889e-16
      outer loop
         vertex -0.00420657 -0.0942 0.0035459
         vertex -0.0041 -0.0942 0.00408165
         vertex -0.00455 -0.0942 0.00408165
      endloop
   endfacet
   facet normal 0 -1 -6.93889e-16
      outer loop
         vertex -0.00482825 -0.0942 0.0047534
         vertex -0.00451005 -0.0942 0.0050716
         vertex -0.00496424 -0.0942 0.00537508
      endloop
   endfacet
   facet normal 0 -1 -6.93889e-16
      outer loop
         vertex -0.00617175 -0.0942 0.0047534
         vertex -0.00648995 -0.0942 0.0050716
         vertex -0.00679343 -0.0942 0.00461741
      endloop
   endfacet
   facet normal 0 -1 -6.93889e-16
      outer loop
         vertex -0.00637769 -0.0942 0.0037181
         vertex -0.00679343 -0.0942 0.0035459
         vertex -0.00648995 -0.0942 0.0030917
      endloop
   endfacet
   facet normal 0 -1 -6.93889e-16
      outer loop
         vertex -0.0055 -0.0942 0.00313165
         vertex -0.00586355 -0.0942 0.00320397
         vertex -0.00603576 -0.0942 0.00278822
      endloop
   endfacet
   facet normal 0 -1 -6.93889e-16
      outer loop
         vertex -0.00513645 -0.0942 0.00320397
         vertex -0.00496424 -0.0942 0.00278822
         vertex -0.00451005 -0.0942 0.0030917
      endloop
   endfacet
   facet normal 0 -1 -6.93889e-16
      outer loop
         vertex -0.00455 -0.0942 0.00408165
         vertex -0.00462231 -0.0942 0.0037181
         vertex -0.00420657 -0.0942 0.0035459
      endloop
   endfacet
   facet normal 0 -1 -6.93889e-16
      outer loop
         vertex -0.0055 -0.0942 0.00503165
         vertex -0.0055 -0.0942 0.00548165
         vertex -0.00603576 -0.0942 0.00537508
      endloop
   endfacet
   facet normal 0 -1 -6.93889e-16
      outer loop
         vertex -0.00617175 -0.0942 0.0034099
         vertex -0.00648995 -0.0942 0.0030917
         vertex -0.00603576 -0.0942 0.00278822
      endloop
   endfacet
   facet normal 0 -1 -6.93889e-16
      outer loop
         vertex -0.00482825 -0.0942 0.0034099
         vertex -0.00451005 -0.0942 0.0030917
         vertex -0.00420657 -0.0942 0.0035459
      endloop
   endfacet
   facet normal 0 -1 -6.93889e-16
      outer loop
         vertex -0.00645 -0.0942 0.00408165
         vertex -0.0069 -0.0942 0.00408165
         vertex -0.00679343 -0.0942 0.0035459
      endloop
   endfacet
   facet normal 0 -1 -6.93889e-16
      outer loop
         vertex -0.00455 -0.0942 0.00408165
         vertex -0.0041 -0.0942 0.00408165
         vertex -0.00420657 -0.0942 0.00461741
      endloop
   endfacet
   facet normal 0 -1 -6.93889e-16
      outer loop
         vertex -0.0055 -0.0942 0.00313165
         vertex -0.0055 -0.0942 0.00268165
         vertex -0.00496424 -0.0942 0.00278822
      endloop
   endfacet
   facet normal 0.382683 6.4107e-16 -0.92388
      outer loop
         vertex -0.00586355 -0.088 0.00495934
         vertex -0.0055 -0.088 0.00503165
         vertex -0.0055 -0.0942 0.00503165
      endloop
   endfacet
   facet normal 0.707107 4.90654e-16 -0.707107
      outer loop
         vertex -0.00617175 -0.088 0.0047534
         vertex -0.00586355 -0.088 0.00495934
         vertex -0.00586355 -0.0942 0.00495934
      endloop
   endfacet
   facet normal 0.92388 2.6554e-16 -0.382683
      outer loop
         vertex -0.00637769 -0.088 0.0044452
         vertex -0.00617175 -0.088 0.0047534
         vertex -0.00617175 -0.0942 0.0047534
      endloop
   endfacet
   facet normal 1 -1.27465e-31 1.83697e-16
      outer loop
         vertex -0.00645 -0.088 0.00408165
         vertex -0.00637769 -0.088 0.0044452
         vertex -0.00637769 -0.0942 0.0044452
      endloop
   endfacet
   facet normal 0.92388 -2.6554e-16 0.382683
      outer loop
         vertex -0.00637769 -0.088 0.0037181
         vertex -0.00645 -0.088 0.00408165
         vertex -0.00645 -0.0942 0.00408165
      endloop
   endfacet
   facet normal 0.707107 -4.90654e-16 0.707107
      outer loop
         vertex -0.00617175 -0.088 0.0034099
         vertex -0.00637769 -0.088 0.0037181
         vertex -0.00637769 -0.0942 0.0037181
      endloop
   endfacet
   facet normal 0.382683 -6.4107e-16 0.92388
      outer loop
         vertex -0.00586355 -0.088 0.00320397
         vertex -0.00617175 -0.088 0.0034099
         vertex -0.00617175 -0.0942 0.0034099
      endloop
   endfacet
   facet normal -1.22465e-16 -6.93889e-16 1
      outer loop
         vertex -0.0055 -0.088 0.00313165
         vertex -0.00586355 -0.088 0.00320397
         vertex -0.00586355 -0.0942 0.00320397
      endloop
   endfacet
   facet normal -0.382683 -6.4107e-16 0.92388
      outer loop
         vertex -0.00513645 -0.088 0.00320397
         vertex -0.0055 -0.088 0.00313165
         vertex -0.0055 -0.0942 0.00313165
      endloop
   endfacet
   facet normal -0.707107 -4.90654e-16 0.707107
      outer loop
         vertex -0.00482825 -0.088 0.0034099
         vertex -0.00513645 -0.088 0.00320397
         vertex -0.00513645 -0.0942 0.00320397
      endloop
   endfacet
   facet normal -0.92388 -2.6554e-16 0.382683
      outer loop
         vertex -0.00462231 -0.088 0.0037181
         vertex -0.00482825 -0.088 0.0034099
         vertex -0.00482825 -0.0942 0.0034099
      endloop
   endfacet
   facet normal -1 1.96563e-31 -2.83277e-16
      outer loop
         vertex -0.00455 -0.088 0.00408165
         vertex -0.00462231 -0.088 0.0037181
         vertex -0.00462231 -0.0942 0.0037181
      endloop
   endfacet
   facet normal -0.92388 2.6554e-16 -0.382683
      outer loop
         vertex -0.00462231 -0.088 0.0044452
         vertex -0.00455 -0.088 0.00408165
         vertex -0.00455 -0.0942 0.00408165
      endloop
   endfacet
   facet normal -0.707107 4.90654e-16 -0.707107
      outer loop
         vertex -0.00482825 -0.088 0.0047534
         vertex -0.00462231 -0.088 0.0044452
         vertex -0.00462231 -0.0942 0.0044452
      endloop
   endfacet
   facet normal -0.382683 6.4107e-16 -0.92388
      outer loop
         vertex -0.00513645 -0.088 0.00495934
         vertex -0.00482825 -0.088 0.0047534
         vertex -0.00482825 -0.0942 0.0047534
      endloop
   endfacet
   facet normal 0 0 -1
      outer loop
         vertex -0.0055 -0.088 0.00503165
         vertex -0.00513645 -0.088 0.00495934
         vertex -0.00513645 -0.0942 0.00495934
      endloop
   endfacet
   facet normal -0.382683 6.4107e-16 -0.92388
      outer loop
         vertex -0.00513645 -0.0942 0.00495934
         vertex -0.0055 -0.0942 0.00503165
         vertex -0.0055 -0.088 0.00503165
      endloop
   endfacet
   facet normal -0.707107 4.90654e-16 -0.707107
      outer loop
         vertex -0.00482825 -0.0942 0.0047534
         vertex -0.00513645 -0.0942 0.00495934
         vertex -0.00513645 -0.088 0.00495934
      endloop
   endfacet
   facet normal -0.92388 2.6554e-16 -0.382683
      outer loop
         vertex -0.00462231 -0.0942 0.0044452
         vertex -0.00482825 -0.0942 0.0047534
         vertex -0.00482825 -0.088 0.0047534
      endloop
   endfacet
   facet normal -1 1.96563e-31 -2.83277e-16
      outer loop
         vertex -0.00455 -0.0942 0.00408165
         vertex -0.00462231 -0.0942 0.0044452
         vertex -0.00462231 -0.088 0.0044452
      endloop
   endfacet
   facet normal -0.92388 -2.6554e-16 0.382683
      outer loop
         vertex -0.00462231 -0.0942 0.0037181
         vertex -0.00455 -0.0942 0.00408165
         vertex -0.00455 -0.088 0.00408165
      endloop
   endfacet
   facet normal -0.707107 -4.90654e-16 0.707107
      outer loop
         vertex -0.00482825 -0.0942 0.0034099
         vertex -0.00462231 -0.0942 0.0037181
         vertex -0.00462231 -0.088 0.0037181
      endloop
   endfacet
   facet normal -0.382683 -6.4107e-16 0.92388
      outer loop
         vertex -0.00513645 -0.0942 0.00320397
         vertex -0.00482825 -0.0942 0.0034099
         vertex -0.00482825 -0.088 0.0034099
      endloop
   endfacet
   facet normal -1.22465e-16 -6.93889e-16 1
      outer loop
         vertex -0.0055 -0.0942 0.00313165
         vertex -0.00513645 -0.0942 0.00320397
         vertex -0.00513645 -0.088 0.00320397
      endloop
   endfacet
   facet normal 0.382683 -6.4107e-16 0.92388
      outer loop
         vertex -0.00586355 -0.0942 0.00320397
         vertex -0.0055 -0.0942 0.00313165
         vertex -0.0055 -0.088 0.00313165
      endloop
   endfacet
   facet normal 0.707107 -4.90654e-16 0.707107
      outer loop
         vertex -0.00617175 -0.0942 0.0034099
         vertex -0.00586355 -0.0942 0.00320397
         vertex -0.00586355 -0.088 0.00320397
      endloop
   endfacet
   facet normal 0.92388 -2.6554e-16 0.382683
      outer loop
         vertex -0.00637769 -0.0942 0.0037181
         vertex -0.00617175 -0.0942 0.0034099
         vertex -0.00617175 -0.088 0.0034099
      endloop
   endfacet
   facet normal 1 -1.27465e-31 1.83697e-16
      outer loop
         vertex -0.00645 -0.0942 0.00408165
         vertex -0.00637769 -0.0942 0.0037181
         vertex -0.00637769 -0.088 0.0037181
      endloop
   endfacet
   facet normal 0.92388 2.6554e-16 -0.382683
      outer loop
         vertex -0.00637769 -0.0942 0.0044452
         vertex -0.00645 -0.0942 0.00408165
         vertex -0.00645 -0.088 0.00408165
      endloop
   endfacet
   facet normal 0.707107 4.90654e-16 -0.707107
      outer loop
         vertex -0.00617175 -0.0942 0.0047534
         vertex -0.00637769 -0.0942 0.0044452
         vertex -0.00637769 -0.088 0.0044452
      endloop
   endfacet
   facet normal 0.382683 6.4107e-16 -0.92388
      outer loop
         vertex -0.00586355 -0.0942 0.00495934
         vertex -0.00617175 -0.0942 0.0047534
         vertex -0.00617175 -0.088 0.0047534
      endloop
   endfacet
   facet normal 0 0 -1
      outer loop
         vertex -0.0055 -0.0942 0.00503165
         vertex -0.00586355 -0.0942 0.00495934
         vertex -0.00586355 -0.088 0.00495934
      endloop
   endfacet
   facet normal 0.100479 -0.857167 0.505142
      outer loop
         vertex -0.0055 -0.0874292 0.00408165
         vertex -0.00586355 -0.088 0.00320397
         vertex -0.0055 -0.088 0.00313165
      endloop
   endfacet
   facet normal 0.28614 -0.857167 0.428239
      outer loop
         vertex -0.0055 -0.0874292 0.00408165
         vertex -0.00617175 -0.088 0.0034099
         vertex -0.00586355 -0.088 0.00320397
      endloop
   endfacet
   facet normal 0.428239 -0.857167 0.28614
      outer loop
         vertex -0.0055 -0.0874292 0.00408165
         vertex -0.00637769 -0.088 0.0037181
         vertex -0.00617175 -0.088 0.0034099
      endloop
   endfacet
   facet normal 0.505142 -0.857167 0.100479
      outer loop
         vertex -0.0055 -0.0874292 0.00408165
         vertex -0.00645 -0.088 0.00408165
         vertex -0.00637769 -0.088 0.0037181
      endloop
   endfacet
   facet normal 0.505142 -0.857167 -0.100479
      outer loop
         vertex -0.0055 -0.0874292 0.00408165
         vertex -0.00637769 -0.088 0.0044452
         vertex -0.00645 -0.088 0.00408165
      endloop
   endfacet
   facet normal 0.428239 -0.857167 -0.28614
      outer loop
         vertex -0.0055 -0.0874292 0.00408165
         vertex -0.00617175 -0.088 0.0047534
         vertex -0.00637769 -0.088 0.0044452
      endloop
   endfacet
   facet normal 0.28614 -0.857167 -0.428239
      outer loop
         vertex -0.0055 -0.0874292 0.00408165
         vertex -0.00586355 -0.088 0.00495934
         vertex -0.00617175 -0.088 0.0047534
      endloop
   endfacet
   facet normal 0.100479 -0.857167 -0.505142
      outer loop
         vertex -0.0055 -0.0874292 0.00408165
         vertex -0.0055 -0.088 0.00503165
         vertex -0.00586355 -0.088 0.00495934
      endloop
   endfacet
   facet normal -0.100479 -0.857167 -0.505142
      outer loop
         vertex -0.0055 -0.0874292 0.00408165
         vertex -0.00513645 -0.088 0.00495934
         vertex -0.0055 -0.088 0.00503165
      endloop
   endfacet
   facet normal -0.28614 -0.857167 -0.428239
      outer loop
         vertex -0.0055 -0.0874292 0.00408165
         vertex -0.00482825 -0.088 0.0047534
         vertex -0.00513645 -0.088 0.00495934
      endloop
   endfacet
   facet normal -0.428239 -0.857167 -0.28614
      outer loop
         vertex -0.0055 -0.0874292 0.00408165
         vertex -0.00462231 -0.088 0.0044452
         vertex -0.00482825 -0.088 0.0047534
      endloop
   endfacet
   facet normal -0.505142 -0.857167 -0.100479
      outer loop
         vertex -0.0055 -0.0874292 0.00408165
         vertex -0.00455 -0.088 0.00408165
         vertex -0.00462231 -0.088 0.0044452
      endloop
   endfacet
   facet normal -0.505142 -0.857167 0.100479
      outer loop
         vertex -0.0055 -0.0874292 0.00408165
         vertex -0.00462231 -0.088 0.0037181
         vertex -0.00455 -0.088 0.00408165
      endloop
   endfacet
   facet normal -0.428239 -0.857167 0.28614
      outer loop
         vertex -0.0055 -0.0874292 0.00408165
         vertex -0.00482825 -0.088 0.0034099
         vertex -0.00462231 -0.088 0.0037181
      endloop
   endfacet
   facet normal -0.28614 -0.857167 0.428239
      outer loop
         vertex -0.0055 -0.0874292 0.00408165
         vertex -0.00513645 -0.088 0.00320397
         vertex -0.00482825 -0.088 0.0034099
      endloop
   endfacet
   facet normal -0.100479 -0.857167 0.505142
      outer loop
         vertex -0.0055 -0.0874292 0.00408165
         vertex -0.0055 -0.088 0.00313165
         vertex -0.00513645 -0.088 0.00320397
      endloop
   endfacet
   facet normal 0.382683 6.4107e-16 -0.92388
      outer loop
         vertex -0.00504702 -0.0942 -0.0248557
         vertex -0.00451126 -0.0942 -0.0247492
         vertex -0.00451126 -0.095 -0.0247492
      endloop
   endfacet
   facet normal 0.707107 4.90654e-16 -0.707107
      outer loop
         vertex -0.00550121 -0.0942 -0.0251592
         vertex -0.00504702 -0.0942 -0.0248557
         vertex -0.00504702 -0.095 -0.0248557
      endloop
   endfacet
   facet normal 0.92388 2.6554e-16 -0.382683
      outer loop
         vertex -0.0058047 -0.0942 -0.0256134
         vertex -0.00550121 -0.0942 -0.0251592
         vertex -0.00550121 -0.095 -0.0251592
      endloop
   endfacet
   facet normal 1 4.88832e-31 -7.04481e-16
      outer loop
         vertex -0.00591126 -0.0942 -0.0261492
         vertex -0.0058047 -0.0942 -0.0256134
         vertex -0.0058047 -0.095 -0.0256134
      endloop
   endfacet
   facet normal 0.92388 -2.6554e-16 0.382683
      outer loop
         vertex -0.0058047 -0.0942 -0.0266849
         vertex -0.00591126 -0.0942 -0.0261492
         vertex -0.00591126 -0.095 -0.0261492
      endloop
   endfacet
   facet normal 0.707107 -4.90654e-16 0.707107
      outer loop
         vertex -0.00550121 -0.0942 -0.0271391
         vertex -0.0058047 -0.0942 -0.0266849
         vertex -0.0058047 -0.095 -0.0266849
      endloop
   endfacet
   facet normal 0.382683 -6.4107e-16 0.92388
      outer loop
         vertex -0.00504702 -0.0942 -0.0274426
         vertex -0.00550121 -0.0942 -0.0271391
         vertex -0.00550121 -0.095 -0.0271391
      endloop
   endfacet
   facet normal -1.22465e-16 -6.93889e-16 1
      outer loop
         vertex -0.00451126 -0.0942 -0.0275492
         vertex -0.00504702 -0.0942 -0.0274426
         vertex -0.00504702 -0.095 -0.0274426
      endloop
   endfacet
   facet normal -0.382683 -6.4107e-16 0.92388
      outer loop
         vertex -0.00397551 -0.0942 -0.0274426
         vertex -0.00451126 -0.0942 -0.0275492
         vertex -0.00451126 -0.095 -0.0275492
      endloop
   endfacet
   facet normal -0.707107 -4.90654e-16 0.707107
      outer loop
         vertex -0.00352131 -0.0942 -0.0271391
         vertex -0.00397551 -0.0942 -0.0274426
         vertex -0.00397551 -0.095 -0.0274426
      endloop
   endfacet
   facet normal -0.92388 -2.6554e-16 0.382683
      outer loop
         vertex -0.00321783 -0.0942 -0.0266849
         vertex -0.00352131 -0.0942 -0.0271391
         vertex -0.00352131 -0.095 -0.0271391
      endloop
   endfacet
   facet normal -1 8.1286e-31 -1.17146e-15
      outer loop
         vertex -0.00311126 -0.0942 -0.0261492
         vertex -0.00321783 -0.0942 -0.0266849
         vertex -0.00321783 -0.095 -0.0266849
      endloop
   endfacet
   facet normal -0.92388 2.6554e-16 -0.382683
      outer loop
         vertex -0.00321783 -0.0942 -0.0256134
         vertex -0.00311126 -0.0942 -0.0261492
         vertex -0.00311126 -0.095 -0.0261492
      endloop
   endfacet
   facet normal -0.707107 4.90654e-16 -0.707107
      outer loop
         vertex -0.00352131 -0.0942 -0.0251592
         vertex -0.00321783 -0.0942 -0.0256134
         vertex -0.00321783 -0.095 -0.0256134
      endloop
   endfacet
   facet normal -0.382683 6.4107e-16 -0.92388
      outer loop
         vertex -0.00397551 -0.0942 -0.0248557
         vertex -0.00352131 -0.0942 -0.0251592
         vertex -0.00352131 -0.095 -0.0251592
      endloop
   endfacet
   facet normal 0 6.19544e-16 -1
      outer loop
         vertex -0.00451126 -0.0942 -0.0247492
         vertex -0.00397551 -0.0942 -0.0248557
         vertex -0.00397551 -0.095 -0.0248557
      endloop
   endfacet
   facet normal -0.382683 6.4107e-16 -0.92388
      outer loop
         vertex -0.00397551 -0.095 -0.0248557
         vertex -0.00451126 -0.095 -0.0247492
         vertex -0.00451126 -0.0942 -0.0247492
      endloop
   endfacet
   facet normal -0.707107 4.90654e-16 -0.707107
      outer loop
         vertex -0.00352131 -0.095 -0.0251592
         vertex -0.00397551 -0.095 -0.0248557
         vertex -0.00397551 -0.0942 -0.0248557
      endloop
   endfacet
   facet normal -0.92388 2.6554e-16 -0.382683
      outer loop
         vertex -0.00321783 -0.095 -0.0256134
         vertex -0.00352131 -0.095 -0.0251592
         vertex -0.00352131 -0.0942 -0.0251592
      endloop
   endfacet
   facet normal -1 8.1286e-31 -1.17146e-15
      outer loop
         vertex -0.00311126 -0.095 -0.0261492
         vertex -0.00321783 -0.095 -0.0256134
         vertex -0.00321783 -0.0942 -0.0256134
      endloop
   endfacet
   facet normal -0.92388 -2.6554e-16 0.382683
      outer loop
         vertex -0.00321783 -0.095 -0.0266849
         vertex -0.00311126 -0.095 -0.0261492
         vertex -0.00311126 -0.0942 -0.0261492
      endloop
   endfacet
   facet normal -0.707107 -4.90654e-16 0.707107
      outer loop
         vertex -0.00352131 -0.095 -0.0271391
         vertex -0.00321783 -0.095 -0.0266849
         vertex -0.00321783 -0.0942 -0.0266849
      endloop
   endfacet
   facet normal -0.382683 -6.4107e-16 0.92388
      outer loop
         vertex -0.00397551 -0.095 -0.0274426
         vertex -0.00352131 -0.095 -0.0271391
         vertex -0.00352131 -0.0942 -0.0271391
      endloop
   endfacet
   facet normal -1.22465e-16 -6.93889e-16 1
      outer loop
         vertex -0.00451126 -0.095 -0.0275492
         vertex -0.00397551 -0.095 -0.0274426
         vertex -0.00397551 -0.0942 -0.0274426
      endloop
   endfacet
   facet normal 0.382683 -6.4107e-16 0.92388
      outer loop
         vertex -0.00504702 -0.095 -0.0274426
         vertex -0.00451126 -0.095 -0.0275492
         vertex -0.00451126 -0.0942 -0.0275492
      endloop
   endfacet
   facet normal 0.707107 -4.90654e-16 0.707107
      outer loop
         vertex -0.00550121 -0.095 -0.0271391
         vertex -0.00504702 -0.095 -0.0274426
         vertex -0.00504702 -0.0942 -0.0274426
      endloop
   endfacet
   facet normal 0.92388 -2.6554e-16 0.382683
      outer loop
         vertex -0.0058047 -0.095 -0.0266849
         vertex -0.00550121 -0.095 -0.0271391
         vertex -0.00550121 -0.0942 -0.0271391
      endloop
   endfacet
   facet normal 1 4.88832e-31 -7.04481e-16
      outer loop
         vertex -0.00591126 -0.095 -0.0261492
         vertex -0.0058047 -0.095 -0.0266849
         vertex -0.0058047 -0.0942 -0.0266849
      endloop
   endfacet
   facet normal 0.92388 2.6554e-16 -0.382683
      outer loop
         vertex -0.0058047 -0.095 -0.0256134
         vertex -0.00591126 -0.095 -0.0261492
         vertex -0.00591126 -0.0942 -0.0261492
      endloop
   endfacet
   facet normal 0.707107 4.90654e-16 -0.707107
      outer loop
         vertex -0.00550121 -0.095 -0.0251592
         vertex -0.0058047 -0.095 -0.0256134
         vertex -0.0058047 -0.0942 -0.0256134
      endloop
   endfacet
   facet normal 0.382683 6.4107e-16 -0.92388
      outer loop
         vertex -0.00504702 -0.095 -0.0248557
         vertex -0.00550121 -0.095 -0.0251592
         vertex -0.00550121 -0.0942 -0.0251592
      endloop
   endfacet
   facet normal 0 6.19544e-16 -1
      outer loop
         vertex -0.00451126 -0.095 -0.0247492
         vertex -0.00504702 -0.095 -0.0248557
         vertex -0.00504702 -0.0942 -0.0248557
      endloop
   endfacet
   facet normal 0 -1 -6.93889e-16
      outer loop
         vertex -0.0058047 -0.0942 -0.0266849
         vertex -0.00538895 -0.0942 -0.0265127
         vertex -0.00546126 -0.0942 -0.0261492
      endloop
   endfacet
   facet normal 0 -1 -6.93889e-16
      outer loop
         vertex -0.0058047 -0.0942 -0.0266849
         vertex -0.00550121 -0.0942 -0.0271391
         vertex -0.00518302 -0.0942 -0.0268209
      endloop
   endfacet
   facet normal 0 -1 -6.93889e-16
      outer loop
         vertex -0.00311126 -0.0942 -0.0261492
         vertex -0.00356126 -0.0942 -0.0261492
         vertex -0.00363358 -0.0942 -0.0265127
      endloop
   endfacet
   facet normal 0 -1 -6.93889e-16
      outer loop
         vertex -0.00311126 -0.0942 -0.0261492
         vertex -0.00321783 -0.0942 -0.0256134
         vertex -0.00363358 -0.0942 -0.0257856
      endloop
   endfacet
   facet normal 0 -1 -6.93889e-16
      outer loop
         vertex -0.0058047 -0.0942 -0.0256134
         vertex -0.00538895 -0.0942 -0.0257856
         vertex -0.00518302 -0.0942 -0.0254774
      endloop
   endfacet
   facet normal 0 -1 -6.93889e-16
      outer loop
         vertex -0.0058047 -0.0942 -0.0256134
         vertex -0.00591126 -0.0942 -0.0261492
         vertex -0.00546126 -0.0942 -0.0261492
      endloop
   endfacet
   facet normal 0 -1 -6.93889e-16
      outer loop
         vertex -0.00518302 -0.0942 -0.0268209
         vertex -0.00538895 -0.0942 -0.0265127
         vertex -0.0058047 -0.0942 -0.0266849
      endloop
   endfacet
   facet normal 0 -1 -6.93889e-16
      outer loop
         vertex -0.00550121 -0.0942 -0.0271391
         vertex -0.00504702 -0.0942 -0.0274426
         vertex -0.00487481 -0.0942 -0.0270269
      endloop
   endfacet
   facet normal 0 -1 -6.93889e-16
      outer loop
         vertex -0.00321783 -0.0942 -0.0266849
         vertex -0.00363358 -0.0942 -0.0265127
         vertex -0.00383951 -0.0942 -0.0268209
      endloop
   endfacet
   facet normal 0 -1 -6.93889e-16
      outer loop
         vertex -0.00363358 -0.0942 -0.0257856
         vertex -0.00356126 -0.0942 -0.0261492
         vertex -0.00311126 -0.0942 -0.0261492
      endloop
   endfacet
   facet normal 0 -1 -6.93889e-16
      outer loop
         vertex -0.00321783 -0.0942 -0.0256134
         vertex -0.00352131 -0.0942 -0.0251592
         vertex -0.00383951 -0.0942 -0.0254774
      endloop
   endfacet
   facet normal 0 -1 -6.93889e-16
      outer loop
         vertex -0.00352131 -0.0942 -0.0251592
         vertex -0.00397551 -0.0942 -0.0248557
         vertex -0.00414771 -0.0942 -0.0252715
      endloop
   endfacet
   facet normal 0 -1 -6.93889e-16
      outer loop
         vertex -0.00451126 -0.0942 -0.0247492
         vertex -0.00451126 -0.0942 -0.0251992
         vertex -0.00414771 -0.0942 -0.0252715
      endloop
   endfacet
   facet normal 0 -1 -6.93889e-16
      outer loop
         vertex -0.00451126 -0.0942 -0.0247492
         vertex -0.00504702 -0.0942 -0.0248557
         vertex -0.00487481 -0.0942 -0.0252715
      endloop
   endfacet
   facet normal 0 -1 -6.93889e-16
      outer loop
         vertex -0.00546126 -0.0942 -0.0261492
         vertex -0.00538895 -0.0942 -0.0257856
         vertex -0.0058047 -0.0942 -0.0256134
      endloop
   endfacet
   facet normal 0 -1 -6.93889e-16
      outer loop
         vertex -0.00487481 -0.0942 -0.0270269
         vertex -0.00518302 -0.0942 -0.0268209
         vertex -0.00550121 -0.0942 -0.0271391
      endloop
   endfacet
   facet normal 0 -1 -6.93889e-16
      outer loop
         vertex -0.00451126 -0.0942 -0.0275492
         vertex -0.00397551 -0.0942 -0.0274426
         vertex -0.00414771 -0.0942 -0.0270269
      endloop
   endfacet
   facet normal 0 -1 -6.93889e-16
      outer loop
         vertex -0.00397551 -0.0942 -0.0274426
         vertex -0.00352131 -0.0942 -0.0271391
         vertex -0.00383951 -0.0942 -0.0268209
      endloop
   endfacet
   facet normal 0 -1 -6.93889e-16
      outer loop
         vertex -0.00363358 -0.0942 -0.0265127
         vertex -0.00321783 -0.0942 -0.0266849
         vertex -0.00311126 -0.0942 -0.0261492
      endloop
   endfacet
   facet normal 0 -1 -6.93889e-16
      outer loop
         vertex -0.00414771 -0.0942 -0.0252715
         vertex -0.00383951 -0.0942 -0.0254774
         vertex -0.00352131 -0.0942 -0.0251592
      endloop
   endfacet
   facet normal 0 -1 -6.93889e-16
      outer loop
         vertex -0.00487481 -0.0942 -0.0252715
         vertex -0.00451126 -0.0942 -0.0251992
         vertex -0.00451126 -0.0942 -0.0247492
      endloop
   endfacet
   facet normal 0 -1 -6.93889e-16
      outer loop
         vertex -0.00504702 -0.0942 -0.0248557
         vertex -0.00550121 -0.0942 -0.0251592
         vertex -0.00518302 -0.0942 -0.0254774
      endloop
   endfacet
   facet normal 0 -1 -6.93889e-16
      outer loop
         vertex -0.00546126 -0.0942 -0.0261492
         vertex -0.00591126 -0.0942 -0.0261492
         vertex -0.0058047 -0.0942 -0.0266849
      endloop
   endfacet
   facet normal 0 -1 -6.93889e-16
      outer loop
         vertex -0.00451126 -0.0942 -0.0275492
         vertex -0.00451126 -0.0942 -0.0270992
         vertex -0.00487481 -0.0942 -0.0270269
      endloop
   endfacet
   facet normal 0 -1 -6.93889e-16
      outer loop
         vertex -0.00383951 -0.0942 -0.0268209
         vertex -0.00414771 -0.0942 -0.0270269
         vertex -0.00397551 -0.0942 -0.0274426
      endloop
   endfacet
   facet normal 0 -1 -6.93889e-16
      outer loop
         vertex -0.00383951 -0.0942 -0.0254774
         vertex -0.00363358 -0.0942 -0.0257856
         vertex -0.00321783 -0.0942 -0.0256134
      endloop
   endfacet
   facet normal 0 -1 -6.93889e-16
      outer loop
         vertex -0.00518302 -0.0942 -0.0254774
         vertex -0.00487481 -0.0942 -0.0252715
         vertex -0.00504702 -0.0942 -0.0248557
      endloop
   endfacet
   facet normal 0 -1 -6.93889e-16
      outer loop
         vertex -0.00487481 -0.0942 -0.0270269
         vertex -0.00504702 -0.0942 -0.0274426
         vertex -0.00451126 -0.0942 -0.0275492
      endloop
   endfacet
   facet normal 0 -1 -6.93889e-16
      outer loop
         vertex -0.00383951 -0.0942 -0.0268209
         vertex -0.00352131 -0.0942 -0.0271391
         vertex -0.00321783 -0.0942 -0.0266849
      endloop
   endfacet
   facet normal 0 -1 -6.93889e-16
      outer loop
         vertex -0.00518302 -0.0942 -0.0254774
         vertex -0.00550121 -0.0942 -0.0251592
         vertex -0.0058047 -0.0942 -0.0256134
      endloop
   endfacet
   facet normal 0 -1 -6.93889e-16
      outer loop
         vertex -0.00414771 -0.0942 -0.0252715
         vertex -0.00397551 -0.0942 -0.0248557
         vertex -0.00451126 -0.0942 -0.0247492
      endloop
   endfacet
   facet normal 0 -1 -6.93889e-16
      outer loop
         vertex -0.00414771 -0.0942 -0.0270269
         vertex -0.00451126 -0.0942 -0.0270992
         vertex -0.00451126 -0.0942 -0.0275492
      endloop
   endfacet
   facet normal 0.382683 6.4107e-16 -0.92388
      outer loop
         vertex -0.00487481 -0.088 -0.0252715
         vertex -0.00451126 -0.088 -0.0251992
         vertex -0.00451126 -0.0942 -0.0251992
      endloop
   endfacet
   facet normal 0.707107 4.90654e-16 -0.707107
      outer loop
         vertex -0.00518302 -0.088 -0.0254774
         vertex -0.00487481 -0.088 -0.0252715
         vertex -0.00487481 -0.0942 -0.0252715
      endloop
   endfacet
   facet normal 0.92388 2.6554e-16 -0.382683
      outer loop
         vertex -0.00538895 -0.088 -0.0257856
         vertex -0.00518302 -0.088 -0.0254774
         vertex -0.00518302 -0.0942 -0.0254774
      endloop
   endfacet
   facet normal 1 4.88832e-31 -7.04481e-16
      outer loop
         vertex -0.00546126 -0.088 -0.0261492
         vertex -0.00538895 -0.088 -0.0257856
         vertex -0.00538895 -0.0942 -0.0257856
      endloop
   endfacet
   facet normal 0.92388 -2.6554e-16 0.382683
      outer loop
         vertex -0.00538895 -0.088 -0.0265127
         vertex -0.00546126 -0.088 -0.0261492
         vertex -0.00546126 -0.0942 -0.0261492
      endloop
   endfacet
   facet normal 0.707107 -4.90654e-16 0.707107
      outer loop
         vertex -0.00518302 -0.088 -0.0268209
         vertex -0.00538895 -0.088 -0.0265127
         vertex -0.00538895 -0.0942 -0.0265127
      endloop
   endfacet
   facet normal 0.382683 -6.4107e-16 0.92388
      outer loop
         vertex -0.00487481 -0.088 -0.0270269
         vertex -0.00518302 -0.088 -0.0268209
         vertex -0.00518302 -0.0942 -0.0268209
      endloop
   endfacet
   facet normal -1.22465e-16 -6.93889e-16 1
      outer loop
         vertex -0.00451126 -0.088 -0.0270992
         vertex -0.00487481 -0.088 -0.0270269
         vertex -0.00487481 -0.0942 -0.0270269
      endloop
   endfacet
   facet normal -0.382683 -6.4107e-16 0.92388
      outer loop
         vertex -0.00414771 -0.088 -0.0270269
         vertex -0.00451126 -0.088 -0.0270992
         vertex -0.00451126 -0.0942 -0.0270992
      endloop
   endfacet
   facet normal -0.707107 -4.90654e-16 0.707107
      outer loop
         vertex -0.00383951 -0.088 -0.0268209
         vertex -0.00414771 -0.088 -0.0270269
         vertex -0.00414771 -0.0942 -0.0270269
      endloop
   endfacet
   facet normal -0.92388 -2.6554e-16 0.382683
      outer loop
         vertex -0.00363358 -0.088 -0.0265127
         vertex -0.00383951 -0.088 -0.0268209
         vertex -0.00383951 -0.0942 -0.0268209
      endloop
   endfacet
   facet normal -1 8.1286e-31 -1.17146e-15
      outer loop
         vertex -0.00356126 -0.088 -0.0261492
         vertex -0.00363358 -0.088 -0.0265127
         vertex -0.00363358 -0.0942 -0.0265127
      endloop
   endfacet
   facet normal -0.92388 2.6554e-16 -0.382683
      outer loop
         vertex -0.00363358 -0.088 -0.0257856
         vertex -0.00356126 -0.088 -0.0261492
         vertex -0.00356126 -0.0942 -0.0261492
      endloop
   endfacet
   facet normal -0.707107 4.90654e-16 -0.707107
      outer loop
         vertex -0.00383951 -0.088 -0.0254774
         vertex -0.00363358 -0.088 -0.0257856
         vertex -0.00363358 -0.0942 -0.0257856
      endloop
   endfacet
   facet normal -0.382683 6.4107e-16 -0.92388
      outer loop
         vertex -0.00414771 -0.088 -0.0252715
         vertex -0.00383951 -0.088 -0.0254774
         vertex -0.00383951 -0.0942 -0.0254774
      endloop
   endfacet
   facet normal 0 0 -1
      outer loop
         vertex -0.00451126 -0.088 -0.0251992
         vertex -0.00414771 -0.088 -0.0252715
         vertex -0.00414771 -0.0942 -0.0252715
      endloop
   endfacet
   facet normal -0.382683 6.4107e-16 -0.92388
      outer loop
         vertex -0.00414771 -0.0942 -0.0252715
         vertex -0.00451126 -0.0942 -0.0251992
         vertex -0.00451126 -0.088 -0.0251992
      endloop
   endfacet
   facet normal -0.707107 4.90654e-16 -0.707107
      outer loop
         vertex -0.00383951 -0.0942 -0.0254774
         vertex -0.00414771 -0.0942 -0.0252715
         vertex -0.00414771 -0.088 -0.0252715
      endloop
   endfacet
   facet normal -0.92388 2.6554e-16 -0.382683
      outer loop
         vertex -0.00363358 -0.0942 -0.0257856
         vertex -0.00383951 -0.0942 -0.0254774
         vertex -0.00383951 -0.088 -0.0254774
      endloop
   endfacet
   facet normal -1 8.1286e-31 -1.17146e-15
      outer loop
         vertex -0.00356126 -0.0942 -0.0261492
         vertex -0.00363358 -0.0942 -0.0257856
         vertex -0.00363358 -0.088 -0.0257856
      endloop
   endfacet
   facet normal -0.92388 -2.6554e-16 0.382683
      outer loop
         vertex -0.00363358 -0.0942 -0.0265127
         vertex -0.00356126 -0.0942 -0.0261492
         vertex -0.00356126 -0.088 -0.0261492
      endloop
   endfacet
   facet normal -0.707107 -4.90654e-16 0.707107
      outer loop
         vertex -0.00383951 -0.0942 -0.0268209
         vertex -0.00363358 -0.0942 -0.0265127
         vertex -0.00363358 -0.088 -0.0265127
      endloop
   endfacet
   facet normal -0.382683 -6.4107e-16 0.92388
      outer loop
         vertex -0.00414771 -0.0942 -0.0270269
         vertex -0.00383951 -0.0942 -0.0268209
         vertex -0.00383951 -0.088 -0.0268209
      endloop
   endfacet
   facet normal -1.22465e-16 -6.93889e-16 1
      outer loop
         vertex -0.00451126 -0.0942 -0.0270992
         vertex -0.00414771 -0.0942 -0.0270269
         vertex -0.00414771 -0.088 -0.0270269
      endloop
   endfacet
   facet normal 0.382683 -6.4107e-16 0.92388
      outer loop
         vertex -0.00487481 -0.0942 -0.0270269
         vertex -0.00451126 -0.0942 -0.0270992
         vertex -0.00451126 -0.088 -0.0270992
      endloop
   endfacet
   facet normal 0.707107 -4.90654e-16 0.707107
      outer loop
         vertex -0.00518302 -0.0942 -0.0268209
         vertex -0.00487481 -0.0942 -0.0270269
         vertex -0.00487481 -0.088 -0.0270269
      endloop
   endfacet
   facet normal 0.92388 -2.6554e-16 0.382683
      outer loop
         vertex -0.00538895 -0.0942 -0.0265127
         vertex -0.00518302 -0.0942 -0.0268209
         vertex -0.00518302 -0.088 -0.0268209
      endloop
   endfacet
   facet normal 1 4.88832e-31 -7.04481e-16
      outer loop
         vertex -0.00546126 -0.0942 -0.0261492
         vertex -0.00538895 -0.0942 -0.0265127
         vertex -0.00538895 -0.088 -0.0265127
      endloop
   endfacet
   facet normal 0.92388 2.6554e-16 -0.382683
      outer loop
         vertex -0.00538895 -0.0942 -0.0257856
         vertex -0.00546126 -0.0942 -0.0261492
         vertex -0.00546126 -0.088 -0.0261492
      endloop
   endfacet
   facet normal 0.707107 4.90654e-16 -0.707107
      outer loop
         vertex -0.00518302 -0.0942 -0.0254774
         vertex -0.00538895 -0.0942 -0.0257856
         vertex -0.00538895 -0.088 -0.0257856
      endloop
   endfacet
   facet normal 0.382683 6.4107e-16 -0.92388
      outer loop
         vertex -0.00487481 -0.0942 -0.0252715
         vertex -0.00518302 -0.0942 -0.0254774
         vertex -0.00518302 -0.088 -0.0254774
      endloop
   endfacet
   facet normal 0 0 -1
      outer loop
         vertex -0.00451126 -0.0942 -0.0251992
         vertex -0.00487481 -0.0942 -0.0252715
         vertex -0.00487481 -0.088 -0.0252715
      endloop
   endfacet
   facet normal 0.100479 -0.857167 0.505142
      outer loop
         vertex -0.00451126 -0.0874292 -0.0261492
         vertex -0.00487481 -0.088 -0.0270269
         vertex -0.00451126 -0.088 -0.0270992
      endloop
   endfacet
   facet normal 0.28614 -0.857167 0.428239
      outer loop
         vertex -0.00451126 -0.0874292 -0.0261492
         vertex -0.00518302 -0.088 -0.0268209
         vertex -0.00487481 -0.088 -0.0270269
      endloop
   endfacet
   facet normal 0.428239 -0.857167 0.28614
      outer loop
         vertex -0.00451126 -0.0874292 -0.0261492
         vertex -0.00538895 -0.088 -0.0265127
         vertex -0.00518302 -0.088 -0.0268209
      endloop
   endfacet
   facet normal 0.505142 -0.857167 0.100479
      outer loop
         vertex -0.00451126 -0.0874292 -0.0261492
         vertex -0.00546126 -0.088 -0.0261492
         vertex -0.00538895 -0.088 -0.0265127
      endloop
   endfacet
   facet normal 0.505142 -0.857167 -0.100479
      outer loop
         vertex -0.00451126 -0.0874292 -0.0261492
         vertex -0.00538895 -0.088 -0.0257856
         vertex -0.00546126 -0.088 -0.0261492
      endloop
   endfacet
   facet normal 0.428239 -0.857167 -0.28614
      outer loop
         vertex -0.00451126 -0.0874292 -0.0261492
         vertex -0.00518302 -0.088 -0.0254774
         vertex -0.00538895 -0.088 -0.0257856
      endloop
   endfacet
   facet normal 0.28614 -0.857167 -0.428239
      outer loop
         vertex -0.00451126 -0.0874292 -0.0261492
         vertex -0.00487481 -0.088 -0.0252715
         vertex -0.00518302 -0.088 -0.0254774
      endloop
   endfacet
   facet normal 0.100479 -0.857167 -0.505142
      outer loop
         vertex -0.00451126 -0.0874292 -0.0261492
         vertex -0.00451126 -0.088 -0.0251992
         vertex -0.00487481 -0.088 -0.0252715
      endloop
   endfacet
   facet normal -0.100479 -0.857167 -0.505142
      outer loop
         vertex -0.00451126 -0.0874292 -0.0261492
         vertex -0.00414771 -0.088 -0.0252715
         vertex -0.00451126 -0.088 -0.0251992
      endloop
   endfacet
   facet normal -0.28614 -0.857167 -0.428239
      outer loop
         vertex -0.00451126 -0.0874292 -0.0261492
         vertex -0.00383951 -0.088 -0.0254774
         vertex -0.00414771 -0.088 -0.0252715
      endloop
   endfacet
   facet normal -0.428239 -0.857167 -0.28614
      outer loop
         vertex -0.00451126 -0.0874292 -0.0261492
         vertex -0.00363358 -0.088 -0.0257856
         vertex -0.00383951 -0.088 -0.0254774
      endloop
   endfacet
   facet normal -0.505142 -0.857167 -0.100479
      outer loop
         vertex -0.00451126 -0.0874292 -0.0261492
         vertex -0.00356126 -0.088 -0.0261492
         vertex -0.00363358 -0.088 -0.0257856
      endloop
   endfacet
   facet normal -0.505142 -0.857167 0.100479
      outer loop
         vertex -0.00451126 -0.0874292 -0.0261492
         vertex -0.00363358 -0.088 -0.0265127
         vertex -0.00356126 -0.088 -0.0261492
      endloop
   endfacet
   facet normal -0.428239 -0.857167 0.28614
      outer loop
         vertex -0.00451126 -0.0874292 -0.0261492
         vertex -0.00383951 -0.088 -0.0268209
         vertex -0.00363358 -0.088 -0.0265127
      endloop
   endfacet
   facet normal -0.28614 -0.857167 0.428239
      outer loop
         vertex -0.00451126 -0.0874292 -0.0261492
         vertex -0.00414771 -0.088 -0.0270269
         vertex -0.00383951 -0.088 -0.0268209
      endloop
   endfacet
   facet normal -0.100479 -0.857167 0.505142
      outer loop
         vertex -0.00451126 -0.0874292 -0.0261492
         vertex -0.00451126 -0.088 -0.0270992
         vertex -0.00414771 -0.088 -0.0270269
      endloop
   endfacet
   facet normal 0.382683 6.4107e-16 -0.92388
      outer loop
         vertex 0.0482493 -0.0942 -0.0246391
         vertex 0.0487851 -0.0942 -0.0245325
         vertex 0.0487851 -0.095 -0.0245325
      endloop
   endfacet
   facet normal 0.707107 4.90654e-16 -0.707107
      outer loop
         vertex 0.0477951 -0.0942 -0.0249425
         vertex 0.0482493 -0.0942 -0.0246391
         vertex 0.0482493 -0.095 -0.0246391
      endloop
   endfacet
   facet normal 0.92388 2.6554e-16 -0.382683
      outer loop
         vertex 0.0474917 -0.0942 -0.0253967
         vertex 0.0477951 -0.0942 -0.0249425
         vertex 0.0477951 -0.095 -0.0249425
      endloop
   endfacet
   facet normal 1 4.88832e-31 -7.04481e-16
      outer loop
         vertex 0.0473851 -0.0942 -0.0259325
         vertex 0.0474917 -0.0942 -0.0253967
         vertex 0.0474917 -0.095 -0.0253967
      endloop
   endfacet
   facet normal 0.92388 -2.6554e-16 0.382683
      outer loop
         vertex 0.0474917 -0.0942 -0.0264683
         vertex 0.0473851 -0.0942 -0.0259325
         vertex 0.0473851 -0.095 -0.0259325
      endloop
   endfacet
   facet normal 0.707107 -4.90654e-16 0.707107
      outer loop
         vertex 0.0477951 -0.0942 -0.0269224
         vertex 0.0474917 -0.0942 -0.0264683
         vertex 0.0474917 -0.095 -0.0264683
      endloop
   endfacet
   facet normal 0.382683 -6.4107e-16 0.92388
      outer loop
         vertex 0.0482493 -0.0942 -0.0272259
         vertex 0.0477951 -0.0942 -0.0269224
         vertex 0.0477951 -0.095 -0.0269224
      endloop
   endfacet
   facet normal -1.22465e-16 -6.93889e-16 1
      outer loop
         vertex 0.0487851 -0.0942 -0.0273325
         vertex 0.0482493 -0.0942 -0.0272259
         vertex 0.0482493 -0.095 -0.0272259
      endloop
   endfacet
   facet normal -0.382683 -6.4107e-16 0.92388
      outer loop
         vertex 0.0493208 -0.0942 -0.0272259
         vertex 0.0487851 -0.0942 -0.0273325
         vertex 0.0487851 -0.095 -0.0273325
      endloop
   endfacet
   facet normal -0.707107 -4.90654e-16 0.707107
      outer loop
         vertex 0.049775 -0.0942 -0.0269224
         vertex 0.0493208 -0.0942 -0.0272259
         vertex 0.0493208 -0.095 -0.0272259
      endloop
   endfacet
   facet normal -0.92388 -2.6554e-16 0.382683
      outer loop
         vertex 0.0500785 -0.0942 -0.0264683
         vertex 0.049775 -0.0942 -0.0269224
         vertex 0.049775 -0.095 -0.0269224
      endloop
   endfacet
   facet normal -1 8.1286e-31 -1.17146e-15
      outer loop
         vertex 0.0501851 -0.0942 -0.0259325
         vertex 0.0500785 -0.0942 -0.0264683
         vertex 0.0500785 -0.095 -0.0264683
      endloop
   endfacet
   facet normal -0.92388 2.6554e-16 -0.382683
      outer loop
         vertex 0.0500785 -0.0942 -0.0253967
         vertex 0.0501851 -0.0942 -0.0259325
         vertex 0.0501851 -0.095 -0.0259325
      endloop
   endfacet
   facet normal -0.707107 4.90654e-16 -0.707107
      outer loop
         vertex 0.049775 -0.0942 -0.0249425
         vertex 0.0500785 -0.0942 -0.0253967
         vertex 0.0500785 -0.095 -0.0253967
      endloop
   endfacet
   facet normal -0.382683 6.4107e-16 -0.92388
      outer loop
         vertex 0.0493208 -0.0942 -0.0246391
         vertex 0.049775 -0.0942 -0.0249425
         vertex 0.049775 -0.095 -0.0249425
      endloop
   endfacet
   facet normal 0 6.19544e-16 -1
      outer loop
         vertex 0.0487851 -0.0942 -0.0245325
         vertex 0.0493208 -0.0942 -0.0246391
         vertex 0.0493208 -0.095 -0.0246391
      endloop
   endfacet
   facet normal -0.382683 6.4107e-16 -0.92388
      outer loop
         vertex 0.0493208 -0.095 -0.0246391
         vertex 0.0487851 -0.095 -0.0245325
         vertex 0.0487851 -0.0942 -0.0245325
      endloop
   endfacet
   facet normal -0.707107 4.90654e-16 -0.707107
      outer loop
         vertex 0.049775 -0.095 -0.0249425
         vertex 0.0493208 -0.095 -0.0246391
         vertex 0.0493208 -0.0942 -0.0246391
      endloop
   endfacet
   facet normal -0.92388 2.6554e-16 -0.382683
      outer loop
         vertex 0.0500785 -0.095 -0.0253967
         vertex 0.049775 -0.095 -0.0249425
         vertex 0.049775 -0.0942 -0.0249425
      endloop
   endfacet
   facet normal -1 8.1286e-31 -1.17146e-15
      outer loop
         vertex 0.0501851 -0.095 -0.0259325
         vertex 0.0500785 -0.095 -0.0253967
         vertex 0.0500785 -0.0942 -0.0253967
      endloop
   endfacet
   facet normal -0.92388 -2.6554e-16 0.382683
      outer loop
         vertex 0.0500785 -0.095 -0.0264683
         vertex 0.0501851 -0.095 -0.0259325
         vertex 0.0501851 -0.0942 -0.0259325
      endloop
   endfacet
   facet normal -0.707107 -4.90654e-16 0.707107
      outer loop
         vertex 0.049775 -0.095 -0.0269224
         vertex 0.0500785 -0.095 -0.0264683
         vertex 0.0500785 -0.0942 -0.0264683
      endloop
   endfacet
   facet normal -0.382683 -6.4107e-16 0.92388
      outer loop
         vertex 0.0493208 -0.095 -0.0272259
         vertex 0.049775 -0.095 -0.0269224
         vertex 0.049775 -0.0942 -0.0269224
      endloop
   endfacet
   facet normal -1.22465e-16 -6.93889e-16 1
      outer loop
         vertex 0.0487851 -0.095 -0.0273325
         vertex 0.0493208 -0.095 -0.0272259
         vertex 0.0493208 -0.0942 -0.0272259
      endloop
   endfacet
   facet normal 0.382683 -6.4107e-16 0.92388
      outer loop
         vertex 0.0482493 -0.095 -0.0272259
         vertex 0.0487851 -0.095 -0.0273325
         vertex 0.0487851 -0.0942 -0.0273325
      endloop
   endfacet
   facet normal 0.707107 -4.90654e-16 0.707107
      outer loop
         vertex 0.0477951 -0.095 -0.0269224
         vertex 0.0482493 -0.095 -0.0272259
         vertex 0.0482493 -0.0942 -0.0272259
      endloop
   endfacet
   facet normal 0.92388 -2.6554e-16 0.382683
      outer loop
         vertex 0.0474917 -0.095 -0.0264683
         vertex 0.0477951 -0.095 -0.0269224
         vertex 0.0477951 -0.0942 -0.0269224
      endloop
   endfacet
   facet normal 1 4.88832e-31 -7.04481e-16
      outer loop
         vertex 0.0473851 -0.095 -0.0259325
         vertex 0.0474917 -0.095 -0.0264683
         vertex 0.0474917 -0.0942 -0.0264683
      endloop
   endfacet
   facet normal 0.92388 2.6554e-16 -0.382683
      outer loop
         vertex 0.0474917 -0.095 -0.0253967
         vertex 0.0473851 -0.095 -0.0259325
         vertex 0.0473851 -0.0942 -0.0259325
      endloop
   endfacet
   facet normal 0.707107 4.90654e-16 -0.707107
      outer loop
         vertex 0.0477951 -0.095 -0.0249425
         vertex 0.0474917 -0.095 -0.0253967
         vertex 0.0474917 -0.0942 -0.0253967
      endloop
   endfacet
   facet normal 0.382683 6.4107e-16 -0.92388
      outer loop
         vertex 0.0482493 -0.095 -0.0246391
         vertex 0.0477951 -0.095 -0.0249425
         vertex 0.0477951 -0.0942 -0.0249425
      endloop
   endfacet
   facet normal 0 6.19544e-16 -1
      outer loop
         vertex 0.0487851 -0.095 -0.0245325
         vertex 0.0482493 -0.095 -0.0246391
         vertex 0.0482493 -0.0942 -0.0246391
      endloop
   endfacet
   facet normal 0 -1 -6.93889e-16
      outer loop
         vertex 0.049775 -0.0942 -0.0269224
         vertex 0.0494568 -0.0942 -0.0266042
         vertex 0.0491486 -0.0942 -0.0268102
      endloop
   endfacet
   facet normal 0 -1 -6.93889e-16
      outer loop
         vertex 0.0500785 -0.0942 -0.0264683
         vertex 0.0496628 -0.0942 -0.026296
         vertex 0.0494568 -0.0942 -0.0266042
      endloop
   endfacet
   facet normal 0 -1 -6.93889e-16
      outer loop
         vertex 0.0501851 -0.0942 -0.0259325
         vertex 0.0497351 -0.0942 -0.0259325
         vertex 0.0496628 -0.0942 -0.026296
      endloop
   endfacet
   facet normal 0 -1 -6.93889e-16
      outer loop
         vertex 0.0501851 -0.0942 -0.0259325
         vertex 0.0500785 -0.0942 -0.0253967
         vertex 0.0496628 -0.0942 -0.0255689
      endloop
   endfacet
   facet normal 0 -1 -6.93889e-16
      outer loop
         vertex 0.0494568 -0.0942 -0.0266042
         vertex 0.049775 -0.0942 -0.0269224
         vertex 0.0500785 -0.0942 -0.0264683
      endloop
   endfacet
   facet normal 0 -1 -6.93889e-16
      outer loop
         vertex 0.0496628 -0.0942 -0.0255689
         vertex 0.0497351 -0.0942 -0.0259325
         vertex 0.0501851 -0.0942 -0.0259325
      endloop
   endfacet
   facet normal 0 -1 -6.93889e-16
      outer loop
         vertex 0.0500785 -0.0942 -0.0253967
         vertex 0.049775 -0.0942 -0.0249425
         vertex 0.0494568 -0.0942 -0.0252607
      endloop
   endfacet
   facet normal 0 -1 -6.93889e-16
      outer loop
         vertex 0.049775 -0.0942 -0.0249425
         vertex 0.0493208 -0.0942 -0.0246391
         vertex 0.0491486 -0.0942 -0.0250548
      endloop
   endfacet
   facet normal 0 -1 -6.93889e-16
      outer loop
         vertex 0.0474917 -0.0942 -0.0253967
         vertex 0.0479074 -0.0942 -0.0255689
         vertex 0.0481133 -0.0942 -0.0252607
      endloop
   endfacet
   facet normal 0 -1 -6.93889e-16
      outer loop
         vertex 0.0473851 -0.0942 -0.0259325
         vertex 0.0478351 -0.0942 -0.0259325
         vertex 0.0479074 -0.0942 -0.0255689
      endloop
   endfacet
   facet normal 0 -1 -6.93889e-16
      outer loop
         vertex 0.0496628 -0.0942 -0.026296
         vertex 0.0500785 -0.0942 -0.0264683
         vertex 0.0501851 -0.0942 -0.0259325
      endloop
   endfacet
   facet normal 0 -1 -6.93889e-16
      outer loop
         vertex 0.0491486 -0.0942 -0.0250548
         vertex 0.0494568 -0.0942 -0.0252607
         vertex 0.049775 -0.0942 -0.0249425
      endloop
   endfacet
   facet normal 0 -1 -6.93889e-16
      outer loop
         vertex 0.0487851 -0.0942 -0.0245325
         vertex 0.0482493 -0.0942 -0.0246391
         vertex 0.0484215 -0.0942 -0.0250548
      endloop
   endfacet
   facet normal 0 -1 -6.93889e-16
      outer loop
         vertex 0.0482493 -0.0942 -0.0246391
         vertex 0.0477951 -0.0942 -0.0249425
         vertex 0.0481133 -0.0942 -0.0252607
      endloop
   endfacet
   facet normal 0 -1 -6.93889e-16
      outer loop
         vertex 0.0479074 -0.0942 -0.0255689
         vertex 0.0474917 -0.0942 -0.0253967
         vertex 0.0473851 -0.0942 -0.0259325
      endloop
   endfacet
   facet normal 0 -1 -6.93889e-16
      outer loop
         vertex 0.0473851 -0.0942 -0.0259325
         vertex 0.0474917 -0.0942 -0.0264683
         vertex 0.0479074 -0.0942 -0.026296
      endloop
   endfacet
   facet normal 0 -1 -6.93889e-16
      outer loop
         vertex 0.0474917 -0.0942 -0.0264683
         vertex 0.0477951 -0.0942 -0.0269224
         vertex 0.0481133 -0.0942 -0.0266042
      endloop
   endfacet
   facet normal 0 -1 -6.93889e-16
      outer loop
         vertex 0.0477951 -0.0942 -0.0269224
         vertex 0.0482493 -0.0942 -0.0272259
         vertex 0.0484215 -0.0942 -0.0268102
      endloop
   endfacet
   facet normal 0 -1 -6.93889e-16
      outer loop
         vertex 0.0487851 -0.0942 -0.0273325
         vertex 0.0493208 -0.0942 -0.0272259
         vertex 0.0491486 -0.0942 -0.0268102
      endloop
   endfacet
   facet normal 0 -1 -6.93889e-16
      outer loop
         vertex 0.0494568 -0.0942 -0.0252607
         vertex 0.0496628 -0.0942 -0.0255689
         vertex 0.0500785 -0.0942 -0.0253967
      endloop
   endfacet
   facet normal 0 -1 -6.93889e-16
      outer loop
         vertex 0.0487851 -0.0942 -0.0245325
         vertex 0.0487851 -0.0942 -0.0249825
         vertex 0.0491486 -0.0942 -0.0250548
      endloop
   endfacet
   facet normal 0 -1 -6.93889e-16
      outer loop
         vertex 0.0481133 -0.0942 -0.0252607
         vertex 0.0484215 -0.0942 -0.0250548
         vertex 0.0482493 -0.0942 -0.0246391
      endloop
   endfacet
   facet normal 0 -1 -6.93889e-16
      outer loop
         vertex 0.0479074 -0.0942 -0.026296
         vertex 0.0478351 -0.0942 -0.0259325
         vertex 0.0473851 -0.0942 -0.0259325
      endloop
   endfacet
   facet normal 0 -1 -6.93889e-16
      outer loop
         vertex 0.0484215 -0.0942 -0.0268102
         vertex 0.0481133 -0.0942 -0.0266042
         vertex 0.0477951 -0.0942 -0.0269224
      endloop
   endfacet
   facet normal 0 -1 -6.93889e-16
      outer loop
         vertex 0.0491486 -0.0942 -0.0268102
         vertex 0.0493208 -0.0942 -0.0272259
         vertex 0.049775 -0.0942 -0.0269224
      endloop
   endfacet
   facet normal 0 -1 -6.93889e-16
      outer loop
         vertex 0.0484215 -0.0942 -0.0250548
         vertex 0.0487851 -0.0942 -0.0249825
         vertex 0.0487851 -0.0942 -0.0245325
      endloop
   endfacet
   facet normal 0 -1 -6.93889e-16
      outer loop
         vertex 0.0481133 -0.0942 -0.0266042
         vertex 0.0479074 -0.0942 -0.026296
         vertex 0.0474917 -0.0942 -0.0264683
      endloop
   endfacet
   facet normal 0 -1 -6.93889e-16
      outer loop
         vertex 0.0487851 -0.0942 -0.0273325
         vertex 0.0487851 -0.0942 -0.0268825
         vertex 0.0484215 -0.0942 -0.0268102
      endloop
   endfacet
   facet normal 0 -1 -6.93889e-16
      outer loop
         vertex 0.0491486 -0.0942 -0.0250548
         vertex 0.0493208 -0.0942 -0.0246391
         vertex 0.0487851 -0.0942 -0.0245325
      endloop
   endfacet
   facet normal 0 -1 -6.93889e-16
      outer loop
         vertex 0.0484215 -0.0942 -0.0268102
         vertex 0.0482493 -0.0942 -0.0272259
         vertex 0.0487851 -0.0942 -0.0273325
      endloop
   endfacet
   facet normal 0 -1 -6.93889e-16
      outer loop
         vertex 0.0481133 -0.0942 -0.0252607
         vertex 0.0477951 -0.0942 -0.0249425
         vertex 0.0474917 -0.0942 -0.0253967
      endloop
   endfacet
   facet normal 0 -1 -6.93889e-16
      outer loop
         vertex 0.0491486 -0.0942 -0.0268102
         vertex 0.0487851 -0.0942 -0.0268825
         vertex 0.0487851 -0.0942 -0.0273325
      endloop
   endfacet
   facet normal 0.382683 6.4107e-16 -0.92388
      outer loop
         vertex 0.0484215 -0.088 -0.0250548
         vertex 0.0487851 -0.088 -0.0249825
         vertex 0.0487851 -0.0942 -0.0249825
      endloop
   endfacet
   facet normal 0.707107 4.90654e-16 -0.707107
      outer loop
         vertex 0.0481133 -0.088 -0.0252607
         vertex 0.0484215 -0.088 -0.0250548
         vertex 0.0484215 -0.0942 -0.0250548
      endloop
   endfacet
   facet normal 0.92388 2.6554e-16 -0.382683
      outer loop
         vertex 0.0479074 -0.088 -0.0255689
         vertex 0.0481133 -0.088 -0.0252607
         vertex 0.0481133 -0.0942 -0.0252607
      endloop
   endfacet
   facet normal 1 4.88832e-31 -7.04481e-16
      outer loop
         vertex 0.0478351 -0.088 -0.0259325
         vertex 0.0479074 -0.088 -0.0255689
         vertex 0.0479074 -0.0942 -0.0255689
      endloop
   endfacet
   facet normal 0.92388 -2.6554e-16 0.382683
      outer loop
         vertex 0.0479074 -0.088 -0.026296
         vertex 0.0478351 -0.088 -0.0259325
         vertex 0.0478351 -0.0942 -0.0259325
      endloop
   endfacet
   facet normal 0.707107 -4.90654e-16 0.707107
      outer loop
         vertex 0.0481133 -0.088 -0.0266042
         vertex 0.0479074 -0.088 -0.026296
         vertex 0.0479074 -0.0942 -0.026296
      endloop
   endfacet
   facet normal 0.382683 -6.4107e-16 0.92388
      outer loop
         vertex 0.0484215 -0.088 -0.0268102
         vertex 0.0481133 -0.088 -0.0266042
         vertex 0.0481133 -0.0942 -0.0266042
      endloop
   endfacet
   facet normal -1.22465e-16 -6.93889e-16 1
      outer loop
         vertex 0.0487851 -0.088 -0.0268825
         vertex 0.0484215 -0.088 -0.0268102
         vertex 0.0484215 -0.0942 -0.0268102
      endloop
   endfacet
   facet normal -0.382683 -6.4107e-16 0.92388
      outer loop
         vertex 0.0491486 -0.088 -0.0268102
         vertex 0.0487851 -0.088 -0.0268825
         vertex 0.0487851 -0.0942 -0.0268825
      endloop
   endfacet
   facet normal -0.707107 -4.90654e-16 0.707107
      outer loop
         vertex 0.0494568 -0.088 -0.0266042
         vertex 0.0491486 -0.088 -0.0268102
         vertex 0.0491486 -0.0942 -0.0268102
      endloop
   endfacet
   facet normal -0.92388 -2.6554e-16 0.382683
      outer loop
         vertex 0.0496628 -0.088 -0.026296
         vertex 0.0494568 -0.088 -0.0266042
         vertex 0.0494568 -0.0942 -0.0266042
      endloop
   endfacet
   facet normal -1 8.1286e-31 -1.17146e-15
      outer loop
         vertex 0.0497351 -0.088 -0.0259325
         vertex 0.0496628 -0.088 -0.026296
         vertex 0.0496628 -0.0942 -0.026296
      endloop
   endfacet
   facet normal -0.92388 2.6554e-16 -0.382683
      outer loop
         vertex 0.0496628 -0.088 -0.0255689
         vertex 0.0497351 -0.088 -0.0259325
         vertex 0.0497351 -0.0942 -0.0259325
      endloop
   endfacet
   facet normal -0.707107 4.90654e-16 -0.707107
      outer loop
         vertex 0.0494568 -0.088 -0.0252607
         vertex 0.0496628 -0.088 -0.0255689
         vertex 0.0496628 -0.0942 -0.0255689
      endloop
   endfacet
   facet normal -0.382683 6.4107e-16 -0.92388
      outer loop
         vertex 0.0491486 -0.088 -0.0250548
         vertex 0.0494568 -0.088 -0.0252607
         vertex 0.0494568 -0.0942 -0.0252607
      endloop
   endfacet
   facet normal 0 0 -1
      outer loop
         vertex 0.0487851 -0.088 -0.0249825
         vertex 0.0491486 -0.088 -0.0250548
         vertex 0.0491486 -0.0942 -0.0250548
      endloop
   endfacet
   facet normal -0.382683 6.4107e-16 -0.92388
      outer loop
         vertex 0.0491486 -0.0942 -0.0250548
         vertex 0.0487851 -0.0942 -0.0249825
         vertex 0.0487851 -0.088 -0.0249825
      endloop
   endfacet
   facet normal -0.707107 4.90654e-16 -0.707107
      outer loop
         vertex 0.0494568 -0.0942 -0.0252607
         vertex 0.0491486 -0.0942 -0.0250548
         vertex 0.0491486 -0.088 -0.0250548
      endloop
   endfacet
   facet normal -0.92388 2.6554e-16 -0.382683
      outer loop
         vertex 0.0496628 -0.0942 -0.0255689
         vertex 0.0494568 -0.0942 -0.0252607
         vertex 0.0494568 -0.088 -0.0252607
      endloop
   endfacet
   facet normal -1 8.1286e-31 -1.17146e-15
      outer loop
         vertex 0.0497351 -0.0942 -0.0259325
         vertex 0.0496628 -0.0942 -0.0255689
         vertex 0.0496628 -0.088 -0.0255689
      endloop
   endfacet
   facet normal -0.92388 -2.6554e-16 0.382683
      outer loop
         vertex 0.0496628 -0.0942 -0.026296
         vertex 0.0497351 -0.0942 -0.0259325
         vertex 0.0497351 -0.088 -0.0259325
      endloop
   endfacet
   facet normal -0.707107 -4.90654e-16 0.707107
      outer loop
         vertex 0.0494568 -0.0942 -0.0266042
         vertex 0.0496628 -0.0942 -0.026296
         vertex 0.0496628 -0.088 -0.026296
      endloop
   endfacet
   facet normal -0.382683 -6.4107e-16 0.92388
      outer loop
         vertex 0.0491486 -0.0942 -0.0268102
         vertex 0.0494568 -0.0942 -0.0266042
         vertex 0.0494568 -0.088 -0.0266042
      endloop
   endfacet
   facet normal -1.22465e-16 -6.93889e-16 1
      outer loop
         vertex 0.0487851 -0.0942 -0.0268825
         vertex 0.0491486 -0.0942 -0.0268102
         vertex 0.0491486 -0.088 -0.0268102
      endloop
   endfacet
   facet normal 0.382683 -6.4107e-16 0.92388
      outer loop
         vertex 0.0484215 -0.0942 -0.0268102
         vertex 0.0487851 -0.0942 -0.0268825
         vertex 0.0487851 -0.088 -0.0268825
      endloop
   endfacet
   facet normal 0.707107 -4.90654e-16 0.707107
      outer loop
         vertex 0.0481133 -0.0942 -0.0266042
         vertex 0.0484215 -0.0942 -0.0268102
         vertex 0.0484215 -0.088 -0.0268102
      endloop
   endfacet
   facet normal 0.92388 -2.6554e-16 0.382683
      outer loop
         vertex 0.0479074 -0.0942 -0.026296
         vertex 0.0481133 -0.0942 -0.0266042
         vertex 0.0481133 -0.088 -0.0266042
      endloop
   endfacet
   facet normal 1 4.88832e-31 -7.04481e-16
      outer loop
         vertex 0.0478351 -0.0942 -0.0259325
         vertex 0.0479074 -0.0942 -0.026296
         vertex 0.0479074 -0.088 -0.026296
      endloop
   endfacet
   facet normal 0.92388 2.6554e-16 -0.382683
      outer loop
         vertex 0.0479074 -0.0942 -0.0255689
         vertex 0.0478351 -0.0942 -0.0259325
         vertex 0.0478351 -0.088 -0.0259325
      endloop
   endfacet
   facet normal 0.707107 4.90654e-16 -0.707107
      outer loop
         vertex 0.0481133 -0.0942 -0.0252607
         vertex 0.0479074 -0.0942 -0.0255689
         vertex 0.0479074 -0.088 -0.0255689
      endloop
   endfacet
   facet normal 0.382683 6.4107e-16 -0.92388
      outer loop
         vertex 0.0484215 -0.0942 -0.0250548
         vertex 0.0481133 -0.0942 -0.0252607
         vertex 0.0481133 -0.088 -0.0252607
      endloop
   endfacet
   facet normal 0 0 -1
      outer loop
         vertex 0.0487851 -0.0942 -0.0249825
         vertex 0.0484215 -0.0942 -0.0250548
         vertex 0.0484215 -0.088 -0.0250548
      endloop
   endfacet
   facet normal 0.100479 -0.857167 0.505142
      outer loop
         vertex 0.0487851 -0.0874292 -0.0259325
         vertex 0.0484215 -0.088 -0.0268102
         vertex 0.0487851 -0.088 -0.0268825
      endloop
   endfacet
   facet normal 0.28614 -0.857167 0.428239
      outer loop
         vertex 0.0487851 -0.0874292 -0.0259325
         vertex 0.0481133 -0.088 -0.0266042
         vertex 0.0484215 -0.088 -0.0268102
      endloop
   endfacet
   facet normal 0.428239 -0.857167 0.28614
      outer loop
         vertex 0.0487851 -0.0874292 -0.0259325
         vertex 0.0479074 -0.088 -0.026296
         vertex 0.0481133 -0.088 -0.0266042
      endloop
   endfacet
   facet normal 0.505142 -0.857167 0.100479
      outer loop
         vertex 0.0487851 -0.0874292 -0.0259325
         vertex 0.0478351 -0.088 -0.0259325
         vertex 0.0479074 -0.088 -0.026296
      endloop
   endfacet
   facet normal 0.505142 -0.857167 -0.100479
      outer loop
         vertex 0.0487851 -0.0874292 -0.0259325
         vertex 0.0479074 -0.088 -0.0255689
         vertex 0.0478351 -0.088 -0.0259325
      endloop
   endfacet
   facet normal 0.428239 -0.857167 -0.28614
      outer loop
         vertex 0.0487851 -0.0874292 -0.0259325
         vertex 0.0481133 -0.088 -0.0252607
         vertex 0.0479074 -0.088 -0.0255689
      endloop
   endfacet
   facet normal 0.28614 -0.857167 -0.428239
      outer loop
         vertex 0.0487851 -0.0874292 -0.0259325
         vertex 0.0484215 -0.088 -0.0250548
         vertex 0.0481133 -0.088 -0.0252607
      endloop
   endfacet
   facet normal 0.100479 -0.857167 -0.505142
      outer loop
         vertex 0.0487851 -0.0874292 -0.0259325
         vertex 0.0487851 -0.088 -0.0249825
         vertex 0.0484215 -0.088 -0.0250548
      endloop
   endfacet
   facet normal -0.100479 -0.857167 -0.505142
      outer loop
         vertex 0.0487851 -0.0874292 -0.0259325
         vertex 0.0491486 -0.088 -0.0250548
         vertex 0.0487851 -0.088 -0.0249825
      endloop
   endfacet
   facet normal -0.28614 -0.857167 -0.428239
      outer loop
         vertex 0.0487851 -0.0874292 -0.0259325
         vertex 0.0494568 -0.088 -0.0252607
         vertex 0.0491486 -0.088 -0.0250548
      endloop
   endfacet
   facet normal -0.428239 -0.857167 -0.28614
      outer loop
         vertex 0.0487851 -0.0874292 -0.0259325
         vertex 0.0496628 -0.088 -0.0255689
         vertex 0.0494568 -0.088 -0.0252607
      endloop
   endfacet
   facet normal -0.505142 -0.857167 -0.100479
      outer loop
         vertex 0.0487851 -0.0874292 -0.0259325
         vertex 0.0497351 -0.088 -0.0259325
         vertex 0.0496628 -0.088 -0.0255689
      endloop
   endfacet
   facet normal -0.505142 -0.857167 0.100479
      outer loop
         vertex 0.0487851 -0.0874292 -0.0259325
         vertex 0.0496628 -0.088 -0.026296
         vertex 0.0497351 -0.088 -0.0259325
      endloop
   endfacet
   facet normal -0.428239 -0.857167 0.28614
      outer loop
         vertex 0.0487851 -0.0874292 -0.0259325
         vertex 0.0494568 -0.088 -0.0266042
         vertex 0.0496628 -0.088 -0.026296
      endloop
   endfacet
   facet normal -0.28614 -0.857167 0.428239
      outer loop
         vertex 0.0487851 -0.0874292 -0.0259325
         vertex 0.0491486 -0.088 -0.0268102
         vertex 0.0494568 -0.088 -0.0266042
      endloop
   endfacet
   facet normal -0.100479 -0.857167 0.505142
      outer loop
         vertex 0.0487851 -0.0874292 -0.0259325
         vertex 0.0487851 -0.088 -0.0268825
         vertex 0.0491486 -0.088 -0.0268102
      endloop
   endfacet
   facet normal 0.382683 6.4107e-16 -0.92388
      outer loop
         vertex 0.0539642 -0.0942 0.00537508
         vertex 0.0545 -0.0942 0.00548165
         vertex 0.0545 -0.095 0.00548165
      endloop
   endfacet
   facet normal 0.707107 4.90654e-16 -0.707107
      outer loop
         vertex 0.0535101 -0.0942 0.0050716
         vertex 0.0539642 -0.0942 0.00537508
         vertex 0.0539642 -0.095 0.00537508
      endloop
   endfacet
   facet normal 0.92388 2.6554e-16 -0.382683
      outer loop
         vertex 0.0532066 -0.0942 0.00461741
         vertex 0.0535101 -0.0942 0.0050716
         vertex 0.0535101 -0.095 0.0050716
      endloop
   endfacet
   facet normal 1 -1.27465e-31 1.83697e-16
      outer loop
         vertex 0.0531 -0.0942 0.00408165
         vertex 0.0532066 -0.0942 0.00461741
         vertex 0.0532066 -0.095 0.00461741
      endloop
   endfacet
   facet normal 0.92388 -2.6554e-16 0.382683
      outer loop
         vertex 0.0532066 -0.0942 0.0035459
         vertex 0.0531 -0.0942 0.00408165
         vertex 0.0531 -0.095 0.00408165
      endloop
   endfacet
   facet normal 0.707107 -4.90654e-16 0.707107
      outer loop
         vertex 0.0535101 -0.0942 0.0030917
         vertex 0.0532066 -0.0942 0.0035459
         vertex 0.0532066 -0.095 0.0035459
      endloop
   endfacet
   facet normal 0.382683 -6.4107e-16 0.92388
      outer loop
         vertex 0.0539642 -0.0942 0.00278822
         vertex 0.0535101 -0.0942 0.0030917
         vertex 0.0535101 -0.095 0.0030917
      endloop
   endfacet
   facet normal -1.22465e-16 -6.93889e-16 1
      outer loop
         vertex 0.0545 -0.0942 0.00268165
         vertex 0.0539642 -0.0942 0.00278822
         vertex 0.0539642 -0.095 0.00278822
      endloop
   endfacet
   facet normal -0.382683 -6.4107e-16 0.92388
      outer loop
         vertex 0.0550358 -0.0942 0.00278822
         vertex 0.0545 -0.0942 0.00268165
         vertex 0.0545 -0.095 0.00268165
      endloop
   endfacet
   facet normal -0.707107 -4.90654e-16 0.707107
      outer loop
         vertex 0.0554899 -0.0942 0.0030917
         vertex 0.0550358 -0.0942 0.00278822
         vertex 0.0550358 -0.095 0.00278822
      endloop
   endfacet
   facet normal -0.92388 -2.6554e-16 0.382683
      outer loop
         vertex 0.0557934 -0.0942 0.0035459
         vertex 0.0554899 -0.0942 0.0030917
         vertex 0.0554899 -0.095 0.0030917
      endloop
   endfacet
   facet normal -1 4.24885e-32 -6.12323e-17
      outer loop
         vertex 0.0559 -0.0942 0.00408165
         vertex 0.0557934 -0.0942 0.0035459
         vertex 0.0557934 -0.095 0.0035459
      endloop
   endfacet
   facet normal -0.92388 2.6554e-16 -0.382683
      outer loop
         vertex 0.0557934 -0.0942 0.00461741
         vertex 0.0559 -0.0942 0.00408165
         vertex 0.0559 -0.095 0.00408165
      endloop
   endfacet
   facet normal -0.707107 4.90654e-16 -0.707107
      outer loop
         vertex 0.0554899 -0.0942 0.0050716
         vertex 0.0557934 -0.0942 0.00461741
         vertex 0.0557934 -0.095 0.00461741
      endloop
   endfacet
   facet normal -0.382683 6.4107e-16 -0.92388
      outer loop
         vertex 0.0550358 -0.0942 0.00537508
         vertex 0.0554899 -0.0942 0.0050716
         vertex 0.0554899 -0.095 0.0050716
      endloop
   endfacet
   facet normal 0 6.19544e-16 -1
      outer loop
         vertex 0.0545 -0.0942 0.00548165
         vertex 0.0550358 -0.0942 0.00537508
         vertex 0.0550358 -0.095 0.00537508
      endloop
   endfacet
   facet normal -0.382683 6.4107e-16 -0.92388
      outer loop
         vertex 0.0550358 -0.095 0.00537508
         vertex 0.0545 -0.095 0.00548165
         vertex 0.0545 -0.0942 0.00548165
      endloop
   endfacet
   facet normal -0.707107 4.90654e-16 -0.707107
      outer loop
         vertex 0.0554899 -0.095 0.0050716
         vertex 0.0550358 -0.095 0.00537508
         vertex 0.0550358 -0.0942 0.00537508
      endloop
   endfacet
   facet normal -0.92388 2.6554e-16 -0.382683
      outer loop
         vertex 0.0557934 -0.095 0.00461741
         vertex 0.0554899 -0.095 0.0050716
         vertex 0.0554899 -0.0942 0.0050716
      endloop
   endfacet
   facet normal -1 4.24885e-32 -6.12323e-17
      outer loop
         vertex 0.0559 -0.095 0.00408165
         vertex 0.0557934 -0.095 0.00461741
         vertex 0.0557934 -0.0942 0.00461741
      endloop
   endfacet
   facet normal -0.92388 -2.6554e-16 0.382683
      outer loop
         vertex 0.0557934 -0.095 0.0035459
         vertex 0.0559 -0.095 0.00408165
         vertex 0.0559 -0.0942 0.00408165
      endloop
   endfacet
   facet normal -0.707107 -4.90654e-16 0.707107
      outer loop
         vertex 0.0554899 -0.095 0.0030917
         vertex 0.0557934 -0.095 0.0035459
         vertex 0.0557934 -0.0942 0.0035459
      endloop
   endfacet
   facet normal -0.382683 -6.4107e-16 0.92388
      outer loop
         vertex 0.0550358 -0.095 0.00278822
         vertex 0.0554899 -0.095 0.0030917
         vertex 0.0554899 -0.0942 0.0030917
      endloop
   endfacet
   facet normal -1.22465e-16 -6.93889e-16 1
      outer loop
         vertex 0.0545 -0.095 0.00268165
         vertex 0.0550358 -0.095 0.00278822
         vertex 0.0550358 -0.0942 0.00278822
      endloop
   endfacet
   facet normal 0.382683 -6.4107e-16 0.92388
      outer loop
         vertex 0.0539642 -0.095 0.00278822
         vertex 0.0545 -0.095 0.00268165
         vertex 0.0545 -0.0942 0.00268165
      endloop
   endfacet
   facet normal 0.707107 -4.90654e-16 0.707107
      outer loop
         vertex 0.0535101 -0.095 0.0030917
         vertex 0.0539642 -0.095 0.00278822
         vertex 0.0539642 -0.0942 0.00278822
      endloop
   endfacet
   facet normal 0.92388 -2.6554e-16 0.382683
      outer loop
         vertex 0.0532066 -0.095 0.0035459
         vertex 0.0535101 -0.095 0.0030917
         vertex 0.0535101 -0.0942 0.0030917
      endloop
   endfacet
   facet normal 1 -1.27465e-31 1.83697e-16
      outer loop
         vertex 0.0531 -0.095 0.00408165
         vertex 0.0532066 -0.095 0.0035459
         vertex 0.0532066 -0.0942 0.0035459
      endloop
   endfacet
   facet normal 0.92388 2.6554e-16 -0.382683
      outer loop
         vertex 0.0532066 -0.095 0.00461741
         vertex 0.0531 -0.095 0.00408165
         vertex 0.0531 -0.0942 0.00408165
      endloop
   endfacet
   facet normal 0.707107 4.90654e-16 -0.707107
      outer loop
         vertex 0.0535101 -0.095 0.0050716
         vertex 0.0532066 -0.095 0.00461741
         vertex 0.0532066 -0.0942 0.00461741
      endloop
   endfacet
   facet normal 0.382683 6.4107e-16 -0.92388
      outer loop
         vertex 0.0539642 -0.095 0.00537508
         vertex 0.0535101 -0.095 0.0050716
         vertex 0.0535101 -0.0942 0.0050716
      endloop
   endfacet
   facet normal 0 6.19544e-16 -1
      outer loop
         vertex 0.0545 -0.095 0.00548165
         vertex 0.0539642 -0.095 0.00537508
         vertex 0.0539642 -0.0942 0.00537508
      endloop
   endfacet
   facet normal 0 -1 -6.93889e-16
      outer loop
         vertex 0.0559 -0.0942 0.00408165
         vertex 0.05545 -0.0942 0.00408165
         vertex 0.0553777 -0.0942 0.0037181
      endloop
   endfacet
   facet normal 0 -1 -6.93889e-16
      outer loop
         vertex 0.0559 -0.0942 0.00408165
         vertex 0.0557934 -0.0942 0.00461741
         vertex 0.0553777 -0.0942 0.0044452
      endloop
   endfacet
   facet normal 0 -1 -6.93889e-16
      outer loop
         vertex 0.0557934 -0.0942 0.0035459
         vertex 0.0553777 -0.0942 0.0037181
         vertex 0.0551718 -0.0942 0.0034099
      endloop
   endfacet
   facet normal 0 -1 -6.93889e-16
      outer loop
         vertex 0.0553777 -0.0942 0.0044452
         vertex 0.05545 -0.0942 0.00408165
         vertex 0.0559 -0.0942 0.00408165
      endloop
   endfacet
   facet normal 0 -1 -6.93889e-16
      outer loop
         vertex 0.0531 -0.0942 0.00408165
         vertex 0.05355 -0.0942 0.00408165
         vertex 0.0536223 -0.0942 0.0044452
      endloop
   endfacet
   facet normal 0 -1 -6.93889e-16
      outer loop
         vertex 0.0531 -0.0942 0.00408165
         vertex 0.0532066 -0.0942 0.0035459
         vertex 0.0536223 -0.0942 0.0037181
      endloop
   endfacet
   facet normal 0 -1 -6.93889e-16
      outer loop
         vertex 0.0553777 -0.0942 0.0037181
         vertex 0.0557934 -0.0942 0.0035459
         vertex 0.0559 -0.0942 0.00408165
      endloop
   endfacet
   facet normal 0 -1 -6.93889e-16
      outer loop
         vertex 0.0557934 -0.0942 0.00461741
         vertex 0.0554899 -0.0942 0.0050716
         vertex 0.0551718 -0.0942 0.0047534
      endloop
   endfacet
   facet normal 0 -1 -6.93889e-16
      outer loop
         vertex 0.0545 -0.0942 0.00548165
         vertex 0.0539642 -0.0942 0.00537508
         vertex 0.0541365 -0.0942 0.00495934
      endloop
   endfacet
   facet normal 0 -1 -6.93889e-16
      outer loop
         vertex 0.0539642 -0.0942 0.00537508
         vertex 0.0535101 -0.0942 0.0050716
         vertex 0.0538282 -0.0942 0.0047534
      endloop
   endfacet
   facet normal 0 -1 -6.93889e-16
      outer loop
         vertex 0.0532066 -0.0942 0.00461741
         vertex 0.0536223 -0.0942 0.0044452
         vertex 0.0538282 -0.0942 0.0047534
      endloop
   endfacet
   facet normal 0 -1 -6.93889e-16
      outer loop
         vertex 0.0536223 -0.0942 0.0037181
         vertex 0.05355 -0.0942 0.00408165
         vertex 0.0531 -0.0942 0.00408165
      endloop
   endfacet
   facet normal 0 -1 -6.93889e-16
      outer loop
         vertex 0.0551718 -0.0942 0.0047534
         vertex 0.0553777 -0.0942 0.0044452
         vertex 0.0557934 -0.0942 0.00461741
      endloop
   endfacet
   facet normal 0 -1 -6.93889e-16
      outer loop
         vertex 0.0554899 -0.0942 0.0050716
         vertex 0.0550358 -0.0942 0.00537508
         vertex 0.0548635 -0.0942 0.00495934
      endloop
   endfacet
   facet normal 0 -1 -6.93889e-16
      outer loop
         vertex 0.0550358 -0.0942 0.00537508
         vertex 0.0545 -0.0942 0.00548165
         vertex 0.0545 -0.0942 0.00503165
      endloop
   endfacet
   facet normal 0 -1 -6.93889e-16
      outer loop
         vertex 0.0538282 -0.0942 0.0047534
         vertex 0.0541365 -0.0942 0.00495934
         vertex 0.0539642 -0.0942 0.00537508
      endloop
   endfacet
   facet normal 0 -1 -6.93889e-16
      outer loop
         vertex 0.0536223 -0.0942 0.0044452
         vertex 0.0532066 -0.0942 0.00461741
         vertex 0.0531 -0.0942 0.00408165
      endloop
   endfacet
   facet normal 0 -1 -6.93889e-16
      outer loop
         vertex 0.0532066 -0.0942 0.0035459
         vertex 0.0535101 -0.0942 0.0030917
         vertex 0.0538282 -0.0942 0.0034099
      endloop
   endfacet
   facet normal 0 -1 -6.93889e-16
      outer loop
         vertex 0.0550358 -0.0942 0.00278822
         vertex 0.0548635 -0.0942 0.00320397
         vertex 0.0545 -0.0942 0.00313165
      endloop
   endfacet
   facet normal 0 -1 -6.93889e-16
      outer loop
         vertex 0.0554899 -0.0942 0.0030917
         vertex 0.0551718 -0.0942 0.0034099
         vertex 0.0548635 -0.0942 0.00320397
      endloop
   endfacet
   facet normal 0 -1 -6.93889e-16
      outer loop
         vertex 0.0548635 -0.0942 0.00495934
         vertex 0.0551718 -0.0942 0.0047534
         vertex 0.0554899 -0.0942 0.0050716
      endloop
   endfacet
   facet normal 0 -1 -6.93889e-16
      outer loop
         vertex 0.0541365 -0.0942 0.00495934
         vertex 0.0545 -0.0942 0.00503165
         vertex 0.0545 -0.0942 0.00548165
      endloop
   endfacet
   facet normal 0 -1 -6.93889e-16
      outer loop
         vertex 0.0538282 -0.0942 0.0034099
         vertex 0.0536223 -0.0942 0.0037181
         vertex 0.0532066 -0.0942 0.0035459
      endloop
   endfacet
   facet normal 0 -1 -6.93889e-16
      outer loop
         vertex 0.0535101 -0.0942 0.0030917
         vertex 0.0539642 -0.0942 0.00278822
         vertex 0.0541365 -0.0942 0.00320397
      endloop
   endfacet
   facet normal 0 -1 -6.93889e-16
      outer loop
         vertex 0.0548635 -0.0942 0.00320397
         vertex 0.0550358 -0.0942 0.00278822
         vertex 0.0554899 -0.0942 0.0030917
      endloop
   endfacet
   facet normal 0 -1 -6.93889e-16
      outer loop
         vertex 0.0545 -0.0942 0.00503165
         vertex 0.0548635 -0.0942 0.00495934
         vertex 0.0550358 -0.0942 0.00537508
      endloop
   endfacet
   facet normal 0 -1 -6.93889e-16
      outer loop
         vertex 0.0541365 -0.0942 0.00320397
         vertex 0.0538282 -0.0942 0.0034099
         vertex 0.0535101 -0.0942 0.0030917
      endloop
   endfacet
   facet normal 0 -1 -6.93889e-16
      outer loop
         vertex 0.0539642 -0.0942 0.00278822
         vertex 0.0545 -0.0942 0.00268165
         vertex 0.0545 -0.0942 0.00313165
      endloop
   endfacet
   facet normal 0 -1 -6.93889e-16
      outer loop
         vertex 0.0551718 -0.0942 0.0034099
         vertex 0.0554899 -0.0942 0.0030917
         vertex 0.0557934 -0.0942 0.0035459
      endloop
   endfacet
   facet normal 0 -1 -6.93889e-16
      outer loop
         vertex 0.0545 -0.0942 0.00313165
         vertex 0.0541365 -0.0942 0.00320397
         vertex 0.0539642 -0.0942 0.00278822
      endloop
   endfacet
   facet normal 0 -1 -6.93889e-16
      outer loop
         vertex 0.0538282 -0.0942 0.0047534
         vertex 0.0535101 -0.0942 0.0050716
         vertex 0.0532066 -0.0942 0.00461741
      endloop
   endfacet
   facet normal 0 -1 -6.93889e-16
      outer loop
         vertex 0.0545 -0.0942 0.00313165
         vertex 0.0545 -0.0942 0.00268165
         vertex 0.0550358 -0.0942 0.00278822
      endloop
   endfacet
   facet normal 0.382683 6.4107e-16 -0.92388
      outer loop
         vertex 0.0541365 -0.088 0.00495934
         vertex 0.0545 -0.088 0.00503165
         vertex 0.0545 -0.0942 0.00503165
      endloop
   endfacet
   facet normal 0.707107 4.90654e-16 -0.707107
      outer loop
         vertex 0.0538282 -0.088 0.0047534
         vertex 0.0541365 -0.088 0.00495934
         vertex 0.0541365 -0.0942 0.00495934
      endloop
   endfacet
   facet normal 0.92388 2.6554e-16 -0.382683
      outer loop
         vertex 0.0536223 -0.088 0.0044452
         vertex 0.0538282 -0.088 0.0047534
         vertex 0.0538282 -0.0942 0.0047534
      endloop
   endfacet
   facet normal 1 -1.27465e-31 1.83697e-16
      outer loop
         vertex 0.05355 -0.088 0.00408165
         vertex 0.0536223 -0.088 0.0044452
         vertex 0.0536223 -0.0942 0.0044452
      endloop
   endfacet
   facet normal 0.92388 -2.6554e-16 0.382683
      outer loop
         vertex 0.0536223 -0.088 0.0037181
         vertex 0.05355 -0.088 0.00408165
         vertex 0.05355 -0.0942 0.00408165
      endloop
   endfacet
   facet normal 0.707107 -4.90654e-16 0.707107
      outer loop
         vertex 0.0538282 -0.088 0.0034099
         vertex 0.0536223 -0.088 0.0037181
         vertex 0.0536223 -0.0942 0.0037181
      endloop
   endfacet
   facet normal 0.382683 -6.4107e-16 0.92388
      outer loop
         vertex 0.0541365 -0.088 0.00320397
         vertex 0.0538282 -0.088 0.0034099
         vertex 0.0538282 -0.0942 0.0034099
      endloop
   endfacet
   facet normal -1.22465e-16 -6.93889e-16 1
      outer loop
         vertex 0.0545 -0.088 0.00313165
         vertex 0.0541365 -0.088 0.00320397
         vertex 0.0541365 -0.0942 0.00320397
      endloop
   endfacet
   facet normal -0.382683 -6.4107e-16 0.92388
      outer loop
         vertex 0.0548635 -0.088 0.00320397
         vertex 0.0545 -0.088 0.00313165
         vertex 0.0545 -0.0942 0.00313165
      endloop
   endfacet
   facet normal -0.707107 -4.90654e-16 0.707107
      outer loop
         vertex 0.0551718 -0.088 0.0034099
         vertex 0.0548635 -0.088 0.00320397
         vertex 0.0548635 -0.0942 0.00320397
      endloop
   endfacet
   facet normal -0.92388 -2.6554e-16 0.382683
      outer loop
         vertex 0.0553777 -0.088 0.0037181
         vertex 0.0551718 -0.088 0.0034099
         vertex 0.0551718 -0.0942 0.0034099
      endloop
   endfacet
   facet normal -1 1.96563e-31 -2.83277e-16
      outer loop
         vertex 0.05545 -0.088 0.00408165
         vertex 0.0553777 -0.088 0.0037181
         vertex 0.0553777 -0.0942 0.0037181
      endloop
   endfacet
   facet normal -0.92388 2.6554e-16 -0.382683
      outer loop
         vertex 0.0553777 -0.088 0.0044452
         vertex 0.05545 -0.088 0.00408165
         vertex 0.05545 -0.0942 0.00408165
      endloop
   endfacet
   facet normal -0.707107 4.90654e-16 -0.707107
      outer loop
         vertex 0.0551718 -0.088 0.0047534
         vertex 0.0553777 -0.088 0.0044452
         vertex 0.0553777 -0.0942 0.0044452
      endloop
   endfacet
   facet normal -0.382683 6.4107e-16 -0.92388
      outer loop
         vertex 0.0548635 -0.088 0.00495934
         vertex 0.0551718 -0.088 0.0047534
         vertex 0.0551718 -0.0942 0.0047534
      endloop
   endfacet
   facet normal 0 0 -1
      outer loop
         vertex 0.0545 -0.088 0.00503165
         vertex 0.0548635 -0.088 0.00495934
         vertex 0.0548635 -0.0942 0.00495934
      endloop
   endfacet
   facet normal -0.382683 6.4107e-16 -0.92388
      outer loop
         vertex 0.0548635 -0.0942 0.00495934
         vertex 0.0545 -0.0942 0.00503165
         vertex 0.0545 -0.088 0.00503165
      endloop
   endfacet
   facet normal -0.707107 4.90654e-16 -0.707107
      outer loop
         vertex 0.0551718 -0.0942 0.0047534
         vertex 0.0548635 -0.0942 0.00495934
         vertex 0.0548635 -0.088 0.00495934
      endloop
   endfacet
   facet normal -0.92388 2.6554e-16 -0.382683
      outer loop
         vertex 0.0553777 -0.0942 0.0044452
         vertex 0.0551718 -0.0942 0.0047534
         vertex 0.0551718 -0.088 0.0047534
      endloop
   endfacet
   facet normal -1 1.96563e-31 -2.83277e-16
      outer loop
         vertex 0.05545 -0.0942 0.00408165
         vertex 0.0553777 -0.0942 0.0044452
         vertex 0.0553777 -0.088 0.0044452
      endloop
   endfacet
   facet normal -0.92388 -2.6554e-16 0.382683
      outer loop
         vertex 0.0553777 -0.0942 0.0037181
         vertex 0.05545 -0.0942 0.00408165
         vertex 0.05545 -0.088 0.00408165
      endloop
   endfacet
   facet normal -0.707107 -4.90654e-16 0.707107
      outer loop
         vertex 0.0551718 -0.0942 0.0034099
         vertex 0.0553777 -0.0942 0.0037181
         vertex 0.0553777 -0.088 0.0037181
      endloop
   endfacet
   facet normal -0.382683 -6.4107e-16 0.92388
      outer loop
         vertex 0.0548635 -0.0942 0.00320397
         vertex 0.0551718 -0.0942 0.0034099
         vertex 0.0551718 -0.088 0.0034099
      endloop
   endfacet
   facet normal -1.22465e-16 -6.93889e-16 1
      outer loop
         vertex 0.0545 -0.0942 0.00313165
         vertex 0.0548635 -0.0942 0.00320397
         vertex 0.0548635 -0.088 0.00320397
      endloop
   endfacet
   facet normal 0.382683 -6.4107e-16 0.92388
      outer loop
         vertex 0.0541365 -0.0942 0.00320397
         vertex 0.0545 -0.0942 0.00313165
         vertex 0.0545 -0.088 0.00313165
      endloop
   endfacet
   facet normal 0.707107 -4.90654e-16 0.707107
      outer loop
         vertex 0.0538282 -0.0942 0.0034099
         vertex 0.0541365 -0.0942 0.00320397
         vertex 0.0541365 -0.088 0.00320397
      endloop
   endfacet
   facet normal 0.92388 -2.6554e-16 0.382683
      outer loop
         vertex 0.0536223 -0.0942 0.0037181
         vertex 0.0538282 -0.0942 0.0034099
         vertex 0.0538282 -0.088 0.0034099
      endloop
   endfacet
   facet normal 1 -1.27465e-31 1.83697e-16
      outer loop
         vertex 0.05355 -0.0942 0.00408165
         vertex 0.0536223 -0.0942 0.0037181
         vertex 0.0536223 -0.088 0.0037181
      endloop
   endfacet
   facet normal 0.92388 2.6554e-16 -0.382683
      outer loop
         vertex 0.0536223 -0.0942 0.0044452
         vertex 0.05355 -0.0942 0.00408165
         vertex 0.05355 -0.088 0.00408165
      endloop
   endfacet
   facet normal 0.707107 4.90654e-16 -0.707107
      outer loop
         vertex 0.0538282 -0.0942 0.0047534
         vertex 0.0536223 -0.0942 0.0044452
         vertex 0.0536223 -0.088 0.0044452
      endloop
   endfacet
   facet normal 0.382683 6.4107e-16 -0.92388
      outer loop
         vertex 0.0541365 -0.0942 0.00495934
         vertex 0.0538282 -0.0942 0.0047534
         vertex 0.0538282 -0.088 0.0047534
      endloop
   endfacet
   facet normal 0 0 -1
      outer loop
         vertex 0.0545 -0.0942 0.00503165
         vertex 0.0541365 -0.0942 0.00495934
         vertex 0.0541365 -0.088 0.00495934
      endloop
   endfacet
   facet normal 0.100479 -0.857167 0.505142
      outer loop
         vertex 0.0545 -0.0874292 0.00408165
         vertex 0.0541365 -0.088 0.00320397
         vertex 0.0545 -0.088 0.00313165
      endloop
   endfacet
   facet normal 0.28614 -0.857167 0.428239
      outer loop
         vertex 0.0545 -0.0874292 0.00408165
         vertex 0.0538282 -0.088 0.0034099
         vertex 0.0541365 -0.088 0.00320397
      endloop
   endfacet
   facet normal 0.428239 -0.857167 0.28614
      outer loop
         vertex 0.0545 -0.0874292 0.00408165
         vertex 0.0536223 -0.088 0.0037181
         vertex 0.0538282 -0.088 0.0034099
      endloop
   endfacet
   facet normal 0.505142 -0.857167 0.100479
      outer loop
         vertex 0.0545 -0.0874292 0.00408165
         vertex 0.05355 -0.088 0.00408165
         vertex 0.0536223 -0.088 0.0037181
      endloop
   endfacet
   facet normal 0.505142 -0.857167 -0.100479
      outer loop
         vertex 0.0545 -0.0874292 0.00408165
         vertex 0.0536223 -0.088 0.0044452
         vertex 0.05355 -0.088 0.00408165
      endloop
   endfacet
   facet normal 0.428239 -0.857167 -0.28614
      outer loop
         vertex 0.0545 -0.0874292 0.00408165
         vertex 0.0538282 -0.088 0.0047534
         vertex 0.0536223 -0.088 0.0044452
      endloop
   endfacet
   facet normal 0.28614 -0.857167 -0.428239
      outer loop
         vertex 0.0545 -0.0874292 0.00408165
         vertex 0.0541365 -0.088 0.00495934
         vertex 0.0538282 -0.088 0.0047534
      endloop
   endfacet
   facet normal 0.100479 -0.857167 -0.505142
      outer loop
         vertex 0.0545 -0.0874292 0.00408165
         vertex 0.0545 -0.088 0.00503165
         vertex 0.0541365 -0.088 0.00495934
      endloop
   endfacet
   facet normal -0.100479 -0.857167 -0.505142
      outer loop
         vertex 0.0545 -0.0874292 0.00408165
         vertex 0.0548635 -0.088 0.00495934
         vertex 0.0545 -0.088 0.00503165
      endloop
   endfacet
   facet normal -0.28614 -0.857167 -0.428239
      outer loop
         vertex 0.0545 -0.0874292 0.00408165
         vertex 0.0551718 -0.088 0.0047534
         vertex 0.0548635 -0.088 0.00495934
      endloop
   endfacet
   facet normal -0.428239 -0.857167 -0.28614
      outer loop
         vertex 0.0545 -0.0874292 0.00408165
         vertex 0.0553777 -0.088 0.0044452
         vertex 0.0551718 -0.088 0.0047534
      endloop
   endfacet
   facet normal -0.505142 -0.857167 -0.100479
      outer loop
         vertex 0.0545 -0.0874292 0.00408165
         vertex 0.05545 -0.088 0.00408165
         vertex 0.0553777 -0.088 0.0044452
      endloop
   endfacet
   facet normal -0.505142 -0.857167 0.100479
      outer loop
         vertex 0.0545 -0.0874292 0.00408165
         vertex 0.0553777 -0.088 0.0037181
         vertex 0.05545 -0.088 0.00408165
      endloop
   endfacet
   facet normal -0.428239 -0.857167 0.28614
      outer loop
         vertex 0.0545 -0.0874292 0.00408165
         vertex 0.0551718 -0.088 0.0034099
         vertex 0.0553777 -0.088 0.0037181
      endloop
   endfacet
   facet normal -0.28614 -0.857167 0.428239
      outer loop
         vertex 0.0545 -0.0874292 0.00408165
         vertex 0.0548635 -0.088 0.00320397
         vertex 0.0551718 -0.088 0.0034099
      endloop
   endfacet
   facet normal -0.100479 -0.857167 0.505142
      outer loop
         vertex 0.0545 -0.0874292 0.00408165
         vertex 0.0545 -0.088 0.00313165
         vertex 0.0548635 -0.088 0.00320397
      endloop
   endfacet
endsolid R-Wrist_Interface. Units = meters