solid R-Hand_Plate. STL generated by ONSHAPE BY PTC INC, 1.212. Units = meters
   facet normal 0.100479 -0.857167 0.505142
      outer loop
         vertex -0.006 -0.0764292 -0.0075
         vertex -0.00636355 -0.077 -0.00837769
         vertex -0.006 -0.077 -0.00845
      endloop
   endfacet
   facet normal 0.28614 -0.857167 0.428239
      outer loop
         vertex -0.006 -0.0764292 -0.0075
         vertex -0.00667175 -0.077 -0.00817175
         vertex -0.00636355 -0.077 -0.00837769
      endloop
   endfacet
   facet normal 0.428239 -0.857167 0.28614
      outer loop
         vertex -0.006 -0.0764292 -0.0075
         vertex -0.00687769 -0.077 -0.00786355
         vertex -0.00667175 -0.077 -0.00817175
      endloop
   endfacet
   facet normal 0.505142 -0.857167 0.100479
      outer loop
         vertex -0.006 -0.0764292 -0.0075
         vertex -0.00695 -0.077 -0.0075
         vertex -0.00687769 -0.077 -0.00786355
      endloop
   endfacet
   facet normal 0.505142 -0.857167 -0.100479
      outer loop
         vertex -0.006 -0.0764292 -0.0075
         vertex -0.00687769 -0.077 -0.00713645
         vertex -0.00695 -0.077 -0.0075
      endloop
   endfacet
   facet normal 0.428239 -0.857167 -0.28614
      outer loop
         vertex -0.006 -0.0764292 -0.0075
         vertex -0.00667175 -0.077 -0.00682825
         vertex -0.00687769 -0.077 -0.00713645
      endloop
   endfacet
   facet normal 0.28614 -0.857167 -0.428239
      outer loop
         vertex -0.006 -0.0764292 -0.0075
         vertex -0.00636355 -0.077 -0.00662231
         vertex -0.00667175 -0.077 -0.00682825
      endloop
   endfacet
   facet normal 0.100479 -0.857167 -0.505142
      outer loop
         vertex -0.006 -0.0764292 -0.0075
         vertex -0.006 -0.077 -0.00655
         vertex -0.00636355 -0.077 -0.00662231
      endloop
   endfacet
   facet normal -0.100479 -0.857167 -0.505142
      outer loop
         vertex -0.006 -0.0764292 -0.0075
         vertex -0.00563645 -0.077 -0.00662231
         vertex -0.006 -0.077 -0.00655
      endloop
   endfacet
   facet normal -0.28614 -0.857167 -0.428239
      outer loop
         vertex -0.006 -0.0764292 -0.0075
         vertex -0.00532825 -0.077 -0.00682825
         vertex -0.00563645 -0.077 -0.00662231
      endloop
   endfacet
   facet normal -0.428239 -0.857167 -0.28614
      outer loop
         vertex -0.006 -0.0764292 -0.0075
         vertex -0.00512231 -0.077 -0.00713645
         vertex -0.00532825 -0.077 -0.00682825
      endloop
   endfacet
   facet normal -0.505142 -0.857167 -0.100479
      outer loop
         vertex -0.006 -0.0764292 -0.0075
         vertex -0.00505 -0.077 -0.0075
         vertex -0.00512231 -0.077 -0.00713645
      endloop
   endfacet
   facet normal -0.505142 -0.857167 0.100479
      outer loop
         vertex -0.006 -0.0764292 -0.0075
         vertex -0.00512231 -0.077 -0.00786355
         vertex -0.00505 -0.077 -0.0075
      endloop
   endfacet
   facet normal -0.428239 -0.857167 0.28614
      outer loop
         vertex -0.006 -0.0764292 -0.0075
         vertex -0.00532825 -0.077 -0.00817175
         vertex -0.00512231 -0.077 -0.00786355
      endloop
   endfacet
   facet normal -0.28614 -0.857167 0.428239
      outer loop
         vertex -0.006 -0.0764292 -0.0075
         vertex -0.00563645 -0.077 -0.00837769
         vertex -0.00532825 -0.077 -0.00817175
      endloop
   endfacet
   facet normal -0.100479 -0.857167 0.505142
      outer loop
         vertex -0.006 -0.0764292 -0.0075
         vertex -0.006 -0.077 -0.00845
         vertex -0.00563645 -0.077 -0.00837769
      endloop
   endfacet
   facet normal 0.382683 6.4107e-16 -0.92388
      outer loop
         vertex -0.00636355 -0.077 -0.00662231
         vertex -0.006 -0.077 -0.00655
         vertex -0.006 -0.0844 -0.00655
      endloop
   endfacet
   facet normal 0.707107 4.90654e-16 -0.707107
      outer loop
         vertex -0.00667175 -0.077 -0.00682825
         vertex -0.00636355 -0.077 -0.00662231
         vertex -0.00636355 -0.0844 -0.00662231
      endloop
   endfacet
   facet normal 0.92388 2.6554e-16 -0.382683
      outer loop
         vertex -0.00687769 -0.077 -0.00713645
         vertex -0.00667175 -0.077 -0.00682825
         vertex -0.00667175 -0.0844 -0.00682825
      endloop
   endfacet
   facet normal 1 -1.27465e-31 1.83697e-16
      outer loop
         vertex -0.00695 -0.077 -0.0075
         vertex -0.00687769 -0.077 -0.00713645
         vertex -0.00687769 -0.0844 -0.00713645
      endloop
   endfacet
   facet normal 0.92388 -2.6554e-16 0.382683
      outer loop
         vertex -0.00687769 -0.077 -0.00786355
         vertex -0.00695 -0.077 -0.0075
         vertex -0.00695 -0.0844 -0.0075
      endloop
   endfacet
   facet normal 0.707107 -4.90654e-16 0.707107
      outer loop
         vertex -0.00667175 -0.077 -0.00817175
         vertex -0.00687769 -0.077 -0.00786355
         vertex -0.00687769 -0.0844 -0.00786355
      endloop
   endfacet
   facet normal 0.382683 -6.4107e-16 0.92388
      outer loop
         vertex -0.00636355 -0.077 -0.00837769
         vertex -0.00667175 -0.077 -0.00817175
         vertex -0.00667175 -0.0844 -0.00817175
      endloop
   endfacet
   facet normal -1.22465e-16 -6.93889e-16 1
      outer loop
         vertex -0.006 -0.077 -0.00845
         vertex -0.00636355 -0.077 -0.00837769
         vertex -0.00636355 -0.0844 -0.00837769
      endloop
   endfacet
   facet normal -0.382683 -6.4107e-16 0.92388
      outer loop
         vertex -0.00563645 -0.077 -0.00837769
         vertex -0.006 -0.077 -0.00845
         vertex -0.006 -0.0844 -0.00845
      endloop
   endfacet
   facet normal -0.707107 -4.90654e-16 0.707107
      outer loop
         vertex -0.00532825 -0.077 -0.00817175
         vertex -0.00563645 -0.077 -0.00837769
         vertex -0.00563645 -0.0844 -0.00837769
      endloop
   endfacet
   facet normal -0.92388 -2.6554e-16 0.382683
      outer loop
         vertex -0.00512231 -0.077 -0.00786355
         vertex -0.00532825 -0.077 -0.00817175
         vertex -0.00532825 -0.0844 -0.00817175
      endloop
   endfacet
   facet normal -1 -2.6566e-31 3.82857e-16
      outer loop
         vertex -0.00505 -0.077 -0.0075
         vertex -0.00512231 -0.077 -0.00786355
         vertex -0.00512231 -0.0844 -0.00786355
      endloop
   endfacet
   facet normal -0.92388 2.6554e-16 -0.382683
      outer loop
         vertex -0.00512231 -0.077 -0.00713645
         vertex -0.00505 -0.077 -0.0075
         vertex -0.00505 -0.0844 -0.0075
      endloop
   endfacet
   facet normal -0.707107 4.90654e-16 -0.707107
      outer loop
         vertex -0.00532825 -0.077 -0.00682825
         vertex -0.00512231 -0.077 -0.00713645
         vertex -0.00512231 -0.0844 -0.00713645
      endloop
   endfacet
   facet normal -0.382683 6.4107e-16 -0.92388
      outer loop
         vertex -0.00563645 -0.077 -0.00662231
         vertex -0.00532825 -0.077 -0.00682825
         vertex -0.00532825 -0.0844 -0.00682825
      endloop
   endfacet
   facet normal 0 0 -1
      outer loop
         vertex -0.006 -0.077 -0.00655
         vertex -0.00563645 -0.077 -0.00662231
         vertex -0.00563645 -0.0844 -0.00662231
      endloop
   endfacet
   facet normal -0.382683 6.4107e-16 -0.92388
      outer loop
         vertex -0.00563645 -0.0844 -0.00662231
         vertex -0.006 -0.0844 -0.00655
         vertex -0.006 -0.077 -0.00655
      endloop
   endfacet
   facet normal -0.707107 4.90654e-16 -0.707107
      outer loop
         vertex -0.00532825 -0.0844 -0.00682825
         vertex -0.00563645 -0.0844 -0.00662231
         vertex -0.00563645 -0.077 -0.00662231
      endloop
   endfacet
   facet normal -0.92388 2.6554e-16 -0.382683
      outer loop
         vertex -0.00512231 -0.0844 -0.00713645
         vertex -0.00532825 -0.0844 -0.00682825
         vertex -0.00532825 -0.077 -0.00682825
      endloop
   endfacet
   facet normal -1 -2.6566e-31 3.82857e-16
      outer loop
         vertex -0.00505 -0.0844 -0.0075
         vertex -0.00512231 -0.0844 -0.00713645
         vertex -0.00512231 -0.077 -0.00713645
      endloop
   endfacet
   facet normal -0.92388 -2.6554e-16 0.382683
      outer loop
         vertex -0.00512231 -0.0844 -0.00786355
         vertex -0.00505 -0.0844 -0.0075
         vertex -0.00505 -0.077 -0.0075
      endloop
   endfacet
   facet normal -0.707107 -4.90654e-16 0.707107
      outer loop
         vertex -0.00532825 -0.0844 -0.00817175
         vertex -0.00512231 -0.0844 -0.00786355
         vertex -0.00512231 -0.077 -0.00786355
      endloop
   endfacet
   facet normal -0.382683 -6.4107e-16 0.92388
      outer loop
         vertex -0.00563645 -0.0844 -0.00837769
         vertex -0.00532825 -0.0844 -0.00817175
         vertex -0.00532825 -0.077 -0.00817175
      endloop
   endfacet
   facet normal -1.22465e-16 -6.93889e-16 1
      outer loop
         vertex -0.006 -0.0844 -0.00845
         vertex -0.00563645 -0.0844 -0.00837769
         vertex -0.00563645 -0.077 -0.00837769
      endloop
   endfacet
   facet normal 0.382683 -6.4107e-16 0.92388
      outer loop
         vertex -0.00636355 -0.0844 -0.00837769
         vertex -0.006 -0.0844 -0.00845
         vertex -0.006 -0.077 -0.00845
      endloop
   endfacet
   facet normal 0.707107 -4.90654e-16 0.707107
      outer loop
         vertex -0.00667175 -0.0844 -0.00817175
         vertex -0.00636355 -0.0844 -0.00837769
         vertex -0.00636355 -0.077 -0.00837769
      endloop
   endfacet
   facet normal 0.92388 -2.6554e-16 0.382683
      outer loop
         vertex -0.00687769 -0.0844 -0.00786355
         vertex -0.00667175 -0.0844 -0.00817175
         vertex -0.00667175 -0.077 -0.00817175
      endloop
   endfacet
   facet normal 1 -1.27465e-31 1.83697e-16
      outer loop
         vertex -0.00695 -0.0844 -0.0075
         vertex -0.00687769 -0.0844 -0.00786355
         vertex -0.00687769 -0.077 -0.00786355
      endloop
   endfacet
   facet normal 0.92388 2.6554e-16 -0.382683
      outer loop
         vertex -0.00687769 -0.0844 -0.00713645
         vertex -0.00695 -0.0844 -0.0075
         vertex -0.00695 -0.077 -0.0075
      endloop
   endfacet
   facet normal 0.707107 4.90654e-16 -0.707107
      outer loop
         vertex -0.00667175 -0.0844 -0.00682825
         vertex -0.00687769 -0.0844 -0.00713645
         vertex -0.00687769 -0.077 -0.00713645
      endloop
   endfacet
   facet normal 0.382683 6.4107e-16 -0.92388
      outer loop
         vertex -0.00636355 -0.0844 -0.00662231
         vertex -0.00667175 -0.0844 -0.00682825
         vertex -0.00667175 -0.077 -0.00682825
      endloop
   endfacet
   facet normal 0 0 -1
      outer loop
         vertex -0.006 -0.0844 -0.00655
         vertex -0.00636355 -0.0844 -0.00662231
         vertex -0.00636355 -0.077 -0.00662231
      endloop
   endfacet
   facet normal 0 -1 -6.93889e-16
      outer loop
         vertex -0.00470657 -0.0844 -0.00696424
         vertex -0.00512231 -0.0844 -0.00713645
         vertex -0.00505 -0.0844 -0.0075
      endloop
   endfacet
   facet normal 0 -1 -6.93889e-16
      outer loop
         vertex -0.00470657 -0.0844 -0.00696424
         vertex -0.00501005 -0.0844 -0.00651005
         vertex -0.00532825 -0.0844 -0.00682825
      endloop
   endfacet
   facet normal 0 -1 -6.93889e-16
      outer loop
         vertex -0.00546424 -0.0844 -0.00620657
         vertex -0.00563645 -0.0844 -0.00662231
         vertex -0.00532825 -0.0844 -0.00682825
      endloop
   endfacet
   facet normal 0 -1 -6.93889e-16
      outer loop
         vertex -0.00546424 -0.0844 -0.00620657
         vertex -0.006 -0.0844 -0.0061
         vertex -0.006 -0.0844 -0.00655
      endloop
   endfacet
   facet normal 0 -1 -6.93889e-16
      outer loop
         vertex -0.00653576 -0.0844 -0.00620657
         vertex -0.00636355 -0.0844 -0.00662231
         vertex -0.006 -0.0844 -0.00655
      endloop
   endfacet
   facet normal 0 -1 -6.93889e-16
      outer loop
         vertex -0.00698995 -0.0844 -0.00651005
         vertex -0.00667175 -0.0844 -0.00682825
         vertex -0.00636355 -0.0844 -0.00662231
      endloop
   endfacet
   facet normal 0 -1 -6.93889e-16
      outer loop
         vertex -0.00729343 -0.0844 -0.00696424
         vertex -0.00687769 -0.0844 -0.00713645
         vertex -0.00667175 -0.0844 -0.00682825
      endloop
   endfacet
   facet normal 0 -1 -6.93889e-16
      outer loop
         vertex -0.00729343 -0.0844 -0.00696424
         vertex -0.0074 -0.0844 -0.0075
         vertex -0.00695 -0.0844 -0.0075
      endloop
   endfacet
   facet normal 0 -1 -6.93889e-16
      outer loop
         vertex -0.00729343 -0.0844 -0.00803576
         vertex -0.00687769 -0.0844 -0.00786355
         vertex -0.00695 -0.0844 -0.0075
      endloop
   endfacet
   facet normal 0 -1 -6.93889e-16
      outer loop
         vertex -0.00698995 -0.0844 -0.00848995
         vertex -0.00667175 -0.0844 -0.00817175
         vertex -0.00687769 -0.0844 -0.00786355
      endloop
   endfacet
   facet normal 0 -1 -6.93889e-16
      outer loop
         vertex -0.00532825 -0.0844 -0.00682825
         vertex -0.00512231 -0.0844 -0.00713645
         vertex -0.00470657 -0.0844 -0.00696424
      endloop
   endfacet
   facet normal 0 -1 -6.93889e-16
      outer loop
         vertex -0.006 -0.0844 -0.00655
         vertex -0.00563645 -0.0844 -0.00662231
         vertex -0.00546424 -0.0844 -0.00620657
      endloop
   endfacet
   facet normal 0 -1 -6.93889e-16
      outer loop
         vertex -0.00636355 -0.0844 -0.00662231
         vertex -0.00653576 -0.0844 -0.00620657
         vertex -0.00698995 -0.0844 -0.00651005
      endloop
   endfacet
   facet normal 0 -1 -6.93889e-16
      outer loop
         vertex -0.00695 -0.0844 -0.0075
         vertex -0.00687769 -0.0844 -0.00713645
         vertex -0.00729343 -0.0844 -0.00696424
      endloop
   endfacet
   facet normal 0 -1 -6.93889e-16
      outer loop
         vertex -0.00687769 -0.0844 -0.00786355
         vertex -0.00729343 -0.0844 -0.00803576
         vertex -0.00698995 -0.0844 -0.00848995
      endloop
   endfacet
   facet normal 0 -1 -6.93889e-16
      outer loop
         vertex -0.00653576 -0.0844 -0.00879343
         vertex -0.00636355 -0.0844 -0.00837769
         vertex -0.00667175 -0.0844 -0.00817175
      endloop
   endfacet
   facet normal 0 -1 -6.93889e-16
      outer loop
         vertex -0.006 -0.0844 -0.0089
         vertex -0.00546424 -0.0844 -0.00879343
         vertex -0.00563645 -0.0844 -0.00837769
      endloop
   endfacet
   facet normal 0 -1 -6.93889e-16
      outer loop
         vertex -0.00546424 -0.0844 -0.00879343
         vertex -0.00501005 -0.0844 -0.00848995
         vertex -0.00532825 -0.0844 -0.00817175
      endloop
   endfacet
   facet normal 0 -1 -6.93889e-16
      outer loop
         vertex -0.00470657 -0.0844 -0.00803576
         vertex -0.00512231 -0.0844 -0.00786355
         vertex -0.00532825 -0.0844 -0.00817175
      endloop
   endfacet
   facet normal 0 -1 -6.93889e-16
      outer loop
         vertex -0.00470657 -0.0844 -0.00803576
         vertex -0.0046 -0.0844 -0.0075
         vertex -0.00505 -0.0844 -0.0075
      endloop
   endfacet
   facet normal 0 -1 -6.93889e-16
      outer loop
         vertex -0.00532825 -0.0844 -0.00682825
         vertex -0.00501005 -0.0844 -0.00651005
         vertex -0.00546424 -0.0844 -0.00620657
      endloop
   endfacet
   facet normal 0 -1 -6.93889e-16
      outer loop
         vertex -0.00667175 -0.0844 -0.00682825
         vertex -0.00698995 -0.0844 -0.00651005
         vertex -0.00729343 -0.0844 -0.00696424
      endloop
   endfacet
   facet normal 0 -1 -6.93889e-16
      outer loop
         vertex -0.00667175 -0.0844 -0.00817175
         vertex -0.00698995 -0.0844 -0.00848995
         vertex -0.00653576 -0.0844 -0.00879343
      endloop
   endfacet
   facet normal 0 -1 -6.93889e-16
      outer loop
         vertex -0.006 -0.0844 -0.0089
         vertex -0.006 -0.0844 -0.00845
         vertex -0.00636355 -0.0844 -0.00837769
      endloop
   endfacet
   facet normal 0 -1 -6.93889e-16
      outer loop
         vertex -0.00532825 -0.0844 -0.00817175
         vertex -0.00563645 -0.0844 -0.00837769
         vertex -0.00546424 -0.0844 -0.00879343
      endloop
   endfacet
   facet normal 0 -1 -6.93889e-16
      outer loop
         vertex -0.00505 -0.0844 -0.0075
         vertex -0.00512231 -0.0844 -0.00786355
         vertex -0.00470657 -0.0844 -0.00803576
      endloop
   endfacet
   facet normal 0 -1 -6.93889e-16
      outer loop
         vertex -0.006 -0.0844 -0.00655
         vertex -0.006 -0.0844 -0.0061
         vertex -0.00653576 -0.0844 -0.00620657
      endloop
   endfacet
   facet normal 0 -1 -6.93889e-16
      outer loop
         vertex -0.00636355 -0.0844 -0.00837769
         vertex -0.00653576 -0.0844 -0.00879343
         vertex -0.006 -0.0844 -0.0089
      endloop
   endfacet
   facet normal 0 -1 -6.93889e-16
      outer loop
         vertex -0.00532825 -0.0844 -0.00817175
         vertex -0.00501005 -0.0844 -0.00848995
         vertex -0.00470657 -0.0844 -0.00803576
      endloop
   endfacet
   facet normal 0 -1 -6.93889e-16
      outer loop
         vertex -0.00695 -0.0844 -0.0075
         vertex -0.0074 -0.0844 -0.0075
         vertex -0.00729343 -0.0844 -0.00803576
      endloop
   endfacet
   facet normal 0 -1 -6.93889e-16
      outer loop
         vertex -0.00505 -0.0844 -0.0075
         vertex -0.0046 -0.0844 -0.0075
         vertex -0.00470657 -0.0844 -0.00696424
      endloop
   endfacet
   facet normal 0 -1 -6.93889e-16
      outer loop
         vertex -0.00563645 -0.0844 -0.00837769
         vertex -0.006 -0.0844 -0.00845
         vertex -0.006 -0.0844 -0.0089
      endloop
   endfacet
   facet normal 0.382683 6.4107e-16 -0.92388
      outer loop
         vertex -0.00653576 -0.0844 -0.00620657
         vertex -0.006 -0.0844 -0.0061
         vertex -0.006 -0.085 -0.0061
      endloop
   endfacet
   facet normal 0.707107 4.90654e-16 -0.707107
      outer loop
         vertex -0.00698995 -0.0844 -0.00651005
         vertex -0.00653576 -0.0844 -0.00620657
         vertex -0.00653576 -0.085 -0.00620657
      endloop
   endfacet
   facet normal 0.92388 2.6554e-16 -0.382683
      outer loop
         vertex -0.00729343 -0.0844 -0.00696424
         vertex -0.00698995 -0.0844 -0.00651005
         vertex -0.00698995 -0.085 -0.00651005
      endloop
   endfacet
   facet normal 1 -1.27465e-31 1.83697e-16
      outer loop
         vertex -0.0074 -0.0844 -0.0075
         vertex -0.00729343 -0.0844 -0.00696424
         vertex -0.00729343 -0.085 -0.00696424
      endloop
   endfacet
   facet normal 0.92388 -2.6554e-16 0.382683
      outer loop
         vertex -0.00729343 -0.0844 -0.00803576
         vertex -0.0074 -0.0844 -0.0075
         vertex -0.0074 -0.085 -0.0075
      endloop
   endfacet
   facet normal 0.707107 -4.90654e-16 0.707107
      outer loop
         vertex -0.00698995 -0.0844 -0.00848995
         vertex -0.00729343 -0.0844 -0.00803576
         vertex -0.00729343 -0.085 -0.00803576
      endloop
   endfacet
   facet normal 0.382683 -6.4107e-16 0.92388
      outer loop
         vertex -0.00653576 -0.0844 -0.00879343
         vertex -0.00698995 -0.0844 -0.00848995
         vertex -0.00698995 -0.085 -0.00848995
      endloop
   endfacet
   facet normal -1.22465e-16 -6.93889e-16 1
      outer loop
         vertex -0.006 -0.0844 -0.0089
         vertex -0.00653576 -0.0844 -0.00879343
         vertex -0.00653576 -0.085 -0.00879343
      endloop
   endfacet
   facet normal -0.382683 -6.4107e-16 0.92388
      outer loop
         vertex -0.00546424 -0.0844 -0.00879343
         vertex -0.006 -0.0844 -0.0089
         vertex -0.006 -0.085 -0.0089
      endloop
   endfacet
   facet normal -0.707107 -4.90654e-16 0.707107
      outer loop
         vertex -0.00501005 -0.0844 -0.00848995
         vertex -0.00546424 -0.0844 -0.00879343
         vertex -0.00546424 -0.085 -0.00879343
      endloop
   endfacet
   facet normal -0.92388 -2.6554e-16 0.382683
      outer loop
         vertex -0.00470657 -0.0844 -0.00803576
         vertex -0.00501005 -0.0844 -0.00848995
         vertex -0.00501005 -0.085 -0.00848995
      endloop
   endfacet
   facet normal -1 4.24885e-32 -6.12323e-17
      outer loop
         vertex -0.0046 -0.0844 -0.0075
         vertex -0.00470657 -0.0844 -0.00803576
         vertex -0.00470657 -0.085 -0.00803576
      endloop
   endfacet
   facet normal -0.92388 2.6554e-16 -0.382683
      outer loop
         vertex -0.00470657 -0.0844 -0.00696424
         vertex -0.0046 -0.0844 -0.0075
         vertex -0.0046 -0.085 -0.0075
      endloop
   endfacet
   facet normal -0.707107 4.90654e-16 -0.707107
      outer loop
         vertex -0.00501005 -0.0844 -0.00651005
         vertex -0.00470657 -0.0844 -0.00696424
         vertex -0.00470657 -0.085 -0.00696424
      endloop
   endfacet
   facet normal -0.382683 6.4107e-16 -0.92388
      outer loop
         vertex -0.00546424 -0.0844 -0.00620657
         vertex -0.00501005 -0.0844 -0.00651005
         vertex -0.00501005 -0.085 -0.00651005
      endloop
   endfacet
   facet normal 0 1.23909e-15 -1
      outer loop
         vertex -0.006 -0.0844 -0.0061
         vertex -0.00546424 -0.0844 -0.00620657
         vertex -0.00546424 -0.085 -0.00620657
      endloop
   endfacet
   facet normal -0.382683 6.4107e-16 -0.92388
      outer loop
         vertex -0.00546424 -0.085 -0.00620657
         vertex -0.006 -0.085 -0.0061
         vertex -0.006 -0.0844 -0.0061
      endloop
   endfacet
   facet normal -0.707107 4.90654e-16 -0.707107
      outer loop
         vertex -0.00501005 -0.085 -0.00651005
         vertex -0.00546424 -0.085 -0.00620657
         vertex -0.00546424 -0.0844 -0.00620657
      endloop
   endfacet
   facet normal -0.92388 2.6554e-16 -0.382683
      outer loop
         vertex -0.00470657 -0.085 -0.00696424
         vertex -0.00501005 -0.085 -0.00651005
         vertex -0.00501005 -0.0844 -0.00651005
      endloop
   endfacet
   facet normal -1 4.24885e-32 -6.12323e-17
      outer loop
         vertex -0.0046 -0.085 -0.0075
         vertex -0.00470657 -0.085 -0.00696424
         vertex -0.00470657 -0.0844 -0.00696424
      endloop
   endfacet
   facet normal -0.92388 -2.6554e-16 0.382683
      outer loop
         vertex -0.00470657 -0.085 -0.00803576
         vertex -0.0046 -0.085 -0.0075
         vertex -0.0046 -0.0844 -0.0075
      endloop
   endfacet
   facet normal -0.707107 -4.90654e-16 0.707107
      outer loop
         vertex -0.00501005 -0.085 -0.00848995
         vertex -0.00470657 -0.085 -0.00803576
         vertex -0.00470657 -0.0844 -0.00803576
      endloop
   endfacet
   facet normal -0.382683 -6.4107e-16 0.92388
      outer loop
         vertex -0.00546424 -0.085 -0.00879343
         vertex -0.00501005 -0.085 -0.00848995
         vertex -0.00501005 -0.0844 -0.00848995
      endloop
   endfacet
   facet normal -1.22465e-16 -6.93889e-16 1
      outer loop
         vertex -0.006 -0.085 -0.0089
         vertex -0.00546424 -0.085 -0.00879343
         vertex -0.00546424 -0.0844 -0.00879343
      endloop
   endfacet
   facet normal 0.382683 -6.4107e-16 0.92388
      outer loop
         vertex -0.00653576 -0.085 -0.00879343
         vertex -0.006 -0.085 -0.0089
         vertex -0.006 -0.0844 -0.0089
      endloop
   endfacet
   facet normal 0.707107 -4.90654e-16 0.707107
      outer loop
         vertex -0.00698995 -0.085 -0.00848995
         vertex -0.00653576 -0.085 -0.00879343
         vertex -0.00653576 -0.0844 -0.00879343
      endloop
   endfacet
   facet normal 0.92388 -2.6554e-16 0.382683
      outer loop
         vertex -0.00729343 -0.085 -0.00803576
         vertex -0.00698995 -0.085 -0.00848995
         vertex -0.00698995 -0.0844 -0.00848995
      endloop
   endfacet
   facet normal 1 -1.27465e-31 1.83697e-16
      outer loop
         vertex -0.0074 -0.085 -0.0075
         vertex -0.00729343 -0.085 -0.00803576
         vertex -0.00729343 -0.0844 -0.00803576
      endloop
   endfacet
   facet normal 0.92388 2.6554e-16 -0.382683
      outer loop
         vertex -0.00729343 -0.085 -0.00696424
         vertex -0.0074 -0.085 -0.0075
         vertex -0.0074 -0.0844 -0.0075
      endloop
   endfacet
   facet normal 0.707107 4.90654e-16 -0.707107
      outer loop
         vertex -0.00698995 -0.085 -0.00651005
         vertex -0.00729343 -0.085 -0.00696424
         vertex -0.00729343 -0.0844 -0.00696424
      endloop
   endfacet
   facet normal 0.382683 6.4107e-16 -0.92388
      outer loop
         vertex -0.00653576 -0.085 -0.00620657
         vertex -0.00698995 -0.085 -0.00651005
         vertex -0.00698995 -0.0844 -0.00651005
      endloop
   endfacet
   facet normal 0 1.23909e-15 -1
      outer loop
         vertex -0.006 -0.085 -0.0061
         vertex -0.00653576 -0.085 -0.00620657
         vertex -0.00653576 -0.0844 -0.00620657
      endloop
   endfacet
   facet normal 0 -1 -6.93889e-16
      outer loop
         vertex -0.00546424 -0.085 -0.00620657
         vertex -0.003 -0.085 0.0155
         vertex -0.0046 -0.085 0.0105
      endloop
   endfacet
   facet normal 0 -1 -6.93889e-16
      outer loop
         vertex -0.00501005 -0.085 0.0114899
         vertex -0.003 -0.085 0.0155
         vertex -0.00405 -0.085 0.0155
      endloop
   endfacet
   facet normal 0 -1 -6.93889e-16
      outer loop
         vertex -0.00546424 -0.085 -0.00879343
         vertex -0.0038 -0.085 -0.0125
         vertex -0.003 -0.085 -0.0117
      endloop
   endfacet
   facet normal 0 -1 -6.93889e-16
      outer loop
         vertex -0.003 -0.085 0.0155
         vertex -0.00470657 -0.085 0.0110358
         vertex -0.0046 -0.085 0.0105
      endloop
   endfacet
   facet normal 0 -1 -6.93889e-16
      outer loop
         vertex -0.0046 -0.085 0.0105
         vertex -0.00698995 -0.085 -0.00651005
         vertex -0.00653576 -0.085 -0.00620657
      endloop
   endfacet
   facet normal 0 -1 -6.93889e-16
      outer loop
         vertex -0.00405 -0.085 0.0155
         vertex -0.00546424 -0.085 0.0117934
         vertex -0.00501005 -0.085 0.0114899
      endloop
   endfacet
   facet normal 0 -1 -6.93889e-16
      outer loop
         vertex -0.00405 -0.085 0.0155
         vertex -0.00740404 -0.085 0.0155
         vertex -0.006 -0.085 0.0119
      endloop
   endfacet
   facet normal 0 -1 -6.93889e-16
      outer loop
         vertex -0.00653576 -0.085 0.0117934
         vertex -0.006 -0.085 0.0119
         vertex -0.00740404 -0.085 0.0155
      endloop
   endfacet
   facet normal 0 -1 -6.93889e-16
      outer loop
         vertex -0.00653576 -0.085 0.0117934
         vertex -0.00849318 -0.085 0.0155
         vertex -0.009 -0.085 0.015
      endloop
   endfacet
   facet normal 0 -1 -6.93889e-16
      outer loop
         vertex -0.003 -0.085 -0.0117
         vertex -0.00470657 -0.085 -0.00803576
         vertex -0.00501005 -0.085 -0.00848995
      endloop
   endfacet
   facet normal 0 -1 -6.93889e-16
      outer loop
         vertex -0.003 -0.085 0.0155
         vertex -0.00470657 -0.085 -0.00696424
         vertex -0.0046 -0.085 -0.0075
      endloop
   endfacet
   facet normal 0 -1 -6.93889e-16
      outer loop
         vertex -0.003 -0.085 0.0155
         vertex -0.00546424 -0.085 -0.00620657
         vertex -0.00501005 -0.085 -0.00651005
      endloop
   endfacet
   facet normal 0 -1 -6.93889e-16
      outer loop
         vertex -0.00653576 -0.085 -0.00620657
         vertex -0.006 -0.085 -0.0061
         vertex -0.0046 -0.085 0.0105
      endloop
   endfacet
   facet normal 0 -1 -6.93889e-16
      outer loop
         vertex -0.006 -0.085 0.0119
         vertex -0.00546424 -0.085 0.0117934
         vertex -0.00405 -0.085 0.0155
      endloop
   endfacet
   facet normal 0 -1 -6.93889e-16
      outer loop
         vertex -0.009 -0.085 0.015
         vertex -0.00698995 -0.085 0.0114899
         vertex -0.00653576 -0.085 0.0117934
      endloop
   endfacet
   facet normal 0 -1 -6.93889e-16
      outer loop
         vertex -0.009 -0.085 0.0125
         vertex -0.009 -0.085 -0.0117569
         vertex -0.00729343 -0.085 0.00996424
      endloop
   endfacet
   facet normal 0 -1 -6.93889e-16
      outer loop
         vertex -0.00653576 -0.085 0.00920657
         vertex -0.009 -0.085 -0.0117569
         vertex -0.0074 -0.085 -0.0075
      endloop
   endfacet
   facet normal 0 -1 -6.93889e-16
      outer loop
         vertex -0.003 -0.085 -0.0117
         vertex -0.00501005 -0.085 -0.00848995
         vertex -0.00546424 -0.085 -0.00879343
      endloop
   endfacet
   facet normal 0 -1 -6.93889e-16
      outer loop
         vertex -0.0046 -0.085 -0.0075
         vertex -0.003 -0.085 -0.0117
         vertex -0.003 -0.085 0.0155
      endloop
   endfacet
   facet normal 0 -1 -6.93889e-16
      outer loop
         vertex -0.0046 -0.085 0.0105
         vertex -0.006 -0.085 -0.0061
         vertex -0.00546424 -0.085 -0.00620657
      endloop
   endfacet
   facet normal 0 -1 -6.93889e-16
      outer loop
         vertex -0.00740404 -0.085 0.0155
         vertex -0.00849318 -0.085 0.0155
         vertex -0.00653576 -0.085 0.0117934
      endloop
   endfacet
   facet normal 0 -1 -6.93889e-16
      outer loop
         vertex -0.009 -0.085 -0.0117569
         vertex -0.00698995 -0.085 0.00951005
         vertex -0.00729343 -0.085 0.00996424
      endloop
   endfacet
   facet normal 0 -1 -6.93889e-16
      outer loop
         vertex -0.009 -0.085 -0.0117569
         vertex -0.00729343 -0.085 -0.00803576
         vertex -0.0074 -0.085 -0.0075
      endloop
   endfacet
   facet normal 0 -1 -6.93889e-16
      outer loop
         vertex -0.0046 -0.085 -0.0075
         vertex -0.00470657 -0.085 -0.00803576
         vertex -0.003 -0.085 -0.0117
      endloop
   endfacet
   facet normal 0 -1 -6.93889e-16
      outer loop
         vertex -0.00501005 -0.085 0.0114899
         vertex -0.00470657 -0.085 0.0110358
         vertex -0.003 -0.085 0.0155
      endloop
   endfacet
   facet normal 0 -1 -6.93889e-16
      outer loop
         vertex -0.00698995 -0.085 0.0114899
         vertex -0.009 -0.085 0.015
         vertex -0.009 -0.085 0.0125
      endloop
   endfacet
   facet normal 0 -1 -6.93889e-16
      outer loop
         vertex -0.00729343 -0.085 0.00996424
         vertex -0.0074 -0.085 0.0105
         vertex -0.009 -0.085 0.0125
      endloop
   endfacet
   facet normal 0 -1 -6.93889e-16
      outer loop
         vertex -0.009 -0.085 -0.0117569
         vertex -0.00698995 -0.085 -0.00848995
         vertex -0.00729343 -0.085 -0.00803576
      endloop
   endfacet
   facet normal 0 -1 -6.93889e-16
      outer loop
         vertex -0.00653576 -0.085 -0.00879343
         vertex -0.00698995 -0.085 -0.00848995
         vertex -0.009 -0.085 -0.0117569
      endloop
   endfacet
   facet normal 0 -1 -6.93889e-16
      outer loop
         vertex -0.00831952 -0.085 -0.0125
         vertex -0.0038 -0.085 -0.0125
         vertex -0.006 -0.085 -0.0089
      endloop
   endfacet
   facet normal 0 -1 -6.93889e-16
      outer loop
         vertex -0.00501005 -0.085 -0.00651005
         vertex -0.00470657 -0.085 -0.00696424
         vertex -0.003 -0.085 0.0155
      endloop
   endfacet
   facet normal 0 -1 -6.93889e-16
      outer loop
         vertex -0.0074 -0.085 0.0105
         vertex -0.00729343 -0.085 0.0110358
         vertex -0.009 -0.085 0.0125
      endloop
   endfacet
   facet normal 0 -1 -6.93889e-16
      outer loop
         vertex -0.0074 -0.085 -0.0075
         vertex -0.006 -0.085 0.0091
         vertex -0.00653576 -0.085 0.00920657
      endloop
   endfacet
   facet normal 0 -1 -6.93889e-16
      outer loop
         vertex -0.006 -0.085 -0.0089
         vertex -0.00653576 -0.085 -0.00879343
         vertex -0.00831952 -0.085 -0.0125
      endloop
   endfacet
   facet normal 0 -1 -6.93889e-16
      outer loop
         vertex -0.0074 -0.085 -0.0075
         vertex -0.00501005 -0.085 0.00951005
         vertex -0.00546424 -0.085 0.00920657
      endloop
   endfacet
   facet normal 0 -1 -6.93889e-16
      outer loop
         vertex -0.00729343 -0.085 -0.00696424
         vertex -0.0046 -0.085 0.0105
         vertex -0.00470657 -0.085 0.00996424
      endloop
   endfacet
   facet normal 0 -1 -6.93889e-16
      outer loop
         vertex -0.009 -0.085 0.0125
         vertex -0.00729343 -0.085 0.0110358
         vertex -0.00698995 -0.085 0.0114899
      endloop
   endfacet
   facet normal 0 -1 -6.93889e-16
      outer loop
         vertex -0.009 -0.085 -0.0117569
         vertex -0.00831952 -0.085 -0.0125
         vertex -0.00653576 -0.085 -0.00879343
      endloop
   endfacet
   facet normal 0 -1 -6.93889e-16
      outer loop
         vertex -0.0074 -0.085 -0.0075
         vertex -0.00470657 -0.085 0.00996424
         vertex -0.00501005 -0.085 0.00951005
      endloop
   endfacet
   facet normal 0 -1 -6.93889e-16
      outer loop
         vertex -0.00470657 -0.085 0.00996424
         vertex -0.0074 -0.085 -0.0075
         vertex -0.00729343 -0.085 -0.00696424
      endloop
   endfacet
   facet normal 0 -1 -6.93889e-16
      outer loop
         vertex -0.00653576 -0.085 0.00920657
         vertex -0.00698995 -0.085 0.00951005
         vertex -0.009 -0.085 -0.0117569
      endloop
   endfacet
   facet normal 0 -1 -6.93889e-16
      outer loop
         vertex -0.00729343 -0.085 -0.00696424
         vertex -0.00698995 -0.085 -0.00651005
         vertex -0.0046 -0.085 0.0105
      endloop
   endfacet
   facet normal 0 -1 -6.93889e-16
      outer loop
         vertex -0.00546424 -0.085 0.00920657
         vertex -0.006 -0.085 0.0091
         vertex -0.0074 -0.085 -0.0075
      endloop
   endfacet
   facet normal 0 -1 -6.93889e-16
      outer loop
         vertex -0.00546424 -0.085 -0.00879343
         vertex -0.006 -0.085 -0.0089
         vertex -0.0038 -0.085 -0.0125
      endloop
   endfacet
   facet normal 0 6.93889e-16 -1
      outer loop
         vertex -0.00831952 -0.085 -0.0125
         vertex -0.00831952 -0.0842114 -0.0125
         vertex -0.0038 -0.0842114 -0.0125
      endloop
   endfacet
   facet normal 0 6.93889e-16 -1
      outer loop
         vertex -0.0038 -0.0842114 -0.0125
         vertex -0.0038 -0.085 -0.0125
         vertex -0.00831952 -0.085 -0.0125
      endloop
   endfacet
   facet normal 0.707107 4.05797e-16 -0.707107
      outer loop
         vertex -0.003 -0.0842114 -0.0117
         vertex -0.003 -0.085 -0.0117
         vertex -0.0038 -0.085 -0.0125
      endloop
   endfacet
   facet normal 0.707107 4.05797e-16 -0.707107
      outer loop
         vertex -0.0038 -0.085 -0.0125
         vertex -0.0038 -0.0842114 -0.0125
         vertex -0.003 -0.0842114 -0.0117
      endloop
   endfacet
   facet normal 0.707107 0.5 -0.5
      outer loop
         vertex -0.0038 -0.0771403 -0.00957107
         vertex -0.003 -0.077706 -0.00900538
         vertex -0.003 -0.0806907 -0.0109997
      endloop
   endfacet
   facet normal 0.707107 0.270598 -0.653281
      outer loop
         vertex -0.0038 -0.0803845 -0.0117388
         vertex -0.003 -0.0806907 -0.0109997
         vertex -0.003 -0.0842114 -0.0117
      endloop
   endfacet
   facet normal 0.707107 0 -0.707107
      outer loop
         vertex -0.003 -0.0842114 -0.0117
         vertex -0.0038 -0.0842114 -0.0125
         vertex -0.0038 -0.0803845 -0.0117388
      endloop
   endfacet
   facet normal 0.707107 0.270598 -0.653281
      outer loop
         vertex -0.003 -0.0806907 -0.0109997
         vertex -0.0038 -0.0803845 -0.0117388
         vertex -0.0038 -0.0771403 -0.00957107
      endloop
   endfacet
   facet normal -0.737501 5.90059e-16 -0.675346
      outer loop
         vertex -0.00831952 -0.0842114 -0.0125
         vertex -0.00831952 -0.085 -0.0125
         vertex -0.009 -0.085 -0.0117569
      endloop
   endfacet
   facet normal -0.737501 5.90059e-16 -0.675346
      outer loop
         vertex -0.009 -0.085 -0.0117569
         vertex -0.009 -0.0842114 -0.0117569
         vertex -0.00831952 -0.0842114 -0.0125
      endloop
   endfacet
   facet normal 0 0 -1
      outer loop
         vertex -0.0038 -0.0842114 -0.0125
         vertex -0.00831952 -0.0842114 -0.0125
         vertex -0.00831952 -0.0803845 -0.0117388
      endloop
   endfacet
   facet normal 0 0.382683 -0.92388
      outer loop
         vertex -0.0038 -0.0803845 -0.0117388
         vertex -0.00831952 -0.0803845 -0.0117388
         vertex -0.00831952 -0.0771403 -0.00957107
      endloop
   endfacet
   facet normal 0 0.707107 -0.707107
      outer loop
         vertex -0.00831952 -0.0771403 -0.00957107
         vertex -0.0038 -0.0771403 -0.00957107
         vertex -0.0038 -0.0803845 -0.0117388
      endloop
   endfacet
   facet normal 0 0.382683 -0.92388
      outer loop
         vertex -0.00831952 -0.0803845 -0.0117388
         vertex -0.0038 -0.0803845 -0.0117388
         vertex -0.0038 -0.0842114 -0.0125
      endloop
   endfacet
   facet normal 0.707107 0.5 -0.5
      outer loop
         vertex -0.003 -0.0735638 -0.00486325
         vertex -0.003 -0.077706 -0.00900538
         vertex -0.0038 -0.0771403 -0.00957107
      endloop
   endfacet
   facet normal 0.707107 0.5 -0.5
      outer loop
         vertex -0.0038 -0.0771403 -0.00957107
         vertex -0.0038 -0.0729981 -0.00542893
         vertex -0.003 -0.0735638 -0.00486325
      endloop
   endfacet
   facet normal -0.737501 0 -0.675346
      outer loop
         vertex -0.00831952 -0.0842114 -0.0125
         vertex -0.009 -0.0842114 -0.0117569
         vertex -0.009 -0.0806689 -0.0110523
      endloop
   endfacet
   facet normal -0.737501 0.258444 -0.623939
      outer loop
         vertex -0.00831952 -0.0803845 -0.0117388
         vertex -0.009 -0.0806689 -0.0110523
         vertex -0.009 -0.0776657 -0.00904561
      endloop
   endfacet
   facet normal -0.737501 0.477542 -0.477542
      outer loop
         vertex -0.009 -0.0776657 -0.00904561
         vertex -0.00831952 -0.0771403 -0.00957107
         vertex -0.00831952 -0.0803845 -0.0117388
      endloop
   endfacet
   facet normal -0.737501 0.258444 -0.623939
      outer loop
         vertex -0.009 -0.0806689 -0.0110523
         vertex -0.00831952 -0.0803845 -0.0117388
         vertex -0.00831952 -0.0842114 -0.0125
      endloop
   endfacet
   facet normal 0 0.707107 -0.707107
      outer loop
         vertex -0.00831952 -0.0771403 -0.00957107
         vertex -0.00831952 -0.0729981 -0.00542893
         vertex -0.0038 -0.0729981 -0.00542893
      endloop
   endfacet
   facet normal 0 0.707107 -0.707107
      outer loop
         vertex -0.0038 -0.0729981 -0.00542893
         vertex -0.0038 -0.0771403 -0.00957107
         vertex -0.00831952 -0.0771403 -0.00957107
      endloop
   endfacet
   facet normal 0.707107 0 -0.707107
      outer loop
         vertex -0.003 -0.0659271 -0.0017
         vertex -0.003 -0.0700601 -0.0025221
         vertex -0.0038 -0.0697539 -0.0032612
      endloop
   endfacet
   facet normal 0.707107 0.270598 -0.653281
      outer loop
         vertex -0.003 -0.0700601 -0.0025221
         vertex -0.003 -0.0735638 -0.00486325
         vertex -0.0038 -0.0729981 -0.00542893
      endloop
   endfacet
   facet normal 0.707107 0.5 -0.5
      outer loop
         vertex -0.0038 -0.0729981 -0.00542893
         vertex -0.0038 -0.0697539 -0.0032612
         vertex -0.003 -0.0700601 -0.0025221
      endloop
   endfacet
   facet normal 0.707107 0.270598 -0.653281
      outer loop
         vertex -0.0038 -0.0697539 -0.0032612
         vertex -0.0038 -0.0659271 -0.0025
         vertex -0.003 -0.0659271 -0.0017
      endloop
   endfacet
   facet normal -0.737501 0.477542 -0.477542
      outer loop
         vertex -0.009 -0.0776657 -0.00904561
         vertex -0.009 -0.0735236 -0.00490348
         vertex -0.00831952 -0.0729981 -0.00542893
      endloop
   endfacet
   facet normal -0.737501 0.477542 -0.477542
      outer loop
         vertex -0.00831952 -0.0729981 -0.00542893
         vertex -0.00831952 -0.0771403 -0.00957107
         vertex -0.009 -0.0776657 -0.00904561
      endloop
   endfacet
   facet normal 0 0.382683 -0.92388
      outer loop
         vertex -0.0038 -0.0697539 -0.0032612
         vertex -0.0038 -0.0729981 -0.00542893
         vertex -0.00831952 -0.0729981 -0.00542893
      endloop
   endfacet
   facet normal 0 0 -1
      outer loop
         vertex -0.0038 -0.0659271 -0.0025
         vertex -0.0038 -0.0697539 -0.0032612
         vertex -0.00831952 -0.0697539 -0.0032612
      endloop
   endfacet
   facet normal 0 0.382683 -0.92388
      outer loop
         vertex -0.00831952 -0.0697539 -0.0032612
         vertex -0.00831952 -0.0659271 -0.0025
         vertex -0.0038 -0.0659271 -0.0025
      endloop
   endfacet
   facet normal 0 0.707107 -0.707107
      outer loop
         vertex -0.00831952 -0.0729981 -0.00542893
         vertex -0.00831952 -0.0697539 -0.0032612
         vertex -0.0038 -0.0697539 -0.0032612
      endloop
   endfacet
   facet normal 0.707107 4.05797e-16 -0.707107
      outer loop
         vertex -0.003 -0.0659271 -0.0017
         vertex -0.0038 -0.0659271 -0.0025
         vertex -0.0038 -0.055 -0.0025
      endloop
   endfacet
   facet normal 0.707107 4.05797e-16 -0.707107
      outer loop
         vertex -0.0038 -0.055 -0.0025
         vertex -0.003 -0.055 -0.0017
         vertex -0.003 -0.0659271 -0.0017
      endloop
   endfacet
   facet normal -0.737501 0.477542 -0.477542
      outer loop
         vertex -0.009 -0.0735236 -0.00490348
         vertex -0.009 -0.0700383 -0.00257466
         vertex -0.00831952 -0.0697539 -0.0032612
      endloop
   endfacet
   facet normal -0.737501 0.258444 -0.623939
      outer loop
         vertex -0.009 -0.0700383 -0.00257466
         vertex -0.009 -0.0659271 -0.00175689
         vertex -0.00831952 -0.0659271 -0.0025
      endloop
   endfacet
   facet normal -0.737501 0 -0.675346
      outer loop
         vertex -0.00831952 -0.0659271 -0.0025
         vertex -0.00831952 -0.0697539 -0.0032612
         vertex -0.009 -0.0700383 -0.00257466
      endloop
   endfacet
   facet normal -0.737501 0.258444 -0.623939
      outer loop
         vertex -0.00831952 -0.0697539 -0.0032612
         vertex -0.00831952 -0.0729981 -0.00542893
         vertex -0.009 -0.0735236 -0.00490348
      endloop
   endfacet
   facet normal -0.737501 0 -0.675346
      outer loop
         vertex -0.00831952 -0.057 -0.0025
         vertex -0.00831952 -0.0659271 -0.0025
         vertex -0.009 -0.0659271 -0.00175689
      endloop
   endfacet
   facet normal -0.737501 0 -0.675346
      outer loop
         vertex -0.009 -0.0659271 -0.00175689
         vertex -0.009 -0.057 -0.00175689
         vertex -0.00831952 -0.057 -0.0025
      endloop
   endfacet
   facet normal -0.69759 -0.11562 0.707107
      outer loop
         vertex -0.015 -0.0487992 0.015
         vertex -0.0127319 -0.0594257 0.0155
         vertex -0.0134132 -0.0553153 0.0155
      endloop
   endfacet
   facet normal -0.69759 -0.11562 0.707107
      outer loop
         vertex -0.015 -0.0487992 0.015
         vertex -0.0123047 -0.0620033 0.0155
         vertex -0.0127319 -0.0594257 0.0155
      endloop
   endfacet
   facet normal -0.69759 -0.11562 0.707107
      outer loop
         vertex -0.015 -0.0487992 0.015
         vertex -0.009 -0.085 0.015
         vertex -0.0113246 -0.0679169 0.0155
      endloop
   endfacet
   facet normal -0.69759 -0.11562 0.707107
      outer loop
         vertex -0.0113246 -0.0679169 0.0155
         vertex -0.0123047 -0.0620033 0.0155
         vertex -0.015 -0.0487992 0.015
      endloop
   endfacet
   facet normal -0.69759 -0.11562 0.707107
      outer loop
         vertex -0.009 -0.085 0.015
         vertex -0.00920952 -0.080678 0.0155
         vertex -0.00982904 -0.0769401 0.0155
      endloop
   endfacet
   facet normal -0.69759 -0.11562 0.707107
      outer loop
         vertex -0.00982904 -0.0769401 0.0155
         vertex -0.0113246 -0.0679169 0.0155
         vertex -0.009 -0.085 0.015
      endloop
   endfacet
   facet normal -0.69759 -0.11562 0.707107
      outer loop
         vertex -0.009 -0.085 0.015
         vertex -0.00849318 -0.085 0.0155
         vertex -0.00920952 -0.080678 0.0155
      endloop
   endfacet
   facet normal -0.69759 -0.11562 0.707107
      outer loop
         vertex -0.0134132 -0.0553153 0.0155
         vertex -0.0145 -0.0487581 0.0155
         vertex -0.015 -0.0487992 0.015
      endloop
   endfacet
   facet normal 0.382683 6.4107e-16 -0.92388
      outer loop
         vertex -0.00653576 -0.0844 0.0117934
         vertex -0.006 -0.0844 0.0119
         vertex -0.006 -0.085 0.0119
      endloop
   endfacet
   facet normal 0.707107 4.90654e-16 -0.707107
      outer loop
         vertex -0.00698995 -0.0844 0.0114899
         vertex -0.00653576 -0.0844 0.0117934
         vertex -0.00653576 -0.085 0.0117934
      endloop
   endfacet
   facet normal 0.92388 2.6554e-16 -0.382683
      outer loop
         vertex -0.00729343 -0.0844 0.0110358
         vertex -0.00698995 -0.0844 0.0114899
         vertex -0.00698995 -0.085 0.0114899
      endloop
   endfacet
   facet normal 1 -1.27465e-31 1.83697e-16
      outer loop
         vertex -0.0074 -0.0844 0.0105
         vertex -0.00729343 -0.0844 0.0110358
         vertex -0.00729343 -0.085 0.0110358
      endloop
   endfacet
   facet normal 0.92388 -2.6554e-16 0.382683
      outer loop
         vertex -0.00729343 -0.0844 0.00996424
         vertex -0.0074 -0.0844 0.0105
         vertex -0.0074 -0.085 0.0105
      endloop
   endfacet
   facet normal 0.707107 -4.90654e-16 0.707107
      outer loop
         vertex -0.00698995 -0.0844 0.00951005
         vertex -0.00729343 -0.0844 0.00996424
         vertex -0.00729343 -0.085 0.00996424
      endloop
   endfacet
   facet normal 0.382683 -6.4107e-16 0.92388
      outer loop
         vertex -0.00653576 -0.0844 0.00920657
         vertex -0.00698995 -0.0844 0.00951005
         vertex -0.00698995 -0.085 0.00951005
      endloop
   endfacet
   facet normal -1.22465e-16 -6.93889e-16 1
      outer loop
         vertex -0.006 -0.0844 0.0091
         vertex -0.00653576 -0.0844 0.00920657
         vertex -0.00653576 -0.085 0.00920657
      endloop
   endfacet
   facet normal -0.382683 -6.4107e-16 0.92388
      outer loop
         vertex -0.00546424 -0.0844 0.00920657
         vertex -0.006 -0.0844 0.0091
         vertex -0.006 -0.085 0.0091
      endloop
   endfacet
   facet normal -0.707107 -4.90654e-16 0.707107
      outer loop
         vertex -0.00501005 -0.0844 0.00951005
         vertex -0.00546424 -0.0844 0.00920657
         vertex -0.00546424 -0.085 0.00920657
      endloop
   endfacet
   facet normal -0.92388 -2.6554e-16 0.382683
      outer loop
         vertex -0.00470657 -0.0844 0.00996424
         vertex -0.00501005 -0.0844 0.00951005
         vertex -0.00501005 -0.085 0.00951005
      endloop
   endfacet
   facet normal -1 4.24885e-32 -6.12323e-17
      outer loop
         vertex -0.0046 -0.0844 0.0105
         vertex -0.00470657 -0.0844 0.00996424
         vertex -0.00470657 -0.085 0.00996424
      endloop
   endfacet
   facet normal -0.92388 2.6554e-16 -0.382683
      outer loop
         vertex -0.00470657 -0.0844 0.0110358
         vertex -0.0046 -0.0844 0.0105
         vertex -0.0046 -0.085 0.0105
      endloop
   endfacet
   facet normal -0.707107 4.90654e-16 -0.707107
      outer loop
         vertex -0.00501005 -0.0844 0.0114899
         vertex -0.00470657 -0.0844 0.0110358
         vertex -0.00470657 -0.085 0.0110358
      endloop
   endfacet
   facet normal -0.382683 6.4107e-16 -0.92388
      outer loop
         vertex -0.00546424 -0.0844 0.0117934
         vertex -0.00501005 -0.0844 0.0114899
         vertex -0.00501005 -0.085 0.0114899
      endloop
   endfacet
   facet normal 0 1.23909e-15 -1
      outer loop
         vertex -0.006 -0.0844 0.0119
         vertex -0.00546424 -0.0844 0.0117934
         vertex -0.00546424 -0.085 0.0117934
      endloop
   endfacet
   facet normal -0.382683 6.4107e-16 -0.92388
      outer loop
         vertex -0.00546424 -0.085 0.0117934
         vertex -0.006 -0.085 0.0119
         vertex -0.006 -0.0844 0.0119
      endloop
   endfacet
   facet normal -0.707107 4.90654e-16 -0.707107
      outer loop
         vertex -0.00501005 -0.085 0.0114899
         vertex -0.00546424 -0.085 0.0117934
         vertex -0.00546424 -0.0844 0.0117934
      endloop
   endfacet
   facet normal -0.92388 2.6554e-16 -0.382683
      outer loop
         vertex -0.00470657 -0.085 0.0110358
         vertex -0.00501005 -0.085 0.0114899
         vertex -0.00501005 -0.0844 0.0114899
      endloop
   endfacet
   facet normal -1 4.24885e-32 -6.12323e-17
      outer loop
         vertex -0.0046 -0.085 0.0105
         vertex -0.00470657 -0.085 0.0110358
         vertex -0.00470657 -0.0844 0.0110358
      endloop
   endfacet
   facet normal -0.92388 -2.6554e-16 0.382683
      outer loop
         vertex -0.00470657 -0.085 0.00996424
         vertex -0.0046 -0.085 0.0105
         vertex -0.0046 -0.0844 0.0105
      endloop
   endfacet
   facet normal -0.707107 -4.90654e-16 0.707107
      outer loop
         vertex -0.00501005 -0.085 0.00951005
         vertex -0.00470657 -0.085 0.00996424
         vertex -0.00470657 -0.0844 0.00996424
      endloop
   endfacet
   facet normal -0.382683 -6.4107e-16 0.92388
      outer loop
         vertex -0.00546424 -0.085 0.00920657
         vertex -0.00501005 -0.085 0.00951005
         vertex -0.00501005 -0.0844 0.00951005
      endloop
   endfacet
   facet normal -1.22465e-16 -6.93889e-16 1
      outer loop
         vertex -0.006 -0.085 0.0091
         vertex -0.00546424 -0.085 0.00920657
         vertex -0.00546424 -0.0844 0.00920657
      endloop
   endfacet
   facet normal 0.382683 -6.4107e-16 0.92388
      outer loop
         vertex -0.00653576 -0.085 0.00920657
         vertex -0.006 -0.085 0.0091
         vertex -0.006 -0.0844 0.0091
      endloop
   endfacet
   facet normal 0.707107 -4.90654e-16 0.707107
      outer loop
         vertex -0.00698995 -0.085 0.00951005
         vertex -0.00653576 -0.085 0.00920657
         vertex -0.00653576 -0.0844 0.00920657
      endloop
   endfacet
   facet normal 0.92388 -2.6554e-16 0.382683
      outer loop
         vertex -0.00729343 -0.085 0.00996424
         vertex -0.00698995 -0.085 0.00951005
         vertex -0.00698995 -0.0844 0.00951005
      endloop
   endfacet
   facet normal 1 -1.27465e-31 1.83697e-16
      outer loop
         vertex -0.0074 -0.085 0.0105
         vertex -0.00729343 -0.085 0.00996424
         vertex -0.00729343 -0.0844 0.00996424
      endloop
   endfacet
   facet normal 0.92388 2.6554e-16 -0.382683
      outer loop
         vertex -0.00729343 -0.085 0.0110358
         vertex -0.0074 -0.085 0.0105
         vertex -0.0074 -0.0844 0.0105
      endloop
   endfacet
   facet normal 0.707107 4.90654e-16 -0.707107
      outer loop
         vertex -0.00698995 -0.085 0.0114899
         vertex -0.00729343 -0.085 0.0110358
         vertex -0.00729343 -0.0844 0.0110358
      endloop
   endfacet
   facet normal 0.382683 6.4107e-16 -0.92388
      outer loop
         vertex -0.00653576 -0.085 0.0117934
         vertex -0.00698995 -0.085 0.0114899
         vertex -0.00698995 -0.0844 0.0114899
      endloop
   endfacet
   facet normal 0 1.23909e-15 -1
      outer loop
         vertex -0.006 -0.085 0.0119
         vertex -0.00653576 -0.085 0.0117934
         vertex -0.00653576 -0.0844 0.0117934
      endloop
   endfacet
   facet normal 0 -1 -6.93889e-16
      outer loop
         vertex -0.00470657 -0.0844 0.0110358
         vertex -0.00512231 -0.0844 0.0108635
         vertex -0.00505 -0.0844 0.0105
      endloop
   endfacet
   facet normal 0 -1 -6.93889e-16
      outer loop
         vertex -0.00470657 -0.0844 0.0110358
         vertex -0.00501005 -0.0844 0.0114899
         vertex -0.00532825 -0.0844 0.0111718
      endloop
   endfacet
   facet normal 0 -1 -6.93889e-16
      outer loop
         vertex -0.00532825 -0.0844 0.0111718
         vertex -0.00512231 -0.0844 0.0108635
         vertex -0.00470657 -0.0844 0.0110358
      endloop
   endfacet
   facet normal 0 -1 -6.93889e-16
      outer loop
         vertex -0.00546424 -0.0844 0.0117934
         vertex -0.00563645 -0.0844 0.0113777
         vertex -0.00532825 -0.0844 0.0111718
      endloop
   endfacet
   facet normal 0 -1 -6.93889e-16
      outer loop
         vertex -0.006 -0.0844 0.0119
         vertex -0.006 -0.0844 0.01145
         vertex -0.00563645 -0.0844 0.0113777
      endloop
   endfacet
   facet normal 0 -1 -6.93889e-16
      outer loop
         vertex -0.006 -0.0844 0.0119
         vertex -0.00653576 -0.0844 0.0117934
         vertex -0.00636355 -0.0844 0.0113777
      endloop
   endfacet
   facet normal 0 -1 -6.93889e-16
      outer loop
         vertex -0.00532825 -0.0844 0.0111718
         vertex -0.00501005 -0.0844 0.0114899
         vertex -0.00546424 -0.0844 0.0117934
      endloop
   endfacet
   facet normal 0 -1 -6.93889e-16
      outer loop
         vertex -0.00636355 -0.0844 0.0113777
         vertex -0.006 -0.0844 0.01145
         vertex -0.006 -0.0844 0.0119
      endloop
   endfacet
   facet normal 0 -1 -6.93889e-16
      outer loop
         vertex -0.00729343 -0.0844 0.00996424
         vertex -0.00687769 -0.0844 0.0101365
         vertex -0.00695 -0.0844 0.0105
      endloop
   endfacet
   facet normal 0 -1 -6.93889e-16
      outer loop
         vertex -0.00698995 -0.0844 0.00951005
         vertex -0.00667175 -0.0844 0.00982825
         vertex -0.00687769 -0.0844 0.0101365
      endloop
   endfacet
   facet normal 0 -1 -6.93889e-16
      outer loop
         vertex -0.00563645 -0.0844 0.0113777
         vertex -0.00546424 -0.0844 0.0117934
         vertex -0.006 -0.0844 0.0119
      endloop
   endfacet
   facet normal 0 -1 -6.93889e-16
      outer loop
         vertex -0.00653576 -0.0844 0.0117934
         vertex -0.00698995 -0.0844 0.0114899
         vertex -0.00667175 -0.0844 0.0111718
      endloop
   endfacet
   facet normal 0 -1 -6.93889e-16
      outer loop
         vertex -0.00729343 -0.0844 0.0110358
         vertex -0.00687769 -0.0844 0.0108635
         vertex -0.00667175 -0.0844 0.0111718
      endloop
   endfacet
   facet normal 0 -1 -6.93889e-16
      outer loop
         vertex -0.0074 -0.0844 0.0105
         vertex -0.00695 -0.0844 0.0105
         vertex -0.00687769 -0.0844 0.0108635
      endloop
   endfacet
   facet normal 0 -1 -6.93889e-16
      outer loop
         vertex -0.00687769 -0.0844 0.0101365
         vertex -0.00729343 -0.0844 0.00996424
         vertex -0.00698995 -0.0844 0.00951005
      endloop
   endfacet
   facet normal 0 -1 -6.93889e-16
      outer loop
         vertex -0.00653576 -0.0844 0.00920657
         vertex -0.00636355 -0.0844 0.00962231
         vertex -0.00667175 -0.0844 0.00982825
      endloop
   endfacet
   facet normal 0 -1 -6.93889e-16
      outer loop
         vertex -0.006 -0.0844 0.0091
         vertex -0.00546424 -0.0844 0.00920657
         vertex -0.00563645 -0.0844 0.00962231
      endloop
   endfacet
   facet normal 0 -1 -6.93889e-16
      outer loop
         vertex -0.00546424 -0.0844 0.00920657
         vertex -0.00501005 -0.0844 0.00951005
         vertex -0.00532825 -0.0844 0.00982825
      endloop
   endfacet
   facet normal 0 -1 -6.93889e-16
      outer loop
         vertex -0.00470657 -0.0844 0.00996424
         vertex -0.00512231 -0.0844 0.0101365
         vertex -0.00532825 -0.0844 0.00982825
      endloop
   endfacet
   facet normal 0 -1 -6.93889e-16
      outer loop
         vertex -0.00470657 -0.0844 0.00996424
         vertex -0.0046 -0.0844 0.0105
         vertex -0.00505 -0.0844 0.0105
      endloop
   endfacet
   facet normal 0 -1 -6.93889e-16
      outer loop
         vertex -0.00667175 -0.0844 0.0111718
         vertex -0.00636355 -0.0844 0.0113777
         vertex -0.00653576 -0.0844 0.0117934
      endloop
   endfacet
   facet normal 0 -1 -6.93889e-16
      outer loop
         vertex -0.00687769 -0.0844 0.0108635
         vertex -0.00729343 -0.0844 0.0110358
         vertex -0.0074 -0.0844 0.0105
      endloop
   endfacet
   facet normal 0 -1 -6.93889e-16
      outer loop
         vertex -0.00667175 -0.0844 0.00982825
         vertex -0.00698995 -0.0844 0.00951005
         vertex -0.00653576 -0.0844 0.00920657
      endloop
   endfacet
   facet normal 0 -1 -6.93889e-16
      outer loop
         vertex -0.006 -0.0844 0.0091
         vertex -0.006 -0.0844 0.00955
         vertex -0.00636355 -0.0844 0.00962231
      endloop
   endfacet
   facet normal 0 -1 -6.93889e-16
      outer loop
         vertex -0.00532825 -0.0844 0.00982825
         vertex -0.00563645 -0.0844 0.00962231
         vertex -0.00546424 -0.0844 0.00920657
      endloop
   endfacet
   facet normal 0 -1 -6.93889e-16
      outer loop
         vertex -0.00505 -0.0844 0.0105
         vertex -0.00512231 -0.0844 0.0101365
         vertex -0.00470657 -0.0844 0.00996424
      endloop
   endfacet
   facet normal 0 -1 -6.93889e-16
      outer loop
         vertex -0.00667175 -0.0844 0.0111718
         vertex -0.00698995 -0.0844 0.0114899
         vertex -0.00729343 -0.0844 0.0110358
      endloop
   endfacet
   facet normal 0 -1 -6.93889e-16
      outer loop
         vertex -0.00636355 -0.0844 0.00962231
         vertex -0.00653576 -0.0844 0.00920657
         vertex -0.006 -0.0844 0.0091
      endloop
   endfacet
   facet normal 0 -1 -6.93889e-16
      outer loop
         vertex -0.00532825 -0.0844 0.00982825
         vertex -0.00501005 -0.0844 0.00951005
         vertex -0.00470657 -0.0844 0.00996424
      endloop
   endfacet
   facet normal 0 -1 -6.93889e-16
      outer loop
         vertex -0.00695 -0.0844 0.0105
         vertex -0.0074 -0.0844 0.0105
         vertex -0.00729343 -0.0844 0.00996424
      endloop
   endfacet
   facet normal 0 -1 -6.93889e-16
      outer loop
         vertex -0.00505 -0.0844 0.0105
         vertex -0.0046 -0.0844 0.0105
         vertex -0.00470657 -0.0844 0.0110358
      endloop
   endfacet
   facet normal 0 -1 -6.93889e-16
      outer loop
         vertex -0.00563645 -0.0844 0.00962231
         vertex -0.006 -0.0844 0.00955
         vertex -0.006 -0.0844 0.0091
      endloop
   endfacet
   facet normal 0.382683 6.4107e-16 -0.92388
      outer loop
         vertex -0.00636355 -0.077 0.0113777
         vertex -0.006 -0.077 0.01145
         vertex -0.006 -0.0844 0.01145
      endloop
   endfacet
   facet normal 0.707107 4.90654e-16 -0.707107
      outer loop
         vertex -0.00667175 -0.077 0.0111718
         vertex -0.00636355 -0.077 0.0113777
         vertex -0.00636355 -0.0844 0.0113777
      endloop
   endfacet
   facet normal 0.92388 2.6554e-16 -0.382683
      outer loop
         vertex -0.00687769 -0.077 0.0108635
         vertex -0.00667175 -0.077 0.0111718
         vertex -0.00667175 -0.0844 0.0111718
      endloop
   endfacet
   facet normal 1 -1.27465e-31 1.83697e-16
      outer loop
         vertex -0.00695 -0.077 0.0105
         vertex -0.00687769 -0.077 0.0108635
         vertex -0.00687769 -0.0844 0.0108635
      endloop
   endfacet
   facet normal 0.92388 -2.6554e-16 0.382683
      outer loop
         vertex -0.00687769 -0.077 0.0101365
         vertex -0.00695 -0.077 0.0105
         vertex -0.00695 -0.0844 0.0105
      endloop
   endfacet
   facet normal 0.707107 -4.90654e-16 0.707107
      outer loop
         vertex -0.00667175 -0.077 0.00982825
         vertex -0.00687769 -0.077 0.0101365
         vertex -0.00687769 -0.0844 0.0101365
      endloop
   endfacet
   facet normal 0.382683 -6.4107e-16 0.92388
      outer loop
         vertex -0.00636355 -0.077 0.00962231
         vertex -0.00667175 -0.077 0.00982825
         vertex -0.00667175 -0.0844 0.00982825
      endloop
   endfacet
   facet normal -1.22465e-16 -6.93889e-16 1
      outer loop
         vertex -0.006 -0.077 0.00955
         vertex -0.00636355 -0.077 0.00962231
         vertex -0.00636355 -0.0844 0.00962231
      endloop
   endfacet
   facet normal -0.382683 -6.4107e-16 0.92388
      outer loop
         vertex -0.00563645 -0.077 0.00962231
         vertex -0.006 -0.077 0.00955
         vertex -0.006 -0.0844 0.00955
      endloop
   endfacet
   facet normal -0.707107 -4.90654e-16 0.707107
      outer loop
         vertex -0.00532825 -0.077 0.00982825
         vertex -0.00563645 -0.077 0.00962231
         vertex -0.00563645 -0.0844 0.00962231
      endloop
   endfacet
   facet normal -0.92388 -2.6554e-16 0.382683
      outer loop
         vertex -0.00512231 -0.077 0.0101365
         vertex -0.00532825 -0.077 0.00982825
         vertex -0.00532825 -0.0844 0.00982825
      endloop
   endfacet
   facet normal -1 -2.6566e-31 3.82857e-16
      outer loop
         vertex -0.00505 -0.077 0.0105
         vertex -0.00512231 -0.077 0.0101365
         vertex -0.00512231 -0.0844 0.0101365
      endloop
   endfacet
   facet normal -0.92388 2.6554e-16 -0.382683
      outer loop
         vertex -0.00512231 -0.077 0.0108635
         vertex -0.00505 -0.077 0.0105
         vertex -0.00505 -0.0844 0.0105
      endloop
   endfacet
   facet normal -0.707107 4.90654e-16 -0.707107
      outer loop
         vertex -0.00532825 -0.077 0.0111718
         vertex -0.00512231 -0.077 0.0108635
         vertex -0.00512231 -0.0844 0.0108635
      endloop
   endfacet
   facet normal -0.382683 6.4107e-16 -0.92388
      outer loop
         vertex -0.00563645 -0.077 0.0113777
         vertex -0.00532825 -0.077 0.0111718
         vertex -0.00532825 -0.0844 0.0111718
      endloop
   endfacet
   facet normal 0 0 -1
      outer loop
         vertex -0.006 -0.077 0.01145
         vertex -0.00563645 -0.077 0.0113777
         vertex -0.00563645 -0.0844 0.0113777
      endloop
   endfacet
   facet normal -0.382683 6.4107e-16 -0.92388
      outer loop
         vertex -0.00563645 -0.0844 0.0113777
         vertex -0.006 -0.0844 0.01145
         vertex -0.006 -0.077 0.01145
      endloop
   endfacet
   facet normal -0.707107 4.90654e-16 -0.707107
      outer loop
         vertex -0.00532825 -0.0844 0.0111718
         vertex -0.00563645 -0.0844 0.0113777
         vertex -0.00563645 -0.077 0.0113777
      endloop
   endfacet
   facet normal -0.92388 2.6554e-16 -0.382683
      outer loop
         vertex -0.00512231 -0.0844 0.0108635
         vertex -0.00532825 -0.0844 0.0111718
         vertex -0.00532825 -0.077 0.0111718
      endloop
   endfacet
   facet normal -1 -2.6566e-31 3.82857e-16
      outer loop
         vertex -0.00505 -0.0844 0.0105
         vertex -0.00512231 -0.0844 0.0108635
         vertex -0.00512231 -0.077 0.0108635
      endloop
   endfacet
   facet normal -0.92388 -2.6554e-16 0.382683
      outer loop
         vertex -0.00512231 -0.0844 0.0101365
         vertex -0.00505 -0.0844 0.0105
         vertex -0.00505 -0.077 0.0105
      endloop
   endfacet
   facet normal -0.707107 -4.90654e-16 0.707107
      outer loop
         vertex -0.00532825 -0.0844 0.00982825
         vertex -0.00512231 -0.0844 0.0101365
         vertex -0.00512231 -0.077 0.0101365
      endloop
   endfacet
   facet normal -0.382683 -6.4107e-16 0.92388
      outer loop
         vertex -0.00563645 -0.0844 0.00962231
         vertex -0.00532825 -0.0844 0.00982825
         vertex -0.00532825 -0.077 0.00982825
      endloop
   endfacet
   facet normal -1.22465e-16 -6.93889e-16 1
      outer loop
         vertex -0.006 -0.0844 0.00955
         vertex -0.00563645 -0.0844 0.00962231
         vertex -0.00563645 -0.077 0.00962231
      endloop
   endfacet
   facet normal 0.382683 -6.4107e-16 0.92388
      outer loop
         vertex -0.00636355 -0.0844 0.00962231
         vertex -0.006 -0.0844 0.00955
         vertex -0.006 -0.077 0.00955
      endloop
   endfacet
   facet normal 0.707107 -4.90654e-16 0.707107
      outer loop
         vertex -0.00667175 -0.0844 0.00982825
         vertex -0.00636355 -0.0844 0.00962231
         vertex -0.00636355 -0.077 0.00962231
      endloop
   endfacet
   facet normal 0.92388 -2.6554e-16 0.382683
      outer loop
         vertex -0.00687769 -0.0844 0.0101365
         vertex -0.00667175 -0.0844 0.00982825
         vertex -0.00667175 -0.077 0.00982825
      endloop
   endfacet
   facet normal 1 -1.27465e-31 1.83697e-16
      outer loop
         vertex -0.00695 -0.0844 0.0105
         vertex -0.00687769 -0.0844 0.0101365
         vertex -0.00687769 -0.077 0.0101365
      endloop
   endfacet
   facet normal 0.92388 2.6554e-16 -0.382683
      outer loop
         vertex -0.00687769 -0.0844 0.0108635
         vertex -0.00695 -0.0844 0.0105
         vertex -0.00695 -0.077 0.0105
      endloop
   endfacet
   facet normal 0.707107 4.90654e-16 -0.707107
      outer loop
         vertex -0.00667175 -0.0844 0.0111718
         vertex -0.00687769 -0.0844 0.0108635
         vertex -0.00687769 -0.077 0.0108635
      endloop
   endfacet
   facet normal 0.382683 6.4107e-16 -0.92388
      outer loop
         vertex -0.00636355 -0.0844 0.0113777
         vertex -0.00667175 -0.0844 0.0111718
         vertex -0.00667175 -0.077 0.0111718
      endloop
   endfacet
   facet normal 0 0 -1
      outer loop
         vertex -0.006 -0.0844 0.01145
         vertex -0.00636355 -0.0844 0.0113777
         vertex -0.00636355 -0.077 0.0113777
      endloop
   endfacet
   facet normal 0.100479 -0.857167 0.505142
      outer loop
         vertex -0.006 -0.0764292 0.0105
         vertex -0.00636355 -0.077 0.00962231
         vertex -0.006 -0.077 0.00955
      endloop
   endfacet
   facet normal 0.28614 -0.857167 0.428239
      outer loop
         vertex -0.006 -0.0764292 0.0105
         vertex -0.00667175 -0.077 0.00982825
         vertex -0.00636355 -0.077 0.00962231
      endloop
   endfacet
   facet normal 0.428239 -0.857167 0.28614
      outer loop
         vertex -0.006 -0.0764292 0.0105
         vertex -0.00687769 -0.077 0.0101365
         vertex -0.00667175 -0.077 0.00982825
      endloop
   endfacet
   facet normal 0.505142 -0.857167 0.100479
      outer loop
         vertex -0.006 -0.0764292 0.0105
         vertex -0.00695 -0.077 0.0105
         vertex -0.00687769 -0.077 0.0101365
      endloop
   endfacet
   facet normal 0.505142 -0.857167 -0.100479
      outer loop
         vertex -0.006 -0.0764292 0.0105
         vertex -0.00687769 -0.077 0.0108635
         vertex -0.00695 -0.077 0.0105
      endloop
   endfacet
   facet normal 0.428239 -0.857167 -0.28614
      outer loop
         vertex -0.006 -0.0764292 0.0105
         vertex -0.00667175 -0.077 0.0111718
         vertex -0.00687769 -0.077 0.0108635
      endloop
   endfacet
   facet normal 0.28614 -0.857167 -0.428239
      outer loop
         vertex -0.006 -0.0764292 0.0105
         vertex -0.00636355 -0.077 0.0113777
         vertex -0.00667175 -0.077 0.0111718
      endloop
   endfacet
   facet normal 0.100479 -0.857167 -0.505142
      outer loop
         vertex -0.006 -0.0764292 0.0105
         vertex -0.006 -0.077 0.01145
         vertex -0.00636355 -0.077 0.0113777
      endloop
   endfacet
   facet normal -0.100479 -0.857167 -0.505142
      outer loop
         vertex -0.006 -0.0764292 0.0105
         vertex -0.00563645 -0.077 0.0113777
         vertex -0.006 -0.077 0.01145
      endloop
   endfacet
   facet normal -0.28614 -0.857167 -0.428239
      outer loop
         vertex -0.006 -0.0764292 0.0105
         vertex -0.00532825 -0.077 0.0111718
         vertex -0.00563645 -0.077 0.0113777
      endloop
   endfacet
   facet normal -0.428239 -0.857167 -0.28614
      outer loop
         vertex -0.006 -0.0764292 0.0105
         vertex -0.00512231 -0.077 0.0108635
         vertex -0.00532825 -0.077 0.0111718
      endloop
   endfacet
   facet normal -0.505142 -0.857167 -0.100479
      outer loop
         vertex -0.006 -0.0764292 0.0105
         vertex -0.00505 -0.077 0.0105
         vertex -0.00512231 -0.077 0.0108635
      endloop
   endfacet
   facet normal -0.505142 -0.857167 0.100479
      outer loop
         vertex -0.006 -0.0764292 0.0105
         vertex -0.00512231 -0.077 0.0101365
         vertex -0.00505 -0.077 0.0105
      endloop
   endfacet
   facet normal -0.428239 -0.857167 0.28614
      outer loop
         vertex -0.006 -0.0764292 0.0105
         vertex -0.00532825 -0.077 0.00982825
         vertex -0.00512231 -0.077 0.0101365
      endloop
   endfacet
   facet normal -0.28614 -0.857167 0.428239
      outer loop
         vertex -0.006 -0.0764292 0.0105
         vertex -0.00563645 -0.077 0.00962231
         vertex -0.00532825 -0.077 0.00982825
      endloop
   endfacet
   facet normal -0.100479 -0.857167 0.505142
      outer loop
         vertex -0.006 -0.0764292 0.0105
         vertex -0.006 -0.077 0.00955
         vertex -0.00563645 -0.077 0.00962231
      endloop
   endfacet
   facet normal -1 1.64669e-16 1.14262e-31
      outer loop
         vertex -0.009 -0.085 0.0125
         vertex -0.009 -0.0776657 -0.00904561
         vertex -0.009 -0.0806689 -0.0110523
      endloop
   endfacet
   facet normal -1 1.64669e-16 1.14262e-31
      outer loop
         vertex -0.009 -0.0806689 -0.0110523
         vertex -0.009 -0.0842114 -0.0117569
         vertex -0.009 -0.085 0.0125
      endloop
   endfacet
   facet normal -1 1.64669e-16 1.14262e-31
      outer loop
         vertex -0.009 -0.085 0.0125
         vertex -0.009 -0.0735236 -0.00490348
         vertex -0.009 -0.0776657 -0.00904561
      endloop
   endfacet
   facet normal -1 1.64669e-16 1.14262e-31
      outer loop
         vertex -0.009 -0.085 0.0125
         vertex -0.009 -0.057 0.0125
         vertex -0.009 -0.0659271 -0.00175689
      endloop
   endfacet
   facet normal -1 1.64669e-16 1.14262e-31
      outer loop
         vertex -0.009 -0.085 0.0125
         vertex -0.009 -0.0700383 -0.00257466
         vertex -0.009 -0.0735236 -0.00490348
      endloop
   endfacet
   facet normal -1 1.64669e-16 1.14262e-31
      outer loop
         vertex -0.009 -0.057 0.0125
         vertex -0.009 -0.057 -0.00175689
         vertex -0.009 -0.0659271 -0.00175689
      endloop
   endfacet
   facet normal -1 1.64669e-16 1.14262e-31
      outer loop
         vertex -0.009 -0.0659271 -0.00175689
         vertex -0.009 -0.0700383 -0.00257466
         vertex -0.009 -0.085 0.0125
      endloop
   endfacet
   facet normal -1 1.64669e-16 1.14262e-31
      outer loop
         vertex -0.009 -0.0842114 -0.0117569
         vertex -0.009 -0.085 -0.0117569
         vertex -0.009 -0.085 0.0125
      endloop
   endfacet
   facet normal -0.986541 -0.163512 -1.13459e-16
      outer loop
         vertex -0.015 -0.0487992 0.0125
         vertex -0.009 -0.085 0.0125
         vertex -0.009 -0.085 0.015
      endloop
   endfacet
   facet normal -0.986541 -0.163512 -1.13459e-16
      outer loop
         vertex -0.009 -0.085 0.015
         vertex -0.015 -0.0487992 0.015
         vertex -0.015 -0.0487992 0.0125
      endloop
   endfacet
   facet normal 0 6.93889e-16 -1
      outer loop
         vertex -0.015 -0.0487992 0.0125
         vertex -0.012708 -0.0482802 0.0125
         vertex -0.0101029 -0.0504565 0.0125
      endloop
   endfacet
   facet normal 0 6.93889e-16 -1
      outer loop
         vertex -0.015 -0.0487992 0.0125
         vertex -0.0144091 -0.0453427 0.0125
         vertex -0.012708 -0.0482802 0.0125
      endloop
   endfacet
   facet normal 0 6.93889e-16 -1
      outer loop
         vertex -0.015 -0.0487992 0.0125
         vertex -0.015 -0.042 0.0125
         vertex -0.0144091 -0.0453427 0.0125
      endloop
   endfacet
   facet normal 0 6.93889e-16 -1
      outer loop
         vertex -0.015 -0.0487992 0.0125
         vertex -0.00839104 -0.0539385 0.0125
         vertex -0.009 -0.057 0.0125
      endloop
   endfacet
   facet normal 0 6.93889e-16 -1
      outer loop
         vertex -0.0101029 -0.0504565 0.0125
         vertex -0.00839104 -0.0539385 0.0125
         vertex -0.015 -0.0487992 0.0125
      endloop
   endfacet
   facet normal 0 6.93889e-16 -1
      outer loop
         vertex -0.0101029 -0.0504565 0.0125
         vertex -0.00690959 -0.0516077 0.0125
         vertex -0.00839104 -0.0539385 0.0125
      endloop
   endfacet
   facet normal 0 6.93889e-16 -1
      outer loop
         vertex -0.009 -0.057 0.0125
         vertex -0.009 -0.085 0.0125
         vertex -0.015 -0.0487992 0.0125
      endloop
   endfacet
   facet normal -1 -2.84673e-16 0
      outer loop
         vertex -0.015 -0.042 0.0125
         vertex -0.015 -0.042 0.0073
         vertex -0.0144091 -0.0453427 0.0073
      endloop
   endfacet
   facet normal -0.939394 -0.342839 -2.37892e-16
      outer loop
         vertex -0.0144091 -0.0453427 0.0125
         vertex -0.0144091 -0.0453427 0.0073
         vertex -0.012708 -0.0482802 0.0073
      endloop
   endfacet
   facet normal -0.764923 -0.644122 -4.46949e-16
      outer loop
         vertex -0.012708 -0.0482802 0.0125
         vertex -0.012708 -0.0482802 0.0073
         vertex -0.0101029 -0.0504565 0.0073
      endloop
   endfacet
   facet normal -0.497734 -0.867329 -6.01831e-16
      outer loop
         vertex -0.0101029 -0.0504565 0.0125
         vertex -0.0101029 -0.0504565 0.0073
         vertex -0.00690959 -0.0516077 0.0073
      endloop
   endfacet
   facet normal -0.170215 -0.985407 -6.78321e-16
      outer loop
         vertex -0.00690959 -0.0516077 0.0073
         vertex -0.00690959 -0.0516077 0.0125
         vertex -0.0101029 -0.0504565 0.0125
      endloop
   endfacet
   facet normal -0.497734 -0.867329 -6.01831e-16
      outer loop
         vertex -0.0101029 -0.0504565 0.0073
         vertex -0.0101029 -0.0504565 0.0125
         vertex -0.012708 -0.0482802 0.0125
      endloop
   endfacet
   facet normal -0.764923 -0.644122 -4.46949e-16
      outer loop
         vertex -0.012708 -0.0482802 0.0073
         vertex -0.012708 -0.0482802 0.0125
         vertex -0.0144091 -0.0453427 0.0125
      endloop
   endfacet
   facet normal -0.939394 -0.342839 -2.37892e-16
      outer loop
         vertex -0.0144091 -0.0453427 0.0073
         vertex -0.0144091 -0.0453427 0.0125
         vertex -0.015 -0.042 0.0125
      endloop
   endfacet
   facet normal 3.998e-17 0.737501 -0.675346
      outer loop
         vertex -0.001 -0.049 -0.00175689
         vertex -0.001 -0.0496805 -0.0025
         vertex -0.00380106 -0.0502376 -0.0025
      endloop
   endfacet
   facet normal -0.282229 0.681362 -0.675346
      outer loop
         vertex -0.00406147 -0.049609 -0.00175689
         vertex -0.00380106 -0.0502376 -0.0025
         vertex -0.00617568 -0.0518243 -0.0025
      endloop
   endfacet
   facet normal -0.521492 0.521492 -0.675346
      outer loop
         vertex -0.00665685 -0.0513431 -0.00175689
         vertex -0.00617568 -0.0518243 -0.0025
         vertex -0.00776236 -0.0541989 -0.0025
      endloop
   endfacet
   facet normal -0.681362 0.282229 -0.675346
      outer loop
         vertex -0.00839104 -0.0539385 -0.00175689
         vertex -0.00776236 -0.0541989 -0.0025
         vertex -0.00831952 -0.057 -0.0025
      endloop
   endfacet
   facet normal -0.737501 0 -0.675346
      outer loop
         vertex -0.00831952 -0.057 -0.0025
         vertex -0.009 -0.057 -0.00175689
         vertex -0.00839104 -0.0539385 -0.00175689
      endloop
   endfacet
   facet normal -0.681362 0.282229 -0.675346
      outer loop
         vertex -0.00776236 -0.0541989 -0.0025
         vertex -0.00839104 -0.0539385 -0.00175689
         vertex -0.00665685 -0.0513431 -0.00175689
      endloop
   endfacet
   facet normal -0.521492 0.521492 -0.675346
      outer loop
         vertex -0.00617568 -0.0518243 -0.0025
         vertex -0.00665685 -0.0513431 -0.00175689
         vertex -0.00406147 -0.049609 -0.00175689
      endloop
   endfacet
   facet normal -0.282229 0.681362 -0.675346
      outer loop
         vertex -0.00380106 -0.0502376 -0.0025
         vertex -0.00406147 -0.049609 -0.00175689
         vertex -0.001 -0.049 -0.00175689
      endloop
   endfacet
   facet normal -0.707107 -5.79938e-16 0.707107
      outer loop
         vertex -0.015 -0.00894429 0.015
         vertex -0.0145 -0.0168597 0.0155
         vertex -0.0145 -0.0138901 0.0155
      endloop
   endfacet
   facet normal -0.707107 -5.79938e-16 0.707107
      outer loop
         vertex -0.015 -0.00894429 0.015
         vertex -0.0145 -0.0208112 0.0155
         vertex -0.0145 -0.0168597 0.0155
      endloop
   endfacet
   facet normal -0.707107 -5.79938e-16 0.707107
      outer loop
         vertex -0.015 -0.00894429 0.015
         vertex -0.0145 -0.0238648 0.0155
         vertex -0.0145 -0.0226745 0.0155
      endloop
   endfacet
   facet normal -0.707107 -5.79938e-16 0.707107
      outer loop
         vertex -0.0145 -0.0226745 0.0155
         vertex -0.0145 -0.0208112 0.0155
         vertex -0.015 -0.00894429 0.015
      endloop
   endfacet
   facet normal -0.707107 -5.79938e-16 0.707107
      outer loop
         vertex -0.015 -0.0487992 0.015
         vertex -0.0145 -0.04205 0.0155
         vertex -0.0145 -0.0238648 0.0155
      endloop
   endfacet
   facet normal -0.707107 -5.79938e-16 0.707107
      outer loop
         vertex -0.015 -0.0487992 0.015
         vertex -0.0145 -0.0484027 0.0155
         vertex -0.0145 -0.0469017 0.0155
      endloop
   endfacet
   facet normal -0.707107 -5.79938e-16 0.707107
      outer loop
         vertex -0.015 -0.00894429 0.015
         vertex -0.0145 -0.00990021 0.0155
         vertex -0.0145 -0.00897286 0.0155
      endloop
   endfacet
   facet normal -0.707107 -5.79938e-16 0.707107
      outer loop
         vertex -0.0145 -0.0138901 0.0155
         vertex -0.0145 -0.0133065 0.0155
         vertex -0.015 -0.00894429 0.015
      endloop
   endfacet
   facet normal -0.707107 -5.79938e-16 0.707107
      outer loop
         vertex -0.0145 -0.0469017 0.0155
         vertex -0.0145 -0.04205 0.0155
         vertex -0.015 -0.0487992 0.015
      endloop
   endfacet
   facet normal -0.707107 -5.79938e-16 0.707107
      outer loop
         vertex -0.015 -0.00894429 0.015
         vertex -0.0145 -0.0116074 0.0155
         vertex -0.0145 -0.00990021 0.0155
      endloop
   endfacet
   facet normal -0.707107 -5.79938e-16 0.707107
      outer loop
         vertex -0.0145 -0.0238648 0.0155
         vertex -0.015 -0.00894429 0.015
         vertex -0.015 -0.0487992 0.015
      endloop
   endfacet
   facet normal -0.707107 -5.79938e-16 0.707107
      outer loop
         vertex -0.0145 -0.0133065 0.0155
         vertex -0.0145 -0.0116074 0.0155
         vertex -0.015 -0.00894429 0.015
      endloop
   endfacet
   facet normal -0.707107 -5.79938e-16 0.707107
      outer loop
         vertex -0.015 -0.0487992 0.015
         vertex -0.0145 -0.0487581 0.0155
         vertex -0.0145 -0.0484027 0.0155
      endloop
   endfacet
   facet normal -0.707107 -5.79938e-16 0.707107
      outer loop
         vertex -0.0145 -0.00897286 0.0155
         vertex -0.0145 -0.00894429 0.0155
         vertex -0.015 -0.00894429 0.015
      endloop
   endfacet
   facet normal -1 6.44541e-17 0
      outer loop
         vertex -0.009 -0.057 -0.00175689
         vertex -0.009 -0.057 0.0125
         vertex -0.00839104 -0.0539385 0.0125
      endloop
   endfacet
   facet normal -0.92388 0.382683 2.6554e-16
      outer loop
         vertex -0.00839104 -0.0539385 -0.00175689
         vertex -0.00690959 -0.0516077 0.0073
         vertex -0.00664649 -0.0513538 0.0070123
      endloop
   endfacet
   facet normal -0.92388 0.382683 2.6554e-16
      outer loop
         vertex -0.00839104 -0.0539385 0.0125
         vertex -0.00690959 -0.0516077 0.0125
         vertex -0.00690959 -0.0516077 0.0073
      endloop
   endfacet
   facet normal -0.738699 0.674035 4.33681e-16
      outer loop
         vertex -0.00690959 -0.0516077 0.0073
         vertex -0.00839104 -0.0539385 -0.00175689
         vertex -0.00839104 -0.0539385 0.0125
      endloop
   endfacet
   facet normal -0.382683 0.92388 6.4107e-16
      outer loop
         vertex -0.00406147 -0.049609 -0.00175689
         vertex -0.00665685 -0.0513431 -0.00175689
         vertex -0.00617798 -0.0509018 0.0065
      endloop
   endfacet
   facet normal -0.707107 0.707107 4.90654e-16
      outer loop
         vertex -0.00665685 -0.0513431 -0.00175689
         vertex -0.00664649 -0.0513538 0.0070123
         vertex -0.00617798 -0.0509018 0.0065
      endloop
   endfacet
   facet normal -0.382683 0.92388 6.4107e-16
      outer loop
         vertex -0.00406147 -0.049609 -0.00175689
         vertex -0.00406147 -0.049609 0.0065
         vertex -0.001 -0.049 0.0065
      endloop
   endfacet
   facet normal 2.46322e-47 1 6.50521e-16
      outer loop
         vertex -0.001 -0.049 0.0065
         vertex -0.001 -0.049 -0.00175689
         vertex -0.00406147 -0.049609 -0.00175689
      endloop
   endfacet
   facet normal -0.647248 0.76228 4.33681e-16
      outer loop
         vertex -0.00617798 -0.0509018 0.0065
         vertex -0.00406147 -0.049609 0.0065
         vertex -0.00406147 -0.049609 -0.00175689
      endloop
   endfacet
   facet normal -0.707127 0.707086 4.33681e-16
      outer loop
         vertex -0.00664649 -0.0513538 0.0070123
         vertex -0.00665685 -0.0513431 -0.00175689
         vertex -0.00839104 -0.0539385 -0.00175689
      endloop
   endfacet
   facet normal -0.92388 0.382683 2.6554e-16
      outer loop
         vertex -0.00839104 -0.0539385 0.0125
         vertex -0.00839104 -0.0539385 -0.00175689
         vertex -0.009 -0.057 -0.00175689
      endloop
   endfacet
   facet normal -0.707107 0 -0.707107
      outer loop
         vertex -0.015 -0.042 0.0073
         vertex -0.0142 -0.042 0.0065
         vertex -0.0136576 -0.0450684 0.0065
      endloop
   endfacet
   facet normal -0.664252 -0.242424 -0.707107
      outer loop
         vertex -0.0144091 -0.0453427 0.0073
         vertex -0.0136576 -0.0450684 0.0065
         vertex -0.0120961 -0.0477649 0.0065
      endloop
   endfacet
   facet normal -0.540882 -0.455463 -0.707107
      outer loop
         vertex -0.012708 -0.0482802 0.0073
         vertex -0.0120961 -0.0477649 0.0065
         vertex -0.00970472 -0.0497626 0.0065
      endloop
   endfacet
   facet normal -0.351951 -0.613295 -0.707107
      outer loop
         vertex -0.0101029 -0.0504565 0.0073
         vertex -0.00970472 -0.0497626 0.0065
         vertex -0.00677342 -0.0508194 0.0065
      endloop
   endfacet
   facet normal -0.12036 -0.696788 -0.707107
      outer loop
         vertex -0.00677342 -0.0508194 0.0065
         vertex -0.00617798 -0.0509018 0.0065
         vertex -0.00664649 -0.0513538 0.0070123
      endloop
   endfacet
   facet normal -0.104411 -0.699356 -0.707107
      outer loop
         vertex -0.00664649 -0.0513538 0.0070123
         vertex -0.00690959 -0.0516077 0.0073
         vertex -0.00677342 -0.0508194 0.0065
      endloop
   endfacet
   facet normal -0.12036 -0.696788 -0.707107
      outer loop
         vertex -0.00677342 -0.0508194 0.0065
         vertex -0.00690959 -0.0516077 0.0073
         vertex -0.0101029 -0.0504565 0.0073
      endloop
   endfacet
   facet normal -0.351951 -0.613295 -0.707107
      outer loop
         vertex -0.00970472 -0.0497626 0.0065
         vertex -0.0101029 -0.0504565 0.0073
         vertex -0.012708 -0.0482802 0.0073
      endloop
   endfacet
   facet normal -0.540882 -0.455463 -0.707107
      outer loop
         vertex -0.0120961 -0.0477649 0.0065
         vertex -0.012708 -0.0482802 0.0073
         vertex -0.0144091 -0.0453427 0.0073
      endloop
   endfacet
   facet normal -0.664252 -0.242424 -0.707107
      outer loop
         vertex -0.0136576 -0.0450684 0.0065
         vertex -0.0144091 -0.0453427 0.0073
         vertex -0.015 -0.042 0.0073
      endloop
   endfacet
   facet normal -1 -1.26267e-16 -8.76153e-32
      outer loop
         vertex -0.015 -0.0487992 0.015
         vertex -0.015 -0.00894429 0.015
         vertex -0.015 -0.042 0.0125
      endloop
   endfacet
   facet normal -1 -1.26267e-16 -8.76153e-32
      outer loop
         vertex -0.015 -0.00894429 0.0073
         vertex -0.015 -0.042 0.0073
         vertex -0.015 -0.042 0.0125
      endloop
   endfacet
   facet normal -1 -1.26267e-16 -8.76153e-32
      outer loop
         vertex -0.015 -0.042 0.0125
         vertex -0.015 -0.00894429 0.015
         vertex -0.015 -0.00894429 0.0073
      endloop
   endfacet
   facet normal -1 -1.26267e-16 -8.76153e-32
      outer loop
         vertex -0.015 -0.042 0.0125
         vertex -0.015 -0.0487992 0.0125
         vertex -0.015 -0.0487992 0.015
      endloop
   endfacet
   facet normal -0.707107 4.0137e-16 -0.707107
      outer loop
         vertex -0.015 -0.042 0.0073
         vertex -0.015 -0.00894429 0.0073
         vertex -0.0142 -0.00894429 0.0065
      endloop
   endfacet
   facet normal -0.707107 4.0137e-16 -0.707107
      outer loop
         vertex -0.0142 -0.00894429 0.0065
         vertex -0.0142 -0.042 0.0065
         vertex -0.015 -0.042 0.0073
      endloop
   endfacet
   facet normal -0.706314 0.0334738 -0.707107
      outer loop
         vertex -0.0149843 -0.00828154 0.0073
         vertex -0.0141852 -0.00831941 0.0065
         vertex -0.0142 -0.00894429 0.0065
      endloop
   endfacet
   facet normal -0.707107 4.0137e-16 -0.707107
      outer loop
         vertex -0.0142 -0.00894429 0.0065
         vertex -0.015 -0.00894429 0.0073
         vertex -0.0149843 -0.00828154 0.0073
      endloop
   endfacet
   facet normal 0 0.737501 -0.675346
      outer loop
         vertex -0.001 -0.049 -0.00175689
         vertex 0.00525 -0.049 -0.00175689
         vertex 0.00525 -0.0496805 -0.0025
      endloop
   endfacet
   facet normal 0 0.737501 -0.675346
      outer loop
         vertex 0.00525 -0.0496805 -0.0025
         vertex -0.001 -0.0496805 -0.0025
         vertex -0.001 -0.049 -0.00175689
      endloop
   endfacet
   facet normal -0.707107 0 0.707107
      outer loop
         vertex -0.015 -0.00894429 0.015
         vertex -0.0145 -0.00894429 0.0155
         vertex -0.0139531 -0.00514066 0.0155
      endloop
   endfacet
   facet normal -0.560666 0.430876 0.707107
      outer loop
         vertex -0.0121006 -0.000413386 0.015
         vertex -0.0144328 -0.00499979 0.015
         vertex -0.0136527 -0.00455 0.0155
      endloop
   endfacet
   facet normal -0.67846 0.199228 0.707107
      outer loop
         vertex -0.0144328 -0.00499979 0.015
         vertex -0.0139531 -0.00514066 0.0155
         vertex -0.0136527 -0.00455 0.0155
      endloop
   endfacet
   facet normal -0.560666 0.430876 0.707107
      outer loop
         vertex -0.0121006 -0.000413386 0.015
         vertex -0.0117042 -0.000718062 0.0155
         vertex -0.00982904 0.000962534 0.0155
      endloop
   endfacet
   facet normal -0.47046 0.52789 0.707107
      outer loop
         vertex -0.00982904 0.000962534 0.0155
         vertex -0.00826901 0.00302072 0.015
         vertex -0.0121006 -0.000413386 0.015
      endloop
   endfacet
   facet normal -0.367141 0.604324 0.707107
      outer loop
         vertex -0.00826901 0.00302072 0.015
         vertex -0.00800941 0.0025934 0.0155
         vertex -0.00405 0.0040888 0.0155
      endloop
   endfacet
   facet normal -0.161124 0.688505 0.707107
      outer loop
         vertex -0.00405 0.0040888 0.0155
         vertex -0.00345556 0.00483868 0.015
         vertex -0.00826901 0.00302072 0.015
      endloop
   endfacet
   facet normal 0.0771389 0.702887 0.707107
      outer loop
         vertex 0.000527273 0.00497215 0.015
         vertex -0.00345556 0.00483868 0.015
         vertex -0.00245 0.00437719 0.0155
      endloop
   endfacet
   facet normal -0.124025 0.696145 0.707107
      outer loop
         vertex -0.00345556 0.00483868 0.015
         vertex -0.00336786 0.00434643 0.0155
         vertex -0.00245 0.00437719 0.0155
      endloop
   endfacet
   facet normal -0.0765144 0.702955 0.707107
      outer loop
         vertex -0.00245 0.00437719 0.0155
         vertex 0.000472727 0.00447514 0.0155
         vertex 0.000527273 0.00497215 0.015
      endloop
   endfacet
   facet normal -0.161124 0.688505 0.707107
      outer loop
         vertex -0.00405 0.0040888 0.0155
         vertex -0.00336786 0.00434643 0.0155
         vertex -0.00345556 0.00483868 0.015
      endloop
   endfacet
   facet normal -0.47046 0.52789 0.707107
      outer loop
         vertex -0.00982904 0.000962534 0.0155
         vertex -0.00800941 0.0025934 0.0155
         vertex -0.00826901 0.00302072 0.015
      endloop
   endfacet
   facet normal -0.667969 0.231985 0.707107
      outer loop
         vertex -0.0136527 -0.00455 0.0155
         vertex -0.0117042 -0.000718062 0.0155
         vertex -0.0121006 -0.000413386 0.015
      endloop
   endfacet
   facet normal -0.67846 0.199228 0.707107
      outer loop
         vertex -0.0139531 -0.00514066 0.0155
         vertex -0.0144328 -0.00499979 0.015
         vertex -0.015 -0.00894429 0.015
      endloop
   endfacet
   facet normal -0.337967 0.890578 -0.304384
      outer loop
         vertex -0.0137543 -0.00318161 0.0104828
         vertex -0.0127308 -0.00301387 0.00974088
         vertex -0.0129108 -0.00345079 0.00913156
      endloop
   endfacet
   facet normal -0.337967 0.890578 -0.304384
      outer loop
         vertex -0.0137543 -0.00318161 0.0104828
         vertex -0.0126767 -0.00290089 0.0101661
         vertex -0.0127308 -0.00301387 0.00974088
      endloop
   endfacet
   facet normal -0.386287 0.820454 -0.421471
      outer loop
         vertex -0.0129108 -0.00345079 0.00913156
         vertex -0.0140901 -0.00397945 0.00910539
         vertex -0.0137543 -0.00318161 0.0104828
      endloop
   endfacet
   facet normal -0.450409 0.713961 -0.536089
      outer loop
         vertex -0.0131873 -0.00412205 0.00819545
         vertex -0.0142104 -0.00435973 0.00880822
         vertex -0.0140901 -0.00397945 0.00910539
      endloop
   endfacet
   facet normal -0.602532 0.374849 -0.704588
      outer loop
         vertex -0.0146851 -0.00614944 0.00773563
         vertex -0.0137841 -0.0060295 0.00691284
         vertex -0.0138961 -0.00666863 0.00679761
      endloop
   endfacet
   facet normal -0.703948 0.0721701 -0.706575
      outer loop
         vertex -0.0141852 -0.00831941 0.0065
         vertex -0.0149843 -0.00828154 0.0073
         vertex -0.0149203 -0.0074523 0.00734841
      endloop
   endfacet
   facet normal -0.674324 0.159488 -0.721007
      outer loop
         vertex -0.0149203 -0.0074523 0.00734841
         vertex -0.0138961 -0.00666863 0.00679761
         vertex -0.0141852 -0.00831941 0.0065
      endloop
   endfacet
   facet normal -0.292166 0.956368 -0.000273944
      outer loop
         vertex -0.0135537 -0.00274713 0.0125
         vertex -0.0124512 -0.00242998 0.0119386
         vertex -0.0125716 -0.00268132 0.0109926
      endloop
   endfacet
   facet normal -0.292166 0.956368 -0.000273944
      outer loop
         vertex -0.0135537 -0.00274713 0.0125
         vertex -0.0124393 -0.00240662 0.0125
         vertex -0.0124512 -0.00242998 0.0119386
      endloop
   endfacet
   facet normal -0.309986 0.932306 -0.186315
      outer loop
         vertex -0.0125716 -0.00268132 0.0109926
         vertex -0.0137002 -0.0030533 0.0107044
         vertex -0.0135537 -0.00274713 0.0125
      endloop
   endfacet
   facet normal -0.334824 0.897679 -0.28647
      outer loop
         vertex -0.0126767 -0.00290089 0.0101661
         vertex -0.0137543 -0.00318161 0.0104828
         vertex -0.0137002 -0.0030533 0.0107044
      endloop
   endfacet
   facet normal -0.458752 0.689795 -0.560116
      outer loop
         vertex -0.0142104 -0.00435973 0.00880822
         vertex -0.0132278 -0.00422025 0.0080585
         vertex -0.0134123 -0.00482019 0.0076786
      endloop
   endfacet
   facet normal -0.458752 0.689795 -0.560116
      outer loop
         vertex -0.0142104 -0.00435973 0.00880822
         vertex -0.0131873 -0.00412205 0.00819545
         vertex -0.0132278 -0.00422025 0.0080585
      endloop
   endfacet
   facet normal -0.505067 0.611448 -0.609129
      outer loop
         vertex -0.0134123 -0.00482019 0.0076786
         vertex -0.0145636 -0.00547623 0.00793572
         vertex -0.0144147 -0.00500547 0.0083036
      endloop
   endfacet
   facet normal -0.594441 0.413376 -0.689754
      outer loop
         vertex -0.0137841 -0.0060295 0.00691284
         vertex -0.0146851 -0.00614944 0.00773563
         vertex -0.0145636 -0.00547623 0.00793572
      endloop
   endfacet
   facet normal -0.556959 0.487873 -0.672143
      outer loop
         vertex -0.0145636 -0.00547623 0.00793572
         vertex -0.0134123 -0.00482019 0.0076786
         vertex -0.0137841 -0.0060295 0.00691284
      endloop
   endfacet
   facet normal -0.505067 0.611448 -0.609129
      outer loop
         vertex -0.0134123 -0.00482019 0.0076786
         vertex -0.0144147 -0.00500547 0.0083036
         vertex -0.0142104 -0.00435973 0.00880822
      endloop
   endfacet
   facet normal -0.309986 0.932306 -0.186315
      outer loop
         vertex -0.0125716 -0.00268132 0.0109926
         vertex -0.0126767 -0.00290089 0.0101661
         vertex -0.0137002 -0.0030533 0.0107044
      endloop
   endfacet
   facet normal -0.630186 0.318582 -0.708075
      outer loop
         vertex -0.0138961 -0.00666863 0.00679761
         vertex -0.0149203 -0.0074523 0.00734841
         vertex -0.0146851 -0.00614944 0.00773563
      endloop
   endfacet
   facet normal -0.386287 0.820454 -0.421471
      outer loop
         vertex -0.0129108 -0.00345079 0.00913156
         vertex -0.0131873 -0.00412205 0.00819545
         vertex -0.0140901 -0.00397945 0.00910539
      endloop
   endfacet
   facet normal 0 6.93889e-16 -1
      outer loop
         vertex -0.0142 -0.042 0.0065
         vertex -0.0142 -0.00894429 0.0065
         vertex -0.01225 -0.00942543 0.0065
      endloop
   endfacet
   facet normal 0 6.93889e-16 -1
      outer loop
         vertex -0.0136576 -0.0450684 0.0065
         vertex -0.0142 -0.042 0.0065
         vertex -0.01225 -0.042 0.0065
      endloop
   endfacet
   facet normal 0 6.93889e-16 -1
      outer loop
         vertex -0.01225 -0.00942543 0.0065
         vertex -0.01225 -0.042 0.0065
         vertex -0.0142 -0.042 0.0065
      endloop
   endfacet
   facet normal 0 6.93889e-16 -1
      outer loop
         vertex -0.00677342 -0.0508194 0.0065
         vertex -0.00970472 -0.0497626 0.0065
         vertex -0.00792878 -0.0484672 0.0065
      endloop
   endfacet
   facet normal 0 6.93889e-16 -1
      outer loop
         vertex -0.00525 -0.049 0.0065
         vertex -0.00406147 -0.049609 0.0065
         vertex -0.00617798 -0.0509018 0.0065
      endloop
   endfacet
   facet normal 0 6.93889e-16 -1
      outer loop
         vertex -0.0120961 -0.0477649 0.0065
         vertex -0.0136576 -0.0450684 0.0065
         vertex -0.0117172 -0.0446788 0.0065
      endloop
   endfacet
   facet normal 0 6.93889e-16 -1
      outer loop
         vertex -0.0142 -0.00894429 0.0065
         vertex -0.0141852 -0.00831941 0.0065
         vertex -0.01225 -0.00942543 0.0065
      endloop
   endfacet
   facet normal 0 6.93889e-16 -1
      outer loop
         vertex -0.00617798 -0.0509018 0.0065
         vertex -0.00677342 -0.0508194 0.0065
         vertex -0.00525 -0.049 0.0065
      endloop
   endfacet
   facet normal 0 6.93889e-16 -1
      outer loop
         vertex -0.00970472 -0.0497626 0.0065
         vertex -0.0120961 -0.0477649 0.0065
         vertex -0.0101997 -0.0469497 0.0065
      endloop
   endfacet
   facet normal 0 6.93889e-16 -1
      outer loop
         vertex -0.01225 -0.042 0.0065
         vertex -0.0117172 -0.0446788 0.0065
         vertex -0.0136576 -0.0450684 0.0065
      endloop
   endfacet
   facet normal 0 6.93889e-16 -1
      outer loop
         vertex -0.00525 -0.049 0.0065
         vertex -0.001 -0.049 0.0065
         vertex -0.00406147 -0.049609 0.0065
      endloop
   endfacet
   facet normal 0 6.93889e-16 -1
      outer loop
         vertex -0.0117172 -0.0446788 0.0065
         vertex -0.0101997 -0.0469497 0.0065
         vertex -0.0120961 -0.0477649 0.0065
      endloop
   endfacet
   facet normal 0 6.93889e-16 -1
      outer loop
         vertex -0.0101997 -0.0469497 0.0065
         vertex -0.00792878 -0.0484672 0.0065
         vertex -0.00970472 -0.0497626 0.0065
      endloop
   endfacet
   facet normal 0 6.93889e-16 -1
      outer loop
         vertex -0.00792878 -0.0484672 0.0065
         vertex -0.00525 -0.049 0.0065
         vertex -0.00677342 -0.0508194 0.0065
      endloop
   endfacet
   facet normal 0.479625 0.839202 -0.25632
      outer loop
         vertex -0.0108652 -0.00353693 0.0109621
         vertex -0.0125716 -0.00268132 0.0109926
         vertex -0.0124512 -0.00242998 0.0119386
      endloop
   endfacet
   facet normal 0.494025 0.864399 -0.093563
      outer loop
         vertex -0.0124512 -0.00242998 0.0119386
         vertex -0.0107673 -0.00336202 0.0125
         vertex -0.0108652 -0.00353693 0.0109621
      endloop
   endfacet
   facet normal 0.407601 0.713182 -0.570292
      outer loop
         vertex -0.0112545 -0.00431754 0.00907825
         vertex -0.0127308 -0.00301387 0.00974088
         vertex -0.0126767 -0.00290089 0.0101661
      endloop
   endfacet
   facet normal 0.407601 0.713182 -0.570292
      outer loop
         vertex -0.0112545 -0.00431754 0.00907825
         vertex -0.0129108 -0.00345079 0.00913156
         vertex -0.0127308 -0.00301387 0.00974088
      endloop
   endfacet
   facet normal 0.456176 0.798173 -0.393476
      outer loop
         vertex -0.0126767 -0.00290089 0.0101661
         vertex -0.0108652 -0.00353693 0.0109621
         vertex -0.0112545 -0.00431754 0.00907825
      endloop
   endfacet
   facet normal 0.407601 0.713182 -0.570292
      outer loop
         vertex -0.0112545 -0.00431754 0.00907825
         vertex -0.0117731 -0.00570349 0.00760382
         vertex -0.0131873 -0.00412205 0.00819545
      endloop
   endfacet
   facet normal 0.286809 0.501831 -0.816031
      outer loop
         vertex -0.0117731 -0.00570349 0.00760382
         vertex -0.0134123 -0.00482019 0.0076786
         vertex -0.0132278 -0.00422025 0.0080585
      endloop
   endfacet
   facet normal 0.333612 0.583722 -0.740251
      outer loop
         vertex -0.0132278 -0.00422025 0.0080585
         vertex -0.0131873 -0.00412205 0.00819545
         vertex -0.0117731 -0.00570349 0.00760382
      endloop
   endfacet
   facet normal 0.261698 0.457894 -0.849616
      outer loop
         vertex -0.0118438 -0.00604465 0.00744685
         vertex -0.0121735 -0.00763488 0.0067152
         vertex -0.0138961 -0.00666863 0.00679761
      endloop
   endfacet
   facet normal 0.180877 0.316482 -0.931194
      outer loop
         vertex -0.0137841 -0.0060295 0.00691284
         vertex -0.0134123 -0.00482019 0.0076786
         vertex -0.0117731 -0.00570349 0.00760382
      endloop
   endfacet
   facet normal 0.286809 0.501831 -0.816031
      outer loop
         vertex -0.0117731 -0.00570349 0.00760382
         vertex -0.0118438 -0.00604465 0.00744685
         vertex -0.0137841 -0.0060295 0.00691284
      endloop
   endfacet
   facet normal 8.09538e-15 -4.62593e-15 -1
      outer loop
         vertex -0.0141852 -0.00831941 0.0065
         vertex -0.0138961 -0.00666863 0.00679761
         vertex -0.0121735 -0.00763488 0.0067152
      endloop
   endfacet
   facet normal 0.131701 0.230438 -0.964133
      outer loop
         vertex -0.0121735 -0.00763488 0.0067152
         vertex -0.01225 -0.00894429 0.00651456
         vertex -0.0141852 -0.00831941 0.0065
      endloop
   endfacet
   facet normal 0.0345462 0.0604457 -0.997573
      outer loop
         vertex -0.01225 -0.00894429 0.00651456
         vertex -0.01225 -0.00942543 0.0065
         vertex -0.0141852 -0.00831941 0.0065
      endloop
   endfacet
   facet normal 0.132237 0.231375 -0.963836
      outer loop
         vertex -0.0138961 -0.00666863 0.00679761
         vertex -0.0137841 -0.0060295 0.00691284
         vertex -0.0118438 -0.00604465 0.00744685
      endloop
   endfacet
   facet normal 0.343936 0.601787 -0.720805
      outer loop
         vertex -0.0131873 -0.00412205 0.00819545
         vertex -0.0129108 -0.00345079 0.00913156
         vertex -0.0112545 -0.00431754 0.00907825
      endloop
   endfacet
   facet normal 0.456176 0.798173 -0.393476
      outer loop
         vertex -0.0126767 -0.00290089 0.0101661
         vertex -0.0125716 -0.00268132 0.0109926
         vertex -0.0108652 -0.00353693 0.0109621
      endloop
   endfacet
   facet normal 0.494025 0.864399 -0.093563
      outer loop
         vertex -0.0124512 -0.00242998 0.0119386
         vertex -0.0124393 -0.00240662 0.0125
         vertex -0.0107673 -0.00336202 0.0125
      endloop
   endfacet
   facet normal 1 -2.15877e-16 0
      outer loop
         vertex -0.01225 -0.00894429 0.0125
         vertex -0.0121735 -0.00763488 0.0067152
         vertex -0.0118438 -0.00604465 0.00744685
      endloop
   endfacet
   facet normal 1 -2.15877e-16 0
      outer loop
         vertex -0.01225 -0.00894429 0.0125
         vertex -0.01225 -0.00894429 0.00651456
         vertex -0.0121735 -0.00763488 0.0067152
      endloop
   endfacet
   facet normal 0.966089 -0.258208 -1.79168e-16
      outer loop
         vertex -0.0118685 -0.00603945 0.0125
         vertex -0.0118438 -0.00604465 0.00744685
         vertex -0.0117731 -0.00570349 0.00760382
      endloop
   endfacet
   facet normal 0.957609 -0.288071 -1.92747e-16
      outer loop
         vertex -0.0117731 -0.00570349 0.00760382
         vertex -0.0112545 -0.00431754 0.00907825
         vertex -0.0118685 -0.00603945 0.0125
      endloop
   endfacet
   facet normal 0.911515 -0.411267 -2.69846e-16
      outer loop
         vertex -0.0112545 -0.00431754 0.00907825
         vertex -0.0108652 -0.00353693 0.0109621
         vertex -0.0118685 -0.00603945 0.0125
      endloop
   endfacet
   facet normal 0.87691 -0.480654 -3.08395e-16
      outer loop
         vertex -0.0108652 -0.00353693 0.0109621
         vertex -0.0107673 -0.00336202 0.0125
         vertex -0.0118685 -0.00603945 0.0125
      endloop
   endfacet
   facet normal 0.966058 -0.258324 -1.8311e-16
      outer loop
         vertex -0.0118438 -0.00604465 0.00744685
         vertex -0.0118685 -0.00603945 0.0125
         vertex -0.01225 -0.00894429 0.0125
      endloop
   endfacet
   facet normal 0.382683 0.92388 6.4107e-16
      outer loop
         vertex -0.00792878 -0.0484672 0.0125
         vertex -0.00525 -0.049 0.0125
         vertex -0.00525 -0.049 0.0065
      endloop
   endfacet
   facet normal 0.707107 0.707107 4.90654e-16
      outer loop
         vertex -0.0101997 -0.0469497 0.0125
         vertex -0.00792878 -0.0484672 0.0125
         vertex -0.00792878 -0.0484672 0.0065
      endloop
   endfacet
   facet normal 0.92388 0.382683 2.6554e-16
      outer loop
         vertex -0.0117172 -0.0446788 0.0125
         vertex -0.0101997 -0.0469497 0.0125
         vertex -0.0101997 -0.0469497 0.0065
      endloop
   endfacet
   facet normal 1 -5.94762e-16 0
      outer loop
         vertex -0.01225 -0.042 0.0125
         vertex -0.0117172 -0.0446788 0.0125
         vertex -0.0117172 -0.0446788 0.0065
      endloop
   endfacet
   facet normal 0.92388 0.382683 2.6554e-16
      outer loop
         vertex -0.0117172 -0.0446788 0.0065
         vertex -0.01225 -0.042 0.0065
         vertex -0.01225 -0.042 0.0125
      endloop
   endfacet
   facet normal 0.707107 0.707107 4.90654e-16
      outer loop
         vertex -0.0101997 -0.0469497 0.0065
         vertex -0.0117172 -0.0446788 0.0065
         vertex -0.0117172 -0.0446788 0.0125
      endloop
   endfacet
   facet normal 0.382683 0.92388 6.4107e-16
      outer loop
         vertex -0.00792878 -0.0484672 0.0065
         vertex -0.0101997 -0.0469497 0.0065
         vertex -0.0101997 -0.0469497 0.0125
      endloop
   endfacet
   facet normal 0 1 7.43453e-16
      outer loop
         vertex -0.00525 -0.049 0.0065
         vertex -0.00792878 -0.0484672 0.0065
         vertex -0.00792878 -0.0484672 0.0125
      endloop
   endfacet
   facet normal 0 1 6.93889e-16
      outer loop
         vertex -0.00525 -0.049 0.0125
         vertex 0.00525 -0.049 0.0125
         vertex -0.001 -0.049 0.0065
      endloop
   endfacet
   facet normal 0 1 6.93889e-16
      outer loop
         vertex 0.00525 -0.049 -0.00175689
         vertex -0.001 -0.049 -0.00175689
         vertex -0.001 -0.049 0.0065
      endloop
   endfacet
   facet normal 0 1 6.93889e-16
      outer loop
         vertex -0.001 -0.049 0.0065
         vertex 0.00525 -0.049 0.0125
         vertex 0.00525 -0.049 -0.00175689
      endloop
   endfacet
   facet normal 0 1 6.93889e-16
      outer loop
         vertex -0.001 -0.049 0.0065
         vertex -0.00525 -0.049 0.0065
         vertex -0.00525 -0.049 0.0125
      endloop
   endfacet
   facet normal -0.92388 0.382683 2.6554e-16
      outer loop
         vertex 0.0117172 -0.0446788 0.0125
         vertex 0.01225 -0.042 0.0125
         vertex 0.01225 -0.042 -0.00175689
      endloop
   endfacet
   facet normal -0.707107 0.707107 4.90654e-16
      outer loop
         vertex 0.0101997 -0.0469497 0.0125
         vertex 0.0117172 -0.0446788 0.0125
         vertex 0.0117172 -0.0446788 -0.00175689
      endloop
   endfacet
   facet normal -0.382683 0.92388 6.4107e-16
      outer loop
         vertex 0.00792878 -0.0484672 0.0125
         vertex 0.0101997 -0.0469497 0.0125
         vertex 0.0101997 -0.0469497 -0.00175689
      endloop
   endfacet
   facet normal 0 1 7.43453e-16
      outer loop
         vertex 0.00525 -0.049 0.0125
         vertex 0.00792878 -0.0484672 0.0125
         vertex 0.00792878 -0.0484672 -0.00175689
      endloop
   endfacet
   facet normal -0.382683 0.92388 6.4107e-16
      outer loop
         vertex 0.00792878 -0.0484672 -0.00175689
         vertex 0.00525 -0.049 -0.00175689
         vertex 0.00525 -0.049 0.0125
      endloop
   endfacet
   facet normal -0.707107 0.707107 4.90654e-16
      outer loop
         vertex 0.0101997 -0.0469497 -0.00175689
         vertex 0.00792878 -0.0484672 -0.00175689
         vertex 0.00792878 -0.0484672 0.0125
      endloop
   endfacet
   facet normal -0.92388 0.382683 2.6554e-16
      outer loop
         vertex 0.0117172 -0.0446788 -0.00175689
         vertex 0.0101997 -0.0469497 -0.00175689
         vertex 0.0101997 -0.0469497 0.0125
      endloop
   endfacet
   facet normal -1 -1.48691e-15 0
      outer loop
         vertex 0.01225 -0.042 -0.00175689
         vertex 0.0117172 -0.0446788 -0.00175689
         vertex 0.0117172 -0.0446788 0.0125
      endloop
   endfacet
   facet normal -0.737501 0 -0.675346
      outer loop
         vertex 0.0129305 -0.042 -0.0025
         vertex 0.0123458 -0.0449392 -0.0025
         vertex 0.0117172 -0.0446788 -0.00175689
      endloop
   endfacet
   facet normal -0.681362 0.282229 -0.675346
      outer loop
         vertex 0.0123458 -0.0449392 -0.0025
         vertex 0.0106809 -0.0474309 -0.0025
         vertex 0.0101997 -0.0469497 -0.00175689
      endloop
   endfacet
   facet normal -0.521492 0.521492 -0.675346
      outer loop
         vertex 0.0106809 -0.0474309 -0.0025
         vertex 0.00818919 -0.0490958 -0.0025
         vertex 0.00792878 -0.0484672 -0.00175689
      endloop
   endfacet
   facet normal -0.282229 0.681362 -0.675346
      outer loop
         vertex 0.00818919 -0.0490958 -0.0025
         vertex 0.00525 -0.0496805 -0.0025
         vertex 0.00525 -0.049 -0.00175689
      endloop
   endfacet
   facet normal -1.66573e-16 0.737501 -0.675346
      outer loop
         vertex 0.00525 -0.049 -0.00175689
         vertex 0.00792878 -0.0484672 -0.00175689
         vertex 0.00818919 -0.0490958 -0.0025
      endloop
   endfacet
   facet normal -0.282229 0.681362 -0.675346
      outer loop
         vertex 0.00792878 -0.0484672 -0.00175689
         vertex 0.0101997 -0.0469497 -0.00175689
         vertex 0.0106809 -0.0474309 -0.0025
      endloop
   endfacet
   facet normal -0.521492 0.521492 -0.675346
      outer loop
         vertex 0.0101997 -0.0469497 -0.00175689
         vertex 0.0117172 -0.0446788 -0.00175689
         vertex 0.0123458 -0.0449392 -0.0025
      endloop
   endfacet
   facet normal -0.681362 0.282229 -0.675346
      outer loop
         vertex 0.0117172 -0.0446788 -0.00175689
         vertex 0.01225 -0.042 -0.00175689
         vertex 0.0129305 -0.042 -0.0025
      endloop
   endfacet
   facet normal -0.737501 0 -0.675346
      outer loop
         vertex 0.0129305 -0.0276585 -0.0025
         vertex 0.0129305 -0.042 -0.0025
         vertex 0.01225 -0.042 -0.00175689
      endloop
   endfacet
   facet normal -0.737501 0 -0.675346
      outer loop
         vertex 0.01225 -0.042 -0.00175689
         vertex 0.01225 -0.0276585 -0.00175689
         vertex 0.0129305 -0.0276585 -0.0025
      endloop
   endfacet
   facet normal 1 1.92747e-16 1.33745e-31
      outer loop
         vertex -0.01225 -0.039 0.0125
         vertex -0.01225 -0.016 0.0125
         vertex -0.01225 -0.0238648 0.0155
      endloop
   endfacet
   facet normal 1 1.92747e-16 1.33745e-31
      outer loop
         vertex -0.01225 -0.016 0.0125
         vertex -0.01225 -0.0208112 0.0155
         vertex -0.01225 -0.0226745 0.0155
      endloop
   endfacet
   facet normal 1 1.92747e-16 1.33745e-31
      outer loop
         vertex -0.01225 -0.0226745 0.0155
         vertex -0.01225 -0.0238648 0.0155
         vertex -0.01225 -0.016 0.0125
      endloop
   endfacet
   facet normal 1 1.92747e-16 1.33745e-31
      outer loop
         vertex -0.01225 -0.016 0.0125
         vertex -0.01225 -0.016 0.0155
         vertex -0.01225 -0.0168597 0.0155
      endloop
   endfacet
   facet normal 1 1.92747e-16 1.33745e-31
      outer loop
         vertex -0.01225 -0.042 0.0065
         vertex -0.01225 -0.016 0.0125
         vertex -0.01225 -0.039 0.0125
      endloop
   endfacet
   facet normal 1 1.92747e-16 1.33745e-31
      outer loop
         vertex -0.01225 -0.0168597 0.0155
         vertex -0.01225 -0.0208112 0.0155
         vertex -0.01225 -0.016 0.0125
      endloop
   endfacet
   facet normal 1 1.92747e-16 1.33745e-31
      outer loop
         vertex -0.01225 -0.00942543 0.0065
         vertex -0.01225 -0.00894429 0.0125
         vertex -0.01225 -0.016 0.0125
      endloop
   endfacet
   facet normal 1 1.92747e-16 1.33745e-31
      outer loop
         vertex -0.01225 -0.0238648 0.0155
         vertex -0.01225 -0.039 0.0155
         vertex -0.01225 -0.039 0.0125
      endloop
   endfacet
   facet normal 1 1.92747e-16 1.33745e-31
      outer loop
         vertex -0.01225 -0.016 0.0125
         vertex -0.01225 -0.042 0.0065
         vertex -0.01225 -0.00942543 0.0065
      endloop
   endfacet
   facet normal 1 1.92747e-16 1.33745e-31
      outer loop
         vertex -0.01225 -0.00942543 0.0065
         vertex -0.01225 -0.00894429 0.00651456
         vertex -0.01225 -0.00894429 0.0125
      endloop
   endfacet
   facet normal 1 1.92747e-16 1.33745e-31
      outer loop
         vertex -0.01225 -0.039 0.0125
         vertex -0.01225 -0.042 0.0125
         vertex -0.01225 -0.042 0.0065
      endloop
   endfacet
   facet normal 0.92388 0.382683 2.6554e-16
      outer loop
         vertex -0.0120978 -0.0397654 0.0125
         vertex -0.01225 -0.039 0.0125
         vertex -0.01225 -0.039 0.0155
      endloop
   endfacet
   facet normal 0.707107 0.707107 4.90654e-16
      outer loop
         vertex -0.0116642 -0.0404142 0.0125
         vertex -0.0120978 -0.0397654 0.0125
         vertex -0.0120978 -0.0397654 0.0155
      endloop
   endfacet
   facet normal 0.382683 0.92388 6.4107e-16
      outer loop
         vertex -0.0110154 -0.0408478 0.0125
         vertex -0.0116642 -0.0404142 0.0125
         vertex -0.0116642 -0.0404142 0.0155
      endloop
   endfacet
   facet normal 0 1 8.67362e-16
      outer loop
         vertex -0.01025 -0.041 0.0125
         vertex -0.0110154 -0.0408478 0.0125
         vertex -0.0110154 -0.0408478 0.0155
      endloop
   endfacet
   facet normal 0.382683 0.92388 6.4107e-16
      outer loop
         vertex -0.0110154 -0.0408478 0.0155
         vertex -0.01025 -0.041 0.0155
         vertex -0.01025 -0.041 0.0125
      endloop
   endfacet
   facet normal 0.707107 0.707107 4.90654e-16
      outer loop
         vertex -0.0116642 -0.0404142 0.0155
         vertex -0.0110154 -0.0408478 0.0155
         vertex -0.0110154 -0.0408478 0.0125
      endloop
   endfacet
   facet normal 0.92388 0.382683 2.6554e-16
      outer loop
         vertex -0.0120978 -0.0397654 0.0155
         vertex -0.0116642 -0.0404142 0.0155
         vertex -0.0116642 -0.0404142 0.0125
      endloop
   endfacet
   facet normal 1 1.92747e-16 1.33745e-31
      outer loop
         vertex -0.01225 -0.039 0.0155
         vertex -0.0120978 -0.0397654 0.0155
         vertex -0.0120978 -0.0397654 0.0125
      endloop
   endfacet
   facet normal 0 1 8.67362e-16
      outer loop
         vertex 0.01025 -0.041 0.0125
         vertex -0.01025 -0.041 0.0125
         vertex -0.00245 -0.041 0.0155
      endloop
   endfacet
   facet normal 0 1 8.67362e-16
      outer loop
         vertex -0.00245 -0.041 0.0155
         vertex 0.00405 -0.041 0.0155
         vertex 0.01025 -0.041 0.0125
      endloop
   endfacet
   facet normal 0 1 8.67362e-16
      outer loop
         vertex -0.01025 -0.041 0.0125
         vertex -0.00405 -0.041 0.0155
         vertex -0.00245 -0.041 0.0155
      endloop
   endfacet
   facet normal 0 1 8.67362e-16
      outer loop
         vertex -0.01025 -0.041 0.0125
         vertex -0.00740404 -0.041 0.0155
         vertex -0.00405 -0.041 0.0155
      endloop
   endfacet
   facet normal 0 1 8.67362e-16
      outer loop
         vertex -0.01025 -0.041 0.0125
         vertex -0.00982904 -0.041 0.0155
         vertex -0.00740404 -0.041 0.0155
      endloop
   endfacet
   facet normal 0 1 8.67362e-16
      outer loop
         vertex -0.01025 -0.041 0.0125
         vertex -0.01025 -0.041 0.0155
         vertex -0.00982904 -0.041 0.0155
      endloop
   endfacet
   facet normal 0 1 8.67362e-16
      outer loop
         vertex 0.00405 -0.041 0.0155
         vertex 0.01025 -0.041 0.0155
         vertex 0.01025 -0.041 0.0125
      endloop
   endfacet
   facet normal -0.92388 0.382683 2.6554e-16
      outer loop
         vertex 0.0120978 -0.0397654 0.0155
         vertex 0.01225 -0.039 0.0155
         vertex 0.01225 -0.039 0.0125
      endloop
   endfacet
   facet normal -0.707107 0.707107 4.90654e-16
      outer loop
         vertex 0.0116642 -0.0404142 0.0155
         vertex 0.0120978 -0.0397654 0.0155
         vertex 0.0120978 -0.0397654 0.0125
      endloop
   endfacet
   facet normal -0.382683 0.92388 6.4107e-16
      outer loop
         vertex 0.0110154 -0.0408478 0.0155
         vertex 0.0116642 -0.0404142 0.0155
         vertex 0.0116642 -0.0404142 0.0125
      endloop
   endfacet
   facet normal -2.18953e-47 1 6.50521e-16
      outer loop
         vertex 0.01025 -0.041 0.0155
         vertex 0.0110154 -0.0408478 0.0155
         vertex 0.0110154 -0.0408478 0.0125
      endloop
   endfacet
   facet normal -0.382683 0.92388 6.4107e-16
      outer loop
         vertex 0.0110154 -0.0408478 0.0125
         vertex 0.01025 -0.041 0.0125
         vertex 0.01025 -0.041 0.0155
      endloop
   endfacet
   facet normal -0.707107 0.707107 4.90654e-16
      outer loop
         vertex 0.0116642 -0.0404142 0.0125
         vertex 0.0110154 -0.0408478 0.0125
         vertex 0.0110154 -0.0408478 0.0155
      endloop
   endfacet
   facet normal -0.92388 0.382683 2.6554e-16
      outer loop
         vertex 0.0120978 -0.0397654 0.0125
         vertex 0.0116642 -0.0404142 0.0125
         vertex 0.0116642 -0.0404142 0.0155
      endloop
   endfacet
   facet normal -1 6.93889e-16 0
      outer loop
         vertex 0.01225 -0.039 0.0125
         vertex 0.0120978 -0.0397654 0.0125
         vertex 0.0120978 -0.0397654 0.0155
      endloop
   endfacet
   facet normal 0 6.93889e-16 -1
      outer loop
         vertex -0.01025 -0.041 0.0125
         vertex 0.000535757 -0.0432066 0.0125
         vertex -3.42901e-19 -0.0431 0.0125
      endloop
   endfacet
   facet normal 0 6.93889e-16 -1
      outer loop
         vertex 0.01225 -0.042 0.0125
         vertex -0.01025 -0.041 0.0125
         vertex 0.01025 -0.041 0.0125
      endloop
   endfacet
   facet normal 0 6.93889e-16 -1
      outer loop
         vertex -3.42901e-19 -0.0431 0.0125
         vertex -0.0110154 -0.0408478 0.0125
         vertex -0.01025 -0.041 0.0125
      endloop
   endfacet
   facet normal 0 6.93889e-16 -1
      outer loop
         vertex -0.01025 -0.041 0.0125
         vertex 0.01225 -0.042 0.0125
         vertex 0.000535757 -0.0432066 0.0125
      endloop
   endfacet
   facet normal 0 6.93889e-16 -1
      outer loop
         vertex 0.01025 -0.041 0.0125
         vertex 0.0110154 -0.0408478 0.0125
         vertex 0.01225 -0.042 0.0125
      endloop
   endfacet
   facet normal 0 6.93889e-16 -1
      outer loop
         vertex 0.0110154 -0.0408478 0.0125
         vertex 0.0116642 -0.0404142 0.0125
         vertex 0.01225 -0.042 0.0125
      endloop
   endfacet
   facet normal 0 6.93889e-16 -1
      outer loop
         vertex 0.01225 -0.042 0.0125
         vertex 0.00129343 -0.0439642 0.0125
         vertex 0.000989949 -0.0435101 0.0125
      endloop
   endfacet
   facet normal 0 6.93889e-16 -1
      outer loop
         vertex 0.0014 -0.0445 0.0125
         vertex 0.0101997 -0.0469497 0.0125
         vertex 0.00792878 -0.0484672 0.0125
      endloop
   endfacet
   facet normal 0 6.93889e-16 -1
      outer loop
         vertex 0.000989949 -0.0435101 0.0125
         vertex 0.000535757 -0.0432066 0.0125
         vertex 0.01225 -0.042 0.0125
      endloop
   endfacet
   facet normal 0 6.93889e-16 -1
      outer loop
         vertex 0.01225 -0.042 0.0125
         vertex 0.0117172 -0.0446788 0.0125
         vertex 0.0014 -0.0445 0.0125
      endloop
   endfacet
   facet normal 0 6.93889e-16 -1
      outer loop
         vertex 0.0014 -0.0445 0.0125
         vertex 0.0117172 -0.0446788 0.0125
         vertex 0.0101997 -0.0469497 0.0125
      endloop
   endfacet
   facet normal 0 6.93889e-16 -1
      outer loop
         vertex 0.00129343 -0.0450358 0.0125
         vertex 0.00792878 -0.0484672 0.0125
         vertex 0.00525 -0.049 0.0125
      endloop
   endfacet
   facet normal 0 6.93889e-16 -1
      outer loop
         vertex -0.00525 -0.049 0.0125
         vertex -0.000535757 -0.0457934 0.0125
         vertex 5.14352e-19 -0.0459 0.0125
      endloop
   endfacet
   facet normal 0 6.93889e-16 -1
      outer loop
         vertex -0.0014 -0.0445 0.0125
         vertex -0.00129343 -0.0450358 0.0125
         vertex -0.00792878 -0.0484672 0.0125
      endloop
   endfacet
   facet normal 0 6.93889e-16 -1
      outer loop
         vertex -0.0110154 -0.0408478 0.0125
         vertex -0.00129343 -0.0439642 0.0125
         vertex -0.0014 -0.0445 0.0125
      endloop
   endfacet
   facet normal 0 6.93889e-16 -1
      outer loop
         vertex -0.0110154 -0.0408478 0.0125
         vertex -0.0117172 -0.0446788 0.0125
         vertex -0.01225 -0.042 0.0125
      endloop
   endfacet
   facet normal 0 6.93889e-16 -1
      outer loop
         vertex 0.0116642 -0.0404142 0.0125
         vertex 0.0120978 -0.0397654 0.0125
         vertex 0.01225 -0.042 0.0125
      endloop
   endfacet
   facet normal 0 6.93889e-16 -1
      outer loop
         vertex 0.00792878 -0.0484672 0.0125
         vertex 0.00129343 -0.0450358 0.0125
         vertex 0.0014 -0.0445 0.0125
      endloop
   endfacet
   facet normal 0 6.93889e-16 -1
      outer loop
         vertex 0.00525 -0.049 0.0125
         vertex 0.000535757 -0.0457934 0.0125
         vertex 0.000989949 -0.0454899 0.0125
      endloop
   endfacet
   facet normal 0 6.93889e-16 -1
      outer loop
         vertex 5.14352e-19 -0.0459 0.0125
         vertex 0.00525 -0.049 0.0125
         vertex -0.00525 -0.049 0.0125
      endloop
   endfacet
   facet normal 0 6.93889e-16 -1
      outer loop
         vertex -0.00792878 -0.0484672 0.0125
         vertex -0.0101997 -0.0469497 0.0125
         vertex -0.0014 -0.0445 0.0125
      endloop
   endfacet
   facet normal 0 6.93889e-16 -1
      outer loop
         vertex -0.01225 -0.042 0.0125
         vertex -0.0116642 -0.0404142 0.0125
         vertex -0.0110154 -0.0408478 0.0125
      endloop
   endfacet
   facet normal 0 6.93889e-16 -1
      outer loop
         vertex 0.0014 -0.0445 0.0125
         vertex 0.00129343 -0.0439642 0.0125
         vertex 0.01225 -0.042 0.0125
      endloop
   endfacet
   facet normal 0 6.93889e-16 -1
      outer loop
         vertex 5.14352e-19 -0.0459 0.0125
         vertex 0.000535757 -0.0457934 0.0125
         vertex 0.00525 -0.049 0.0125
      endloop
   endfacet
   facet normal 0 6.93889e-16 -1
      outer loop
         vertex -0.00129343 -0.0450358 0.0125
         vertex -0.000989949 -0.0454899 0.0125
         vertex -0.00525 -0.049 0.0125
      endloop
   endfacet
   facet normal 0 6.93889e-16 -1
      outer loop
         vertex -0.0014 -0.0445 0.0125
         vertex -0.0117172 -0.0446788 0.0125
         vertex -0.0110154 -0.0408478 0.0125
      endloop
   endfacet
   facet normal 0 6.93889e-16 -1
      outer loop
         vertex 0.00525 -0.049 0.0125
         vertex 0.000989949 -0.0454899 0.0125
         vertex 0.00129343 -0.0450358 0.0125
      endloop
   endfacet
   facet normal 0 6.93889e-16 -1
      outer loop
         vertex -0.00525 -0.049 0.0125
         vertex -0.00792878 -0.0484672 0.0125
         vertex -0.00129343 -0.0450358 0.0125
      endloop
   endfacet
   facet normal 0 6.93889e-16 -1
      outer loop
         vertex -0.01225 -0.042 0.0125
         vertex -0.0120978 -0.0397654 0.0125
         vertex -0.0116642 -0.0404142 0.0125
      endloop
   endfacet
   facet normal 0 6.93889e-16 -1
      outer loop
         vertex -0.000989949 -0.0454899 0.0125
         vertex -0.000535757 -0.0457934 0.0125
         vertex -0.00525 -0.049 0.0125
      endloop
   endfacet
   facet normal 0 6.93889e-16 -1
      outer loop
         vertex -0.01225 -0.042 0.0125
         vertex -0.01225 -0.039 0.0125
         vertex -0.0120978 -0.0397654 0.0125
      endloop
   endfacet
   facet normal 0 6.93889e-16 -1
      outer loop
         vertex -0.0110154 -0.0408478 0.0125
         vertex -0.000535757 -0.0432066 0.0125
         vertex -0.000989949 -0.0435101 0.0125
      endloop
   endfacet
   facet normal 0 6.93889e-16 -1
      outer loop
         vertex -0.0101997 -0.0469497 0.0125
         vertex -0.0117172 -0.0446788 0.0125
         vertex -0.0014 -0.0445 0.0125
      endloop
   endfacet
   facet normal 0 6.93889e-16 -1
      outer loop
         vertex -0.0110154 -0.0408478 0.0125
         vertex -3.42901e-19 -0.0431 0.0125
         vertex -0.000535757 -0.0432066 0.0125
      endloop
   endfacet
   facet normal 0 6.93889e-16 -1
      outer loop
         vertex -0.000989949 -0.0435101 0.0125
         vertex -0.00129343 -0.0439642 0.0125
         vertex -0.0110154 -0.0408478 0.0125
      endloop
   endfacet
   facet normal 0 6.93889e-16 -1
      outer loop
         vertex 0.0120978 -0.0397654 0.0125
         vertex 0.01225 -0.039 0.0125
         vertex 0.01225 -0.042 0.0125
      endloop
   endfacet
   facet normal 0.382683 -0.92388 -6.4107e-16
      outer loop
         vertex -0.000535757 -0.0432066 0.0125
         vertex -3.42901e-19 -0.0431 0.0125
         vertex 0 -0.0431 0.0155
      endloop
   endfacet
   facet normal 0.707107 -0.707107 -4.90654e-16
      outer loop
         vertex -0.000989949 -0.0435101 0.0125
         vertex -0.000535757 -0.0432066 0.0125
         vertex -0.000535757 -0.0432066 0.0155
      endloop
   endfacet
   facet normal 0.92388 -0.382683 -2.6554e-16
      outer loop
         vertex -0.00129343 -0.0439642 0.0125
         vertex -0.000989949 -0.0435101 0.0125
         vertex -0.000989949 -0.0435101 0.0155
      endloop
   endfacet
   facet normal 1 1.83697e-16 1.27465e-31
      outer loop
         vertex -0.0014 -0.0445 0.0125
         vertex -0.00129343 -0.0439642 0.0125
         vertex -0.00129343 -0.0439642 0.0155
      endloop
   endfacet
   facet normal 0.92388 0.382683 2.6554e-16
      outer loop
         vertex -0.00129343 -0.0450358 0.0125
         vertex -0.0014 -0.0445 0.0125
         vertex -0.0014 -0.0445 0.0155
      endloop
   endfacet
   facet normal 0.707107 0.707107 4.90654e-16
      outer loop
         vertex -0.000989949 -0.0454899 0.0125
         vertex -0.00129343 -0.0450358 0.0125
         vertex -0.00129343 -0.0450358 0.0155
      endloop
   endfacet
   facet normal 0.382683 0.92388 6.4107e-16
      outer loop
         vertex -0.000535757 -0.0457934 0.0125
         vertex -0.000989949 -0.0454899 0.0125
         vertex -0.000989949 -0.0454899 0.0155
      endloop
   endfacet
   facet normal -5.66554e-16 1 6.19544e-16
      outer loop
         vertex 5.14352e-19 -0.0459 0.0125
         vertex -0.000535757 -0.0457934 0.0125
         vertex -0.000535757 -0.0457934 0.0155
      endloop
   endfacet
   facet normal -0.382683 0.92388 6.4107e-16
      outer loop
         vertex 0.000535757 -0.0457934 0.0125
         vertex 5.14352e-19 -0.0459 0.0125
         vertex 1.71451e-19 -0.0459 0.0155
      endloop
   endfacet
   facet normal -0.707107 0.707107 4.90654e-16
      outer loop
         vertex 0.000989949 -0.0454899 0.0125
         vertex 0.000535757 -0.0457934 0.0125
         vertex 0.000535757 -0.0457934 0.0155
      endloop
   endfacet
   facet normal -0.92388 0.382683 2.6554e-16
      outer loop
         vertex 0.00129343 -0.0450358 0.0125
         vertex 0.000989949 -0.0454899 0.0125
         vertex 0.000989949 -0.0454899 0.0155
      endloop
   endfacet
   facet normal -1 -6.12323e-17 -4.24885e-32
      outer loop
         vertex 0.0014 -0.0445 0.0125
         vertex 0.00129343 -0.0450358 0.0125
         vertex 0.00129343 -0.0450358 0.0155
      endloop
   endfacet
   facet normal -0.92388 -0.382683 -2.6554e-16
      outer loop
         vertex 0.00129343 -0.0439642 0.0125
         vertex 0.0014 -0.0445 0.0125
         vertex 0.0014 -0.0445 0.0155
      endloop
   endfacet
   facet normal -0.707107 -0.707107 -4.90654e-16
      outer loop
         vertex 0.000989949 -0.0435101 0.0125
         vertex 0.00129343 -0.0439642 0.0125
         vertex 0.00129343 -0.0439642 0.0155
      endloop
   endfacet
   facet normal -0.382683 -0.92388 -6.4107e-16
      outer loop
         vertex 0.000535757 -0.0432066 0.0125
         vertex 0.000989949 -0.0435101 0.0125
         vertex 0.000989949 -0.0435101 0.0155
      endloop
   endfacet
   facet normal 2.44929e-16 -1 -6.93889e-16
      outer loop
         vertex -3.42901e-19 -0.0431 0.0125
         vertex 0.000535757 -0.0432066 0.0125
         vertex 0.000535757 -0.0432066 0.0155
      endloop
   endfacet
   facet normal -0.382683 -0.92388 -6.4107e-16
      outer loop
         vertex 0.000535757 -0.0432066 0.0155
         vertex 0 -0.0431 0.0155
         vertex -3.42901e-19 -0.0431 0.0125
      endloop
   endfacet
   facet normal -0.707107 -0.707107 -4.90654e-16
      outer loop
         vertex 0.000989949 -0.0435101 0.0155
         vertex 0.000535757 -0.0432066 0.0155
         vertex 0.000535757 -0.0432066 0.0125
      endloop
   endfacet
   facet normal -0.92388 -0.382683 -2.6554e-16
      outer loop
         vertex 0.00129343 -0.0439642 0.0155
         vertex 0.000989949 -0.0435101 0.0155
         vertex 0.000989949 -0.0435101 0.0125
      endloop
   endfacet
   facet normal -1 -6.12323e-17 -4.24885e-32
      outer loop
         vertex 0.0014 -0.0445 0.0155
         vertex 0.00129343 -0.0439642 0.0155
         vertex 0.00129343 -0.0439642 0.0125
      endloop
   endfacet
   facet normal -0.92388 0.382683 2.6554e-16
      outer loop
         vertex 0.00129343 -0.0450358 0.0155
         vertex 0.0014 -0.0445 0.0155
         vertex 0.0014 -0.0445 0.0125
      endloop
   endfacet
   facet normal -0.707107 0.707107 4.90654e-16
      outer loop
         vertex 0.000989949 -0.0454899 0.0155
         vertex 0.00129343 -0.0450358 0.0155
         vertex 0.00129343 -0.0450358 0.0125
      endloop
   endfacet
   facet normal -0.382683 0.92388 6.4107e-16
      outer loop
         vertex 0.000535757 -0.0457934 0.0155
         vertex 0.000989949 -0.0454899 0.0155
         vertex 0.000989949 -0.0454899 0.0125
      endloop
   endfacet
   facet normal -1.22465e-16 1 6.93889e-16
      outer loop
         vertex 1.71451e-19 -0.0459 0.0155
         vertex 0.000535757 -0.0457934 0.0155
         vertex 0.000535757 -0.0457934 0.0125
      endloop
   endfacet
   facet normal 0.382683 0.92388 6.4107e-16
      outer loop
         vertex -0.000535757 -0.0457934 0.0155
         vertex 1.71451e-19 -0.0459 0.0155
         vertex 5.14352e-19 -0.0459 0.0125
      endloop
   endfacet
   facet normal 0.707107 0.707107 4.90654e-16
      outer loop
         vertex -0.000989949 -0.0454899 0.0155
         vertex -0.000535757 -0.0457934 0.0155
         vertex -0.000535757 -0.0457934 0.0125
      endloop
   endfacet
   facet normal 0.92388 0.382683 2.6554e-16
      outer loop
         vertex -0.00129343 -0.0450358 0.0155
         vertex -0.000989949 -0.0454899 0.0155
         vertex -0.000989949 -0.0454899 0.0125
      endloop
   endfacet
   facet normal 1 1.83697e-16 1.27465e-31
      outer loop
         vertex -0.0014 -0.0445 0.0155
         vertex -0.00129343 -0.0450358 0.0155
         vertex -0.00129343 -0.0450358 0.0125
      endloop
   endfacet
   facet normal 0.92388 -0.382683 -2.6554e-16
      outer loop
         vertex -0.00129343 -0.0439642 0.0155
         vertex -0.0014 -0.0445 0.0155
         vertex -0.0014 -0.0445 0.0125
      endloop
   endfacet
   facet normal 0.707107 -0.707107 -4.90654e-16
      outer loop
         vertex -0.000989949 -0.0435101 0.0155
         vertex -0.00129343 -0.0439642 0.0155
         vertex -0.00129343 -0.0439642 0.0125
      endloop
   endfacet
   facet normal 0.382683 -0.92388 -6.4107e-16
      outer loop
         vertex -0.000535757 -0.0432066 0.0155
         vertex -0.000989949 -0.0435101 0.0155
         vertex -0.000989949 -0.0435101 0.0125
      endloop
   endfacet
   facet normal 2.44929e-16 -1 -6.93889e-16
      outer loop
         vertex 0 -0.0431 0.0155
         vertex -0.000535757 -0.0432066 0.0155
         vertex -0.000535757 -0.0432066 0.0125
      endloop
   endfacet
   facet normal 0.92388 -0.382683 -2.6554e-16
      outer loop
         vertex -0.0120978 -0.0152346 0.0155
         vertex -0.01225 -0.016 0.0155
         vertex -0.01225 -0.016 0.0125
      endloop
   endfacet
   facet normal 0.707107 -0.707107 -4.90654e-16
      outer loop
         vertex -0.0116642 -0.0145858 0.0155
         vertex -0.0120978 -0.0152346 0.0155
         vertex -0.0120978 -0.0152346 0.0125
      endloop
   endfacet
   facet normal 0.382683 -0.92388 -6.4107e-16
      outer loop
         vertex -0.0110154 -0.0141522 0.0155
         vertex -0.0116642 -0.0145858 0.0155
         vertex -0.0116642 -0.0145858 0.0125
      endloop
   endfacet
   facet normal 0 -1 -6.50521e-16
      outer loop
         vertex -0.01025 -0.014 0.0155
         vertex -0.0110154 -0.0141522 0.0155
         vertex -0.0110154 -0.0141522 0.0125
      endloop
   endfacet
   facet normal 0.382683 -0.92388 -6.4107e-16
      outer loop
         vertex -0.0110154 -0.0141522 0.0125
         vertex -0.01025 -0.014 0.0125
         vertex -0.01025 -0.014 0.0155
      endloop
   endfacet
   facet normal 0.707107 -0.707107 -4.90654e-16
      outer loop
         vertex -0.0116642 -0.0145858 0.0125
         vertex -0.0110154 -0.0141522 0.0125
         vertex -0.0110154 -0.0141522 0.0155
      endloop
   endfacet
   facet normal 0.92388 -0.382683 -2.6554e-16
      outer loop
         vertex -0.0120978 -0.0152346 0.0125
         vertex -0.0116642 -0.0145858 0.0125
         vertex -0.0116642 -0.0145858 0.0155
      endloop
   endfacet
   facet normal 1 6.93889e-16 0
      outer loop
         vertex -0.01225 -0.016 0.0125
         vertex -0.0120978 -0.0152346 0.0125
         vertex -0.0120978 -0.0152346 0.0155
      endloop
   endfacet
   facet normal 0 -1 -6.50521e-16
      outer loop
         vertex -0.01025 -0.014 0.0125
         vertex -0.00740404 -0.014 0.0155
         vertex -0.00982904 -0.014 0.0155
      endloop
   endfacet
   facet normal 0 -1 -6.50521e-16
      outer loop
         vertex -0.01025 -0.014 0.0125
         vertex -0.00405 -0.014 0.0155
         vertex -0.00740404 -0.014 0.0155
      endloop
   endfacet
   facet normal 0 -1 -6.50521e-16
      outer loop
         vertex 0.01025 -0.014 0.0125
         vertex 0.00405 -0.014 0.0155
         vertex -0.00245 -0.014 0.0155
      endloop
   endfacet
   facet normal 0 -1 -6.50521e-16
      outer loop
         vertex -0.01025 -0.014 0.0125
         vertex -0.00245 -0.014 0.0155
         vertex -0.00405 -0.014 0.0155
      endloop
   endfacet
   facet normal 0 -1 -6.50521e-16
      outer loop
         vertex 0.01025 -0.014 0.0125
         vertex 0.01025 -0.014 0.0155
         vertex 0.00405 -0.014 0.0155
      endloop
   endfacet
   facet normal 0 -1 -6.50521e-16
      outer loop
         vertex -0.00245 -0.014 0.0155
         vertex -0.01025 -0.014 0.0125
         vertex 0.01025 -0.014 0.0125
      endloop
   endfacet
   facet normal 0 -1 -6.50521e-16
      outer loop
         vertex -0.00982904 -0.014 0.0155
         vertex -0.01025 -0.014 0.0155
         vertex -0.01025 -0.014 0.0125
      endloop
   endfacet
   facet normal -0.92388 -0.382683 -2.6554e-16
      outer loop
         vertex 0.0120978 -0.0152346 0.0125
         vertex 0.01225 -0.016 0.0125
         vertex 0.01225 -0.016 0.0155
      endloop
   endfacet
   facet normal -0.707107 -0.707107 -4.90654e-16
      outer loop
         vertex 0.0116642 -0.0145858 0.0125
         vertex 0.0120978 -0.0152346 0.0125
         vertex 0.0120978 -0.0152346 0.0155
      endloop
   endfacet
   facet normal -0.382683 -0.92388 -6.4107e-16
      outer loop
         vertex 0.0110154 -0.0141522 0.0125
         vertex 0.0116642 -0.0145858 0.0125
         vertex 0.0116642 -0.0145858 0.0155
      endloop
   endfacet
   facet normal -5.47382e-47 -1 -8.67362e-16
      outer loop
         vertex 0.01025 -0.014 0.0125
         vertex 0.0110154 -0.0141522 0.0125
         vertex 0.0110154 -0.0141522 0.0155
      endloop
   endfacet
   facet normal -0.382683 -0.92388 -6.4107e-16
      outer loop
         vertex 0.0110154 -0.0141522 0.0155
         vertex 0.01025 -0.014 0.0155
         vertex 0.01025 -0.014 0.0125
      endloop
   endfacet
   facet normal -0.707107 -0.707107 -4.90654e-16
      outer loop
         vertex 0.0116642 -0.0145858 0.0155
         vertex 0.0110154 -0.0141522 0.0155
         vertex 0.0110154 -0.0141522 0.0125
      endloop
   endfacet
   facet normal -0.92388 -0.382683 -2.6554e-16
      outer loop
         vertex 0.0120978 -0.0152346 0.0155
         vertex 0.0116642 -0.0145858 0.0155
         vertex 0.0116642 -0.0145858 0.0125
      endloop
   endfacet
   facet normal -1 1.73472e-15 0
      outer loop
         vertex 0.01225 -0.016 0.0155
         vertex 0.0120978 -0.0152346 0.0155
         vertex 0.0120978 -0.0152346 0.0125
      endloop
   endfacet
   facet normal -1 -1.92747e-16 -1.33745e-31
      outer loop
         vertex 0.01225 -0.016 0.0125
         vertex 0.01225 -0.0276585 0.0125
         vertex 0.01225 -0.0226745 0.0155
      endloop
   endfacet
   facet normal -1 -1.92747e-16 -1.33745e-31
      outer loop
         vertex 0.01225 -0.0276585 0.0125
         vertex 0.01225 -0.0238648 0.0155
         vertex 0.01225 -0.0226745 0.0155
      endloop
   endfacet
   facet normal -1 -1.92747e-16 -1.33745e-31
      outer loop
         vertex 0.01225 -0.016 0.0125
         vertex 0.01225 -0.0208112 0.0155
         vertex 0.01225 -0.0168597 0.0155
      endloop
   endfacet
   facet normal -1 -1.92747e-16 -1.33745e-31
      outer loop
         vertex 0.01225 -0.0276585 0.0125
         vertex 0.01225 -0.039 0.0155
         vertex 0.01225 -0.0238648 0.0155
      endloop
   endfacet
   facet normal -1 -1.92747e-16 -1.33745e-31
      outer loop
         vertex 0.01225 -0.0276585 0.0125
         vertex 0.01225 -0.0276585 -0.00175689
         vertex 0.01225 -0.039 0.0125
      endloop
   endfacet
   facet normal -1 -1.92747e-16 -1.33745e-31
      outer loop
         vertex 0.01225 -0.0226745 0.0155
         vertex 0.01225 -0.0208112 0.0155
         vertex 0.01225 -0.016 0.0125
      endloop
   endfacet
   facet normal -1 -1.92747e-16 -1.33745e-31
      outer loop
         vertex 0.01225 -0.0168597 0.0155
         vertex 0.01225 -0.016 0.0155
         vertex 0.01225 -0.016 0.0125
      endloop
   endfacet
   facet normal -1 -1.92747e-16 -1.33745e-31
      outer loop
         vertex 0.01225 -0.042 -0.00175689
         vertex 0.01225 -0.042 0.0125
         vertex 0.01225 -0.039 0.0125
      endloop
   endfacet
   facet normal -1 -1.92747e-16 -1.33745e-31
      outer loop
         vertex 0.01225 -0.039 0.0125
         vertex 0.01225 -0.0276585 -0.00175689
         vertex 0.01225 -0.042 -0.00175689
      endloop
   endfacet
   facet normal -1 -1.92747e-16 -1.33745e-31
      outer loop
         vertex 0.01225 -0.039 0.0125
         vertex 0.01225 -0.039 0.0155
         vertex 0.01225 -0.0276585 0.0125
      endloop
   endfacet
   facet normal -1 -1.92747e-16 -1.33745e-31
      outer loop
         vertex 0.01225 -0.0276585 -0.00175689
         vertex 0.01225 -0.0276585 0.0125
         vertex 0.0122551 -0.0274832 0.0125
      endloop
   endfacet
   facet normal -0.998291 0.0584452 0
      outer loop
         vertex 0.0122551 -0.0274832 0.0125
         vertex 0.0122551 -0.0274832 -0.00175689
         vertex 0.01225 -0.0276585 -0.00175689
      endloop
   endfacet
   facet normal -0.73624 0.0431034 -0.675346
      outer loop
         vertex 0.0122551 -0.0274832 -0.00175689
         vertex 0.0129344 -0.027523 -0.0025
         vertex 0.0129305 -0.0276585 -0.0025
      endloop
   endfacet
   facet normal -0.737501 0 -0.675346
      outer loop
         vertex 0.0129305 -0.0276585 -0.0025
         vertex 0.01225 -0.0276585 -0.00175689
         vertex 0.0122551 -0.0274832 -0.00175689
      endloop
   endfacet
   facet normal -0.73624 0.0431034 -0.675346
      outer loop
         vertex 0.0138877 -0.0112399 -0.0025
         vertex 0.0129344 -0.027523 -0.0025
         vertex 0.0122551 -0.0274832 -0.00175689
      endloop
   endfacet
   facet normal -0.73624 0.0431034 -0.675346
      outer loop
         vertex 0.0122551 -0.0274832 -0.00175689
         vertex 0.0132084 -0.0112001 -0.00175689
         vertex 0.0138877 -0.0112399 -0.0025
      endloop
   endfacet
   facet normal 0.707107 0 -0.707107
      outer loop
         vertex -0.0038 -0.055 -0.0025
         vertex -0.00351074 -0.0535458 -0.0025
         vertex -0.00277164 -0.0538519 -0.0017
      endloop
   endfacet
   facet normal 0.653281 -0.270598 -0.707107
      outer loop
         vertex -0.00351074 -0.0535458 -0.0025
         vertex -0.00268701 -0.052313 -0.0025
         vertex -0.00212132 -0.0528787 -0.0017
      endloop
   endfacet
   facet normal 0.5 -0.5 -0.707107
      outer loop
         vertex -0.00268701 -0.052313 -0.0025
         vertex -0.0014542 -0.0514893 -0.0025
         vertex -0.00114805 -0.0522284 -0.0017
      endloop
   endfacet
   facet normal 0.270598 -0.653281 -0.707107
      outer loop
         vertex -0.0014542 -0.0514893 -0.0025
         vertex 6.79572e-18 -0.0512 -0.0025
         vertex 6.79572e-18 -0.052 -0.0017
      endloop
   endfacet
   facet normal 4.32978e-17 -0.707107 -0.707107
      outer loop
         vertex 6.79572e-18 -0.052 -0.0017
         vertex -0.00114805 -0.0522284 -0.0017
         vertex -0.0014542 -0.0514893 -0.0025
      endloop
   endfacet
   facet normal 0.270598 -0.653281 -0.707107
      outer loop
         vertex -0.00114805 -0.0522284 -0.0017
         vertex -0.00212132 -0.0528787 -0.0017
         vertex -0.00268701 -0.052313 -0.0025
      endloop
   endfacet
   facet normal 0.5 -0.5 -0.707107
      outer loop
         vertex -0.00212132 -0.0528787 -0.0017
         vertex -0.00277164 -0.0538519 -0.0017
         vertex -0.00351074 -0.0535458 -0.0025
      endloop
   endfacet
   facet normal 0.653281 -0.270598 -0.707107
      outer loop
         vertex -0.00277164 -0.0538519 -0.0017
         vertex -0.003 -0.055 -0.0017
         vertex -0.0038 -0.055 -0.0025
      endloop
   endfacet
   facet normal 1 -1.20005e-16 -8.32705e-32
      outer loop
         vertex -0.003 -0.0842114 -0.0117
         vertex -0.003 -0.077706 -0.00900538
         vertex -0.003 -0.0735638 -0.00486325
      endloop
   endfacet
   facet normal 1 -1.20005e-16 -8.32705e-32
      outer loop
         vertex -0.003 -0.0842114 -0.0117
         vertex -0.003 -0.0806907 -0.0109997
         vertex -0.003 -0.077706 -0.00900538
      endloop
   endfacet
   facet normal 1 -1.20005e-16 -8.32705e-32
      outer loop
         vertex -0.003 -0.0679169 0.0155
         vertex -0.003 -0.085 -0.0117
         vertex -0.003 -0.0627277 0.0125
      endloop
   endfacet
   facet normal 1 -1.20005e-16 -8.32705e-32
      outer loop
         vertex -0.003 -0.055 -0.0017
         vertex -0.003 -0.055 0.0125
         vertex -0.003 -0.0627277 0.0125
      endloop
   endfacet
   facet normal 1 -1.20005e-16 -8.32705e-32
      outer loop
         vertex -0.003 -0.0627277 0.0125
         vertex -0.003 -0.085 -0.0117
         vertex -0.003 -0.0842114 -0.0117
      endloop
   endfacet
   facet normal 1 -1.20005e-16 -8.32705e-32
      outer loop
         vertex -0.003 -0.0627277 0.0125
         vertex -0.003 -0.0627277 0.0155
         vertex -0.003 -0.0679169 0.0155
      endloop
   endfacet
   facet normal 1 -1.20005e-16 -8.32705e-32
      outer loop
         vertex -0.003 -0.0627277 0.0125
         vertex -0.003 -0.0700601 -0.0025221
         vertex -0.003 -0.0659271 -0.0017
      endloop
   endfacet
   facet normal 1 -1.20005e-16 -8.32705e-32
      outer loop
         vertex -0.003 -0.0735638 -0.00486325
         vertex -0.003 -0.0627277 0.0125
         vertex -0.003 -0.0842114 -0.0117
      endloop
   endfacet
   facet normal 1 -1.20005e-16 -8.32705e-32
      outer loop
         vertex -0.003 -0.0679169 0.0155
         vertex -0.003 -0.080678 0.0155
         vertex -0.003 -0.085 -0.0117
      endloop
   endfacet
   facet normal 1 -1.20005e-16 -8.32705e-32
      outer loop
         vertex -0.003 -0.0735638 -0.00486325
         vertex -0.003 -0.0700601 -0.0025221
         vertex -0.003 -0.0627277 0.0125
      endloop
   endfacet
   facet normal 1 -1.20005e-16 -8.32705e-32
      outer loop
         vertex -0.003 -0.0627277 0.0125
         vertex -0.003 -0.0659271 -0.0017
         vertex -0.003 -0.055 -0.0017
      endloop
   endfacet
   facet normal 1 -1.20005e-16 -8.32705e-32
      outer loop
         vertex -0.003 -0.080678 0.0155
         vertex -0.003 -0.085 0.0155
         vertex -0.003 -0.085 -0.0117
      endloop
   endfacet
   facet normal 0.382683 -0.92388 -6.4107e-16
      outer loop
         vertex -0.00114805 -0.0522284 -0.0017
         vertex 6.79572e-18 -0.052 -0.0017
         vertex 6.93889e-18 -0.052 0.0125
      endloop
   endfacet
   facet normal 0.707107 -0.707107 -4.90654e-16
      outer loop
         vertex -0.00212132 -0.0528787 -0.0017
         vertex -0.00114805 -0.0522284 -0.0017
         vertex -0.00114805 -0.0522284 0.0125
      endloop
   endfacet
   facet normal 0.92388 -0.382683 -2.6554e-16
      outer loop
         vertex -0.00277164 -0.0538519 -0.0017
         vertex -0.00212132 -0.0528787 -0.0017
         vertex -0.00212132 -0.0528787 0.0125
      endloop
   endfacet
   facet normal 1 -1.85037e-16 0
      outer loop
         vertex -0.003 -0.055 -0.0017
         vertex -0.00277164 -0.0538519 -0.0017
         vertex -0.00277164 -0.0538519 0.0125
      endloop
   endfacet
   facet normal 0.92388 -0.382683 -2.6554e-16
      outer loop
         vertex -0.00277164 -0.0538519 0.0125
         vertex -0.003 -0.055 0.0125
         vertex -0.003 -0.055 -0.0017
      endloop
   endfacet
   facet normal 0.707107 -0.707107 -4.90654e-16
      outer loop
         vertex -0.00212132 -0.0528787 0.0125
         vertex -0.00277164 -0.0538519 0.0125
         vertex -0.00277164 -0.0538519 -0.0017
      endloop
   endfacet
   facet normal 0.382683 -0.92388 -6.4107e-16
      outer loop
         vertex -0.00114805 -0.0522284 0.0125
         vertex -0.00212132 -0.0528787 0.0125
         vertex -0.00212132 -0.0528787 -0.0017
      endloop
   endfacet
   facet normal -2.91937e-48 -1 -6.86661e-16
      outer loop
         vertex 6.93889e-18 -0.052 0.0125
         vertex -0.00114805 -0.0522284 0.0125
         vertex -0.00114805 -0.0522284 -0.0017
      endloop
   endfacet
   facet normal 0 -1 -6.93889e-16
      outer loop
         vertex 6.93889e-18 -0.052 0.0125
         vertex 6.79572e-18 -0.052 -0.0017
         vertex 0.00938181 -0.052 -0.0017
      endloop
   endfacet
   facet normal 0 -1 -6.93889e-16
      outer loop
         vertex 0.00938181 -0.052 -0.0017
         vertex 0.00938181 -0.052 0.0125
         vertex 6.93889e-18 -0.052 0.0125
      endloop
   endfacet
   facet normal 0.382683 -0.92388 -6.4107e-16
      outer loop
         vertex -0.000530734 -0.0590322 0.0125
         vertex 0.001 -0.0587277 0.0125
         vertex 0.001 -0.0587277 0.0155
      endloop
   endfacet
   facet normal 0.707107 -0.707107 -4.90654e-16
      outer loop
         vertex -0.00182843 -0.0598993 0.0125
         vertex -0.000530734 -0.0590322 0.0125
         vertex -0.00111961 -0.0594257 0.0155
      endloop
   endfacet
   facet normal 0.382683 -0.92388 -6.4107e-16
      outer loop
         vertex -0.000530734 -0.0590322 0.0125
         vertex -0.000530734 -0.0590322 0.0155
         vertex -0.00111961 -0.0594257 0.0155
      endloop
   endfacet
   facet normal 0.707107 -0.707107 -4.90654e-16
      outer loop
         vertex -0.00182843 -0.0598993 0.0125
         vertex -0.00182843 -0.0598993 0.0155
         vertex -0.00245 -0.0608296 0.0155
      endloop
   endfacet
   facet normal 0.876143 -0.482051 0
      outer loop
         vertex -0.00245 -0.0608296 0.0155
         vertex -0.00269552 -0.061197 0.0125
         vertex -0.00182843 -0.0598993 0.0125
      endloop
   endfacet
   facet normal 0.92388 -0.382683 -2.6554e-16
      outer loop
         vertex -0.00269552 -0.061197 0.0125
         vertex -0.00269552 -0.061197 0.0155
         vertex -0.0028559 -0.0620033 0.0155
      endloop
   endfacet
   facet normal 0.982805 -0.184646 0
      outer loop
         vertex -0.0028559 -0.0620033 0.0155
         vertex -0.003 -0.0627277 0.0125
         vertex -0.00269552 -0.061197 0.0125
      endloop
   endfacet
   facet normal 0.982805 -0.184646 0
      outer loop
         vertex -0.0028559 -0.0620033 0.0155
         vertex -0.003 -0.0627277 0.0155
         vertex -0.003 -0.0627277 0.0125
      endloop
   endfacet
   facet normal 0.876143 -0.482051 0
      outer loop
         vertex -0.00245 -0.0608296 0.0155
         vertex -0.00269552 -0.061197 0.0155
         vertex -0.00269552 -0.061197 0.0125
      endloop
   endfacet
   facet normal 0.540193 -0.841541 -8.67362e-16
      outer loop
         vertex -0.00111961 -0.0594257 0.0155
         vertex -0.00182843 -0.0598993 0.0155
         vertex -0.00182843 -0.0598993 0.0125
      endloop
   endfacet
   facet normal 0 -1 -6.93889e-16
      outer loop
         vertex 0.001 -0.0587277 0.0155
         vertex -0.000530734 -0.0590322 0.0155
         vertex -0.000530734 -0.0590322 0.0125
      endloop
   endfacet
   facet normal 0 -1 -6.93889e-16
      outer loop
         vertex 0.001 -0.0587277 0.0125
         vertex 0.0156293 -0.0587277 0.0155
         vertex 0.0134895 -0.0587277 0.0155
      endloop
   endfacet
   facet normal 0 -1 -6.93889e-16
      outer loop
         vertex 0.001 -0.0587277 0.0125
         vertex 0.0365638 -0.0587277 0.0125
         vertex 0.0211151 -0.0587277 0.0155
      endloop
   endfacet
   facet normal 0 -1 -6.93889e-16
      outer loop
         vertex 0.0211151 -0.0587277 0.0155
         vertex 0.0156293 -0.0587277 0.0155
         vertex 0.001 -0.0587277 0.0125
      endloop
   endfacet
   facet normal 0 -1 -6.93889e-16
      outer loop
         vertex 0.0365638 -0.0587277 0.0125
         vertex 0.0257248 -0.0587277 0.0155
         vertex 0.0211151 -0.0587277 0.0155
      endloop
   endfacet
   facet normal 0 -1 -6.93889e-16
      outer loop
         vertex 0.0365638 -0.0587277 0.0125
         vertex 0.0364677 -0.0587277 0.0155
         vertex 0.0257248 -0.0587277 0.0155
      endloop
   endfacet
   facet normal 0 -1 -6.93889e-16
      outer loop
         vertex 0.0134895 -0.0587277 0.0155
         vertex 0.00405 -0.0587277 0.0155
         vertex 0.001 -0.0587277 0.0125
      endloop
   endfacet
   facet normal 0 -1 -6.93889e-16
      outer loop
         vertex 0.0365638 -0.0587277 0.0125
         vertex 0.0365638 -0.0587277 0.0155
         vertex 0.0364677 -0.0587277 0.0155
      endloop
   endfacet
   facet normal 0 -1 -6.93889e-16
      outer loop
         vertex 0.00405 -0.0587277 0.0155
         vertex 0.001 -0.0587277 0.0155
         vertex 0.001 -0.0587277 0.0125
      endloop
   endfacet
   facet normal 0 -0.707107 -0.707107
      outer loop
         vertex 0.00938181 -0.0512 -0.0025
         vertex 0.00938181 -0.052 -0.0017
         vertex 6.79572e-18 -0.052 -0.0017
      endloop
   endfacet
   facet normal 0 -0.707107 -0.707107
      outer loop
         vertex 6.79572e-18 -0.052 -0.0017
         vertex 6.79572e-18 -0.0512 -0.0025
         vertex 0.00938181 -0.0512 -0.0025
      endloop
   endfacet
   facet normal -0.317681 -0.948198 -6.57944e-16
      outer loop
         vertex 0.0103348 -0.0521554 0.0125
         vertex 0.00938181 -0.052 0.0125
         vertex 0.00938181 -0.052 -0.0017
      endloop
   endfacet
   facet normal -0.602448 -0.798158 -5.53833e-16
      outer loop
         vertex 0.0111892 -0.0526055 0.0125
         vertex 0.0103348 -0.0521554 0.0125
         vertex 0.0103348 -0.0521554 -0.0017
      endloop
   endfacet
   facet normal -0.8248 -0.565425 -5.78241e-16
      outer loop
         vertex 0.0118562 -0.0533037 0.0125
         vertex 0.0111892 -0.0526055 0.0125
         vertex 0.0111892 -0.0526055 -0.0017
      endloop
   endfacet
   facet normal -0.602448 -0.798158 -5.53833e-16
      outer loop
         vertex 0.0111892 -0.0526055 -0.0017
         vertex 0.0118562 -0.0533037 -0.0017
         vertex 0.0118562 -0.0533037 0.0125
      endloop
   endfacet
   facet normal -0.317681 -0.948198 -6.57944e-16
      outer loop
         vertex 0.0103348 -0.0521554 -0.0017
         vertex 0.0111892 -0.0526055 -0.0017
         vertex 0.0111892 -0.0526055 0.0125
      endloop
   endfacet
   facet normal 0 -1 -5.78241e-16
      outer loop
         vertex 0.00938181 -0.052 -0.0017
         vertex 0.0103348 -0.0521554 -0.0017
         vertex 0.0103348 -0.0521554 0.0125
      endloop
   endfacet
   facet normal 0 6.93889e-16 -1
      outer loop
         vertex -0.00277164 -0.0538519 0.0125
         vertex 6.93889e-18 -0.052 0.0125
         vertex 0.00938181 -0.052 0.0125
      endloop
   endfacet
   facet normal 0 6.93889e-16 -1
      outer loop
         vertex -0.00277164 -0.0538519 0.0125
         vertex -0.00212132 -0.0528787 0.0125
         vertex -0.00114805 -0.0522284 0.0125
      endloop
   endfacet
   facet normal 0 6.93889e-16 -1
      outer loop
         vertex 0.0118562 -0.0533037 0.0125
         vertex 0.00938181 -0.052 0.0125
         vertex 0.0103348 -0.0521554 0.0125
      endloop
   endfacet
   facet normal 0 6.93889e-16 -1
      outer loop
         vertex -0.00114805 -0.0522284 0.0125
         vertex 6.93889e-18 -0.052 0.0125
         vertex -0.00277164 -0.0538519 0.0125
      endloop
   endfacet
   facet normal 0 6.93889e-16 -1
      outer loop
         vertex 0.001 -0.0587277 0.0125
         vertex -0.00277164 -0.0538519 0.0125
         vertex 0.0153902 -0.0561701 0.0125
      endloop
   endfacet
   facet normal 0 6.93889e-16 -1
      outer loop
         vertex 0.00938181 -0.052 0.0125
         vertex 0.0118562 -0.0533037 0.0125
         vertex -0.00277164 -0.0538519 0.0125
      endloop
   endfacet
   facet normal 0 6.93889e-16 -1
      outer loop
         vertex 0.0153902 -0.0561701 0.0125
         vertex 0.0176184 -0.0567365 0.0125
         vertex 0.001 -0.0587277 0.0125
      endloop
   endfacet
   facet normal 0 6.93889e-16 -1
      outer loop
         vertex 0.0103348 -0.0521554 0.0125
         vertex 0.0111892 -0.0526055 0.0125
         vertex 0.0118562 -0.0533037 0.0125
      endloop
   endfacet
   facet normal 0 6.93889e-16 -1
      outer loop
         vertex 0.0176184 -0.0567365 0.0125
         vertex 0.0365638 -0.0587277 0.0125
         vertex 0.001 -0.0587277 0.0125
      endloop
   endfacet
   facet normal 0 6.93889e-16 -1
      outer loop
         vertex 0.0118562 -0.0533037 0.0125
         vertex 0.0134151 -0.0549935 0.0125
         vertex -0.00277164 -0.0538519 0.0125
      endloop
   endfacet
   facet normal 0 6.93889e-16 -1
      outer loop
         vertex -0.000530734 -0.0590322 0.0125
         vertex -0.00182843 -0.0598993 0.0125
         vertex -0.003 -0.055 0.0125
      endloop
   endfacet
   facet normal 0 6.93889e-16 -1
      outer loop
         vertex 0.0134151 -0.0549935 0.0125
         vertex 0.0153902 -0.0561701 0.0125
         vertex -0.00277164 -0.0538519 0.0125
      endloop
   endfacet
   facet normal 0 6.93889e-16 -1
      outer loop
         vertex -0.003 -0.055 0.0125
         vertex -0.00182843 -0.0598993 0.0125
         vertex -0.00269552 -0.061197 0.0125
      endloop
   endfacet
   facet normal 0 6.93889e-16 -1
      outer loop
         vertex 0.001 -0.0587277 0.0125
         vertex -0.000530734 -0.0590322 0.0125
         vertex -0.00277164 -0.0538519 0.0125
      endloop
   endfacet
   facet normal 0 6.93889e-16 -1
      outer loop
         vertex -0.003 -0.055 0.0125
         vertex -0.00277164 -0.0538519 0.0125
         vertex -0.000530734 -0.0590322 0.0125
      endloop
   endfacet
   facet normal 0 6.93889e-16 -1
      outer loop
         vertex -0.00269552 -0.061197 0.0125
         vertex -0.003 -0.0627277 0.0125
         vertex -0.003 -0.055 0.0125
      endloop
   endfacet
   facet normal -0.104528 -0.994522 -6.90088e-16
      outer loop
         vertex 0.0365638 -0.0587277 0.0125
         vertex 0.0176184 -0.0567365 0.0125
         vertex 0.0176184 -0.0567365 -0.0017
      endloop
   endfacet
   facet normal -0.104528 -0.994522 -6.90088e-16
      outer loop
         vertex 0.0176184 -0.0567365 -0.0017
         vertex 0.0365638 -0.0587277 -0.0017
         vertex 0.0365638 -0.0587277 0.0125
      endloop
   endfacet
   facet normal -0.8248 -0.565425 -4.33681e-16
      outer loop
         vertex 0.0118562 -0.0533037 0.0125
         vertex 0.0118562 -0.0533037 -0.0017
         vertex 0.0134151 -0.0549935 -0.0017
      endloop
   endfacet
   facet normal -0.629937 -0.776646 -5.38907e-16
      outer loop
         vertex 0.0134151 -0.0549935 0.0125
         vertex 0.0134151 -0.0549935 -0.0017
         vertex 0.0153902 -0.0561701 -0.0017
      endloop
   endfacet
   facet normal -0.38305 -0.923728 -6.40965e-16
      outer loop
         vertex 0.0153902 -0.0561701 0.0125
         vertex 0.0153902 -0.0561701 -0.0017
         vertex 0.0176184 -0.0567365 -0.0017
      endloop
   endfacet
   facet normal -0.104528 -0.994522 -6.91179e-16
      outer loop
         vertex 0.0176184 -0.0567365 -0.0017
         vertex 0.0176184 -0.0567365 0.0125
         vertex 0.0153902 -0.0561701 0.0125
      endloop
   endfacet
   facet normal -0.38305 -0.923728 -6.40965e-16
      outer loop
         vertex 0.0153902 -0.0561701 -0.0017
         vertex 0.0153902 -0.0561701 0.0125
         vertex 0.0134151 -0.0549935 0.0125
      endloop
   endfacet
   facet normal -0.629937 -0.776646 -5.38907e-16
      outer loop
         vertex 0.0134151 -0.0549935 -0.0017
         vertex 0.0134151 -0.0549935 0.0125
         vertex 0.0118562 -0.0533037 0.0125
      endloop
   endfacet
   facet normal 0 -0.707107 -0.707107
      outer loop
         vertex 0.00938181 -0.0512 -0.0025
         vertex 0.010589 -0.0513968 -0.0025
         vertex 0.0103348 -0.0521554 -0.0017
      endloop
   endfacet
   facet normal -0.224634 -0.670477 -0.707107
      outer loop
         vertex 0.010589 -0.0513968 -0.0025
         vertex 0.0116711 -0.051967 -0.0025
         vertex 0.0111892 -0.0526055 -0.0017
      endloop
   endfacet
   facet normal -0.425995 -0.564383 -0.707107
      outer loop
         vertex 0.0116711 -0.051967 -0.0025
         vertex 0.012516 -0.0528514 -0.0025
         vertex 0.0118562 -0.0533037 -0.0017
      endloop
   endfacet
   facet normal -0.583221 -0.399816 -0.707107
      outer loop
         vertex 0.0118562 -0.0533037 -0.0017
         vertex 0.0111892 -0.0526055 -0.0017
         vertex 0.0116711 -0.051967 -0.0025
      endloop
   endfacet
   facet normal -0.425995 -0.564383 -0.707107
      outer loop
         vertex 0.0111892 -0.0526055 -0.0017
         vertex 0.0103348 -0.0521554 -0.0017
         vertex 0.010589 -0.0513968 -0.0025
      endloop
   endfacet
   facet normal -0.224634 -0.670477 -0.707107
      outer loop
         vertex 0.0103348 -0.0521554 -0.0017
         vertex 0.00938181 -0.052 -0.0017
         vertex 0.00938181 -0.0512 -0.0025
      endloop
   endfacet
   facet normal -0.583221 -0.399816 -0.707107
      outer loop
         vertex 0.0118562 -0.0533037 -0.0017
         vertex 0.012516 -0.0528514 -0.0025
         vertex 0.0139191 -0.0543722 -0.0025
      endloop
   endfacet
   facet normal -0.445433 -0.549172 -0.707107
      outer loop
         vertex 0.0134151 -0.0549935 -0.0017
         vertex 0.0139191 -0.0543722 -0.0025
         vertex 0.0156966 -0.0554312 -0.0025
      endloop
   endfacet
   facet normal -0.270857 -0.653174 -0.707107
      outer loop
         vertex 0.0153902 -0.0561701 -0.0017
         vertex 0.0156966 -0.0554312 -0.0025
         vertex 0.017702 -0.0559409 -0.0025
      endloop
   endfacet
   facet normal -0.0739128 -0.703233 -0.707107
      outer loop
         vertex 0.017702 -0.0559409 -0.0025
         vertex 0.0176184 -0.0567365 -0.0017
         vertex 0.0153902 -0.0561701 -0.0017
      endloop
   endfacet
   facet normal -0.270857 -0.653174 -0.707107
      outer loop
         vertex 0.0156966 -0.0554312 -0.0025
         vertex 0.0153902 -0.0561701 -0.0017
         vertex 0.0134151 -0.0549935 -0.0017
      endloop
   endfacet
   facet normal -0.445433 -0.549172 -0.707107
      outer loop
         vertex 0.0139191 -0.0543722 -0.0025
         vertex 0.0134151 -0.0549935 -0.0017
         vertex 0.0118562 -0.0533037 -0.0017
      endloop
   endfacet
   facet normal -0.0739128 -0.703233 -0.707107
      outer loop
         vertex 0.0366475 -0.0579321 -0.0025
         vertex 0.0365638 -0.0587277 -0.0017
         vertex 0.0176184 -0.0567365 -0.0017
      endloop
   endfacet
   facet normal -0.0739128 -0.703233 -0.707107
      outer loop
         vertex 0.0176184 -0.0567365 -0.0017
         vertex 0.017702 -0.0559409 -0.0025
         vertex 0.0366475 -0.0579321 -0.0025
      endloop
   endfacet
   facet normal -0.748012 -0.663685 -4.60524e-16
      outer loop
         vertex 0.0384943 -0.0597203 -0.0017
         vertex 0.0390626 -0.060667 -0.0017
         vertex 0.0390626 -0.060667 0.0155
      endloop
   endfacet
   facet normal -0.457241 -0.889343 -6.17106e-16
      outer loop
         vertex 0.037622 -0.0590433 -0.0017
         vertex 0.0384943 -0.0597203 -0.0017
         vertex 0.0381148 -0.0594257 0.0155
      endloop
   endfacet
   facet normal -0.748012 -0.663685 -4.60524e-16
      outer loop
         vertex 0.0384943 -0.0597203 -0.0017
         vertex 0.0384943 -0.0597203 0.0155
         vertex 0.0381148 -0.0594257 0.0155
      endloop
   endfacet
   facet normal -0.457241 -0.889343 -6.17106e-16
      outer loop
         vertex 0.037622 -0.0590433 -0.0017
         vertex 0.037622 -0.0590433 0.0155
         vertex 0.0365638 -0.0587277 0.0125
      endloop
   endfacet
   facet normal -0.457241 -0.889343 -6.17106e-16
      outer loop
         vertex 0.037622 -0.0590433 0.0155
         vertex 0.0365638 -0.0587277 0.0155
         vertex 0.0365638 -0.0587277 0.0125
      endloop
   endfacet
   facet normal -0.104528 -0.994522 -5.78241e-16
      outer loop
         vertex 0.0365638 -0.0587277 0.0125
         vertex 0.0365638 -0.0587277 -0.0017
         vertex 0.037622 -0.0590433 -0.0017
      endloop
   endfacet
   facet normal -0.632109 -0.774879 0
      outer loop
         vertex 0.0381148 -0.0594257 0.0155
         vertex 0.037622 -0.0590433 0.0155
         vertex 0.037622 -0.0590433 -0.0017
      endloop
   endfacet
   facet normal -0.93745 -0.348119 -2.52981e-16
      outer loop
         vertex 0.0390626 -0.060667 0.0155
         vertex 0.0384943 -0.0597203 0.0155
         vertex 0.0384943 -0.0597203 -0.0017
      endloop
   endfacet
   facet normal -0.0739128 -0.703233 -0.707107
      outer loop
         vertex 0.0366475 -0.0579321 -0.0025
         vertex 0.0379878 -0.0583318 -0.0025
         vertex 0.037622 -0.0590433 -0.0017
      endloop
   endfacet
   facet normal -0.323318 -0.62886 -0.707107
      outer loop
         vertex 0.0379878 -0.0583318 -0.0025
         vertex 0.0390927 -0.0591893 -0.0025
         vertex 0.0384943 -0.0597203 -0.0017
      endloop
   endfacet
   facet normal -0.528924 -0.469296 -0.707107
      outer loop
         vertex 0.0390927 -0.0591893 -0.0025
         vertex 0.0398126 -0.0603885 -0.0025
         vertex 0.0390626 -0.060667 -0.0017
      endloop
   endfacet
   facet normal -0.662877 -0.246158 -0.707107
      outer loop
         vertex 0.0390626 -0.060667 -0.0017
         vertex 0.0384943 -0.0597203 -0.0017
         vertex 0.0390927 -0.0591893 -0.0025
      endloop
   endfacet
   facet normal -0.528924 -0.469296 -0.707107
      outer loop
         vertex 0.0384943 -0.0597203 -0.0017
         vertex 0.037622 -0.0590433 -0.0017
         vertex 0.0379878 -0.0583318 -0.0025
      endloop
   endfacet
   facet normal -0.323318 -0.62886 -0.707107
      outer loop
         vertex 0.037622 -0.0590433 -0.0017
         vertex 0.0365638 -0.0587277 -0.0017
         vertex 0.0366475 -0.0579321 -0.0025
      endloop
   endfacet
   facet normal -0.556074 -0.436785 -0.707107
      outer loop
         vertex 0.040273 -0.0628221 -0.0017
         vertex 0.0390626 -0.060667 -0.0017
         vertex 0.0398126 -0.0603885 -0.0025
      endloop
   endfacet
   facet normal -0.55518 -0.437922 -0.707107
      outer loop
         vertex 0.0409092 -0.0623411 -0.0025
         vertex 0.0402811 -0.0628365 -0.0017
         vertex 0.040273 -0.0628221 -0.0017
      endloop
   endfacet
   facet normal -0.662877 -0.246158 -0.707107
      outer loop
         vertex 0.0398126 -0.0603885 -0.0025
         vertex 0.0409092 -0.0623411 -0.0025
         vertex 0.040273 -0.0628221 -0.0017
      endloop
   endfacet
   facet normal -0.519128 -0.854697 -5.93065e-16
      outer loop
         vertex 0.0424092 -0.0647196 0.0155
         vertex 0.0402811 -0.0628365 -0.0017
         vertex 0.0422554 -0.0646238 -0.00186165
      endloop
   endfacet
   facet normal -0.786438 -0.617669 -4.28594e-16
      outer loop
         vertex 0.0402707 -0.0628234 0.0155
         vertex 0.040273 -0.0628221 -0.0017
         vertex 0.0402811 -0.0628365 -0.0017
      endloop
   endfacet
   facet normal -0.785143 -0.619315 -4.33681e-16
      outer loop
         vertex 0.0402811 -0.0628365 -0.0017
         vertex 0.0424092 -0.0647196 0.0155
         vertex 0.0413784 -0.0638056 0.0155
      endloop
   endfacet
   facet normal -0.785143 -0.619315 -4.33681e-16
      outer loop
         vertex 0.0402811 -0.0628365 -0.0017
         vertex 0.0413784 -0.0638056 0.0155
         vertex 0.0402707 -0.0628234 0.0155
      endloop
   endfacet
   facet normal -0.37158 -0.928401 -4.33681e-16
      outer loop
         vertex 0.0436251 -0.0652204 0.0155
         vertex 0.0424092 -0.0647196 0.0155
         vertex 0.0424202 -0.0646938 -0.00188184
      endloop
   endfacet
   facet normal -0.233445 -0.97237 -6.77626e-16
      outer loop
         vertex 0.0446947 -0.065661 -0.00216051
         vertex 0.0446947 -0.065661 0.0155
         vertex 0.0436251 -0.0652204 0.0155
      endloop
   endfacet
   facet normal -0.93745 -0.348119 -2.43945e-16
      outer loop
         vertex 0.0390626 -0.060667 -0.0017
         vertex 0.040273 -0.0628221 -0.0017
         vertex 0.0398113 -0.0620033 0.0155
      endloop
   endfacet
   facet normal -0.786408 -0.617708 -4.33681e-16
      outer loop
         vertex 0.040273 -0.0628221 -0.0017
         vertex 0.0402707 -0.0628234 0.0155
         vertex 0.0398113 -0.0620033 0.0155
      endloop
   endfacet
   facet normal -0.853521 -0.521059 -4.33681e-16
      outer loop
         vertex 0.0398113 -0.0620033 0.0155
         vertex 0.0390626 -0.060667 0.0155
         vertex 0.0390626 -0.060667 -0.0017
      endloop
   endfacet
   facet normal -0.519556 -0.854436 -5.96311e-16
      outer loop
         vertex 0.0424202 -0.0646938 -0.00188184
         vertex 0.0446947 -0.065661 -0.00216051
         vertex 0.0436251 -0.0652204 0.0155
      endloop
   endfacet
   facet normal -0.538353 -0.842719 -5.82759e-16
      outer loop
         vertex 0.0422554 -0.0646238 -0.00186165
         vertex 0.0424202 -0.0646938 -0.00188184
         vertex 0.0424092 -0.0647196 0.0155
      endloop
   endfacet
   facet normal -0.233445 -0.97237 -6.74717e-16
      outer loop
         vertex 0.0497003 -0.0668627 0.0155
         vertex 0.0446947 -0.065661 0.0155
         vertex 0.0446947 -0.065661 -0.00216051
      endloop
   endfacet
   facet normal -0.233445 -0.97237 -6.74717e-16
      outer loop
         vertex 0.0446947 -0.065661 -0.00216051
         vertex 0.0497003 -0.0668627 -0.00296609
         vertex 0.0497003 -0.0668627 0.0155
      endloop
   endfacet
   facet normal -0.409449 -0.518828 -0.750446
      outer loop
         vertex 0.0424202 -0.0646938 -0.00188184
         vertex 0.0426652 -0.063813 -0.00264963
         vertex 0.0440389 -0.0643432 -0.00282397
      endloop
   endfacet
   facet normal -0.287239 -0.558634 -0.778089
      outer loop
         vertex 0.0440389 -0.0643432 -0.00282397
         vertex 0.0446947 -0.065661 -0.00216051
         vertex 0.0424202 -0.0646938 -0.00188184
      endloop
   endfacet
   facet normal -0.287239 -0.558634 -0.778089
      outer loop
         vertex 0.0440389 -0.0643432 -0.00282397
         vertex 0.044846 -0.0646547 -0.0029264
         vertex 0.0446947 -0.065661 -0.00216051
      endloop
   endfacet
   facet normal -0.420754 -0.514143 -0.747411
      outer loop
         vertex 0.0422554 -0.0646238 -0.00186165
         vertex 0.0402811 -0.0628365 -0.0017
         vertex 0.0409092 -0.0623411 -0.0025
      endloop
   endfacet
   facet normal -0.540833 -0.45581 -0.706921
      outer loop
         vertex 0.0409092 -0.0623411 -0.0025
         vertex 0.0426652 -0.063813 -0.00264963
         vertex 0.0422554 -0.0646238 -0.00186165
      endloop
   endfacet
   facet normal -0.409449 -0.518828 -0.750446
      outer loop
         vertex 0.0424202 -0.0646938 -0.00188184
         vertex 0.0422554 -0.0646238 -0.00186165
         vertex 0.0426652 -0.063813 -0.00264963
      endloop
   endfacet
   facet normal -0.287196 -0.477828 -0.83018
      outer loop
         vertex 0.0497003 -0.0668627 -0.00296609
         vertex 0.0446947 -0.065661 -0.00216051
         vertex 0.044846 -0.0646547 -0.0029264
      endloop
   endfacet
   facet normal -0.208442 -0.572288 -0.793119
      outer loop
         vertex 0.044846 -0.0646547 -0.0029264
         vertex 0.0498296 -0.0657134 -0.0036723
         vertex 0.0497003 -0.0668627 -0.00296609
      endloop
   endfacet
   facet normal -0.726738 -0.101028 -0.679445
      outer loop
         vertex 0.0509749 -0.0675745 -0.00368357
         vertex 0.051455 -0.0665328 -0.00433327
         vertex 0.0516583 -0.0666696 -0.00444274
      endloop
   endfacet
   facet normal -0.689566 -0.112043 -0.715503
      outer loop
         vertex 0.0516583 -0.0666696 -0.00444274
         vertex 0.0519702 -0.067108 -0.00485588
         vertex 0.051348 -0.0679277 -0.00405836
      endloop
   endfacet
   facet normal -0.755798 0.0356887 -0.653831
      outer loop
         vertex 0.0519702 -0.067108 -0.00485588
         vertex 0.0514293 -0.0680605 -0.00421936
         vertex 0.051348 -0.0679277 -0.00405836
      endloop
   endfacet
   facet normal -0.79197 0.0581625 -0.607784
      outer loop
         vertex 0.051348 -0.0679277 -0.00405836
         vertex 0.05131 -0.0678657 -0.00398324
         vertex 0.0516583 -0.0666696 -0.00444274
      endloop
   endfacet
   facet normal -0.451382 -0.380826 -0.806986
      outer loop
         vertex 0.0506061 -0.0659619 -0.00387614
         vertex 0.0504044 -0.0671554 -0.0032552
         vertex 0.0497003 -0.0668627 -0.00296609
      endloop
   endfacet
   facet normal -0.324732 -0.468387 -0.821683
      outer loop
         vertex 0.0497003 -0.0668627 -0.00296609
         vertex 0.0498296 -0.0657134 -0.0036723
         vertex 0.0506061 -0.0659619 -0.00387614
      endloop
   endfacet
   facet normal -0.451382 -0.380826 -0.806986
      outer loop
         vertex 0.0506061 -0.0659619 -0.00387614
         vertex 0.0506659 -0.0660021 -0.00390832
         vertex 0.0504044 -0.0671554 -0.0032552
      endloop
   endfacet
   facet normal -0.755798 0.0356887 -0.653831
      outer loop
         vertex 0.0519702 -0.067108 -0.00485588
         vertex 0.0524028 -0.0677161 -0.00542893
         vertex 0.0517548 -0.0685919 -0.00486325
      endloop
   endfacet
   facet normal -0.482045 -0.357024 -0.800104
      outer loop
         vertex 0.0507191 -0.0660379 -0.00393698
         vertex 0.0505738 -0.0672258 -0.00332474
         vertex 0.0505294 -0.0672073 -0.0033065
      endloop
   endfacet
   facet normal -0.653387 -0.170203 -0.737642
      outer loop
         vertex 0.051455 -0.0665328 -0.00433327
         vertex 0.0509749 -0.0675745 -0.00368357
         vertex 0.0505738 -0.0672258 -0.00332474
      endloop
   endfacet
   facet normal -0.610296 -0.264763 -0.746619
      outer loop
         vertex 0.0505738 -0.0672258 -0.00332474
         vertex 0.0507191 -0.0660379 -0.00393698
         vertex 0.051455 -0.0665328 -0.00433327
      endloop
   endfacet
   facet normal -0.599421 -0.276699 -0.751087
      outer loop
         vertex 0.0505294 -0.0672073 -0.0033065
         vertex 0.0504044 -0.0671554 -0.0032552
         vertex 0.0507191 -0.0660379 -0.00393698
      endloop
   endfacet
   facet normal -0.822868 0.295271 -0.485493
      outer loop
         vertex 0.0517548 -0.0685919 -0.00486325
         vertex 0.0514293 -0.0680605 -0.00421936
         vertex 0.0519702 -0.067108 -0.00485588
      endloop
   endfacet
   facet normal -0.467509 -0.368655 -0.803448
      outer loop
         vertex 0.0506659 -0.0660021 -0.00390832
         vertex 0.0507191 -0.0660379 -0.00393698
         vertex 0.0504044 -0.0671554 -0.0032552
      endloop
   endfacet
   facet normal -0.689566 -0.112043 -0.715503
      outer loop
         vertex 0.0516583 -0.0666696 -0.00444274
         vertex 0.05131 -0.0678657 -0.00398324
         vertex 0.0509749 -0.0675745 -0.00368357
      endloop
   endfacet
   facet normal -0.785317 -0.619094 -4.29583e-16
      outer loop
         vertex 0.051356 -0.0679225 0.0155
         vertex 0.0505738 -0.0672258 -0.00332474
         vertex 0.0509749 -0.0675745 -0.00368357
      endloop
   endfacet
   facet normal -0.511014 -0.859572 -6.14381e-16
      outer loop
         vertex 0.0505294 -0.0672073 -0.0033065
         vertex 0.0513495 -0.0679169 0.0155
         vertex 0.0510755 -0.0676768 0.0155
      endloop
   endfacet
   facet normal -0.785317 -0.619094 -4.29583e-16
      outer loop
         vertex 0.051356 -0.0679225 0.0155
         vertex 0.0513495 -0.0679169 0.0155
         vertex 0.0505294 -0.0672073 -0.0033065
      endloop
   endfacet
   facet normal -0.511014 -0.859572 -6.14381e-16
      outer loop
         vertex 0.0505294 -0.0672073 -0.0033065
         vertex 0.0505738 -0.0672258 -0.00332474
         vertex 0.051356 -0.0679225 0.0155
      endloop
   endfacet
   facet normal -0.702442 -0.711741 0
      outer loop
         vertex 0.0510755 -0.0676768 0.0155
         vertex 0.0505322 -0.0672006 0.0155
         vertex 0.0505294 -0.0672073 -0.0033065
      endloop
   endfacet
   facet normal -0.667119 -0.744951 -5.05961e-16
      outer loop
         vertex 0.0509749 -0.0675745 -0.00368357
         vertex 0.05131 -0.0678657 -0.00398324
         vertex 0.051356 -0.0679225 0.0155
      endloop
   endfacet
   facet normal -0.955214 -0.295916 -2.05333e-16
      outer loop
         vertex 0.0518656 -0.0688921 0.0155
         vertex 0.051356 -0.0679225 0.0155
         vertex 0.051348 -0.0679277 -0.00405836
      endloop
   endfacet
   facet normal -0.785125 -0.619337 -4.33681e-16
      outer loop
         vertex 0.051348 -0.0679277 -0.00405836
         vertex 0.0514293 -0.0680605 -0.00421936
         vertex 0.0518656 -0.0688921 0.0155
      endloop
   endfacet
   facet normal -0.81626 -0.577685 -4.33681e-16
      outer loop
         vertex 0.0514293 -0.0680605 -0.00421936
         vertex 0.0517548 -0.0685919 -0.00486325
         vertex 0.0518656 -0.0688921 0.0155
      endloop
   endfacet
   facet normal -1 -4.16334e-15 0
      outer loop
         vertex 0.052 -0.0697798 0.0155
         vertex 0.0518656 -0.0688921 0.0155
         vertex 0.0518189 -0.0689027 -0.0052647
      endloop
   endfacet
   facet normal -0.51073 -0.859741 -5.96565e-16
      outer loop
         vertex 0.0505322 -0.0672006 0.0155
         vertex 0.0497003 -0.0668627 0.0155
         vertex 0.0497003 -0.0668627 -0.00296609
      endloop
   endfacet
   facet normal -0.233445 -0.97237 -1.15648e-15
      outer loop
         vertex 0.0497003 -0.0668627 -0.00296609
         vertex 0.0504044 -0.0671554 -0.0032552
         vertex 0.0505322 -0.0672006 0.0155
      endloop
   endfacet
   facet normal -0.471817 -0.881697 -6.14381e-16
      outer loop
         vertex 0.0504044 -0.0671554 -0.0032552
         vertex 0.0505294 -0.0672073 -0.0033065
         vertex 0.0505322 -0.0672006 0.0155
      endloop
   endfacet
   facet normal -0.954844 -0.297107 -1.4456e-16
      outer loop
         vertex 0.0518189 -0.0689027 -0.0052647
         vertex 0.052 -0.0697798 -0.00639775
         vertex 0.052 -0.0697798 0.0155
      endloop
   endfacet
   facet normal -0.918263 -0.395971 -2.89121e-16
      outer loop
         vertex 0.0517548 -0.0685919 -0.00486325
         vertex 0.0518189 -0.0689027 -0.0052647
         vertex 0.0518656 -0.0688921 0.0155
      endloop
   endfacet
   facet normal -0.769993 -0.638052 -4.33681e-16
      outer loop
         vertex 0.05131 -0.0678657 -0.00398324
         vertex 0.051348 -0.0679277 -0.00405836
         vertex 0.051356 -0.0679225 0.0155
      endloop
   endfacet
   facet normal -0.744392 0.46956 -0.474757
      outer loop
         vertex 0.0527134 -0.0692208 -0.00696343
         vertex 0.052 -0.0697798 -0.00639775
         vertex 0.0518189 -0.0689027 -0.0052647
      endloop
   endfacet
   facet normal -0.809722 0.361104 -0.462552
      outer loop
         vertex 0.0518189 -0.0689027 -0.0052647
         vertex 0.0524028 -0.0677161 -0.00542893
         vertex 0.0527134 -0.0692208 -0.00696343
      endloop
   endfacet
   facet normal -0.809722 0.361104 -0.462552
      outer loop
         vertex 0.0518189 -0.0689027 -0.0052647
         vertex 0.0517548 -0.0685919 -0.00486325
         vertex 0.0524028 -0.0677161 -0.00542893
      endloop
   endfacet
   facet normal -0.744392 0.469358 -0.474956
      outer loop
         vertex 0.0527134 -0.0692208 -0.00696343
         vertex 0.0527134 -0.0718595 -0.00957107
         vertex 0.052 -0.0724186 -0.00900538
      endloop
   endfacet
   facet normal -0.744392 0.469358 -0.474956
      outer loop
         vertex 0.052 -0.0724186 -0.00900538
         vertex 0.052 -0.0697798 -0.00639775
         vertex 0.0527134 -0.0692208 -0.00696343
      endloop
   endfacet
   facet normal -1 0 0
      outer loop
         vertex 0.052 -0.080678 0.0155
         vertex 0.052 -0.0724186 -0.00900538
         vertex 0.052 -0.0753839 -0.0109756
      endloop
   endfacet
   facet normal -1 0 0
      outer loop
         vertex 0.052 -0.080678 0.0155
         vertex 0.052 -0.0697798 0.0155
         vertex 0.052 -0.0697798 -0.00639775
      endloop
   endfacet
   facet normal -1 0 0
      outer loop
         vertex 0.052 -0.080678 0.0155
         vertex 0.052 -0.0754416 -0.0109878
         vertex 0.052 -0.0787972 -0.0116986
      endloop
   endfacet
   facet normal -1 0 0
      outer loop
         vertex 0.052 -0.0697798 -0.00639775
         vertex 0.052 -0.0724186 -0.00900538
         vertex 0.052 -0.080678 0.0155
      endloop
   endfacet
   facet normal -1 0 0
      outer loop
         vertex 0.052 -0.0753839 -0.0109756
         vertex 0.052 -0.0754416 -0.0109878
         vertex 0.052 -0.080678 0.0155
      endloop
   endfacet
   facet normal -1 0 0
      outer loop
         vertex 0.052 -0.085 -0.0117
         vertex 0.052 -0.085 0.0155
         vertex 0.052 -0.080678 0.0155
      endloop
   endfacet
   facet normal -1 0 0
      outer loop
         vertex 0.052 -0.080678 0.0155
         vertex 0.052 -0.0790015 -0.0117
         vertex 0.052 -0.085 -0.0117
      endloop
   endfacet
   facet normal -1 0 0
      outer loop
         vertex 0.052 -0.0787972 -0.0116986
         vertex 0.052 -0.0790015 -0.0117
         vertex 0.052 -0.080678 0.0155
      endloop
   endfacet
   facet normal -0.744389 0.471281 -0.473052
      outer loop
         vertex 0.052 -0.0724186 -0.00900538
         vertex 0.0527213 -0.0725051 -0.0101571
         vertex 0.0527383 -0.0739235 -0.0109414
      endloop
   endfacet
   facet normal -0.744389 0.471281 -0.473052
      outer loop
         vertex 0.052 -0.0724186 -0.00900538
         vertex 0.0527134 -0.0718595 -0.00957107
         vertex 0.0527213 -0.0725051 -0.0101571
      endloop
   endfacet
   facet normal -0.734244 0.337793 -0.588882
      outer loop
         vertex 0.0527383 -0.0739235 -0.0109414
         vertex 0.052 -0.0753839 -0.0109756
         vertex 0.052 -0.0724186 -0.00900538
      endloop
   endfacet
   facet normal -0.72745 0.252784 -0.6379
      outer loop
         vertex 0.0527535 -0.0751898 -0.0116417
         vertex 0.052 -0.0754416 -0.0109878
         vertex 0.052 -0.0753839 -0.0109756
      endloop
   endfacet
   facet normal -0.708319 0.0132906 -0.705767
      outer loop
         vertex 0.052 -0.0787972 -0.0116986
         vertex 0.052 -0.0754416 -0.0109878
         vertex 0.0527697 -0.0765297 -0.0121049
      endloop
   endfacet
   facet normal -0.727472 0.259925 -0.634999
      outer loop
         vertex 0.052 -0.0754416 -0.0109878
         vertex 0.0527535 -0.0751898 -0.0116417
         vertex 0.0527611 -0.0758231 -0.0119919
      endloop
   endfacet
   facet normal -0.723881 0.207877 -0.657863
      outer loop
         vertex 0.0527611 -0.0758231 -0.0119919
         vertex 0.0527697 -0.0765297 -0.0121049
         vertex 0.052 -0.0754416 -0.0109878
      endloop
   endfacet
   facet normal -0.707061 -0.0114091 -0.707061
      outer loop
         vertex 0.0528 -0.0790015 -0.0125
         vertex 0.052 -0.0790015 -0.0117
         vertex 0.052 -0.0787972 -0.0116986
      endloop
   endfacet
   facet normal -0.720322 0.162871 -0.674247
      outer loop
         vertex 0.0527697 -0.0765297 -0.0121049
         vertex 0.0528 -0.0790015 -0.0125
         vertex 0.052 -0.0787972 -0.0116986
      endloop
   endfacet
   facet normal -0.734244 0.337793 -0.588882
      outer loop
         vertex 0.0527383 -0.0739235 -0.0109414
         vertex 0.0527535 -0.0751898 -0.0116417
         vertex 0.052 -0.0753839 -0.0109756
      endloop
   endfacet
   facet normal -0.108239 0.698773 -0.707107
      outer loop
         vertex 0.0554781 -0.0672398 -0.00542893
         vertex 0.0568017 -0.0703857 -0.00874044
         vertex 0.0527134 -0.0692208 -0.00696343
      endloop
   endfacet
   facet normal -0.108239 0.698773 -0.707107
      outer loop
         vertex 0.0527134 -0.0718595 -0.00957107
         vertex 0.0527134 -0.0692208 -0.00696343
         vertex 0.0568017 -0.0703857 -0.00874044
      endloop
   endfacet
   facet normal -0.108239 0.698773 -0.707107
      outer loop
         vertex 0.0568017 -0.0703857 -0.00874044
         vertex 0.0568766 -0.0712147 -0.00957107
         vertex 0.0527134 -0.0718595 -0.00957107
      endloop
   endfacet
   facet normal -0.108239 0.698773 -0.707107
      outer loop
         vertex 0.0527134 -0.0692208 -0.00696343
         vertex 0.0524028 -0.0677161 -0.00542893
         vertex 0.0554781 -0.0672398 -0.00542893
      endloop
   endfacet
   facet normal -0.707107 4.90654e-16 -0.707107
      outer loop
         vertex 0.0528 -0.0790015 -0.0125
         vertex 0.0528 -0.085 -0.0125
         vertex 0.052 -0.085 -0.0117
      endloop
   endfacet
   facet normal -0.707107 4.90654e-16 -0.707107
      outer loop
         vertex 0.052 -0.085 -0.0117
         vertex 0.052 -0.0790015 -0.0117
         vertex 0.0528 -0.0790015 -0.0125
      endloop
   endfacet
   facet normal 0 6.93889e-16 -1
      outer loop
         vertex 0.0569794 -0.085 -0.0125
         vertex 0.0528 -0.085 -0.0125
         vertex 0.0528 -0.0790015 -0.0125
      endloop
   endfacet
   facet normal 0 6.93889e-16 -1
      outer loop
         vertex 0.0528 -0.0790015 -0.0125
         vertex 0.0569794 -0.0783541 -0.0125
         vertex 0.0569794 -0.085 -0.0125
      endloop
   endfacet
   facet normal -0.108239 0.698773 -0.707107
      outer loop
         vertex 0.0527134 -0.0718595 -0.00957107
         vertex 0.0568766 -0.0712147 -0.00957107
         vertex 0.0568835 -0.0714575 -0.00980411
      endloop
   endfacet
   facet normal -0.0782027 0.504864 -0.859649
      outer loop
         vertex 0.0569089 -0.0732844 -0.0109483
         vertex 0.0527383 -0.0739235 -0.0109414
         vertex 0.0527213 -0.0725051 -0.0101571
      endloop
   endfacet
   facet normal -0.0984549 0.635609 -0.765707
      outer loop
         vertex 0.0527213 -0.0725051 -0.0101571
         vertex 0.0568835 -0.0714575 -0.00980411
         vertex 0.0569089 -0.0732844 -0.0109483
      endloop
   endfacet
   facet normal -0.0561998 0.362817 -0.930164
      outer loop
         vertex 0.0569278 -0.0746469 -0.0118016
         vertex 0.0527535 -0.0751898 -0.0116417
         vertex 0.0527383 -0.0739235 -0.0109414
      endloop
   endfacet
   facet normal -0.0378228 0.244178 -0.968993
      outer loop
         vertex 0.0569452 -0.0758984 -0.0120374
         vertex 0.0527611 -0.0758231 -0.0119919
         vertex 0.0527535 -0.0751898 -0.0116417
      endloop
   endfacet
   facet normal -0.0584105 0.377089 -0.924333
      outer loop
         vertex 0.0527535 -0.0751898 -0.0116417
         vertex 0.0569278 -0.0746469 -0.0118016
         vertex 0.0569452 -0.0758984 -0.0120374
      endloop
   endfacet
   facet normal -0.0378228 0.244178 -0.968993
      outer loop
         vertex 0.0569452 -0.0758984 -0.0120374
         vertex 0.0527697 -0.0765297 -0.0121049
         vertex 0.0527611 -0.0758231 -0.0119919
      endloop
   endfacet
   facet normal 3.46945e-16 6.1149e-15 -1
      outer loop
         vertex 0.0569794 -0.0783541 -0.0125
         vertex 0.0528 -0.0790015 -0.0125
         vertex 0.0527697 -0.0765297 -0.0121049
      endloop
   endfacet
   facet normal -0.037796 0.244005 -0.969037
      outer loop
         vertex 0.0527697 -0.0765297 -0.0121049
         vertex 0.0569452 -0.0758984 -0.0120374
         vertex 0.0569794 -0.0783541 -0.0125
      endloop
   endfacet
   facet normal -0.0783287 0.505678 -0.859159
      outer loop
         vertex 0.0527383 -0.0739235 -0.0109414
         vertex 0.0569089 -0.0732844 -0.0109483
         vertex 0.0569278 -0.0746469 -0.0118016
      endloop
   endfacet
   facet normal -0.10455 0.674959 -0.730411
      outer loop
         vertex 0.0568835 -0.0714575 -0.00980411
         vertex 0.0527213 -0.0725051 -0.0101571
         vertex 0.0527134 -0.0718595 -0.00957107
      endloop
   endfacet
   facet normal 0.668559 5.16017e-16 -0.743659
      outer loop
         vertex 0.0569794 -0.0783541 -0.0125
         vertex 0.058 -0.0783541 -0.0115825
         vertex 0.058 -0.085 -0.0115825
      endloop
   endfacet
   facet normal 0.668559 5.16017e-16 -0.743659
      outer loop
         vertex 0.058 -0.085 -0.0115825
         vertex 0.0569794 -0.085 -0.0125
         vertex 0.0569794 -0.0783541 -0.0125
      endloop
   endfacet
   facet normal 0.668557 -0.00262743 -0.743657
      outer loop
         vertex 0.058 -0.0783541 -0.0115825
         vertex 0.0569794 -0.0783541 -0.0125
         vertex 0.0569452 -0.0758984 -0.0120374
      endloop
   endfacet
   facet normal 0.655821 0.193789 -0.729619
      outer loop
         vertex 0.0569452 -0.0758984 -0.0120374
         vertex 0.058 -0.0749802 -0.0109472
         vertex 0.058 -0.0783541 -0.0115825
      endloop
   endfacet
   facet normal 0.632812 0.527532 -0.566797
      outer loop
         vertex 0.058 -0.0720767 -0.00913395
         vertex 0.058 -0.0749802 -0.0109472
         vertex 0.0569089 -0.0732844 -0.0109483
      endloop
   endfacet
   facet normal 0.649556 0.276291 -0.708336
      outer loop
         vertex 0.058 -0.0749802 -0.0109472
         vertex 0.0569278 -0.0746469 -0.0118016
         vertex 0.0569089 -0.0732844 -0.0109483
      endloop
   endfacet
   facet normal 0.642015 0.393992 -0.657714
      outer loop
         vertex 0.0569089 -0.0732844 -0.0109483
         vertex 0.0568835 -0.0714575 -0.00980411
         vertex 0.058 -0.0720767 -0.00913395
      endloop
   endfacet
   facet normal 0.655821 0.193789 -0.729619
      outer loop
         vertex 0.0569452 -0.0758984 -0.0120374
         vertex 0.0569278 -0.0746469 -0.0118016
         vertex 0.058 -0.0749802 -0.0109472
      endloop
   endfacet
   facet normal 0.632797 0.530843 -0.563714
      outer loop
         vertex 0.0568835 -0.0714575 -0.00980411
         vertex 0.0568766 -0.0712147 -0.00957107
         vertex 0.057996 -0.0718235 -0.00892229
      endloop
   endfacet
   facet normal 0.62214 0.523813 -0.58186
      outer loop
         vertex 0.057996 -0.0718235 -0.00892229
         vertex 0.058 -0.0720767 -0.00913395
         vertex 0.0568835 -0.0714575 -0.00980411
      endloop
   endfacet
   facet normal 1 0 0
      outer loop
         vertex 0.058 -0.085 0.0125
         vertex 0.058 -0.0749802 -0.0109472
         vertex 0.058 -0.0720767 -0.00913395
      endloop
   endfacet
   facet normal 1 0 0
      outer loop
         vertex 0.058 -0.085 0.0125
         vertex 0.058 -0.0783541 -0.0115825
         vertex 0.058 -0.0749802 -0.0109472
      endloop
   endfacet
   facet normal 1 0 0
      outer loop
         vertex 0.058 -0.085 0.0125
         vertex 0.058 -0.085 -0.0115825
         vertex 0.058 -0.0783541 -0.0115825
      endloop
   endfacet
   facet normal 1 0 0
      outer loop
         vertex 0.058 -0.0720767 -0.00913395
         vertex 0.058 -0.0720767 0.0125
         vertex 0.058 -0.085 0.0125
      endloop
   endfacet
   facet normal 0.362519 0.80056 -0.477161
      outer loop
         vertex 0.0554781 -0.0672398 -0.00542893
         vertex 0.0569164 -0.0680564 -0.005527
         vertex 0.0574094 -0.0697767 -0.00707757
      endloop
   endfacet
   facet normal 0.362519 0.80056 -0.477161
      outer loop
         vertex 0.0554781 -0.0672398 -0.00542893
         vertex 0.056393 -0.0672674 -0.00478016
         vertex 0.0569164 -0.0680564 -0.005527
      endloop
   endfacet
   facet normal 0.531528 0.656367 -0.535407
      outer loop
         vertex 0.0574094 -0.0697767 -0.00707757
         vertex 0.0568017 -0.0703857 -0.00874044
         vertex 0.0554781 -0.0672398 -0.00542893
      endloop
   endfacet
   facet normal 0.622129 0.52304 -0.582567
      outer loop
         vertex 0.057996 -0.0718235 -0.00892229
         vertex 0.0568766 -0.0712147 -0.00957107
         vertex 0.0568017 -0.0703857 -0.00874044
      endloop
   endfacet
   facet normal 0.531528 0.656367 -0.535407
      outer loop
         vertex 0.0574094 -0.0697767 -0.00707757
         vertex 0.057996 -0.0718235 -0.00892229
         vertex 0.0568017 -0.0703857 -0.00874044
      endloop
   endfacet
   facet normal 0.123854 0.784721 -0.607349
      outer loop
         vertex 0.0523449 -0.0644281 -0.00265888
         vertex 0.0540474 -0.0652757 -0.00320773
         vertex 0.0533621 -0.0655823 -0.00391272
      endloop
   endfacet
   facet normal 0.0635297 0.792652 -0.606355
      outer loop
         vertex 0.0515707 -0.0649118 -0.00341206
         vertex 0.0518676 -0.0642978 -0.00257824
         vertex 0.0523449 -0.0644281 -0.00265888
      endloop
   endfacet
   facet normal 0.234284 0.7791 -0.581476
      outer loop
         vertex 0.0540474 -0.0652757 -0.00320773
         vertex 0.0536077 -0.0656742 -0.00398136
         vertex 0.0533621 -0.0655823 -0.00391272
      endloop
   endfacet
   facet normal 0.272582 0.775001 -0.570151
      outer loop
         vertex 0.0546895 -0.0655953 -0.00341471
         vertex 0.0562649 -0.0671416 -0.00467748
         vertex 0.0549842 -0.0666943 -0.00486357
      endloop
   endfacet
   facet normal 0.205675 0.800762 -0.562564
      outer loop
         vertex 0.0536077 -0.0656742 -0.00398136
         vertex 0.0540474 -0.0652757 -0.00320773
         vertex 0.0546895 -0.0655953 -0.00341471
      endloop
   endfacet
   facet normal 0.357197 0.807534 -0.46936
      outer loop
         vertex 0.0554781 -0.0672398 -0.00542893
         vertex 0.0549842 -0.0666943 -0.00486357
         vertex 0.0562649 -0.0671416 -0.00467748
      endloop
   endfacet
   facet normal 0.375124 0.772933 -0.51172
      outer loop
         vertex 0.0562649 -0.0671416 -0.00467748
         vertex 0.056393 -0.0672674 -0.00478016
         vertex 0.0554781 -0.0672398 -0.00542893
      endloop
   endfacet
   facet normal 0.31064 0.806855 -0.502482
      outer loop
         vertex 0.0549842 -0.0666943 -0.00486357
         vertex 0.0536077 -0.0656742 -0.00398136
         vertex 0.0546895 -0.0655953 -0.00341471
      endloop
   endfacet
   facet normal 0.188471 0.800706 -0.568637
      outer loop
         vertex 0.0533621 -0.0655823 -0.00391272
         vertex 0.0515707 -0.0649118 -0.00341206
         vertex 0.0523449 -0.0644281 -0.00265888
      endloop
   endfacet
   facet normal -3.46945e-16 1.0842e-16 -1
      outer loop
         vertex 0.0439783 -0.0618657 -0.0025
         vertex 0.0458699 -0.0633483 -0.00265516
         vertex 0.0440389 -0.0643432 -0.00282397
      endloop
   endfacet
   facet normal -0.0376823 0.243271 -0.969226
      outer loop
         vertex 0.0440389 -0.0643432 -0.00282397
         vertex 0.0426652 -0.063813 -0.00264963
         vertex 0.0439783 -0.0618657 -0.0025
      endloop
   endfacet
   facet normal -0.026381 0.170311 -0.985037
      outer loop
         vertex 0.0426652 -0.063813 -0.00264963
         vertex 0.0409092 -0.0623411 -0.0025
         vertex 0.0439783 -0.0618657 -0.0025
      endloop
   endfacet
   facet normal -0.0638691 0.412329 -0.908794
      outer loop
         vertex 0.0515707 -0.0649118 -0.00341206
         vertex 0.0506061 -0.0659619 -0.00387614
         vertex 0.0498296 -0.0657134 -0.0036723
      endloop
   endfacet
   facet normal -0.0442222 0.285491 -0.95736
      outer loop
         vertex 0.044846 -0.0646547 -0.0029264
         vertex 0.0472222 -0.0638496 -0.00282561
         vertex 0.0481765 -0.0642034 -0.00294591
      endloop
   endfacet
   facet normal -0.0452001 0.291804 -0.955409
      outer loop
         vertex 0.0481765 -0.0642034 -0.00294591
         vertex 0.0498296 -0.0657134 -0.0036723
         vertex 0.044846 -0.0646547 -0.0029264
      endloop
   endfacet
   facet normal -0.0442222 0.285491 -0.95736
      outer loop
         vertex 0.044846 -0.0646547 -0.0029264
         vertex 0.0440389 -0.0643432 -0.00282397
         vertex 0.0472222 -0.0638496 -0.00282561
      endloop
   endfacet
   facet normal -0.0638691 0.412329 -0.908794
      outer loop
         vertex 0.0515707 -0.0649118 -0.00341206
         vertex 0.0533621 -0.0655823 -0.00391272
         vertex 0.0506659 -0.0660021 -0.00390832
      endloop
   endfacet
   facet normal -0.0782637 0.505258 -0.859412
      outer loop
         vertex 0.0506659 -0.0660021 -0.00390832
         vertex 0.0506061 -0.0659619 -0.00387614
         vertex 0.0515707 -0.0649118 -0.00341206
      endloop
   endfacet
   facet normal -0.0782688 0.50529 -0.859393
      outer loop
         vertex 0.0533621 -0.0655823 -0.00391272
         vertex 0.0516583 -0.0666696 -0.00444274
         vertex 0.051455 -0.0665328 -0.00433327
      endloop
   endfacet
   facet normal -0.0881919 0.569353 -0.817349
      outer loop
         vertex 0.051455 -0.0665328 -0.00433327
         vertex 0.0507191 -0.0660379 -0.00393698
         vertex 0.0533621 -0.0655823 -0.00391272
      endloop
   endfacet
   facet normal -0.0983007 0.634614 -0.766552
      outer loop
         vertex 0.0519702 -0.067108 -0.00485588
         vertex 0.0516583 -0.0666696 -0.00444274
         vertex 0.0533621 -0.0655823 -0.00391272
      endloop
   endfacet
   facet normal -0.0988299 0.63803 -0.763643
      outer loop
         vertex 0.0549842 -0.0666943 -0.00486357
         vertex 0.0524028 -0.0677161 -0.00542893
         vertex 0.0519702 -0.067108 -0.00485588
      endloop
   endfacet
   facet normal -0.0983007 0.634614 -0.766552
      outer loop
         vertex 0.0519702 -0.067108 -0.00485588
         vertex 0.0536077 -0.0656742 -0.00398136
         vertex 0.0549842 -0.0666943 -0.00486357
      endloop
   endfacet
   facet normal -0.0988299 0.63803 -0.763643
      outer loop
         vertex 0.0549842 -0.0666943 -0.00486357
         vertex 0.0554781 -0.0672398 -0.00542893
         vertex 0.0524028 -0.0677161 -0.00542893
      endloop
   endfacet
   facet normal -0.0782688 0.50529 -0.859393
      outer loop
         vertex 0.0533621 -0.0655823 -0.00391272
         vertex 0.0536077 -0.0656742 -0.00398136
         vertex 0.0519702 -0.067108 -0.00485588
      endloop
   endfacet
   facet normal -0.0789478 0.509674 -0.856738
      outer loop
         vertex 0.0507191 -0.0660379 -0.00393698
         vertex 0.0506659 -0.0660021 -0.00390832
         vertex 0.0533621 -0.0655823 -0.00391272
      endloop
   endfacet
   facet normal -0.0719147 0.46427 -0.88277
      outer loop
         vertex 0.0498296 -0.0657134 -0.0036723
         vertex 0.0481765 -0.0642034 -0.00294591
         vertex 0.0515707 -0.0649118 -0.00341206
      endloop
   endfacet
   facet normal -0.0268606 0.173408 -0.984484
      outer loop
         vertex 0.0458699 -0.0633483 -0.00265516
         vertex 0.0472222 -0.0638496 -0.00282561
         vertex 0.0440389 -0.0643432 -0.00282397
      endloop
   endfacet
   facet normal 0.101455 0.750631 -0.652886
      outer loop
         vertex 0.0484562 -0.0634788 -0.00206931
         vertex 0.0518676 -0.0642978 -0.00257824
         vertex 0.0515707 -0.0649118 -0.00341206
      endloop
   endfacet
   facet normal 0.0652615 0.79226 -0.606683
      outer loop
         vertex 0.0515707 -0.0649118 -0.00341206
         vertex 0.0481765 -0.0642034 -0.00294591
         vertex 0.0484562 -0.0634788 -0.00206931
      endloop
   endfacet
   facet normal 0.492775 0.452222 -0.743417
      outer loop
         vertex 0.0439783 -0.0618657 -0.0025
         vertex 0.0448493 -0.0612908 -0.00159052
         vertex 0.0460079 -0.0623585 -0.0016902
      endloop
   endfacet
   facet normal 0.492775 0.452222 -0.743417
      outer loop
         vertex 0.0439783 -0.0618657 -0.0025
         vertex 0.044756 -0.0612048 -0.0015825
         vertex 0.0448493 -0.0612908 -0.00159052
      endloop
   endfacet
   facet normal 0.343257 0.616327 -0.708742
      outer loop
         vertex 0.0460079 -0.0623585 -0.0016902
         vertex 0.0458699 -0.0633483 -0.00265516
         vertex 0.0439783 -0.0618657 -0.0025
      endloop
   endfacet
   facet normal 0.281175 0.662043 -0.694722
      outer loop
         vertex 0.0458699 -0.0633483 -0.00265516
         vertex 0.0464602 -0.0625655 -0.00176024
         vertex 0.0467646 -0.0627047 -0.00180737
      endloop
   endfacet
   facet normal 0.0902693 0.753264 -0.651494
      outer loop
         vertex 0.0484562 -0.0634788 -0.00206931
         vertex 0.0481765 -0.0642034 -0.00294591
         vertex 0.0472222 -0.0638496 -0.00282561
      endloop
   endfacet
   facet normal 0.162837 0.727578 -0.666419
      outer loop
         vertex 0.0472222 -0.0638496 -0.00282561
         vertex 0.0467646 -0.0627047 -0.00180737
         vertex 0.0484562 -0.0634788 -0.00206931
      endloop
   endfacet
   facet normal 0.26253 0.675631 -0.688912
      outer loop
         vertex 0.0467646 -0.0627047 -0.00180737
         vertex 0.0472222 -0.0638496 -0.00282561
         vertex 0.0458699 -0.0633483 -0.00265516
      endloop
   endfacet
   facet normal 0.343257 0.616327 -0.708742
      outer loop
         vertex 0.0460079 -0.0623585 -0.0016902
         vertex 0.0464602 -0.0625655 -0.00176024
         vertex 0.0458699 -0.0633483 -0.00265516
      endloop
   endfacet
   facet normal 0.62161 0.246113 -0.743659
      outer loop
         vertex 0.042633 -0.0596248 -0.0025
         vertex 0.0420737 -0.0569241 -0.0025
         vertex 0.0430938 -0.0568921 -0.0015825
      endloop
   endfacet
   facet normal 0.509475 0.432905 -0.743659
      outer loop
         vertex 0.0439783 -0.0618657 -0.0025
         vertex 0.042633 -0.0596248 -0.0025
         vertex 0.0435819 -0.0592491 -0.0015825
      endloop
   endfacet
   facet normal 0.668229 0.0209999 -0.743659
      outer loop
         vertex 0.0420737 -0.0569241 -0.0025
         vertex 0.0422914 -0.0547998 -0.0025
         vertex 0.0432838 -0.0550381 -0.0015825
      endloop
   endfacet
   facet normal 0.650087 -0.156072 -0.743659
      outer loop
         vertex 0.0432838 -0.0550381 -0.0015825
         vertex 0.0430938 -0.0568921 -0.0015825
         vertex 0.0420737 -0.0569241 -0.0025
      endloop
   endfacet
   facet normal 0.62161 0.246113 -0.743659
      outer loop
         vertex 0.0435819 -0.0592491 -0.0015825
         vertex 0.044756 -0.0612048 -0.0015825
         vertex 0.0439783 -0.0618657 -0.0025
      endloop
   endfacet
   facet normal 0.668229 0.0209999 -0.743659
      outer loop
         vertex 0.0430938 -0.0568921 -0.0015825
         vertex 0.0435819 -0.0592491 -0.0015825
         vertex 0.042633 -0.0596248 -0.0025
      endloop
   endfacet
   facet normal 0.481754 0.876307 6.0806e-16
      outer loop
         vertex 0.0467181 -0.0628063 0.0125
         vertex 0.0460079 -0.0623585 -0.0016902
         vertex 0.0448493 -0.0612908 -0.00159052
      endloop
   endfacet
   facet normal 0.481754 0.876307 6.0806e-16
      outer loop
         vertex 0.0467181 -0.0628063 0.0125
         vertex 0.0467646 -0.0627047 -0.00180737
         vertex 0.0464602 -0.0625655 -0.00176024
      endloop
   endfacet
   facet normal 0.524464 0.851433 5.88567e-16
      outer loop
         vertex 0.0464602 -0.0625655 -0.00176024
         vertex 0.0460079 -0.0623585 -0.0016902
         vertex 0.0467181 -0.0628063 0.0125
      endloop
   endfacet
   facet normal 0.929776 0.368125 2.55438e-16
      outer loop
         vertex 0.0435819 -0.0592491 0.0125
         vertex 0.0448396 -0.0613014 0.0125
         vertex 0.044756 -0.0612048 -0.0015825
      endloop
   endfacet
   facet normal 0.750111 0.661312 4.58877e-16
      outer loop
         vertex 0.0448396 -0.0613014 0.0125
         vertex 0.0448493 -0.0612908 -0.00159052
         vertex 0.044756 -0.0612048 -0.0015825
      endloop
   endfacet
   facet normal 0.999507 0.0314108 2.17956e-17
      outer loop
         vertex 0.0430938 -0.0568921 0.0125
         vertex 0.0435819 -0.0592491 0.0125
         vertex 0.0435819 -0.0592491 -0.0015825
      endloop
   endfacet
   facet normal 0.97237 -0.233445 -2.47818e-16
      outer loop
         vertex 0.0432838 -0.0550381 0.0125
         vertex 0.0430938 -0.0568921 0.0125
         vertex 0.0430938 -0.0568921 -0.0015825
      endloop
   endfacet
   facet normal 0.233445 0.97237 7.43453e-16
      outer loop
         vertex 0.0484562 -0.0634788 0.0125
         vertex 0.0484562 -0.0634788 -0.00206931
         vertex 0.0467646 -0.0627047 -0.00180737
      endloop
   endfacet
   facet normal 0.482791 0.875736 6.04055e-16
      outer loop
         vertex 0.0467646 -0.0627047 -0.00180737
         vertex 0.0467181 -0.0628063 0.0125
         vertex 0.0484562 -0.0634788 0.0125
      endloop
   endfacet
   facet normal 0.999507 0.0314108 1.54886e-17
      outer loop
         vertex 0.0430938 -0.0568921 -0.0015825
         vertex 0.0432838 -0.0550381 -0.0015825
         vertex 0.0432838 -0.0550381 0.0125
      endloop
   endfacet
   facet normal 0.929776 0.368125 2.47818e-16
      outer loop
         vertex 0.0435819 -0.0592491 -0.0015825
         vertex 0.0430938 -0.0568921 -0.0015825
         vertex 0.0430938 -0.0568921 0.0125
      endloop
   endfacet
   facet normal 0.762049 0.647519 4.49169e-16
      outer loop
         vertex 0.044756 -0.0612048 -0.0015825
         vertex 0.0435819 -0.0592491 -0.0015825
         vertex 0.0435819 -0.0592491 0.0125
      endloop
   endfacet
   facet normal 0.750252 0.661152 4.64658e-16
      outer loop
         vertex 0.0448493 -0.0612908 -0.00159052
         vertex 0.0448396 -0.0613014 0.0125
         vertex 0.0467181 -0.0628063 0.0125
      endloop
   endfacet
   facet normal 0.650087 -0.156072 -0.743659
      outer loop
         vertex 0.0482301 -0.0344352 -0.0015825
         vertex 0.0432838 -0.0550381 -0.0015825
         vertex 0.0422914 -0.0547998 -0.0025
      endloop
   endfacet
   facet normal 0.650087 -0.156072 -0.743659
      outer loop
         vertex 0.0422914 -0.0547998 -0.0025
         vertex 0.0472377 -0.034197 -0.0025
         vertex 0.0482301 -0.0344352 -0.0015825
      endloop
   endfacet
   facet normal 0.233445 0.97237 6.74717e-16
      outer loop
         vertex 0.0484562 -0.0634788 -0.00206931
         vertex 0.0484562 -0.0634788 0.0125
         vertex 0.0518676 -0.0642978 0.0065
      endloop
   endfacet
   facet normal 0.233445 0.97237 6.74717e-16
      outer loop
         vertex 0.0586661 -0.06593 0.0125
         vertex 0.0586661 -0.06593 0.0065
         vertex 0.0518676 -0.0642978 0.0065
      endloop
   endfacet
   facet normal 0.233445 0.97237 6.74717e-16
      outer loop
         vertex 0.0518676 -0.0642978 0.0065
         vertex 0.0484562 -0.0634788 0.0125
         vertex 0.0586661 -0.06593 0.0125
      endloop
   endfacet
   facet normal 0.233445 0.97237 6.74717e-16
      outer loop
         vertex 0.0518676 -0.0642978 0.0065
         vertex 0.0518676 -0.0642978 -0.00257824
         vertex 0.0484562 -0.0634788 -0.00206931
      endloop
   endfacet
   facet normal -0.809017 0.587785 4.07858e-16
      outer loop
         vertex 0.0659634 -0.0632379 0.0125
         vertex 0.0671068 -0.0607575 0.0125
         vertex 0.0671068 -0.0607575 0.0065
      endloop
   endfacet
   facet normal -0.522499 0.85264 5.91638e-16
      outer loop
         vertex 0.0639577 -0.0650919 0.0125
         vertex 0.0659634 -0.0632379 0.0125
         vertex 0.0659634 -0.0632379 0.0065
      endloop
   endfacet
   facet normal -0.156434 0.987688 6.85346e-16
      outer loop
         vertex 0.0613953 -0.0660372 0.0125
         vertex 0.0639577 -0.0650919 0.0125
         vertex 0.0639577 -0.0650919 0.0065
      endloop
   endfacet
   facet normal 0.233445 0.97237 6.19544e-16
      outer loop
         vertex 0.0586661 -0.06593 0.0125
         vertex 0.0613953 -0.0660372 0.0125
         vertex 0.0613953 -0.0660372 0.0065
      endloop
   endfacet
   facet normal -0.156434 0.987688 6.85346e-16
      outer loop
         vertex 0.0613953 -0.0660372 0.0065
         vertex 0.0586661 -0.06593 0.0065
         vertex 0.0586661 -0.06593 0.0125
      endloop
   endfacet
   facet normal -0.522499 0.85264 5.91638e-16
      outer loop
         vertex 0.0639577 -0.0650919 0.0065
         vertex 0.0613953 -0.0660372 0.0065
         vertex 0.0613953 -0.0660372 0.0125
      endloop
   endfacet
   facet normal -0.809017 0.587785 4.07858e-16
      outer loop
         vertex 0.0659634 -0.0632379 0.0065
         vertex 0.0639577 -0.0650919 0.0065
         vertex 0.0639577 -0.0650919 0.0125
      endloop
   endfacet
   facet normal -0.97237 0.233445 1.23909e-16
      outer loop
         vertex 0.0671068 -0.0607575 0.0065
         vertex 0.0659634 -0.0632379 0.0065
         vertex 0.0659634 -0.0632379 0.0125
      endloop
   endfacet
   facet normal 0.51073 0.859741 5.96565e-16
      outer loop
         vertex 0.0540858 -0.0651988 0.0065
         vertex 0.0523449 -0.0644281 -0.00265888
         vertex 0.0518676 -0.0642978 -0.00257824
      endloop
   endfacet
   facet normal 0.51073 0.859741 5.96565e-16
      outer loop
         vertex 0.0540858 -0.0651988 0.0065
         vertex 0.0540474 -0.0652757 -0.00320773
         vertex 0.0523449 -0.0644281 -0.00265888
      endloop
   endfacet
   facet normal 0.785317 0.619094 4.29583e-16
      outer loop
         vertex 0.0562825 -0.067124 0.0065
         vertex 0.0546895 -0.0655953 -0.00341471
         vertex 0.0540474 -0.0652757 -0.00320773
      endloop
   endfacet
   facet normal 0.785317 0.619094 4.29583e-16
      outer loop
         vertex 0.0562825 -0.067124 0.0065
         vertex 0.0562649 -0.0671416 -0.00467748
         vertex 0.0546895 -0.0655953 -0.00341471
      endloop
   endfacet
   facet normal 0.955214 0.295916 2.05333e-16
      outer loop
         vertex 0.0576417 -0.0697094 0.0125
         vertex 0.0574094 -0.0697767 -0.00707757
         vertex 0.0570952 -0.068381 0.0073
      endloop
   endfacet
   facet normal 0.812748 0.582615 4.33681e-16
      outer loop
         vertex 0.056502 -0.0674158 0.0065
         vertex 0.056393 -0.0672674 -0.00478016
         vertex 0.0562649 -0.0671416 -0.00467748
      endloop
   endfacet
   facet normal 0.812748 0.582615 4.33681e-16
      outer loop
         vertex 0.056502 -0.0674158 0.0065
         vertex 0.0574094 -0.0697767 -0.00707757
         vertex 0.0569164 -0.0680564 -0.005527
      endloop
   endfacet
   facet normal 0.864551 0.502545 3.25261e-16
      outer loop
         vertex 0.0569164 -0.0680564 -0.005527
         vertex 0.056393 -0.0672674 -0.00478016
         vertex 0.056502 -0.0674158 0.0065
      endloop
   endfacet
   facet normal 0.785543 0.618808 4.33681e-16
      outer loop
         vertex 0.0562649 -0.0671416 -0.00467748
         vertex 0.0562825 -0.067124 0.0065
         vertex 0.056502 -0.0674158 0.0065
      endloop
   endfacet
   facet normal 0.812748 0.582615 4.33681e-16
      outer loop
         vertex 0.056502 -0.0674158 0.0065
         vertex 0.0570952 -0.068381 0.0073
         vertex 0.0574094 -0.0697767 -0.00707757
      endloop
   endfacet
   facet normal 1 -1.0842e-14 0
      outer loop
         vertex 0.058 -0.0720767 0.0125
         vertex 0.057996 -0.0718235 -0.00892229
         vertex 0.0574094 -0.0697767 -0.00707757
      endloop
   endfacet
   facet normal 1 -1.0842e-14 0
      outer loop
         vertex 0.058 -0.0720767 0.0125
         vertex 0.058 -0.0720767 -0.00913395
         vertex 0.057996 -0.0718235 -0.00892229
      endloop
   endfacet
   facet normal 0.955045 0.29646 2.1684e-16
      outer loop
         vertex 0.0574094 -0.0697767 -0.00707757
         vertex 0.0576417 -0.0697094 0.0125
         vertex 0.058 -0.0720767 0.0125
      endloop
   endfacet
   facet normal 0.886894 0.461973 2.1684e-16
      outer loop
         vertex 0.0570952 -0.068381 0.0073
         vertex 0.0570952 -0.068381 0.0125
         vertex 0.0576417 -0.0697094 0.0125
      endloop
   endfacet
   facet normal 0.511404 0.85934 5.96311e-16
      outer loop
         vertex 0.0540474 -0.0652757 -0.00320773
         vertex 0.0540858 -0.0651988 0.0065
         vertex 0.0562825 -0.067124 0.0065
      endloop
   endfacet
   facet normal 0.233445 0.97237 6.74238e-16
      outer loop
         vertex 0.0518676 -0.0642978 -0.00257824
         vertex 0.0518676 -0.0642978 0.0065
         vertex 0.0540858 -0.0651988 0.0065
      endloop
   endfacet
   facet normal -0.233445 -0.97237 -6.74717e-16
      outer loop
         vertex 0.0580241 -0.068604 0.0125
         vertex 0.0570952 -0.068381 0.0125
         vertex 0.0570952 -0.068381 0.0073
      endloop
   endfacet
   facet normal -0.233445 -0.97237 -6.74717e-16
      outer loop
         vertex 0.0570952 -0.068381 0.0073
         vertex 0.0580241 -0.068604 0.0073
         vertex 0.0580241 -0.068604 0.0125
      endloop
   endfacet
   facet normal -0.165071 -0.687569 -0.707107
      outer loop
         vertex 0.0582109 -0.0678261 0.0065
         vertex 0.0580241 -0.068604 0.0073
         vertex 0.0570952 -0.068381 0.0073
      endloop
   endfacet
   facet normal -0.165071 -0.687569 -0.707107
      outer loop
         vertex 0.0570952 -0.068381 0.0073
         vertex 0.056502 -0.0674158 0.0065
         vertex 0.0582109 -0.0678261 0.0065
      endloop
   endfacet
   facet normal -0.233445 -0.97237 -6.74717e-16
      outer loop
         vertex 0.0580241 -0.068604 0.0125
         vertex 0.0580241 -0.068604 0.0073
         vertex 0.0618255 -0.0687533 0.0073
      endloop
   endfacet
   facet normal 0.156434 -0.987688 -6.85346e-16
      outer loop
         vertex 0.0618255 -0.0687533 0.0125
         vertex 0.0618255 -0.0687533 0.0073
         vertex 0.0653946 -0.0674366 0.0073
      endloop
   endfacet
   facet normal 0.522499 -0.85264 -5.91638e-16
      outer loop
         vertex 0.0653946 -0.0674366 0.0125
         vertex 0.0653946 -0.0674366 0.0073
         vertex 0.0681882 -0.0648543 0.0073
      endloop
   endfacet
   facet normal 0.809017 -0.587785 -4.07858e-16
      outer loop
         vertex 0.0681882 -0.0648543 0.0125
         vertex 0.0681882 -0.0648543 0.0073
         vertex 0.0697808 -0.0613995 0.0073
      endloop
   endfacet
   facet normal 0.97237 -0.233445 -1.668e-16
      outer loop
         vertex 0.0697808 -0.0613995 0.0073
         vertex 0.0697808 -0.0613995 0.0125
         vertex 0.0681882 -0.0648543 0.0125
      endloop
   endfacet
   facet normal 0.809017 -0.587785 -4.07858e-16
      outer loop
         vertex 0.0681882 -0.0648543 0.0073
         vertex 0.0681882 -0.0648543 0.0125
         vertex 0.0653946 -0.0674366 0.0125
      endloop
   endfacet
   facet normal 0.522499 -0.85264 -5.91638e-16
      outer loop
         vertex 0.0653946 -0.0674366 0.0073
         vertex 0.0653946 -0.0674366 0.0125
         vertex 0.0618255 -0.0687533 0.0125
      endloop
   endfacet
   facet normal 0.156434 -0.987688 -6.85346e-16
      outer loop
         vertex 0.0618255 -0.0687533 0.0073
         vertex 0.0618255 -0.0687533 0.0125
         vertex 0.0580241 -0.068604 0.0125
      endloop
   endfacet
   facet normal 0 6.93889e-16 -1
      outer loop
         vertex 0.0576417 -0.0697094 0.0125
         vertex 0.0570952 -0.068381 0.0125
         vertex 0.0580241 -0.068604 0.0125
      endloop
   endfacet
   facet normal 0 6.93889e-16 -1
      outer loop
         vertex 0.0618255 -0.0687533 0.0125
         vertex 0.058 -0.085 0.0125
         vertex 0.058 -0.0720767 0.0125
      endloop
   endfacet
   facet normal 0 6.93889e-16 -1
      outer loop
         vertex 0.058 -0.0720767 0.0125
         vertex 0.0576417 -0.0697094 0.0125
         vertex 0.0618255 -0.0687533 0.0125
      endloop
   endfacet
   facet normal 0 6.93889e-16 -1
      outer loop
         vertex 0.0688148 -0.0654233 0.0125
         vertex 0.058 -0.085 0.0125
         vertex 0.0653946 -0.0674366 0.0125
      endloop
   endfacet
   facet normal 0 6.93889e-16 -1
      outer loop
         vertex 0.0580241 -0.068604 0.0125
         vertex 0.0618255 -0.0687533 0.0125
         vertex 0.0576417 -0.0697094 0.0125
      endloop
   endfacet
   facet normal 0 6.93889e-16 -1
      outer loop
         vertex 0.0618255 -0.0687533 0.0125
         vertex 0.0653946 -0.0674366 0.0125
         vertex 0.058 -0.085 0.0125
      endloop
   endfacet
   facet normal 0 6.93889e-16 -1
      outer loop
         vertex 0.0653946 -0.0674366 0.0125
         vertex 0.0681882 -0.0648543 0.0125
         vertex 0.0688148 -0.0654233 0.0125
      endloop
   endfacet
   facet normal 0 6.93889e-16 -1
      outer loop
         vertex 0.0681882 -0.0648543 0.0125
         vertex 0.0697808 -0.0613995 0.0125
         vertex 0.0688148 -0.0654233 0.0125
      endloop
   endfacet
   facet normal 0.875315 -0.483553 -3.35532e-16
      outer loop
         vertex 0.058 -0.085 0.0125
         vertex 0.0688148 -0.0654233 0.0125
         vertex 0.0688148 -0.0654233 0.015
      endloop
   endfacet
   facet normal 0.875315 -0.483553 -3.35532e-16
      outer loop
         vertex 0.0688148 -0.0654233 0.015
         vertex 0.058 -0.085 0.015
         vertex 0.058 -0.085 0.0125
      endloop
   endfacet
   facet normal -0.165071 -0.687569 -0.707107
      outer loop
         vertex 0.0580241 -0.068604 0.0073
         vertex 0.0582109 -0.0678261 0.0065
         vertex 0.0617003 -0.0679632 0.0065
      endloop
   endfacet
   facet normal 0.110616 -0.698401 -0.707107
      outer loop
         vertex 0.0618255 -0.0687533 0.0073
         vertex 0.0617003 -0.0679632 0.0065
         vertex 0.0649766 -0.0667545 0.0065
      endloop
   endfacet
   facet normal 0.369462 -0.602908 -0.707107
      outer loop
         vertex 0.0653946 -0.0674366 0.0073
         vertex 0.0649766 -0.0667545 0.0065
         vertex 0.0675409 -0.0643841 0.0065
      endloop
   endfacet
   facet normal 0.572061 -0.415627 -0.707107
      outer loop
         vertex 0.0681882 -0.0648543 0.0073
         vertex 0.0675409 -0.0643841 0.0065
         vertex 0.0690029 -0.0612127 0.0065
      endloop
   endfacet
   facet normal 0.687569 -0.165071 -0.707107
      outer loop
         vertex 0.0690029 -0.0612127 0.0065
         vertex 0.0697808 -0.0613995 0.0073
         vertex 0.0681882 -0.0648543 0.0073
      endloop
   endfacet
   facet normal 0.572061 -0.415627 -0.707107
      outer loop
         vertex 0.0675409 -0.0643841 0.0065
         vertex 0.0681882 -0.0648543 0.0073
         vertex 0.0653946 -0.0674366 0.0073
      endloop
   endfacet
   facet normal 0.369462 -0.602908 -0.707107
      outer loop
         vertex 0.0649766 -0.0667545 0.0065
         vertex 0.0653946 -0.0674366 0.0073
         vertex 0.0618255 -0.0687533 0.0073
      endloop
   endfacet
   facet normal 0.110616 -0.698401 -0.707107
      outer loop
         vertex 0.0617003 -0.0679632 0.0065
         vertex 0.0618255 -0.0687533 0.0073
         vertex 0.0580241 -0.068604 0.0073
      endloop
   endfacet
   facet normal 0 6.93889e-16 -1
      outer loop
         vertex 0.0586661 -0.06593 0.0065
         vertex 0.0617003 -0.0679632 0.0065
         vertex 0.0540858 -0.0651988 0.0065
      endloop
   endfacet
   facet normal 0 6.93889e-16 -1
      outer loop
         vertex 0.0562825 -0.067124 0.0065
         vertex 0.0617003 -0.0679632 0.0065
         vertex 0.0582109 -0.0678261 0.0065
      endloop
   endfacet
   facet normal 0 6.93889e-16 -1
      outer loop
         vertex 0.0540858 -0.0651988 0.0065
         vertex 0.0518676 -0.0642978 0.0065
         vertex 0.0586661 -0.06593 0.0065
      endloop
   endfacet
   facet normal 0 6.93889e-16 -1
      outer loop
         vertex 0.0582109 -0.0678261 0.0065
         vertex 0.056502 -0.0674158 0.0065
         vertex 0.0562825 -0.067124 0.0065
      endloop
   endfacet
   facet normal 0 6.93889e-16 -1
      outer loop
         vertex 0.0617003 -0.0679632 0.0065
         vertex 0.0613953 -0.0660372 0.0065
         vertex 0.0639577 -0.0650919 0.0065
      endloop
   endfacet
   facet normal 0 6.93889e-16 -1
      outer loop
         vertex 0.0562825 -0.067124 0.0065
         vertex 0.0540858 -0.0651988 0.0065
         vertex 0.0617003 -0.0679632 0.0065
      endloop
   endfacet
   facet normal 0 6.93889e-16 -1
      outer loop
         vertex 0.0690029 -0.0612127 0.0065
         vertex 0.0671068 -0.0607575 0.0065
         vertex 0.0742504 -0.0310024 0.0065
      endloop
   endfacet
   facet normal 0 6.93889e-16 -1
      outer loop
         vertex 0.0675409 -0.0643841 0.0065
         vertex 0.0659634 -0.0632379 0.0065
         vertex 0.0671068 -0.0607575 0.0065
      endloop
   endfacet
   facet normal 0 6.93889e-16 -1
      outer loop
         vertex 0.0649766 -0.0667545 0.0065
         vertex 0.0639577 -0.0650919 0.0065
         vertex 0.0659634 -0.0632379 0.0065
      endloop
   endfacet
   facet normal 0 6.93889e-16 -1
      outer loop
         vertex 0.0586661 -0.06593 0.0065
         vertex 0.0613953 -0.0660372 0.0065
         vertex 0.0617003 -0.0679632 0.0065
      endloop
   endfacet
   facet normal 0 6.93889e-16 -1
      outer loop
         vertex 0.0671068 -0.0607575 0.0065
         vertex 0.0690029 -0.0612127 0.0065
         vertex 0.0675409 -0.0643841 0.0065
      endloop
   endfacet
   facet normal 0 6.93889e-16 -1
      outer loop
         vertex 0.0639577 -0.0650919 0.0065
         vertex 0.0649766 -0.0667545 0.0065
         vertex 0.0617003 -0.0679632 0.0065
      endloop
   endfacet
   facet normal 0 6.93889e-16 -1
      outer loop
         vertex 0.0659634 -0.0632379 0.0065
         vertex 0.0675409 -0.0643841 0.0065
         vertex 0.0649766 -0.0667545 0.0065
      endloop
   endfacet
   facet normal 0 6.93889e-16 -1
      outer loop
         vertex 0.0742504 -0.0310024 0.0065
         vertex 0.0763224 -0.030725 0.0065
         vertex 0.0690029 -0.0612127 0.0065
      endloop
   endfacet
   facet normal 0.687569 -0.165071 -0.707107
      outer loop
         vertex 0.0697808 -0.0613995 0.0073
         vertex 0.0690029 -0.0612127 0.0065
         vertex 0.0763224 -0.030725 0.0065
      endloop
   endfacet
   facet normal 0.687569 -0.165071 -0.707107
      outer loop
         vertex 0.0763224 -0.030725 0.0065
         vertex 0.0771003 -0.0309118 0.0073
         vertex 0.0697808 -0.0613995 0.0073
      endloop
   endfacet
   facet normal 0.702899 0.0337274 -0.71049
      outer loop
         vertex 0.076608 -0.0292401 0.00667384
         vertex 0.0774113 -0.0296164 0.00745066
         vertex 0.0771003 -0.0309118 0.0073
      endloop
   endfacet
   facet normal 0.68755 -0.165151 -0.707107
      outer loop
         vertex 0.0771003 -0.0309118 0.0073
         vertex 0.0763224 -0.030725 0.0065
         vertex 0.076608 -0.0292401 0.00667384
      endloop
   endfacet
   facet normal 0.618941 -0.341923 0.707107
      outer loop
         vertex 0.058 -0.085 0.015
         vertex 0.0688148 -0.0654233 0.015
         vertex 0.0646501 -0.0719282 0.0155
      endloop
   endfacet
   facet normal 0.618941 -0.341923 0.707107
      outer loop
         vertex 0.0688148 -0.0654233 0.015
         vertex 0.066866 -0.0679169 0.0155
         vertex 0.0646501 -0.0719282 0.0155
      endloop
   endfacet
   facet normal 0.618941 -0.341923 0.707107
      outer loop
         vertex 0.0646501 -0.0719282 0.0155
         vertex 0.0602158 -0.0799549 0.0155
         vertex 0.058 -0.085 0.015
      endloop
   endfacet
   facet normal 0.618941 -0.341923 0.707107
      outer loop
         vertex 0.0688148 -0.0654233 0.015
         vertex 0.0683444 -0.0652408 0.0155
         vertex 0.066866 -0.0679169 0.0155
      endloop
   endfacet
   facet normal 0.618941 -0.341923 0.707107
      outer loop
         vertex 0.0602158 -0.0799549 0.0155
         vertex 0.0598164 -0.080678 0.0155
         vertex 0.058 -0.085 0.015
      endloop
   endfacet
   facet normal 0.618941 -0.341923 0.707107
      outer loop
         vertex 0.0598164 -0.080678 0.0155
         vertex 0.0574288 -0.085 0.0155
         vertex 0.058 -0.085 0.015
      endloop
   endfacet
   facet normal 0.97237 -0.233445 -1.61985e-16
      outer loop
         vertex 0.0697808 -0.0613995 0.0125
         vertex 0.0697808 -0.0613995 0.0073
         vertex 0.0771003 -0.0309118 0.0073
      endloop
   endfacet
   facet normal 0.97237 -0.233445 -1.61985e-16
      outer loop
         vertex 0.0771003 -0.0309118 0.0073
         vertex 0.0774113 -0.0296164 0.015
         vertex 0.0697808 -0.0613995 0.0125
      endloop
   endfacet
   facet normal 0.97237 -0.233445 -1.61985e-16
      outer loop
         vertex 0.0688148 -0.0654233 0.015
         vertex 0.0688148 -0.0654233 0.0125
         vertex 0.0697808 -0.0613995 0.0125
      endloop
   endfacet
   facet normal 0.97237 -0.233445 -1.61985e-16
      outer loop
         vertex 0.0697808 -0.0613995 0.0125
         vertex 0.0774113 -0.0296164 0.015
         vertex 0.0688148 -0.0654233 0.015
      endloop
   endfacet
   facet normal 0.97237 -0.233445 -1.61985e-16
      outer loop
         vertex 0.0771003 -0.0309118 0.0073
         vertex 0.0774113 -0.0296164 0.00745066
         vertex 0.0774113 -0.0296164 0.015
      endloop
   endfacet
   facet normal 0.673086 0.558585 -0.484704
      outer loop
         vertex 0.0777967 -0.0265438 0.00925815
         vertex 0.0777084 -0.0279308 0.00810923
         vertex 0.076863 -0.0271866 0.00764175
      endloop
   endfacet
   facet normal 0.698128 0.375344 -0.6097
      outer loop
         vertex 0.076863 -0.0271866 0.00764175
         vertex 0.0769146 -0.0260144 0.00863628
         vertex 0.0777967 -0.0265438 0.00925815
      endloop
   endfacet
   facet normal 0.697553 0.300781 -0.650347
      outer loop
         vertex 0.0777084 -0.0279308 0.00810923
         vertex 0.0768527 -0.0274226 0.00744145
         vertex 0.076863 -0.0271866 0.00764175
      endloop
   endfacet
   facet normal 0.697553 0.300781 -0.650347
      outer loop
         vertex 0.0777084 -0.0279308 0.00810923
         vertex 0.0774113 -0.0296164 0.00745066
         vertex 0.0766293 -0.0290861 0.00673648
      endloop
   endfacet
   facet normal 0.703543 0.0562566 -0.708422
      outer loop
         vertex 0.0766293 -0.0290861 0.00673648
         vertex 0.0768498 -0.0274869 0.00738691
         vertex 0.0777084 -0.0279308 0.00810923
      endloop
   endfacet
   facet normal 0.692418 -0.011197 -0.72141
      outer loop
         vertex 0.0774113 -0.0296164 0.00745066
         vertex 0.076608 -0.0292401 0.00667384
         vertex 0.0766293 -0.0290861 0.00673648
      endloop
   endfacet
   facet normal 0.64336 0.721129 -0.257022
      outer loop
         vertex 0.0777805 -0.0256465 0.0107829
         vertex 0.0777967 -0.0265438 0.00925815
         vertex 0.0769056 -0.0257362 0.00911381
      endloop
   endfacet
   facet normal 0.666996 0.614985 -0.420607
      outer loop
         vertex 0.0769056 -0.0257362 0.00911381
         vertex 0.0768809 -0.0249667 0.0104344
         vertex 0.0777805 -0.0256465 0.0107829
      endloop
   endfacet
   facet normal 0.673086 0.558585 -0.484704
      outer loop
         vertex 0.0777967 -0.0265438 0.00925815
         vertex 0.076912 -0.0259351 0.00877242
         vertex 0.0769056 -0.0257362 0.00911381
      endloop
   endfacet
   facet normal 0.630886 0.775875 6.15723e-05
      outer loop
         vertex 0.077761 -0.0253342 0.0125
         vertex 0.0777805 -0.0256465 0.0107829
         vertex 0.0768746 -0.0248707 0.0109746
      endloop
   endfacet
   facet normal 0.64336 0.721129 -0.257022
      outer loop
         vertex 0.0777805 -0.0256465 0.0107829
         vertex 0.0768799 -0.0249514 0.010521
         vertex 0.0768746 -0.0248707 0.0109746
      endloop
   endfacet
   facet normal 0.638328 0.746361 -0.188368
      outer loop
         vertex 0.0768746 -0.0248707 0.0109746
         vertex 0.0768568 -0.0245996 0.0125
         vertex 0.077761 -0.0253342 0.0125
      endloop
   endfacet
   facet normal 0.644207 0.722283 -0.251602
      outer loop
         vertex 0.0768809 -0.0249667 0.0104344
         vertex 0.0768799 -0.0249514 0.010521
         vertex 0.0777805 -0.0256465 0.0107829
      endloop
   endfacet
   facet normal 0.702139 0.32293 -0.6346
      outer loop
         vertex 0.0768498 -0.0274869 0.00738691
         vertex 0.0768527 -0.0274226 0.00744145
         vertex 0.0777084 -0.0279308 0.00810923
      endloop
   endfacet
   facet normal 0.676084 0.56107 -0.477609
      outer loop
         vertex 0.0769146 -0.0260144 0.00863628
         vertex 0.076912 -0.0259351 0.00877242
         vertex 0.0777967 -0.0265438 0.00925815
      endloop
   endfacet
   facet normal 2.1684e-16 9.03502e-17 -1
      outer loop
         vertex 0.0763224 -0.030725 0.0065
         vertex 0.0745683 -0.0296781 0.00663604
         vertex 0.0746671 -0.0293399 0.0067152
      endloop
   endfacet
   facet normal -0.0352183 0.263071 -0.964133
      outer loop
         vertex 0.0746671 -0.0293399 0.0067152
         vertex 0.0766293 -0.0290861 0.00673648
         vertex 0.076608 -0.0292401 0.00667384
      endloop
   endfacet
   facet normal 2.1684e-16 9.03502e-17 -1
      outer loop
         vertex 0.0763224 -0.030725 0.0065
         vertex 0.0742504 -0.0310024 0.0065
         vertex 0.0745683 -0.0296781 0.00663604
      endloop
   endfacet
   facet normal -0.0766958 0.572898 -0.816031
      outer loop
         vertex 0.0750222 -0.0274001 0.00760382
         vertex 0.0768498 -0.0274869 0.00738691
         vertex 0.0766293 -0.0290861 0.00673648
      endloop
   endfacet
   facet normal -0.0766958 0.572898 -0.816031
      outer loop
         vertex 0.0750222 -0.0274001 0.00760382
         vertex 0.0768527 -0.0274226 0.00744145
         vertex 0.0768498 -0.0274869 0.00738691
      endloop
   endfacet
   facet normal -0.0766958 0.572898 -0.816031
      outer loop
         vertex 0.0750222 -0.0274001 0.00760382
         vertex 0.076863 -0.0271866 0.00764175
         vertex 0.0768527 -0.0274226 0.00744145
      endloop
   endfacet
   facet normal -0.0798659 0.596577 -0.798572
      outer loop
         vertex 0.0750257 -0.0272722 0.00773126
         vertex 0.0750633 -0.025921 0.00907825
         vertex 0.0769146 -0.0260144 0.00863628
      endloop
   endfacet
   facet normal -0.108997 0.814178 -0.570292
      outer loop
         vertex 0.0750633 -0.025921 0.00907825
         vertex 0.076912 -0.0259351 0.00877242
         vertex 0.0769146 -0.0260144 0.00863628
      endloop
   endfacet
   facet normal -0.108997 0.814178 -0.570292
      outer loop
         vertex 0.0750633 -0.025921 0.00907825
         vertex 0.0769056 -0.0257362 0.00911381
         vertex 0.076912 -0.0259351 0.00877242
      endloop
   endfacet
   facet normal -0.0766103 0.572259 -0.816487
      outer loop
         vertex 0.076863 -0.0271866 0.00764175
         vertex 0.0750222 -0.0274001 0.00760382
         vertex 0.0750257 -0.0272722 0.00773126
      endloop
   endfacet
   facet normal -0.108997 0.814178 -0.570292
      outer loop
         vertex 0.0750633 -0.025921 0.00907825
         vertex 0.0749965 -0.0250512 0.0109621
         vertex 0.0768809 -0.0249667 0.0104344
      endloop
   endfacet
   facet normal -0.128257 0.958045 -0.25632
      outer loop
         vertex 0.0749965 -0.0250512 0.0109621
         vertex 0.0768799 -0.0249514 0.010521
         vertex 0.0768809 -0.0249667 0.0104344
      endloop
   endfacet
   facet normal -0.128257 0.958045 -0.25632
      outer loop
         vertex 0.0749965 -0.0250512 0.0109621
         vertex 0.0768746 -0.0248707 0.0109746
         vertex 0.0768799 -0.0249514 0.010521
      endloop
   endfacet
   facet normal -0.13269 0.991158 2.09214e-17
      outer loop
         vertex 0.0749717 -0.0248523 0.0125
         vertex 0.0768568 -0.0245996 0.0125
         vertex 0.0768746 -0.0248707 0.0109746
      endloop
   endfacet
   facet normal -0.128223 0.95779 -0.257288
      outer loop
         vertex 0.0768746 -0.0248707 0.0109746
         vertex 0.0749965 -0.0250512 0.0109621
         vertex 0.0749717 -0.0248523 0.0125
      endloop
   endfacet
   facet normal -0.124579 0.930573 -0.344259
      outer loop
         vertex 0.0768809 -0.0249667 0.0104344
         vertex 0.0769056 -0.0257362 0.00911381
         vertex 0.0750633 -0.025921 0.00907825
      endloop
   endfacet
   facet normal -0.101516 0.7583 -0.643953
      outer loop
         vertex 0.0769146 -0.0260144 0.00863628
         vertex 0.076863 -0.0271866 0.00764175
         vertex 0.0750257 -0.0272722 0.00773126
      endloop
   endfacet
   facet normal -0.0351569 0.262613 -0.964261
      outer loop
         vertex 0.0766293 -0.0290861 0.00673648
         vertex 0.0746671 -0.0293399 0.0067152
         vertex 0.0750222 -0.0274001 0.00760382
      endloop
   endfacet
   facet normal -0.0352183 0.263071 -0.964133
      outer loop
         vertex 0.0746671 -0.0293399 0.0067152
         vertex 0.076608 -0.0292401 0.00667384
         vertex 0.0763224 -0.030725 0.0065
      endloop
   endfacet
   facet normal -0.996633 0.0819966 5.68965e-17
      outer loop
         vertex 0.0750334 -0.0272725 0.0125
         vertex 0.0749965 -0.0250512 0.0109621
         vertex 0.0750633 -0.025921 0.00907825
      endloop
   endfacet
   facet normal -0.996633 0.0819966 5.68965e-17
      outer loop
         vertex 0.0750334 -0.0272725 0.0125
         vertex 0.0749717 -0.0248523 0.0125
         vertex 0.0749965 -0.0250512 0.0109621
      endloop
   endfacet
   facet normal -0.955379 0.295384 2.30819e-16
      outer loop
         vertex 0.0745683 -0.0296781 0.0125
         vertex 0.0750334 -0.0272725 0.0125
         vertex 0.0750257 -0.0272722 0.00773126
      endloop
   endfacet
   facet normal -0.99663 0.0820273 5.77049e-17
      outer loop
         vertex 0.0750257 -0.0272722 0.00773126
         vertex 0.0750222 -0.0274001 0.00760382
         vertex 0.0745683 -0.0296781 0.0125
      endloop
   endfacet
   facet normal -0.995637 0.0933121 5.77049e-17
      outer loop
         vertex 0.0750222 -0.0274001 0.00760382
         vertex 0.0746671 -0.0293399 0.0067152
         vertex 0.0745683 -0.0296781 0.0125
      endloop
   endfacet
   facet normal -0.964143 0.265384 1.85136e-16
      outer loop
         vertex 0.0746671 -0.0293399 0.0067152
         vertex 0.0745683 -0.0296781 0.00663604
         vertex 0.0745683 -0.0296781 0.0125
      endloop
   endfacet
   facet normal -0.999282 -0.037895 -3.84699e-17
      outer loop
         vertex 0.0750633 -0.025921 0.00907825
         vertex 0.0750257 -0.0272722 0.00773126
         vertex 0.0750334 -0.0272725 0.0125
      endloop
   endfacet
   facet normal 0.687569 -0.165071 0.707107
      outer loop
         vertex 0.0688148 -0.0654233 0.015
         vertex 0.0774113 -0.0296164 0.015
         vertex 0.0727472 -0.0469017 0.0155
      endloop
   endfacet
   facet normal 0.687569 -0.165071 0.707107
      outer loop
         vertex 0.0774113 -0.0296164 0.015
         vertex 0.073912 -0.04205 0.0155
         vertex 0.0727472 -0.0469017 0.0155
      endloop
   endfacet
   facet normal 0.687569 -0.165071 0.707107
      outer loop
         vertex 0.0688148 -0.0654233 0.015
         vertex 0.0723869 -0.0484027 0.0155
         vertex 0.0707273 -0.0553153 0.0155
      endloop
   endfacet
   facet normal 0.687569 -0.165071 0.707107
      outer loop
         vertex 0.0774113 -0.0296164 0.015
         vertex 0.0769251 -0.0294997 0.0155
         vertex 0.073912 -0.04205 0.0155
      endloop
   endfacet
   facet normal 0.687569 -0.165071 0.707107
      outer loop
         vertex 0.0688148 -0.0654233 0.015
         vertex 0.0697405 -0.0594257 0.0155
         vertex 0.0691217 -0.0620033 0.0155
      endloop
   endfacet
   facet normal 0.687569 -0.165071 0.707107
      outer loop
         vertex 0.0727472 -0.0469017 0.0155
         vertex 0.0723869 -0.0484027 0.0155
         vertex 0.0688148 -0.0654233 0.015
      endloop
   endfacet
   facet normal 0.687569 -0.165071 0.707107
      outer loop
         vertex 0.0707273 -0.0553153 0.0155
         vertex 0.0697405 -0.0594257 0.0155
         vertex 0.0688148 -0.0654233 0.015
      endloop
   endfacet
   facet normal 0.687569 -0.165071 0.707107
      outer loop
         vertex 0.0691217 -0.0620033 0.0155
         vertex 0.0683444 -0.0652408 0.0155
         vertex 0.0688148 -0.0654233 0.015
      endloop
   endfacet
   facet normal 0.285408 0.646948 0.707107
      outer loop
         vertex 0.0694489 -0.0135392 0.015
         vertex 0.0692471 -0.0139967 0.0155
         vertex 0.0727851 -0.0162743 0.0155
      endloop
   endfacet
   facet normal 0.633652 0.313823 0.707107
      outer loop
         vertex 0.0763438 -0.0201348 0.015
         vertex 0.073118 -0.0159012 0.015
         vertex 0.0732312 -0.0168597 0.0155
      endloop
   endfacet
   facet normal 0.470725 0.527653 0.707107
      outer loop
         vertex 0.073118 -0.0159012 0.015
         vertex 0.0727851 -0.0162743 0.0155
         vertex 0.0732312 -0.0168597 0.0155
      endloop
   endfacet
   facet normal 0.704993 0.0546342 0.707107
      outer loop
         vertex 0.0777563 -0.0252665 0.015
         vertex 0.0763438 -0.0201348 0.015
         vertex 0.0765337 -0.0226745 0.0155
      endloop
   endfacet
   facet normal 0.679406 0.195978 0.707107
      outer loop
         vertex 0.0765337 -0.0226745 0.0155
         vertex 0.0768613 -0.0238648 0.0155
         vertex 0.0777563 -0.0252665 0.015
      endloop
   endfacet
   facet normal 0.633652 0.313823 0.707107
      outer loop
         vertex 0.0763438 -0.0201348 0.015
         vertex 0.0760208 -0.0208112 0.0155
         vertex 0.0765337 -0.0226745 0.0155
      endloop
   endfacet
   facet normal 0.633652 0.313823 0.707107
      outer loop
         vertex 0.0763438 -0.0201348 0.015
         vertex 0.0758957 -0.0203567 0.0155
         vertex 0.0760208 -0.0208112 0.0155
      endloop
   endfacet
   facet normal 0.704993 0.0546342 0.707107
      outer loop
         vertex 0.0777563 -0.0252665 0.015
         vertex 0.0772578 -0.0253051 0.0155
         vertex 0.0769251 -0.0294997 0.0155
      endloop
   endfacet
   facet normal 0.687569 -0.165071 0.707107
      outer loop
         vertex 0.0769251 -0.0294997 0.0155
         vertex 0.0774113 -0.0296164 0.015
         vertex 0.0777563 -0.0252665 0.015
      endloop
   endfacet
   facet normal 0.694666 0.132056 0.707107
      outer loop
         vertex 0.0768613 -0.0238648 0.0155
         vertex 0.0772578 -0.0253051 0.0155
         vertex 0.0777563 -0.0252665 0.015
      endloop
   endfacet
   facet normal 0.498535 0.50146 0.707107
      outer loop
         vertex 0.0732312 -0.0168597 0.0155
         vertex 0.0758957 -0.0203567 0.0155
         vertex 0.0763438 -0.0201348 0.015
      endloop
   endfacet
   facet normal 0.470725 0.527653 0.707107
      outer loop
         vertex 0.0727851 -0.0162743 0.0155
         vertex 0.073118 -0.0159012 0.015
         vertex 0.0694489 -0.0135392 0.015
      endloop
   endfacet
   facet normal 0.183418 0.682904 0.707107
      outer loop
         vertex 0.0355682 -0.00212354 0.0155
         vertex 0.0413784 -0.00417187 0.0155
         vertex 0.042451 -0.00455 0.0155
      endloop
   endfacet
   facet normal 0.183418 0.682904 0.707107
      outer loop
         vertex 0.0355682 -0.00212354 0.0155
         vertex 0.0364677 -0.00244065 0.0155
         vertex 0.0413784 -0.00417187 0.0155
      endloop
   endfacet
   facet normal 0.242948 0.66406 0.707107
      outer loop
         vertex 0.0549967 -0.00897286 0.0155
         vertex 0.0560717 -0.00935183 0.0155
         vertex 0.0576272 -0.00990021 0.0155
      endloop
   endfacet
   facet normal 0.183418 0.682904 0.707107
      outer loop
         vertex 0.0355682 -0.00212354 0.0155
         vertex 0.0510755 -0.0075905 0.0155
         vertex 0.0533776 -0.00840206 0.0155
      endloop
   endfacet
   facet normal 0.183418 0.682904 0.707107
      outer loop
         vertex 0.0355682 -0.00212354 0.0155
         vertex 0.0436251 -0.00496392 0.0155
         vertex 0.0510755 -0.0075905 0.0155
      endloop
   endfacet
   facet normal 0.238045 0.665834 0.707107
      outer loop
         vertex 0.0533776 -0.00840206 0.0155
         vertex 0.0549967 -0.00897286 0.0155
         vertex 0.0355682 -0.00212354 0.0155
      endloop
   endfacet
   facet normal 0.0880663 0.701601 0.707107
      outer loop
         vertex 0.00405 0.00380254 0.0155
         vertex 0.0355682 -0.00212354 0.0155
         vertex 0.0694489 -0.0135392 0.015
      endloop
   endfacet
   facet normal 0.285408 0.646948 0.707107
      outer loop
         vertex 0.0694489 -0.0135392 0.015
         vertex 0.000527273 0.00497215 0.015
         vertex 0.00405 0.00380254 0.0155
      endloop
   endfacet
   facet normal 0.183418 0.682904 0.707107
      outer loop
         vertex 0.0355682 -0.00212354 0.0155
         vertex 0.0576272 -0.00990021 0.0155
         vertex 0.0694489 -0.0135392 0.015
      endloop
   endfacet
   facet normal 0.0880663 0.701601 0.707107
      outer loop
         vertex 0.00405 0.00380254 0.0155
         vertex 0.0134895 0.00202772 0.0155
         vertex 0.0355682 -0.00212354 0.0155
      endloop
   endfacet
   facet normal 0.183418 0.682904 0.707107
      outer loop
         vertex 0.0355682 -0.00212354 0.0155
         vertex 0.0156293 0.0016254 0.0155
         vertex 0.0211151 0.000593949 0.0155
      endloop
   endfacet
   facet normal 0.183418 0.682904 0.707107
      outer loop
         vertex 0.0355682 -0.00212354 0.0155
         vertex 0.0134895 0.00202772 0.0155
         vertex 0.0156293 0.0016254 0.0155
      endloop
   endfacet
   facet normal 0.140047 0.693099 0.707107
      outer loop
         vertex 0.0211151 0.000593949 0.0155
         vertex 0.0257248 -0.000272779 0.0155
         vertex 0.0355682 -0.00212354 0.0155
      endloop
   endfacet
   facet normal 0.250883 0.661103 0.707107
      outer loop
         vertex 0.0576272 -0.00990021 0.0155
         vertex 0.0355682 -0.00212354 0.0155
         vertex 0.0549967 -0.00897286 0.0155
      endloop
   endfacet
   facet normal 0.204651 0.676844 0.707107
      outer loop
         vertex 0.042451 -0.00455 0.0155
         vertex 0.0436251 -0.00496392 0.0155
         vertex 0.0355682 -0.00212354 0.0155
      endloop
   endfacet
   facet normal 0.250883 0.661103 0.707107
      outer loop
         vertex 0.0576272 -0.00990021 0.0155
         vertex 0.0602158 -0.0108128 0.0155
         vertex 0.0694489 -0.0135392 0.015
      endloop
   endfacet
   facet normal 0.0771389 0.702887 0.707107
      outer loop
         vertex 0.000527273 0.00497215 0.015
         vertex 0.000472727 0.00447514 0.0155
         vertex 0.00405 0.00380254 0.0155
      endloop
   endfacet
   facet normal 0.258653 0.658102 0.707107
      outer loop
         vertex 0.0602158 -0.0108128 0.0155
         vertex 0.0624697 -0.0116074 0.0155
         vertex 0.0694489 -0.0135392 0.015
      endloop
   endfacet
   facet normal 0.265383 0.655417 0.707107
      outer loop
         vertex 0.0624697 -0.0116074 0.0155
         vertex 0.0646501 -0.0123761 0.0155
         vertex 0.0694489 -0.0135392 0.015
      endloop
   endfacet
   facet normal 0.271862 0.652757 0.707107
      outer loop
         vertex 0.0646501 -0.0123761 0.0155
         vertex 0.0672892 -0.0133065 0.0155
         vertex 0.0694489 -0.0135392 0.015
      endloop
   endfacet
   facet normal 0.279658 0.649455 0.707107
      outer loop
         vertex 0.0672892 -0.0133065 0.0155
         vertex 0.0689447 -0.0138901 0.0155
         vertex 0.0694489 -0.0135392 0.015
      endloop
   endfacet
   facet normal 0.284522 0.647339 0.707107
      outer loop
         vertex 0.0689447 -0.0138901 0.0155
         vertex 0.0692471 -0.0139967 0.0155
         vertex 0.0694489 -0.0135392 0.015
      endloop
   endfacet
   facet normal 0 -1 -6.93889e-16
      outer loop
         vertex 0.058 -0.085 -0.0115825
         vertex 0.0559899 -0.085 -0.00848995
         vertex 0.0555358 -0.085 -0.00879343
      endloop
   endfacet
   facet normal 0 -1 -6.93889e-16
      outer loop
         vertex 0.058 -0.085 -0.0115825
         vertex 0.0555358 -0.085 0.00920657
         vertex 0.0562934 -0.085 -0.00696424
      endloop
   endfacet
   facet normal 0 -1 -6.93889e-16
      outer loop
         vertex 0.058 -0.085 -0.0115825
         vertex 0.0562934 -0.085 -0.00803576
         vertex 0.0559899 -0.085 -0.00848995
      endloop
   endfacet
   facet normal 0 -1 -6.93889e-16
      outer loop
         vertex 0.0562934 -0.085 -0.00696424
         vertex 0.0564 -0.085 -0.0075
         vertex 0.058 -0.085 -0.0115825
      endloop
   endfacet
   facet normal 0 -1 -6.93889e-16
      outer loop
         vertex 0.0564 -0.085 -0.0075
         vertex 0.0562934 -0.085 -0.00803576
         vertex 0.058 -0.085 -0.0115825
      endloop
   endfacet
   facet normal 0 -1 -6.93889e-16
      outer loop
         vertex 0.0555358 -0.085 0.00920657
         vertex 0.0555358 -0.085 -0.00620657
         vertex 0.0559899 -0.085 -0.00651005
      endloop
   endfacet
   facet normal 0 -1 -6.93889e-16
      outer loop
         vertex 0.0559899 -0.085 -0.00651005
         vertex 0.0562934 -0.085 -0.00696424
         vertex 0.0555358 -0.085 0.00920657
      endloop
   endfacet
   facet normal 0 -1 -6.93889e-16
      outer loop
         vertex 0.0555358 -0.085 0.00920657
         vertex 0.0544642 -0.085 -0.00620657
         vertex 0.055 -0.085 -0.0061
      endloop
   endfacet
   facet normal 0 -1 -6.93889e-16
      outer loop
         vertex 0.055 -0.085 -0.0061
         vertex 0.0555358 -0.085 -0.00620657
         vertex 0.0555358 -0.085 0.00920657
      endloop
   endfacet
   facet normal 0 -1 -6.93889e-16
      outer loop
         vertex 0.0555358 -0.085 0.00920657
         vertex 0.0537066 -0.085 -0.00696424
         vertex 0.0540101 -0.085 -0.00651005
      endloop
   endfacet
   facet normal 0 -1 -6.93889e-16
      outer loop
         vertex 0.052 -0.085 -0.0117
         vertex 0.0537066 -0.085 0.00996424
         vertex 0.0536 -0.085 0.0105
      endloop
   endfacet
   facet normal 0 -1 -6.93889e-16
      outer loop
         vertex 0.0540101 -0.085 -0.00651005
         vertex 0.0544642 -0.085 -0.00620657
         vertex 0.0555358 -0.085 0.00920657
      endloop
   endfacet
   facet normal 0 -1 -6.93889e-16
      outer loop
         vertex 0.055 -0.085 0.0091
         vertex 0.0536 -0.085 -0.0075
         vertex 0.0537066 -0.085 -0.00696424
      endloop
   endfacet
   facet normal 0 -1 -6.93889e-16
      outer loop
         vertex 0.0536 -0.085 0.0105
         vertex 0.052 -0.085 0.0155
         vertex 0.052 -0.085 -0.0117
      endloop
   endfacet
   facet normal 0 -1 -6.93889e-16
      outer loop
         vertex 0.052 -0.085 -0.0117
         vertex 0.0544642 -0.085 0.00920657
         vertex 0.0540101 -0.085 0.00951005
      endloop
   endfacet
   facet normal 0 -1 -6.93889e-16
      outer loop
         vertex 0.0544642 -0.085 0.00920657
         vertex 0.052 -0.085 -0.0117
         vertex 0.0536 -0.085 -0.0075
      endloop
   endfacet
   facet normal 0 -1 -6.93889e-16
      outer loop
         vertex 0.0537066 -0.085 -0.00696424
         vertex 0.0555358 -0.085 0.00920657
         vertex 0.055 -0.085 0.0091
      endloop
   endfacet
   facet normal 0 -1 -6.93889e-16
      outer loop
         vertex 0.058 -0.085 -0.0115825
         vertex 0.0562934 -0.085 0.00996424
         vertex 0.0559899 -0.085 0.00951005
      endloop
   endfacet
   facet normal 0 -1 -6.93889e-16
      outer loop
         vertex 0.058 -0.085 0.0125
         vertex 0.0564 -0.085 0.0105
         vertex 0.0562934 -0.085 0.00996424
      endloop
   endfacet
   facet normal 0 -1 -6.93889e-16
      outer loop
         vertex 0.0555358 -0.085 0.0117934
         vertex 0.0559899 -0.085 0.0114899
         vertex 0.058 -0.085 0.015
      endloop
   endfacet
   facet normal 0 -1 -6.93889e-16
      outer loop
         vertex 0.0555358 -0.085 0.0117934
         vertex 0.0574288 -0.085 0.0155
         vertex 0.0560717 -0.085 0.0155
      endloop
   endfacet
   facet normal 0 -1 -6.93889e-16
      outer loop
         vertex 0.0533776 -0.085 0.0155
         vertex 0.0544642 -0.085 0.0117934
         vertex 0.055 -0.085 0.0119
      endloop
   endfacet
   facet normal 0 -1 -6.93889e-16
      outer loop
         vertex 0.052 -0.085 0.0155
         vertex 0.0540101 -0.085 0.0114899
         vertex 0.0544642 -0.085 0.0117934
      endloop
   endfacet
   facet normal 0 -1 -6.93889e-16
      outer loop
         vertex 0.0540101 -0.085 0.00951005
         vertex 0.0537066 -0.085 0.00996424
         vertex 0.052 -0.085 -0.0117
      endloop
   endfacet
   facet normal 0 -1 -6.93889e-16
      outer loop
         vertex 0.052 -0.085 -0.0117
         vertex 0.0537066 -0.085 -0.00803576
         vertex 0.0536 -0.085 -0.0075
      endloop
   endfacet
   facet normal 0 -1 -6.93889e-16
      outer loop
         vertex 0.0544642 -0.085 -0.00879343
         vertex 0.0540101 -0.085 -0.00848995
         vertex 0.052 -0.085 -0.0117
      endloop
   endfacet
   facet normal 0 -1 -6.93889e-16
      outer loop
         vertex 0.0559899 -0.085 0.00951005
         vertex 0.0555358 -0.085 0.00920657
         vertex 0.058 -0.085 -0.0115825
      endloop
   endfacet
   facet normal 0 -1 -6.93889e-16
      outer loop
         vertex 0.058 -0.085 0.0125
         vertex 0.0562934 -0.085 0.0110358
         vertex 0.0564 -0.085 0.0105
      endloop
   endfacet
   facet normal 0 -1 -6.93889e-16
      outer loop
         vertex 0.0559899 -0.085 0.0114899
         vertex 0.0562934 -0.085 0.0110358
         vertex 0.058 -0.085 0.0125
      endloop
   endfacet
   facet normal 0 -1 -6.93889e-16
      outer loop
         vertex 0.0560717 -0.085 0.0155
         vertex 0.055 -0.085 0.0119
         vertex 0.0555358 -0.085 0.0117934
      endloop
   endfacet
   facet normal 0 -1 -6.93889e-16
      outer loop
         vertex 0.0544642 -0.085 0.0117934
         vertex 0.0533776 -0.085 0.0155
         vertex 0.052 -0.085 0.0155
      endloop
   endfacet
   facet normal 0 -1 -6.93889e-16
      outer loop
         vertex 0.0536 -0.085 -0.0075
         vertex 0.055 -0.085 0.0091
         vertex 0.0544642 -0.085 0.00920657
      endloop
   endfacet
   facet normal 0 -1 -6.93889e-16
      outer loop
         vertex 0.052 -0.085 -0.0117
         vertex 0.0528 -0.085 -0.0125
         vertex 0.0544642 -0.085 -0.00879343
      endloop
   endfacet
   facet normal 0 -1 -6.93889e-16
      outer loop
         vertex 0.0562934 -0.085 0.00996424
         vertex 0.058 -0.085 -0.0115825
         vertex 0.058 -0.085 0.0125
      endloop
   endfacet
   facet normal 0 -1 -6.93889e-16
      outer loop
         vertex 0.058 -0.085 0.015
         vertex 0.0574288 -0.085 0.0155
         vertex 0.0555358 -0.085 0.0117934
      endloop
   endfacet
   facet normal 0 -1 -6.93889e-16
      outer loop
         vertex 0.052 -0.085 0.0155
         vertex 0.0537066 -0.085 0.0110358
         vertex 0.0540101 -0.085 0.0114899
      endloop
   endfacet
   facet normal 0 -1 -6.93889e-16
      outer loop
         vertex 0.0540101 -0.085 -0.00848995
         vertex 0.0537066 -0.085 -0.00803576
         vertex 0.052 -0.085 -0.0117
      endloop
   endfacet
   facet normal 0 -1 -6.93889e-16
      outer loop
         vertex 0.058 -0.085 0.0125
         vertex 0.058 -0.085 0.015
         vertex 0.0559899 -0.085 0.0114899
      endloop
   endfacet
   facet normal 0 -1 -6.93889e-16
      outer loop
         vertex 0.0536 -0.085 0.0105
         vertex 0.0537066 -0.085 0.0110358
         vertex 0.052 -0.085 0.0155
      endloop
   endfacet
   facet normal 0 -1 -6.93889e-16
      outer loop
         vertex 0.055 -0.085 0.0119
         vertex 0.0560717 -0.085 0.0155
         vertex 0.0533776 -0.085 0.0155
      endloop
   endfacet
   facet normal 0 -1 -6.93889e-16
      outer loop
         vertex 0.0528 -0.085 -0.0125
         vertex 0.0569794 -0.085 -0.0125
         vertex 0.055 -0.085 -0.0089
      endloop
   endfacet
   facet normal 0 -1 -6.93889e-16
      outer loop
         vertex 0.055 -0.085 -0.0089
         vertex 0.0544642 -0.085 -0.00879343
         vertex 0.0528 -0.085 -0.0125
      endloop
   endfacet
   facet normal 0 -1 -6.93889e-16
      outer loop
         vertex 0.0555358 -0.085 -0.00879343
         vertex 0.0569794 -0.085 -0.0125
         vertex 0.058 -0.085 -0.0115825
      endloop
   endfacet
   facet normal 0 -1 -6.93889e-16
      outer loop
         vertex 0.0555358 -0.085 -0.00879343
         vertex 0.055 -0.085 -0.0089
         vertex 0.0569794 -0.085 -0.0125
      endloop
   endfacet
   facet normal 0.382683 6.4107e-16 -0.92388
      outer loop
         vertex 0.0544642 -0.0844 0.0117934
         vertex 0.055 -0.0844 0.0119
         vertex 0.055 -0.085 0.0119
      endloop
   endfacet
   facet normal 0.707107 4.90654e-16 -0.707107
      outer loop
         vertex 0.0540101 -0.0844 0.0114899
         vertex 0.0544642 -0.0844 0.0117934
         vertex 0.0544642 -0.085 0.0117934
      endloop
   endfacet
   facet normal 0.92388 2.6554e-16 -0.382683
      outer loop
         vertex 0.0537066 -0.0844 0.0110358
         vertex 0.0540101 -0.0844 0.0114899
         vertex 0.0540101 -0.085 0.0114899
      endloop
   endfacet
   facet normal 1 -1.27465e-31 1.83697e-16
      outer loop
         vertex 0.0536 -0.0844 0.0105
         vertex 0.0537066 -0.0844 0.0110358
         vertex 0.0537066 -0.085 0.0110358
      endloop
   endfacet
   facet normal 0.92388 -2.6554e-16 0.382683
      outer loop
         vertex 0.0537066 -0.0844 0.00996424
         vertex 0.0536 -0.0844 0.0105
         vertex 0.0536 -0.085 0.0105
      endloop
   endfacet
   facet normal 0.707107 -4.90654e-16 0.707107
      outer loop
         vertex 0.0540101 -0.0844 0.00951005
         vertex 0.0537066 -0.0844 0.00996424
         vertex 0.0537066 -0.085 0.00996424
      endloop
   endfacet
   facet normal 0.382683 -6.4107e-16 0.92388
      outer loop
         vertex 0.0544642 -0.0844 0.00920657
         vertex 0.0540101 -0.0844 0.00951005
         vertex 0.0540101 -0.085 0.00951005
      endloop
   endfacet
   facet normal -1.22465e-16 -6.93889e-16 1
      outer loop
         vertex 0.055 -0.0844 0.0091
         vertex 0.0544642 -0.0844 0.00920657
         vertex 0.0544642 -0.085 0.00920657
      endloop
   endfacet
   facet normal -0.382683 -6.4107e-16 0.92388
      outer loop
         vertex 0.0555358 -0.0844 0.00920657
         vertex 0.055 -0.0844 0.0091
         vertex 0.055 -0.085 0.0091
      endloop
   endfacet
   facet normal -0.707107 -4.90654e-16 0.707107
      outer loop
         vertex 0.0559899 -0.0844 0.00951005
         vertex 0.0555358 -0.0844 0.00920657
         vertex 0.0555358 -0.085 0.00920657
      endloop
   endfacet
   facet normal -0.92388 -2.6554e-16 0.382683
      outer loop
         vertex 0.0562934 -0.0844 0.00996424
         vertex 0.0559899 -0.0844 0.00951005
         vertex 0.0559899 -0.085 0.00951005
      endloop
   endfacet
   facet normal -1 4.24885e-32 -6.12323e-17
      outer loop
         vertex 0.0564 -0.0844 0.0105
         vertex 0.0562934 -0.0844 0.00996424
         vertex 0.0562934 -0.085 0.00996424
      endloop
   endfacet
   facet normal -0.92388 2.6554e-16 -0.382683
      outer loop
         vertex 0.0562934 -0.0844 0.0110358
         vertex 0.0564 -0.0844 0.0105
         vertex 0.0564 -0.085 0.0105
      endloop
   endfacet
   facet normal -0.707107 4.90654e-16 -0.707107
      outer loop
         vertex 0.0559899 -0.0844 0.0114899
         vertex 0.0562934 -0.0844 0.0110358
         vertex 0.0562934 -0.085 0.0110358
      endloop
   endfacet
   facet normal -0.382683 6.4107e-16 -0.92388
      outer loop
         vertex 0.0555358 -0.0844 0.0117934
         vertex 0.0559899 -0.0844 0.0114899
         vertex 0.0559899 -0.085 0.0114899
      endloop
   endfacet
   facet normal 0 1.23909e-15 -1
      outer loop
         vertex 0.055 -0.0844 0.0119
         vertex 0.0555358 -0.0844 0.0117934
         vertex 0.0555358 -0.085 0.0117934
      endloop
   endfacet
   facet normal -0.382683 6.4107e-16 -0.92388
      outer loop
         vertex 0.0555358 -0.085 0.0117934
         vertex 0.055 -0.085 0.0119
         vertex 0.055 -0.0844 0.0119
      endloop
   endfacet
   facet normal -0.707107 4.90654e-16 -0.707107
      outer loop
         vertex 0.0559899 -0.085 0.0114899
         vertex 0.0555358 -0.085 0.0117934
         vertex 0.0555358 -0.0844 0.0117934
      endloop
   endfacet
   facet normal -0.92388 2.6554e-16 -0.382683
      outer loop
         vertex 0.0562934 -0.085 0.0110358
         vertex 0.0559899 -0.085 0.0114899
         vertex 0.0559899 -0.0844 0.0114899
      endloop
   endfacet
   facet normal -1 4.24885e-32 -6.12323e-17
      outer loop
         vertex 0.0564 -0.085 0.0105
         vertex 0.0562934 -0.085 0.0110358
         vertex 0.0562934 -0.0844 0.0110358
      endloop
   endfacet
   facet normal -0.92388 -2.6554e-16 0.382683
      outer loop
         vertex 0.0562934 -0.085 0.00996424
         vertex 0.0564 -0.085 0.0105
         vertex 0.0564 -0.0844 0.0105
      endloop
   endfacet
   facet normal -0.707107 -4.90654e-16 0.707107
      outer loop
         vertex 0.0559899 -0.085 0.00951005
         vertex 0.0562934 -0.085 0.00996424
         vertex 0.0562934 -0.0844 0.00996424
      endloop
   endfacet
   facet normal -0.382683 -6.4107e-16 0.92388
      outer loop
         vertex 0.0555358 -0.085 0.00920657
         vertex 0.0559899 -0.085 0.00951005
         vertex 0.0559899 -0.0844 0.00951005
      endloop
   endfacet
   facet normal -1.22465e-16 -6.93889e-16 1
      outer loop
         vertex 0.055 -0.085 0.0091
         vertex 0.0555358 -0.085 0.00920657
         vertex 0.0555358 -0.0844 0.00920657
      endloop
   endfacet
   facet normal 0.382683 -6.4107e-16 0.92388
      outer loop
         vertex 0.0544642 -0.085 0.00920657
         vertex 0.055 -0.085 0.0091
         vertex 0.055 -0.0844 0.0091
      endloop
   endfacet
   facet normal 0.707107 -4.90654e-16 0.707107
      outer loop
         vertex 0.0540101 -0.085 0.00951005
         vertex 0.0544642 -0.085 0.00920657
         vertex 0.0544642 -0.0844 0.00920657
      endloop
   endfacet
   facet normal 0.92388 -2.6554e-16 0.382683
      outer loop
         vertex 0.0537066 -0.085 0.00996424
         vertex 0.0540101 -0.085 0.00951005
         vertex 0.0540101 -0.0844 0.00951005
      endloop
   endfacet
   facet normal 1 -1.27465e-31 1.83697e-16
      outer loop
         vertex 0.0536 -0.085 0.0105
         vertex 0.0537066 -0.085 0.00996424
         vertex 0.0537066 -0.0844 0.00996424
      endloop
   endfacet
   facet normal 0.92388 2.6554e-16 -0.382683
      outer loop
         vertex 0.0537066 -0.085 0.0110358
         vertex 0.0536 -0.085 0.0105
         vertex 0.0536 -0.0844 0.0105
      endloop
   endfacet
   facet normal 0.707107 4.90654e-16 -0.707107
      outer loop
         vertex 0.0540101 -0.085 0.0114899
         vertex 0.0537066 -0.085 0.0110358
         vertex 0.0537066 -0.0844 0.0110358
      endloop
   endfacet
   facet normal 0.382683 6.4107e-16 -0.92388
      outer loop
         vertex 0.0544642 -0.085 0.0117934
         vertex 0.0540101 -0.085 0.0114899
         vertex 0.0540101 -0.0844 0.0114899
      endloop
   endfacet
   facet normal 0 1.23909e-15 -1
      outer loop
         vertex 0.055 -0.085 0.0119
         vertex 0.0544642 -0.085 0.0117934
         vertex 0.0544642 -0.0844 0.0117934
      endloop
   endfacet
   facet normal 0 -1 -6.93889e-16
      outer loop
         vertex 0.0562934 -0.0844 0.00996424
         vertex 0.0558777 -0.0844 0.0101365
         vertex 0.0556718 -0.0844 0.00982825
      endloop
   endfacet
   facet normal 0 -1 -6.93889e-16
      outer loop
         vertex 0.0564 -0.0844 0.0105
         vertex 0.05595 -0.0844 0.0105
         vertex 0.0558777 -0.0844 0.0101365
      endloop
   endfacet
   facet normal 0 -1 -6.93889e-16
      outer loop
         vertex 0.0558777 -0.0844 0.0101365
         vertex 0.0562934 -0.0844 0.00996424
         vertex 0.0564 -0.0844 0.0105
      endloop
   endfacet
   facet normal 0 -1 -6.93889e-16
      outer loop
         vertex 0.0564 -0.0844 0.0105
         vertex 0.0562934 -0.0844 0.0110358
         vertex 0.0558777 -0.0844 0.0108635
      endloop
   endfacet
   facet normal 0 -1 -6.93889e-16
      outer loop
         vertex 0.0536 -0.0844 0.0105
         vertex 0.0537066 -0.0844 0.00996424
         vertex 0.0541223 -0.0844 0.0101365
      endloop
   endfacet
   facet normal 0 -1 -6.93889e-16
      outer loop
         vertex 0.0537066 -0.0844 0.00996424
         vertex 0.0540101 -0.0844 0.00951005
         vertex 0.0543282 -0.0844 0.00982825
      endloop
   endfacet
   facet normal 0 -1 -6.93889e-16
      outer loop
         vertex 0.0558777 -0.0844 0.0108635
         vertex 0.05595 -0.0844 0.0105
         vertex 0.0564 -0.0844 0.0105
      endloop
   endfacet
   facet normal 0 -1 -6.93889e-16
      outer loop
         vertex 0.0562934 -0.0844 0.0110358
         vertex 0.0559899 -0.0844 0.0114899
         vertex 0.0556718 -0.0844 0.0111718
      endloop
   endfacet
   facet normal 0 -1 -6.93889e-16
      outer loop
         vertex 0.0536 -0.0844 0.0105
         vertex 0.05405 -0.0844 0.0105
         vertex 0.0541223 -0.0844 0.0108635
      endloop
   endfacet
   facet normal 0 -1 -6.93889e-16
      outer loop
         vertex 0.0543282 -0.0844 0.00982825
         vertex 0.0541223 -0.0844 0.0101365
         vertex 0.0537066 -0.0844 0.00996424
      endloop
   endfacet
   facet normal 0 -1 -6.93889e-16
      outer loop
         vertex 0.0556718 -0.0844 0.0111718
         vertex 0.0558777 -0.0844 0.0108635
         vertex 0.0562934 -0.0844 0.0110358
      endloop
   endfacet
   facet normal 0 -1 -6.93889e-16
      outer loop
         vertex 0.0559899 -0.0844 0.0114899
         vertex 0.0555358 -0.0844 0.0117934
         vertex 0.0553635 -0.0844 0.0113777
      endloop
   endfacet
   facet normal 0 -1 -6.93889e-16
      outer loop
         vertex 0.0555358 -0.0844 0.0117934
         vertex 0.055 -0.0844 0.0119
         vertex 0.055 -0.0844 0.01145
      endloop
   endfacet
   facet normal 0 -1 -6.93889e-16
      outer loop
         vertex 0.055 -0.0844 0.0119
         vertex 0.0544642 -0.0844 0.0117934
         vertex 0.0546365 -0.0844 0.0113777
      endloop
   endfacet
   facet normal 0 -1 -6.93889e-16
      outer loop
         vertex 0.0537066 -0.0844 0.0110358
         vertex 0.0541223 -0.0844 0.0108635
         vertex 0.0543282 -0.0844 0.0111718
      endloop
   endfacet
   facet normal 0 -1 -6.93889e-16
      outer loop
         vertex 0.0541223 -0.0844 0.0101365
         vertex 0.05405 -0.0844 0.0105
         vertex 0.0536 -0.0844 0.0105
      endloop
   endfacet
   facet normal 0 -1 -6.93889e-16
      outer loop
         vertex 0.0553635 -0.0844 0.0113777
         vertex 0.0556718 -0.0844 0.0111718
         vertex 0.0559899 -0.0844 0.0114899
      endloop
   endfacet
   facet normal 0 -1 -6.93889e-16
      outer loop
         vertex 0.0546365 -0.0844 0.0113777
         vertex 0.055 -0.0844 0.01145
         vertex 0.055 -0.0844 0.0119
      endloop
   endfacet
   facet normal 0 -1 -6.93889e-16
      outer loop
         vertex 0.0544642 -0.0844 0.0117934
         vertex 0.0540101 -0.0844 0.0114899
         vertex 0.0543282 -0.0844 0.0111718
      endloop
   endfacet
   facet normal 0 -1 -6.93889e-16
      outer loop
         vertex 0.0541223 -0.0844 0.0108635
         vertex 0.0537066 -0.0844 0.0110358
         vertex 0.0536 -0.0844 0.0105
      endloop
   endfacet
   facet normal 0 -1 -6.93889e-16
      outer loop
         vertex 0.055 -0.0844 0.01145
         vertex 0.0553635 -0.0844 0.0113777
         vertex 0.0555358 -0.0844 0.0117934
      endloop
   endfacet
   facet normal 0 -1 -6.93889e-16
      outer loop
         vertex 0.0543282 -0.0844 0.0111718
         vertex 0.0540101 -0.0844 0.0114899
         vertex 0.0537066 -0.0844 0.0110358
      endloop
   endfacet
   facet normal 0 -1 -6.93889e-16
      outer loop
         vertex 0.0540101 -0.0844 0.00951005
         vertex 0.0544642 -0.0844 0.00920657
         vertex 0.0546365 -0.0844 0.00962231
      endloop
   endfacet
   facet normal 0 -1 -6.93889e-16
      outer loop
         vertex 0.0544642 -0.0844 0.00920657
         vertex 0.055 -0.0844 0.0091
         vertex 0.055 -0.0844 0.00955
      endloop
   endfacet
   facet normal 0 -1 -6.93889e-16
      outer loop
         vertex 0.0555358 -0.0844 0.00920657
         vertex 0.0553635 -0.0844 0.00962231
         vertex 0.055 -0.0844 0.00955
      endloop
   endfacet
   facet normal 0 -1 -6.93889e-16
      outer loop
         vertex 0.0559899 -0.0844 0.00951005
         vertex 0.0556718 -0.0844 0.00982825
         vertex 0.0553635 -0.0844 0.00962231
      endloop
   endfacet
   facet normal 0 -1 -6.93889e-16
      outer loop
         vertex 0.0543282 -0.0844 0.0111718
         vertex 0.0546365 -0.0844 0.0113777
         vertex 0.0544642 -0.0844 0.0117934
      endloop
   endfacet
   facet normal 0 -1 -6.93889e-16
      outer loop
         vertex 0.055 -0.0844 0.00955
         vertex 0.0546365 -0.0844 0.00962231
         vertex 0.0544642 -0.0844 0.00920657
      endloop
   endfacet
   facet normal 0 -1 -6.93889e-16
      outer loop
         vertex 0.0553635 -0.0844 0.00962231
         vertex 0.0555358 -0.0844 0.00920657
         vertex 0.0559899 -0.0844 0.00951005
      endloop
   endfacet
   facet normal 0 -1 -6.93889e-16
      outer loop
         vertex 0.0546365 -0.0844 0.00962231
         vertex 0.0543282 -0.0844 0.00982825
         vertex 0.0540101 -0.0844 0.00951005
      endloop
   endfacet
   facet normal 0 -1 -6.93889e-16
      outer loop
         vertex 0.0556718 -0.0844 0.00982825
         vertex 0.0559899 -0.0844 0.00951005
         vertex 0.0562934 -0.0844 0.00996424
      endloop
   endfacet
   facet normal 0 -1 -6.93889e-16
      outer loop
         vertex 0.055 -0.0844 0.00955
         vertex 0.055 -0.0844 0.0091
         vertex 0.0555358 -0.0844 0.00920657
      endloop
   endfacet
   facet normal 0.382683 6.4107e-16 -0.92388
      outer loop
         vertex 0.0546365 -0.077 0.0113777
         vertex 0.055 -0.077 0.01145
         vertex 0.055 -0.0844 0.01145
      endloop
   endfacet
   facet normal 0.707107 4.90654e-16 -0.707107
      outer loop
         vertex 0.0543282 -0.077 0.0111718
         vertex 0.0546365 -0.077 0.0113777
         vertex 0.0546365 -0.0844 0.0113777
      endloop
   endfacet
   facet normal 0.92388 2.6554e-16 -0.382683
      outer loop
         vertex 0.0541223 -0.077 0.0108635
         vertex 0.0543282 -0.077 0.0111718
         vertex 0.0543282 -0.0844 0.0111718
      endloop
   endfacet
   facet normal 1 -1.27465e-31 1.83697e-16
      outer loop
         vertex 0.05405 -0.077 0.0105
         vertex 0.0541223 -0.077 0.0108635
         vertex 0.0541223 -0.0844 0.0108635
      endloop
   endfacet
   facet normal 0.92388 -2.6554e-16 0.382683
      outer loop
         vertex 0.0541223 -0.077 0.0101365
         vertex 0.05405 -0.077 0.0105
         vertex 0.05405 -0.0844 0.0105
      endloop
   endfacet
   facet normal 0.707107 -4.90654e-16 0.707107
      outer loop
         vertex 0.0543282 -0.077 0.00982825
         vertex 0.0541223 -0.077 0.0101365
         vertex 0.0541223 -0.0844 0.0101365
      endloop
   endfacet
   facet normal 0.382683 -6.4107e-16 0.92388
      outer loop
         vertex 0.0546365 -0.077 0.00962231
         vertex 0.0543282 -0.077 0.00982825
         vertex 0.0543282 -0.0844 0.00982825
      endloop
   endfacet
   facet normal -1.22465e-16 -6.93889e-16 1
      outer loop
         vertex 0.055 -0.077 0.00955
         vertex 0.0546365 -0.077 0.00962231
         vertex 0.0546365 -0.0844 0.00962231
      endloop
   endfacet
   facet normal -0.382683 -6.4107e-16 0.92388
      outer loop
         vertex 0.0553635 -0.077 0.00962231
         vertex 0.055 -0.077 0.00955
         vertex 0.055 -0.0844 0.00955
      endloop
   endfacet
   facet normal -0.707107 -4.90654e-16 0.707107
      outer loop
         vertex 0.0556718 -0.077 0.00982825
         vertex 0.0553635 -0.077 0.00962231
         vertex 0.0553635 -0.0844 0.00962231
      endloop
   endfacet
   facet normal -0.92388 -2.6554e-16 0.382683
      outer loop
         vertex 0.0558777 -0.077 0.0101365
         vertex 0.0556718 -0.077 0.00982825
         vertex 0.0556718 -0.0844 0.00982825
      endloop
   endfacet
   facet normal -1 -2.6566e-31 3.82857e-16
      outer loop
         vertex 0.05595 -0.077 0.0105
         vertex 0.0558777 -0.077 0.0101365
         vertex 0.0558777 -0.0844 0.0101365
      endloop
   endfacet
   facet normal -0.92388 2.6554e-16 -0.382683
      outer loop
         vertex 0.0558777 -0.077 0.0108635
         vertex 0.05595 -0.077 0.0105
         vertex 0.05595 -0.0844 0.0105
      endloop
   endfacet
   facet normal -0.707107 4.90654e-16 -0.707107
      outer loop
         vertex 0.0556718 -0.077 0.0111718
         vertex 0.0558777 -0.077 0.0108635
         vertex 0.0558777 -0.0844 0.0108635
      endloop
   endfacet
   facet normal -0.382683 6.4107e-16 -0.92388
      outer loop
         vertex 0.0553635 -0.077 0.0113777
         vertex 0.0556718 -0.077 0.0111718
         vertex 0.0556718 -0.0844 0.0111718
      endloop
   endfacet
   facet normal 0 0 -1
      outer loop
         vertex 0.055 -0.077 0.01145
         vertex 0.0553635 -0.077 0.0113777
         vertex 0.0553635 -0.0844 0.0113777
      endloop
   endfacet
   facet normal -0.382683 6.4107e-16 -0.92388
      outer loop
         vertex 0.0553635 -0.0844 0.0113777
         vertex 0.055 -0.0844 0.01145
         vertex 0.055 -0.077 0.01145
      endloop
   endfacet
   facet normal -0.707107 4.90654e-16 -0.707107
      outer loop
         vertex 0.0556718 -0.0844 0.0111718
         vertex 0.0553635 -0.0844 0.0113777
         vertex 0.0553635 -0.077 0.0113777
      endloop
   endfacet
   facet normal -0.92388 2.6554e-16 -0.382683
      outer loop
         vertex 0.0558777 -0.0844 0.0108635
         vertex 0.0556718 -0.0844 0.0111718
         vertex 0.0556718 -0.077 0.0111718
      endloop
   endfacet
   facet normal -1 -2.6566e-31 3.82857e-16
      outer loop
         vertex 0.05595 -0.0844 0.0105
         vertex 0.0558777 -0.0844 0.0108635
         vertex 0.0558777 -0.077 0.0108635
      endloop
   endfacet
   facet normal -0.92388 -2.6554e-16 0.382683
      outer loop
         vertex 0.0558777 -0.0844 0.0101365
         vertex 0.05595 -0.0844 0.0105
         vertex 0.05595 -0.077 0.0105
      endloop
   endfacet
   facet normal -0.707107 -4.90654e-16 0.707107
      outer loop
         vertex 0.0556718 -0.0844 0.00982825
         vertex 0.0558777 -0.0844 0.0101365
         vertex 0.0558777 -0.077 0.0101365
      endloop
   endfacet
   facet normal -0.382683 -6.4107e-16 0.92388
      outer loop
         vertex 0.0553635 -0.0844 0.00962231
         vertex 0.0556718 -0.0844 0.00982825
         vertex 0.0556718 -0.077 0.00982825
      endloop
   endfacet
   facet normal -1.22465e-16 -6.93889e-16 1
      outer loop
         vertex 0.055 -0.0844 0.00955
         vertex 0.0553635 -0.0844 0.00962231
         vertex 0.0553635 -0.077 0.00962231
      endloop
   endfacet
   facet normal 0.382683 -6.4107e-16 0.92388
      outer loop
         vertex 0.0546365 -0.0844 0.00962231
         vertex 0.055 -0.0844 0.00955
         vertex 0.055 -0.077 0.00955
      endloop
   endfacet
   facet normal 0.707107 -4.90654e-16 0.707107
      outer loop
         vertex 0.0543282 -0.0844 0.00982825
         vertex 0.0546365 -0.0844 0.00962231
         vertex 0.0546365 -0.077 0.00962231
      endloop
   endfacet
   facet normal 0.92388 -2.6554e-16 0.382683
      outer loop
         vertex 0.0541223 -0.0844 0.0101365
         vertex 0.0543282 -0.0844 0.00982825
         vertex 0.0543282 -0.077 0.00982825
      endloop
   endfacet
   facet normal 1 -1.27465e-31 1.83697e-16
      outer loop
         vertex 0.05405 -0.0844 0.0105
         vertex 0.0541223 -0.0844 0.0101365
         vertex 0.0541223 -0.077 0.0101365
      endloop
   endfacet
   facet normal 0.92388 2.6554e-16 -0.382683
      outer loop
         vertex 0.0541223 -0.0844 0.0108635
         vertex 0.05405 -0.0844 0.0105
         vertex 0.05405 -0.077 0.0105
      endloop
   endfacet
   facet normal 0.707107 4.90654e-16 -0.707107
      outer loop
         vertex 0.0543282 -0.0844 0.0111718
         vertex 0.0541223 -0.0844 0.0108635
         vertex 0.0541223 -0.077 0.0108635
      endloop
   endfacet
   facet normal 0.382683 6.4107e-16 -0.92388
      outer loop
         vertex 0.0546365 -0.0844 0.0113777
         vertex 0.0543282 -0.0844 0.0111718
         vertex 0.0543282 -0.077 0.0111718
      endloop
   endfacet
   facet normal 0 0 -1
      outer loop
         vertex 0.055 -0.0844 0.01145
         vertex 0.0546365 -0.0844 0.0113777
         vertex 0.0546365 -0.077 0.0113777
      endloop
   endfacet
   facet normal 0.100479 -0.857167 0.505142
      outer loop
         vertex 0.055 -0.0764292 0.0105
         vertex 0.0546365 -0.077 0.00962231
         vertex 0.055 -0.077 0.00955
      endloop
   endfacet
   facet normal 0.28614 -0.857167 0.428239
      outer loop
         vertex 0.055 -0.0764292 0.0105
         vertex 0.0543282 -0.077 0.00982825
         vertex 0.0546365 -0.077 0.00962231
      endloop
   endfacet
   facet normal 0.428239 -0.857167 0.28614
      outer loop
         vertex 0.055 -0.0764292 0.0105
         vertex 0.0541223 -0.077 0.0101365
         vertex 0.0543282 -0.077 0.00982825
      endloop
   endfacet
   facet normal 0.505142 -0.857167 0.100479
      outer loop
         vertex 0.055 -0.0764292 0.0105
         vertex 0.05405 -0.077 0.0105
         vertex 0.0541223 -0.077 0.0101365
      endloop
   endfacet
   facet normal 0.505142 -0.857167 -0.100479
      outer loop
         vertex 0.055 -0.0764292 0.0105
         vertex 0.0541223 -0.077 0.0108635
         vertex 0.05405 -0.077 0.0105
      endloop
   endfacet
   facet normal 0.428239 -0.857167 -0.28614
      outer loop
         vertex 0.055 -0.0764292 0.0105
         vertex 0.0543282 -0.077 0.0111718
         vertex 0.0541223 -0.077 0.0108635
      endloop
   endfacet
   facet normal 0.28614 -0.857167 -0.428239
      outer loop
         vertex 0.055 -0.0764292 0.0105
         vertex 0.0546365 -0.077 0.0113777
         vertex 0.0543282 -0.077 0.0111718
      endloop
   endfacet
   facet normal 0.100479 -0.857167 -0.505142
      outer loop
         vertex 0.055 -0.0764292 0.0105
         vertex 0.055 -0.077 0.01145
         vertex 0.0546365 -0.077 0.0113777
      endloop
   endfacet
   facet normal -0.100479 -0.857167 -0.505142
      outer loop
         vertex 0.055 -0.0764292 0.0105
         vertex 0.0553635 -0.077 0.0113777
         vertex 0.055 -0.077 0.01145
      endloop
   endfacet
   facet normal -0.28614 -0.857167 -0.428239
      outer loop
         vertex 0.055 -0.0764292 0.0105
         vertex 0.0556718 -0.077 0.0111718
         vertex 0.0553635 -0.077 0.0113777
      endloop
   endfacet
   facet normal -0.428239 -0.857167 -0.28614
      outer loop
         vertex 0.055 -0.0764292 0.0105
         vertex 0.0558777 -0.077 0.0108635
         vertex 0.0556718 -0.077 0.0111718
      endloop
   endfacet
   facet normal -0.505142 -0.857167 -0.100479
      outer loop
         vertex 0.055 -0.0764292 0.0105
         vertex 0.05595 -0.077 0.0105
         vertex 0.0558777 -0.077 0.0108635
      endloop
   endfacet
   facet normal -0.505142 -0.857167 0.100479
      outer loop
         vertex 0.055 -0.0764292 0.0105
         vertex 0.0558777 -0.077 0.0101365
         vertex 0.05595 -0.077 0.0105
      endloop
   endfacet
   facet normal -0.428239 -0.857167 0.28614
      outer loop
         vertex 0.055 -0.0764292 0.0105
         vertex 0.0556718 -0.077 0.00982825
         vertex 0.0558777 -0.077 0.0101365
      endloop
   endfacet
   facet normal -0.28614 -0.857167 0.428239
      outer loop
         vertex 0.055 -0.0764292 0.0105
         vertex 0.0553635 -0.077 0.00962231
         vertex 0.0556718 -0.077 0.00982825
      endloop
   endfacet
   facet normal -0.100479 -0.857167 0.505142
      outer loop
         vertex 0.055 -0.0764292 0.0105
         vertex 0.055 -0.077 0.00955
         vertex 0.0553635 -0.077 0.00962231
      endloop
   endfacet
   facet normal 0.382683 6.4107e-16 -0.92388
      outer loop
         vertex 0.0544642 -0.0844 -0.00620657
         vertex 0.055 -0.0844 -0.0061
         vertex 0.055 -0.085 -0.0061
      endloop
   endfacet
   facet normal 0.707107 4.90654e-16 -0.707107
      outer loop
         vertex 0.0540101 -0.0844 -0.00651005
         vertex 0.0544642 -0.0844 -0.00620657
         vertex 0.0544642 -0.085 -0.00620657
      endloop
   endfacet
   facet normal 0.92388 2.6554e-16 -0.382683
      outer loop
         vertex 0.0537066 -0.0844 -0.00696424
         vertex 0.0540101 -0.0844 -0.00651005
         vertex 0.0540101 -0.085 -0.00651005
      endloop
   endfacet
   facet normal 1 -1.27465e-31 1.83697e-16
      outer loop
         vertex 0.0536 -0.0844 -0.0075
         vertex 0.0537066 -0.0844 -0.00696424
         vertex 0.0537066 -0.085 -0.00696424
      endloop
   endfacet
   facet normal 0.92388 -2.6554e-16 0.382683
      outer loop
         vertex 0.0537066 -0.0844 -0.00803576
         vertex 0.0536 -0.0844 -0.0075
         vertex 0.0536 -0.085 -0.0075
      endloop
   endfacet
   facet normal 0.707107 -4.90654e-16 0.707107
      outer loop
         vertex 0.0540101 -0.0844 -0.00848995
         vertex 0.0537066 -0.0844 -0.00803576
         vertex 0.0537066 -0.085 -0.00803576
      endloop
   endfacet
   facet normal 0.382683 -6.4107e-16 0.92388
      outer loop
         vertex 0.0544642 -0.0844 -0.00879343
         vertex 0.0540101 -0.0844 -0.00848995
         vertex 0.0540101 -0.085 -0.00848995
      endloop
   endfacet
   facet normal -1.22465e-16 -6.93889e-16 1
      outer loop
         vertex 0.055 -0.0844 -0.0089
         vertex 0.0544642 -0.0844 -0.00879343
         vertex 0.0544642 -0.085 -0.00879343
      endloop
   endfacet
   facet normal -0.382683 -6.4107e-16 0.92388
      outer loop
         vertex 0.0555358 -0.0844 -0.00879343
         vertex 0.055 -0.0844 -0.0089
         vertex 0.055 -0.085 -0.0089
      endloop
   endfacet
   facet normal -0.707107 -4.90654e-16 0.707107
      outer loop
         vertex 0.0559899 -0.0844 -0.00848995
         vertex 0.0555358 -0.0844 -0.00879343
         vertex 0.0555358 -0.085 -0.00879343
      endloop
   endfacet
   facet normal -0.92388 -2.6554e-16 0.382683
      outer loop
         vertex 0.0562934 -0.0844 -0.00803576
         vertex 0.0559899 -0.0844 -0.00848995
         vertex 0.0559899 -0.085 -0.00848995
      endloop
   endfacet
   facet normal -1 4.24885e-32 -6.12323e-17
      outer loop
         vertex 0.0564 -0.0844 -0.0075
         vertex 0.0562934 -0.0844 -0.00803576
         vertex 0.0562934 -0.085 -0.00803576
      endloop
   endfacet
   facet normal -0.92388 2.6554e-16 -0.382683
      outer loop
         vertex 0.0562934 -0.0844 -0.00696424
         vertex 0.0564 -0.0844 -0.0075
         vertex 0.0564 -0.085 -0.0075
      endloop
   endfacet
   facet normal -0.707107 4.90654e-16 -0.707107
      outer loop
         vertex 0.0559899 -0.0844 -0.00651005
         vertex 0.0562934 -0.0844 -0.00696424
         vertex 0.0562934 -0.085 -0.00696424
      endloop
   endfacet
   facet normal -0.382683 6.4107e-16 -0.92388
      outer loop
         vertex 0.0555358 -0.0844 -0.00620657
         vertex 0.0559899 -0.0844 -0.00651005
         vertex 0.0559899 -0.085 -0.00651005
      endloop
   endfacet
   facet normal 0 1.23909e-15 -1
      outer loop
         vertex 0.055 -0.0844 -0.0061
         vertex 0.0555358 -0.0844 -0.00620657
         vertex 0.0555358 -0.085 -0.00620657
      endloop
   endfacet
   facet normal -0.382683 6.4107e-16 -0.92388
      outer loop
         vertex 0.0555358 -0.085 -0.00620657
         vertex 0.055 -0.085 -0.0061
         vertex 0.055 -0.0844 -0.0061
      endloop
   endfacet
   facet normal -0.707107 4.90654e-16 -0.707107
      outer loop
         vertex 0.0559899 -0.085 -0.00651005
         vertex 0.0555358 -0.085 -0.00620657
         vertex 0.0555358 -0.0844 -0.00620657
      endloop
   endfacet
   facet normal -0.92388 2.6554e-16 -0.382683
      outer loop
         vertex 0.0562934 -0.085 -0.00696424
         vertex 0.0559899 -0.085 -0.00651005
         vertex 0.0559899 -0.0844 -0.00651005
      endloop
   endfacet
   facet normal -1 4.24885e-32 -6.12323e-17
      outer loop
         vertex 0.0564 -0.085 -0.0075
         vertex 0.0562934 -0.085 -0.00696424
         vertex 0.0562934 -0.0844 -0.00696424
      endloop
   endfacet
   facet normal -0.92388 -2.6554e-16 0.382683
      outer loop
         vertex 0.0562934 -0.085 -0.00803576
         vertex 0.0564 -0.085 -0.0075
         vertex 0.0564 -0.0844 -0.0075
      endloop
   endfacet
   facet normal -0.707107 -4.90654e-16 0.707107
      outer loop
         vertex 0.0559899 -0.085 -0.00848995
         vertex 0.0562934 -0.085 -0.00803576
         vertex 0.0562934 -0.0844 -0.00803576
      endloop
   endfacet
   facet normal -0.382683 -6.4107e-16 0.92388
      outer loop
         vertex 0.0555358 -0.085 -0.00879343
         vertex 0.0559899 -0.085 -0.00848995
         vertex 0.0559899 -0.0844 -0.00848995
      endloop
   endfacet
   facet normal -1.22465e-16 -6.93889e-16 1
      outer loop
         vertex 0.055 -0.085 -0.0089
         vertex 0.0555358 -0.085 -0.00879343
         vertex 0.0555358 -0.0844 -0.00879343
      endloop
   endfacet
   facet normal 0.382683 -6.4107e-16 0.92388
      outer loop
         vertex 0.0544642 -0.085 -0.00879343
         vertex 0.055 -0.085 -0.0089
         vertex 0.055 -0.0844 -0.0089
      endloop
   endfacet
   facet normal 0.707107 -4.90654e-16 0.707107
      outer loop
         vertex 0.0540101 -0.085 -0.00848995
         vertex 0.0544642 -0.085 -0.00879343
         vertex 0.0544642 -0.0844 -0.00879343
      endloop
   endfacet
   facet normal 0.92388 -2.6554e-16 0.382683
      outer loop
         vertex 0.0537066 -0.085 -0.00803576
         vertex 0.0540101 -0.085 -0.00848995
         vertex 0.0540101 -0.0844 -0.00848995
      endloop
   endfacet
   facet normal 1 -1.27465e-31 1.83697e-16
      outer loop
         vertex 0.0536 -0.085 -0.0075
         vertex 0.0537066 -0.085 -0.00803576
         vertex 0.0537066 -0.0844 -0.00803576
      endloop
   endfacet
   facet normal 0.92388 2.6554e-16 -0.382683
      outer loop
         vertex 0.0537066 -0.085 -0.00696424
         vertex 0.0536 -0.085 -0.0075
         vertex 0.0536 -0.0844 -0.0075
      endloop
   endfacet
   facet normal 0.707107 4.90654e-16 -0.707107
      outer loop
         vertex 0.0540101 -0.085 -0.00651005
         vertex 0.0537066 -0.085 -0.00696424
         vertex 0.0537066 -0.0844 -0.00696424
      endloop
   endfacet
   facet normal 0.382683 6.4107e-16 -0.92388
      outer loop
         vertex 0.0544642 -0.085 -0.00620657
         vertex 0.0540101 -0.085 -0.00651005
         vertex 0.0540101 -0.0844 -0.00651005
      endloop
   endfacet
   facet normal 0 1.23909e-15 -1
      outer loop
         vertex 0.055 -0.085 -0.0061
         vertex 0.0544642 -0.085 -0.00620657
         vertex 0.0544642 -0.0844 -0.00620657
      endloop
   endfacet
   facet normal 0 -1 -6.93889e-16
      outer loop
         vertex 0.0562934 -0.0844 -0.00803576
         vertex 0.0558777 -0.0844 -0.00786355
         vertex 0.0556718 -0.0844 -0.00817175
      endloop
   endfacet
   facet normal 0 -1 -6.93889e-16
      outer loop
         vertex 0.0564 -0.0844 -0.0075
         vertex 0.05595 -0.0844 -0.0075
         vertex 0.0558777 -0.0844 -0.00786355
      endloop
   endfacet
   facet normal 0 -1 -6.93889e-16
      outer loop
         vertex 0.0558777 -0.0844 -0.00786355
         vertex 0.0562934 -0.0844 -0.00803576
         vertex 0.0564 -0.0844 -0.0075
      endloop
   endfacet
   facet normal 0 -1 -6.93889e-16
      outer loop
         vertex 0.0564 -0.0844 -0.0075
         vertex 0.0562934 -0.0844 -0.00696424
         vertex 0.0558777 -0.0844 -0.00713645
      endloop
   endfacet
   facet normal 0 -1 -6.93889e-16
      outer loop
         vertex 0.0558777 -0.0844 -0.00713645
         vertex 0.05595 -0.0844 -0.0075
         vertex 0.0564 -0.0844 -0.0075
      endloop
   endfacet
   facet normal 0 -1 -6.93889e-16
      outer loop
         vertex 0.0562934 -0.0844 -0.00696424
         vertex 0.0559899 -0.0844 -0.00651005
         vertex 0.0556718 -0.0844 -0.00682825
      endloop
   endfacet
   facet normal 0 -1 -6.93889e-16
      outer loop
         vertex 0.0556718 -0.0844 -0.00682825
         vertex 0.0558777 -0.0844 -0.00713645
         vertex 0.0562934 -0.0844 -0.00696424
      endloop
   endfacet
   facet normal 0 -1 -6.93889e-16
      outer loop
         vertex 0.0559899 -0.0844 -0.00651005
         vertex 0.0555358 -0.0844 -0.00620657
         vertex 0.0553635 -0.0844 -0.00662231
      endloop
   endfacet
   facet normal 0 -1 -6.93889e-16
      outer loop
         vertex 0.0536 -0.0844 -0.0075
         vertex 0.0537066 -0.0844 -0.00803576
         vertex 0.0541223 -0.0844 -0.00786355
      endloop
   endfacet
   facet normal 0 -1 -6.93889e-16
      outer loop
         vertex 0.0537066 -0.0844 -0.00803576
         vertex 0.0540101 -0.0844 -0.00848995
         vertex 0.0543282 -0.0844 -0.00817175
      endloop
   endfacet
   facet normal 0 -1 -6.93889e-16
      outer loop
         vertex 0.0553635 -0.0844 -0.00662231
         vertex 0.0556718 -0.0844 -0.00682825
         vertex 0.0559899 -0.0844 -0.00651005
      endloop
   endfacet
   facet normal 0 -1 -6.93889e-16
      outer loop
         vertex 0.0555358 -0.0844 -0.00620657
         vertex 0.055 -0.0844 -0.0061
         vertex 0.055 -0.0844 -0.00655
      endloop
   endfacet
   facet normal 0 -1 -6.93889e-16
      outer loop
         vertex 0.055 -0.0844 -0.0061
         vertex 0.0544642 -0.0844 -0.00620657
         vertex 0.0546365 -0.0844 -0.00662231
      endloop
   endfacet
   facet normal 0 -1 -6.93889e-16
      outer loop
         vertex 0.0544642 -0.0844 -0.00620657
         vertex 0.0540101 -0.0844 -0.00651005
         vertex 0.0543282 -0.0844 -0.00682825
      endloop
   endfacet
   facet normal 0 -1 -6.93889e-16
      outer loop
         vertex 0.0536 -0.0844 -0.0075
         vertex 0.05405 -0.0844 -0.0075
         vertex 0.0541223 -0.0844 -0.00713645
      endloop
   endfacet
   facet normal 0 -1 -6.93889e-16
      outer loop
         vertex 0.0543282 -0.0844 -0.00817175
         vertex 0.0541223 -0.0844 -0.00786355
         vertex 0.0537066 -0.0844 -0.00803576
      endloop
   endfacet
   facet normal 0 -1 -6.93889e-16
      outer loop
         vertex 0.055 -0.0844 -0.00655
         vertex 0.0553635 -0.0844 -0.00662231
         vertex 0.0555358 -0.0844 -0.00620657
      endloop
   endfacet
   facet normal 0 -1 -6.93889e-16
      outer loop
         vertex 0.0543282 -0.0844 -0.00682825
         vertex 0.0546365 -0.0844 -0.00662231
         vertex 0.0544642 -0.0844 -0.00620657
      endloop
   endfacet
   facet normal 0 -1 -6.93889e-16
      outer loop
         vertex 0.0537066 -0.0844 -0.00696424
         vertex 0.0541223 -0.0844 -0.00713645
         vertex 0.0543282 -0.0844 -0.00682825
      endloop
   endfacet
   facet normal 0 -1 -6.93889e-16
      outer loop
         vertex 0.0541223 -0.0844 -0.00786355
         vertex 0.05405 -0.0844 -0.0075
         vertex 0.0536 -0.0844 -0.0075
      endloop
   endfacet
   facet normal 0 -1 -6.93889e-16
      outer loop
         vertex 0.0546365 -0.0844 -0.00662231
         vertex 0.055 -0.0844 -0.00655
         vertex 0.055 -0.0844 -0.0061
      endloop
   endfacet
   facet normal 0 -1 -6.93889e-16
      outer loop
         vertex 0.0541223 -0.0844 -0.00713645
         vertex 0.0537066 -0.0844 -0.00696424
         vertex 0.0536 -0.0844 -0.0075
      endloop
   endfacet
   facet normal 0 -1 -6.93889e-16
      outer loop
         vertex 0.0540101 -0.0844 -0.00848995
         vertex 0.0544642 -0.0844 -0.00879343
         vertex 0.0546365 -0.0844 -0.00837769
      endloop
   endfacet
   facet normal 0 -1 -6.93889e-16
      outer loop
         vertex 0.0544642 -0.0844 -0.00879343
         vertex 0.055 -0.0844 -0.0089
         vertex 0.055 -0.0844 -0.00845
      endloop
   endfacet
   facet normal 0 -1 -6.93889e-16
      outer loop
         vertex 0.0555358 -0.0844 -0.00879343
         vertex 0.0553635 -0.0844 -0.00837769
         vertex 0.055 -0.0844 -0.00845
      endloop
   endfacet
   facet normal 0 -1 -6.93889e-16
      outer loop
         vertex 0.0559899 -0.0844 -0.00848995
         vertex 0.0556718 -0.0844 -0.00817175
         vertex 0.0553635 -0.0844 -0.00837769
      endloop
   endfacet
   facet normal 0 -1 -6.93889e-16
      outer loop
         vertex 0.0543282 -0.0844 -0.00682825
         vertex 0.0540101 -0.0844 -0.00651005
         vertex 0.0537066 -0.0844 -0.00696424
      endloop
   endfacet
   facet normal 0 -1 -6.93889e-16
      outer loop
         vertex 0.055 -0.0844 -0.00845
         vertex 0.0546365 -0.0844 -0.00837769
         vertex 0.0544642 -0.0844 -0.00879343
      endloop
   endfacet
   facet normal 0 -1 -6.93889e-16
      outer loop
         vertex 0.0553635 -0.0844 -0.00837769
         vertex 0.0555358 -0.0844 -0.00879343
         vertex 0.0559899 -0.0844 -0.00848995
      endloop
   endfacet
   facet normal 0 -1 -6.93889e-16
      outer loop
         vertex 0.0546365 -0.0844 -0.00837769
         vertex 0.0543282 -0.0844 -0.00817175
         vertex 0.0540101 -0.0844 -0.00848995
      endloop
   endfacet
   facet normal 0 -1 -6.93889e-16
      outer loop
         vertex 0.0556718 -0.0844 -0.00817175
         vertex 0.0559899 -0.0844 -0.00848995
         vertex 0.0562934 -0.0844 -0.00803576
      endloop
   endfacet
   facet normal 0 -1 -6.93889e-16
      outer loop
         vertex 0.055 -0.0844 -0.00845
         vertex 0.055 -0.0844 -0.0089
         vertex 0.0555358 -0.0844 -0.00879343
      endloop
   endfacet
   facet normal 0.382683 6.4107e-16 -0.92388
      outer loop
         vertex 0.0546365 -0.077 -0.00662231
         vertex 0.055 -0.077 -0.00655
         vertex 0.055 -0.0844 -0.00655
      endloop
   endfacet
   facet normal 0.707107 4.90654e-16 -0.707107
      outer loop
         vertex 0.0543282 -0.077 -0.00682825
         vertex 0.0546365 -0.077 -0.00662231
         vertex 0.0546365 -0.0844 -0.00662231
      endloop
   endfacet
   facet normal 0.92388 2.6554e-16 -0.382683
      outer loop
         vertex 0.0541223 -0.077 -0.00713645
         vertex 0.0543282 -0.077 -0.00682825
         vertex 0.0543282 -0.0844 -0.00682825
      endloop
   endfacet
   facet normal 1 -1.27465e-31 1.83697e-16
      outer loop
         vertex 0.05405 -0.077 -0.0075
         vertex 0.0541223 -0.077 -0.00713645
         vertex 0.0541223 -0.0844 -0.00713645
      endloop
   endfacet
   facet normal 0.92388 -2.6554e-16 0.382683
      outer loop
         vertex 0.0541223 -0.077 -0.00786355
         vertex 0.05405 -0.077 -0.0075
         vertex 0.05405 -0.0844 -0.0075
      endloop
   endfacet
   facet normal 0.707107 -4.90654e-16 0.707107
      outer loop
         vertex 0.0543282 -0.077 -0.00817175
         vertex 0.0541223 -0.077 -0.00786355
         vertex 0.0541223 -0.0844 -0.00786355
      endloop
   endfacet
   facet normal 0.382683 -6.4107e-16 0.92388
      outer loop
         vertex 0.0546365 -0.077 -0.00837769
         vertex 0.0543282 -0.077 -0.00817175
         vertex 0.0543282 -0.0844 -0.00817175
      endloop
   endfacet
   facet normal -1.22465e-16 -6.93889e-16 1
      outer loop
         vertex 0.055 -0.077 -0.00845
         vertex 0.0546365 -0.077 -0.00837769
         vertex 0.0546365 -0.0844 -0.00837769
      endloop
   endfacet
   facet normal -0.382683 -6.4107e-16 0.92388
      outer loop
         vertex 0.0553635 -0.077 -0.00837769
         vertex 0.055 -0.077 -0.00845
         vertex 0.055 -0.0844 -0.00845
      endloop
   endfacet
   facet normal -0.707107 -4.90654e-16 0.707107
      outer loop
         vertex 0.0556718 -0.077 -0.00817175
         vertex 0.0553635 -0.077 -0.00837769
         vertex 0.0553635 -0.0844 -0.00837769
      endloop
   endfacet
   facet normal -0.92388 -2.6554e-16 0.382683
      outer loop
         vertex 0.0558777 -0.077 -0.00786355
         vertex 0.0556718 -0.077 -0.00817175
         vertex 0.0556718 -0.0844 -0.00817175
      endloop
   endfacet
   facet normal -1 -2.6566e-31 3.82857e-16
      outer loop
         vertex 0.05595 -0.077 -0.0075
         vertex 0.0558777 -0.077 -0.00786355
         vertex 0.0558777 -0.0844 -0.00786355
      endloop
   endfacet
   facet normal -0.92388 2.6554e-16 -0.382683
      outer loop
         vertex 0.0558777 -0.077 -0.00713645
         vertex 0.05595 -0.077 -0.0075
         vertex 0.05595 -0.0844 -0.0075
      endloop
   endfacet
   facet normal -0.707107 4.90654e-16 -0.707107
      outer loop
         vertex 0.0556718 -0.077 -0.00682825
         vertex 0.0558777 -0.077 -0.00713645
         vertex 0.0558777 -0.0844 -0.00713645
      endloop
   endfacet
   facet normal -0.382683 6.4107e-16 -0.92388
      outer loop
         vertex 0.0553635 -0.077 -0.00662231
         vertex 0.0556718 -0.077 -0.00682825
         vertex 0.0556718 -0.0844 -0.00682825
      endloop
   endfacet
   facet normal 0 0 -1
      outer loop
         vertex 0.055 -0.077 -0.00655
         vertex 0.0553635 -0.077 -0.00662231
         vertex 0.0553635 -0.0844 -0.00662231
      endloop
   endfacet
   facet normal -0.382683 6.4107e-16 -0.92388
      outer loop
         vertex 0.0553635 -0.0844 -0.00662231
         vertex 0.055 -0.0844 -0.00655
         vertex 0.055 -0.077 -0.00655
      endloop
   endfacet
   facet normal -0.707107 4.90654e-16 -0.707107
      outer loop
         vertex 0.0556718 -0.0844 -0.00682825
         vertex 0.0553635 -0.0844 -0.00662231
         vertex 0.0553635 -0.077 -0.00662231
      endloop
   endfacet
   facet normal -0.92388 2.6554e-16 -0.382683
      outer loop
         vertex 0.0558777 -0.0844 -0.00713645
         vertex 0.0556718 -0.0844 -0.00682825
         vertex 0.0556718 -0.077 -0.00682825
      endloop
   endfacet
   facet normal -1 -2.6566e-31 3.82857e-16
      outer loop
         vertex 0.05595 -0.0844 -0.0075
         vertex 0.0558777 -0.0844 -0.00713645
         vertex 0.0558777 -0.077 -0.00713645
      endloop
   endfacet
   facet normal -0.92388 -2.6554e-16 0.382683
      outer loop
         vertex 0.0558777 -0.0844 -0.00786355
         vertex 0.05595 -0.0844 -0.0075
         vertex 0.05595 -0.077 -0.0075
      endloop
   endfacet
   facet normal -0.707107 -4.90654e-16 0.707107
      outer loop
         vertex 0.0556718 -0.0844 -0.00817175
         vertex 0.0558777 -0.0844 -0.00786355
         vertex 0.0558777 -0.077 -0.00786355
      endloop
   endfacet
   facet normal -0.382683 -6.4107e-16 0.92388
      outer loop
         vertex 0.0553635 -0.0844 -0.00837769
         vertex 0.0556718 -0.0844 -0.00817175
         vertex 0.0556718 -0.077 -0.00817175
      endloop
   endfacet
   facet normal -1.22465e-16 -6.93889e-16 1
      outer loop
         vertex 0.055 -0.0844 -0.00845
         vertex 0.0553635 -0.0844 -0.00837769
         vertex 0.0553635 -0.077 -0.00837769
      endloop
   endfacet
   facet normal 0.382683 -6.4107e-16 0.92388
      outer loop
         vertex 0.0546365 -0.0844 -0.00837769
         vertex 0.055 -0.0844 -0.00845
         vertex 0.055 -0.077 -0.00845
      endloop
   endfacet
   facet normal 0.707107 -4.90654e-16 0.707107
      outer loop
         vertex 0.0543282 -0.0844 -0.00817175
         vertex 0.0546365 -0.0844 -0.00837769
         vertex 0.0546365 -0.077 -0.00837769
      endloop
   endfacet
   facet normal 0.92388 -2.6554e-16 0.382683
      outer loop
         vertex 0.0541223 -0.0844 -0.00786355
         vertex 0.0543282 -0.0844 -0.00817175
         vertex 0.0543282 -0.077 -0.00817175
      endloop
   endfacet
   facet normal 1 -1.27465e-31 1.83697e-16
      outer loop
         vertex 0.05405 -0.0844 -0.0075
         vertex 0.0541223 -0.0844 -0.00786355
         vertex 0.0541223 -0.077 -0.00786355
      endloop
   endfacet
   facet normal 0.92388 2.6554e-16 -0.382683
      outer loop
         vertex 0.0541223 -0.0844 -0.00713645
         vertex 0.05405 -0.0844 -0.0075
         vertex 0.05405 -0.077 -0.0075
      endloop
   endfacet
   facet normal 0.707107 4.90654e-16 -0.707107
      outer loop
         vertex 0.0543282 -0.0844 -0.00682825
         vertex 0.0541223 -0.0844 -0.00713645
         vertex 0.0541223 -0.077 -0.00713645
      endloop
   endfacet
   facet normal 0.382683 6.4107e-16 -0.92388
      outer loop
         vertex 0.0546365 -0.0844 -0.00662231
         vertex 0.0543282 -0.0844 -0.00682825
         vertex 0.0543282 -0.077 -0.00682825
      endloop
   endfacet
   facet normal 0 0 -1
      outer loop
         vertex 0.055 -0.0844 -0.00655
         vertex 0.0546365 -0.0844 -0.00662231
         vertex 0.0546365 -0.077 -0.00662231
      endloop
   endfacet
   facet normal 0.100479 -0.857167 0.505142
      outer loop
         vertex 0.055 -0.0764292 -0.0075
         vertex 0.0546365 -0.077 -0.00837769
         vertex 0.055 -0.077 -0.00845
      endloop
   endfacet
   facet normal 0.28614 -0.857167 0.428239
      outer loop
         vertex 0.055 -0.0764292 -0.0075
         vertex 0.0543282 -0.077 -0.00817175
         vertex 0.0546365 -0.077 -0.00837769
      endloop
   endfacet
   facet normal 0.428239 -0.857167 0.28614
      outer loop
         vertex 0.055 -0.0764292 -0.0075
         vertex 0.0541223 -0.077 -0.00786355
         vertex 0.0543282 -0.077 -0.00817175
      endloop
   endfacet
   facet normal 0.505142 -0.857167 0.100479
      outer loop
         vertex 0.055 -0.0764292 -0.0075
         vertex 0.05405 -0.077 -0.0075
         vertex 0.0541223 -0.077 -0.00786355
      endloop
   endfacet
   facet normal 0.505142 -0.857167 -0.100479
      outer loop
         vertex 0.055 -0.0764292 -0.0075
         vertex 0.0541223 -0.077 -0.00713645
         vertex 0.05405 -0.077 -0.0075
      endloop
   endfacet
   facet normal 0.428239 -0.857167 -0.28614
      outer loop
         vertex 0.055 -0.0764292 -0.0075
         vertex 0.0543282 -0.077 -0.00682825
         vertex 0.0541223 -0.077 -0.00713645
      endloop
   endfacet
   facet normal 0.28614 -0.857167 -0.428239
      outer loop
         vertex 0.055 -0.0764292 -0.0075
         vertex 0.0546365 -0.077 -0.00662231
         vertex 0.0543282 -0.077 -0.00682825
      endloop
   endfacet
   facet normal 0.100479 -0.857167 -0.505142
      outer loop
         vertex 0.055 -0.0764292 -0.0075
         vertex 0.055 -0.077 -0.00655
         vertex 0.0546365 -0.077 -0.00662231
      endloop
   endfacet
   facet normal -0.100479 -0.857167 -0.505142
      outer loop
         vertex 0.055 -0.0764292 -0.0075
         vertex 0.0553635 -0.077 -0.00662231
         vertex 0.055 -0.077 -0.00655
      endloop
   endfacet
   facet normal -0.28614 -0.857167 -0.428239
      outer loop
         vertex 0.055 -0.0764292 -0.0075
         vertex 0.0556718 -0.077 -0.00682825
         vertex 0.0553635 -0.077 -0.00662231
      endloop
   endfacet
   facet normal -0.428239 -0.857167 -0.28614
      outer loop
         vertex 0.055 -0.0764292 -0.0075
         vertex 0.0558777 -0.077 -0.00713645
         vertex 0.0556718 -0.077 -0.00682825
      endloop
   endfacet
   facet normal -0.505142 -0.857167 -0.100479
      outer loop
         vertex 0.055 -0.0764292 -0.0075
         vertex 0.05595 -0.077 -0.0075
         vertex 0.0558777 -0.077 -0.00713645
      endloop
   endfacet
   facet normal -0.505142 -0.857167 0.100479
      outer loop
         vertex 0.055 -0.0764292 -0.0075
         vertex 0.0558777 -0.077 -0.00786355
         vertex 0.05595 -0.077 -0.0075
      endloop
   endfacet
   facet normal -0.428239 -0.857167 0.28614
      outer loop
         vertex 0.055 -0.0764292 -0.0075
         vertex 0.0556718 -0.077 -0.00817175
         vertex 0.0558777 -0.077 -0.00786355
      endloop
   endfacet
   facet normal -0.28614 -0.857167 0.428239
      outer loop
         vertex 0.055 -0.0764292 -0.0075
         vertex 0.0553635 -0.077 -0.00837769
         vertex 0.0556718 -0.077 -0.00817175
      endloop
   endfacet
   facet normal -0.100479 -0.857167 0.505142
      outer loop
         vertex 0.055 -0.0764292 -0.0075
         vertex 0.055 -0.077 -0.00845
         vertex 0.0553635 -0.077 -0.00837769
      endloop
   endfacet
   facet normal -0.97237 0.233445 1.61985e-16
      outer loop
         vertex 0.0731764 -0.0354759 0.0125
         vertex 0.0678072 -0.0578404 0.0125
         vertex 0.0704333 -0.0469017 0.0155
      endloop
   endfacet
   facet normal -0.97237 0.233445 1.61985e-16
      outer loop
         vertex 0.0704333 -0.0469017 0.0155
         vertex 0.0715981 -0.04205 0.0155
         vertex 0.0731764 -0.0354759 0.0125
      endloop
   endfacet
   facet normal -0.97237 0.233445 1.61985e-16
      outer loop
         vertex 0.0678072 -0.0578404 0.0125
         vertex 0.0700729 -0.0484027 0.0155
         vertex 0.0704333 -0.0469017 0.0155
      endloop
   endfacet
   facet normal -0.97237 0.233445 1.61985e-16
      outer loop
         vertex 0.0745683 -0.0296781 0.0125
         vertex 0.0745683 -0.0296781 0.00663604
         vertex 0.0742504 -0.0310024 0.0065
      endloop
   endfacet
   facet normal -0.97237 0.233445 1.61985e-16
      outer loop
         vertex 0.0678072 -0.0578404 0.0125
         vertex 0.0684134 -0.0553153 0.0155
         vertex 0.0700729 -0.0484027 0.0155
      endloop
   endfacet
   facet normal -0.97237 0.233445 1.61985e-16
      outer loop
         vertex 0.0742504 -0.0310024 0.0065
         vertex 0.0678072 -0.0578404 0.0125
         vertex 0.0731764 -0.0354759 0.0125
      endloop
   endfacet
   facet normal -0.97237 0.233445 1.61985e-16
      outer loop
         vertex 0.0678072 -0.0578404 0.0125
         vertex 0.0678072 -0.0578404 0.0155
         vertex 0.0684134 -0.0553153 0.0155
      endloop
   endfacet
   facet normal -0.97237 0.233445 1.61985e-16
      outer loop
         vertex 0.0715981 -0.04205 0.0155
         vertex 0.0731764 -0.0354759 0.0155
         vertex 0.0731764 -0.0354759 0.0125
      endloop
   endfacet
   facet normal -0.97237 0.233445 1.61985e-16
      outer loop
         vertex 0.0671068 -0.0607575 0.0065
         vertex 0.0671068 -0.0607575 0.0125
         vertex 0.0678072 -0.0578404 0.0125
      endloop
   endfacet
   facet normal -0.97237 0.233445 1.61985e-16
      outer loop
         vertex 0.0678072 -0.0578404 0.0125
         vertex 0.0742504 -0.0310024 0.0065
         vertex 0.0671068 -0.0607575 0.0065
      endloop
   endfacet
   facet normal -0.97237 0.233445 1.61985e-16
      outer loop
         vertex 0.0742504 -0.0310024 0.0065
         vertex 0.0731764 -0.0354759 0.0125
         vertex 0.0745683 -0.0296781 0.0125
      endloop
   endfacet
   facet normal -0.156434 0.987688 6.85346e-16
      outer loop
         vertex 0.0661753 -0.0593489 0.0125
         vertex 0.0653955 -0.0593182 0.0125
         vertex 0.0653955 -0.0593182 0.0155
      endloop
   endfacet
   facet normal -0.522499 0.85264 5.91638e-16
      outer loop
         vertex 0.0669074 -0.0590788 0.0125
         vertex 0.0661753 -0.0593489 0.0125
         vertex 0.0661753 -0.0593489 0.0155
      endloop
   endfacet
   facet normal -0.809017 0.587785 4.07858e-16
      outer loop
         vertex 0.0674805 -0.0585491 0.0125
         vertex 0.0669074 -0.0590788 0.0125
         vertex 0.0669074 -0.0590788 0.0155
      endloop
   endfacet
   facet normal -0.97237 0.233445 0
      outer loop
         vertex 0.0678072 -0.0578404 0.0125
         vertex 0.0674805 -0.0585491 0.0125
         vertex 0.0674805 -0.0585491 0.0155
      endloop
   endfacet
   facet normal -0.809017 0.587785 4.07858e-16
      outer loop
         vertex 0.0674805 -0.0585491 0.0155
         vertex 0.0678072 -0.0578404 0.0155
         vertex 0.0678072 -0.0578404 0.0125
      endloop
   endfacet
   facet normal -0.522499 0.85264 5.91638e-16
      outer loop
         vertex 0.0669074 -0.0590788 0.0155
         vertex 0.0674805 -0.0585491 0.0155
         vertex 0.0674805 -0.0585491 0.0125
      endloop
   endfacet
   facet normal -0.156434 0.987688 6.85346e-16
      outer loop
         vertex 0.0661753 -0.0593489 0.0155
         vertex 0.0669074 -0.0590788 0.0155
         vertex 0.0669074 -0.0590788 0.0125
      endloop
   endfacet
   facet normal 0.233445 0.97237 8.67362e-16
      outer loop
         vertex 0.0653955 -0.0593182 0.0155
         vertex 0.0661753 -0.0593489 0.0155
         vertex 0.0661753 -0.0593489 0.0125
      endloop
   endfacet
   facet normal 0.233445 0.97237 6.74717e-16
      outer loop
         vertex 0.0653955 -0.0593182 0.0125
         vertex 0.0602158 -0.0580747 0.0155
         vertex 0.0646501 -0.0591393 0.0155
      endloop
   endfacet
   facet normal 0.233445 0.97237 6.74717e-16
      outer loop
         vertex 0.0653955 -0.0593182 0.0125
         vertex 0.0560717 -0.0570798 0.0155
         vertex 0.0602158 -0.0580747 0.0155
      endloop
   endfacet
   facet normal 0.233445 0.97237 6.74717e-16
      outer loop
         vertex 0.0454619 -0.0545326 0.0125
         vertex 0.0533776 -0.056433 0.0155
         vertex 0.0560717 -0.0570798 0.0155
      endloop
   endfacet
   facet normal 0.233445 0.97237 6.74717e-16
      outer loop
         vertex 0.0560717 -0.0570798 0.0155
         vertex 0.0653955 -0.0593182 0.0125
         vertex 0.0454619 -0.0545326 0.0125
      endloop
   endfacet
   facet normal 0.233445 0.97237 6.74717e-16
      outer loop
         vertex 0.0454619 -0.0545326 0.0125
         vertex 0.0510755 -0.0558803 0.0155
         vertex 0.0533776 -0.056433 0.0155
      endloop
   endfacet
   facet normal 0.233445 0.97237 6.74717e-16
      outer loop
         vertex 0.0454619 -0.0545326 0.0125
         vertex 0.0487222 -0.0553153 0.0155
         vertex 0.0510755 -0.0558803 0.0155
      endloop
   endfacet
   facet normal 0.233445 0.97237 6.74717e-16
      outer loop
         vertex 0.0454619 -0.0545326 0.0125
         vertex 0.0454619 -0.0545326 0.0155
         vertex 0.0487222 -0.0553153 0.0155
      endloop
   endfacet
   facet normal 0.233445 0.97237 6.74717e-16
      outer loop
         vertex 0.0646501 -0.0591393 0.0155
         vertex 0.0653955 -0.0593182 0.0155
         vertex 0.0653955 -0.0593182 0.0125
      endloop
   endfacet
   facet normal 0.987688 0.156434 1.08548e-16
      outer loop
         vertex 0.0439535 -0.0529007 0.0125
         vertex 0.0439841 -0.052121 0.0125
         vertex 0.0439841 -0.052121 0.0155
      endloop
   endfacet
   facet normal 0.85264 0.522499 3.62556e-16
      outer loop
         vertex 0.0442236 -0.0536329 0.0125
         vertex 0.0439535 -0.0529007 0.0125
         vertex 0.0439535 -0.0529007 0.0155
      endloop
   endfacet
   facet normal 0.587785 0.809017 5.61368e-16
      outer loop
         vertex 0.0447533 -0.0542059 0.0125
         vertex 0.0442236 -0.0536329 0.0125
         vertex 0.0442236 -0.0536329 0.0155
      endloop
   endfacet
   facet normal 0.233445 0.97237 8.67362e-16
      outer loop
         vertex 0.0454619 -0.0545326 0.0125
         vertex 0.0447533 -0.0542059 0.0125
         vertex 0.0447533 -0.0542059 0.0155
      endloop
   endfacet
   facet normal 0.587785 0.809017 5.61368e-16
      outer loop
         vertex 0.0447533 -0.0542059 0.0155
         vertex 0.0454619 -0.0545326 0.0155
         vertex 0.0454619 -0.0545326 0.0125
      endloop
   endfacet
   facet normal 0.85264 0.522499 3.62556e-16
      outer loop
         vertex 0.0442236 -0.0536329 0.0155
         vertex 0.0447533 -0.0542059 0.0155
         vertex 0.0447533 -0.0542059 0.0125
      endloop
   endfacet
   facet normal 0.987688 0.156434 1.08548e-16
      outer loop
         vertex 0.0439535 -0.0529007 0.0155
         vertex 0.0442236 -0.0536329 0.0155
         vertex 0.0442236 -0.0536329 0.0125
      endloop
   endfacet
   facet normal 0.97237 -0.233445 0
      outer loop
         vertex 0.0439841 -0.052121 0.0155
         vertex 0.0439535 -0.0529007 0.0155
         vertex 0.0439535 -0.0529007 0.0125
      endloop
   endfacet
   facet normal 0 6.93889e-16 -1
      outer loop
         vertex 0.0546117 -0.0589287 0.0125
         vertex 0.0447533 -0.0542059 0.0125
         vertex 0.0454619 -0.0545326 0.0125
      endloop
   endfacet
   facet normal 0 6.93889e-16 -1
      outer loop
         vertex 0.0454619 -0.0545326 0.0125
         vertex 0.0551474 -0.0590353 0.0125
         vertex 0.0546117 -0.0589287 0.0125
      endloop
   endfacet
   facet normal 0 6.93889e-16 -1
      outer loop
         vertex 0.0454619 -0.0545326 0.0125
         vertex 0.0671068 -0.0607575 0.0125
         vertex 0.0551474 -0.0590353 0.0125
      endloop
   endfacet
   facet normal 0 6.93889e-16 -1
      outer loop
         vertex 0.0454619 -0.0545326 0.0125
         vertex 0.0653955 -0.0593182 0.0125
         vertex 0.0671068 -0.0607575 0.0125
      endloop
   endfacet
   facet normal 0 6.93889e-16 -1
      outer loop
         vertex 0.0653955 -0.0593182 0.0125
         vertex 0.0661753 -0.0593489 0.0125
         vertex 0.0671068 -0.0607575 0.0125
      endloop
   endfacet
   facet normal 0 6.93889e-16 -1
      outer loop
         vertex 0.0661753 -0.0593489 0.0125
         vertex 0.0669074 -0.0590788 0.0125
         vertex 0.0671068 -0.0607575 0.0125
      endloop
   endfacet
   facet normal 0 6.93889e-16 -1
      outer loop
         vertex 0.0560117 -0.0603287 0.0125
         vertex 0.0659634 -0.0632379 0.0125
         vertex 0.0639577 -0.0650919 0.0125
      endloop
   endfacet
   facet normal 0 6.93889e-16 -1
      outer loop
         vertex 0.0669074 -0.0590788 0.0125
         vertex 0.0674805 -0.0585491 0.0125
         vertex 0.0671068 -0.0607575 0.0125
      endloop
   endfacet
   facet normal 0 6.93889e-16 -1
      outer loop
         vertex 0.0671068 -0.0607575 0.0125
         vertex 0.0559051 -0.059793 0.0125
         vertex 0.0556016 -0.0593388 0.0125
      endloop
   endfacet
   facet normal 0 6.93889e-16 -1
      outer loop
         vertex 0.0560117 -0.0603287 0.0125
         vertex 0.0671068 -0.0607575 0.0125
         vertex 0.0659634 -0.0632379 0.0125
      endloop
   endfacet
   facet normal 0 6.93889e-16 -1
      outer loop
         vertex 0.0556016 -0.0593388 0.0125
         vertex 0.0551474 -0.0590353 0.0125
         vertex 0.0671068 -0.0607575 0.0125
      endloop
   endfacet
   facet normal 0 6.93889e-16 -1
      outer loop
         vertex 0.0639577 -0.0650919 0.0125
         vertex 0.0559051 -0.0608645 0.0125
         vertex 0.0560117 -0.0603287 0.0125
      endloop
   endfacet
   facet normal 0 6.93889e-16 -1
      outer loop
         vertex 0.0559051 -0.0608645 0.0125
         vertex 0.0639577 -0.0650919 0.0125
         vertex 0.0613953 -0.0660372 0.0125
      endloop
   endfacet
   facet normal 0 6.93889e-16 -1
      outer loop
         vertex 0.0556016 -0.0613187 0.0125
         vertex 0.0613953 -0.0660372 0.0125
         vertex 0.0586661 -0.06593 0.0125
      endloop
   endfacet
   facet normal 0 6.93889e-16 -1
      outer loop
         vertex 0.0560117 -0.0603287 0.0125
         vertex 0.0559051 -0.059793 0.0125
         vertex 0.0671068 -0.0607575 0.0125
      endloop
   endfacet
   facet normal 0 6.93889e-16 -1
      outer loop
         vertex 0.0586661 -0.06593 0.0125
         vertex 0.0551474 -0.0616221 0.0125
         vertex 0.0556016 -0.0613187 0.0125
      endloop
   endfacet
   facet normal 0 6.93889e-16 -1
      outer loop
         vertex 0.0586661 -0.06593 0.0125
         vertex 0.0484562 -0.0634788 0.0125
         vertex 0.0540759 -0.0616221 0.0125
      endloop
   endfacet
   facet normal 0 6.93889e-16 -1
      outer loop
         vertex 0.0613953 -0.0660372 0.0125
         vertex 0.0556016 -0.0613187 0.0125
         vertex 0.0559051 -0.0608645 0.0125
      endloop
   endfacet
   facet normal 0 6.93889e-16 -1
      outer loop
         vertex 0.0540759 -0.0616221 0.0125
         vertex 0.0546117 -0.0617287 0.0125
         vertex 0.0586661 -0.06593 0.0125
      endloop
   endfacet
   facet normal 0 6.93889e-16 -1
      outer loop
         vertex 0.0532117 -0.0603287 0.0125
         vertex 0.0467181 -0.0628063 0.0125
         vertex 0.0448396 -0.0613014 0.0125
      endloop
   endfacet
   facet normal 0 6.93889e-16 -1
      outer loop
         vertex 0.0532117 -0.0603287 0.0125
         vertex 0.0533182 -0.0608645 0.0125
         vertex 0.0484562 -0.0634788 0.0125
      endloop
   endfacet
   facet normal 0 6.93889e-16 -1
      outer loop
         vertex 0.0533182 -0.059793 0.0125
         vertex 0.0532117 -0.0603287 0.0125
         vertex 0.0435819 -0.0592491 0.0125
      endloop
   endfacet
   facet normal 0 6.93889e-16 -1
      outer loop
         vertex 0.0546117 -0.0617287 0.0125
         vertex 0.0551474 -0.0616221 0.0125
         vertex 0.0586661 -0.06593 0.0125
      endloop
   endfacet
   facet normal 0 6.93889e-16 -1
      outer loop
         vertex 0.0484562 -0.0634788 0.0125
         vertex 0.0533182 -0.0608645 0.0125
         vertex 0.0536217 -0.0613187 0.0125
      endloop
   endfacet
   facet normal 0 6.93889e-16 -1
      outer loop
         vertex 0.0484562 -0.0634788 0.0125
         vertex 0.0467181 -0.0628063 0.0125
         vertex 0.0532117 -0.0603287 0.0125
      endloop
   endfacet
   facet normal 0 6.93889e-16 -1
      outer loop
         vertex 0.0435819 -0.0592491 0.0125
         vertex 0.0430938 -0.0568921 0.0125
         vertex 0.0533182 -0.059793 0.0125
      endloop
   endfacet
   facet normal 0 6.93889e-16 -1
      outer loop
         vertex 0.0533182 -0.059793 0.0125
         vertex 0.0432838 -0.0550381 0.0125
         vertex 0.0447533 -0.0542059 0.0125
      endloop
   endfacet
   facet normal 0 6.93889e-16 -1
      outer loop
         vertex 0.0536217 -0.0613187 0.0125
         vertex 0.0540759 -0.0616221 0.0125
         vertex 0.0484562 -0.0634788 0.0125
      endloop
   endfacet
   facet normal 0 6.93889e-16 -1
      outer loop
         vertex 0.0430938 -0.0568921 0.0125
         vertex 0.0432838 -0.0550381 0.0125
         vertex 0.0533182 -0.059793 0.0125
      endloop
   endfacet
   facet normal 0 6.93889e-16 -1
      outer loop
         vertex 0.0432838 -0.0550381 0.0125
         vertex 0.0442236 -0.0536329 0.0125
         vertex 0.0447533 -0.0542059 0.0125
      endloop
   endfacet
   facet normal 0 6.93889e-16 -1
      outer loop
         vertex 0.0448396 -0.0613014 0.0125
         vertex 0.0435819 -0.0592491 0.0125
         vertex 0.0532117 -0.0603287 0.0125
      endloop
   endfacet
   facet normal 0 6.93889e-16 -1
      outer loop
         vertex 0.0447533 -0.0542059 0.0125
         vertex 0.0540759 -0.0590353 0.0125
         vertex 0.0536217 -0.0593388 0.0125
      endloop
   endfacet
   facet normal 0 6.93889e-16 -1
      outer loop
         vertex 0.0447533 -0.0542059 0.0125
         vertex 0.0536217 -0.0593388 0.0125
         vertex 0.0533182 -0.059793 0.0125
      endloop
   endfacet
   facet normal 0 6.93889e-16 -1
      outer loop
         vertex 0.0447533 -0.0542059 0.0125
         vertex 0.0546117 -0.0589287 0.0125
         vertex 0.0540759 -0.0590353 0.0125
      endloop
   endfacet
   facet normal 0 6.93889e-16 -1
      outer loop
         vertex 0.0432838 -0.0550381 0.0125
         vertex 0.0439841 -0.052121 0.0125
         vertex 0.0439535 -0.0529007 0.0125
      endloop
   endfacet
   facet normal 0 6.93889e-16 -1
      outer loop
         vertex 0.0439535 -0.0529007 0.0125
         vertex 0.0442236 -0.0536329 0.0125
         vertex 0.0432838 -0.0550381 0.0125
      endloop
   endfacet
   facet normal 0 6.93889e-16 -1
      outer loop
         vertex 0.0674805 -0.0585491 0.0125
         vertex 0.0678072 -0.0578404 0.0125
         vertex 0.0671068 -0.0607575 0.0125
      endloop
   endfacet
   facet normal 0.382683 -0.92388 -6.4107e-16
      outer loop
         vertex 0.0540759 -0.0590353 0.0125
         vertex 0.0546117 -0.0589287 0.0125
         vertex 0.0546117 -0.0589287 0.0155
      endloop
   endfacet
   facet normal 0.707107 -0.707107 -4.90654e-16
      outer loop
         vertex 0.0536217 -0.0593388 0.0125
         vertex 0.0540759 -0.0590353 0.0125
         vertex 0.0540759 -0.0590353 0.0155
      endloop
   endfacet
   facet normal 0.707107 -0.707107 -4.90654e-16
      outer loop
         vertex 0.0536217 -0.0593388 0.0125
         vertex 0.0535636 -0.0594257 0.0155
         vertex 0.0533776 -0.0597042 0.0155
      endloop
   endfacet
   facet normal 0.892246 -0.451549 -3.13325e-16
      outer loop
         vertex 0.0533776 -0.0597042 0.0155
         vertex 0.0533182 -0.059793 0.0125
         vertex 0.0536217 -0.0593388 0.0125
      endloop
   endfacet
   facet normal 0.707107 -0.707107 -4.90654e-16
      outer loop
         vertex 0.0536217 -0.0593388 0.0125
         vertex 0.0536217 -0.0593388 0.0155
         vertex 0.0535636 -0.0594257 0.0155
      endloop
   endfacet
   facet normal 1 1.83697e-16 1.27465e-31
      outer loop
         vertex 0.0532117 -0.0603287 0.0125
         vertex 0.0533182 -0.059793 0.0125
         vertex 0.0533182 -0.059793 0.0155
      endloop
   endfacet
   facet normal 0.92388 0.382683 2.6554e-16
      outer loop
         vertex 0.0533182 -0.0608645 0.0125
         vertex 0.0532117 -0.0603287 0.0125
         vertex 0.0532117 -0.0603287 0.0155
      endloop
   endfacet
   facet normal 0.707107 0.707107 4.90654e-16
      outer loop
         vertex 0.0536217 -0.0613187 0.0125
         vertex 0.0533182 -0.0608645 0.0125
         vertex 0.0533776 -0.0609533 0.0155
      endloop
   endfacet
   facet normal 0.92388 0.382683 2.6554e-16
      outer loop
         vertex 0.0533182 -0.0608645 0.0125
         vertex 0.0533182 -0.0608645 0.0155
         vertex 0.0533776 -0.0609533 0.0155
      endloop
   endfacet
   facet normal 0.382683 0.92388 6.4107e-16
      outer loop
         vertex 0.0540759 -0.0616221 0.0125
         vertex 0.0536217 -0.0613187 0.0125
         vertex 0.0536217 -0.0613187 0.0155
      endloop
   endfacet
   facet normal 0 1 6.19544e-16
      outer loop
         vertex 0.0546117 -0.0617287 0.0125
         vertex 0.0540759 -0.0616221 0.0125
         vertex 0.0540759 -0.0616221 0.0155
      endloop
   endfacet
   facet normal -0.382683 0.92388 6.4107e-16
      outer loop
         vertex 0.0551474 -0.0616221 0.0125
         vertex 0.0546117 -0.0617287 0.0125
         vertex 0.0546117 -0.0617287 0.0155
      endloop
   endfacet
   facet normal -0.707107 0.707107 4.90654e-16
      outer loop
         vertex 0.0556016 -0.0613187 0.0125
         vertex 0.0551474 -0.0616221 0.0125
         vertex 0.0551474 -0.0616221 0.0155
      endloop
   endfacet
   facet normal -0.92388 0.382683 2.6554e-16
      outer loop
         vertex 0.0559051 -0.0608645 0.0125
         vertex 0.0556016 -0.0613187 0.0125
         vertex 0.0556016 -0.0613187 0.0155
      endloop
   endfacet
   facet normal -1 -6.12323e-17 -4.24885e-32
      outer loop
         vertex 0.0560117 -0.0603287 0.0125
         vertex 0.0559051 -0.0608645 0.0125
         vertex 0.0559051 -0.0608645 0.0155
      endloop
   endfacet
   facet normal -0.92388 -0.382683 -2.6554e-16
      outer loop
         vertex 0.0559051 -0.059793 0.0125
         vertex 0.0560117 -0.0603287 0.0125
         vertex 0.0560117 -0.0603287 0.0155
      endloop
   endfacet
   facet normal -0.92388 -0.382683 -2.6554e-16
      outer loop
         vertex 0.0559051 -0.059793 0.0125
         vertex 0.0559051 -0.059793 0.0155
         vertex 0.0556597 -0.0594257 0.0155
      endloop
   endfacet
   facet normal -0.75758 -0.652743 -4.52931e-16
      outer loop
         vertex 0.0556597 -0.0594257 0.0155
         vertex 0.0556016 -0.0593388 0.0125
         vertex 0.0559051 -0.059793 0.0125
      endloop
   endfacet
   facet normal -0.382683 -0.92388 -6.4107e-16
      outer loop
         vertex 0.0551474 -0.0590353 0.0125
         vertex 0.0556016 -0.0593388 0.0125
         vertex 0.0556016 -0.0593388 0.0155
      endloop
   endfacet
   facet normal 2.44929e-16 -1 -6.93889e-16
      outer loop
         vertex 0.0546117 -0.0589287 0.0125
         vertex 0.0551474 -0.0590353 0.0125
         vertex 0.0551474 -0.0590353 0.0155
      endloop
   endfacet
   facet normal -0.382683 -0.92388 -6.4107e-16
      outer loop
         vertex 0.0551474 -0.0590353 0.0155
         vertex 0.0546117 -0.0589287 0.0155
         vertex 0.0546117 -0.0589287 0.0125
      endloop
   endfacet
   facet normal -0.707107 -0.707107 -4.90654e-16
      outer loop
         vertex 0.0556016 -0.0593388 0.0155
         vertex 0.0551474 -0.0590353 0.0155
         vertex 0.0551474 -0.0590353 0.0125
      endloop
   endfacet
   facet normal -0.75758 -0.652743 -4.52931e-16
      outer loop
         vertex 0.0556597 -0.0594257 0.0155
         vertex 0.0556016 -0.0593388 0.0155
         vertex 0.0556016 -0.0593388 0.0125
      endloop
   endfacet
   facet normal -1 -6.12323e-17 -4.24885e-32
      outer loop
         vertex 0.0560117 -0.0603287 0.0155
         vertex 0.0559051 -0.059793 0.0155
         vertex 0.0559051 -0.059793 0.0125
      endloop
   endfacet
   facet normal -0.92388 0.382683 2.6554e-16
      outer loop
         vertex 0.0559051 -0.0608645 0.0155
         vertex 0.0560117 -0.0603287 0.0155
         vertex 0.0560117 -0.0603287 0.0125
      endloop
   endfacet
   facet normal -0.707107 0.707107 4.90654e-16
      outer loop
         vertex 0.0556016 -0.0613187 0.0155
         vertex 0.0559051 -0.0608645 0.0155
         vertex 0.0559051 -0.0608645 0.0125
      endloop
   endfacet
   facet normal -0.382683 0.92388 6.4107e-16
      outer loop
         vertex 0.0551474 -0.0616221 0.0155
         vertex 0.0556016 -0.0613187 0.0155
         vertex 0.0556016 -0.0613187 0.0125
      endloop
   endfacet
   facet normal -1.22465e-16 1 6.93889e-16
      outer loop
         vertex 0.0546117 -0.0617287 0.0155
         vertex 0.0551474 -0.0616221 0.0155
         vertex 0.0551474 -0.0616221 0.0125
      endloop
   endfacet
   facet normal 0.382683 0.92388 6.4107e-16
      outer loop
         vertex 0.0540759 -0.0616221 0.0155
         vertex 0.0546117 -0.0617287 0.0155
         vertex 0.0546117 -0.0617287 0.0125
      endloop
   endfacet
   facet normal 0.707107 0.707107 4.90654e-16
      outer loop
         vertex 0.0536217 -0.0613187 0.0155
         vertex 0.0540759 -0.0616221 0.0155
         vertex 0.0540759 -0.0616221 0.0125
      endloop
   endfacet
   facet normal 0.892246 0.451549 3.13325e-16
      outer loop
         vertex 0.0533776 -0.0609533 0.0155
         vertex 0.0536217 -0.0613187 0.0155
         vertex 0.0536217 -0.0613187 0.0125
      endloop
   endfacet
   facet normal 1 1.83697e-16 1.27465e-31
      outer loop
         vertex 0.0532117 -0.0603287 0.0155
         vertex 0.0533182 -0.0608645 0.0155
         vertex 0.0533182 -0.0608645 0.0125
      endloop
   endfacet
   facet normal 0.92388 -0.382683 -2.6554e-16
      outer loop
         vertex 0.0533182 -0.059793 0.0155
         vertex 0.0532117 -0.0603287 0.0155
         vertex 0.0532117 -0.0603287 0.0125
      endloop
   endfacet
   facet normal 0.892246 -0.451549 -3.13325e-16
      outer loop
         vertex 0.0533776 -0.0597042 0.0155
         vertex 0.0533182 -0.059793 0.0155
         vertex 0.0533182 -0.059793 0.0125
      endloop
   endfacet
   facet normal 0.382683 -0.92388 -6.4107e-16
      outer loop
         vertex 0.0540759 -0.0590353 0.0155
         vertex 0.0536217 -0.0593388 0.0155
         vertex 0.0536217 -0.0593388 0.0125
      endloop
   endfacet
   facet normal 2.44929e-16 -1 -6.93889e-16
      outer loop
         vertex 0.0546117 -0.0589287 0.0155
         vertex 0.0540759 -0.0590353 0.0155
         vertex 0.0540759 -0.0590353 0.0125
      endloop
   endfacet
   facet normal -0.987688 -0.156434 -1.08548e-16
      outer loop
         vertex 0.073207 -0.0346961 0.0125
         vertex 0.0731764 -0.0354759 0.0125
         vertex 0.0731764 -0.0354759 0.0155
      endloop
   endfacet
   facet normal -0.85264 -0.522499 -3.62556e-16
      outer loop
         vertex 0.0729369 -0.033964 0.0125
         vertex 0.073207 -0.0346961 0.0125
         vertex 0.073207 -0.0346961 0.0155
      endloop
   endfacet
   facet normal -0.587785 -0.809017 -5.61368e-16
      outer loop
         vertex 0.0724072 -0.033391 0.0125
         vertex 0.0729369 -0.033964 0.0125
         vertex 0.0729369 -0.033964 0.0155
      endloop
   endfacet
   facet normal -0.233445 -0.97237 -8.67362e-16
      outer loop
         vertex 0.0716986 -0.0330642 0.0125
         vertex 0.0724072 -0.033391 0.0125
         vertex 0.0724072 -0.033391 0.0155
      endloop
   endfacet
   facet normal -0.587785 -0.809017 -5.61368e-16
      outer loop
         vertex 0.0724072 -0.033391 0.0155
         vertex 0.0716986 -0.0330642 0.0155
         vertex 0.0716986 -0.0330642 0.0125
      endloop
   endfacet
   facet normal -0.85264 -0.522499 -3.62556e-16
      outer loop
         vertex 0.0729369 -0.033964 0.0155
         vertex 0.0724072 -0.033391 0.0155
         vertex 0.0724072 -0.033391 0.0125
      endloop
   endfacet
   facet normal -0.987688 -0.156434 -1.08548e-16
      outer loop
         vertex 0.073207 -0.0346961 0.0155
         vertex 0.0729369 -0.033964 0.0155
         vertex 0.0729369 -0.033964 0.0125
      endloop
   endfacet
   facet normal -0.97237 0.233445 0
      outer loop
         vertex 0.0731764 -0.0354759 0.0155
         vertex 0.073207 -0.0346961 0.0155
         vertex 0.073207 -0.0346961 0.0125
      endloop
   endfacet
   facet normal -0.233445 -0.97237 -8.67362e-16
      outer loop
         vertex 0.051765 -0.0282786 0.0125
         vertex 0.0602158 -0.0303075 0.0155
         vertex 0.0560717 -0.0293126 0.0155
      endloop
   endfacet
   facet normal -0.233445 -0.97237 -8.67362e-16
      outer loop
         vertex 0.0716986 -0.0330642 0.0125
         vertex 0.0646501 -0.0313721 0.0155
         vertex 0.0602158 -0.0303075 0.0155
      endloop
   endfacet
   facet normal -0.233445 -0.97237 -8.67362e-16
      outer loop
         vertex 0.0602158 -0.0303075 0.0155
         vertex 0.051765 -0.0282786 0.0125
         vertex 0.0716986 -0.0330642 0.0125
      endloop
   endfacet
   facet normal -0.233445 -0.97237 -8.67362e-16
      outer loop
         vertex 0.0716986 -0.0330642 0.0125
         vertex 0.0716986 -0.0330642 0.0155
         vertex 0.0646501 -0.0313721 0.0155
      endloop
   endfacet
   facet normal -0.233445 -0.97237 -8.67362e-16
      outer loop
         vertex 0.0560717 -0.0293126 0.0155
         vertex 0.051765 -0.0282786 0.0155
         vertex 0.051765 -0.0282786 0.0125
      endloop
   endfacet
   facet normal -0.233445 -0.97237 -8.67362e-16
      outer loop
         vertex 0.051765 -0.0282786 0.0125
         vertex 0.051765 -0.0282786 0.0155
         vertex 0.0510755 -0.0282515 0.0155
      endloop
   endfacet
   facet normal 0.112145 -0.993692 -6.50521e-16
      outer loop
         vertex 0.0510755 -0.0282515 0.0155
         vertex 0.0509852 -0.028248 0.0125
         vertex 0.051765 -0.0282786 0.0125
      endloop
   endfacet
   facet normal 0.522499 -0.85264 -5.91638e-16
      outer loop
         vertex 0.0502531 -0.0285181 0.0125
         vertex 0.0509852 -0.028248 0.0125
         vertex 0.0509852 -0.028248 0.0155
      endloop
   endfacet
   facet normal 0.809017 -0.587785 -4.07858e-16
      outer loop
         vertex 0.04968 -0.0290478 0.0125
         vertex 0.0502531 -0.0285181 0.0125
         vertex 0.0502531 -0.0285181 0.0155
      endloop
   endfacet
   facet normal 0.97237 -0.233445 0
      outer loop
         vertex 0.0493533 -0.0297565 0.0125
         vertex 0.04968 -0.0290478 0.0125
         vertex 0.04968 -0.0290478 0.0155
      endloop
   endfacet
   facet normal 0.809017 -0.587785 -4.07858e-16
      outer loop
         vertex 0.04968 -0.0290478 0.0155
         vertex 0.0493533 -0.0297565 0.0155
         vertex 0.0493533 -0.0297565 0.0125
      endloop
   endfacet
   facet normal 0.522499 -0.85264 -5.91638e-16
      outer loop
         vertex 0.0502531 -0.0285181 0.0155
         vertex 0.04968 -0.0290478 0.0155
         vertex 0.04968 -0.0290478 0.0125
      endloop
   endfacet
   facet normal 0.156434 -0.987688 -6.85346e-16
      outer loop
         vertex 0.0509852 -0.028248 0.0155
         vertex 0.0502531 -0.0285181 0.0155
         vertex 0.0502531 -0.0285181 0.0125
      endloop
   endfacet
   facet normal 0.112145 -0.993692 -6.50521e-16
      outer loop
         vertex 0.0510755 -0.0282515 0.0155
         vertex 0.0509852 -0.028248 0.0155
         vertex 0.0509852 -0.028248 0.0125
      endloop
   endfacet
   facet normal 0.97237 -0.233445 0
      outer loop
         vertex 0.0439841 -0.052121 0.0125
         vertex 0.0482301 -0.0344352 -0.0015825
         vertex 0.0448768 -0.0484027 0.0155
      endloop
   endfacet
   facet normal 0.97237 -0.233445 0
      outer loop
         vertex 0.0482301 -0.0344352 -0.0015825
         vertex 0.0452371 -0.0469017 0.0155
         vertex 0.0448768 -0.0484027 0.0155
      endloop
   endfacet
   facet normal 0.97237 -0.233445 0
      outer loop
         vertex 0.0482301 -0.0344352 -0.0015825
         vertex 0.0482301 -0.0344352 0.0125
         vertex 0.0464019 -0.04205 0.0155
      endloop
   endfacet
   facet normal 0.97237 -0.233445 0
      outer loop
         vertex 0.0432838 -0.0550381 -0.0015825
         vertex 0.0482301 -0.0344352 -0.0015825
         vertex 0.0439841 -0.052121 0.0125
      endloop
   endfacet
   facet normal 0.97237 -0.233445 0
      outer loop
         vertex 0.0464019 -0.04205 0.0155
         vertex 0.0452371 -0.0469017 0.0155
         vertex 0.0482301 -0.0344352 -0.0015825
      endloop
   endfacet
   facet normal 0.97237 -0.233445 0
      outer loop
         vertex 0.0493533 -0.0297565 0.0155
         vertex 0.0464019 -0.04205 0.0155
         vertex 0.0482301 -0.0344352 0.0125
      endloop
   endfacet
   facet normal 0.97237 -0.233445 0
      outer loop
         vertex 0.0448768 -0.0484027 0.0155
         vertex 0.0439841 -0.052121 0.0155
         vertex 0.0439841 -0.052121 0.0125
      endloop
   endfacet
   facet normal 0.97237 -0.233445 0
      outer loop
         vertex 0.0439841 -0.052121 0.0125
         vertex 0.0432838 -0.0550381 0.0125
         vertex 0.0432838 -0.0550381 -0.0015825
      endloop
   endfacet
   facet normal 0.97237 -0.233445 0
      outer loop
         vertex 0.0482301 -0.0344352 0.0125
         vertex 0.0493533 -0.0297565 0.0125
         vertex 0.0493533 -0.0297565 0.0155
      endloop
   endfacet
   facet normal 0.985669 -0.168689 0
      outer loop
         vertex 0.04827 -0.0342409 -0.0015825
         vertex 0.04827 -0.0342409 0.0125
         vertex 0.0482301 -0.0344352 0.0125
      endloop
   endfacet
   facet normal 0.97237 -0.233445 0
      outer loop
         vertex 0.0482301 -0.0344352 0.0125
         vertex 0.0482301 -0.0344352 -0.0015825
         vertex 0.04827 -0.0342409 -0.0015825
      endloop
   endfacet
   facet normal 0.650087 -0.156072 -0.743659
      outer loop
         vertex 0.0482301 -0.0344352 -0.0015825
         vertex 0.0472377 -0.034197 -0.0025
         vertex 0.047264 -0.0340688 -0.0025
      endloop
   endfacet
   facet normal 0.658978 -0.112778 -0.743659
      outer loop
         vertex 0.047264 -0.0340688 -0.0025
         vertex 0.04827 -0.0342409 -0.0015825
         vertex 0.0482301 -0.0344352 -0.0015825
      endloop
   endfacet
   facet normal 0.658978 -0.112778 -0.743659
      outer loop
         vertex 0.04827 -0.0342409 -0.0015825
         vertex 0.047264 -0.0340688 -0.0025
         vertex 0.0495365 -0.0207937 -0.0025
      endloop
   endfacet
   facet normal 0.658978 -0.112778 -0.743659
      outer loop
         vertex 0.0495365 -0.0207937 -0.0025
         vertex 0.0505419 -0.0209657 -0.0015825
         vertex 0.04827 -0.0342409 -0.0015825
      endloop
   endfacet
   facet normal -0.175397 0.984498 6.83133e-16
      outer loop
         vertex -0.00345556 0.00483868 0.0145
         vertex -0.00345556 0.00483868 0.015
         vertex 0.000527273 0.00497215 0.015
      endloop
   endfacet
   facet normal -0.519215 0.854644 5.93028e-16
      outer loop
         vertex -0.00826901 0.00302072 0.0125
         vertex -0.00826901 0.00302072 0.015
         vertex -0.00774734 0.00332247 0.0145
      endloop
   endfacet
   facet normal -0.175397 0.984498 6.83133e-16
      outer loop
         vertex -0.00345556 0.00483868 0.015
         vertex -0.00345556 0.00483868 0.0145
         vertex -0.00774734 0.00332247 0.0145
      endloop
   endfacet
   facet normal -0.481953 0.876197 6.04055e-16
      outer loop
         vertex -0.00774734 0.00332247 0.0145
         vertex -0.00826901 0.00302072 0.015
         vertex -0.00345556 0.00483868 0.015
      endloop
   endfacet
   facet normal -0.792901 0.60935 4.33681e-16
      outer loop
         vertex -0.0121006 -0.000413386 0.0125
         vertex -0.0121006 -0.000413386 0.015
         vertex -0.00826901 0.00302072 0.015
      endloop
   endfacet
   facet normal -0.959488 0.28175 1.95504e-16
      outer loop
         vertex -0.0144328 -0.00499979 0.015
         vertex -0.0137543 -0.00318161 0.0104828
         vertex -0.0140901 -0.00397945 0.00910539
      endloop
   endfacet
   facet normal -0.959488 0.28175 1.95504e-16
      outer loop
         vertex -0.0144328 -0.00499979 0.015
         vertex -0.0135537 -0.00274713 0.0125
         vertex -0.0137002 -0.0030533 0.0107044
      endloop
   endfacet
   facet normal -0.90716 0.420785 3.09772e-16
      outer loop
         vertex -0.0137002 -0.0030533 0.0107044
         vertex -0.0137543 -0.00318161 0.0104828
         vertex -0.0144328 -0.00499979 0.015
      endloop
   endfacet
   facet normal -0.935006 0.354631 2.47818e-16
      outer loop
         vertex -0.0140901 -0.00397945 0.00910539
         vertex -0.0142104 -0.00435973 0.00880822
         vertex -0.0144328 -0.00499979 0.015
      endloop
   endfacet
   facet normal -0.792901 0.60935 4.33681e-16
      outer loop
         vertex -0.0121006 -0.000413386 0.015
         vertex -0.0121006 -0.000413386 0.0125
         vertex -0.0135537 -0.00274713 0.0125
      endloop
   endfacet
   facet normal -0.896692 0.442655 3.09772e-16
      outer loop
         vertex -0.0135537 -0.00274713 0.0125
         vertex -0.0144328 -0.00499979 0.015
         vertex -0.0121006 -0.000413386 0.015
      endloop
   endfacet
   facet normal -1 -1.48691e-16 0
      outer loop
         vertex -0.015 -0.00894429 0.015
         vertex -0.0146851 -0.00614944 0.00773563
         vertex -0.0149203 -0.0074523 0.00734841
      endloop
   endfacet
   facet normal -0.994305 0.106571 1.23909e-16
      outer loop
         vertex -0.0149203 -0.0074523 0.00734841
         vertex -0.0149843 -0.00828154 0.0073
         vertex -0.015 -0.00894429 0.015
      endloop
   endfacet
   facet normal -1 -1.48691e-16 0
      outer loop
         vertex -0.015 -0.00894429 0.015
         vertex -0.0144328 -0.00499979 0.015
         vertex -0.0144147 -0.00500547 0.0083036
      endloop
   endfacet
   facet normal -0.959495 0.281726 1.85863e-16
      outer loop
         vertex -0.0144147 -0.00500547 0.0083036
         vertex -0.0145636 -0.00547623 0.00793572
         vertex -0.015 -0.00894429 0.015
      endloop
   endfacet
   facet normal -0.968832 0.247718 1.85863e-16
      outer loop
         vertex -0.0145636 -0.00547623 0.00793572
         vertex -0.0146851 -0.00614944 0.00773563
         vertex -0.015 -0.00894429 0.015
      endloop
   endfacet
   facet normal -0.998879 0.0473392 0
      outer loop
         vertex -0.0149843 -0.00828154 0.0073
         vertex -0.015 -0.00894429 0.0073
         vertex -0.015 -0.00894429 0.015
      endloop
   endfacet
   facet normal -0.944727 0.327859 2.47818e-16
      outer loop
         vertex -0.0142104 -0.00435973 0.00880822
         vertex -0.0144147 -0.00500547 0.0083036
         vertex -0.0144328 -0.00499979 0.015
      endloop
   endfacet
   facet normal -0.519215 0.854644 5.93028e-16
      outer loop
         vertex -0.00826901 0.00302072 0.015
         vertex -0.00826901 0.00302072 0.0125
         vertex -0.0121006 -0.000413386 0.0125
      endloop
   endfacet
   facet normal -0.481953 0.876197 6.04055e-16
      outer loop
         vertex -0.00774734 0.00332247 0.0145
         vertex -0.00774734 0.00332247 0.0125
         vertex -0.00826901 0.00302072 0.0125
      endloop
   endfacet
   facet normal 0.109091 0.994032 6.89243e-16
      outer loop
         vertex 0.000527273 0.00497215 0.015
         vertex 0.000527273 0.00497215 0.0145
         vertex -0.00345556 0.00483868 0.0145
      endloop
   endfacet
   facet normal -0.481953 0.876197 6.19544e-16
      outer loop
         vertex -0.00774734 0.00332247 0.0125
         vertex -0.00774734 0.00332247 0.0145
         vertex -0.00742303 0.00343377 0.0145
      endloop
   endfacet
   facet normal -0.157647 0.987496 6.85213e-16
      outer loop
         vertex -0.00742303 0.00343377 0.0125
         vertex -0.00742303 0.00343377 0.0145
         vertex -0.00708019 0.00342898 0.0145
      endloop
   endfacet
   facet normal 0.185192 0.982702 6.81887e-16
      outer loop
         vertex -0.00708019 0.00342898 0.0125
         vertex -0.00708019 0.00342898 0.0145
         vertex -0.00675913 0.00330866 0.0145
      endloop
   endfacet
   facet normal 0.506259 0.862381 5.98397e-16
      outer loop
         vertex -0.00675913 0.00330866 0.0125
         vertex -0.00675913 0.00330866 0.0145
         vertex -0.00649758 0.00308695 0.0145
      endloop
   endfacet
   facet normal 0.76781 0.640678 4.44559e-16
      outer loop
         vertex -0.00649758 0.00308695 0.0125
         vertex -0.00649758 0.00308695 0.0145
         vertex -0.00632629 0.00278993 0.0145
      endloop
   endfacet
   facet normal 0.939096 0.343655 2.38458e-16
      outer loop
         vertex -0.00632629 0.00278993 0.0125
         vertex -0.00632629 0.00278993 0.0145
         vertex -0.0062654 0.00245251 0.0145
      endloop
   endfacet
   facet normal 0.999981 0.00623158 0
      outer loop
         vertex -0.0062654 0.00245251 0.0145
         vertex -0.0062654 0.00245251 0.0125
         vertex -0.00632629 0.00278993 0.0125
      endloop
   endfacet
   facet normal 0.939096 0.343655 2.38458e-16
      outer loop
         vertex -0.00632629 0.00278993 0.0145
         vertex -0.00632629 0.00278993 0.0125
         vertex -0.00649758 0.00308695 0.0125
      endloop
   endfacet
   facet normal 0.76781 0.640678 4.44559e-16
      outer loop
         vertex -0.00649758 0.00308695 0.0145
         vertex -0.00649758 0.00308695 0.0125
         vertex -0.00675913 0.00330866 0.0125
      endloop
   endfacet
   facet normal 0.506259 0.862381 5.98397e-16
      outer loop
         vertex -0.00675913 0.00330866 0.0145
         vertex -0.00675913 0.00330866 0.0125
         vertex -0.00708019 0.00342898 0.0125
      endloop
   endfacet
   facet normal 0.185192 0.982702 6.81887e-16
      outer loop
         vertex -0.00708019 0.00342898 0.0145
         vertex -0.00708019 0.00342898 0.0125
         vertex -0.00742303 0.00343377 0.0125
      endloop
   endfacet
   facet normal -0.157647 0.987496 6.85213e-16
      outer loop
         vertex -0.00742303 0.00343377 0.0145
         vertex -0.00742303 0.00343377 0.0125
         vertex -0.00774734 0.00332247 0.0125
      endloop
   endfacet
   facet normal 0.999981 0.00623158 0
      outer loop
         vertex -0.0062654 0.00245251 0.0145
         vertex -0.00624988 -3.89473e-05 0.0145
         vertex -0.00624988 -3.89473e-05 0.0125
      endloop
   endfacet
   facet normal 0.999981 0.00623158 0
      outer loop
         vertex -0.00624988 -3.89473e-05 0.0125
         vertex -0.0062654 0.00245251 0.0125
         vertex -0.0062654 0.00245251 0.0145
      endloop
   endfacet
   facet normal 0.921477 0.388433 2.6953e-16
      outer loop
         vertex -0.00575923 -0.00242771 0.0125
         vertex -0.00624988 -3.89473e-05 0.0125
         vertex -0.00624988 -3.89473e-05 0.0145
      endloop
   endfacet
   facet normal 0.702687 0.711499 4.93702e-16
      outer loop
         vertex -0.00439179 -0.00444687 0.0125
         vertex -0.00575923 -0.00242771 0.0125
         vertex -0.00575923 -0.00242771 0.0145
      endloop
   endfacet
   facet normal 0.376919 0.926246 6.42712e-16
      outer loop
         vertex -0.00235574 -0.00578904 0.0125
         vertex -0.00439179 -0.00444687 0.0125
         vertex -0.00439179 -0.00444687 0.0145
      endloop
   endfacet
   facet normal -0.00623158 0.999981 6.93876e-16
      outer loop
         vertex 3.89473e-05 -0.00624988 0.0125
         vertex -0.00235574 -0.00578904 0.0125
         vertex -0.00235574 -0.00578904 0.0145
      endloop
   endfacet
   facet normal -0.388433 0.921477 6.39403e-16
      outer loop
         vertex 0.00242771 -0.00575923 0.0125
         vertex 3.89473e-05 -0.00624988 0.0125
         vertex 3.89473e-05 -0.00624988 0.0145
      endloop
   endfacet
   facet normal -0.711499 0.702687 4.87587e-16
      outer loop
         vertex 0.00444687 -0.00439179 0.0125
         vertex 0.00242771 -0.00575923 0.0125
         vertex 0.00242771 -0.00575923 0.0145
      endloop
   endfacet
   facet normal -0.926246 0.376919 2.6154e-16
      outer loop
         vertex 0.00578904 -0.00235574 0.0125
         vertex 0.00444687 -0.00439179 0.0125
         vertex 0.00444687 -0.00439179 0.0145
      endloop
   endfacet
   facet normal -0.999981 -0.00623158 0
      outer loop
         vertex 0.00624988 3.89473e-05 0.0125
         vertex 0.00578904 -0.00235574 0.0125
         vertex 0.00578904 -0.00235574 0.0145
      endloop
   endfacet
   facet normal -0.926246 0.376919 2.6154e-16
      outer loop
         vertex 0.00578904 -0.00235574 0.0145
         vertex 0.00624988 3.89473e-05 0.0145
         vertex 0.00624988 3.89473e-05 0.0125
      endloop
   endfacet
   facet normal -0.711499 0.702687 4.87587e-16
      outer loop
         vertex 0.00444687 -0.00439179 0.0145
         vertex 0.00578904 -0.00235574 0.0145
         vertex 0.00578904 -0.00235574 0.0125
      endloop
   endfacet
   facet normal -0.388433 0.921477 6.39403e-16
      outer loop
         vertex 0.00242771 -0.00575923 0.0145
         vertex 0.00444687 -0.00439179 0.0145
         vertex 0.00444687 -0.00439179 0.0125
      endloop
   endfacet
   facet normal -0.00623158 0.999981 6.93876e-16
      outer loop
         vertex 3.89473e-05 -0.00624988 0.0145
         vertex 0.00242771 -0.00575923 0.0145
         vertex 0.00242771 -0.00575923 0.0125
      endloop
   endfacet
   facet normal 0.376919 0.926246 6.42712e-16
      outer loop
         vertex -0.00235574 -0.00578904 0.0145
         vertex 3.89473e-05 -0.00624988 0.0145
         vertex 3.89473e-05 -0.00624988 0.0125
      endloop
   endfacet
   facet normal 0.702687 0.711499 4.93702e-16
      outer loop
         vertex -0.00439179 -0.00444687 0.0145
         vertex -0.00235574 -0.00578904 0.0145
         vertex -0.00235574 -0.00578904 0.0125
      endloop
   endfacet
   facet normal 0.921477 0.388433 2.6953e-16
      outer loop
         vertex -0.00575923 -0.00242771 0.0145
         vertex -0.00439179 -0.00444687 0.0145
         vertex -0.00439179 -0.00444687 0.0125
      endloop
   endfacet
   facet normal 0.999981 0.00623158 0
      outer loop
         vertex -0.00624988 -3.89473e-05 0.0145
         vertex -0.00575923 -0.00242771 0.0145
         vertex -0.00575923 -0.00242771 0.0125
      endloop
   endfacet
   facet normal -0.999981 -0.00623158 0
      outer loop
         vertex 0.00624988 3.89473e-05 0.0125
         vertex 0.00624988 3.89473e-05 0.0145
         vertex 0.00623066 0.00312251 0.0145
      endloop
   endfacet
   facet normal -0.999981 -0.00623158 0
      outer loop
         vertex 0.00623066 0.00312251 0.0145
         vertex 0.00623066 0.00312251 0.0125
         vertex 0.00624988 3.89473e-05 0.0125
      endloop
   endfacet
   facet normal -0.999981 -0.00623158 0
      outer loop
         vertex 0.00623066 0.00312251 0.0125
         vertex 0.00623066 0.00312251 0.0145
         vertex 0.00628687 0.00345933 0.0145
      endloop
   endfacet
   facet normal -0.943774 0.33059 2.29393e-16
      outer loop
         vertex 0.00628687 0.00345933 0.0125
         vertex 0.00628687 0.00345933 0.0145
         vertex 0.00645313 0.0037576 0.0145
      endloop
   endfacet
   facet normal -0.777517 0.628862 4.36361e-16
      outer loop
         vertex 0.00645313 0.0037576 0.0125
         vertex 0.00645313 0.0037576 0.0145
         vertex 0.00671005 0.00398254 0.0145
      endloop
   endfacet
   facet normal -0.520594 0.853804 5.92446e-16
      outer loop
         vertex 0.00671005 0.00398254 0.0125
         vertex 0.00671005 0.00398254 0.0145
         vertex 0.00702768 0.00410792 0.0145
      endloop
   endfacet
   facet normal -0.202966 0.979186 6.79447e-16
      outer loop
         vertex 0.00702768 0.00410792 0.0125
         vertex 0.00702768 0.00410792 0.0145
         vertex 0.00736897 0.00411912 0.0145
      endloop
   endfacet
   facet normal 0.138329 0.990386 6.50521e-16
      outer loop
         vertex 0.00736897 0.00411912 0.0145
         vertex 0.00736897 0.00411912 0.0125
         vertex 0.00702768 0.00410792 0.0125
      endloop
   endfacet
   facet normal -0.202966 0.979186 6.79447e-16
      outer loop
         vertex 0.00702768 0.00410792 0.0145
         vertex 0.00702768 0.00410792 0.0125
         vertex 0.00671005 0.00398254 0.0125
      endloop
   endfacet
   facet normal -0.520594 0.853804 5.92446e-16
      outer loop
         vertex 0.00671005 0.00398254 0.0145
         vertex 0.00671005 0.00398254 0.0125
         vertex 0.00645313 0.0037576 0.0125
      endloop
   endfacet
   facet normal -0.777517 0.628862 4.36361e-16
      outer loop
         vertex 0.00645313 0.0037576 0.0145
         vertex 0.00645313 0.0037576 0.0125
         vertex 0.00628687 0.00345933 0.0125
      endloop
   endfacet
   facet normal -0.943774 0.33059 2.29393e-16
      outer loop
         vertex 0.00628687 0.00345933 0.0145
         vertex 0.00628687 0.00345933 0.0125
         vertex 0.00623066 0.00312251 0.0125
      endloop
   endfacet
   facet normal 0 6.93889e-16 -1
      outer loop
         vertex 0.00247487 0.00247487 0.0145
         vertex 0.00628687 0.00345933 0.0145
         vertex 0.00623066 0.00312251 0.0145
      endloop
   endfacet
   facet normal 0 6.93889e-16 -1
      outer loop
         vertex 0.00247487 0.00247487 0.0145
         vertex 0.00645313 0.0037576 0.0145
         vertex 0.00628687 0.00345933 0.0145
      endloop
   endfacet
   facet normal 0 6.93889e-16 -1
      outer loop
         vertex 0.00247487 0.00247487 0.0145
         vertex 0.00702768 0.00410792 0.0145
         vertex 0.00671005 0.00398254 0.0145
      endloop
   endfacet
   facet normal 0 6.93889e-16 -1
      outer loop
         vertex 0.00671005 0.00398254 0.0145
         vertex 0.00645313 0.0037576 0.0145
         vertex 0.00247487 0.00247487 0.0145
      endloop
   endfacet
   facet normal 0 6.93889e-16 -1
      outer loop
         vertex 0.00624988 3.89473e-05 0.0145
         vertex 0.0035 -9.51885e-18 0.0145
         vertex 0.00323358 0.00133939 0.0145
      endloop
   endfacet
   facet normal 0 6.93889e-16 -1
      outer loop
         vertex -0.00345556 0.00483868 0.0145
         vertex -0.00323358 0.00133939 0.0145
         vertex -0.0062654 0.00245251 0.0145
      endloop
   endfacet
   facet normal 0 6.93889e-16 -1
      outer loop
         vertex -0.0062654 0.00245251 0.0145
         vertex -0.00323358 0.00133939 0.0145
         vertex -0.0035 -9.59894e-18 0.0145
      endloop
   endfacet
   facet normal 0 6.93889e-16 -1
      outer loop
         vertex 0.00323358 0.00133939 0.0145
         vertex 0.00623066 0.00312251 0.0145
         vertex 0.00624988 3.89473e-05 0.0145
      endloop
   endfacet
   facet normal 0 6.93889e-16 -1
      outer loop
         vertex 0.00578904 -0.00235574 0.0145
         vertex 0.00323358 -0.00133939 0.0145
         vertex 0.0035 -9.51885e-18 0.0145
      endloop
   endfacet
   facet normal 0 6.93889e-16 -1
      outer loop
         vertex -0.00345556 0.00483868 0.0145
         vertex -0.00708019 0.00342898 0.0145
         vertex -0.00742303 0.00343377 0.0145
      endloop
   endfacet
   facet normal 0 6.93889e-16 -1
      outer loop
         vertex -0.00345556 0.00483868 0.0145
         vertex -0.00649758 0.00308695 0.0145
         vertex -0.00675913 0.00330866 0.0145
      endloop
   endfacet
   facet normal 0 6.93889e-16 -1
      outer loop
         vertex -0.0035 -9.59894e-18 0.0145
         vertex -0.00624988 -3.89473e-05 0.0145
         vertex -0.0062654 0.00245251 0.0145
      endloop
   endfacet
   facet normal 0 6.93889e-16 -1
      outer loop
         vertex 0.0035 -9.51885e-18 0.0145
         vertex 0.00624988 3.89473e-05 0.0145
         vertex 0.00578904 -0.00235574 0.0145
      endloop
   endfacet
   facet normal 0 6.93889e-16 -1
      outer loop
         vertex 0.00444687 -0.00439179 0.0145
         vertex 0.00247487 -0.00247487 0.0145
         vertex 0.00323358 -0.00133939 0.0145
      endloop
   endfacet
   facet normal 0 6.93889e-16 -1
      outer loop
         vertex 0.00242771 -0.00575923 0.0145
         vertex 0.00133939 -0.00323358 0.0145
         vertex 0.00247487 -0.00247487 0.0145
      endloop
   endfacet
   facet normal 0 6.93889e-16 -1
      outer loop
         vertex 3.89473e-05 -0.00624988 0.0145
         vertex 4.28626e-19 -0.0035 0.0145
         vertex 0.00133939 -0.00323358 0.0145
      endloop
   endfacet
   facet normal 0 6.93889e-16 -1
      outer loop
         vertex -0.00235574 -0.00578904 0.0145
         vertex -0.00133939 -0.00323358 0.0145
         vertex 4.28626e-19 -0.0035 0.0145
      endloop
   endfacet
   facet normal 0 6.93889e-16 -1
      outer loop
         vertex -0.00439179 -0.00444687 0.0145
         vertex -0.00247487 -0.00247487 0.0145
         vertex -0.00133939 -0.00323358 0.0145
      endloop
   endfacet
   facet normal 0 6.93889e-16 -1
      outer loop
         vertex -0.00675913 0.00330866 0.0145
         vertex -0.00708019 0.00342898 0.0145
         vertex -0.00345556 0.00483868 0.0145
      endloop
   endfacet
   facet normal 0 6.93889e-16 -1
      outer loop
         vertex -0.0062654 0.00245251 0.0145
         vertex -0.00632629 0.00278993 0.0145
         vertex -0.00345556 0.00483868 0.0145
      endloop
   endfacet
   facet normal 0 6.93889e-16 -1
      outer loop
         vertex 0.000527273 0.00497215 0.0145
         vertex -8.57253e-19 0.0035 0.0145
         vertex -0.00133939 0.00323358 0.0145
      endloop
   endfacet
   facet normal 0 6.93889e-16 -1
      outer loop
         vertex 0.00323358 -0.00133939 0.0145
         vertex 0.00578904 -0.00235574 0.0145
         vertex 0.00444687 -0.00439179 0.0145
      endloop
   endfacet
   facet normal 0 6.93889e-16 -1
      outer loop
         vertex 0.00133939 -0.00323358 0.0145
         vertex 0.00242771 -0.00575923 0.0145
         vertex 3.89473e-05 -0.00624988 0.0145
      endloop
   endfacet
   facet normal 0 6.93889e-16 -1
      outer loop
         vertex -0.00133939 -0.00323358 0.0145
         vertex -0.00235574 -0.00578904 0.0145
         vertex -0.00439179 -0.00444687 0.0145
      endloop
   endfacet
   facet normal 0 6.93889e-16 -1
      outer loop
         vertex -0.00575923 -0.00242771 0.0145
         vertex -0.00323358 -0.00133939 0.0145
         vertex -0.00247487 -0.00247487 0.0145
      endloop
   endfacet
   facet normal 0 6.93889e-16 -1
      outer loop
         vertex -0.00624988 -3.89473e-05 0.0145
         vertex -0.0035 -9.59894e-18 0.0145
         vertex -0.00323358 -0.00133939 0.0145
      endloop
   endfacet
   facet normal 0 6.93889e-16 -1
      outer loop
         vertex -0.00632629 0.00278993 0.0145
         vertex -0.00649758 0.00308695 0.0145
         vertex -0.00345556 0.00483868 0.0145
      endloop
   endfacet
   facet normal 0 6.93889e-16 -1
      outer loop
         vertex -0.00133939 0.00323358 0.0145
         vertex -0.00345556 0.00483868 0.0145
         vertex 0.000527273 0.00497215 0.0145
      endloop
   endfacet
   facet normal 0 6.93889e-16 -1
      outer loop
         vertex 0.00702768 0.00410792 0.0145
         vertex 0.00247487 0.00247487 0.0145
         vertex 0.00133939 0.00323358 0.0145
      endloop
   endfacet
   facet normal 0 6.93889e-16 -1
      outer loop
         vertex 0.00247487 -0.00247487 0.0145
         vertex 0.00444687 -0.00439179 0.0145
         vertex 0.00242771 -0.00575923 0.0145
      endloop
   endfacet
   facet normal 0 6.93889e-16 -1
      outer loop
         vertex -0.00247487 -0.00247487 0.0145
         vertex -0.00439179 -0.00444687 0.0145
         vertex -0.00575923 -0.00242771 0.0145
      endloop
   endfacet
   facet normal 0 6.93889e-16 -1
      outer loop
         vertex -0.00742303 0.00343377 0.0145
         vertex -0.00774734 0.00332247 0.0145
         vertex -0.00345556 0.00483868 0.0145
      endloop
   endfacet
   facet normal 0 6.93889e-16 -1
      outer loop
         vertex -0.00133939 0.00323358 0.0145
         vertex -0.00247487 0.00247487 0.0145
         vertex -0.00345556 0.00483868 0.0145
      endloop
   endfacet
   facet normal 0 6.93889e-16 -1
      outer loop
         vertex 0.000527273 0.00497215 0.0145
         vertex 0.00736897 0.00411912 0.0145
         vertex 0.00702768 0.00410792 0.0145
      endloop
   endfacet
   facet normal 0 6.93889e-16 -1
      outer loop
         vertex 4.28626e-19 -0.0035 0.0145
         vertex 3.89473e-05 -0.00624988 0.0145
         vertex -0.00235574 -0.00578904 0.0145
      endloop
   endfacet
   facet normal 0 6.93889e-16 -1
      outer loop
         vertex -0.00247487 0.00247487 0.0145
         vertex -0.00323358 0.00133939 0.0145
         vertex -0.00345556 0.00483868 0.0145
      endloop
   endfacet
   facet normal 0 6.93889e-16 -1
      outer loop
         vertex 0.00133939 0.00323358 0.0145
         vertex 0.000527273 0.00497215 0.0145
         vertex 0.00702768 0.00410792 0.0145
      endloop
   endfacet
   facet normal 0 6.93889e-16 -1
      outer loop
         vertex -0.00323358 -0.00133939 0.0145
         vertex -0.00575923 -0.00242771 0.0145
         vertex -0.00624988 -3.89473e-05 0.0145
      endloop
   endfacet
   facet normal 0 6.93889e-16 -1
      outer loop
         vertex 0.00623066 0.00312251 0.0145
         vertex 0.00323358 0.00133939 0.0145
         vertex 0.00247487 0.00247487 0.0145
      endloop
   endfacet
   facet normal 0 6.93889e-16 -1
      outer loop
         vertex 0.00133939 0.00323358 0.0145
         vertex -8.57253e-19 0.0035 0.0145
         vertex 0.000527273 0.00497215 0.0145
      endloop
   endfacet
   facet normal 0.382683 -0.92388 -6.4107e-16
      outer loop
         vertex -0.00133939 0.00323358 0.0145
         vertex -8.57253e-19 0.0035 0.0145
         vertex 0 0.0035 0.0155
      endloop
   endfacet
   facet normal 0.382683 -0.92388 -6.4107e-16
      outer loop
         vertex -0.00133939 0.00323358 0.0145
         vertex -0.00133939 0.00323358 0.0155
         vertex -0.00245 0.00249149 0.0155
      endloop
   endfacet
   facet normal 0.701144 -0.713019 -4.94756e-16
      outer loop
         vertex -0.00245 0.00249149 0.0155
         vertex -0.00247487 0.00247487 0.0145
         vertex -0.00133939 0.00323358 0.0145
      endloop
   endfacet
   facet normal 0.92388 -0.382683 -2.6554e-16
      outer loop
         vertex -0.00323358 0.00133939 0.0145
         vertex -0.00247487 0.00247487 0.0145
         vertex -0.00247487 0.00247487 0.0155
      endloop
   endfacet
   facet normal 1 1.83697e-16 1.27465e-31
      outer loop
         vertex -0.0035 -9.59894e-18 0.0145
         vertex -0.00323358 0.00133939 0.0145
         vertex -0.00323358 0.00133939 0.0155
      endloop
   endfacet
   facet normal 0.92388 0.382683 2.6554e-16
      outer loop
         vertex -0.00323358 -0.00133939 0.0145
         vertex -0.0035 -9.59894e-18 0.0145
         vertex -0.0035 -1.02928e-17 0.0155
      endloop
   endfacet
   facet normal 0.707107 0.707107 4.90654e-16
      outer loop
         vertex -0.00247487 -0.00247487 0.0145
         vertex -0.00323358 -0.00133939 0.0145
         vertex -0.00323358 -0.00133939 0.0155
      endloop
   endfacet
   facet normal 0.382683 0.92388 6.4107e-16
      outer loop
         vertex -0.00133939 -0.00323358 0.0145
         vertex -0.00247487 -0.00247487 0.0145
         vertex -0.00245 -0.00249149 0.0155
      endloop
   endfacet
   facet normal 0.707107 0.707107 4.90654e-16
      outer loop
         vertex -0.00247487 -0.00247487 0.0145
         vertex -0.00247487 -0.00247487 0.0155
         vertex -0.00245 -0.00249149 0.0155
      endloop
   endfacet
   facet normal -1.22465e-16 1 6.93889e-16
      outer loop
         vertex 4.28626e-19 -0.0035 0.0145
         vertex -0.00133939 -0.00323358 0.0145
         vertex -0.00133939 -0.00323358 0.0155
      endloop
   endfacet
   facet normal -0.382683 0.92388 6.4107e-16
      outer loop
         vertex 0.00133939 -0.00323358 0.0145
         vertex 4.28626e-19 -0.0035 0.0145
         vertex 4.28626e-19 -0.0035 0.0155
      endloop
   endfacet
   facet normal -0.707107 0.707107 4.90654e-16
      outer loop
         vertex 0.00247487 -0.00247487 0.0145
         vertex 0.00133939 -0.00323358 0.0145
         vertex 0.00133939 -0.00323358 0.0155
      endloop
   endfacet
   facet normal -0.92388 0.382683 2.6554e-16
      outer loop
         vertex 0.00323358 -0.00133939 0.0145
         vertex 0.00247487 -0.00247487 0.0145
         vertex 0.00247487 -0.00247487 0.0155
      endloop
   endfacet
   facet normal -1 1.60812e-16 1.11586e-31
      outer loop
         vertex 0.0035 -9.51885e-18 0.0145
         vertex 0.00323358 -0.00133939 0.0145
         vertex 0.00323358 -0.00133939 0.0155
      endloop
   endfacet
   facet normal -0.92388 -0.382683 -2.6554e-16
      outer loop
         vertex 0.00323358 0.00133939 0.0145
         vertex 0.0035 -9.51885e-18 0.0145
         vertex 0.0035 -1.02127e-17 0.0155
      endloop
   endfacet
   facet normal -0.707107 -0.707107 -4.90654e-16
      outer loop
         vertex 0.00247487 0.00247487 0.0145
         vertex 0.00323358 0.00133939 0.0145
         vertex 0.00323358 0.00133939 0.0155
      endloop
   endfacet
   facet normal -0.382683 -0.92388 -6.4107e-16
      outer loop
         vertex 0.00133939 0.00323358 0.0145
         vertex 0.00247487 0.00247487 0.0145
         vertex 0.00247487 0.00247487 0.0155
      endloop
   endfacet
   facet normal 0 -1 -6.81499e-16
      outer loop
         vertex -8.57253e-19 0.0035 0.0145
         vertex 0.00133939 0.00323358 0.0145
         vertex 0.00133939 0.00323358 0.0155
      endloop
   endfacet
   facet normal -0.382683 -0.92388 -6.4107e-16
      outer loop
         vertex 0.00133939 0.00323358 0.0155
         vertex 0 0.0035 0.0155
         vertex -8.57253e-19 0.0035 0.0145
      endloop
   endfacet
   facet normal -0.707107 -0.707107 -4.90654e-16
      outer loop
         vertex 0.00247487 0.00247487 0.0155
         vertex 0.00133939 0.00323358 0.0155
         vertex 0.00133939 0.00323358 0.0145
      endloop
   endfacet
   facet normal -0.92388 -0.382683 -2.6554e-16
      outer loop
         vertex 0.00323358 0.00133939 0.0155
         vertex 0.00247487 0.00247487 0.0155
         vertex 0.00247487 0.00247487 0.0145
      endloop
   endfacet
   facet normal -1 1.60812e-16 1.11586e-31
      outer loop
         vertex 0.0035 -1.02127e-17 0.0155
         vertex 0.00323358 0.00133939 0.0155
         vertex 0.00323358 0.00133939 0.0145
      endloop
   endfacet
   facet normal -0.92388 0.382683 2.6554e-16
      outer loop
         vertex 0.00323358 -0.00133939 0.0155
         vertex 0.0035 -1.02127e-17 0.0155
         vertex 0.0035 -9.51885e-18 0.0145
      endloop
   endfacet
   facet normal -0.707107 0.707107 4.90654e-16
      outer loop
         vertex 0.00247487 -0.00247487 0.0155
         vertex 0.00323358 -0.00133939 0.0155
         vertex 0.00323358 -0.00133939 0.0145
      endloop
   endfacet
   facet normal -0.382683 0.92388 6.4107e-16
      outer loop
         vertex 0.00133939 -0.00323358 0.0155
         vertex 0.00247487 -0.00247487 0.0155
         vertex 0.00247487 -0.00247487 0.0145
      endloop
   endfacet
   facet normal -1.22465e-16 1 6.93889e-16
      outer loop
         vertex 4.28626e-19 -0.0035 0.0155
         vertex 0.00133939 -0.00323358 0.0155
         vertex 0.00133939 -0.00323358 0.0145
      endloop
   endfacet
   facet normal 0.382683 0.92388 6.4107e-16
      outer loop
         vertex -0.00133939 -0.00323358 0.0155
         vertex 4.28626e-19 -0.0035 0.0155
         vertex 4.28626e-19 -0.0035 0.0145
      endloop
   endfacet
   facet normal 0.701144 0.713019 4.94756e-16
      outer loop
         vertex -0.00245 -0.00249149 0.0155
         vertex -0.00133939 -0.00323358 0.0155
         vertex -0.00133939 -0.00323358 0.0145
      endloop
   endfacet
   facet normal 0.92388 0.382683 2.6554e-16
      outer loop
         vertex -0.00323358 -0.00133939 0.0155
         vertex -0.00247487 -0.00247487 0.0155
         vertex -0.00247487 -0.00247487 0.0145
      endloop
   endfacet
   facet normal 1 1.83697e-16 1.27465e-31
      outer loop
         vertex -0.0035 -1.02928e-17 0.0155
         vertex -0.00323358 -0.00133939 0.0155
         vertex -0.00323358 -0.00133939 0.0145
      endloop
   endfacet
   facet normal 0.92388 -0.382683 -2.6554e-16
      outer loop
         vertex -0.00323358 0.00133939 0.0155
         vertex -0.0035 -1.02928e-17 0.0155
         vertex -0.0035 -9.59894e-18 0.0145
      endloop
   endfacet
   facet normal 0.707107 -0.707107 -4.90654e-16
      outer loop
         vertex -0.00247487 0.00247487 0.0155
         vertex -0.00323358 0.00133939 0.0155
         vertex -0.00323358 0.00133939 0.0145
      endloop
   endfacet
   facet normal 0.701144 -0.713019 -4.94756e-16
      outer loop
         vertex -0.00245 0.00249149 0.0155
         vertex -0.00247487 0.00247487 0.0155
         vertex -0.00247487 0.00247487 0.0145
      endloop
   endfacet
   facet normal 0 -1 -6.81499e-16
      outer loop
         vertex 0 0.0035 0.0155
         vertex -0.00133939 0.00323358 0.0155
         vertex -0.00133939 0.00323358 0.0145
      endloop
   endfacet
   facet normal 0.997011 0.0772644 5.36129e-17
      outer loop
         vertex 0.0777563 -0.0252665 0.015
         vertex 0.0774113 -0.0296164 0.015
         vertex 0.077761 -0.0253342 0.0125
      endloop
   endfacet
   facet normal 0.97237 -0.233445 -1.6263e-16
      outer loop
         vertex 0.0774113 -0.0296164 0.015
         vertex 0.0777967 -0.0265438 0.00925815
         vertex 0.0777805 -0.0256465 0.0107829
      endloop
   endfacet
   facet normal 0.97237 -0.233445 -1.6263e-16
      outer loop
         vertex 0.0774113 -0.0296164 0.015
         vertex 0.0777084 -0.0279308 0.00810923
         vertex 0.0777967 -0.0265438 0.00925815
      endloop
   endfacet
   facet normal 0.97237 -0.233445 -1.6263e-16
      outer loop
         vertex 0.0774113 -0.0296164 0.015
         vertex 0.0774113 -0.0296164 0.00745066
         vertex 0.0777084 -0.0279308 0.00810923
      endloop
   endfacet
   facet normal 0.998743 0.0501153 6.19544e-17
      outer loop
         vertex 0.0777805 -0.0256465 0.0107829
         vertex 0.077761 -0.0253342 0.0125
         vertex 0.0774113 -0.0296164 0.015
      endloop
   endfacet
   facet normal 0.896119 0.443813 3.09772e-16
      outer loop
         vertex 0.0763438 -0.0201348 0.0125
         vertex 0.0763438 -0.0201348 0.015
         vertex 0.0777563 -0.0252665 0.015
      endloop
   endfacet
   facet normal 0.665706 0.746214 5.1779e-16
      outer loop
         vertex 0.073118 -0.0159012 0.015
         vertex 0.0763438 -0.0201348 0.015
         vertex 0.0732086 -0.0159827 0.0145
      endloop
   endfacet
   facet normal 0.896119 0.443813 3.09772e-16
      outer loop
         vertex 0.0763438 -0.0201348 0.0125
         vertex 0.0732086 -0.0159827 0.0125
         vertex 0.0732086 -0.0159827 0.0145
      endloop
   endfacet
   facet normal 0.672181 0.740386 5.11124e-16
      outer loop
         vertex 0.0732086 -0.0159827 0.0145
         vertex 0.0763438 -0.0201348 0.015
         vertex 0.0763438 -0.0201348 0.0125
      endloop
   endfacet
   facet normal 0.403628 0.914923 6.35033e-16
      outer loop
         vertex 0.0694489 -0.0135392 0.0145
         vertex 0.0694489 -0.0135392 0.015
         vertex 0.073118 -0.0159012 0.015
      endloop
   endfacet
   facet normal 0.665706 0.746214 5.1779e-16
      outer loop
         vertex 0.073118 -0.0159012 0.015
         vertex 0.073118 -0.0159012 0.0145
         vertex 0.0694489 -0.0135392 0.0145
      endloop
   endfacet
   facet normal 0.672181 0.740386 5.11124e-16
      outer loop
         vertex 0.0732086 -0.0159827 0.0145
         vertex 0.073118 -0.0159012 0.0145
         vertex 0.073118 -0.0159012 0.015
      endloop
   endfacet
   facet normal 0.997011 0.0772644 5.36129e-17
      outer loop
         vertex 0.0777563 -0.0252665 0.015
         vertex 0.0777563 -0.0252665 0.0125
         vertex 0.0763438 -0.0201348 0.0125
      endloop
   endfacet
   facet normal 0.997374 0.0724243 6.19544e-17
      outer loop
         vertex 0.077761 -0.0253342 0.0125
         vertex 0.0777563 -0.0252665 0.0125
         vertex 0.0777563 -0.0252665 0.015
      endloop
   endfacet
   facet normal -0.97237 0.233445 0
      outer loop
         vertex 0.0715641 -0.0164897 0.0125
         vertex 0.0715641 -0.0164897 0.0145
         vertex 0.0717006 -0.0161743 0.0145
      endloop
   endfacet
   facet normal -0.83591 0.548866 3.80853e-16
      outer loop
         vertex 0.0717006 -0.0161743 0.0125
         vertex 0.0717006 -0.0161743 0.0145
         vertex 0.0719357 -0.0159237 0.0145
      endloop
   endfacet
   facet normal -0.60072 0.79946 5.54737e-16
      outer loop
         vertex 0.0719357 -0.0159237 0.0125
         vertex 0.0719357 -0.0159237 0.0145
         vertex 0.0722419 -0.0157675 0.0145
      endloop
   endfacet
   facet normal -0.294577 0.955628 6.631e-16
      outer loop
         vertex 0.0722419 -0.0157675 0.0125
         vertex 0.0722419 -0.0157675 0.0145
         vertex 0.0725828 -0.0157242 0.0145
      endloop
   endfacet
   facet normal 0.0463586 0.998925 6.93143e-16
      outer loop
         vertex 0.0725828 -0.0157242 0.0125
         vertex 0.0725828 -0.0157242 0.0145
         vertex 0.0729183 -0.0157989 0.0145
      endloop
   endfacet
   facet normal 0.381819 0.924237 6.41318e-16
      outer loop
         vertex 0.0729183 -0.0157989 0.0125
         vertex 0.0729183 -0.0157989 0.0145
         vertex 0.0732086 -0.0159827 0.0145
      endloop
   endfacet
   facet normal 0.672181 0.740386 4.33681e-16
      outer loop
         vertex 0.0732086 -0.0159827 0.0145
         vertex 0.0732086 -0.0159827 0.0125
         vertex 0.0729183 -0.0157989 0.0125
      endloop
   endfacet
   facet normal 0.381819 0.924237 6.41318e-16
      outer loop
         vertex 0.0729183 -0.0157989 0.0145
         vertex 0.0729183 -0.0157989 0.0125
         vertex 0.0725828 -0.0157242 0.0125
      endloop
   endfacet
   facet normal 0.0463586 0.998925 6.93143e-16
      outer loop
         vertex 0.0725828 -0.0157242 0.0145
         vertex 0.0725828 -0.0157242 0.0125
         vertex 0.0722419 -0.0157675 0.0125
      endloop
   endfacet
   facet normal -0.294577 0.955628 6.631e-16
      outer loop
         vertex 0.0722419 -0.0157675 0.0145
         vertex 0.0722419 -0.0157675 0.0125
         vertex 0.0719357 -0.0159237 0.0125
      endloop
   endfacet
   facet normal -0.60072 0.79946 5.54737e-16
      outer loop
         vertex 0.0719357 -0.0159237 0.0145
         vertex 0.0719357 -0.0159237 0.0125
         vertex 0.0717006 -0.0161743 0.0125
      endloop
   endfacet
   facet normal -0.83591 0.548866 3.80853e-16
      outer loop
         vertex 0.0717006 -0.0161743 0.0145
         vertex 0.0717006 -0.0161743 0.0125
         vertex 0.0715641 -0.0164897 0.0125
      endloop
   endfacet
   facet normal -0.97237 0.233445 1.61985e-16
      outer loop
         vertex 0.0710773 -0.0185173 0.0125
         vertex 0.0710773 -0.0185173 0.0145
         vertex 0.0715641 -0.0164897 0.0145
      endloop
   endfacet
   facet normal -0.97237 0.233445 1.61985e-16
      outer loop
         vertex 0.0715641 -0.0164897 0.0145
         vertex 0.0715641 -0.0164897 0.0125
         vertex 0.0710773 -0.0185173 0.0125
      endloop
   endfacet
   facet normal 0.987688 0.156434 1.08548e-16
      outer loop
         vertex 0.0588269 -0.018036 0.0125
         vertex 0.0589227 -0.0155992 0.0125
         vertex 0.0589227 -0.0155992 0.0145
      endloop
   endfacet
   facet normal 0.85264 0.522499 3.62556e-16
      outer loop
         vertex 0.059671 -0.0203239 0.0125
         vertex 0.0588269 -0.018036 0.0125
         vertex 0.0588269 -0.018036 0.0145
      endloop
   endfacet
   facet normal 0.587785 0.809017 5.61368e-16
      outer loop
         vertex 0.0613263 -0.0221146 0.0125
         vertex 0.059671 -0.0203239 0.0125
         vertex 0.059671 -0.0203239 0.0145
      endloop
   endfacet
   facet normal 0.233445 0.97237 6.74717e-16
      outer loop
         vertex 0.063541 -0.0231356 0.0125
         vertex 0.0613263 -0.0221146 0.0125
         vertex 0.0613263 -0.0221146 0.0145
      endloop
   endfacet
   facet normal -0.156434 0.987688 6.85346e-16
      outer loop
         vertex 0.0659777 -0.0232313 0.0125
         vertex 0.063541 -0.0231356 0.0125
         vertex 0.063541 -0.0231356 0.0145
      endloop
   endfacet
   facet normal -0.522499 0.85264 5.91638e-16
      outer loop
         vertex 0.0682656 -0.0223873 0.0125
         vertex 0.0659777 -0.0232313 0.0125
         vertex 0.0659777 -0.0232313 0.0145
      endloop
   endfacet
   facet normal -0.809017 0.587785 4.07858e-16
      outer loop
         vertex 0.0700564 -0.0207319 0.0125
         vertex 0.0682656 -0.0223873 0.0125
         vertex 0.0682656 -0.0223873 0.0145
      endloop
   endfacet
   facet normal -0.97237 0.233445 1.38778e-16
      outer loop
         vertex 0.0710773 -0.0185173 0.0125
         vertex 0.0700564 -0.0207319 0.0125
         vertex 0.0700564 -0.0207319 0.0145
      endloop
   endfacet
   facet normal -0.809017 0.587785 4.07858e-16
      outer loop
         vertex 0.0700564 -0.0207319 0.0145
         vertex 0.0710773 -0.0185173 0.0145
         vertex 0.0710773 -0.0185173 0.0125
      endloop
   endfacet
   facet normal -0.522499 0.85264 5.91638e-16
      outer loop
         vertex 0.0682656 -0.0223873 0.0145
         vertex 0.0700564 -0.0207319 0.0145
         vertex 0.0700564 -0.0207319 0.0125
      endloop
   endfacet
   facet normal -0.156434 0.987688 6.85346e-16
      outer loop
         vertex 0.0659777 -0.0232313 0.0145
         vertex 0.0682656 -0.0223873 0.0145
         vertex 0.0682656 -0.0223873 0.0125
      endloop
   endfacet
   facet normal 0.233445 0.97237 6.74717e-16
      outer loop
         vertex 0.063541 -0.0231356 0.0145
         vertex 0.0659777 -0.0232313 0.0145
         vertex 0.0659777 -0.0232313 0.0125
      endloop
   endfacet
   facet normal 0.587785 0.809017 5.61368e-16
      outer loop
         vertex 0.0613263 -0.0221146 0.0145
         vertex 0.063541 -0.0231356 0.0145
         vertex 0.063541 -0.0231356 0.0125
      endloop
   endfacet
   facet normal 0.85264 0.522499 3.62556e-16
      outer loop
         vertex 0.059671 -0.0203239 0.0145
         vertex 0.0613263 -0.0221146 0.0145
         vertex 0.0613263 -0.0221146 0.0125
      endloop
   endfacet
   facet normal 0.987688 0.156434 1.08548e-16
      outer loop
         vertex 0.0588269 -0.018036 0.0145
         vertex 0.059671 -0.0203239 0.0145
         vertex 0.059671 -0.0203239 0.0125
      endloop
   endfacet
   facet normal 0.97237 -0.233445 -1.38778e-16
      outer loop
         vertex 0.0589227 -0.0155992 0.0145
         vertex 0.0588269 -0.018036 0.0145
         vertex 0.0588269 -0.018036 0.0125
      endloop
   endfacet
   facet normal 0.97237 -0.233445 -1.61985e-16
      outer loop
         vertex 0.0589227 -0.0155992 0.0145
         vertex 0.0589227 -0.0155992 0.0125
         vertex 0.0601248 -0.0105922 0.0125
      endloop
   endfacet
   facet normal 0.97237 -0.233445 -1.61985e-16
      outer loop
         vertex 0.0601248 -0.0105922 0.0125
         vertex 0.0601248 -0.0105922 0.0145
         vertex 0.0589227 -0.0155992 0.0145
      endloop
   endfacet
   facet normal 0.361169 0.9325 4.33681e-16
      outer loop
         vertex 0.0595136 -0.0094262 0.0125
         vertex 0.0595136 -0.0094262 0.0145
         vertex 0.0598183 -0.00961269 0.0145
      endloop
   endfacet
   facet normal 0.665934 0.746011 5.17649e-16
      outer loop
         vertex 0.0598183 -0.00961269 0.0125
         vertex 0.0598183 -0.00961269 0.0145
         vertex 0.0600381 -0.00989442 0.0145
      endloop
   endfacet
   facet normal 0.885686 0.464286 3.22163e-16
      outer loop
         vertex 0.0600381 -0.00989442 0.0125
         vertex 0.0600381 -0.00989442 0.0145
         vertex 0.0601448 -0.0102354 0.0145
      endloop
   endfacet
   facet normal 0.992371 0.12329 8.55494e-17
      outer loop
         vertex 0.0601448 -0.0102354 0.0125
         vertex 0.0601448 -0.0102354 0.0145
         vertex 0.0601248 -0.0105922 0.0145
      endloop
   endfacet
   facet normal 0.97237 -0.233445 -2.1684e-16
      outer loop
         vertex 0.0601248 -0.0105922 0.0145
         vertex 0.0601248 -0.0105922 0.0125
         vertex 0.0601448 -0.0102354 0.0125
      endloop
   endfacet
   facet normal 0.992371 0.12329 8.55494e-17
      outer loop
         vertex 0.0601448 -0.0102354 0.0145
         vertex 0.0601448 -0.0102354 0.0125
         vertex 0.0600381 -0.00989442 0.0125
      endloop
   endfacet
   facet normal 0.885686 0.464286 3.22163e-16
      outer loop
         vertex 0.0600381 -0.00989442 0.0145
         vertex 0.0600381 -0.00989442 0.0125
         vertex 0.0598183 -0.00961269 0.0125
      endloop
   endfacet
   facet normal 0.665934 0.746011 5.17649e-16
      outer loop
         vertex 0.0598183 -0.00961269 0.0145
         vertex 0.0598183 -0.00961269 0.0125
         vertex 0.0595136 -0.0094262 0.0125
      endloop
   endfacet
   facet normal 0 6.93889e-16 -1
      outer loop
         vertex 0.0659777 -0.0232313 0.0145
         vertex 0.065 -0.0205583 0.0145
         vertex 0.0663394 -0.0202918 0.0145
      endloop
   endfacet
   facet normal 0 6.93889e-16 -1
      outer loop
         vertex 0.063541 -0.0231356 0.0145
         vertex 0.0636606 -0.0202918 0.0145
         vertex 0.065 -0.0205583 0.0145
      endloop
   endfacet
   facet normal 0 6.93889e-16 -1
      outer loop
         vertex 0.0682656 -0.0223873 0.0145
         vertex 0.0663394 -0.0202918 0.0145
         vertex 0.0674749 -0.0195331 0.0145
      endloop
   endfacet
   facet normal 0 6.93889e-16 -1
      outer loop
         vertex 0.065 -0.0205583 0.0145
         vertex 0.0659777 -0.0232313 0.0145
         vertex 0.063541 -0.0231356 0.0145
      endloop
   endfacet
   facet normal 0 6.93889e-16 -1
      outer loop
         vertex 0.0636606 -0.0138247 0.0145
         vertex 0.0625251 -0.0145834 0.0145
         vertex 0.0601248 -0.0105922 0.0145
      endloop
   endfacet
   facet normal 0 6.93889e-16 -1
      outer loop
         vertex 0.0694489 -0.0135392 0.0145
         vertex 0.0725828 -0.0157242 0.0145
         vertex 0.0682336 -0.0157189 0.0145
      endloop
   endfacet
   facet normal 0 6.93889e-16 -1
      outer loop
         vertex 0.0682336 -0.0157189 0.0145
         vertex 0.0717006 -0.0161743 0.0145
         vertex 0.0715641 -0.0164897 0.0145
      endloop
   endfacet
   facet normal 0 6.93889e-16 -1
      outer loop
         vertex 0.0710773 -0.0185173 0.0145
         vertex 0.0682336 -0.0183976 0.0145
         vertex 0.0685 -0.0170583 0.0145
      endloop
   endfacet
   facet normal 0 6.93889e-16 -1
      outer loop
         vertex 0.0700564 -0.0207319 0.0145
         vertex 0.0674749 -0.0195331 0.0145
         vertex 0.0682336 -0.0183976 0.0145
      endloop
   endfacet
   facet normal 0 6.93889e-16 -1
      outer loop
         vertex 0.0663394 -0.0202918 0.0145
         vertex 0.0682656 -0.0223873 0.0145
         vertex 0.0659777 -0.0232313 0.0145
      endloop
   endfacet
   facet normal 0 6.93889e-16 -1
      outer loop
         vertex 0.0613263 -0.0221146 0.0145
         vertex 0.0625251 -0.0195331 0.0145
         vertex 0.0636606 -0.0202918 0.0145
      endloop
   endfacet
   facet normal 0 6.93889e-16 -1
      outer loop
         vertex 0.0601248 -0.0105922 0.0145
         vertex 0.0601448 -0.0102354 0.0145
         vertex 0.0636606 -0.0138247 0.0145
      endloop
   endfacet
   facet normal 0 6.93889e-16 -1
      outer loop
         vertex 0.0598183 -0.00961269 0.0145
         vertex 0.0694489 -0.0135392 0.0145
         vertex 0.0663394 -0.0138247 0.0145
      endloop
   endfacet
   facet normal 0 6.93889e-16 -1
      outer loop
         vertex 0.0694489 -0.0135392 0.0145
         vertex 0.0729183 -0.0157989 0.0145
         vertex 0.0725828 -0.0157242 0.0145
      endloop
   endfacet
   facet normal 0 6.93889e-16 -1
      outer loop
         vertex 0.073118 -0.0159012 0.0145
         vertex 0.0732086 -0.0159827 0.0145
         vertex 0.0729183 -0.0157989 0.0145
      endloop
   endfacet
   facet normal 0 6.93889e-16 -1
      outer loop
         vertex 0.0682336 -0.0157189 0.0145
         vertex 0.0719357 -0.0159237 0.0145
         vertex 0.0717006 -0.0161743 0.0145
      endloop
   endfacet
   facet normal 0 6.93889e-16 -1
      outer loop
         vertex 0.0682336 -0.0157189 0.0145
         vertex 0.0725828 -0.0157242 0.0145
         vertex 0.0722419 -0.0157675 0.0145
      endloop
   endfacet
   facet normal 0 6.93889e-16 -1
      outer loop
         vertex 0.0682336 -0.0183976 0.0145
         vertex 0.0710773 -0.0185173 0.0145
         vertex 0.0700564 -0.0207319 0.0145
      endloop
   endfacet
   facet normal 0 6.93889e-16 -1
      outer loop
         vertex 0.0636606 -0.0202918 0.0145
         vertex 0.063541 -0.0231356 0.0145
         vertex 0.0613263 -0.0221146 0.0145
      endloop
   endfacet
   facet normal 0 6.93889e-16 -1
      outer loop
         vertex 0.059671 -0.0203239 0.0145
         vertex 0.0617664 -0.0183976 0.0145
         vertex 0.0625251 -0.0195331 0.0145
      endloop
   endfacet
   facet normal 0 6.93889e-16 -1
      outer loop
         vertex 0.0588269 -0.018036 0.0145
         vertex 0.0615 -0.0170583 0.0145
         vertex 0.0617664 -0.0183976 0.0145
      endloop
   endfacet
   facet normal 0 6.93889e-16 -1
      outer loop
         vertex 0.0589227 -0.0155992 0.0145
         vertex 0.0617664 -0.0157189 0.0145
         vertex 0.0615 -0.0170583 0.0145
      endloop
   endfacet
   facet normal 0 6.93889e-16 -1
      outer loop
         vertex 0.0601248 -0.0105922 0.0145
         vertex 0.0625251 -0.0145834 0.0145
         vertex 0.0617664 -0.0157189 0.0145
      endloop
   endfacet
   facet normal 0 6.93889e-16 -1
      outer loop
         vertex 0.0601448 -0.0102354 0.0145
         vertex 0.0600381 -0.00989442 0.0145
         vertex 0.0636606 -0.0138247 0.0145
      endloop
   endfacet
   facet normal 0 6.93889e-16 -1
      outer loop
         vertex 0.0663394 -0.0138247 0.0145
         vertex 0.065 -0.0135583 0.0145
         vertex 0.0598183 -0.00961269 0.0145
      endloop
   endfacet
   facet normal 0 6.93889e-16 -1
      outer loop
         vertex 0.0729183 -0.0157989 0.0145
         vertex 0.0694489 -0.0135392 0.0145
         vertex 0.073118 -0.0159012 0.0145
      endloop
   endfacet
   facet normal 0 6.93889e-16 -1
      outer loop
         vertex 0.0722419 -0.0157675 0.0145
         vertex 0.0719357 -0.0159237 0.0145
         vertex 0.0682336 -0.0157189 0.0145
      endloop
   endfacet
   facet normal 0 6.93889e-16 -1
      outer loop
         vertex 0.0674749 -0.0195331 0.0145
         vertex 0.0700564 -0.0207319 0.0145
         vertex 0.0682656 -0.0223873 0.0145
      endloop
   endfacet
   facet normal 0 6.93889e-16 -1
      outer loop
         vertex 0.0617664 -0.0183976 0.0145
         vertex 0.059671 -0.0203239 0.0145
         vertex 0.0588269 -0.018036 0.0145
      endloop
   endfacet
   facet normal 0 6.93889e-16 -1
      outer loop
         vertex 0.0617664 -0.0157189 0.0145
         vertex 0.0589227 -0.0155992 0.0145
         vertex 0.0601248 -0.0105922 0.0145
      endloop
   endfacet
   facet normal 0 6.93889e-16 -1
      outer loop
         vertex 0.0598183 -0.00961269 0.0145
         vertex 0.065 -0.0135583 0.0145
         vertex 0.0636606 -0.0138247 0.0145
      endloop
   endfacet
   facet normal 0 6.93889e-16 -1
      outer loop
         vertex 0.0694489 -0.0135392 0.0145
         vertex 0.0674749 -0.0145834 0.0145
         vertex 0.0663394 -0.0138247 0.0145
      endloop
   endfacet
   facet normal 0 6.93889e-16 -1
      outer loop
         vertex 0.0715641 -0.0164897 0.0145
         vertex 0.0685 -0.0170583 0.0145
         vertex 0.0682336 -0.0157189 0.0145
      endloop
   endfacet
   facet normal 0 6.93889e-16 -1
      outer loop
         vertex 0.0625251 -0.0195331 0.0145
         vertex 0.0613263 -0.0221146 0.0145
         vertex 0.059671 -0.0203239 0.0145
      endloop
   endfacet
   facet normal 0 6.93889e-16 -1
      outer loop
         vertex 0.0600381 -0.00989442 0.0145
         vertex 0.0598183 -0.00961269 0.0145
         vertex 0.0636606 -0.0138247 0.0145
      endloop
   endfacet
   facet normal 0 6.93889e-16 -1
      outer loop
         vertex 0.0682336 -0.0157189 0.0145
         vertex 0.0674749 -0.0145834 0.0145
         vertex 0.0694489 -0.0135392 0.0145
      endloop
   endfacet
   facet normal 0 6.93889e-16 -1
      outer loop
         vertex 0.0615 -0.0170583 0.0145
         vertex 0.0588269 -0.018036 0.0145
         vertex 0.0589227 -0.0155992 0.0145
      endloop
   endfacet
   facet normal 0 6.93889e-16 -1
      outer loop
         vertex 0.0685 -0.0170583 0.0145
         vertex 0.0715641 -0.0164897 0.0145
         vertex 0.0710773 -0.0185173 0.0145
      endloop
   endfacet
   facet normal 0 6.93889e-16 -1
      outer loop
         vertex 0.0598183 -0.00961269 0.0145
         vertex 0.0595136 -0.0094262 0.0145
         vertex 0.0694489 -0.0135392 0.0145
      endloop
   endfacet
   facet normal 0.382683 -0.92388 -6.4107e-16
      outer loop
         vertex 0.0636606 -0.0138247 0.0145
         vertex 0.065 -0.0135583 0.0145
         vertex 0.0646501 -0.0136279 0.0155
      endloop
   endfacet
   facet normal 0 -1 -6.81499e-16
      outer loop
         vertex 0.065 -0.0135583 0.0145
         vertex 0.065 -0.0135583 0.0155
         vertex 0.0646501 -0.0136279 0.0155
      endloop
   endfacet
   facet normal 0.707107 -0.707107 -4.90654e-16
      outer loop
         vertex 0.0625251 -0.0145834 0.0145
         vertex 0.0636606 -0.0138247 0.0145
         vertex 0.0635627 -0.0138901 0.0155
      endloop
   endfacet
   facet normal 0.382683 -0.92388 -6.4107e-16
      outer loop
         vertex 0.0636606 -0.0138247 0.0145
         vertex 0.0636606 -0.0138247 0.0155
         vertex 0.0635627 -0.0138901 0.0155
      endloop
   endfacet
   facet normal 0.92388 -0.382683 -2.6554e-16
      outer loop
         vertex 0.0617664 -0.0157189 0.0145
         vertex 0.0625251 -0.0145834 0.0145
         vertex 0.0625251 -0.0145834 0.0155
      endloop
   endfacet
   facet normal 0.92388 -0.382683 -2.6554e-16
      outer loop
         vertex 0.0617664 -0.0157189 0.0145
         vertex 0.0617664 -0.0157189 0.0155
         vertex 0.0615395 -0.0168597 0.0155
      endloop
   endfacet
   facet normal 0.998358 -0.0572808 -3.97466e-17
      outer loop
         vertex 0.0615395 -0.0168597 0.0155
         vertex 0.0615 -0.0170583 0.0145
         vertex 0.0617664 -0.0157189 0.0145
      endloop
   endfacet
   facet normal 0.92388 0.382683 2.6554e-16
      outer loop
         vertex 0.0617664 -0.0183976 0.0145
         vertex 0.0615 -0.0170583 0.0145
         vertex 0.0615 -0.0170583 0.0155
      endloop
   endfacet
   facet normal 0.707107 0.707107 4.90654e-16
      outer loop
         vertex 0.0625251 -0.0195331 0.0145
         vertex 0.0617664 -0.0183976 0.0145
         vertex 0.0617664 -0.0183976 0.0155
      endloop
   endfacet
   facet normal 0.382683 0.92388 6.4107e-16
      outer loop
         vertex 0.0636606 -0.0202918 0.0145
         vertex 0.0625251 -0.0195331 0.0145
         vertex 0.0625251 -0.0195331 0.0155
      endloop
   endfacet
   facet normal 0.382683 0.92388 6.4107e-16
      outer loop
         vertex 0.0636606 -0.0202918 0.0145
         vertex 0.0636606 -0.0202918 0.0155
         vertex 0.0646501 -0.0204886 0.0155
      endloop
   endfacet
   facet normal 0.101488 0.994837 6.90307e-16
      outer loop
         vertex 0.0646501 -0.0204886 0.0155
         vertex 0.065 -0.0205583 0.0145
         vertex 0.0636606 -0.0202918 0.0145
      endloop
   endfacet
   facet normal -0.382683 0.92388 6.4107e-16
      outer loop
         vertex 0.0663394 -0.0202918 0.0145
         vertex 0.065 -0.0205583 0.0145
         vertex 0.065 -0.0205583 0.0155
      endloop
   endfacet
   facet normal -0.707107 0.707107 4.90654e-16
      outer loop
         vertex 0.0674749 -0.0195331 0.0145
         vertex 0.0663394 -0.0202918 0.0145
         vertex 0.0663394 -0.0202918 0.0155
      endloop
   endfacet
   facet normal -0.92388 0.382683 2.6554e-16
      outer loop
         vertex 0.0682336 -0.0183976 0.0145
         vertex 0.0674749 -0.0195331 0.0145
         vertex 0.0674749 -0.0195331 0.0155
      endloop
   endfacet
   facet normal -1 -6.12323e-17 -4.24885e-32
      outer loop
         vertex 0.0685 -0.0170583 0.0145
         vertex 0.0682336 -0.0183976 0.0145
         vertex 0.0682336 -0.0183976 0.0155
      endloop
   endfacet
   facet normal -0.92388 -0.382683 -2.6554e-16
      outer loop
         vertex 0.0682336 -0.0157189 0.0145
         vertex 0.0685 -0.0170583 0.0145
         vertex 0.0684605 -0.0168597 0.0155
      endloop
   endfacet
   facet normal -1 -6.12323e-17 -4.24885e-32
      outer loop
         vertex 0.0685 -0.0170583 0.0145
         vertex 0.0685 -0.0170583 0.0155
         vertex 0.0684605 -0.0168597 0.0155
      endloop
   endfacet
   facet normal -0.707107 -0.707107 -4.90654e-16
      outer loop
         vertex 0.0674749 -0.0145834 0.0145
         vertex 0.0682336 -0.0157189 0.0145
         vertex 0.0682336 -0.0157189 0.0155
      endloop
   endfacet
   facet normal -0.707107 -0.707107 -4.90654e-16
      outer loop
         vertex 0.0674749 -0.0145834 0.0145
         vertex 0.0674749 -0.0145834 0.0155
         vertex 0.0664373 -0.0138901 0.0155
      endloop
   endfacet
   facet normal -0.413146 -0.910665 -6.31901e-16
      outer loop
         vertex 0.0664373 -0.0138901 0.0155
         vertex 0.0663394 -0.0138247 0.0145
         vertex 0.0674749 -0.0145834 0.0145
      endloop
   endfacet
   facet normal 0 -1 -6.81499e-16
      outer loop
         vertex 0.065 -0.0135583 0.0145
         vertex 0.0663394 -0.0138247 0.0145
         vertex 0.0663394 -0.0138247 0.0155
      endloop
   endfacet
   facet normal -0.382683 -0.92388 -6.4107e-16
      outer loop
         vertex 0.0663394 -0.0138247 0.0155
         vertex 0.065 -0.0135583 0.0155
         vertex 0.065 -0.0135583 0.0145
      endloop
   endfacet
   facet normal -0.413146 -0.910665 -6.31901e-16
      outer loop
         vertex 0.0664373 -0.0138901 0.0155
         vertex 0.0663394 -0.0138247 0.0155
         vertex 0.0663394 -0.0138247 0.0145
      endloop
   endfacet
   facet normal -0.92388 -0.382683 -2.6554e-16
      outer loop
         vertex 0.0682336 -0.0157189 0.0155
         vertex 0.0674749 -0.0145834 0.0155
         vertex 0.0674749 -0.0145834 0.0145
      endloop
   endfacet
   facet normal -0.998358 -0.0572808 -3.97466e-17
      outer loop
         vertex 0.0684605 -0.0168597 0.0155
         vertex 0.0682336 -0.0157189 0.0155
         vertex 0.0682336 -0.0157189 0.0145
      endloop
   endfacet
   facet normal -0.92388 0.382683 2.6554e-16
      outer loop
         vertex 0.0682336 -0.0183976 0.0155
         vertex 0.0685 -0.0170583 0.0155
         vertex 0.0685 -0.0170583 0.0145
      endloop
   endfacet
   facet normal -0.707107 0.707107 4.90654e-16
      outer loop
         vertex 0.0674749 -0.0195331 0.0155
         vertex 0.0682336 -0.0183976 0.0155
         vertex 0.0682336 -0.0183976 0.0145
      endloop
   endfacet
   facet normal -0.382683 0.92388 6.4107e-16
      outer loop
         vertex 0.0663394 -0.0202918 0.0155
         vertex 0.0674749 -0.0195331 0.0155
         vertex 0.0674749 -0.0195331 0.0145
      endloop
   endfacet
   facet normal -1.22465e-16 1 6.93889e-16
      outer loop
         vertex 0.065 -0.0205583 0.0155
         vertex 0.0663394 -0.0202918 0.0155
         vertex 0.0663394 -0.0202918 0.0145
      endloop
   endfacet
   facet normal 0.101488 0.994837 6.90307e-16
      outer loop
         vertex 0.0646501 -0.0204886 0.0155
         vertex 0.065 -0.0205583 0.0155
         vertex 0.065 -0.0205583 0.0145
      endloop
   endfacet
   facet normal 0.707107 0.707107 4.90654e-16
      outer loop
         vertex 0.0625251 -0.0195331 0.0155
         vertex 0.0636606 -0.0202918 0.0155
         vertex 0.0636606 -0.0202918 0.0145
      endloop
   endfacet
   facet normal 0.92388 0.382683 2.6554e-16
      outer loop
         vertex 0.0617664 -0.0183976 0.0155
         vertex 0.0625251 -0.0195331 0.0155
         vertex 0.0625251 -0.0195331 0.0145
      endloop
   endfacet
   facet normal 1 1.83697e-16 1.27465e-31
      outer loop
         vertex 0.0615 -0.0170583 0.0155
         vertex 0.0617664 -0.0183976 0.0155
         vertex 0.0617664 -0.0183976 0.0145
      endloop
   endfacet
   facet normal 0.998358 -0.0572808 -3.97466e-17
      outer loop
         vertex 0.0615395 -0.0168597 0.0155
         vertex 0.0615 -0.0170583 0.0155
         vertex 0.0615 -0.0170583 0.0145
      endloop
   endfacet
   facet normal 0.707107 -0.707107 -4.90654e-16
      outer loop
         vertex 0.0625251 -0.0145834 0.0155
         vertex 0.0617664 -0.0157189 0.0155
         vertex 0.0617664 -0.0157189 0.0145
      endloop
   endfacet
   facet normal 0.413146 -0.910665 -6.31901e-16
      outer loop
         vertex 0.0635627 -0.0138901 0.0155
         vertex 0.0625251 -0.0145834 0.0155
         vertex 0.0625251 -0.0145834 0.0145
      endloop
   endfacet
   facet normal 0.101488 -0.994837 -6.90307e-16
      outer loop
         vertex 0.0646501 -0.0136279 0.0155
         vertex 0.0636606 -0.0138247 0.0155
         vertex 0.0636606 -0.0138247 0.0145
      endloop
   endfacet
   facet normal 0.781195 0.370892 -0.502169
      outer loop
         vertex 0.0516419 -0.0145385 0.00107771
         vertex 0.0511353 -0.0174984 -0.000895199
         vertex 0.0504701 -0.0158034 -0.000944249
      endloop
   endfacet
   facet normal 0.726117 0.152059 -0.670546
      outer loop
         vertex 0.0511353 -0.0174984 -0.000895199
         vertex 0.0502472 -0.0169965 -0.00174404
         vertex 0.0504701 -0.0158034 -0.000944249
      endloop
   endfacet
   facet normal 0.658707 -0.114356 -0.743658
      outer loop
         vertex 0.0505419 -0.0209657 -0.0015825
         vertex 0.0495365 -0.0207937 -0.0025
         vertex 0.0499887 -0.0183775 -0.00201899
      endloop
   endfacet
   facet normal 0.701449 0.0520419 -0.710817
      outer loop
         vertex 0.0499887 -0.0183775 -0.00201899
         vertex 0.0511353 -0.0174984 -0.000895199
         vertex 0.0505419 -0.0209657 -0.0015825
      endloop
   endfacet
   facet normal 0.701449 0.0520419 -0.710817
      outer loop
         vertex 0.0499887 -0.0183775 -0.00201899
         vertex 0.0502472 -0.0169965 -0.00174404
         vertex 0.0511353 -0.0174984 -0.000895199
      endloop
   endfacet
   facet normal 0.746859 0.231863 -0.623251
      outer loop
         vertex 0.0504701 -0.0158034 -0.000944249
         vertex 0.0508528 -0.0137549 0.000428932
         vertex 0.0516419 -0.0145385 0.00107771
      endloop
   endfacet
   facet normal 0.985669 -0.168689 -1.17051e-16
      outer loop
         vertex 0.04827 -0.0342409 0.0125
         vertex 0.0505419 -0.0209657 -0.0015825
         vertex 0.0511353 -0.0174984 -0.000895199
      endloop
   endfacet
   facet normal 0.985669 -0.168689 -1.17051e-16
      outer loop
         vertex 0.04827 -0.0342409 0.0125
         vertex 0.0523508 -0.0103962 0.00521984
         vertex 0.0526858 -0.00843856 0.00814358
      endloop
   endfacet
   facet normal 0.985669 -0.168689 -1.17051e-16
      outer loop
         vertex 0.0511353 -0.0174984 -0.000895199
         vertex 0.0516419 -0.0145385 0.00107771
         vertex 0.04827 -0.0342409 0.0125
      endloop
   endfacet
   facet normal 0.985669 -0.168689 -1.17051e-16
      outer loop
         vertex 0.04827 -0.0342409 0.0125
         vertex 0.0526863 -0.00843583 0.00815629
         vertex 0.0528054 -0.00773963 0.0113947
      endloop
   endfacet
   facet normal 0.985669 -0.168689 -1.17051e-16
      outer loop
         vertex 0.0516419 -0.0145385 0.00107771
         vertex 0.0523508 -0.0103962 0.00521984
         vertex 0.04827 -0.0342409 0.0125
      endloop
   endfacet
   facet normal 0.985669 -0.168689 -1.17051e-16
      outer loop
         vertex 0.0528054 -0.00773963 0.0113947
         vertex 0.0528059 -0.00773704 0.0116421
         vertex 0.04827 -0.0342409 0.0125
      endloop
   endfacet
   facet normal 0.985669 -0.168689 -1.17051e-16
      outer loop
         vertex 0.04827 -0.0342409 0.0125
         vertex 0.04827 -0.0342409 -0.0015825
         vertex 0.0505419 -0.0209657 -0.0015825
      endloop
   endfacet
   facet normal 0.985669 -0.168689 -1.17051e-16
      outer loop
         vertex 0.0526858 -0.00843856 0.00814358
         vertex 0.0526863 -0.00843583 0.00815629
         vertex 0.04827 -0.0342409 0.0125
      endloop
   endfacet
   facet normal 0.985669 -0.168689 -1.17051e-16
      outer loop
         vertex 0.0528059 -0.00773704 0.0116421
         vertex 0.0528059 -0.00773704 0.0125
         vertex 0.04827 -0.0342409 0.0125
      endloop
   endfacet
   facet normal 0.827852 0.560946 3.89234e-16
      outer loop
         vertex 0.0521023 -0.00669861 0.0125
         vertex 0.0528059 -0.00773704 0.0125
         vertex 0.0528059 -0.00773704 0.0116421
      endloop
   endfacet
   facet normal 0.827852 0.560946 3.89234e-16
      outer loop
         vertex 0.0528059 -0.00773704 0.0116421
         vertex 0.0521023 -0.00669861 0.0116421
         vertex 0.0521023 -0.00669861 0.0125
      endloop
   endfacet
   facet normal 0.780706 0.370058 -0.503542
      outer loop
         vertex 0.0523508 -0.0103962 0.00521984
         vertex 0.0516419 -0.0145385 0.00107771
         vertex 0.0508528 -0.0137549 0.000428932
      endloop
   endfacet
   facet normal 0.780706 0.370058 -0.503542
      outer loop
         vertex 0.0508528 -0.0137549 0.000428932
         vertex 0.0515602 -0.00961208 0.00457107
         vertex 0.0523508 -0.0103962 0.00521984
      endloop
   endfacet
   facet normal 0.236356 0.666435 -0.707107
      outer loop
         vertex 0.0508528 -0.0137549 0.000428932
         vertex 0.0504701 -0.0158034 -0.000944249
         vertex 0.0464522 -0.0144011 -0.000942762
      endloop
   endfacet
   facet normal 0.162515 0.484983 -0.859291
      outer loop
         vertex 0.0464522 -0.0144011 -0.000942762
         vertex 0.0467248 -0.0129144 -8.05782e-05
         vertex 0.0508528 -0.0137549 0.000428932
      endloop
   endfacet
   facet normal 0.128314 0.359183 -0.924404
      outer loop
         vertex 0.0502472 -0.0169965 -0.00174404
         vertex 0.0499887 -0.0183775 -0.00201899
         vertex 0.0459814 -0.0169668 -0.00208678
      endloop
   endfacet
   facet normal 0.171319 0.480855 -0.8599
      outer loop
         vertex 0.0504701 -0.0158034 -0.000944249
         vertex 0.0502472 -0.0169965 -0.00174404
         vertex 0.0462238 -0.015647 -0.00166529
      endloop
   endfacet
   facet normal 0.128314 0.359183 -0.924404
      outer loop
         vertex 0.0502472 -0.0169965 -0.00174404
         vertex 0.0461357 -0.0161275 -0.00194395
         vertex 0.0462238 -0.015647 -0.00166529
      endloop
   endfacet
   facet normal 0.121203 0.360737 -0.924759
      outer loop
         vertex 0.0462238 -0.015647 -0.00166529
         vertex 0.0464522 -0.0144011 -0.000942762
         vertex 0.0504701 -0.0158034 -0.000944249
      endloop
   endfacet
   facet normal 0.0833378 0.232552 -0.969007
      outer loop
         vertex 0.0499887 -0.0183775 -0.00201899
         vertex 0.0495365 -0.0207937 -0.0025
         vertex 0.0455351 -0.0193952 -0.0025
      endloop
   endfacet
   facet normal 1.11022e-14 3.33067e-14 -1
      outer loop
         vertex 0.0455351 -0.0193952 -0.0025
         vertex 0.0459814 -0.0169668 -0.00208678
         vertex 0.0499887 -0.0183775 -0.00201899
      endloop
   endfacet
   facet normal 0.0788613 0.234051 -0.969021
      outer loop
         vertex 0.0459814 -0.0169668 -0.00208678
         vertex 0.0461357 -0.0161275 -0.00194395
         vertex 0.0502472 -0.0169965 -0.00174404
      endloop
   endfacet
   facet normal 0.206635 0.618587 -0.758058
      outer loop
         vertex 0.0467248 -0.0129144 -8.05782e-05
         vertex 0.0468244 -0.0123687 0.000428932
         vertex 0.0508528 -0.0137549 0.000428932
      endloop
   endfacet
   facet normal 0.827822 0.560713 -0.0176432
      outer loop
         vertex 0.0528054 -0.00773963 0.0113947
         vertex 0.0526863 -0.00843583 0.00815629
         vertex 0.0520152 -0.00716861 0.00921263
      endloop
   endfacet
   facet normal 0.815536 0.511496 -0.270689
      outer loop
         vertex 0.0526863 -0.00843583 0.00815629
         vertex 0.0519582 -0.00747588 0.00781291
         vertex 0.051968 -0.00742354 0.00789485
      endloop
   endfacet
   facet normal 0.815917 0.512645 -0.267348
      outer loop
         vertex 0.051968 -0.00742354 0.00789485
         vertex 0.0520152 -0.00716861 0.00921263
         vertex 0.0526863 -0.00843583 0.00815629
      endloop
   endfacet
   facet normal 0.82785 0.560945 0.00221412
      outer loop
         vertex 0.0521023 -0.00669861 0.0116421
         vertex 0.0528059 -0.00773704 0.0116421
         vertex 0.0528054 -0.00773963 0.0113947
      endloop
   endfacet
   facet normal 0.780173 0.368945 -0.505183
      outer loop
         vertex 0.0523508 -0.0103962 0.00521984
         vertex 0.0515957 -0.00941905 0.00477042
         vertex 0.0518161 -0.00823778 0.00661996
      endloop
   endfacet
   facet normal 0.780173 0.368945 -0.505183
      outer loop
         vertex 0.0523508 -0.0103962 0.00521984
         vertex 0.0515602 -0.00961208 0.00457107
         vertex 0.0515957 -0.00941905 0.00477042
      endloop
   endfacet
   facet normal 0.804973 0.468373 -0.364204
      outer loop
         vertex 0.0518161 -0.00823778 0.00661996
         vertex 0.0526858 -0.00843856 0.00814358
         vertex 0.0523508 -0.0103962 0.00521984
      endloop
   endfacet
   facet normal 0.815306 0.510179 -0.273849
      outer loop
         vertex 0.0519582 -0.00747588 0.00781291
         vertex 0.0526863 -0.00843583 0.00815629
         vertex 0.0526858 -0.00843856 0.00814358
      endloop
   endfacet
   facet normal 0.804973 0.468373 -0.364204
      outer loop
         vertex 0.0518161 -0.00823778 0.00661996
         vertex 0.0519582 -0.00747588 0.00781291
         vertex 0.0526858 -0.00843856 0.00814358
      endloop
   endfacet
   facet normal 0.82277 0.540223 -0.176657
      outer loop
         vertex 0.0520152 -0.00716861 0.00921263
         vertex 0.0521023 -0.00669861 0.0116421
         vertex 0.0528054 -0.00773963 0.0113947
      endloop
   endfacet
   facet normal 0.234284 0.667166 -0.707107
      outer loop
         vertex 0.0515602 -0.00961208 0.00457107
         vertex 0.0508528 -0.0137549 0.000428932
         vertex 0.0468244 -0.0123687 0.000428932
      endloop
   endfacet
   facet normal 0.223804 0.670755 -0.707107
      outer loop
         vertex 0.0468244 -0.0123687 0.000428932
         vertex 0.0475301 -0.00823843 0.00457107
         vertex 0.0515602 -0.00961208 0.00457107
      endloop
   endfacet
   facet normal 0.319565 0.914781 -0.24709
      outer loop
         vertex 0.0520152 -0.00716861 0.00921263
         vertex 0.0479769 -0.00579683 0.00921923
         vertex 0.0480596 -0.005342 0.0111458
      endloop
   endfacet
   facet normal 0.311852 0.948833 -0.0496348
      outer loop
         vertex 0.0480596 -0.005342 0.0111458
         vertex 0.0521023 -0.00669861 0.0116421
         vertex 0.0520152 -0.00716861 0.00921263
      endloop
   endfacet
   facet normal 0.304739 0.871772 -0.383599
      outer loop
         vertex 0.0519582 -0.00747588 0.00781291
         vertex 0.0518161 -0.00823778 0.00661996
         vertex 0.0477849 -0.00684756 0.00661306
      endloop
   endfacet
   facet normal 0.28591 0.868434 -0.405064
      outer loop
         vertex 0.047907 -0.00618111 0.00759149
         vertex 0.051968 -0.00742354 0.00789485
         vertex 0.0519582 -0.00747588 0.00781291
      endloop
   endfacet
   facet normal 0.288671 0.876912 -0.38431
      outer loop
         vertex 0.0479165 -0.00612855 0.00781412
         vertex 0.0479769 -0.00579683 0.00921923
         vertex 0.0520152 -0.00716861 0.00921263
      endloop
   endfacet
   facet normal 0.305909 0.875214 -0.374728
      outer loop
         vertex 0.051968 -0.00742354 0.00789485
         vertex 0.047907 -0.00618111 0.00759149
         vertex 0.0479165 -0.00612855 0.00781412
      endloop
   endfacet
   facet normal 0.319565 0.914781 -0.24709
      outer loop
         vertex 0.0520152 -0.00716861 0.00921263
         vertex 0.051968 -0.00742354 0.00789485
         vertex 0.0479165 -0.00612855 0.00781412
      endloop
   endfacet
   facet normal 0.221951 0.67137 -0.707107
      outer loop
         vertex 0.0475301 -0.00823843 0.00457107
         vertex 0.0477849 -0.00684756 0.00661306
         vertex 0.0518161 -0.00823778 0.00661996
      endloop
   endfacet
   facet normal 0.284096 0.811404 -0.510797
      outer loop
         vertex 0.0518161 -0.00823778 0.00661996
         vertex 0.0515957 -0.00941905 0.00477042
         vertex 0.0475301 -0.00823843 0.00457107
      endloop
   endfacet
   facet normal 0.240617 0.685491 -0.687172
      outer loop
         vertex 0.0515957 -0.00941905 0.00477042
         vertex 0.0515602 -0.00961208 0.00457107
         vertex 0.0475301 -0.00823843 0.00457107
      endloop
   endfacet
   facet normal 0.269227 0.816666 -0.510464
      outer loop
         vertex 0.0477849 -0.00684756 0.00661306
         vertex 0.047907 -0.00618111 0.00759149
         vertex 0.0519582 -0.00747588 0.00781291
      endloop
   endfacet
   facet normal 0.311852 0.948833 -0.0496348
      outer loop
         vertex 0.0480596 -0.005342 0.0111458
         vertex 0.0480616 -0.00532969 0.0116421
         vertex 0.0521023 -0.00669861 0.0116421
      endloop
   endfacet
   facet normal -0.570625 0.628111 -0.529021
      outer loop
         vertex 0.0468244 -0.0123687 0.000428932
         vertex 0.0458572 -0.0127704 0.000994618
         vertex 0.046564 -0.00864058 0.00513675
      endloop
   endfacet
   facet normal -0.570625 0.628111 -0.529021
      outer loop
         vertex 0.046564 -0.00864058 0.00513675
         vertex 0.0475301 -0.00823843 0.00457107
         vertex 0.0468244 -0.0123687 0.000428932
      endloop
   endfacet
   facet normal -0.564658 0.654118 -0.503281
      outer loop
         vertex 0.0466187 -0.0083209 0.00547221
         vertex 0.0468962 -0.00669973 0.00813826
         vertex 0.0477849 -0.00684756 0.00661306
      endloop
   endfacet
   facet normal -0.530346 0.795846 -0.292169
      outer loop
         vertex 0.0468962 -0.00669973 0.00813826
         vertex 0.0479165 -0.00612855 0.00781412
         vertex 0.047907 -0.00618111 0.00759149
      endloop
   endfacet
   facet normal -0.531827 0.790108 -0.304778
      outer loop
         vertex 0.047907 -0.00618111 0.00759149
         vertex 0.0477849 -0.00684756 0.00661306
         vertex 0.0468962 -0.00669973 0.00813826
      endloop
   endfacet
   facet normal -0.570501 0.630926 -0.525796
      outer loop
         vertex 0.0475301 -0.00823843 0.00457107
         vertex 0.046564 -0.00864058 0.00513675
         vertex 0.0466187 -0.0083209 0.00547221
      endloop
   endfacet
   facet normal -0.515745 0.856739 0.00236325
      outer loop
         vertex 0.0470237 -0.00595485 0.0116421
         vertex 0.0480596 -0.005342 0.0111458
         vertex 0.0479769 -0.00579683 0.00921923
      endloop
   endfacet
   facet normal -0.515745 0.856739 0.00236325
      outer loop
         vertex 0.0470237 -0.00595485 0.0116421
         vertex 0.0480616 -0.00532969 0.0116421
         vertex 0.0480596 -0.005342 0.0111458
      endloop
   endfacet
   facet normal -0.521621 0.832367 -0.187288
      outer loop
         vertex 0.0479769 -0.00579683 0.00921923
         vertex 0.046922 -0.00654896 0.0083862
         vertex 0.0470237 -0.00595485 0.0116421
      endloop
   endfacet
   facet normal -0.530126 0.797112 -0.2891
      outer loop
         vertex 0.0479165 -0.00612855 0.00781412
         vertex 0.0468962 -0.00669973 0.00813826
         vertex 0.046922 -0.00654896 0.0083862
      endloop
   endfacet
   facet normal -0.521621 0.832367 -0.187288
      outer loop
         vertex 0.0479769 -0.00579683 0.00921923
         vertex 0.0479165 -0.00612855 0.00781412
         vertex 0.046922 -0.00654896 0.0083862
      endloop
   endfacet
   facet normal -0.541983 0.748399 -0.382301
      outer loop
         vertex 0.0477849 -0.00684756 0.00661306
         vertex 0.0475301 -0.00823843 0.00457107
         vertex 0.0466187 -0.0083209 0.00547221
      endloop
   endfacet
   facet normal -0.515746 0.856741 5.94484e-16
      outer loop
         vertex 0.0470237 -0.00595485 0.0125
         vertex 0.048062 -0.0053298 0.0125
         vertex 0.0480616 -0.00532969 0.0116421
      endloop
   endfacet
   facet normal -0.515746 0.856741 5.94484e-16
      outer loop
         vertex 0.0480616 -0.00532969 0.0116421
         vertex 0.0470237 -0.00595485 0.0116421
         vertex 0.0470237 -0.00595485 0.0125
      endloop
   endfacet
   facet normal -0.69414 0.130119 -0.707982
      outer loop
         vertex 0.0447743 -0.0190982 -0.00169895
         vertex 0.0453458 -0.015759 -0.000998403
         vertex 0.0459814 -0.0169668 -0.00208678
      endloop
   endfacet
   facet normal -0.629826 0.386453 -0.673775
      outer loop
         vertex 0.0453458 -0.015759 -0.000998403
         vertex 0.0462238 -0.015647 -0.00166529
         vertex 0.0461357 -0.0161275 -0.00194395
      endloop
   endfacet
   facet normal -0.637879 0.35653 -0.682639
      outer loop
         vertex 0.0461357 -0.0161275 -0.00194395
         vertex 0.0459814 -0.0169668 -0.00208678
         vertex 0.0453458 -0.015759 -0.000998403
      endloop
   endfacet
   facet normal -0.695741 0.126371 -0.707088
      outer loop
         vertex 0.0455351 -0.0193952 -0.0025
         vertex 0.0447466 -0.0192602 -0.0017
         vertex 0.0447743 -0.0190982 -0.00169895
      endloop
   endfacet
   facet normal -0.569988 0.629664 -0.52786
      outer loop
         vertex 0.0458572 -0.0127704 0.000994618
         vertex 0.0467248 -0.0129144 -8.05782e-05
         vertex 0.0464522 -0.0144011 -0.000942762
      endloop
   endfacet
   facet normal -0.569988 0.629664 -0.52786
      outer loop
         vertex 0.0458572 -0.0127704 0.000994618
         vertex 0.0468244 -0.0123687 0.000428932
         vertex 0.0467248 -0.0129144 -8.05782e-05
      endloop
   endfacet
   facet normal -0.605443 0.486542 -0.629854
      outer loop
         vertex 0.0464522 -0.0144011 -0.000942762
         vertex 0.0453501 -0.0157335 -0.00099307
         vertex 0.0458572 -0.0127704 0.000994618
      endloop
   endfacet
   facet normal -0.628541 0.393833 -0.670695
      outer loop
         vertex 0.0462238 -0.015647 -0.00166529
         vertex 0.0453458 -0.015759 -0.000998403
         vertex 0.0453501 -0.0157335 -0.00099307
      endloop
   endfacet
   facet normal -0.605443 0.486542 -0.629854
      outer loop
         vertex 0.0464522 -0.0144011 -0.000942762
         vertex 0.0462238 -0.015647 -0.00166529
         vertex 0.0453501 -0.0157335 -0.00099307
      endloop
   endfacet
   facet normal -0.652395 0.298611 -0.696572
      outer loop
         vertex 0.0459814 -0.0169668 -0.00208678
         vertex 0.0455351 -0.0193952 -0.0025
         vertex 0.0447743 -0.0190982 -0.00169895
      endloop
   endfacet
   facet normal -0.985669 0.168689 1.17051e-16
      outer loop
         vertex 0.0421248 -0.0345797 0.0125
         vertex 0.0458572 -0.0127704 0.000994618
         vertex 0.0453501 -0.0157335 -0.00099307
      endloop
   endfacet
   facet normal -0.985669 0.168689 1.17051e-16
      outer loop
         vertex 0.0421248 -0.0345797 0.0125
         vertex 0.0453458 -0.015759 -0.000998403
         vertex 0.0447743 -0.0190982 -0.00169895
      endloop
   endfacet
   facet normal -0.985669 0.168689 1.17051e-16
      outer loop
         vertex 0.0421248 -0.0345797 0.0125
         vertex 0.046564 -0.00864058 0.00513675
         vertex 0.0458572 -0.0127704 0.000994618
      endloop
   endfacet
   facet normal -0.985669 0.168689 1.17051e-16
      outer loop
         vertex 0.0421248 -0.0345797 0.0125
         vertex 0.0468962 -0.00669973 0.00813826
         vertex 0.0466187 -0.0083209 0.00547221
      endloop
   endfacet
   facet normal -0.985669 0.168689 1.17051e-16
      outer loop
         vertex 0.0447743 -0.0190982 -0.00169895
         vertex 0.0447466 -0.0192602 -0.0017
         vertex 0.0421248 -0.0345797 0.0125
      endloop
   endfacet
   facet normal -0.985669 0.168689 1.17051e-16
      outer loop
         vertex 0.0466187 -0.0083209 0.00547221
         vertex 0.046564 -0.00864058 0.00513675
         vertex 0.0421248 -0.0345797 0.0125
      endloop
   endfacet
   facet normal -0.985669 0.168689 1.17051e-16
      outer loop
         vertex 0.0421248 -0.0345797 0.0125
         vertex 0.0470237 -0.00595485 0.0116421
         vertex 0.046922 -0.00654896 0.0083862
      endloop
   endfacet
   facet normal -0.985669 0.168689 1.17051e-16
      outer loop
         vertex 0.0453501 -0.0157335 -0.00099307
         vertex 0.0453458 -0.015759 -0.000998403
         vertex 0.0421248 -0.0345797 0.0125
      endloop
   endfacet
   facet normal -0.985669 0.168689 1.17051e-16
      outer loop
         vertex 0.0421248 -0.0345797 0.0125
         vertex 0.0470237 -0.00595485 0.0125
         vertex 0.0470237 -0.00595485 0.0116421
      endloop
   endfacet
   facet normal -0.985669 0.168689 1.17051e-16
      outer loop
         vertex 0.046922 -0.00654896 0.0083862
         vertex 0.0468962 -0.00669973 0.00813826
         vertex 0.0421248 -0.0345797 0.0125
      endloop
   endfacet
   facet normal -0.985669 0.168689 1.17051e-16
      outer loop
         vertex 0.0447466 -0.0192602 -0.0017
         vertex 0.0421248 -0.0345797 -0.0017
         vertex 0.0421248 -0.0345797 0.0125
      endloop
   endfacet
   facet normal -0.696974 0.119281 -0.707107
      outer loop
         vertex 0.0455351 -0.0193952 -0.0025
         vertex 0.0429133 -0.0347147 -0.0025
         vertex 0.0421248 -0.0345797 -0.0017
      endloop
   endfacet
   facet normal -0.696974 0.119281 -0.707107
      outer loop
         vertex 0.0421248 -0.0345797 -0.0017
         vertex 0.0447466 -0.0192602 -0.0017
         vertex 0.0455351 -0.0193952 -0.0025
      endloop
   endfacet
   facet normal -0.994522 0.104528 7.22801e-17
      outer loop
         vertex 0.0420982 -0.0347722 -0.0017
         vertex 0.0420982 -0.0347722 0.0125
         vertex 0.0421248 -0.0345797 0.0125
      endloop
   endfacet
   facet normal -0.985669 0.168689 0
      outer loop
         vertex 0.0421248 -0.0345797 0.0125
         vertex 0.0421248 -0.0345797 -0.0017
         vertex 0.0420982 -0.0347722 -0.0017
      endloop
   endfacet
   facet normal -0.696974 0.119281 -0.707107
      outer loop
         vertex 0.0421248 -0.0345797 -0.0017
         vertex 0.0429133 -0.0347147 -0.0025
         vertex 0.0428938 -0.0348558 -0.0025
      endloop
   endfacet
   facet normal -0.703233 0.0739128 -0.707107
      outer loop
         vertex 0.0428938 -0.0348558 -0.0025
         vertex 0.0420982 -0.0347722 -0.0017
         vertex 0.0421248 -0.0345797 -0.0017
      endloop
   endfacet
   facet normal -0.703233 0.0739128 -0.707107
      outer loop
         vertex 0.0406972 -0.0481016 -0.0017
         vertex 0.0420982 -0.0347722 -0.0017
         vertex 0.0428938 -0.0348558 -0.0025
      endloop
   endfacet
   facet normal -0.703233 0.0739128 -0.707107
      outer loop
         vertex 0.0428938 -0.0348558 -0.0025
         vertex 0.0414928 -0.0481852 -0.0025
         vertex 0.0406972 -0.0481016 -0.0017
      endloop
   endfacet
   facet normal 0 6.93889e-16 -1
      outer loop
         vertex 0.0678001 -0.0252655 0.0125
         vertex 0.0588251 -0.0229999 0.0125
         vertex 0.063541 -0.0231356 0.0125
      endloop
   endfacet
   facet normal 0 6.93889e-16 -1
      outer loop
         vertex 0.0595136 -0.0094262 0.0125
         vertex 0.0598183 -0.00961269 0.0125
         vertex 0.0600381 -0.00989442 0.0125
      endloop
   endfacet
   facet normal 0 6.93889e-16 -1
      outer loop
         vertex 0.0588251 -0.0229999 0.0125
         vertex 0.0589317 -0.0224642 0.0125
         vertex 0.063541 -0.0231356 0.0125
      endloop
   endfacet
   facet normal 0 6.93889e-16 -1
      outer loop
         vertex 0.0600381 -0.00989442 0.0125
         vertex 0.0601448 -0.0102354 0.0125
         vertex 0.0595136 -0.0094262 0.0125
      endloop
   endfacet
   facet normal 0 6.93889e-16 -1
      outer loop
         vertex 0.0580674 -0.0211707 0.0125
         vertex 0.0588269 -0.018036 0.0125
         vertex 0.059671 -0.0203239 0.0125
      endloop
   endfacet
   facet normal 0 6.93889e-16 -1
      outer loop
         vertex 0.059671 -0.0203239 0.0125
         vertex 0.0613263 -0.0221146 0.0125
         vertex 0.0588251 -0.0219284 0.0125
      endloop
   endfacet
   facet normal 0 6.93889e-16 -1
      outer loop
         vertex 0.0589317 -0.0224642 0.0125
         vertex 0.0588251 -0.0219284 0.0125
         vertex 0.0613263 -0.0221146 0.0125
      endloop
   endfacet
   facet normal 0 6.93889e-16 -1
      outer loop
         vertex 0.063541 -0.0231356 0.0125
         vertex 0.0679067 -0.0247298 0.0125
         vertex 0.0678001 -0.0252655 0.0125
      endloop
   endfacet
   facet normal 0 6.93889e-16 -1
      outer loop
         vertex 0.0601448 -0.0102354 0.0125
         vertex 0.0601248 -0.0105922 0.0125
         vertex 0.0595136 -0.0094262 0.0125
      endloop
   endfacet
   facet normal 0 6.93889e-16 -1
      outer loop
         vertex 0.0588251 -0.0219284 0.0125
         vertex 0.0585216 -0.0214742 0.0125
         vertex 0.059671 -0.0203239 0.0125
      endloop
   endfacet
   facet normal 0 6.93889e-16 -1
      outer loop
         vertex 0.0678001 -0.0252655 0.0125
         vertex 0.0679067 -0.0258013 0.0125
         vertex 0.0588251 -0.0229999 0.0125
      endloop
   endfacet
   facet normal 0 6.93889e-16 -1
      outer loop
         vertex 0.0562382 -0.0229999 0.0125
         vertex 0.0565417 -0.0234541 0.0125
         vertex 0.051765 -0.0282786 0.0125
      endloop
   endfacet
   facet normal 0 6.93889e-16 -1
      outer loop
         vertex 0.0509852 -0.028248 0.0125
         vertex 0.0528059 -0.00773704 0.0125
         vertex 0.0562382 -0.0219284 0.0125
      endloop
   endfacet
   facet normal 0 6.93889e-16 -1
      outer loop
         vertex 0.0745683 -0.0296781 0.0125
         vertex 0.0724072 -0.033391 0.0125
         vertex 0.0716986 -0.0330642 0.0125
      endloop
   endfacet
   facet normal 0 6.93889e-16 -1
      outer loop
         vertex 0.0575317 -0.0210642 0.0125
         vertex 0.0589227 -0.0155992 0.0125
         vertex 0.0588269 -0.018036 0.0125
      endloop
   endfacet
   facet normal 0 6.93889e-16 -1
      outer loop
         vertex 0.0601248 -0.0105922 0.0125
         vertex 0.0589227 -0.0155992 0.0125
         vertex 0.0595136 -0.0094262 0.0125
      endloop
   endfacet
   facet normal 0 6.93889e-16 -1
      outer loop
         vertex 0.0613263 -0.0221146 0.0125
         vertex 0.063541 -0.0231356 0.0125
         vertex 0.0589317 -0.0224642 0.0125
      endloop
   endfacet
   facet normal 0 6.93889e-16 -1
      outer loop
         vertex 0.0679067 -0.0258013 0.0125
         vertex 0.0580674 -0.0237576 0.0125
         vertex 0.0585216 -0.0234541 0.0125
      endloop
   endfacet
   facet normal 0 6.93889e-16 -1
      outer loop
         vertex 0.051765 -0.0282786 0.0125
         vertex 0.0509852 -0.028248 0.0125
         vertex 0.0562382 -0.0229999 0.0125
      endloop
   endfacet
   facet normal 0 6.93889e-16 -1
      outer loop
         vertex 0.0562382 -0.0219284 0.0125
         vertex 0.0561317 -0.0224642 0.0125
         vertex 0.0509852 -0.028248 0.0125
      endloop
   endfacet
   facet normal 0 6.93889e-16 -1
      outer loop
         vertex 0.0697359 -0.0265589 0.0125
         vertex 0.0750334 -0.0272725 0.0125
         vertex 0.0745683 -0.0296781 0.0125
      endloop
   endfacet
   facet normal 0 6.93889e-16 -1
      outer loop
         vertex 0.0493533 -0.0297565 0.0125
         vertex 0.0482301 -0.0344352 0.0125
         vertex 0.04827 -0.0342409 0.0125
      endloop
   endfacet
   facet normal 0 6.93889e-16 -1
      outer loop
         vertex 0.0589227 -0.0155992 0.0125
         vertex 0.0575317 -0.0210642 0.0125
         vertex 0.0595136 -0.0094262 0.0125
      endloop
   endfacet
   facet normal 0 6.93889e-16 -1
      outer loop
         vertex 0.0585216 -0.0234541 0.0125
         vertex 0.0588251 -0.0229999 0.0125
         vertex 0.0679067 -0.0258013 0.0125
      endloop
   endfacet
   facet normal 0 6.93889e-16 -1
      outer loop
         vertex 0.051765 -0.0282786 0.0125
         vertex 0.0575317 -0.0238642 0.0125
         vertex 0.0580674 -0.0237576 0.0125
      endloop
   endfacet
   facet normal 0 6.93889e-16 -1
      outer loop
         vertex 0.0561317 -0.0224642 0.0125
         vertex 0.0562382 -0.0229999 0.0125
         vertex 0.0509852 -0.028248 0.0125
      endloop
   endfacet
   facet normal 0 6.93889e-16 -1
      outer loop
         vertex 0.0528059 -0.00773704 0.0125
         vertex 0.0595136 -0.0094262 0.0125
         vertex 0.0575317 -0.0210642 0.0125
      endloop
   endfacet
   facet normal 0 6.93889e-16 -1
      outer loop
         vertex 0.0732086 -0.0159827 0.0125
         vertex 0.0722419 -0.0157675 0.0125
         vertex 0.0725828 -0.0157242 0.0125
      endloop
   endfacet
   facet normal 0 6.93889e-16 -1
      outer loop
         vertex 0.0732086 -0.0159827 0.0125
         vertex 0.0717006 -0.0161743 0.0125
         vertex 0.0719357 -0.0159237 0.0125
      endloop
   endfacet
   facet normal 0 6.93889e-16 -1
      outer loop
         vertex 0.0697359 -0.0265589 0.0125
         vertex 0.0749717 -0.0248523 0.0125
         vertex 0.0750334 -0.0272725 0.0125
      endloop
   endfacet
   facet normal 0 6.93889e-16 -1
      outer loop
         vertex 0.0528059 -0.00773704 0.0125
         vertex 0.04968 -0.0290478 0.0125
         vertex 0.0493533 -0.0297565 0.0125
      endloop
   endfacet
   facet normal 0 6.93889e-16 -1
      outer loop
         vertex 0.059671 -0.0203239 0.0125
         vertex 0.0585216 -0.0214742 0.0125
         vertex 0.0580674 -0.0211707 0.0125
      endloop
   endfacet
   facet normal 0 6.93889e-16 -1
      outer loop
         vertex 0.051765 -0.0282786 0.0125
         vertex 0.0569959 -0.0237576 0.0125
         vertex 0.0575317 -0.0238642 0.0125
      endloop
   endfacet
   facet normal 0 6.93889e-16 -1
      outer loop
         vertex 0.0528059 -0.00773704 0.0125
         vertex 0.0565417 -0.0214742 0.0125
         vertex 0.0562382 -0.0219284 0.0125
      endloop
   endfacet
   facet normal 0 6.93889e-16 -1
      outer loop
         vertex 0.0575317 -0.0210642 0.0125
         vertex 0.0569959 -0.0211707 0.0125
         vertex 0.0528059 -0.00773704 0.0125
      endloop
   endfacet
   facet normal 0 6.93889e-16 -1
      outer loop
         vertex 0.0719357 -0.0159237 0.0125
         vertex 0.0722419 -0.0157675 0.0125
         vertex 0.0732086 -0.0159827 0.0125
      endloop
   endfacet
   facet normal 0 6.93889e-16 -1
      outer loop
         vertex 0.0716986 -0.0330642 0.0125
         vertex 0.0692001 -0.0266655 0.0125
         vertex 0.0697359 -0.0265589 0.0125
      endloop
   endfacet
   facet normal 0 6.93889e-16 -1
      outer loop
         vertex 0.051765 -0.0282786 0.0125
         vertex 0.0682102 -0.0262555 0.0125
         vertex 0.0686643 -0.0265589 0.0125
      endloop
   endfacet
   facet normal 0 6.93889e-16 -1
      outer loop
         vertex 0.0528059 -0.00773704 0.0125
         vertex 0.0502531 -0.0285181 0.0125
         vertex 0.04968 -0.0290478 0.0125
      endloop
   endfacet
   facet normal 0 6.93889e-16 -1
      outer loop
         vertex 0.0580674 -0.0237576 0.0125
         vertex 0.0679067 -0.0258013 0.0125
         vertex 0.051765 -0.0282786 0.0125
      endloop
   endfacet
   facet normal 0 6.93889e-16 -1
      outer loop
         vertex 0.0569959 -0.0211707 0.0125
         vertex 0.0565417 -0.0214742 0.0125
         vertex 0.0528059 -0.00773704 0.0125
      endloop
   endfacet
   facet normal 0 6.93889e-16 -1
      outer loop
         vertex 0.0682656 -0.0223873 0.0125
         vertex 0.0686643 -0.0239721 0.0125
         vertex 0.0682102 -0.0242756 0.0125
      endloop
   endfacet
   facet normal 0 6.93889e-16 -1
      outer loop
         vertex 0.0732086 -0.0159827 0.0125
         vertex 0.0715641 -0.0164897 0.0125
         vertex 0.0717006 -0.0161743 0.0125
      endloop
   endfacet
   facet normal 0 6.93889e-16 -1
      outer loop
         vertex 0.0697359 -0.0239721 0.0125
         vertex 0.0700564 -0.0207319 0.0125
         vertex 0.0710773 -0.0185173 0.0125
      endloop
   endfacet
   facet normal 0 6.93889e-16 -1
      outer loop
         vertex 0.0716986 -0.0330642 0.0125
         vertex 0.0686643 -0.0265589 0.0125
         vertex 0.0692001 -0.0266655 0.0125
      endloop
   endfacet
   facet normal 0 6.93889e-16 -1
      outer loop
         vertex 0.051765 -0.0282786 0.0125
         vertex 0.0679067 -0.0258013 0.0125
         vertex 0.0682102 -0.0262555 0.0125
      endloop
   endfacet
   facet normal 0 6.93889e-16 -1
      outer loop
         vertex 0.0528059 -0.00773704 0.0125
         vertex 0.0509852 -0.028248 0.0125
         vertex 0.0502531 -0.0285181 0.0125
      endloop
   endfacet
   facet normal 0 6.93889e-16 -1
      outer loop
         vertex 0.0565417 -0.0234541 0.0125
         vertex 0.0569959 -0.0237576 0.0125
         vertex 0.051765 -0.0282786 0.0125
      endloop
   endfacet
   facet normal 0 6.93889e-16 -1
      outer loop
         vertex 0.0682656 -0.0223873 0.0125
         vertex 0.0692001 -0.0238655 0.0125
         vertex 0.0686643 -0.0239721 0.0125
      endloop
   endfacet
   facet normal 0 6.93889e-16 -1
      outer loop
         vertex 0.0732086 -0.0159827 0.0125
         vertex 0.0710773 -0.0185173 0.0125
         vertex 0.0715641 -0.0164897 0.0125
      endloop
   endfacet
   facet normal 0 6.93889e-16 -1
      outer loop
         vertex 0.0697359 -0.0239721 0.0125
         vertex 0.0692001 -0.0238655 0.0125
         vertex 0.0700564 -0.0207319 0.0125
      endloop
   endfacet
   facet normal 0 6.93889e-16 -1
      outer loop
         vertex 0.0732086 -0.0159827 0.0125
         vertex 0.0763438 -0.0201348 0.0125
         vertex 0.0701901 -0.0242756 0.0125
      endloop
   endfacet
   facet normal 0 6.93889e-16 -1
      outer loop
         vertex 0.0749717 -0.0248523 0.0125
         vertex 0.0706001 -0.0252655 0.0125
         vertex 0.0704935 -0.0247298 0.0125
      endloop
   endfacet
   facet normal 0 6.93889e-16 -1
      outer loop
         vertex 0.0686643 -0.0265589 0.0125
         vertex 0.0716986 -0.0330642 0.0125
         vertex 0.051765 -0.0282786 0.0125
      endloop
   endfacet
   facet normal 0 6.93889e-16 -1
      outer loop
         vertex 0.0588269 -0.018036 0.0125
         vertex 0.0580674 -0.0211707 0.0125
         vertex 0.0575317 -0.0210642 0.0125
      endloop
   endfacet
   facet normal 0 6.93889e-16 -1
      outer loop
         vertex 0.0679067 -0.0247298 0.0125
         vertex 0.063541 -0.0231356 0.0125
         vertex 0.0659777 -0.0232313 0.0125
      endloop
   endfacet
   facet normal 0 6.93889e-16 -1
      outer loop
         vertex 0.0682102 -0.0242756 0.0125
         vertex 0.0659777 -0.0232313 0.0125
         vertex 0.0682656 -0.0223873 0.0125
      endloop
   endfacet
   facet normal 0 6.93889e-16 -1
      outer loop
         vertex 0.0710773 -0.0185173 0.0125
         vertex 0.0732086 -0.0159827 0.0125
         vertex 0.0697359 -0.0239721 0.0125
      endloop
   endfacet
   facet normal 0 6.93889e-16 -1
      outer loop
         vertex 0.0763438 -0.0201348 0.0125
         vertex 0.0704935 -0.0247298 0.0125
         vertex 0.0701901 -0.0242756 0.0125
      endloop
   endfacet
   facet normal 0 6.93889e-16 -1
      outer loop
         vertex 0.0763438 -0.0201348 0.0125
         vertex 0.0768568 -0.0245996 0.0125
         vertex 0.0749717 -0.0248523 0.0125
      endloop
   endfacet
   facet normal 0 6.93889e-16 -1
      outer loop
         vertex 0.04827 -0.0342409 0.0125
         vertex 0.0528059 -0.00773704 0.0125
         vertex 0.0493533 -0.0297565 0.0125
      endloop
   endfacet
   facet normal 0 6.93889e-16 -1
      outer loop
         vertex 0.0682656 -0.0223873 0.0125
         vertex 0.0700564 -0.0207319 0.0125
         vertex 0.0692001 -0.0238655 0.0125
      endloop
   endfacet
   facet normal 0 6.93889e-16 -1
      outer loop
         vertex 0.0745683 -0.0296781 0.0125
         vertex 0.0731764 -0.0354759 0.0125
         vertex 0.073207 -0.0346961 0.0125
      endloop
   endfacet
   facet normal 0 6.93889e-16 -1
      outer loop
         vertex 0.0701901 -0.0242756 0.0125
         vertex 0.0697359 -0.0239721 0.0125
         vertex 0.0732086 -0.0159827 0.0125
      endloop
   endfacet
   facet normal 0 6.93889e-16 -1
      outer loop
         vertex 0.0749717 -0.0248523 0.0125
         vertex 0.0704935 -0.0258013 0.0125
         vertex 0.0706001 -0.0252655 0.0125
      endloop
   endfacet
   facet normal 0 6.93889e-16 -1
      outer loop
         vertex 0.0659777 -0.0232313 0.0125
         vertex 0.0682102 -0.0242756 0.0125
         vertex 0.0679067 -0.0247298 0.0125
      endloop
   endfacet
   facet normal 0 6.93889e-16 -1
      outer loop
         vertex 0.073207 -0.0346961 0.0125
         vertex 0.0729369 -0.033964 0.0125
         vertex 0.0745683 -0.0296781 0.0125
      endloop
   endfacet
   facet normal 0 6.93889e-16 -1
      outer loop
         vertex 0.0704935 -0.0247298 0.0125
         vertex 0.0763438 -0.0201348 0.0125
         vertex 0.0749717 -0.0248523 0.0125
      endloop
   endfacet
   facet normal 0 6.93889e-16 -1
      outer loop
         vertex 0.0749717 -0.0248523 0.0125
         vertex 0.0697359 -0.0265589 0.0125
         vertex 0.0701901 -0.0262555 0.0125
      endloop
   endfacet
   facet normal 0 6.93889e-16 -1
      outer loop
         vertex 0.0729369 -0.033964 0.0125
         vertex 0.0724072 -0.033391 0.0125
         vertex 0.0745683 -0.0296781 0.0125
      endloop
   endfacet
   facet normal 0 6.93889e-16 -1
      outer loop
         vertex 0.0701901 -0.0262555 0.0125
         vertex 0.0704935 -0.0258013 0.0125
         vertex 0.0749717 -0.0248523 0.0125
      endloop
   endfacet
   facet normal 0 6.93889e-16 -1
      outer loop
         vertex 0.0768568 -0.0245996 0.0125
         vertex 0.0763438 -0.0201348 0.0125
         vertex 0.0777563 -0.0252665 0.0125
      endloop
   endfacet
   facet normal 0 6.93889e-16 -1
      outer loop
         vertex 0.0716986 -0.0330642 0.0125
         vertex 0.0697359 -0.0265589 0.0125
         vertex 0.0745683 -0.0296781 0.0125
      endloop
   endfacet
   facet normal 0 6.93889e-16 -1
      outer loop
         vertex 0.0777563 -0.0252665 0.0125
         vertex 0.077761 -0.0253342 0.0125
         vertex 0.0768568 -0.0245996 0.0125
      endloop
   endfacet
   facet normal 0 6.93889e-16 -1
      outer loop
         vertex 0.0725828 -0.0157242 0.0125
         vertex 0.0729183 -0.0157989 0.0125
         vertex 0.0732086 -0.0159827 0.0125
      endloop
   endfacet
   facet normal 0 6.93889e-16 -1
      outer loop
         vertex 0.0528059 -0.00773704 0.0125
         vertex 0.0521023 -0.00669861 0.0125
         vertex 0.0595136 -0.0094262 0.0125
      endloop
   endfacet
   facet normal 0.382683 -0.92388 -6.4107e-16
      outer loop
         vertex 0.0686643 -0.0239721 0.0125
         vertex 0.0692001 -0.0238655 0.0125
         vertex 0.0692001 -0.0238655 0.0155
      endloop
   endfacet
   facet normal 0.707107 -0.707107 -4.90654e-16
      outer loop
         vertex 0.0682102 -0.0242756 0.0125
         vertex 0.0686643 -0.0239721 0.0125
         vertex 0.0686643 -0.0239721 0.0155
      endloop
   endfacet
   facet normal 0.92388 -0.382683 -2.6554e-16
      outer loop
         vertex 0.0679067 -0.0247298 0.0125
         vertex 0.0682102 -0.0242756 0.0125
         vertex 0.0682102 -0.0242756 0.0155
      endloop
   endfacet
   facet normal 1 1.83697e-16 1.27465e-31
      outer loop
         vertex 0.0678001 -0.0252655 0.0125
         vertex 0.0679067 -0.0247298 0.0125
         vertex 0.0679067 -0.0247298 0.0155
      endloop
   endfacet
   facet normal 0.92388 0.382683 2.6554e-16
      outer loop
         vertex 0.0679067 -0.0258013 0.0125
         vertex 0.0678001 -0.0252655 0.0125
         vertex 0.0678001 -0.0252655 0.0155
      endloop
   endfacet
   facet normal 0.707107 0.707107 4.90654e-16
      outer loop
         vertex 0.0682102 -0.0262555 0.0125
         vertex 0.0679067 -0.0258013 0.0125
         vertex 0.0679067 -0.0258013 0.0155
      endloop
   endfacet
   facet normal 0.382683 0.92388 6.4107e-16
      outer loop
         vertex 0.0686643 -0.0265589 0.0125
         vertex 0.0682102 -0.0262555 0.0125
         vertex 0.0682102 -0.0262555 0.0155
      endloop
   endfacet
   facet normal 0 1 6.19544e-16
      outer loop
         vertex 0.0692001 -0.0266655 0.0125
         vertex 0.0686643 -0.0265589 0.0125
         vertex 0.0686643 -0.0265589 0.0155
      endloop
   endfacet
   facet normal -0.382683 0.92388 6.4107e-16
      outer loop
         vertex 0.0697359 -0.0265589 0.0125
         vertex 0.0692001 -0.0266655 0.0125
         vertex 0.0692001 -0.0266655 0.0155
      endloop
   endfacet
   facet normal -0.707107 0.707107 4.90654e-16
      outer loop
         vertex 0.0701901 -0.0262555 0.0125
         vertex 0.0697359 -0.0265589 0.0125
         vertex 0.0697359 -0.0265589 0.0155
      endloop
   endfacet
   facet normal -0.92388 0.382683 2.6554e-16
      outer loop
         vertex 0.0704935 -0.0258013 0.0125
         vertex 0.0701901 -0.0262555 0.0125
         vertex 0.0701901 -0.0262555 0.0155
      endloop
   endfacet
   facet normal -1 -6.12323e-17 -4.24885e-32
      outer loop
         vertex 0.0706001 -0.0252655 0.0125
         vertex 0.0704935 -0.0258013 0.0125
         vertex 0.0704935 -0.0258013 0.0155
      endloop
   endfacet
   facet normal -0.92388 -0.382683 -2.6554e-16
      outer loop
         vertex 0.0704935 -0.0247298 0.0125
         vertex 0.0706001 -0.0252655 0.0125
         vertex 0.0706001 -0.0252655 0.0155
      endloop
   endfacet
   facet normal -0.707107 -0.707107 -4.90654e-16
      outer loop
         vertex 0.0701901 -0.0242756 0.0125
         vertex 0.0704935 -0.0247298 0.0125
         vertex 0.0704935 -0.0247298 0.0155
      endloop
   endfacet
   facet normal -0.382683 -0.92388 -6.4107e-16
      outer loop
         vertex 0.0697359 -0.0239721 0.0125
         vertex 0.0701901 -0.0242756 0.0125
         vertex 0.0701901 -0.0242756 0.0155
      endloop
   endfacet
   facet normal 2.44929e-16 -1 -6.93889e-16
      outer loop
         vertex 0.0692001 -0.0238655 0.0125
         vertex 0.0697359 -0.0239721 0.0125
         vertex 0.0697359 -0.0239721 0.0155
      endloop
   endfacet
   facet normal -0.382683 -0.92388 -6.4107e-16
      outer loop
         vertex 0.0697359 -0.0239721 0.0155
         vertex 0.0692001 -0.0238655 0.0155
         vertex 0.0692001 -0.0238655 0.0125
      endloop
   endfacet
   facet normal -0.707107 -0.707107 -4.90654e-16
      outer loop
         vertex 0.0701901 -0.0242756 0.0155
         vertex 0.0697359 -0.0239721 0.0155
         vertex 0.0697359 -0.0239721 0.0125
      endloop
   endfacet
   facet normal -0.92388 -0.382683 -2.6554e-16
      outer loop
         vertex 0.0704935 -0.0247298 0.0155
         vertex 0.0701901 -0.0242756 0.0155
         vertex 0.0701901 -0.0242756 0.0125
      endloop
   endfacet
   facet normal -1 -6.12323e-17 -4.24885e-32
      outer loop
         vertex 0.0706001 -0.0252655 0.0155
         vertex 0.0704935 -0.0247298 0.0155
         vertex 0.0704935 -0.0247298 0.0125
      endloop
   endfacet
   facet normal -0.92388 0.382683 2.6554e-16
      outer loop
         vertex 0.0704935 -0.0258013 0.0155
         vertex 0.0706001 -0.0252655 0.0155
         vertex 0.0706001 -0.0252655 0.0125
      endloop
   endfacet
   facet normal -0.707107 0.707107 4.90654e-16
      outer loop
         vertex 0.0701901 -0.0262555 0.0155
         vertex 0.0704935 -0.0258013 0.0155
         vertex 0.0704935 -0.0258013 0.0125
      endloop
   endfacet
   facet normal -0.382683 0.92388 6.4107e-16
      outer loop
         vertex 0.0697359 -0.0265589 0.0155
         vertex 0.0701901 -0.0262555 0.0155
         vertex 0.0701901 -0.0262555 0.0125
      endloop
   endfacet
   facet normal -1.22465e-16 1 6.93889e-16
      outer loop
         vertex 0.0692001 -0.0266655 0.0155
         vertex 0.0697359 -0.0265589 0.0155
         vertex 0.0697359 -0.0265589 0.0125
      endloop
   endfacet
   facet normal 0.382683 0.92388 6.4107e-16
      outer loop
         vertex 0.0686643 -0.0265589 0.0155
         vertex 0.0692001 -0.0266655 0.0155
         vertex 0.0692001 -0.0266655 0.0125
      endloop
   endfacet
   facet normal 0.707107 0.707107 4.90654e-16
      outer loop
         vertex 0.0682102 -0.0262555 0.0155
         vertex 0.0686643 -0.0265589 0.0155
         vertex 0.0686643 -0.0265589 0.0125
      endloop
   endfacet
   facet normal 0.92388 0.382683 2.6554e-16
      outer loop
         vertex 0.0679067 -0.0258013 0.0155
         vertex 0.0682102 -0.0262555 0.0155
         vertex 0.0682102 -0.0262555 0.0125
      endloop
   endfacet
   facet normal 1 1.83697e-16 1.27465e-31
      outer loop
         vertex 0.0678001 -0.0252655 0.0155
         vertex 0.0679067 -0.0258013 0.0155
         vertex 0.0679067 -0.0258013 0.0125
      endloop
   endfacet
   facet normal 0.92388 -0.382683 -2.6554e-16
      outer loop
         vertex 0.0679067 -0.0247298 0.0155
         vertex 0.0678001 -0.0252655 0.0155
         vertex 0.0678001 -0.0252655 0.0125
      endloop
   endfacet
   facet normal 0.707107 -0.707107 -4.90654e-16
      outer loop
         vertex 0.0682102 -0.0242756 0.0155
         vertex 0.0679067 -0.0247298 0.0155
         vertex 0.0679067 -0.0247298 0.0125
      endloop
   endfacet
   facet normal 0.382683 -0.92388 -6.4107e-16
      outer loop
         vertex 0.0686643 -0.0239721 0.0155
         vertex 0.0682102 -0.0242756 0.0155
         vertex 0.0682102 -0.0242756 0.0125
      endloop
   endfacet
   facet normal 2.44929e-16 -1 -6.93889e-16
      outer loop
         vertex 0.0692001 -0.0238655 0.0155
         vertex 0.0686643 -0.0239721 0.0155
         vertex 0.0686643 -0.0239721 0.0125
      endloop
   endfacet
   facet normal 0.382683 -0.92388 -6.4107e-16
      outer loop
         vertex 0.0569959 -0.0211707 0.0125
         vertex 0.0575317 -0.0210642 0.0125
         vertex 0.0575317 -0.0210642 0.0155
      endloop
   endfacet
   facet normal 0.707107 -0.707107 -4.90654e-16
      outer loop
         vertex 0.0565417 -0.0214742 0.0125
         vertex 0.0569959 -0.0211707 0.0125
         vertex 0.0569959 -0.0211707 0.0155
      endloop
   endfacet
   facet normal 0.92388 -0.382683 -2.6554e-16
      outer loop
         vertex 0.0562382 -0.0219284 0.0125
         vertex 0.0565417 -0.0214742 0.0125
         vertex 0.0565417 -0.0214742 0.0155
      endloop
   endfacet
   facet normal 1 1.83697e-16 1.27465e-31
      outer loop
         vertex 0.0561317 -0.0224642 0.0125
         vertex 0.0562382 -0.0219284 0.0125
         vertex 0.0562382 -0.0219284 0.0155
      endloop
   endfacet
   facet normal 0.92388 0.382683 2.6554e-16
      outer loop
         vertex 0.0562382 -0.0229999 0.0125
         vertex 0.0561317 -0.0224642 0.0125
         vertex 0.0561735 -0.0226745 0.0155
      endloop
   endfacet
   facet normal 1 1.83697e-16 1.27465e-31
      outer loop
         vertex 0.0561317 -0.0224642 0.0125
         vertex 0.0561317 -0.0224642 0.0155
         vertex 0.0561735 -0.0226745 0.0155
      endloop
   endfacet
   facet normal 0.707107 0.707107 4.90654e-16
      outer loop
         vertex 0.0565417 -0.0234541 0.0125
         vertex 0.0562382 -0.0229999 0.0125
         vertex 0.0562382 -0.0229999 0.0155
      endloop
   endfacet
   facet normal 0.382683 0.92388 6.4107e-16
      outer loop
         vertex 0.0569959 -0.0237576 0.0125
         vertex 0.0565417 -0.0234541 0.0125
         vertex 0.0565417 -0.0234541 0.0155
      endloop
   endfacet
   facet normal 0 1 6.19544e-16
      outer loop
         vertex 0.0575317 -0.0238642 0.0125
         vertex 0.0569959 -0.0237576 0.0125
         vertex 0.0569959 -0.0237576 0.0155
      endloop
   endfacet
   facet normal -0.382683 0.92388 6.4107e-16
      outer loop
         vertex 0.0580674 -0.0237576 0.0125
         vertex 0.0575317 -0.0238642 0.0125
         vertex 0.0575317 -0.0238642 0.0155
      endloop
   endfacet
   facet normal -0.707107 0.707107 4.90654e-16
      outer loop
         vertex 0.0585216 -0.0234541 0.0125
         vertex 0.0580674 -0.0237576 0.0125
         vertex 0.0580674 -0.0237576 0.0155
      endloop
   endfacet
   facet normal -0.92388 0.382683 2.6554e-16
      outer loop
         vertex 0.0588251 -0.0229999 0.0125
         vertex 0.0585216 -0.0234541 0.0125
         vertex 0.0585216 -0.0234541 0.0155
      endloop
   endfacet
   facet normal -0.92388 0.382683 2.6554e-16
      outer loop
         vertex 0.0588251 -0.0229999 0.0125
         vertex 0.0588251 -0.0229999 0.0155
         vertex 0.0588898 -0.0226745 0.0155
      endloop
   endfacet
   facet normal -0.988218 0.153053 1.06202e-16
      outer loop
         vertex 0.0588898 -0.0226745 0.0155
         vertex 0.0589317 -0.0224642 0.0125
         vertex 0.0588251 -0.0229999 0.0125
      endloop
   endfacet
   facet normal -0.92388 -0.382683 -2.6554e-16
      outer loop
         vertex 0.0588251 -0.0219284 0.0125
         vertex 0.0589317 -0.0224642 0.0125
         vertex 0.0589317 -0.0224642 0.0155
      endloop
   endfacet
   facet normal -0.707107 -0.707107 -4.90654e-16
      outer loop
         vertex 0.0585216 -0.0214742 0.0125
         vertex 0.0588251 -0.0219284 0.0125
         vertex 0.0588251 -0.0219284 0.0155
      endloop
   endfacet
   facet normal -0.382683 -0.92388 -6.4107e-16
      outer loop
         vertex 0.0580674 -0.0211707 0.0125
         vertex 0.0585216 -0.0214742 0.0125
         vertex 0.0585216 -0.0214742 0.0155
      endloop
   endfacet
   facet normal 2.44929e-16 -1 -6.93889e-16
      outer loop
         vertex 0.0575317 -0.0210642 0.0125
         vertex 0.0580674 -0.0211707 0.0125
         vertex 0.0580674 -0.0211707 0.0155
      endloop
   endfacet
   facet normal -0.382683 -0.92388 -6.4107e-16
      outer loop
         vertex 0.0580674 -0.0211707 0.0155
         vertex 0.0575317 -0.0210642 0.0155
         vertex 0.0575317 -0.0210642 0.0125
      endloop
   endfacet
   facet normal -0.707107 -0.707107 -4.90654e-16
      outer loop
         vertex 0.0585216 -0.0214742 0.0155
         vertex 0.0580674 -0.0211707 0.0155
         vertex 0.0580674 -0.0211707 0.0125
      endloop
   endfacet
   facet normal -0.92388 -0.382683 -2.6554e-16
      outer loop
         vertex 0.0588251 -0.0219284 0.0155
         vertex 0.0585216 -0.0214742 0.0155
         vertex 0.0585216 -0.0214742 0.0125
      endloop
   endfacet
   facet normal -1 -6.12323e-17 -4.24885e-32
      outer loop
         vertex 0.0589317 -0.0224642 0.0155
         vertex 0.0588251 -0.0219284 0.0155
         vertex 0.0588251 -0.0219284 0.0125
      endloop
   endfacet
   facet normal -0.988218 0.153053 1.06202e-16
      outer loop
         vertex 0.0588898 -0.0226745 0.0155
         vertex 0.0589317 -0.0224642 0.0155
         vertex 0.0589317 -0.0224642 0.0125
      endloop
   endfacet
   facet normal -0.707107 0.707107 4.90654e-16
      outer loop
         vertex 0.0585216 -0.0234541 0.0155
         vertex 0.0588251 -0.0229999 0.0155
         vertex 0.0588251 -0.0229999 0.0125
      endloop
   endfacet
   facet normal -0.382683 0.92388 6.4107e-16
      outer loop
         vertex 0.0580674 -0.0237576 0.0155
         vertex 0.0585216 -0.0234541 0.0155
         vertex 0.0585216 -0.0234541 0.0125
      endloop
   endfacet
   facet normal -1.22465e-16 1 6.93889e-16
      outer loop
         vertex 0.0575317 -0.0238642 0.0155
         vertex 0.0580674 -0.0237576 0.0155
         vertex 0.0580674 -0.0237576 0.0125
      endloop
   endfacet
   facet normal 0.382683 0.92388 6.4107e-16
      outer loop
         vertex 0.0569959 -0.0237576 0.0155
         vertex 0.0575317 -0.0238642 0.0155
         vertex 0.0575317 -0.0238642 0.0125
      endloop
   endfacet
   facet normal 0.707107 0.707107 4.90654e-16
      outer loop
         vertex 0.0565417 -0.0234541 0.0155
         vertex 0.0569959 -0.0237576 0.0155
         vertex 0.0569959 -0.0237576 0.0125
      endloop
   endfacet
   facet normal 0.92388 0.382683 2.6554e-16
      outer loop
         vertex 0.0562382 -0.0229999 0.0155
         vertex 0.0565417 -0.0234541 0.0155
         vertex 0.0565417 -0.0234541 0.0125
      endloop
   endfacet
   facet normal 0.988218 0.153053 1.06202e-16
      outer loop
         vertex 0.0561735 -0.0226745 0.0155
         vertex 0.0562382 -0.0229999 0.0155
         vertex 0.0562382 -0.0229999 0.0125
      endloop
   endfacet
   facet normal 0.92388 -0.382683 -2.6554e-16
      outer loop
         vertex 0.0562382 -0.0219284 0.0155
         vertex 0.0561317 -0.0224642 0.0155
         vertex 0.0561317 -0.0224642 0.0125
      endloop
   endfacet
   facet normal 0.707107 -0.707107 -4.90654e-16
      outer loop
         vertex 0.0565417 -0.0214742 0.0155
         vertex 0.0562382 -0.0219284 0.0155
         vertex 0.0562382 -0.0219284 0.0125
      endloop
   endfacet
   facet normal 0.382683 -0.92388 -6.4107e-16
      outer loop
         vertex 0.0569959 -0.0211707 0.0155
         vertex 0.0565417 -0.0214742 0.0155
         vertex 0.0565417 -0.0214742 0.0125
      endloop
   endfacet
   facet normal 2.44929e-16 -1 -6.93889e-16
      outer loop
         vertex 0.0575317 -0.0210642 0.0155
         vertex 0.0569959 -0.0211707 0.0155
         vertex 0.0569959 -0.0211707 0.0125
      endloop
   endfacet
   facet normal -0.703233 0.0739128 -0.707107
      outer loop
         vertex 0.0414928 -0.0481852 -0.0025
         vertex 0.0404746 -0.0514644 -0.0025
         vertex 0.0397716 -0.0510826 -0.0017
      endloop
   endfacet
   facet normal -0.621418 0.337402 -0.707107
      outer loop
         vertex 0.0404746 -0.0514644 -0.0025
         vertex 0.0382791 -0.0541042 -0.0025
         vertex 0.0377756 -0.0534825 -0.0017
      endloop
   endfacet
   facet normal -0.444997 0.549525 -0.707107
      outer loop
         vertex 0.0382791 -0.0541042 -0.0025
         vertex 0.0352404 -0.055703 -0.0025
         vertex 0.0350132 -0.0549359 -0.0017
      endloop
   endfacet
   facet normal -0.200829 0.677988 -0.707107
      outer loop
         vertex 0.0352404 -0.055703 -0.0025
         vertex 0.0318212 -0.0560172 -0.0025
         vertex 0.0319048 -0.0552215 -0.0017
      endloop
   endfacet
   facet normal 0.0739128 0.703233 -0.707107
      outer loop
         vertex 0.0319048 -0.0552215 -0.0017
         vertex 0.0350132 -0.0549359 -0.0017
         vertex 0.0352404 -0.055703 -0.0025
      endloop
   endfacet
   facet normal -0.200829 0.677988 -0.707107
      outer loop
         vertex 0.0350132 -0.0549359 -0.0017
         vertex 0.0377756 -0.0534825 -0.0017
         vertex 0.0382791 -0.0541042 -0.0025
      endloop
   endfacet
   facet normal -0.444997 0.549525 -0.707107
      outer loop
         vertex 0.0377756 -0.0534825 -0.0017
         vertex 0.0397716 -0.0510826 -0.0017
         vertex 0.0404746 -0.0514644 -0.0025
      endloop
   endfacet
   facet normal -0.621418 0.337402 -0.707107
      outer loop
         vertex 0.0397716 -0.0510826 -0.0017
         vertex 0.0406972 -0.0481016 -0.0017
         vertex 0.0414928 -0.0481852 -0.0025
      endloop
   endfacet
   facet normal -0.878817 0.477159 3.31095e-16
      outer loop
         vertex 0.0397716 -0.0510826 0.0125
         vertex 0.0406972 -0.0481016 0.0125
         vertex 0.0406972 -0.0481016 -0.0017
      endloop
   endfacet
   facet normal -0.62932 0.777146 5.39253e-16
      outer loop
         vertex 0.0377756 -0.0534825 0.0125
         vertex 0.0397716 -0.0510826 0.0125
         vertex 0.0397716 -0.0510826 -0.0017
      endloop
   endfacet
   facet normal -0.284015 0.95882 6.65315e-16
      outer loop
         vertex 0.0350132 -0.0549359 0.0125
         vertex 0.0377756 -0.0534825 0.0125
         vertex 0.0377756 -0.0534825 -0.0017
      endloop
   endfacet
   facet normal 0.104528 0.994522 6.50521e-16
      outer loop
         vertex 0.0319048 -0.0552215 0.0125
         vertex 0.0350132 -0.0549359 0.0125
         vertex 0.0350132 -0.0549359 -0.0017
      endloop
   endfacet
   facet normal -0.284015 0.95882 6.65315e-16
      outer loop
         vertex 0.0350132 -0.0549359 -0.0017
         vertex 0.0319048 -0.0552215 -0.0017
         vertex 0.0319048 -0.0552215 0.0125
      endloop
   endfacet
   facet normal -0.62932 0.777146 5.39253e-16
      outer loop
         vertex 0.0377756 -0.0534825 -0.0017
         vertex 0.0350132 -0.0549359 -0.0017
         vertex 0.0350132 -0.0549359 0.0125
      endloop
   endfacet
   facet normal -0.878817 0.477159 3.31095e-16
      outer loop
         vertex 0.0397716 -0.0510826 -0.0017
         vertex 0.0377756 -0.0534825 -0.0017
         vertex 0.0377756 -0.0534825 0.0125
      endloop
   endfacet
   facet normal -0.994522 0.104528 1.0842e-16
      outer loop
         vertex 0.0406972 -0.0481016 -0.0017
         vertex 0.0397716 -0.0510826 -0.0017
         vertex 0.0397716 -0.0510826 0.0125
      endloop
   endfacet
   facet normal 0.104528 0.994522 6.50521e-16
      outer loop
         vertex 0.0234514 -0.054333 0.0125
         vertex 0.0319048 -0.0552215 0.0125
         vertex 0.0319048 -0.0552215 -0.0017
      endloop
   endfacet
   facet normal 0.104528 0.994522 6.50521e-16
      outer loop
         vertex 0.0319048 -0.0552215 -0.0017
         vertex 0.0234514 -0.054333 -0.0017
         vertex 0.0234514 -0.054333 0.0125
      endloop
   endfacet
   facet normal 0.0739128 0.703233 -0.707107
      outer loop
         vertex 0.0318212 -0.0560172 -0.0025
         vertex 0.0233678 -0.0551287 -0.0025
         vertex 0.0234514 -0.054333 -0.0017
      endloop
   endfacet
   facet normal 0.0739128 0.703233 -0.707107
      outer loop
         vertex 0.0234514 -0.054333 -0.0017
         vertex 0.0319048 -0.0552215 -0.0017
         vertex 0.0318212 -0.0560172 -0.0025
      endloop
   endfacet
   facet normal 0.477159 0.878817 6.09802e-16
      outer loop
         vertex 0.0204703 -0.0534074 0.0125
         vertex 0.0234514 -0.054333 0.0125
         vertex 0.0234514 -0.054333 -0.0017
      endloop
   endfacet
   facet normal 0.777146 0.62932 4.36679e-16
      outer loop
         vertex 0.0180704 -0.0514114 0.0125
         vertex 0.0204703 -0.0534074 0.0125
         vertex 0.0204703 -0.0534074 -0.0017
      endloop
   endfacet
   facet normal 0.95882 0.284015 1.97075e-16
      outer loop
         vertex 0.0166171 -0.048649 0.0125
         vertex 0.0180704 -0.0514114 0.0125
         vertex 0.0180704 -0.0514114 -0.0017
      endloop
   endfacet
   facet normal 0.994522 -0.104528 0
      outer loop
         vertex 0.0163314 -0.0455406 0.0125
         vertex 0.0166171 -0.048649 0.0125
         vertex 0.0166171 -0.048649 -0.0017
      endloop
   endfacet
   facet normal 0.95882 0.284015 1.97075e-16
      outer loop
         vertex 0.0166171 -0.048649 -0.0017
         vertex 0.0163314 -0.0455406 -0.0017
         vertex 0.0163314 -0.0455406 0.0125
      endloop
   endfacet
   facet normal 0.777146 0.62932 4.36679e-16
      outer loop
         vertex 0.0180704 -0.0514114 -0.0017
         vertex 0.0166171 -0.048649 -0.0017
         vertex 0.0166171 -0.048649 0.0125
      endloop
   endfacet
   facet normal 0.477159 0.878817 6.09802e-16
      outer loop
         vertex 0.0204703 -0.0534074 -0.0017
         vertex 0.0180704 -0.0514114 -0.0017
         vertex 0.0180704 -0.0514114 0.0125
      endloop
   endfacet
   facet normal 0.104528 0.994522 6.50521e-16
      outer loop
         vertex 0.0234514 -0.054333 -0.0017
         vertex 0.0204703 -0.0534074 -0.0017
         vertex 0.0204703 -0.0534074 0.0125
      endloop
   endfacet
   facet normal 0.0739128 0.703233 -0.707107
      outer loop
         vertex 0.0233678 -0.0551287 -0.0025
         vertex 0.0200886 -0.0541105 -0.0025
         vertex 0.0204703 -0.0534074 -0.0017
      endloop
   endfacet
   facet normal 0.337402 0.621418 -0.707107
      outer loop
         vertex 0.0200886 -0.0541105 -0.0025
         vertex 0.0174487 -0.0519149 -0.0025
         vertex 0.0180704 -0.0514114 -0.0017
      endloop
   endfacet
   facet normal 0.549525 0.444997 -0.707107
      outer loop
         vertex 0.0174487 -0.0519149 -0.0025
         vertex 0.01585 -0.0488762 -0.0025
         vertex 0.0166171 -0.048649 -0.0017
      endloop
   endfacet
   facet normal 0.677988 0.200829 -0.707107
      outer loop
         vertex 0.01585 -0.0488762 -0.0025
         vertex 0.0155358 -0.045457 -0.0025
         vertex 0.0163314 -0.0455406 -0.0017
      endloop
   endfacet
   facet normal 0.703233 -0.0739128 -0.707107
      outer loop
         vertex 0.0163314 -0.0455406 -0.0017
         vertex 0.0166171 -0.048649 -0.0017
         vertex 0.01585 -0.0488762 -0.0025
      endloop
   endfacet
   facet normal 0.677988 0.200829 -0.707107
      outer loop
         vertex 0.0166171 -0.048649 -0.0017
         vertex 0.0180704 -0.0514114 -0.0017
         vertex 0.0174487 -0.0519149 -0.0025
      endloop
   endfacet
   facet normal 0.549525 0.444997 -0.707107
      outer loop
         vertex 0.0180704 -0.0514114 -0.0017
         vertex 0.0204703 -0.0534074 -0.0017
         vertex 0.0200886 -0.0541105 -0.0025
      endloop
   endfacet
   facet normal 0.337402 0.621418 -0.707107
      outer loop
         vertex 0.0204703 -0.0534074 -0.0017
         vertex 0.0234514 -0.054333 -0.0017
         vertex 0.0233678 -0.0551287 -0.0025
      endloop
   endfacet
   facet normal 0.703233 -0.0739128 -0.707107
      outer loop
         vertex 0.0183035 -0.026778 -0.0017
         vertex 0.0163314 -0.0455406 -0.0017
         vertex 0.0155358 -0.045457 -0.0025
      endloop
   endfacet
   facet normal 0.703233 -0.0739128 -0.707107
      outer loop
         vertex 0.0155358 -0.045457 -0.0025
         vertex 0.0175079 -0.0266943 -0.0025
         vertex 0.0183035 -0.026778 -0.0017
      endloop
   endfacet
   facet normal 0 6.93889e-16 -1
      outer loop
         vertex 0.0382791 -0.0541042 -0.0025
         vertex 0.0379878 -0.0583318 -0.0025
         vertex 0.0366475 -0.0579321 -0.0025
      endloop
   endfacet
   facet normal 0 6.93889e-16 -1
      outer loop
         vertex 0.0382791 -0.0541042 -0.0025
         vertex 0.042633 -0.0596248 -0.0025
         vertex 0.0390927 -0.0591893 -0.0025
      endloop
   endfacet
   facet normal 0 6.93889e-16 -1
      outer loop
         vertex 0.042633 -0.0596248 -0.0025
         vertex 0.0439783 -0.0618657 -0.0025
         vertex 0.0409092 -0.0623411 -0.0025
      endloop
   endfacet
   facet normal 0 6.93889e-16 -1
      outer loop
         vertex 0.0366475 -0.0579321 -0.0025
         vertex 0.017702 -0.0559409 -0.0025
         vertex 0.0233678 -0.0551287 -0.0025
      endloop
   endfacet
   facet normal 0 6.93889e-16 -1
      outer loop
         vertex 0.0390927 -0.0591893 -0.0025
         vertex 0.0379878 -0.0583318 -0.0025
         vertex 0.0382791 -0.0541042 -0.0025
      endloop
   endfacet
   facet normal 0 6.93889e-16 -1
      outer loop
         vertex 0.0409092 -0.0623411 -0.0025
         vertex 0.0398126 -0.0603885 -0.0025
         vertex 0.042633 -0.0596248 -0.0025
      endloop
   endfacet
   facet normal 0 6.93889e-16 -1
      outer loop
         vertex 0.017702 -0.0559409 -0.0025
         vertex 0.0200886 -0.0541105 -0.0025
         vertex 0.0233678 -0.0551287 -0.0025
      endloop
   endfacet
   facet normal 0 6.93889e-16 -1
      outer loop
         vertex 0.0175079 -0.0266943 -0.0025
         vertex 0.0155358 -0.045457 -0.0025
         vertex 0.0129305 -0.042 -0.0025
      endloop
   endfacet
   facet normal 0 6.93889e-16 -1
      outer loop
         vertex 0.0382791 -0.0541042 -0.0025
         vertex 0.0404746 -0.0514644 -0.0025
         vertex 0.0422914 -0.0547998 -0.0025
      endloop
   endfacet
   facet normal 0 6.93889e-16 -1
      outer loop
         vertex 0.0398126 -0.0603885 -0.0025
         vertex 0.0390927 -0.0591893 -0.0025
         vertex 0.042633 -0.0596248 -0.0025
      endloop
   endfacet
   facet normal 0 6.93889e-16 -1
      outer loop
         vertex 0.0233678 -0.0551287 -0.0025
         vertex 0.0318212 -0.0560172 -0.0025
         vertex 0.0366475 -0.0579321 -0.0025
      endloop
   endfacet
   facet normal 0 6.93889e-16 -1
      outer loop
         vertex 0.01585 -0.0488762 -0.0025
         vertex 0.0174487 -0.0519149 -0.0025
         vertex 0.0139191 -0.0543722 -0.0025
      endloop
   endfacet
   facet normal 0 6.93889e-16 -1
      outer loop
         vertex 0.0129305 -0.042 -0.0025
         vertex 0.0129305 -0.0276585 -0.0025
         vertex 0.0175079 -0.0266943 -0.0025
      endloop
   endfacet
   facet normal 0 6.93889e-16 -1
      outer loop
         vertex -0.0038 -0.0659271 -0.0025
         vertex -0.00831952 -0.0659271 -0.0025
         vertex -0.00831952 -0.057 -0.0025
      endloop
   endfacet
   facet normal 0 6.93889e-16 -1
      outer loop
         vertex 0.0422914 -0.0547998 -0.0025
         vertex 0.0420737 -0.0569241 -0.0025
         vertex 0.0382791 -0.0541042 -0.0025
      endloop
   endfacet
   facet normal 0 6.93889e-16 -1
      outer loop
         vertex 0.0318212 -0.0560172 -0.0025
         vertex 0.0352404 -0.055703 -0.0025
         vertex 0.0366475 -0.0579321 -0.0025
      endloop
   endfacet
   facet normal 0 6.93889e-16 -1
      outer loop
         vertex 0.0174487 -0.0519149 -0.0025
         vertex 0.0200886 -0.0541105 -0.0025
         vertex 0.017702 -0.0559409 -0.0025
      endloop
   endfacet
   facet normal 0 6.93889e-16 -1
      outer loop
         vertex 0.0139191 -0.0543722 -0.0025
         vertex 0.012516 -0.0528514 -0.0025
         vertex 0.01585 -0.0488762 -0.0025
      endloop
   endfacet
   facet normal 0 6.93889e-16 -1
      outer loop
         vertex 0.0129344 -0.027523 -0.0025
         vertex 0.0175162 -0.026593 -0.0025
         vertex 0.0175079 -0.0266943 -0.0025
      endloop
   endfacet
   facet normal 0 6.93889e-16 -1
      outer loop
         vertex 0.0138877 -0.0112399 -0.0025
         vertex 0.0183655 -0.0120926 -0.0025
         vertex 0.0175162 -0.026593 -0.0025
      endloop
   endfacet
   facet normal 0 6.93889e-16 -1
      outer loop
         vertex -0.00831952 -0.057 -0.0025
         vertex -0.0038 -0.055 -0.0025
         vertex -0.0038 -0.0659271 -0.0025
      endloop
   endfacet
   facet normal 0 6.93889e-16 -1
      outer loop
         vertex -0.00776236 -0.0541989 -0.0025
         vertex -0.00617568 -0.0518243 -0.0025
         vertex -0.00351074 -0.0535458 -0.0025
      endloop
   endfacet
   facet normal 0 6.93889e-16 -1
      outer loop
         vertex 0.0455351 -0.0193952 -0.0025
         vertex 0.0495365 -0.0207937 -0.0025
         vertex 0.047264 -0.0340688 -0.0025
      endloop
   endfacet
   facet normal 0 6.93889e-16 -1
      outer loop
         vertex 0.0366475 -0.0579321 -0.0025
         vertex 0.0352404 -0.055703 -0.0025
         vertex 0.0382791 -0.0541042 -0.0025
      endloop
   endfacet
   facet normal 0 6.93889e-16 -1
      outer loop
         vertex 0.017702 -0.0559409 -0.0025
         vertex 0.0156966 -0.0554312 -0.0025
         vertex 0.0174487 -0.0519149 -0.0025
      endloop
   endfacet
   facet normal 0 6.93889e-16 -1
      outer loop
         vertex 0.012516 -0.0528514 -0.0025
         vertex 0.0116711 -0.051967 -0.0025
         vertex 0.01585 -0.0488762 -0.0025
      endloop
   endfacet
   facet normal 0 6.93889e-16 -1
      outer loop
         vertex 0.0175162 -0.026593 -0.0025
         vertex 0.0129344 -0.027523 -0.0025
         vertex 0.0138877 -0.0112399 -0.0025
      endloop
   endfacet
   facet normal 0 6.93889e-16 -1
      outer loop
         vertex 0.01585 -0.0488762 -0.0025
         vertex 0.0106809 -0.0474309 -0.0025
         vertex 0.0123458 -0.0449392 -0.0025
      endloop
   endfacet
   facet normal 0 6.93889e-16 -1
      outer loop
         vertex 0.00938181 -0.0512 -0.0025
         vertex 0.00818919 -0.0490958 -0.0025
         vertex 0.0106809 -0.0474309 -0.0025
      endloop
   endfacet
   facet normal 0 6.93889e-16 -1
      outer loop
         vertex -0.00351074 -0.0535458 -0.0025
         vertex -0.0038 -0.055 -0.0025
         vertex -0.00776236 -0.0541989 -0.0025
      endloop
   endfacet
   facet normal 0 6.93889e-16 -1
      outer loop
         vertex -0.00617568 -0.0518243 -0.0025
         vertex -0.00380106 -0.0502376 -0.0025
         vertex -0.00268701 -0.052313 -0.0025
      endloop
   endfacet
   facet normal 0 6.93889e-16 -1
      outer loop
         vertex 6.79572e-18 -0.0512 -0.0025
         vertex -0.001 -0.0496805 -0.0025
         vertex 0.00525 -0.0496805 -0.0025
      endloop
   endfacet
   facet normal 0 6.93889e-16 -1
      outer loop
         vertex 0.047264 -0.0340688 -0.0025
         vertex 0.0429133 -0.0347147 -0.0025
         vertex 0.0455351 -0.0193952 -0.0025
      endloop
   endfacet
   facet normal 0 6.93889e-16 -1
      outer loop
         vertex 0.0156966 -0.0554312 -0.0025
         vertex 0.0139191 -0.0543722 -0.0025
         vertex 0.0174487 -0.0519149 -0.0025
      endloop
   endfacet
   facet normal 0 6.93889e-16 -1
      outer loop
         vertex 0.0116711 -0.051967 -0.0025
         vertex 0.010589 -0.0513968 -0.0025
         vertex 0.01585 -0.0488762 -0.0025
      endloop
   endfacet
   facet normal 0 6.93889e-16 -1
      outer loop
         vertex 0.0155358 -0.045457 -0.0025
         vertex 0.0123458 -0.0449392 -0.0025
         vertex 0.0129305 -0.042 -0.0025
      endloop
   endfacet
   facet normal 0 6.93889e-16 -1
      outer loop
         vertex 0.0106809 -0.0474309 -0.0025
         vertex 0.01585 -0.0488762 -0.0025
         vertex 0.00938181 -0.0512 -0.0025
      endloop
   endfacet
   facet normal 0 6.93889e-16 -1
      outer loop
         vertex -0.00268701 -0.052313 -0.0025
         vertex -0.00351074 -0.0535458 -0.0025
         vertex -0.00617568 -0.0518243 -0.0025
      endloop
   endfacet
   facet normal 0 6.93889e-16 -1
      outer loop
         vertex -0.00380106 -0.0502376 -0.0025
         vertex -0.001 -0.0496805 -0.0025
         vertex -0.0014542 -0.0514893 -0.0025
      endloop
   endfacet
   facet normal 0 6.93889e-16 -1
      outer loop
         vertex 0.00525 -0.0496805 -0.0025
         vertex 0.00938181 -0.0512 -0.0025
         vertex 6.79572e-18 -0.0512 -0.0025
      endloop
   endfacet
   facet normal 0 6.93889e-16 -1
      outer loop
         vertex 0.0472377 -0.034197 -0.0025
         vertex 0.0428938 -0.0348558 -0.0025
         vertex 0.0429133 -0.0347147 -0.0025
      endloop
   endfacet
   facet normal 0 6.93889e-16 -1
      outer loop
         vertex 0.0472377 -0.034197 -0.0025
         vertex 0.0422914 -0.0547998 -0.0025
         vertex 0.0414928 -0.0481852 -0.0025
      endloop
   endfacet
   facet normal 0 6.93889e-16 -1
      outer loop
         vertex 0.010589 -0.0513968 -0.0025
         vertex 0.00938181 -0.0512 -0.0025
         vertex 0.01585 -0.0488762 -0.0025
      endloop
   endfacet
   facet normal 0 6.93889e-16 -1
      outer loop
         vertex 0.0123458 -0.0449392 -0.0025
         vertex 0.0155358 -0.045457 -0.0025
         vertex 0.01585 -0.0488762 -0.0025
      endloop
   endfacet
   facet normal 0 6.93889e-16 -1
      outer loop
         vertex -0.0014542 -0.0514893 -0.0025
         vertex -0.00268701 -0.052313 -0.0025
         vertex -0.00380106 -0.0502376 -0.0025
      endloop
   endfacet
   facet normal 0 6.93889e-16 -1
      outer loop
         vertex 0.00525 -0.0496805 -0.0025
         vertex 0.00818919 -0.0490958 -0.0025
         vertex 0.00938181 -0.0512 -0.0025
      endloop
   endfacet
   facet normal 0 6.93889e-16 -1
      outer loop
         vertex 0.0414928 -0.0481852 -0.0025
         vertex 0.0428938 -0.0348558 -0.0025
         vertex 0.0472377 -0.034197 -0.0025
      endloop
   endfacet
   facet normal 0 6.93889e-16 -1
      outer loop
         vertex 0.0129305 -0.0276585 -0.0025
         vertex 0.0129344 -0.027523 -0.0025
         vertex 0.0175079 -0.0266943 -0.0025
      endloop
   endfacet
   facet normal 0 6.93889e-16 -1
      outer loop
         vertex 6.79572e-18 -0.0512 -0.0025
         vertex -0.0014542 -0.0514893 -0.0025
         vertex -0.001 -0.0496805 -0.0025
      endloop
   endfacet
   facet normal 0 6.93889e-16 -1
      outer loop
         vertex 0.0422914 -0.0547998 -0.0025
         vertex 0.0404746 -0.0514644 -0.0025
         vertex 0.0414928 -0.0481852 -0.0025
      endloop
   endfacet
   facet normal 0 6.93889e-16 -1
      outer loop
         vertex -0.00831952 -0.057 -0.0025
         vertex -0.00776236 -0.0541989 -0.0025
         vertex -0.0038 -0.055 -0.0025
      endloop
   endfacet
   facet normal 0 6.93889e-16 -1
      outer loop
         vertex 0.0420737 -0.0569241 -0.0025
         vertex 0.042633 -0.0596248 -0.0025
         vertex 0.0382791 -0.0541042 -0.0025
      endloop
   endfacet
   facet normal 0 6.93889e-16 -1
      outer loop
         vertex 0.047264 -0.0340688 -0.0025
         vertex 0.0472377 -0.034197 -0.0025
         vertex 0.0429133 -0.0347147 -0.0025
      endloop
   endfacet
   facet normal 0.703233 -0.0739128 -0.707107
      outer loop
         vertex 0.0183035 -0.026778 -0.0017
         vertex 0.0175079 -0.0266943 -0.0025
         vertex 0.0175162 -0.026593 -0.0025
      endloop
   endfacet
   facet normal 0.705898 -0.041327 -0.707107
      outer loop
         vertex 0.0175162 -0.026593 -0.0025
         vertex 0.0183148 -0.0266397 -0.0017
         vertex 0.0183035 -0.026778 -0.0017
      endloop
   endfacet
   facet normal 0.994522 -0.104528 0
      outer loop
         vertex 0.0183035 -0.026778 0.0125
         vertex 0.0183035 -0.026778 -0.0017
         vertex 0.0183148 -0.0266397 -0.0017
      endloop
   endfacet
   facet normal 0.998291 -0.0584452 0
      outer loop
         vertex 0.0183148 -0.0266397 -0.0017
         vertex 0.0183148 -0.0266397 0.0125
         vertex 0.0183035 -0.026778 0.0125
      endloop
   endfacet
   facet normal 0.705898 -0.041327 -0.707107
      outer loop
         vertex 0.0183148 -0.0266397 -0.0017
         vertex 0.0175162 -0.026593 -0.0025
         vertex 0.0183655 -0.0120926 -0.0025
      endloop
   endfacet
   facet normal 0.705898 -0.041327 -0.707107
      outer loop
         vertex 0.0183655 -0.0120926 -0.0025
         vertex 0.0191637 -0.0121393 -0.0017
         vertex 0.0183148 -0.0266397 -0.0017
      endloop
   endfacet
   facet normal 6.93889e-15 3.88578e-14 -1
      outer loop
         vertex 0.0138877 -0.0112399 -0.0025
         vertex 0.0140543 -0.00879532 -0.00205254
         vertex 0.0185359 -0.00966408 -0.00200615
      endloop
   endfacet
   facet normal 0.0482207 0.241422 -0.969221
      outer loop
         vertex 0.0185359 -0.00966408 -0.00200615
         vertex 0.0183997 -0.0115987 -0.00248794
         vertex 0.0138877 -0.0112399 -0.0025
      endloop
   endfacet
   facet normal 0.074701 0.37554 -0.923791
      outer loop
         vertex 0.0186337 -0.00827435 -0.00166006
         vertex 0.0185359 -0.00966408 -0.00200615
         vertex 0.0140543 -0.00879532 -0.00205254
      endloop
   endfacet
   facet normal 0.0832779 0.419249 -0.904044
      outer loop
         vertex 0.0186675 -0.00779403 -0.00154044
         vertex 0.0186337 -0.00827435 -0.00166006
         vertex 0.0141308 -0.00767281 -0.00184707
      endloop
   endfacet
   facet normal 0.062252 0.349925 -0.934707
      outer loop
         vertex 0.0141308 -0.00767281 -0.00184707
         vertex 0.0141467 -0.00743171 -0.00170185
         vertex 0.0186675 -0.00779403 -0.00154044
      endloop
   endfacet
   facet normal 0.0667247 0.375325 -0.924488
      outer loop
         vertex 0.0141467 -0.00743171 -0.00170185
         vertex 0.0142286 -0.00619237 -0.000955345
         vertex 0.0187201 -0.00701881 -0.000997737
      endloop
   endfacet
   facet normal 0.099239 0.500762 -0.859877
      outer loop
         vertex 0.0187201 -0.00701881 -0.000997737
         vertex 0.0186675 -0.00779403 -0.00154044
         vertex 0.0141467 -0.00743171 -0.00170185
      endloop
   endfacet
   facet normal 0.136662 0.693775 -0.707107
      outer loop
         vertex 0.0188583 -0.0049809 0.000428932
         vertex 0.0187201 -0.00701881 -0.000997737
         vertex 0.0142286 -0.00619237 -0.000955345
      endloop
   endfacet
   facet normal 0.0891692 0.503346 -0.859472
      outer loop
         vertex 0.0142286 -0.00619237 -0.000955345
         vertex 0.0143345 -0.00458927 1.02695e-05
         vertex 0.0188583 -0.0049809 0.000428932
      endloop
   endfacet
   facet normal 0.115077 0.652531 -0.748973
      outer loop
         vertex 0.0143345 -0.00458927 1.02695e-05
         vertex 0.0143638 -0.00414251 0.000428932
         vertex 0.0188583 -0.0049809 0.000428932
      endloop
   endfacet
   facet normal 0.0434075 0.243229 -0.968997
      outer loop
         vertex 0.0140543 -0.00879532 -0.00205254
         vertex 0.0141308 -0.00767281 -0.00184707
         vertex 0.0186337 -0.00827435 -0.00166006
      endloop
   endfacet
   facet normal 0.00967074 0.0481385 -0.998794
      outer loop
         vertex 0.0183997 -0.0115987 -0.00248794
         vertex 0.0183655 -0.0120926 -0.0025
         vertex 0.0138877 -0.0112399 -0.0025
      endloop
   endfacet
   facet normal 0.766696 0.43043 -0.476348
      outer loop
         vertex 0.0195476 -0.00558268 0.000994618
         vertex 0.0193709 -0.00859999 -0.00100275
         vertex 0.0187201 -0.00701881 -0.000997737
      endloop
   endfacet
   facet normal 0.739364 0.217643 -0.637159
      outer loop
         vertex 0.0193709 -0.00859999 -0.00100275
         vertex 0.0186337 -0.00827435 -0.00166006
         vertex 0.0186675 -0.00779403 -0.00154044
      endloop
   endfacet
   facet normal 0.74288 0.241545 -0.624327
      outer loop
         vertex 0.0186675 -0.00779403 -0.00154044
         vertex 0.0187201 -0.00701881 -0.000997737
         vertex 0.0193709 -0.00859999 -0.00100275
      endloop
   endfacet
   facet normal 0.705804 -0.0429248 -0.707106
      outer loop
         vertex 0.0191637 -0.0121393 -0.0017
         vertex 0.0183997 -0.0115987 -0.00248794
         vertex 0.0185359 -0.00966408 -0.00200615
      endloop
   endfacet
   facet normal 0.705804 -0.0429248 -0.707106
      outer loop
         vertex 0.0191637 -0.0121393 -0.0017
         vertex 0.0183655 -0.0120926 -0.0025
         vertex 0.0183997 -0.0115987 -0.00248794
      endloop
   endfacet
   facet normal 0.727346 0.121468 -0.675435
      outer loop
         vertex 0.0185359 -0.00966408 -0.00200615
         vertex 0.0193709 -0.00859999 -0.00100275
         vertex 0.0191637 -0.0121393 -0.0017
      endloop
   endfacet
   facet normal 0.727346 0.121468 -0.675435
      outer loop
         vertex 0.0185359 -0.00966408 -0.00200615
         vertex 0.0186337 -0.00827435 -0.00166006
         vertex 0.0193709 -0.00859999 -0.00100275
      endloop
   endfacet
   facet normal 0.749966 0.296667 -0.591219
      outer loop
         vertex 0.0187201 -0.00701881 -0.000997737
         vertex 0.0188583 -0.0049809 0.000428932
         vertex 0.0195476 -0.00558268 0.000994618
      endloop
   endfacet
   facet normal 0.766347 0.429484 -0.47776
      outer loop
         vertex 0.0197919 -0.00140978 0.00513675
         vertex 0.0195476 -0.00558268 0.000994618
         vertex 0.0188583 -0.0049809 0.000428932
      endloop
   endfacet
   facet normal 0.766347 0.429484 -0.47776
      outer loop
         vertex 0.0188583 -0.0049809 0.000428932
         vertex 0.0191015 -0.000807793 0.00457107
         vertex 0.0197919 -0.00140978 0.00513675
      endloop
   endfacet
   facet normal 0.998291 -0.0584452 -4.05545e-17
      outer loop
         vertex 0.0183148 -0.0266397 0.0125
         vertex 0.0191637 -0.0121393 -0.0017
         vertex 0.0193709 -0.00859999 -0.00100275
      endloop
   endfacet
   facet normal 0.998291 -0.0584452 -4.05545e-17
      outer loop
         vertex 0.0183148 -0.0266397 0.0125
         vertex 0.0197919 -0.00140978 0.00513675
         vertex 0.0199089 0.000589768 0.00810213
      endloop
   endfacet
   facet normal 0.998291 -0.0584452 -4.05545e-17
      outer loop
         vertex 0.0193709 -0.00859999 -0.00100275
         vertex 0.0195476 -0.00558268 0.000994618
         vertex 0.0183148 -0.0266397 0.0125
      endloop
   endfacet
   facet normal 0.998291 -0.0584452 -4.05545e-17
      outer loop
         vertex 0.0183148 -0.0266397 0.0125
         vertex 0.0199091 0.000592201 0.00811343
         vertex 0.0199506 0.00130189 0.0114096
      endloop
   endfacet
   facet normal 0.998291 -0.0584452 -4.05545e-17
      outer loop
         vertex 0.0195476 -0.00558268 0.000994618
         vertex 0.0197919 -0.00140978 0.00513675
         vertex 0.0183148 -0.0266397 0.0125
      endloop
   endfacet
   facet normal 0.998291 -0.0584452 -4.05545e-17
      outer loop
         vertex 0.0199506 0.00130189 0.0114096
         vertex 0.0199508 0.00130412 0.0116421
         vertex 0.0183148 -0.0266397 0.0125
      endloop
   endfacet
   facet normal 0.998291 -0.0584452 -4.05545e-17
      outer loop
         vertex 0.0183148 -0.0266397 0.0125
         vertex 0.0183148 -0.0266397 -0.0017
         vertex 0.0191637 -0.0121393 -0.0017
      endloop
   endfacet
   facet normal 0.998291 -0.0584452 -4.05545e-17
      outer loop
         vertex 0.0199089 0.000589768 0.00810213
         vertex 0.0199091 0.000592201 0.00811343
         vertex 0.0183148 -0.0266397 0.0125
      endloop
   endfacet
   facet normal 0.998291 -0.0584452 -4.05545e-17
      outer loop
         vertex 0.0199508 0.00130412 0.0116421
         vertex 0.0199508 0.00130412 0.0125
         vertex 0.0183148 -0.0266397 0.0125
      endloop
   endfacet
   facet normal 0.789429 0.613842 4.25938e-16
      outer loop
         vertex 0.0199508 0.00130412 0.0116421
         vertex 0.0193036 0.00213641 0.0116421
         vertex 0.0193036 0.00213641 0.0125
      endloop
   endfacet
   facet normal 0.789429 0.613842 4.25938e-16
      outer loop
         vertex 0.0193036 0.00213641 0.0125
         vertex 0.0199508 0.00130412 0.0125
         vertex 0.0199508 0.00130412 0.0116421
      endloop
   endfacet
   facet normal 0.789427 0.613651 -0.0153796
      outer loop
         vertex 0.0199506 0.00130189 0.0114096
         vertex 0.0199091 0.000592201 0.00811343
         vertex 0.0192713 0.0016615 0.00921264
      endloop
   endfacet
   facet normal 0.783371 0.566281 -0.256235
      outer loop
         vertex 0.0199091 0.000592201 0.00811343
         vertex 0.0192503 0.00135242 0.00781513
         vertex 0.0192538 0.00140389 0.00789479
      endloop
   endfacet
   facet normal 0.783599 0.567572 -0.252654
      outer loop
         vertex 0.0192538 0.00140389 0.00789479
         vertex 0.0192713 0.0016615 0.00921264
         vertex 0.0199091 0.000592201 0.00811343
      endloop
   endfacet
   facet normal 0.789427 0.613841 0.00204834
      outer loop
         vertex 0.0193036 0.00213641 0.0116421
         vertex 0.0199508 0.00130412 0.0116421
         vertex 0.0199506 0.00130189 0.0114096
      endloop
   endfacet
   facet normal 0.765995 0.42843 -0.479269
      outer loop
         vertex 0.0197919 -0.00140978 0.00513675
         vertex 0.0191142 -0.000618799 0.00476414
         vertex 0.019197 0.000580508 0.00662039
      endloop
   endfacet
   facet normal 0.765995 0.42843 -0.479269
      outer loop
         vertex 0.0197919 -0.00140978 0.00513675
         vertex 0.0191015 -0.000807793 0.00457107
         vertex 0.0191142 -0.000618799 0.00476414
      endloop
   endfacet
   facet normal 0.778256 0.525085 -0.344389
      outer loop
         vertex 0.019197 0.000580508 0.00662039
         vertex 0.0199089 0.000589768 0.00810213
         vertex 0.0197919 -0.00140978 0.00513675
      endloop
   endfacet
   facet normal 0.783309 0.565274 -0.258636
      outer loop
         vertex 0.0192503 0.00135242 0.00781513
         vertex 0.0199091 0.000592201 0.00811343
         vertex 0.0199089 0.000589768 0.00810213
      endloop
   endfacet
   facet normal 0.778256 0.525085 -0.344389
      outer loop
         vertex 0.019197 0.000580508 0.00662039
         vertex 0.0192503 0.00135242 0.00781513
         vertex 0.0199089 0.000589768 0.00810213
      endloop
   endfacet
   facet normal 0.786964 0.594021 -0.166816
      outer loop
         vertex 0.0192713 0.0016615 0.00921264
         vertex 0.0193036 0.00213641 0.0116421
         vertex 0.0199506 0.00130189 0.0114096
      endloop
   endfacet
   facet normal 0.134956 0.694109 -0.707107
      outer loop
         vertex 0.0191015 -0.000807793 0.00457107
         vertex 0.0188583 -0.0049809 0.000428932
         vertex 0.0143638 -0.00414251 0.000428932
      endloop
   endfacet
   facet normal 0.122657 0.696387 -0.707107
      outer loop
         vertex 0.0143638 -0.00414251 0.000428932
         vertex 0.0146067 2.00896e-05 0.00457107
         vertex 0.0191015 -0.000807793 0.00457107
      endloop
   endfacet
   facet normal -0.7347 0.0550047 -0.676158
      outer loop
         vertex 0.0132191 -0.0110184 -0.00175557
         vertex 0.0134164 -0.00764829 -0.00104983
         vertex 0.0140543 -0.00879532 -0.00205254
      endloop
   endfacet
   facet normal -0.704246 0.304638 -0.641274
      outer loop
         vertex 0.0134164 -0.00764829 -0.00104983
         vertex 0.0141467 -0.00743171 -0.00170185
         vertex 0.0141308 -0.00767281 -0.00184707
      endloop
   endfacet
   facet normal -0.70613 0.291841 -0.645143
      outer loop
         vertex 0.0141308 -0.00767281 -0.00184707
         vertex 0.0140543 -0.00879532 -0.00205254
         vertex 0.0134164 -0.00764829 -0.00104983
      endloop
   endfacet
   facet normal -0.735943 0.0480199 -0.675338
      outer loop
         vertex 0.0138877 -0.0112399 -0.0025
         vertex 0.0132084 -0.0112001 -0.00175689
         vertex 0.0132191 -0.0110184 -0.00175557
      endloop
   endfacet
   facet normal -0.67639 0.540363 -0.500504
      outer loop
         vertex 0.0135936 -0.00462028 0.000954387
         vertex 0.0143345 -0.00458927 1.02695e-05
         vertex 0.0142286 -0.00619237 -0.000955345
      endloop
   endfacet
   facet normal -0.67639 0.540363 -0.500504
      outer loop
         vertex 0.0135936 -0.00462028 0.000954387
         vertex 0.0143638 -0.00414251 0.000428932
         vertex 0.0143345 -0.00458927 1.02695e-05
      endloop
   endfacet
   facet normal -0.693072 0.400159 -0.599603
      outer loop
         vertex 0.0142286 -0.00619237 -0.000955345
         vertex 0.0134179 -0.00762156 -0.00104424
         vertex 0.0135936 -0.00462028 0.000954387
      endloop
   endfacet
   facet normal -0.703914 0.310105 -0.639015
      outer loop
         vertex 0.0141467 -0.00743171 -0.00170185
         vertex 0.0134164 -0.00764829 -0.00104983
         vertex 0.0134179 -0.00762156 -0.00104424
      endloop
   endfacet
   facet normal -0.693072 0.400159 -0.599603
      outer loop
         vertex 0.0142286 -0.00619237 -0.000955345
         vertex 0.0141467 -0.00743171 -0.00170185
         vertex 0.0134179 -0.00762156 -0.00104424
      endloop
   endfacet
   facet normal -0.715251 0.216872 -0.664366
      outer loop
         vertex 0.0140543 -0.00879532 -0.00205254
         vertex 0.0138877 -0.0112399 -0.0025
         vertex 0.0132191 -0.0110184 -0.00175557
      endloop
   endfacet
   facet normal 0.121202 0.696642 -0.707107
      outer loop
         vertex 0.0146067 2.00896e-05 0.00457107
         vertex 0.0147007 0.00142502 0.0066133
         vertex 0.019197 0.000580508 0.00662039
      endloop
   endfacet
   facet normal 0.163459 0.844025 -0.510787
      outer loop
         vertex 0.019197 0.000580508 0.00662039
         vertex 0.0191142 -0.000618799 0.00476414
         vertex 0.0146067 2.00896e-05 0.00457107
      endloop
   endfacet
   facet normal 0.17524 0.906822 -0.38336
      outer loop
         vertex 0.0192503 0.00135242 0.00781513
         vertex 0.019197 0.000580508 0.00662039
         vertex 0.0147007 0.00142502 0.0066133
      endloop
   endfacet
   facet normal 0.15589 0.901044 -0.404745
      outer loop
         vertex 0.0147458 0.00210015 0.00759468
         vertex 0.0147493 0.00215279 0.00781628
         vertex 0.0192538 0.00140389 0.00789479
      endloop
   endfacet
   facet normal 0.175886 0.910296 -0.374735
      outer loop
         vertex 0.0192538 0.00140389 0.00789479
         vertex 0.0192503 0.00135242 0.00781513
         vertex 0.0147458 0.00210015 0.00759468
      endloop
   endfacet
   facet normal 0.157379 0.909783 -0.384091
      outer loop
         vertex 0.0147493 0.00215279 0.00781628
         vertex 0.0147713 0.00248606 0.00921929
         vertex 0.0192713 0.0016615 0.00921264
      endloop
   endfacet
   facet normal 0.183698 0.951421 -0.24709
      outer loop
         vertex 0.0192713 0.0016615 0.00921264
         vertex 0.0192538 0.00140389 0.00789479
         vertex 0.0147493 0.00215279 0.00781628
      endloop
   endfacet
   facet normal 0.183698 0.951421 -0.24709
      outer loop
         vertex 0.0192713 0.0016615 0.00921264
         vertex 0.0147713 0.00248606 0.00921929
         vertex 0.0148017 0.0029471 0.0111602
      endloop
   endfacet
   facet normal 0.169903 0.984281 -0.048197
      outer loop
         vertex 0.0148017 0.0029471 0.0111602
         vertex 0.0193036 0.00213641 0.0116421
         vertex 0.0192713 0.0016615 0.00921264
      endloop
   endfacet
   facet normal 0.169903 0.984281 -0.048197
      outer loop
         vertex 0.0148017 0.0029471 0.0111602
         vertex 0.0148023 0.00295878 0.0116421
         vertex 0.0193036 0.00213641 0.0116421
      endloop
   endfacet
   facet normal 0.146851 0.847269 -0.510461
      outer loop
         vertex 0.0147007 0.00142502 0.0066133
         vertex 0.0147458 0.00210015 0.00759468
         vertex 0.0192503 0.00135242 0.00781513
      endloop
   endfacet
   facet normal 0.13847 0.712571 -0.6878
      outer loop
         vertex 0.0191142 -0.000618799 0.00476414
         vertex 0.0191015 -0.000807793 0.00457107
         vertex 0.0146067 2.00896e-05 0.00457107
      endloop
   endfacet
   facet normal -0.676769 0.538774 -0.501703
      outer loop
         vertex 0.0135936 -0.00462028 0.000954387
         vertex 0.0138373 -0.000457818 0.00509652
         vertex 0.0146067 2.00896e-05 0.00457107
      endloop
   endfacet
   facet normal -0.676769 0.538774 -0.501703
      outer loop
         vertex 0.0146067 2.00896e-05 0.00457107
         vertex 0.0143638 -0.00414251 0.000428932
         vertex 0.0135936 -0.00462028 0.000954387
      endloop
   endfacet
   facet normal -0.998291 0.0584452 4.05545e-17
      outer loop
         vertex 0.0122551 -0.0274832 0.0125
         vertex 0.0135936 -0.00462028 0.000954387
         vertex 0.0134179 -0.00762156 -0.00104424
      endloop
   endfacet
   facet normal -0.998291 0.0584452 4.05545e-17
      outer loop
         vertex 0.0122551 -0.0274832 0.0125
         vertex 0.0138373 -0.000457818 0.00509652
         vertex 0.0135936 -0.00462028 0.000954387
      endloop
   endfacet
   facet normal -0.998291 0.0584452 4.05545e-17
      outer loop
         vertex 0.0122551 -0.0274832 0.0125
         vertex 0.0139546 0.00154544 0.00809795
         vertex 0.0138472 -0.000289543 0.00526747
      endloop
   endfacet
   facet normal -0.998291 0.0584452 4.05545e-17
      outer loop
         vertex 0.0122551 -0.0274832 0.0125
         vertex 0.0139968 0.00226624 0.0116421
         vertex 0.0139564 0.00157627 0.00814551
      endloop
   endfacet
   facet normal -0.998291 0.0584452 4.05545e-17
      outer loop
         vertex 0.0122551 -0.0274832 0.0125
         vertex 0.0134164 -0.00764829 -0.00104983
         vertex 0.0132191 -0.0110184 -0.00175557
      endloop
   endfacet
   facet normal -0.998291 0.0584452 4.05545e-17
      outer loop
         vertex 0.0138472 -0.000289543 0.00526747
         vertex 0.0138373 -0.000457818 0.00509652
         vertex 0.0122551 -0.0274832 0.0125
      endloop
   endfacet
   facet normal -0.998291 0.0584452 4.05545e-17
      outer loop
         vertex 0.0122551 -0.0274832 0.0125
         vertex 0.0139968 0.00226624 0.0125
         vertex 0.0139968 0.00226624 0.0116421
      endloop
   endfacet
   facet normal -0.998291 0.0584452 4.05545e-17
      outer loop
         vertex 0.0132191 -0.0110184 -0.00175557
         vertex 0.0132084 -0.0112001 -0.00175689
         vertex 0.0122551 -0.0274832 0.0125
      endloop
   endfacet
   facet normal -0.998291 0.0584452 4.05545e-17
      outer loop
         vertex 0.0139564 0.00157627 0.00814551
         vertex 0.0139546 0.00154544 0.00809795
         vertex 0.0122551 -0.0274832 0.0125
      endloop
   endfacet
   facet normal -0.998291 0.0584452 4.05545e-17
      outer loop
         vertex 0.0134179 -0.00762156 -0.00104424
         vertex 0.0134164 -0.00764829 -0.00104983
         vertex 0.0122551 -0.0274832 0.0125
      endloop
   endfacet
   facet normal -0.998291 0.0584452 4.05545e-17
      outer loop
         vertex 0.0132084 -0.0112001 -0.00175689
         vertex 0.0122551 -0.0274832 -0.00175689
         vertex 0.0122551 -0.0274832 0.0125
      endloop
   endfacet
   facet normal -0.651818 0.758376 5.26229e-16
      outer loop
         vertex 0.0139968 0.00226624 0.0125
         vertex 0.0148025 0.00295874 0.0125
         vertex 0.0148023 0.00295878 0.0116421
      endloop
   endfacet
   facet normal -0.651818 0.758376 5.26229e-16
      outer loop
         vertex 0.0148023 0.00295878 0.0116421
         vertex 0.0139968 0.00226624 0.0116421
         vertex 0.0139968 0.00226624 0.0125
      endloop
   endfacet
   facet normal -0.67558 0.551119 -0.489755
      outer loop
         vertex 0.0138472 -0.000289543 0.00526747
         vertex 0.0139546 0.00154544 0.00809795
         vertex 0.0147007 0.00142502 0.0066133
      endloop
   endfacet
   facet normal -0.658418 0.700153 -0.276172
      outer loop
         vertex 0.0139546 0.00154544 0.00809795
         vertex 0.0147493 0.00215279 0.00781628
         vertex 0.0147458 0.00210015 0.00759468
      endloop
   endfacet
   facet normal -0.659139 0.694355 -0.288804
      outer loop
         vertex 0.0147458 0.00210015 0.00759468
         vertex 0.0147007 0.00142502 0.0066133
         vertex 0.0139546 0.00154544 0.00809795
      endloop
   endfacet
   facet normal -0.676945 0.540498 -0.499607
      outer loop
         vertex 0.0146067 2.00896e-05 0.00457107
         vertex 0.0138373 -0.000457818 0.00509652
         vertex 0.0138472 -0.000289543 0.00526747
      endloop
   endfacet
   facet normal -0.651816 0.758374 0.00219011
      outer loop
         vertex 0.0139968 0.00226624 0.0116421
         vertex 0.0148017 0.0029471 0.0111602
         vertex 0.0147713 0.00248606 0.00921929
      endloop
   endfacet
   facet normal -0.651816 0.758374 0.00219011
      outer loop
         vertex 0.0139968 0.00226624 0.0116421
         vertex 0.0148023 0.00295878 0.0116421
         vertex 0.0148017 0.0029471 0.0111602
      endloop
   endfacet
   facet normal -0.654495 0.734946 -0.177457
      outer loop
         vertex 0.0147713 0.00248606 0.00921929
         vertex 0.0139564 0.00157627 0.00814551
         vertex 0.0139968 0.00226624 0.0116421
      endloop
   endfacet
   facet normal -0.658363 0.701071 -0.273968
      outer loop
         vertex 0.0147493 0.00215279 0.00781628
         vertex 0.0139546 0.00154544 0.00809795
         vertex 0.0139564 0.00157627 0.00814551
      endloop
   endfacet
   facet normal -0.654495 0.734946 -0.177457
      outer loop
         vertex 0.0147713 0.00248606 0.00921929
         vertex 0.0147493 0.00215279 0.00781628
         vertex 0.0139564 0.00157627 0.00814551
      endloop
   endfacet
   facet normal -0.663824 0.654041 -0.362722
      outer loop
         vertex 0.0147007 0.00142502 0.0066133
         vertex 0.0146067 2.00896e-05 0.00457107
         vertex 0.0138472 -0.000289543 0.00526747
      endloop
   endfacet
   facet normal 0 6.93889e-16 -1
      outer loop
         vertex 0.01225 -0.016 0.0125
         vertex 0.0139968 0.00226624 0.0125
         vertex 0.0122551 -0.0274832 0.0125
      endloop
   endfacet
   facet normal 0 6.93889e-16 -1
      outer loop
         vertex 0.0046 -0.007 0.0125
         vertex 3.89473e-05 -0.00624988 0.0125
         vertex 0.00242771 -0.00575923 0.0125
      endloop
   endfacet
   facet normal 0 6.93889e-16 -1
      outer loop
         vertex -0.0046 -0.007 0.0125
         vertex -0.00470657 -0.00646424 0.0125
         vertex 3.89473e-05 -0.00624988 0.0125
      endloop
   endfacet
   facet normal 0 6.93889e-16 -1
      outer loop
         vertex 0.00628687 0.00345933 0.0125
         vertex 0.00645313 0.0037576 0.0125
         vertex 0.00671005 0.00398254 0.0125
      endloop
   endfacet
   facet normal 0 6.93889e-16 -1
      outer loop
         vertex 0.0139968 0.00226624 0.0125
         vertex 0.00698995 -0.00601005 0.0125
         vertex 0.00653576 -0.00570657 0.0125
      endloop
   endfacet
   facet normal 0 6.93889e-16 -1
      outer loop
         vertex 0.0120978 -0.0152346 0.0125
         vertex 0.00729343 -0.00753576 0.0125
         vertex 0.0074 -0.007 0.0125
      endloop
   endfacet
   facet normal 0 6.93889e-16 -1
      outer loop
         vertex 0.0122551 -0.0274832 0.0125
         vertex 0.01225 -0.0276585 0.0125
         vertex 0.01225 -0.016 0.0125
      endloop
   endfacet
   facet normal 0 6.93889e-16 -1
      outer loop
         vertex 0.00729343 -0.00753576 0.0125
         vertex 0.0120978 -0.0152346 0.0125
         vertex 0.0116642 -0.0145858 0.0125
      endloop
   endfacet
   facet normal 0 6.93889e-16 -1
      outer loop
         vertex -0.00470657 -0.00753576 0.0125
         vertex 0.00501005 -0.00798995 0.0125
         vertex 0.00546424 -0.00829343 0.0125
      endloop
   endfacet
   facet normal 0 6.93889e-16 -1
      outer loop
         vertex -0.00470657 -0.00753576 0.0125
         vertex -0.0046 -0.007 0.0125
         vertex 0.0046 -0.007 0.0125
      endloop
   endfacet
   facet normal 0 6.93889e-16 -1
      outer loop
         vertex 3.89473e-05 -0.00624988 0.0125
         vertex 0.0046 -0.007 0.0125
         vertex -0.0046 -0.007 0.0125
      endloop
   endfacet
   facet normal 0 6.93889e-16 -1
      outer loop
         vertex 0.00671005 0.00398254 0.0125
         vertex 0.00702768 0.00410792 0.0125
         vertex 0.00628687 0.00345933 0.0125
      endloop
   endfacet
   facet normal 0 6.93889e-16 -1
      outer loop
         vertex 0.0139968 0.00226624 0.0125
         vertex 0.00729343 -0.00646424 0.0125
         vertex 0.00698995 -0.00601005 0.0125
      endloop
   endfacet
   facet normal 0 6.93889e-16 -1
      outer loop
         vertex 0.01225 -0.016 0.0125
         vertex 0.0120978 -0.0152346 0.0125
         vertex 0.0139968 0.00226624 0.0125
      endloop
   endfacet
   facet normal 0 6.93889e-16 -1
      outer loop
         vertex 0.0116642 -0.0145858 0.0125
         vertex 0.00653576 -0.00829343 0.0125
         vertex 0.00698995 -0.00798995 0.0125
      endloop
   endfacet
   facet normal 0 6.93889e-16 -1
      outer loop
         vertex 0.00653576 -0.00829343 0.0125
         vertex 0.0116642 -0.0145858 0.0125
         vertex 0.0110154 -0.0141522 0.0125
      endloop
   endfacet
   facet normal 0 6.93889e-16 -1
      outer loop
         vertex -0.00470657 -0.00753576 0.0125
         vertex 0.00470657 -0.00753576 0.0125
         vertex 0.00501005 -0.00798995 0.0125
      endloop
   endfacet
   facet normal 0 6.93889e-16 -1
      outer loop
         vertex 0.00242771 -0.00575923 0.0125
         vertex 0.00470657 -0.00646424 0.0125
         vertex 0.0046 -0.007 0.0125
      endloop
   endfacet
   facet normal 0 6.93889e-16 -1
      outer loop
         vertex 0.00736897 0.00411912 0.0125
         vertex 0.00623066 0.00312251 0.0125
         vertex 0.00628687 0.00345933 0.0125
      endloop
   endfacet
   facet normal 0 6.93889e-16 -1
      outer loop
         vertex 0.0139968 0.00226624 0.0125
         vertex 0.0074 -0.007 0.0125
         vertex 0.00729343 -0.00646424 0.0125
      endloop
   endfacet
   facet normal 0 6.93889e-16 -1
      outer loop
         vertex 0.0116642 -0.0145858 0.0125
         vertex 0.00698995 -0.00798995 0.0125
         vertex 0.00729343 -0.00753576 0.0125
      endloop
   endfacet
   facet normal 0 6.93889e-16 -1
      outer loop
         vertex 0.0110154 -0.0141522 0.0125
         vertex 0.00546424 -0.00829343 0.0125
         vertex 0.006 -0.0084 0.0125
      endloop
   endfacet
   facet normal 0 6.93889e-16 -1
      outer loop
         vertex 0.0046 -0.007 0.0125
         vertex 0.00470657 -0.00753576 0.0125
         vertex -0.00470657 -0.00753576 0.0125
      endloop
   endfacet
   facet normal 0 6.93889e-16 -1
      outer loop
         vertex 0.00242771 -0.00575923 0.0125
         vertex 0.00444687 -0.00439179 0.0125
         vertex 0.00501005 -0.00601005 0.0125
      endloop
   endfacet
   facet normal 0 6.93889e-16 -1
      outer loop
         vertex -0.01225 -0.00894429 0.0125
         vertex -0.00729343 -0.00753576 0.0125
         vertex -0.00698995 -0.00798995 0.0125
      endloop
   endfacet
   facet normal 0 6.93889e-16 -1
      outer loop
         vertex -0.01225 -0.00894429 0.0125
         vertex -0.0118685 -0.00603945 0.0125
         vertex -0.0074 -0.007 0.0125
      endloop
   endfacet
   facet normal 0 6.93889e-16 -1
      outer loop
         vertex -0.00708019 0.00342898 0.0125
         vertex -0.00675913 0.00330866 0.0125
         vertex -0.00649758 0.00308695 0.0125
      endloop
   endfacet
   facet normal 0 6.93889e-16 -1
      outer loop
         vertex -0.00235574 -0.00578904 0.0125
         vertex -0.00470657 -0.00646424 0.0125
         vertex -0.00501005 -0.00601005 0.0125
      endloop
   endfacet
   facet normal 0 6.93889e-16 -1
      outer loop
         vertex 0.00736897 0.00411912 0.0125
         vertex 0.00624988 3.89473e-05 0.0125
         vertex 0.00623066 0.00312251 0.0125
      endloop
   endfacet
   facet normal 0 6.93889e-16 -1
      outer loop
         vertex 0.00653576 -0.00570657 0.0125
         vertex 0.006 -0.0056 0.0125
         vertex 0.00624988 3.89473e-05 0.0125
      endloop
   endfacet
   facet normal 0 6.93889e-16 -1
      outer loop
         vertex 0.0074 -0.007 0.0125
         vertex 0.0139968 0.00226624 0.0125
         vertex 0.0120978 -0.0152346 0.0125
      endloop
   endfacet
   facet normal 0 6.93889e-16 -1
      outer loop
         vertex 0.00546424 -0.00829343 0.0125
         vertex 0.0110154 -0.0141522 0.0125
         vertex -0.00470657 -0.00753576 0.0125
      endloop
   endfacet
   facet normal 0 6.93889e-16 -1
      outer loop
         vertex 0.00444687 -0.00439179 0.0125
         vertex 0.00546424 -0.00570657 0.0125
         vertex 0.00501005 -0.00601005 0.0125
      endloop
   endfacet
   facet normal 0 6.93889e-16 -1
      outer loop
         vertex 0.00578904 -0.00235574 0.0125
         vertex 0.006 -0.0056 0.0125
         vertex 0.00546424 -0.00570657 0.0125
      endloop
   endfacet
   facet normal 0 6.93889e-16 -1
      outer loop
         vertex -0.00698995 -0.00798995 0.0125
         vertex -0.00653576 -0.00829343 0.0125
         vertex -0.01025 -0.014 0.0125
      endloop
   endfacet
   facet normal 0 6.93889e-16 -1
      outer loop
         vertex -0.0074 -0.007 0.0125
         vertex -0.00729343 -0.00753576 0.0125
         vertex -0.01225 -0.00894429 0.0125
      endloop
   endfacet
   facet normal 0 6.93889e-16 -1
      outer loop
         vertex -0.00649758 0.00308695 0.0125
         vertex -0.00632629 0.00278993 0.0125
         vertex -0.00708019 0.00342898 0.0125
      endloop
   endfacet
   facet normal 0 6.93889e-16 -1
      outer loop
         vertex -0.00501005 -0.00601005 0.0125
         vertex -0.00439179 -0.00444687 0.0125
         vertex -0.00235574 -0.00578904 0.0125
      endloop
   endfacet
   facet normal 0 6.93889e-16 -1
      outer loop
         vertex -0.00575923 -0.00242771 0.0125
         vertex -0.00439179 -0.00444687 0.0125
         vertex -0.00546424 -0.00570657 0.0125
      endloop
   endfacet
   facet normal 0 6.93889e-16 -1
      outer loop
         vertex 0.00624988 3.89473e-05 0.0125
         vertex 0.00736897 0.00411912 0.0125
         vertex 0.00653576 -0.00570657 0.0125
      endloop
   endfacet
   facet normal 0 6.93889e-16 -1
      outer loop
         vertex 0.0110154 -0.0141522 0.0125
         vertex 0.006 -0.0084 0.0125
         vertex 0.00653576 -0.00829343 0.0125
      endloop
   endfacet
   facet normal 0 6.93889e-16 -1
      outer loop
         vertex 0.00546424 -0.00570657 0.0125
         vertex 0.00444687 -0.00439179 0.0125
         vertex 0.00578904 -0.00235574 0.0125
      endloop
   endfacet
   facet normal 0 6.93889e-16 -1
      outer loop
         vertex -0.00470657 -0.00753576 0.0125
         vertex 0.0110154 -0.0141522 0.0125
         vertex 0.01025 -0.014 0.0125
      endloop
   endfacet
   facet normal 0 6.93889e-16 -1
      outer loop
         vertex -0.01025 -0.014 0.0125
         vertex -0.006 -0.0084 0.0125
         vertex -0.00546424 -0.00829343 0.0125
      endloop
   endfacet
   facet normal 0 6.93889e-16 -1
      outer loop
         vertex -0.00698995 -0.00798995 0.0125
         vertex -0.0110154 -0.0141522 0.0125
         vertex -0.01225 -0.00894429 0.0125
      endloop
   endfacet
   facet normal 0 6.93889e-16 -1
      outer loop
         vertex -0.0062654 0.00245251 0.0125
         vertex -0.00742303 0.00343377 0.0125
         vertex -0.00708019 0.00342898 0.0125
      endloop
   endfacet
   facet normal 0 6.93889e-16 -1
      outer loop
         vertex -0.00501005 -0.00601005 0.0125
         vertex -0.00546424 -0.00570657 0.0125
         vertex -0.00439179 -0.00444687 0.0125
      endloop
   endfacet
   facet normal 0 6.93889e-16 -1
      outer loop
         vertex -0.006 -0.0056 0.0125
         vertex -0.00624988 -3.89473e-05 0.0125
         vertex -0.00575923 -0.00242771 0.0125
      endloop
   endfacet
   facet normal 0 6.93889e-16 -1
      outer loop
         vertex 0.00653576 -0.00570657 0.0125
         vertex 0.00736897 0.00411912 0.0125
         vertex 0.0139968 0.00226624 0.0125
      endloop
   endfacet
   facet normal 0 6.93889e-16 -1
      outer loop
         vertex 0.00501005 -0.00601005 0.0125
         vertex 0.00470657 -0.00646424 0.0125
         vertex 0.00242771 -0.00575923 0.0125
      endloop
   endfacet
   facet normal 0 6.93889e-16 -1
      outer loop
         vertex 0.01025 -0.014 0.0125
         vertex -0.00546424 -0.00829343 0.0125
         vertex -0.00501005 -0.00798995 0.0125
      endloop
   endfacet
   facet normal 0 6.93889e-16 -1
      outer loop
         vertex -0.01025 -0.014 0.0125
         vertex -0.00653576 -0.00829343 0.0125
         vertex -0.006 -0.0084 0.0125
      endloop
   endfacet
   facet normal 0 6.93889e-16 -1
      outer loop
         vertex -0.01225 -0.00894429 0.0125
         vertex -0.0116642 -0.0145858 0.0125
         vertex -0.0120978 -0.0152346 0.0125
      endloop
   endfacet
   facet normal 0 6.93889e-16 -1
      outer loop
         vertex -0.01025 -0.014 0.0125
         vertex -0.0110154 -0.0141522 0.0125
         vertex -0.00698995 -0.00798995 0.0125
      endloop
   endfacet
   facet normal 0 6.93889e-16 -1
      outer loop
         vertex -0.0107673 -0.00336202 0.0125
         vertex -0.00698995 -0.00601005 0.0125
         vertex -0.00729343 -0.00646424 0.0125
      endloop
   endfacet
   facet normal 0 6.93889e-16 -1
      outer loop
         vertex -0.0062654 0.00245251 0.0125
         vertex -0.00774734 0.00332247 0.0125
         vertex -0.00742303 0.00343377 0.0125
      endloop
   endfacet
   facet normal 0 6.93889e-16 -1
      outer loop
         vertex -0.0062654 0.00245251 0.0125
         vertex -0.0121006 -0.000413386 0.0125
         vertex -0.00826901 0.00302072 0.0125
      endloop
   endfacet
   facet normal 0 6.93889e-16 -1
      outer loop
         vertex -0.00546424 -0.00570657 0.0125
         vertex -0.006 -0.0056 0.0125
         vertex -0.00575923 -0.00242771 0.0125
      endloop
   endfacet
   facet normal 0 6.93889e-16 -1
      outer loop
         vertex 0.00578904 -0.00235574 0.0125
         vertex 0.00624988 3.89473e-05 0.0125
         vertex 0.006 -0.0056 0.0125
      endloop
   endfacet
   facet normal 0 6.93889e-16 -1
      outer loop
         vertex -0.00546424 -0.00829343 0.0125
         vertex 0.01025 -0.014 0.0125
         vertex -0.01025 -0.014 0.0125
      endloop
   endfacet
   facet normal 0 6.93889e-16 -1
      outer loop
         vertex -0.0110154 -0.0141522 0.0125
         vertex -0.0116642 -0.0145858 0.0125
         vertex -0.01225 -0.00894429 0.0125
      endloop
   endfacet
   facet normal 0 6.93889e-16 -1
      outer loop
         vertex -0.0107673 -0.00336202 0.0125
         vertex -0.00653576 -0.00570657 0.0125
         vertex -0.00698995 -0.00601005 0.0125
      endloop
   endfacet
   facet normal 0 6.93889e-16 -1
      outer loop
         vertex -0.0121006 -0.000413386 0.0125
         vertex -0.00624988 -3.89473e-05 0.0125
         vertex -0.0107673 -0.00336202 0.0125
      endloop
   endfacet
   facet normal 0 6.93889e-16 -1
      outer loop
         vertex -0.00826901 0.00302072 0.0125
         vertex -0.00774734 0.00332247 0.0125
         vertex -0.0062654 0.00245251 0.0125
      endloop
   endfacet
   facet normal 0 6.93889e-16 -1
      outer loop
         vertex 0.00702768 0.00410792 0.0125
         vertex 0.00736897 0.00411912 0.0125
         vertex 0.00628687 0.00345933 0.0125
      endloop
   endfacet
   facet normal 0 6.93889e-16 -1
      outer loop
         vertex -0.0120978 -0.0152346 0.0125
         vertex -0.01225 -0.016 0.0125
         vertex -0.01225 -0.00894429 0.0125
      endloop
   endfacet
   facet normal 0 6.93889e-16 -1
      outer loop
         vertex -0.00729343 -0.00646424 0.0125
         vertex -0.0118685 -0.00603945 0.0125
         vertex -0.0107673 -0.00336202 0.0125
      endloop
   endfacet
   facet normal 0 6.93889e-16 -1
      outer loop
         vertex -0.00624988 -3.89473e-05 0.0125
         vertex -0.006 -0.0056 0.0125
         vertex -0.0107673 -0.00336202 0.0125
      endloop
   endfacet
   facet normal 0 6.93889e-16 -1
      outer loop
         vertex -0.00632629 0.00278993 0.0125
         vertex -0.0062654 0.00245251 0.0125
         vertex -0.00708019 0.00342898 0.0125
      endloop
   endfacet
   facet normal 0 6.93889e-16 -1
      outer loop
         vertex 0.01025 -0.014 0.0125
         vertex -0.00501005 -0.00798995 0.0125
         vertex -0.00470657 -0.00753576 0.0125
      endloop
   endfacet
   facet normal 0 6.93889e-16 -1
      outer loop
         vertex -0.0107673 -0.00336202 0.0125
         vertex -0.006 -0.0056 0.0125
         vertex -0.00653576 -0.00570657 0.0125
      endloop
   endfacet
   facet normal 0 6.93889e-16 -1
      outer loop
         vertex -0.0062654 0.00245251 0.0125
         vertex -0.00624988 -3.89473e-05 0.0125
         vertex -0.0121006 -0.000413386 0.0125
      endloop
   endfacet
   facet normal 0 6.93889e-16 -1
      outer loop
         vertex -0.00729343 -0.00646424 0.0125
         vertex -0.0074 -0.007 0.0125
         vertex -0.0118685 -0.00603945 0.0125
      endloop
   endfacet
   facet normal 0 6.93889e-16 -1
      outer loop
         vertex -0.0107673 -0.00336202 0.0125
         vertex -0.0124393 -0.00240662 0.0125
         vertex -0.0121006 -0.000413386 0.0125
      endloop
   endfacet
   facet normal 0 6.93889e-16 -1
      outer loop
         vertex 0.00736897 0.00411912 0.0125
         vertex 0.0148025 0.00295874 0.0125
         vertex 0.0139968 0.00226624 0.0125
      endloop
   endfacet
   facet normal 0 6.93889e-16 -1
      outer loop
         vertex -0.00235574 -0.00578904 0.0125
         vertex 3.89473e-05 -0.00624988 0.0125
         vertex -0.00470657 -0.00646424 0.0125
      endloop
   endfacet
   facet normal 0 6.93889e-16 -1
      outer loop
         vertex -0.0124393 -0.00240662 0.0125
         vertex -0.0135537 -0.00274713 0.0125
         vertex -0.0121006 -0.000413386 0.0125
      endloop
   endfacet
   facet normal 0.382683 -0.92388 -6.4107e-16
      outer loop
         vertex 0.00546424 -0.00570657 0.0125
         vertex 0.006 -0.0056 0.0125
         vertex 0.006 -0.0056 0.0155
      endloop
   endfacet
   facet normal 0.707107 -0.707107 -4.90654e-16
      outer loop
         vertex 0.00501005 -0.00601005 0.0125
         vertex 0.00546424 -0.00570657 0.0125
         vertex 0.00546424 -0.00570657 0.0155
      endloop
   endfacet
   facet normal 0.92388 -0.382683 -2.6554e-16
      outer loop
         vertex 0.00470657 -0.00646424 0.0125
         vertex 0.00501005 -0.00601005 0.0125
         vertex 0.00501005 -0.00601005 0.0155
      endloop
   endfacet
   facet normal 1 1.83697e-16 1.27465e-31
      outer loop
         vertex 0.0046 -0.007 0.0125
         vertex 0.00470657 -0.00646424 0.0125
         vertex 0.00470657 -0.00646424 0.0155
      endloop
   endfacet
   facet normal 0.92388 0.382683 2.6554e-16
      outer loop
         vertex 0.00470657 -0.00753576 0.0125
         vertex 0.0046 -0.007 0.0125
         vertex 0.0046 -0.007 0.0155
      endloop
   endfacet
   facet normal 0.707107 0.707107 4.90654e-16
      outer loop
         vertex 0.00501005 -0.00798995 0.0125
         vertex 0.00470657 -0.00753576 0.0125
         vertex 0.00470657 -0.00753576 0.0155
      endloop
   endfacet
   facet normal 0.382683 0.92388 6.4107e-16
      outer loop
         vertex 0.00546424 -0.00829343 0.0125
         vertex 0.00501005 -0.00798995 0.0125
         vertex 0.00501005 -0.00798995 0.0155
      endloop
   endfacet
   facet normal -6.19544e-16 1 6.19544e-16
      outer loop
         vertex 0.006 -0.0084 0.0125
         vertex 0.00546424 -0.00829343 0.0125
         vertex 0.00546424 -0.00829343 0.0155
      endloop
   endfacet
   facet normal -0.382683 0.92388 6.4107e-16
      outer loop
         vertex 0.00653576 -0.00829343 0.0125
         vertex 0.006 -0.0084 0.0125
         vertex 0.006 -0.0084 0.0155
      endloop
   endfacet
   facet normal -0.707107 0.707107 4.90654e-16
      outer loop
         vertex 0.00698995 -0.00798995 0.0125
         vertex 0.00653576 -0.00829343 0.0125
         vertex 0.00653576 -0.00829343 0.0155
      endloop
   endfacet
   facet normal -0.92388 0.382683 2.6554e-16
      outer loop
         vertex 0.00729343 -0.00753576 0.0125
         vertex 0.00698995 -0.00798995 0.0125
         vertex 0.00698995 -0.00798995 0.0155
      endloop
   endfacet
   facet normal -1 -6.12323e-17 -4.24885e-32
      outer loop
         vertex 0.0074 -0.007 0.0125
         vertex 0.00729343 -0.00753576 0.0125
         vertex 0.00729343 -0.00753576 0.0155
      endloop
   endfacet
   facet normal -0.92388 -0.382683 -2.6554e-16
      outer loop
         vertex 0.00729343 -0.00646424 0.0125
         vertex 0.0074 -0.007 0.0125
         vertex 0.0074 -0.007 0.0155
      endloop
   endfacet
   facet normal -0.707107 -0.707107 -4.90654e-16
      outer loop
         vertex 0.00698995 -0.00601005 0.0125
         vertex 0.00729343 -0.00646424 0.0125
         vertex 0.00729343 -0.00646424 0.0155
      endloop
   endfacet
   facet normal -0.382683 -0.92388 -6.4107e-16
      outer loop
         vertex 0.00653576 -0.00570657 0.0125
         vertex 0.00698995 -0.00601005 0.0125
         vertex 0.00698995 -0.00601005 0.0155
      endloop
   endfacet
   facet normal 2.44929e-16 -1 -6.93889e-16
      outer loop
         vertex 0.006 -0.0056 0.0125
         vertex 0.00653576 -0.00570657 0.0125
         vertex 0.00653576 -0.00570657 0.0155
      endloop
   endfacet
   facet normal -0.382683 -0.92388 -6.4107e-16
      outer loop
         vertex 0.00653576 -0.00570657 0.0155
         vertex 0.006 -0.0056 0.0155
         vertex 0.006 -0.0056 0.0125
      endloop
   endfacet
   facet normal -0.707107 -0.707107 -4.90654e-16
      outer loop
         vertex 0.00698995 -0.00601005 0.0155
         vertex 0.00653576 -0.00570657 0.0155
         vertex 0.00653576 -0.00570657 0.0125
      endloop
   endfacet
   facet normal -0.92388 -0.382683 -2.6554e-16
      outer loop
         vertex 0.00729343 -0.00646424 0.0155
         vertex 0.00698995 -0.00601005 0.0155
         vertex 0.00698995 -0.00601005 0.0125
      endloop
   endfacet
   facet normal -1 -6.12323e-17 -4.24885e-32
      outer loop
         vertex 0.0074 -0.007 0.0155
         vertex 0.00729343 -0.00646424 0.0155
         vertex 0.00729343 -0.00646424 0.0125
      endloop
   endfacet
   facet normal -0.92388 0.382683 2.6554e-16
      outer loop
         vertex 0.00729343 -0.00753576 0.0155
         vertex 0.0074 -0.007 0.0155
         vertex 0.0074 -0.007 0.0125
      endloop
   endfacet
   facet normal -0.707107 0.707107 4.90654e-16
      outer loop
         vertex 0.00698995 -0.00798995 0.0155
         vertex 0.00729343 -0.00753576 0.0155
         vertex 0.00729343 -0.00753576 0.0125
      endloop
   endfacet
   facet normal -0.382683 0.92388 6.4107e-16
      outer loop
         vertex 0.00653576 -0.00829343 0.0155
         vertex 0.00698995 -0.00798995 0.0155
         vertex 0.00698995 -0.00798995 0.0125
      endloop
   endfacet
   facet normal -1.22465e-16 1 6.93889e-16
      outer loop
         vertex 0.006 -0.0084 0.0155
         vertex 0.00653576 -0.00829343 0.0155
         vertex 0.00653576 -0.00829343 0.0125
      endloop
   endfacet
   facet normal 0.382683 0.92388 6.4107e-16
      outer loop
         vertex 0.00546424 -0.00829343 0.0155
         vertex 0.006 -0.0084 0.0155
         vertex 0.006 -0.0084 0.0125
      endloop
   endfacet
   facet normal 0.707107 0.707107 4.90654e-16
      outer loop
         vertex 0.00501005 -0.00798995 0.0155
         vertex 0.00546424 -0.00829343 0.0155
         vertex 0.00546424 -0.00829343 0.0125
      endloop
   endfacet
   facet normal 0.92388 0.382683 2.6554e-16
      outer loop
         vertex 0.00470657 -0.00753576 0.0155
         vertex 0.00501005 -0.00798995 0.0155
         vertex 0.00501005 -0.00798995 0.0125
      endloop
   endfacet
   facet normal 1 1.83697e-16 1.27465e-31
      outer loop
         vertex 0.0046 -0.007 0.0155
         vertex 0.00470657 -0.00753576 0.0155
         vertex 0.00470657 -0.00753576 0.0125
      endloop
   endfacet
   facet normal 0.92388 -0.382683 -2.6554e-16
      outer loop
         vertex 0.00470657 -0.00646424 0.0155
         vertex 0.0046 -0.007 0.0155
         vertex 0.0046 -0.007 0.0125
      endloop
   endfacet
   facet normal 0.707107 -0.707107 -4.90654e-16
      outer loop
         vertex 0.00501005 -0.00601005 0.0155
         vertex 0.00470657 -0.00646424 0.0155
         vertex 0.00470657 -0.00646424 0.0125
      endloop
   endfacet
   facet normal 0.382683 -0.92388 -6.4107e-16
      outer loop
         vertex 0.00546424 -0.00570657 0.0155
         vertex 0.00501005 -0.00601005 0.0155
         vertex 0.00501005 -0.00601005 0.0125
      endloop
   endfacet
   facet normal 2.44929e-16 -1 -6.93889e-16
      outer loop
         vertex 0.006 -0.0056 0.0155
         vertex 0.00546424 -0.00570657 0.0155
         vertex 0.00546424 -0.00570657 0.0125
      endloop
   endfacet
   facet normal 0.382683 -0.92388 -6.4107e-16
      outer loop
         vertex -0.00653576 -0.00570657 0.0125
         vertex -0.006 -0.0056 0.0125
         vertex -0.006 -0.0056 0.0155
      endloop
   endfacet
   facet normal 0.707107 -0.707107 -4.90654e-16
      outer loop
         vertex -0.00698995 -0.00601005 0.0125
         vertex -0.00653576 -0.00570657 0.0125
         vertex -0.00653576 -0.00570657 0.0155
      endloop
   endfacet
   facet normal 0.92388 -0.382683 -2.6554e-16
      outer loop
         vertex -0.00729343 -0.00646424 0.0125
         vertex -0.00698995 -0.00601005 0.0125
         vertex -0.00698995 -0.00601005 0.0155
      endloop
   endfacet
   facet normal 1 1.83697e-16 1.27465e-31
      outer loop
         vertex -0.0074 -0.007 0.0125
         vertex -0.00729343 -0.00646424 0.0125
         vertex -0.00729343 -0.00646424 0.0155
      endloop
   endfacet
   facet normal 0.92388 0.382683 2.6554e-16
      outer loop
         vertex -0.00729343 -0.00753576 0.0125
         vertex -0.0074 -0.007 0.0125
         vertex -0.0074 -0.007 0.0155
      endloop
   endfacet
   facet normal 0.707107 0.707107 4.90654e-16
      outer loop
         vertex -0.00698995 -0.00798995 0.0125
         vertex -0.00729343 -0.00753576 0.0125
         vertex -0.00729343 -0.00753576 0.0155
      endloop
   endfacet
   facet normal 0.382683 0.92388 6.4107e-16
      outer loop
         vertex -0.00653576 -0.00829343 0.0125
         vertex -0.00698995 -0.00798995 0.0125
         vertex -0.00698995 -0.00798995 0.0155
      endloop
   endfacet
   facet normal -6.19544e-16 1 6.19544e-16
      outer loop
         vertex -0.006 -0.0084 0.0125
         vertex -0.00653576 -0.00829343 0.0125
         vertex -0.00653576 -0.00829343 0.0155
      endloop
   endfacet
   facet normal -0.382683 0.92388 6.4107e-16
      outer loop
         vertex -0.00546424 -0.00829343 0.0125
         vertex -0.006 -0.0084 0.0125
         vertex -0.006 -0.0084 0.0155
      endloop
   endfacet
   facet normal -0.707107 0.707107 4.90654e-16
      outer loop
         vertex -0.00501005 -0.00798995 0.0125
         vertex -0.00546424 -0.00829343 0.0125
         vertex -0.00546424 -0.00829343 0.0155
      endloop
   endfacet
   facet normal -0.92388 0.382683 2.6554e-16
      outer loop
         vertex -0.00470657 -0.00753576 0.0125
         vertex -0.00501005 -0.00798995 0.0125
         vertex -0.00501005 -0.00798995 0.0155
      endloop
   endfacet
   facet normal -1 -6.12323e-17 -4.24885e-32
      outer loop
         vertex -0.0046 -0.007 0.0125
         vertex -0.00470657 -0.00753576 0.0125
         vertex -0.00470657 -0.00753576 0.0155
      endloop
   endfacet
   facet normal -0.92388 -0.382683 -2.6554e-16
      outer loop
         vertex -0.00470657 -0.00646424 0.0125
         vertex -0.0046 -0.007 0.0125
         vertex -0.0046 -0.007 0.0155
      endloop
   endfacet
   facet normal -0.707107 -0.707107 -4.90654e-16
      outer loop
         vertex -0.00501005 -0.00601005 0.0125
         vertex -0.00470657 -0.00646424 0.0125
         vertex -0.00470657 -0.00646424 0.0155
      endloop
   endfacet
   facet normal -0.382683 -0.92388 -6.4107e-16
      outer loop
         vertex -0.00546424 -0.00570657 0.0125
         vertex -0.00501005 -0.00601005 0.0125
         vertex -0.00501005 -0.00601005 0.0155
      endloop
   endfacet
   facet normal 2.44929e-16 -1 -6.93889e-16
      outer loop
         vertex -0.006 -0.0056 0.0125
         vertex -0.00546424 -0.00570657 0.0125
         vertex -0.00546424 -0.00570657 0.0155
      endloop
   endfacet
   facet normal -0.382683 -0.92388 -6.4107e-16
      outer loop
         vertex -0.00546424 -0.00570657 0.0155
         vertex -0.006 -0.0056 0.0155
         vertex -0.006 -0.0056 0.0125
      endloop
   endfacet
   facet normal -0.707107 -0.707107 -4.90654e-16
      outer loop
         vertex -0.00501005 -0.00601005 0.0155
         vertex -0.00546424 -0.00570657 0.0155
         vertex -0.00546424 -0.00570657 0.0125
      endloop
   endfacet
   facet normal -0.92388 -0.382683 -2.6554e-16
      outer loop
         vertex -0.00470657 -0.00646424 0.0155
         vertex -0.00501005 -0.00601005 0.0155
         vertex -0.00501005 -0.00601005 0.0125
      endloop
   endfacet
   facet normal -1 -6.12323e-17 -4.24885e-32
      outer loop
         vertex -0.0046 -0.007 0.0155
         vertex -0.00470657 -0.00646424 0.0155
         vertex -0.00470657 -0.00646424 0.0125
      endloop
   endfacet
   facet normal -0.92388 0.382683 2.6554e-16
      outer loop
         vertex -0.00470657 -0.00753576 0.0155
         vertex -0.0046 -0.007 0.0155
         vertex -0.0046 -0.007 0.0125
      endloop
   endfacet
   facet normal -0.707107 0.707107 4.90654e-16
      outer loop
         vertex -0.00501005 -0.00798995 0.0155
         vertex -0.00470657 -0.00753576 0.0155
         vertex -0.00470657 -0.00753576 0.0125
      endloop
   endfacet
   facet normal -0.382683 0.92388 6.4107e-16
      outer loop
         vertex -0.00546424 -0.00829343 0.0155
         vertex -0.00501005 -0.00798995 0.0155
         vertex -0.00501005 -0.00798995 0.0125
      endloop
   endfacet
   facet normal -1.22465e-16 1 6.93889e-16
      outer loop
         vertex -0.006 -0.0084 0.0155
         vertex -0.00546424 -0.00829343 0.0155
         vertex -0.00546424 -0.00829343 0.0125
      endloop
   endfacet
   facet normal 0.382683 0.92388 6.4107e-16
      outer loop
         vertex -0.00653576 -0.00829343 0.0155
         vertex -0.006 -0.0084 0.0155
         vertex -0.006 -0.0084 0.0125
      endloop
   endfacet
   facet normal 0.707107 0.707107 4.90654e-16
      outer loop
         vertex -0.00698995 -0.00798995 0.0155
         vertex -0.00653576 -0.00829343 0.0155
         vertex -0.00653576 -0.00829343 0.0125
      endloop
   endfacet
   facet normal 0.92388 0.382683 2.6554e-16
      outer loop
         vertex -0.00729343 -0.00753576 0.0155
         vertex -0.00698995 -0.00798995 0.0155
         vertex -0.00698995 -0.00798995 0.0125
      endloop
   endfacet
   facet normal 1 1.83697e-16 1.27465e-31
      outer loop
         vertex -0.0074 -0.007 0.0155
         vertex -0.00729343 -0.00753576 0.0155
         vertex -0.00729343 -0.00753576 0.0125
      endloop
   endfacet
   facet normal 0.92388 -0.382683 -2.6554e-16
      outer loop
         vertex -0.00729343 -0.00646424 0.0155
         vertex -0.0074 -0.007 0.0155
         vertex -0.0074 -0.007 0.0125
      endloop
   endfacet
   facet normal 0.707107 -0.707107 -4.90654e-16
      outer loop
         vertex -0.00698995 -0.00601005 0.0155
         vertex -0.00729343 -0.00646424 0.0155
         vertex -0.00729343 -0.00646424 0.0125
      endloop
   endfacet
   facet normal 0.382683 -0.92388 -6.4107e-16
      outer loop
         vertex -0.00653576 -0.00570657 0.0155
         vertex -0.00698995 -0.00601005 0.0155
         vertex -0.00698995 -0.00601005 0.0125
      endloop
   endfacet
   facet normal 2.44929e-16 -1 -6.93889e-16
      outer loop
         vertex -0.006 -0.0056 0.0155
         vertex -0.00653576 -0.00570657 0.0155
         vertex -0.00653576 -0.00570657 0.0125
      endloop
   endfacet
   facet normal 0.994522 -0.104528 -7.25312e-17
      outer loop
         vertex 0.0189447 -0.0206776 0.0125
         vertex 0.0187348 -0.0226745 0.0155
         vertex 0.0186097 -0.0238648 0.0155
      endloop
   endfacet
   facet normal 0.994522 -0.104528 -7.25312e-17
      outer loop
         vertex 0.0186097 -0.0238648 0.0155
         vertex 0.0183035 -0.026778 0.0125
         vertex 0.0189447 -0.0206776 0.0125
      endloop
   endfacet
   facet normal 0.994522 -0.104528 -7.25312e-17
      outer loop
         vertex 0.0183035 -0.026778 -0.0017
         vertex 0.0183035 -0.026778 0.0125
         vertex 0.0166983 -0.04205 0.0155
      endloop
   endfacet
   facet normal 0.994522 -0.104528 -7.25312e-17
      outer loop
         vertex 0.0189447 -0.0206776 0.0125
         vertex 0.0189306 -0.0208112 0.0155
         vertex 0.0187348 -0.0226745 0.0155
      endloop
   endfacet
   facet normal 0.994522 -0.104528 -7.25312e-17
      outer loop
         vertex 0.0163314 -0.0455406 -0.0017
         vertex 0.0183035 -0.026778 -0.0017
         vertex 0.0165405 -0.0435516 0.0125
      endloop
   endfacet
   facet normal 0.994522 -0.104528 -7.25312e-17
      outer loop
         vertex 0.0166983 -0.04205 0.0155
         vertex 0.0165405 -0.0435516 0.0125
         vertex 0.0183035 -0.026778 -0.0017
      endloop
   endfacet
   facet normal 0.994522 -0.104528 -7.25312e-17
      outer loop
         vertex 0.0189447 -0.0206776 0.0125
         vertex 0.0189447 -0.0206776 0.0155
         vertex 0.0189306 -0.0208112 0.0155
      endloop
   endfacet
   facet normal 0.994522 -0.104528 -7.25312e-17
      outer loop
         vertex 0.0166983 -0.04205 0.0155
         vertex 0.0165405 -0.0435516 0.0155
         vertex 0.0165405 -0.0435516 0.0125
      endloop
   endfacet
   facet normal 0.994522 -0.104528 -7.25312e-17
      outer loop
         vertex 0.0165405 -0.0435516 0.0125
         vertex 0.0163314 -0.0455406 0.0125
         vertex 0.0163314 -0.0455406 -0.0017
      endloop
   endfacet
   facet normal 0.994522 -0.104528 -7.25312e-17
      outer loop
         vertex 0.0186097 -0.0238648 0.0155
         vertex 0.0166983 -0.04205 0.0155
         vertex 0.0183035 -0.026778 0.0125
      endloop
   endfacet
   facet normal 0.477159 0.878817 6.09802e-16
      outer loop
         vertex 0.0175752 -0.0455183 0.0155
         vertex 0.0183205 -0.0457497 0.0155
         vertex 0.0183205 -0.0457497 0.0125
      endloop
   endfacet
   facet normal 0.777146 0.62932 4.36679e-16
      outer loop
         vertex 0.0169752 -0.0450193 0.0155
         vertex 0.0175752 -0.0455183 0.0155
         vertex 0.0175752 -0.0455183 0.0125
      endloop
   endfacet
   facet normal 0.95882 0.284015 1.97075e-16
      outer loop
         vertex 0.0166119 -0.0443287 0.0155
         vertex 0.0169752 -0.0450193 0.0155
         vertex 0.0169752 -0.0450193 0.0125
      endloop
   endfacet
   facet normal 0.994522 -0.104528 0
      outer loop
         vertex 0.0165405 -0.0435516 0.0155
         vertex 0.0166119 -0.0443287 0.0155
         vertex 0.0166119 -0.0443287 0.0125
      endloop
   endfacet
   facet normal 0.95882 0.284015 1.97075e-16
      outer loop
         vertex 0.0166119 -0.0443287 0.0125
         vertex 0.0165405 -0.0435516 0.0125
         vertex 0.0165405 -0.0435516 0.0155
      endloop
   endfacet
   facet normal 0.777146 0.62932 4.36679e-16
      outer loop
         vertex 0.0169752 -0.0450193 0.0125
         vertex 0.0166119 -0.0443287 0.0125
         vertex 0.0166119 -0.0443287 0.0155
      endloop
   endfacet
   facet normal 0.477159 0.878817 6.09802e-16
      outer loop
         vertex 0.0175752 -0.0455183 0.0125
         vertex 0.0169752 -0.0450193 0.0125
         vertex 0.0169752 -0.0450193 0.0155
      endloop
   endfacet
   facet normal 0.104528 0.994522 6.50521e-16
      outer loop
         vertex 0.0183205 -0.0457497 0.0125
         vertex 0.0175752 -0.0455183 0.0125
         vertex 0.0175752 -0.0455183 0.0155
      endloop
   endfacet
   facet normal 0.104528 0.994522 6.90088e-16
      outer loop
         vertex 0.0387082 -0.0478925 0.0125
         vertex 0.0292814 -0.0469017 0.0155
         vertex 0.0364677 -0.0476571 0.0155
      endloop
   endfacet
   facet normal 0.104528 0.994522 6.90088e-16
      outer loop
         vertex 0.0183205 -0.0457497 0.0125
         vertex 0.0257248 -0.0465279 0.0155
         vertex 0.0292814 -0.0469017 0.0155
      endloop
   endfacet
   facet normal 0.104528 0.994522 6.90088e-16
      outer loop
         vertex 0.0292814 -0.0469017 0.0155
         vertex 0.0387082 -0.0478925 0.0125
         vertex 0.0183205 -0.0457497 0.0125
      endloop
   endfacet
   facet normal 0.104528 0.994522 6.90088e-16
      outer loop
         vertex 0.0183205 -0.0457497 0.0125
         vertex 0.0211151 -0.0460434 0.0155
         vertex 0.0257248 -0.0465279 0.0155
      endloop
   endfacet
   facet normal 0.104528 0.994522 6.90088e-16
      outer loop
         vertex 0.0183205 -0.0457497 0.0125
         vertex 0.0183205 -0.0457497 0.0155
         vertex 0.0211151 -0.0460434 0.0155
      endloop
   endfacet
   facet normal 0.104528 0.994522 6.90088e-16
      outer loop
         vertex 0.0364677 -0.0476571 0.0155
         vertex 0.0387082 -0.0478925 0.0155
         vertex 0.0387082 -0.0478925 0.0125
      endloop
   endfacet
   facet normal -0.878817 0.477159 3.31095e-16
      outer loop
         vertex 0.0406749 -0.0468578 0.0155
         vertex 0.0409063 -0.0461125 0.0155
         vertex 0.0409063 -0.0461125 0.0125
      endloop
   endfacet
   facet normal -0.62932 0.777146 5.39253e-16
      outer loop
         vertex 0.0401759 -0.0474578 0.0125
         vertex 0.0401759 -0.0474578 0.0155
         vertex 0.0406383 -0.0469017 0.0155
      endloop
   endfacet
   facet normal -0.865027 0.501726 4.33681e-16
      outer loop
         vertex 0.0406383 -0.0469017 0.0155
         vertex 0.0406749 -0.0468578 0.0125
         vertex 0.0401759 -0.0474578 0.0125
      endloop
   endfacet
   facet normal -0.284015 0.95882 6.65315e-16
      outer loop
         vertex 0.0394853 -0.0478211 0.0155
         vertex 0.0401759 -0.0474578 0.0155
         vertex 0.0401759 -0.0474578 0.0125
      endloop
   endfacet
   facet normal 0.104528 0.994522 6.50521e-16
      outer loop
         vertex 0.0387082 -0.0478925 0.0155
         vertex 0.0394853 -0.0478211 0.0155
         vertex 0.0394853 -0.0478211 0.0125
      endloop
   endfacet
   facet normal -0.284015 0.95882 6.65315e-16
      outer loop
         vertex 0.0394853 -0.0478211 0.0125
         vertex 0.0387082 -0.0478925 0.0125
         vertex 0.0387082 -0.0478925 0.0155
      endloop
   endfacet
   facet normal -0.62932 0.777146 5.39253e-16
      outer loop
         vertex 0.0401759 -0.0474578 0.0125
         vertex 0.0394853 -0.0478211 0.0125
         vertex 0.0394853 -0.0478211 0.0155
      endloop
   endfacet
   facet normal -0.865027 0.501726 4.33681e-16
      outer loop
         vertex 0.0406383 -0.0469017 0.0155
         vertex 0.0406749 -0.0468578 0.0155
         vertex 0.0406749 -0.0468578 0.0125
      endloop
   endfacet
   facet normal -0.994522 0.104528 0
      outer loop
         vertex 0.0409063 -0.0461125 0.0125
         vertex 0.0406749 -0.0468578 0.0125
         vertex 0.0406749 -0.0468578 0.0155
      endloop
   endfacet
   facet normal 0 6.93889e-16 -1
      outer loop
         vertex 0.0281485 -0.0489019 0.0125
         vertex 0.0175752 -0.0455183 0.0125
         vertex 0.0183205 -0.0457497 0.0125
      endloop
   endfacet
   facet normal 0 6.93889e-16 -1
      outer loop
         vertex 0.0406972 -0.0481016 0.0125
         vertex 0.0286842 -0.0490085 0.0125
         vertex 0.0387082 -0.0478925 0.0125
      endloop
   endfacet
   facet normal 0 6.93889e-16 -1
      outer loop
         vertex 0.0183205 -0.0457497 0.0125
         vertex 0.0286842 -0.0490085 0.0125
         vertex 0.0281485 -0.0489019 0.0125
      endloop
   endfacet
   facet normal 0 6.93889e-16 -1
      outer loop
         vertex 0.0294419 -0.0508377 0.0125
         vertex 0.0350132 -0.0549359 0.0125
         vertex 0.0319048 -0.0552215 0.0125
      endloop
   endfacet
   facet normal 0 6.93889e-16 -1
      outer loop
         vertex 0.0183205 -0.0457497 0.0125
         vertex 0.0387082 -0.0478925 0.0125
         vertex 0.0286842 -0.0490085 0.0125
      endloop
   endfacet
   facet normal 0 6.93889e-16 -1
      outer loop
         vertex 0.0294419 -0.0508377 0.0125
         vertex 0.0377756 -0.0534825 0.0125
         vertex 0.0350132 -0.0549359 0.0125
      endloop
   endfacet
   facet normal 0 6.93889e-16 -1
      outer loop
         vertex 0.0234514 -0.054333 0.0125
         vertex 0.0276127 -0.0515954 0.0125
         vertex 0.0281485 -0.0517019 0.0125
      endloop
   endfacet
   facet normal 0 6.93889e-16 -1
      outer loop
         vertex 0.0387082 -0.0478925 0.0125
         vertex 0.0394853 -0.0478211 0.0125
         vertex 0.0406972 -0.0481016 0.0125
      endloop
   endfacet
   facet normal 0 6.93889e-16 -1
      outer loop
         vertex 0.0406972 -0.0481016 0.0125
         vertex 0.0294419 -0.0497662 0.0125
         vertex 0.0291384 -0.049312 0.0125
      endloop
   endfacet
   facet normal 0 6.93889e-16 -1
      outer loop
         vertex 0.0406972 -0.0481016 0.0125
         vertex 0.0397716 -0.0510826 0.0125
         vertex 0.0295485 -0.0503019 0.0125
      endloop
   endfacet
   facet normal 0 6.93889e-16 -1
      outer loop
         vertex 0.0295485 -0.0503019 0.0125
         vertex 0.0397716 -0.0510826 0.0125
         vertex 0.0377756 -0.0534825 0.0125
      endloop
   endfacet
   facet normal 0 6.93889e-16 -1
      outer loop
         vertex 0.0319048 -0.0552215 0.0125
         vertex 0.0286842 -0.0515954 0.0125
         vertex 0.0291384 -0.0512919 0.0125
      endloop
   endfacet
   facet normal 0 6.93889e-16 -1
      outer loop
         vertex 0.0281485 -0.0517019 0.0125
         vertex 0.0319048 -0.0552215 0.0125
         vertex 0.0234514 -0.054333 0.0125
      endloop
   endfacet
   facet normal 0 6.93889e-16 -1
      outer loop
         vertex 0.0268551 -0.0508377 0.0125
         vertex 0.0271585 -0.0512919 0.0125
         vertex 0.0234514 -0.054333 0.0125
      endloop
   endfacet
   facet normal 0 6.93889e-16 -1
      outer loop
         vertex 0.0268551 -0.0497662 0.0125
         vertex 0.0163314 -0.0455406 0.0125
         vertex 0.0175752 -0.0455183 0.0125
      endloop
   endfacet
   facet normal 0 6.93889e-16 -1
      outer loop
         vertex 0.0291384 -0.049312 0.0125
         vertex 0.0286842 -0.0490085 0.0125
         vertex 0.0406972 -0.0481016 0.0125
      endloop
   endfacet
   facet normal 0 6.93889e-16 -1
      outer loop
         vertex 0.0377756 -0.0534825 0.0125
         vertex 0.0294419 -0.0508377 0.0125
         vertex 0.0295485 -0.0503019 0.0125
      endloop
   endfacet
   facet normal 0 6.93889e-16 -1
      outer loop
         vertex 0.0281485 -0.0517019 0.0125
         vertex 0.0286842 -0.0515954 0.0125
         vertex 0.0319048 -0.0552215 0.0125
      endloop
   endfacet
   facet normal 0 6.93889e-16 -1
      outer loop
         vertex 0.0234514 -0.054333 0.0125
         vertex 0.0204703 -0.0534074 0.0125
         vertex 0.0268551 -0.0508377 0.0125
      endloop
   endfacet
   facet normal 0 6.93889e-16 -1
      outer loop
         vertex 0.0268551 -0.0497662 0.0125
         vertex 0.0267485 -0.0503019 0.0125
         vertex 0.0180704 -0.0514114 0.0125
      endloop
   endfacet
   facet normal 0 6.93889e-16 -1
      outer loop
         vertex 0.0163314 -0.0455406 0.0125
         vertex 0.0169752 -0.0450193 0.0125
         vertex 0.0175752 -0.0455183 0.0125
      endloop
   endfacet
   facet normal 0 6.93889e-16 -1
      outer loop
         vertex 0.0295485 -0.0503019 0.0125
         vertex 0.0294419 -0.0497662 0.0125
         vertex 0.0406972 -0.0481016 0.0125
      endloop
   endfacet
   facet normal 0 6.93889e-16 -1
      outer loop
         vertex 0.0271585 -0.0512919 0.0125
         vertex 0.0276127 -0.0515954 0.0125
         vertex 0.0234514 -0.054333 0.0125
      endloop
   endfacet
   facet normal 0 6.93889e-16 -1
      outer loop
         vertex 0.0267485 -0.0503019 0.0125
         vertex 0.0268551 -0.0508377 0.0125
         vertex 0.0204703 -0.0534074 0.0125
      endloop
   endfacet
   facet normal 0 6.93889e-16 -1
      outer loop
         vertex 0.0180704 -0.0514114 0.0125
         vertex 0.0166171 -0.048649 0.0125
         vertex 0.0268551 -0.0497662 0.0125
      endloop
   endfacet
   facet normal 0 6.93889e-16 -1
      outer loop
         vertex 0.0175752 -0.0455183 0.0125
         vertex 0.0276127 -0.0490085 0.0125
         vertex 0.0271585 -0.049312 0.0125
      endloop
   endfacet
   facet normal 0 6.93889e-16 -1
      outer loop
         vertex 0.0163314 -0.0455406 0.0125
         vertex 0.0165405 -0.0435516 0.0125
         vertex 0.0166119 -0.0443287 0.0125
      endloop
   endfacet
   facet normal 0 6.93889e-16 -1
      outer loop
         vertex 0.0319048 -0.0552215 0.0125
         vertex 0.0291384 -0.0512919 0.0125
         vertex 0.0294419 -0.0508377 0.0125
      endloop
   endfacet
   facet normal 0 6.93889e-16 -1
      outer loop
         vertex 0.0166171 -0.048649 0.0125
         vertex 0.0163314 -0.0455406 0.0125
         vertex 0.0268551 -0.0497662 0.0125
      endloop
   endfacet
   facet normal 0 6.93889e-16 -1
      outer loop
         vertex 0.0166119 -0.0443287 0.0125
         vertex 0.0169752 -0.0450193 0.0125
         vertex 0.0163314 -0.0455406 0.0125
      endloop
   endfacet
   facet normal 0 6.93889e-16 -1
      outer loop
         vertex 0.0204703 -0.0534074 0.0125
         vertex 0.0180704 -0.0514114 0.0125
         vertex 0.0267485 -0.0503019 0.0125
      endloop
   endfacet
   facet normal 0 6.93889e-16 -1
      outer loop
         vertex 0.0175752 -0.0455183 0.0125
         vertex 0.0281485 -0.0489019 0.0125
         vertex 0.0276127 -0.0490085 0.0125
      endloop
   endfacet
   facet normal 0 6.93889e-16 -1
      outer loop
         vertex 0.0406972 -0.0481016 0.0125
         vertex 0.0401759 -0.0474578 0.0125
         vertex 0.0406749 -0.0468578 0.0125
      endloop
   endfacet
   facet normal 0 6.93889e-16 -1
      outer loop
         vertex 0.0175752 -0.0455183 0.0125
         vertex 0.0271585 -0.049312 0.0125
         vertex 0.0268551 -0.0497662 0.0125
      endloop
   endfacet
   facet normal 0 6.93889e-16 -1
      outer loop
         vertex 0.0394853 -0.0478211 0.0125
         vertex 0.0401759 -0.0474578 0.0125
         vertex 0.0406972 -0.0481016 0.0125
      endloop
   endfacet
   facet normal 0 6.93889e-16 -1
      outer loop
         vertex 0.0406749 -0.0468578 0.0125
         vertex 0.0409063 -0.0461125 0.0125
         vertex 0.0406972 -0.0481016 0.0125
      endloop
   endfacet
   facet normal 0.382683 -0.92388 -6.4107e-16
      outer loop
         vertex 0.0276127 -0.0490085 0.0125
         vertex 0.0281485 -0.0489019 0.0125
         vertex 0.0281485 -0.0489019 0.0155
      endloop
   endfacet
   facet normal 0.707107 -0.707107 -4.90654e-16
      outer loop
         vertex 0.0271585 -0.049312 0.0125
         vertex 0.0276127 -0.0490085 0.0125
         vertex 0.0276127 -0.0490085 0.0155
      endloop
   endfacet
   facet normal 0.92388 -0.382683 -2.6554e-16
      outer loop
         vertex 0.0268551 -0.0497662 0.0125
         vertex 0.0271585 -0.049312 0.0125
         vertex 0.0271585 -0.049312 0.0155
      endloop
   endfacet
   facet normal 1 1.83697e-16 1.27465e-31
      outer loop
         vertex 0.0267485 -0.0503019 0.0125
         vertex 0.0268551 -0.0497662 0.0125
         vertex 0.0268551 -0.0497662 0.0155
      endloop
   endfacet
   facet normal 0.92388 0.382683 2.6554e-16
      outer loop
         vertex 0.0268551 -0.0508377 0.0125
         vertex 0.0267485 -0.0503019 0.0125
         vertex 0.0267485 -0.0503019 0.0155
      endloop
   endfacet
   facet normal 0.707107 0.707107 4.90654e-16
      outer loop
         vertex 0.0271585 -0.0512919 0.0125
         vertex 0.0268551 -0.0508377 0.0125
         vertex 0.0268551 -0.0508377 0.0155
      endloop
   endfacet
   facet normal 0.382683 0.92388 6.4107e-16
      outer loop
         vertex 0.0276127 -0.0515954 0.0125
         vertex 0.0271585 -0.0512919 0.0125
         vertex 0.0271585 -0.0512919 0.0155
      endloop
   endfacet
   facet normal 0 1 6.19544e-16
      outer loop
         vertex 0.0281485 -0.0517019 0.0125
         vertex 0.0276127 -0.0515954 0.0125
         vertex 0.0276127 -0.0515954 0.0155
      endloop
   endfacet
   facet normal -0.382683 0.92388 6.4107e-16
      outer loop
         vertex 0.0286842 -0.0515954 0.0125
         vertex 0.0281485 -0.0517019 0.0125
         vertex 0.0281485 -0.0517019 0.0155
      endloop
   endfacet
   facet normal -0.707107 0.707107 4.90654e-16
      outer loop
         vertex 0.0291384 -0.0512919 0.0125
         vertex 0.0286842 -0.0515954 0.0125
         vertex 0.0286842 -0.0515954 0.0155
      endloop
   endfacet
   facet normal -0.92388 0.382683 2.6554e-16
      outer loop
         vertex 0.0294419 -0.0508377 0.0125
         vertex 0.0291384 -0.0512919 0.0125
         vertex 0.0291384 -0.0512919 0.0155
      endloop
   endfacet
   facet normal -1 -6.12323e-17 -4.24885e-32
      outer loop
         vertex 0.0295485 -0.0503019 0.0125
         vertex 0.0294419 -0.0508377 0.0125
         vertex 0.0294419 -0.0508377 0.0155
      endloop
   endfacet
   facet normal -0.92388 -0.382683 -2.6554e-16
      outer loop
         vertex 0.0294419 -0.0497662 0.0125
         vertex 0.0295485 -0.0503019 0.0125
         vertex 0.0295485 -0.0503019 0.0155
      endloop
   endfacet
   facet normal -0.707107 -0.707107 -4.90654e-16
      outer loop
         vertex 0.0291384 -0.049312 0.0125
         vertex 0.0294419 -0.0497662 0.0125
         vertex 0.0294419 -0.0497662 0.0155
      endloop
   endfacet
   facet normal -0.382683 -0.92388 -6.4107e-16
      outer loop
         vertex 0.0286842 -0.0490085 0.0125
         vertex 0.0291384 -0.049312 0.0125
         vertex 0.0291384 -0.049312 0.0155
      endloop
   endfacet
   facet normal 2.44929e-16 -1 -6.93889e-16
      outer loop
         vertex 0.0281485 -0.0489019 0.0125
         vertex 0.0286842 -0.0490085 0.0125
         vertex 0.0286842 -0.0490085 0.0155
      endloop
   endfacet
   facet normal -0.382683 -0.92388 -6.4107e-16
      outer loop
         vertex 0.0286842 -0.0490085 0.0155
         vertex 0.0281485 -0.0489019 0.0155
         vertex 0.0281485 -0.0489019 0.0125
      endloop
   endfacet
   facet normal -0.707107 -0.707107 -4.90654e-16
      outer loop
         vertex 0.0291384 -0.049312 0.0155
         vertex 0.0286842 -0.0490085 0.0155
         vertex 0.0286842 -0.0490085 0.0125
      endloop
   endfacet
   facet normal -0.92388 -0.382683 -2.6554e-16
      outer loop
         vertex 0.0294419 -0.0497662 0.0155
         vertex 0.0291384 -0.049312 0.0155
         vertex 0.0291384 -0.049312 0.0125
      endloop
   endfacet
   facet normal -1 -6.12323e-17 -4.24885e-32
      outer loop
         vertex 0.0295485 -0.0503019 0.0155
         vertex 0.0294419 -0.0497662 0.0155
         vertex 0.0294419 -0.0497662 0.0125
      endloop
   endfacet
   facet normal -0.92388 0.382683 2.6554e-16
      outer loop
         vertex 0.0294419 -0.0508377 0.0155
         vertex 0.0295485 -0.0503019 0.0155
         vertex 0.0295485 -0.0503019 0.0125
      endloop
   endfacet
   facet normal -0.707107 0.707107 4.90654e-16
      outer loop
         vertex 0.0291384 -0.0512919 0.0155
         vertex 0.0294419 -0.0508377 0.0155
         vertex 0.0294419 -0.0508377 0.0125
      endloop
   endfacet
   facet normal -0.382683 0.92388 6.4107e-16
      outer loop
         vertex 0.0286842 -0.0515954 0.0155
         vertex 0.0291384 -0.0512919 0.0155
         vertex 0.0291384 -0.0512919 0.0125
      endloop
   endfacet
   facet normal -1.22465e-16 1 6.93889e-16
      outer loop
         vertex 0.0281485 -0.0517019 0.0155
         vertex 0.0286842 -0.0515954 0.0155
         vertex 0.0286842 -0.0515954 0.0125
      endloop
   endfacet
   facet normal 0.382683 0.92388 6.4107e-16
      outer loop
         vertex 0.0276127 -0.0515954 0.0155
         vertex 0.0281485 -0.0517019 0.0155
         vertex 0.0281485 -0.0517019 0.0125
      endloop
   endfacet
   facet normal 0.707107 0.707107 4.90654e-16
      outer loop
         vertex 0.0271585 -0.0512919 0.0155
         vertex 0.0276127 -0.0515954 0.0155
         vertex 0.0276127 -0.0515954 0.0125
      endloop
   endfacet
   facet normal 0.92388 0.382683 2.6554e-16
      outer loop
         vertex 0.0268551 -0.0508377 0.0155
         vertex 0.0271585 -0.0512919 0.0155
         vertex 0.0271585 -0.0512919 0.0125
      endloop
   endfacet
   facet normal 1 1.83697e-16 1.27465e-31
      outer loop
         vertex 0.0267485 -0.0503019 0.0155
         vertex 0.0268551 -0.0508377 0.0155
         vertex 0.0268551 -0.0508377 0.0125
      endloop
   endfacet
   facet normal 0.92388 -0.382683 -2.6554e-16
      outer loop
         vertex 0.0268551 -0.0497662 0.0155
         vertex 0.0267485 -0.0503019 0.0155
         vertex 0.0267485 -0.0503019 0.0125
      endloop
   endfacet
   facet normal 0.707107 -0.707107 -4.90654e-16
      outer loop
         vertex 0.0271585 -0.049312 0.0155
         vertex 0.0268551 -0.0497662 0.0155
         vertex 0.0268551 -0.0497662 0.0125
      endloop
   endfacet
   facet normal 0.382683 -0.92388 -6.4107e-16
      outer loop
         vertex 0.0276127 -0.0490085 0.0155
         vertex 0.0271585 -0.049312 0.0155
         vertex 0.0271585 -0.049312 0.0125
      endloop
   endfacet
   facet normal 2.44929e-16 -1 -6.93889e-16
      outer loop
         vertex 0.0281485 -0.0489019 0.0155
         vertex 0.0276127 -0.0490085 0.0155
         vertex 0.0276127 -0.0490085 0.0125
      endloop
   endfacet
   facet normal -0.994522 0.104528 7.25312e-17
      outer loop
         vertex 0.0420982 -0.0347722 -0.0017
         vertex 0.0413333 -0.04205 0.0155
         vertex 0.0413784 -0.0416205 0.0155
      endloop
   endfacet
   facet normal -0.994522 0.104528 7.25312e-17
      outer loop
         vertex 0.0413333 -0.04205 0.0155
         vertex 0.0420982 -0.0347722 -0.0017
         vertex 0.0409063 -0.0461125 0.0125
      endloop
   endfacet
   facet normal -0.994522 0.104528 7.25312e-17
      outer loop
         vertex 0.0432446 -0.0238648 0.0155
         vertex 0.0433104 -0.0232385 0.0125
         vertex 0.0420982 -0.0347722 0.0125
      endloop
   endfacet
   facet normal -0.994522 0.104528 7.25312e-17
      outer loop
         vertex 0.0409063 -0.0461125 0.0125
         vertex 0.0409063 -0.0461125 0.0155
         vertex 0.0413333 -0.04205 0.0155
      endloop
   endfacet
   facet normal -0.994522 0.104528 7.25312e-17
      outer loop
         vertex 0.0420982 -0.0347722 0.0125
         vertex 0.0413784 -0.0416205 0.0155
         vertex 0.0432446 -0.0238648 0.0155
      endloop
   endfacet
   facet normal -0.994522 0.104528 7.25312e-17
      outer loop
         vertex 0.0432446 -0.0238648 0.0155
         vertex 0.0433104 -0.0232385 0.0155
         vertex 0.0433104 -0.0232385 0.0125
      endloop
   endfacet
   facet normal -0.994522 0.104528 7.25312e-17
      outer loop
         vertex 0.0406972 -0.0481016 -0.0017
         vertex 0.0406972 -0.0481016 0.0125
         vertex 0.0409063 -0.0461125 0.0125
      endloop
   endfacet
   facet normal -0.994522 0.104528 7.25312e-17
      outer loop
         vertex 0.0409063 -0.0461125 0.0125
         vertex 0.0420982 -0.0347722 -0.0017
         vertex 0.0406972 -0.0481016 -0.0017
      endloop
   endfacet
   facet normal -0.994522 0.104528 7.25312e-17
      outer loop
         vertex 0.0413784 -0.0416205 0.0155
         vertex 0.0420982 -0.0347722 0.0125
         vertex 0.0420982 -0.0347722 -0.0017
      endloop
   endfacet
   facet normal -0.477159 -0.878817 -6.09802e-16
      outer loop
         vertex 0.0422757 -0.0212719 0.0155
         vertex 0.0415305 -0.0210404 0.0155
         vertex 0.0415305 -0.0210404 0.0125
      endloop
   endfacet
   facet normal -0.777146 -0.62932 -4.36679e-16
      outer loop
         vertex 0.0428757 -0.0217708 0.0155
         vertex 0.0422757 -0.0212719 0.0155
         vertex 0.0422757 -0.0212719 0.0125
      endloop
   endfacet
   facet normal -0.95882 -0.284015 -1.97075e-16
      outer loop
         vertex 0.043239 -0.0224615 0.0155
         vertex 0.0428757 -0.0217708 0.0155
         vertex 0.0428757 -0.0217708 0.0125
      endloop
   endfacet
   facet normal -0.994522 0.104528 0
      outer loop
         vertex 0.0433104 -0.0232385 0.0125
         vertex 0.0433104 -0.0232385 0.0155
         vertex 0.0432586 -0.0226745 0.0155
      endloop
   endfacet
   facet normal -0.983623 -0.180236 -2.1684e-16
      outer loop
         vertex 0.0432586 -0.0226745 0.0155
         vertex 0.043239 -0.0224615 0.0125
         vertex 0.0433104 -0.0232385 0.0125
      endloop
   endfacet
   facet normal -0.983623 -0.180236 -2.1684e-16
      outer loop
         vertex 0.0432586 -0.0226745 0.0155
         vertex 0.043239 -0.0224615 0.0155
         vertex 0.043239 -0.0224615 0.0125
      endloop
   endfacet
   facet normal -0.777146 -0.62932 -4.36679e-16
      outer loop
         vertex 0.0428757 -0.0217708 0.0125
         vertex 0.043239 -0.0224615 0.0125
         vertex 0.043239 -0.0224615 0.0155
      endloop
   endfacet
   facet normal -0.477159 -0.878817 -6.09802e-16
      outer loop
         vertex 0.0422757 -0.0212719 0.0125
         vertex 0.0428757 -0.0217708 0.0125
         vertex 0.0428757 -0.0217708 0.0155
      endloop
   endfacet
   facet normal -0.104528 -0.994522 -6.50521e-16
      outer loop
         vertex 0.0415305 -0.0210404 0.0125
         vertex 0.0422757 -0.0212719 0.0125
         vertex 0.0422757 -0.0212719 0.0155
      endloop
   endfacet
   facet normal -0.104528 -0.994522 -6.90088e-16
      outer loop
         vertex 0.0211428 -0.0188976 0.0125
         vertex 0.0415305 -0.0210404 0.0125
         vertex 0.0364677 -0.0205083 0.0155
      endloop
   endfacet
   facet normal -0.104528 -0.994522 -6.90088e-16
      outer loop
         vertex 0.0415305 -0.0210404 0.0125
         vertex 0.0393494 -0.0208112 0.0155
         vertex 0.0364677 -0.0205083 0.0155
      endloop
   endfacet
   facet normal -0.104528 -0.994522 -6.90088e-16
      outer loop
         vertex 0.0415305 -0.0210404 0.0125
         vertex 0.0413784 -0.0210245 0.0155
         vertex 0.0393494 -0.0208112 0.0155
      endloop
   endfacet
   facet normal -0.104528 -0.994522 -6.90088e-16
      outer loop
         vertex 0.0415305 -0.0210404 0.0125
         vertex 0.0415305 -0.0210404 0.0155
         vertex 0.0413784 -0.0210245 0.0155
      endloop
   endfacet
   facet normal -0.104528 -0.994522 -6.90088e-16
      outer loop
         vertex 0.0364677 -0.0205083 0.0155
         vertex 0.0211428 -0.0188976 0.0155
         vertex 0.0211428 -0.0188976 0.0125
      endloop
   endfacet
   facet normal 0.878817 -0.477159 -3.31095e-16
      outer loop
         vertex 0.0191761 -0.0199323 0.0155
         vertex 0.0189447 -0.0206776 0.0155
         vertex 0.0189447 -0.0206776 0.0125
      endloop
   endfacet
   facet normal 0.62932 -0.777146 -5.39253e-16
      outer loop
         vertex 0.0196751 -0.0193324 0.0155
         vertex 0.0191761 -0.0199323 0.0155
         vertex 0.0191761 -0.0199323 0.0125
      endloop
   endfacet
   facet normal 0.284015 -0.95882 -6.65315e-16
      outer loop
         vertex 0.0203657 -0.018969 0.0155
         vertex 0.0196751 -0.0193324 0.0155
         vertex 0.0196751 -0.0193324 0.0125
      endloop
   endfacet
   facet normal 0.284015 -0.95882 -6.65315e-16
      outer loop
         vertex 0.0203657 -0.018969 0.0125
         vertex 0.0211428 -0.0188976 0.0125
         vertex 0.0211151 -0.0189002 0.0155
      endloop
   endfacet
   facet normal -0.104528 -0.994522 -8.67362e-16
      outer loop
         vertex 0.0211428 -0.0188976 0.0125
         vertex 0.0211428 -0.0188976 0.0155
         vertex 0.0211151 -0.0189002 0.0155
      endloop
   endfacet
   facet normal -0.0909303 -0.995857 -6.50521e-16
      outer loop
         vertex 0.0211151 -0.0189002 0.0155
         vertex 0.0203657 -0.018969 0.0155
         vertex 0.0203657 -0.018969 0.0125
      endloop
   endfacet
   facet normal 0.62932 -0.777146 -5.39253e-16
      outer loop
         vertex 0.0196751 -0.0193324 0.0125
         vertex 0.0203657 -0.018969 0.0125
         vertex 0.0203657 -0.018969 0.0155
      endloop
   endfacet
   facet normal 0.878817 -0.477159 -3.31095e-16
      outer loop
         vertex 0.0191761 -0.0199323 0.0125
         vertex 0.0196751 -0.0193324 0.0125
         vertex 0.0196751 -0.0193324 0.0155
      endloop
   endfacet
   facet normal 0.994522 -0.104528 0
      outer loop
         vertex 0.0189447 -0.0206776 0.0125
         vertex 0.0191761 -0.0199323 0.0125
         vertex 0.0191761 -0.0199323 0.0155
      endloop
   endfacet
   facet normal 0.109091 0.994032 6.89905e-16
      outer loop
         vertex 0.000527273 0.00497215 0.015
         vertex 0.0694489 -0.0135392 0.015
         vertex 0.00736897 0.00411912 0.0145
      endloop
   endfacet
   facet normal 0.138329 0.990386 6.87588e-16
      outer loop
         vertex 0.00736897 0.00411912 0.0145
         vertex 0.0263326 0.000668876 0.0145
         vertex 0.0148025 0.00295874 0.0125
      endloop
   endfacet
   facet normal 0.403628 0.914923 6.34768e-16
      outer loop
         vertex 0.0694489 -0.0135392 0.015
         vertex 0.0405883 -0.00301121 0.0145
         vertex 0.0263326 0.000668876 0.0145
      endloop
   endfacet
   facet normal 0.21937 0.975642 6.77395e-16
      outer loop
         vertex 0.0263326 0.000668876 0.0145
         vertex 0.00736897 0.00411912 0.0145
         vertex 0.0694489 -0.0135392 0.015
      endloop
   endfacet
   facet normal 0.280292 0.959915 6.66275e-16
      outer loop
         vertex 0.0405883 -0.00301121 0.0145
         vertex 0.0595136 -0.0094262 0.0145
         vertex 0.048062 -0.0053298 0.0125
      endloop
   endfacet
   facet normal 0.403628 0.914923 6.34768e-16
      outer loop
         vertex 0.0694489 -0.0135392 0.015
         vertex 0.0694489 -0.0135392 0.0145
         vertex 0.0595136 -0.0094262 0.0145
      endloop
   endfacet
   facet normal 0.361169 0.9325 6.46815e-16
      outer loop
         vertex 0.0595136 -0.0094262 0.0145
         vertex 0.0405883 -0.00301121 0.0145
         vertex 0.0694489 -0.0135392 0.015
      endloop
   endfacet
   facet normal 0.312231 0.950006 6.59788e-16
      outer loop
         vertex 0.048062 -0.0053298 0.0125
         vertex 0.0405883 -0.00301121 0.0125
         vertex 0.0405883 -0.00301121 0.0145
      endloop
   endfacet
   facet normal 0.170096 0.985427 6.83881e-16
      outer loop
         vertex 0.0148025 0.00295874 0.0125
         vertex 0.00736897 0.00411912 0.0125
         vertex 0.00736897 0.00411912 0.0145
      endloop
   endfacet
   facet normal 0.189332 0.981913 6.82028e-16
      outer loop
         vertex 0.0193036 0.00213641 0.0116421
         vertex 0.0148023 0.00295878 0.0116421
         vertex 0.0148025 0.00295874 0.0125
      endloop
   endfacet
   facet normal 0.21937 0.975642 6.77395e-16
      outer loop
         vertex 0.0263326 0.000668876 0.0145
         vertex 0.0263326 0.000668876 0.0125
         vertex 0.0193036 0.00213641 0.0125
      endloop
   endfacet
   facet normal 0.189332 0.981913 6.82028e-16
      outer loop
         vertex 0.0193036 0.00213641 0.0125
         vertex 0.0148025 0.00295874 0.0125
         vertex 0.0263326 0.000668876 0.0145
      endloop
   endfacet
   facet normal 0.170096 0.985427 6.83881e-16
      outer loop
         vertex 0.0148025 0.00295874 0.0125
         vertex 0.0193036 0.00213641 0.0125
         vertex 0.0193036 0.00213641 0.0116421
      endloop
   endfacet
   facet normal 0.329497 0.944157 6.54228e-16
      outer loop
         vertex 0.0521023 -0.00669861 0.0116421
         vertex 0.0480616 -0.00532969 0.0116421
         vertex 0.048062 -0.0053298 0.0125
      endloop
   endfacet
   facet normal 0.361169 0.9325 6.46815e-16
      outer loop
         vertex 0.0595136 -0.0094262 0.0145
         vertex 0.0595136 -0.0094262 0.0125
         vertex 0.0521023 -0.00669861 0.0125
      endloop
   endfacet
   facet normal 0.329497 0.944157 6.54228e-16
      outer loop
         vertex 0.0521023 -0.00669861 0.0125
         vertex 0.048062 -0.0053298 0.0125
         vertex 0.0595136 -0.0094262 0.0145
      endloop
   endfacet
   facet normal 0.312231 0.950006 6.59788e-16
      outer loop
         vertex 0.048062 -0.0053298 0.0125
         vertex 0.0521023 -0.00669861 0.0125
         vertex 0.0521023 -0.00669861 0.0116421
      endloop
   endfacet
   facet normal 0.138329 0.990386 6.87588e-16
      outer loop
         vertex 0.00736897 0.00411912 0.0145
         vertex 0.000527273 0.00497215 0.0145
         vertex 0.000527273 0.00497215 0.015
      endloop
   endfacet
   facet normal 0.21937 0.975642 8.67362e-16
      outer loop
         vertex 0.0263326 0.000668876 0.0125
         vertex 0.0263326 0.000668876 0.0145
         vertex 0.0266652 0.000527082 0.0145
      endloop
   endfacet
   facet normal 0.551996 0.833847 5.78598e-16
      outer loop
         vertex 0.0266652 0.000527082 0.0125
         vertex 0.0266652 0.000527082 0.0145
         vertex 0.0269257 0.000276265 0.0145
      endloop
   endfacet
   facet normal 0.81245 0.583031 4.04559e-16
      outer loop
         vertex 0.0269257 0.000276265 0.0125
         vertex 0.0269257 0.000276265 0.0145
         vertex 0.0270799 -5.07799e-05 0.0145
      endloop
   endfacet
   facet normal 0.966681 0.255986 1.77626e-16
      outer loop
         vertex 0.0270799 -5.07799e-05 0.0125
         vertex 0.0270799 -5.07799e-05 0.0145
         vertex 0.0271078 -0.000411294 0.0145
      endloop
   endfacet
   facet normal 0.994522 -0.104528 0
      outer loop
         vertex 0.0271078 -0.000411294 0.0145
         vertex 0.0271078 -0.000411294 0.0125
         vertex 0.0270799 -5.07799e-05 0.0125
      endloop
   endfacet
   facet normal 0.966681 0.255986 1.77626e-16
      outer loop
         vertex 0.0270799 -5.07799e-05 0.0145
         vertex 0.0270799 -5.07799e-05 0.0125
         vertex 0.0269257 0.000276265 0.0125
      endloop
   endfacet
   facet normal 0.81245 0.583031 4.04559e-16
      outer loop
         vertex 0.0269257 0.000276265 0.0145
         vertex 0.0269257 0.000276265 0.0125
         vertex 0.0266652 0.000527082 0.0125
      endloop
   endfacet
   facet normal 0.551996 0.833847 5.78598e-16
      outer loop
         vertex 0.0266652 0.000527082 0.0145
         vertex 0.0266652 0.000527082 0.0125
         vertex 0.0263326 0.000668876 0.0125
      endloop
   endfacet
   facet normal 0.994522 -0.104528 0
      outer loop
         vertex 0.0265842 -0.00539242 0.0125
         vertex 0.0271078 -0.000411294 0.0125
         vertex 0.0271078 -0.000411294 0.0145
      endloop
   endfacet
   facet normal 0.994522 -0.104528 0
      outer loop
         vertex 0.0271078 -0.000411294 0.0145
         vertex 0.0265842 -0.00539242 0.0145
         vertex 0.0265842 -0.00539242 0.0125
      endloop
   endfacet
   facet normal 0.95882 0.284015 1.97075e-16
      outer loop
         vertex 0.0268074 -0.00782082 0.0125
         vertex 0.0265842 -0.00539242 0.0125
         vertex 0.0265842 -0.00539242 0.0145
      endloop
   endfacet
   facet normal 0.777146 0.62932 4.36679e-16
      outer loop
         vertex 0.0279428 -0.00997897 0.0125
         vertex 0.0268074 -0.00782082 0.0125
         vertex 0.0268074 -0.00782082 0.0145
      endloop
   endfacet
   facet normal 0.477159 0.878817 6.09802e-16
      outer loop
         vertex 0.0298178 -0.0115383 0.0125
         vertex 0.0279428 -0.00997897 0.0125
         vertex 0.0279428 -0.00997897 0.0145
      endloop
   endfacet
   facet normal 0.104528 0.994522 6.90088e-16
      outer loop
         vertex 0.0321467 -0.0122615 0.0125
         vertex 0.0298178 -0.0115383 0.0125
         vertex 0.0298178 -0.0115383 0.0145
      endloop
   endfacet
   facet normal -0.284015 0.95882 6.65315e-16
      outer loop
         vertex 0.0345751 -0.0120383 0.0125
         vertex 0.0321467 -0.0122615 0.0125
         vertex 0.0321467 -0.0122615 0.0145
      endloop
   endfacet
   facet normal -0.62932 0.777146 5.39253e-16
      outer loop
         vertex 0.0367333 -0.0109029 0.0125
         vertex 0.0345751 -0.0120383 0.0125
         vertex 0.0345751 -0.0120383 0.0145
      endloop
   endfacet
   facet normal -0.878817 0.477159 3.31095e-16
      outer loop
         vertex 0.0382926 -0.00902796 0.0125
         vertex 0.0367333 -0.0109029 0.0125
         vertex 0.0367333 -0.0109029 0.0145
      endloop
   endfacet
   facet normal -0.994522 0.104528 6.93889e-17
      outer loop
         vertex 0.0390158 -0.00669902 0.0125
         vertex 0.0382926 -0.00902796 0.0125
         vertex 0.0382926 -0.00902796 0.0145
      endloop
   endfacet
   facet normal -0.878817 0.477159 3.31095e-16
      outer loop
         vertex 0.0382926 -0.00902796 0.0145
         vertex 0.0390158 -0.00669902 0.0145
         vertex 0.0390158 -0.00669902 0.0125
      endloop
   endfacet
   facet normal -0.62932 0.777146 5.39253e-16
      outer loop
         vertex 0.0367333 -0.0109029 0.0145
         vertex 0.0382926 -0.00902796 0.0145
         vertex 0.0382926 -0.00902796 0.0125
      endloop
   endfacet
   facet normal -0.284015 0.95882 6.65315e-16
      outer loop
         vertex 0.0345751 -0.0120383 0.0145
         vertex 0.0367333 -0.0109029 0.0145
         vertex 0.0367333 -0.0109029 0.0125
      endloop
   endfacet
   facet normal 0.104528 0.994522 6.90088e-16
      outer loop
         vertex 0.0321467 -0.0122615 0.0145
         vertex 0.0345751 -0.0120383 0.0145
         vertex 0.0345751 -0.0120383 0.0125
      endloop
   endfacet
   facet normal 0.477159 0.878817 6.09802e-16
      outer loop
         vertex 0.0298178 -0.0115383 0.0145
         vertex 0.0321467 -0.0122615 0.0145
         vertex 0.0321467 -0.0122615 0.0125
      endloop
   endfacet
   facet normal 0.777146 0.62932 4.36679e-16
      outer loop
         vertex 0.0279428 -0.00997897 0.0145
         vertex 0.0298178 -0.0115383 0.0145
         vertex 0.0298178 -0.0115383 0.0125
      endloop
   endfacet
   facet normal 0.95882 0.284015 1.97075e-16
      outer loop
         vertex 0.0268074 -0.00782082 0.0145
         vertex 0.0279428 -0.00997897 0.0145
         vertex 0.0279428 -0.00997897 0.0125
      endloop
   endfacet
   facet normal 0.994522 -0.104528 0
      outer loop
         vertex 0.0265842 -0.00539242 0.0145
         vertex 0.0268074 -0.00782082 0.0145
         vertex 0.0268074 -0.00782082 0.0125
      endloop
   endfacet
   facet normal -0.994522 0.104528 6.93889e-17
      outer loop
         vertex 0.0390158 -0.00669902 0.0125
         vertex 0.0390158 -0.00669902 0.0145
         vertex 0.0393135 -0.00386659 0.0145
      endloop
   endfacet
   facet normal -0.994522 0.104528 6.93889e-17
      outer loop
         vertex 0.0393135 -0.00386659 0.0145
         vertex 0.0393135 -0.00386659 0.0125
         vertex 0.0390158 -0.00669902 0.0125
      endloop
   endfacet
   facet normal -0.994522 0.104528 6.93889e-17
      outer loop
         vertex 0.0393135 -0.00386659 0.0125
         vertex 0.0393135 -0.00386659 0.0145
         vertex 0.0394096 -0.00353188 0.0145
      endloop
   endfacet
   facet normal -0.898369 0.439242 3.04785e-16
      outer loop
         vertex 0.0394096 -0.00353188 0.0125
         vertex 0.0394096 -0.00353188 0.0145
         vertex 0.0396147 -0.00325044 0.0145
      endloop
   endfacet
   facet normal -0.693263 0.720685 5.00076e-16
      outer loop
         vertex 0.0396147 -0.00325044 0.0125
         vertex 0.0396147 -0.00325044 0.0145
         vertex 0.0399039 -0.0030564 0.0145
      endloop
   endfacet
   facet normal -0.404079 0.914724 6.34717e-16
      outer loop
         vertex 0.0399039 -0.0030564 0.0125
         vertex 0.0399039 -0.0030564 0.0145
         vertex 0.0402421 -0.00297329 0.0145
      endloop
   endfacet
   facet normal -0.0658891 0.997827 6.92382e-16
      outer loop
         vertex 0.0402421 -0.00297329 0.0125
         vertex 0.0402421 -0.00297329 0.0145
         vertex 0.0405883 -0.00301121 0.0145
      endloop
   endfacet
   facet normal 0.280292 0.959915 6.50521e-16
      outer loop
         vertex 0.0405883 -0.00301121 0.0145
         vertex 0.0405883 -0.00301121 0.0125
         vertex 0.0402421 -0.00297329 0.0125
      endloop
   endfacet
   facet normal -0.0658891 0.997827 6.92382e-16
      outer loop
         vertex 0.0402421 -0.00297329 0.0145
         vertex 0.0402421 -0.00297329 0.0125
         vertex 0.0399039 -0.0030564 0.0125
      endloop
   endfacet
   facet normal -0.404079 0.914724 6.34717e-16
      outer loop
         vertex 0.0399039 -0.0030564 0.0145
         vertex 0.0399039 -0.0030564 0.0125
         vertex 0.0396147 -0.00325044 0.0125
      endloop
   endfacet
   facet normal -0.693263 0.720685 5.00076e-16
      outer loop
         vertex 0.0396147 -0.00325044 0.0145
         vertex 0.0396147 -0.00325044 0.0125
         vertex 0.0394096 -0.00353188 0.0125
      endloop
   endfacet
   facet normal -0.898369 0.439242 3.04785e-16
      outer loop
         vertex 0.0394096 -0.00353188 0.0145
         vertex 0.0394096 -0.00353188 0.0125
         vertex 0.0393135 -0.00386659 0.0125
      endloop
   endfacet
   facet normal 0 6.93889e-16 -1
      outer loop
         vertex 0.0393135 -0.00386659 0.0145
         vertex 0.0390158 -0.00669902 0.0145
         vertex 0.0363 -0.00604572 0.0145
      endloop
   endfacet
   facet normal 0 6.93889e-16 -1
      outer loop
         vertex 0.0360336 -0.00470633 0.0145
         vertex 0.0394096 -0.00353188 0.0145
         vertex 0.0393135 -0.00386659 0.0145
      endloop
   endfacet
   facet normal 0 6.93889e-16 -1
      outer loop
         vertex 0.0360336 -0.00470633 0.0145
         vertex 0.0396147 -0.00325044 0.0145
         vertex 0.0394096 -0.00353188 0.0145
      endloop
   endfacet
   facet normal 0 6.93889e-16 -1
      outer loop
         vertex 0.0352749 -0.00357085 0.0145
         vertex 0.0402421 -0.00297329 0.0145
         vertex 0.0399039 -0.0030564 0.0145
      endloop
   endfacet
   facet normal 0 6.93889e-16 -1
      outer loop
         vertex 0.0360336 -0.00470633 0.0145
         vertex 0.0399039 -0.0030564 0.0145
         vertex 0.0396147 -0.00325044 0.0145
      endloop
   endfacet
   facet normal 0 6.93889e-16 -1
      outer loop
         vertex 0.0390158 -0.00669902 0.0145
         vertex 0.0382926 -0.00902796 0.0145
         vertex 0.0360336 -0.00738511 0.0145
      endloop
   endfacet
   facet normal 0 6.93889e-16 -1
      outer loop
         vertex 0.0399039 -0.0030564 0.0145
         vertex 0.0360336 -0.00470633 0.0145
         vertex 0.0352749 -0.00357085 0.0145
      endloop
   endfacet
   facet normal 0 6.93889e-16 -1
      outer loop
         vertex 0.0360336 -0.00738511 0.0145
         vertex 0.0363 -0.00604572 0.0145
         vertex 0.0390158 -0.00669902 0.0145
      endloop
   endfacet
   facet normal 0 6.93889e-16 -1
      outer loop
         vertex 0.0382926 -0.00902796 0.0145
         vertex 0.0367333 -0.0109029 0.0145
         vertex 0.0352749 -0.0085206 0.0145
      endloop
   endfacet
   facet normal 0 6.93889e-16 -1
      outer loop
         vertex 0.0367333 -0.0109029 0.0145
         vertex 0.0345751 -0.0120383 0.0145
         vertex 0.0341394 -0.0092793 0.0145
      endloop
   endfacet
   facet normal 0 6.93889e-16 -1
      outer loop
         vertex 0.0268074 -0.00782082 0.0145
         vertex 0.0265842 -0.00539242 0.0145
         vertex 0.0293 -0.00604572 0.0145
      endloop
   endfacet
   facet normal 0 6.93889e-16 -1
      outer loop
         vertex 0.0363 -0.00604572 0.0145
         vertex 0.0360336 -0.00470633 0.0145
         vertex 0.0393135 -0.00386659 0.0145
      endloop
   endfacet
   facet normal 0 6.93889e-16 -1
      outer loop
         vertex 0.0341394 -0.0092793 0.0145
         vertex 0.0352749 -0.0085206 0.0145
         vertex 0.0367333 -0.0109029 0.0145
      endloop
   endfacet
   facet normal 0 6.93889e-16 -1
      outer loop
         vertex 0.0345751 -0.0120383 0.0145
         vertex 0.0321467 -0.0122615 0.0145
         vertex 0.0328 -0.00954572 0.0145
      endloop
   endfacet
   facet normal 0 6.93889e-16 -1
      outer loop
         vertex 0.0321467 -0.0122615 0.0145
         vertex 0.0298178 -0.0115383 0.0145
         vertex 0.0314606 -0.0092793 0.0145
      endloop
   endfacet
   facet normal 0 6.93889e-16 -1
      outer loop
         vertex 0.0298178 -0.0115383 0.0145
         vertex 0.0279428 -0.00997897 0.0145
         vertex 0.0303251 -0.0085206 0.0145
      endloop
   endfacet
   facet normal 0 6.93889e-16 -1
      outer loop
         vertex 0.0279428 -0.00997897 0.0145
         vertex 0.0268074 -0.00782082 0.0145
         vertex 0.0295664 -0.00738511 0.0145
      endloop
   endfacet
   facet normal 0 6.93889e-16 -1
      outer loop
         vertex 0.0265842 -0.00539242 0.0145
         vertex 0.0295664 -0.00470633 0.0145
         vertex 0.0293 -0.00604572 0.0145
      endloop
   endfacet
   facet normal 0 6.93889e-16 -1
      outer loop
         vertex 0.0271078 -0.000411294 0.0145
         vertex 0.0303251 -0.00357085 0.0145
         vertex 0.0295664 -0.00470633 0.0145
      endloop
   endfacet
   facet normal 0 6.93889e-16 -1
      outer loop
         vertex 0.0352749 -0.0085206 0.0145
         vertex 0.0360336 -0.00738511 0.0145
         vertex 0.0382926 -0.00902796 0.0145
      endloop
   endfacet
   facet normal 0 6.93889e-16 -1
      outer loop
         vertex 0.0314606 -0.0092793 0.0145
         vertex 0.0328 -0.00954572 0.0145
         vertex 0.0321467 -0.0122615 0.0145
      endloop
   endfacet
   facet normal 0 6.93889e-16 -1
      outer loop
         vertex 0.0295664 -0.00738511 0.0145
         vertex 0.0303251 -0.0085206 0.0145
         vertex 0.0279428 -0.00997897 0.0145
      endloop
   endfacet
   facet normal 0 6.93889e-16 -1
      outer loop
         vertex 0.0295664 -0.00470633 0.0145
         vertex 0.0265842 -0.00539242 0.0145
         vertex 0.0271078 -0.000411294 0.0145
      endloop
   endfacet
   facet normal 0 6.93889e-16 -1
      outer loop
         vertex 0.0314606 -0.00281214 0.0145
         vertex 0.0270799 -5.07799e-05 0.0145
         vertex 0.0269257 0.000276265 0.0145
      endloop
   endfacet
   facet normal 0 6.93889e-16 -1
      outer loop
         vertex 0.0314606 -0.00281214 0.0145
         vertex 0.0303251 -0.00357085 0.0145
         vertex 0.0271078 -0.000411294 0.0145
      endloop
   endfacet
   facet normal 0 6.93889e-16 -1
      outer loop
         vertex 0.0266652 0.000527082 0.0145
         vertex 0.0405883 -0.00301121 0.0145
         vertex 0.0402421 -0.00297329 0.0145
      endloop
   endfacet
   facet normal 0 6.93889e-16 -1
      outer loop
         vertex 0.0328 -0.00954572 0.0145
         vertex 0.0341394 -0.0092793 0.0145
         vertex 0.0345751 -0.0120383 0.0145
      endloop
   endfacet
   facet normal 0 6.93889e-16 -1
      outer loop
         vertex 0.0293 -0.00604572 0.0145
         vertex 0.0295664 -0.00738511 0.0145
         vertex 0.0268074 -0.00782082 0.0145
      endloop
   endfacet
   facet normal 0 6.93889e-16 -1
      outer loop
         vertex 0.0271078 -0.000411294 0.0145
         vertex 0.0270799 -5.07799e-05 0.0145
         vertex 0.0314606 -0.00281214 0.0145
      endloop
   endfacet
   facet normal 0 6.93889e-16 -1
      outer loop
         vertex 0.0402421 -0.00297329 0.0145
         vertex 0.0328 -0.00254572 0.0145
         vertex 0.0266652 0.000527082 0.0145
      endloop
   endfacet
   facet normal 0 6.93889e-16 -1
      outer loop
         vertex 0.0303251 -0.0085206 0.0145
         vertex 0.0314606 -0.0092793 0.0145
         vertex 0.0298178 -0.0115383 0.0145
      endloop
   endfacet
   facet normal 0 6.93889e-16 -1
      outer loop
         vertex 0.0266652 0.000527082 0.0145
         vertex 0.0328 -0.00254572 0.0145
         vertex 0.0314606 -0.00281214 0.0145
      endloop
   endfacet
   facet normal 0 6.93889e-16 -1
      outer loop
         vertex 0.0266652 0.000527082 0.0145
         vertex 0.0263326 0.000668876 0.0145
         vertex 0.0405883 -0.00301121 0.0145
      endloop
   endfacet
   facet normal 0 6.93889e-16 -1
      outer loop
         vertex 0.0269257 0.000276265 0.0145
         vertex 0.0266652 0.000527082 0.0145
         vertex 0.0314606 -0.00281214 0.0145
      endloop
   endfacet
   facet normal 0 6.93889e-16 -1
      outer loop
         vertex 0.0352749 -0.00357085 0.0145
         vertex 0.0341394 -0.00281214 0.0145
         vertex 0.0402421 -0.00297329 0.0145
      endloop
   endfacet
   facet normal 0 6.93889e-16 -1
      outer loop
         vertex 0.0402421 -0.00297329 0.0145
         vertex 0.0341394 -0.00281214 0.0145
         vertex 0.0328 -0.00254572 0.0145
      endloop
   endfacet
   facet normal 0.382683 -0.92388 -6.4107e-16
      outer loop
         vertex 0.0314606 -0.00281214 0.0145
         vertex 0.0328 -0.00254572 0.0145
         vertex 0.0328 -0.00254572 0.0155
      endloop
   endfacet
   facet normal 0.707107 -0.707107 -4.90654e-16
      outer loop
         vertex 0.0303251 -0.00357085 0.0145
         vertex 0.0314606 -0.00281214 0.0145
         vertex 0.0314606 -0.00281214 0.0155
      endloop
   endfacet
   facet normal 0.707107 -0.707107 -4.90654e-16
      outer loop
         vertex 0.0303251 -0.00357085 0.0145
         vertex 0.0303251 -0.00357085 0.0155
         vertex 0.0296709 -0.00455 0.0155
      endloop
   endfacet
   facet normal 0.902226 -0.431264 -2.9925e-16
      outer loop
         vertex 0.0296709 -0.00455 0.0155
         vertex 0.0295664 -0.00470633 0.0145
         vertex 0.0303251 -0.00357085 0.0145
      endloop
   endfacet
   facet normal 1 1.83697e-16 1.27465e-31
      outer loop
         vertex 0.0293 -0.00604572 0.0145
         vertex 0.0295664 -0.00470633 0.0145
         vertex 0.0295664 -0.00470633 0.0155
      endloop
   endfacet
   facet normal 0.92388 0.382683 2.6554e-16
      outer loop
         vertex 0.0295664 -0.00738511 0.0145
         vertex 0.0293 -0.00604572 0.0145
         vertex 0.0293 -0.00604572 0.0155
      endloop
   endfacet
   facet normal 0.707107 0.707107 4.90654e-16
      outer loop
         vertex 0.0303251 -0.0085206 0.0145
         vertex 0.0295664 -0.00738511 0.0145
         vertex 0.0295664 -0.00738511 0.0155
      endloop
   endfacet
   facet normal 0.707107 0.707107 4.90654e-16
      outer loop
         vertex 0.0303251 -0.0085206 0.0145
         vertex 0.0303251 -0.0085206 0.0155
         vertex 0.031002 -0.00897286 0.0155
      endloop
   endfacet
   facet normal 0.523399 0.852088 5.91255e-16
      outer loop
         vertex 0.031002 -0.00897286 0.0155
         vertex 0.0314606 -0.0092793 0.0145
         vertex 0.0303251 -0.0085206 0.0145
      endloop
   endfacet
   facet normal -1.22465e-16 1 6.93889e-16
      outer loop
         vertex 0.0328 -0.00954572 0.0145
         vertex 0.0314606 -0.0092793 0.0145
         vertex 0.0314606 -0.0092793 0.0155
      endloop
   endfacet
   facet normal -0.382683 0.92388 6.4107e-16
      outer loop
         vertex 0.0341394 -0.0092793 0.0145
         vertex 0.0328 -0.00954572 0.0145
         vertex 0.0328 -0.00954572 0.0155
      endloop
   endfacet
   facet normal -0.707107 0.707107 4.90654e-16
      outer loop
         vertex 0.0352749 -0.0085206 0.0145
         vertex 0.0341394 -0.0092793 0.0145
         vertex 0.034598 -0.00897286 0.0155
      endloop
   endfacet
   facet normal -0.382683 0.92388 6.4107e-16
      outer loop
         vertex 0.0341394 -0.0092793 0.0145
         vertex 0.0341394 -0.0092793 0.0155
         vertex 0.034598 -0.00897286 0.0155
      endloop
   endfacet
   facet normal -0.92388 0.382683 2.6554e-16
      outer loop
         vertex 0.0360336 -0.00738511 0.0145
         vertex 0.0352749 -0.0085206 0.0145
         vertex 0.0352749 -0.0085206 0.0155
      endloop
   endfacet
   facet normal -1 -6.12323e-17 -4.24885e-32
      outer loop
         vertex 0.0363 -0.00604572 0.0145
         vertex 0.0360336 -0.00738511 0.0145
         vertex 0.0360336 -0.00738511 0.0155
      endloop
   endfacet
   facet normal -1 -6.12323e-17 -4.24885e-32
      outer loop
         vertex 0.0363 -0.00604572 0.0145
         vertex 0.0363 -0.00604572 0.0155
         vertex 0.0362327 -0.00536291 0.0155
      endloop
   endfacet
   facet normal -0.980785 -0.19509 -1.35371e-16
      outer loop
         vertex 0.0362327 -0.00536291 0.0155
         vertex 0.0360336 -0.00470633 0.0145
         vertex 0.0363 -0.00604572 0.0145
      endloop
   endfacet
   facet normal -0.707107 -0.707107 -4.90654e-16
      outer loop
         vertex 0.0352749 -0.00357085 0.0145
         vertex 0.0360336 -0.00470633 0.0145
         vertex 0.0359291 -0.00455 0.0155
      endloop
   endfacet
   facet normal -0.92388 -0.382683 -2.6554e-16
      outer loop
         vertex 0.0360336 -0.00470633 0.0145
         vertex 0.0360336 -0.00470633 0.0155
         vertex 0.0359291 -0.00455 0.0155
      endloop
   endfacet
   facet normal -0.382683 -0.92388 -6.4107e-16
      outer loop
         vertex 0.0341394 -0.00281214 0.0145
         vertex 0.0352749 -0.00357085 0.0145
         vertex 0.0352749 -0.00357085 0.0155
      endloop
   endfacet
   facet normal 0 -1 -6.81499e-16
      outer loop
         vertex 0.0328 -0.00254572 0.0145
         vertex 0.0341394 -0.00281214 0.0145
         vertex 0.0341394 -0.00281214 0.0155
      endloop
   endfacet
   facet normal -0.382683 -0.92388 -6.4107e-16
      outer loop
         vertex 0.0341394 -0.00281214 0.0155
         vertex 0.0328 -0.00254572 0.0155
         vertex 0.0328 -0.00254572 0.0145
      endloop
   endfacet
   facet normal -0.707107 -0.707107 -4.90654e-16
      outer loop
         vertex 0.0352749 -0.00357085 0.0155
         vertex 0.0341394 -0.00281214 0.0155
         vertex 0.0341394 -0.00281214 0.0145
      endloop
   endfacet
   facet normal -0.902226 -0.431264 -2.9925e-16
      outer loop
         vertex 0.0359291 -0.00455 0.0155
         vertex 0.0352749 -0.00357085 0.0155
         vertex 0.0352749 -0.00357085 0.0145
      endloop
   endfacet
   facet normal -0.980785 -0.19509 -1.35371e-16
      outer loop
         vertex 0.0362327 -0.00536291 0.0155
         vertex 0.0360336 -0.00470633 0.0155
         vertex 0.0360336 -0.00470633 0.0145
      endloop
   endfacet
   facet normal -0.92388 0.382683 2.6554e-16
      outer loop
         vertex 0.0360336 -0.00738511 0.0155
         vertex 0.0363 -0.00604572 0.0155
         vertex 0.0363 -0.00604572 0.0145
      endloop
   endfacet
   facet normal -0.707107 0.707107 4.90654e-16
      outer loop
         vertex 0.0352749 -0.0085206 0.0155
         vertex 0.0360336 -0.00738511 0.0155
         vertex 0.0360336 -0.00738511 0.0145
      endloop
   endfacet
   facet normal -0.523399 0.852088 5.91255e-16
      outer loop
         vertex 0.034598 -0.00897286 0.0155
         vertex 0.0352749 -0.0085206 0.0155
         vertex 0.0352749 -0.0085206 0.0145
      endloop
   endfacet
   facet normal -1.22465e-16 1 6.93889e-16
      outer loop
         vertex 0.0328 -0.00954572 0.0155
         vertex 0.0341394 -0.0092793 0.0155
         vertex 0.0341394 -0.0092793 0.0145
      endloop
   endfacet
   facet normal 0.382683 0.92388 6.4107e-16
      outer loop
         vertex 0.0314606 -0.0092793 0.0155
         vertex 0.0328 -0.00954572 0.0155
         vertex 0.0328 -0.00954572 0.0145
      endloop
   endfacet
   facet normal 0.523399 0.852088 5.91255e-16
      outer loop
         vertex 0.031002 -0.00897286 0.0155
         vertex 0.0314606 -0.0092793 0.0155
         vertex 0.0314606 -0.0092793 0.0145
      endloop
   endfacet
   facet normal 0.92388 0.382683 2.6554e-16
      outer loop
         vertex 0.0295664 -0.00738511 0.0155
         vertex 0.0303251 -0.0085206 0.0155
         vertex 0.0303251 -0.0085206 0.0145
      endloop
   endfacet
   facet normal 1 1.83697e-16 1.27465e-31
      outer loop
         vertex 0.0293 -0.00604572 0.0155
         vertex 0.0295664 -0.00738511 0.0155
         vertex 0.0295664 -0.00738511 0.0145
      endloop
   endfacet
   facet normal 0.92388 -0.382683 -2.6554e-16
      outer loop
         vertex 0.0295664 -0.00470633 0.0155
         vertex 0.0293 -0.00604572 0.0155
         vertex 0.0293 -0.00604572 0.0145
      endloop
   endfacet
   facet normal 0.902226 -0.431264 -2.9925e-16
      outer loop
         vertex 0.0296709 -0.00455 0.0155
         vertex 0.0295664 -0.00470633 0.0155
         vertex 0.0295664 -0.00470633 0.0145
      endloop
   endfacet
   facet normal 0.382683 -0.92388 -6.4107e-16
      outer loop
         vertex 0.0314606 -0.00281214 0.0155
         vertex 0.0303251 -0.00357085 0.0155
         vertex 0.0303251 -0.00357085 0.0145
      endloop
   endfacet
   facet normal 0 -1 -6.81499e-16
      outer loop
         vertex 0.0328 -0.00254572 0.0155
         vertex 0.0314606 -0.00281214 0.0155
         vertex 0.0314606 -0.00281214 0.0145
      endloop
   endfacet
   facet normal 0 6.93889e-16 -1
      outer loop
         vertex 0.0402421 -0.00297329 0.0125
         vertex 0.0394096 -0.00353188 0.0125
         vertex 0.0396147 -0.00325044 0.0125
      endloop
   endfacet
   facet normal 0 6.93889e-16 -1
      outer loop
         vertex 0.0396147 -0.00325044 0.0125
         vertex 0.0399039 -0.0030564 0.0125
         vertex 0.0402421 -0.00297329 0.0125
      endloop
   endfacet
   facet normal 0 6.93889e-16 -1
      outer loop
         vertex 0.0273946 -0.012916 0.0125
         vertex 0.0275012 -0.0123802 0.0125
         vertex 0.0321467 -0.0122615 0.0125
      endloop
   endfacet
   facet normal 0 6.93889e-16 -1
      outer loop
         vertex 0.0405883 -0.00301121 0.0125
         vertex 0.0393135 -0.00386659 0.0125
         vertex 0.0394096 -0.00353188 0.0125
      endloop
   endfacet
   facet normal 0 6.93889e-16 -1
      outer loop
         vertex 0.0385712 -0.0123411 0.0125
         vertex 0.0380354 -0.0122345 0.0125
         vertex 0.0382926 -0.00902796 0.0125
      endloop
   endfacet
   facet normal 0 6.93889e-16 -1
      outer loop
         vertex 0.0279428 -0.00997897 0.0125
         vertex 0.0298178 -0.0115383 0.0125
         vertex 0.0273946 -0.0118444 0.0125
      endloop
   endfacet
   facet normal 0 6.93889e-16 -1
      outer loop
         vertex 0.0275012 -0.0123802 0.0125
         vertex 0.0273946 -0.0118444 0.0125
         vertex 0.0298178 -0.0115383 0.0125
      endloop
   endfacet
   facet normal 0 6.93889e-16 -1
      outer loop
         vertex 0.0321467 -0.0122615 0.0125
         vertex 0.0366354 -0.0136345 0.0125
         vertex 0.0273946 -0.012916 0.0125
      endloop
   endfacet
   facet normal 0 6.93889e-16 -1
      outer loop
         vertex 0.0405883 -0.00301121 0.0125
         vertex 0.0390158 -0.00669902 0.0125
         vertex 0.0393135 -0.00386659 0.0125
      endloop
   endfacet
   facet normal 0 6.93889e-16 -1
      outer loop
         vertex 0.0382926 -0.00902796 0.0125
         vertex 0.0390158 -0.00669902 0.0125
         vertex 0.0385712 -0.0123411 0.0125
      endloop
   endfacet
   facet normal 0 6.93889e-16 -1
      outer loop
         vertex 0.0470237 -0.00595485 0.0125
         vertex 0.0390254 -0.0126446 0.0125
         vertex 0.0385712 -0.0123411 0.0125
      endloop
   endfacet
   facet normal 0 6.93889e-16 -1
      outer loop
         vertex 0.0271078 -0.000411294 0.0125
         vertex 0.0266652 0.000527082 0.0125
         vertex 0.0269257 0.000276265 0.0125
      endloop
   endfacet
   facet normal 0 6.93889e-16 -1
      outer loop
         vertex 0.0273946 -0.0118444 0.0125
         vertex 0.0270911 -0.0113903 0.0125
         vertex 0.0279428 -0.00997897 0.0125
      endloop
   endfacet
   facet normal 0 6.93889e-16 -1
      outer loop
         vertex 0.0321467 -0.0122615 0.0125
         vertex 0.036742 -0.0130988 0.0125
         vertex 0.0366354 -0.0136345 0.0125
      endloop
   endfacet
   facet normal 0 6.93889e-16 -1
      outer loop
         vertex 0.0211428 -0.0188976 0.0125
         vertex 0.0261012 -0.0137802 0.0125
         vertex 0.0266369 -0.0136736 0.0125
      endloop
   endfacet
   facet normal 0 6.93889e-16 -1
      outer loop
         vertex 0.0251112 -0.0133702 0.0125
         vertex 0.0255654 -0.0136736 0.0125
         vertex 0.0211428 -0.0188976 0.0125
      endloop
   endfacet
   facet normal 0 6.93889e-16 -1
      outer loop
         vertex 0.0390158 -0.00669902 0.0125
         vertex 0.0405883 -0.00301121 0.0125
         vertex 0.0385712 -0.0123411 0.0125
      endloop
   endfacet
   facet normal 0 6.93889e-16 -1
      outer loop
         vertex 0.0470237 -0.00595485 0.0125
         vertex 0.0393289 -0.0130988 0.0125
         vertex 0.0390254 -0.0126446 0.0125
      endloop
   endfacet
   facet normal 0 6.93889e-16 -1
      outer loop
         vertex 0.043239 -0.0224615 0.0125
         vertex 0.0393289 -0.0141703 0.0125
         vertex 0.0394354 -0.0136345 0.0125
      endloop
   endfacet
   facet normal 0 6.93889e-16 -1
      outer loop
         vertex 0.0393289 -0.0141703 0.0125
         vertex 0.043239 -0.0224615 0.0125
         vertex 0.0428757 -0.0217708 0.0125
      endloop
   endfacet
   facet normal 0 6.93889e-16 -1
      outer loop
         vertex 0.0271078 -0.000411294 0.0125
         vertex 0.0263326 0.000668876 0.0125
         vertex 0.0266652 0.000527082 0.0125
      endloop
   endfacet
   facet normal 0 6.93889e-16 -1
      outer loop
         vertex 0.0266369 -0.0110868 0.0125
         vertex 0.0268074 -0.00782082 0.0125
         vertex 0.0279428 -0.00997897 0.0125
      endloop
   endfacet
   facet normal 0 6.93889e-16 -1
      outer loop
         vertex 0.0298178 -0.0115383 0.0125
         vertex 0.0321467 -0.0122615 0.0125
         vertex 0.0275012 -0.0123802 0.0125
      endloop
   endfacet
   facet normal 0 6.93889e-16 -1
      outer loop
         vertex 0.0266369 -0.0136736 0.0125
         vertex 0.036742 -0.0141703 0.0125
         vertex 0.0211428 -0.0188976 0.0125
      endloop
   endfacet
   facet normal 0 6.93889e-16 -1
      outer loop
         vertex 0.0211428 -0.0188976 0.0125
         vertex 0.0203657 -0.018969 0.0125
         vertex 0.0251112 -0.0133702 0.0125
      endloop
   endfacet
   facet normal 0 6.93889e-16 -1
      outer loop
         vertex 0.0199508 0.00130412 0.0125
         vertex 0.0248077 -0.0118444 0.0125
         vertex 0.0247012 -0.0123802 0.0125
      endloop
   endfacet
   facet normal 0 6.93889e-16 -1
      outer loop
         vertex 0.0385712 -0.0123411 0.0125
         vertex 0.0405883 -0.00301121 0.0125
         vertex 0.0470237 -0.00595485 0.0125
      endloop
   endfacet
   facet normal 0 6.93889e-16 -1
      outer loop
         vertex 0.0394354 -0.0136345 0.0125
         vertex 0.0470237 -0.00595485 0.0125
         vertex 0.043239 -0.0224615 0.0125
      endloop
   endfacet
   facet normal 0 6.93889e-16 -1
      outer loop
         vertex 0.0385712 -0.014928 0.0125
         vertex 0.0428757 -0.0217708 0.0125
         vertex 0.0422757 -0.0212719 0.0125
      endloop
   endfacet
   facet normal 0 6.93889e-16 -1
      outer loop
         vertex 0.0428757 -0.0217708 0.0125
         vertex 0.0385712 -0.014928 0.0125
         vertex 0.0390254 -0.0146245 0.0125
      endloop
   endfacet
   facet normal 0 6.93889e-16 -1
      outer loop
         vertex 0.0269257 0.000276265 0.0125
         vertex 0.0270799 -5.07799e-05 0.0125
         vertex 0.0271078 -0.000411294 0.0125
      endloop
   endfacet
   facet normal 0 6.93889e-16 -1
      outer loop
         vertex 0.0366354 -0.0136345 0.0125
         vertex 0.036742 -0.0141703 0.0125
         vertex 0.0273946 -0.012916 0.0125
      endloop
   endfacet
   facet normal 0 6.93889e-16 -1
      outer loop
         vertex 0.0266369 -0.0136736 0.0125
         vertex 0.0270911 -0.0133702 0.0125
         vertex 0.036742 -0.0141703 0.0125
      endloop
   endfacet
   facet normal 0 6.93889e-16 -1
      outer loop
         vertex 0.0203657 -0.018969 0.0125
         vertex 0.0248077 -0.012916 0.0125
         vertex 0.0251112 -0.0133702 0.0125
      endloop
   endfacet
   facet normal 0 6.93889e-16 -1
      outer loop
         vertex 0.0247012 -0.0123802 0.0125
         vertex 0.0203657 -0.018969 0.0125
         vertex 0.0199508 0.00130412 0.0125
      endloop
   endfacet
   facet normal 0 6.93889e-16 -1
      outer loop
         vertex 0.0394354 -0.0136345 0.0125
         vertex 0.0393289 -0.0130988 0.0125
         vertex 0.0470237 -0.00595485 0.0125
      endloop
   endfacet
   facet normal 0 6.93889e-16 -1
      outer loop
         vertex 0.0428757 -0.0217708 0.0125
         vertex 0.0390254 -0.0146245 0.0125
         vertex 0.0393289 -0.0141703 0.0125
      endloop
   endfacet
   facet normal 0 6.93889e-16 -1
      outer loop
         vertex 0.0415305 -0.0210404 0.0125
         vertex 0.0211428 -0.0188976 0.0125
         vertex 0.0374997 -0.014928 0.0125
      endloop
   endfacet
   facet normal 0 6.93889e-16 -1
      outer loop
         vertex 0.0261012 -0.0109802 0.0125
         vertex 0.0265842 -0.00539242 0.0125
         vertex 0.0268074 -0.00782082 0.0125
      endloop
   endfacet
   facet normal 0 6.93889e-16 -1
      outer loop
         vertex 0.0271078 -0.000411294 0.0125
         vertex 0.0265842 -0.00539242 0.0125
         vertex 0.0263326 0.000668876 0.0125
      endloop
   endfacet
   facet normal 0 6.93889e-16 -1
      outer loop
         vertex 0.0270911 -0.0133702 0.0125
         vertex 0.0273946 -0.012916 0.0125
         vertex 0.036742 -0.0141703 0.0125
      endloop
   endfacet
   facet normal 0 6.93889e-16 -1
      outer loop
         vertex 0.0247012 -0.0123802 0.0125
         vertex 0.0248077 -0.012916 0.0125
         vertex 0.0203657 -0.018969 0.0125
      endloop
   endfacet
   facet normal 0 6.93889e-16 -1
      outer loop
         vertex 0.0422757 -0.0212719 0.0125
         vertex 0.0415305 -0.0210404 0.0125
         vertex 0.0385712 -0.014928 0.0125
      endloop
   endfacet
   facet normal 0 6.93889e-16 -1
      outer loop
         vertex 0.0374997 -0.014928 0.0125
         vertex 0.0380354 -0.0150345 0.0125
         vertex 0.0415305 -0.0210404 0.0125
      endloop
   endfacet
   facet normal 0 6.93889e-16 -1
      outer loop
         vertex 0.0265842 -0.00539242 0.0125
         vertex 0.0261012 -0.0109802 0.0125
         vertex 0.0263326 0.000668876 0.0125
      endloop
   endfacet
   facet normal 0 6.93889e-16 -1
      outer loop
         vertex 0.0255654 -0.0136736 0.0125
         vertex 0.0261012 -0.0137802 0.0125
         vertex 0.0211428 -0.0188976 0.0125
      endloop
   endfacet
   facet normal 0 6.93889e-16 -1
      outer loop
         vertex 0.0199508 0.00130412 0.0125
         vertex 0.0255654 -0.0110868 0.0125
         vertex 0.0251112 -0.0113903 0.0125
      endloop
   endfacet
   facet normal 0 6.93889e-16 -1
      outer loop
         vertex 0.0263326 0.000668876 0.0125
         vertex 0.0261012 -0.0109802 0.0125
         vertex 0.0255654 -0.0110868 0.0125
      endloop
   endfacet
   facet normal 0 6.93889e-16 -1
      outer loop
         vertex 0.0380354 -0.0150345 0.0125
         vertex 0.0385712 -0.014928 0.0125
         vertex 0.0415305 -0.0210404 0.0125
      endloop
   endfacet
   facet normal 0 6.93889e-16 -1
      outer loop
         vertex 0.0211428 -0.0188976 0.0125
         vertex 0.036742 -0.0141703 0.0125
         vertex 0.0370455 -0.0146245 0.0125
      endloop
   endfacet
   facet normal 0 6.93889e-16 -1
      outer loop
         vertex 0.0270911 -0.0113903 0.0125
         vertex 0.0266369 -0.0110868 0.0125
         vertex 0.0279428 -0.00997897 0.0125
      endloop
   endfacet
   facet normal 0 6.93889e-16 -1
      outer loop
         vertex 0.0255654 -0.0110868 0.0125
         vertex 0.0199508 0.00130412 0.0125
         vertex 0.0263326 0.000668876 0.0125
      endloop
   endfacet
   facet normal 0 6.93889e-16 -1
      outer loop
         vertex 0.036742 -0.0130988 0.0125
         vertex 0.0321467 -0.0122615 0.0125
         vertex 0.0345751 -0.0120383 0.0125
      endloop
   endfacet
   facet normal 0 6.93889e-16 -1
      outer loop
         vertex 0.0367333 -0.0109029 0.0125
         vertex 0.0374997 -0.0123411 0.0125
         vertex 0.0370455 -0.0126446 0.0125
      endloop
   endfacet
   facet normal 0 6.93889e-16 -1
      outer loop
         vertex 0.0370455 -0.0146245 0.0125
         vertex 0.0374997 -0.014928 0.0125
         vertex 0.0211428 -0.0188976 0.0125
      endloop
   endfacet
   facet normal 0 6.93889e-16 -1
      outer loop
         vertex 0.0251112 -0.0113903 0.0125
         vertex 0.0248077 -0.0118444 0.0125
         vertex 0.0199508 0.00130412 0.0125
      endloop
   endfacet
   facet normal 0 6.93889e-16 -1
      outer loop
         vertex 0.0370455 -0.0126446 0.0125
         vertex 0.0345751 -0.0120383 0.0125
         vertex 0.0367333 -0.0109029 0.0125
      endloop
   endfacet
   facet normal 0 6.93889e-16 -1
      outer loop
         vertex 0.0189447 -0.0206776 0.0125
         vertex 0.0183035 -0.026778 0.0125
         vertex 0.0183148 -0.0266397 0.0125
      endloop
   endfacet
   facet normal 0 6.93889e-16 -1
      outer loop
         vertex 0.0268074 -0.00782082 0.0125
         vertex 0.0266369 -0.0110868 0.0125
         vertex 0.0261012 -0.0109802 0.0125
      endloop
   endfacet
   facet normal 0 6.93889e-16 -1
      outer loop
         vertex 0.0367333 -0.0109029 0.0125
         vertex 0.0380354 -0.0122345 0.0125
         vertex 0.0374997 -0.0123411 0.0125
      endloop
   endfacet
   facet normal 0 6.93889e-16 -1
      outer loop
         vertex 0.0199508 0.00130412 0.0125
         vertex 0.0191761 -0.0199323 0.0125
         vertex 0.0189447 -0.0206776 0.0125
      endloop
   endfacet
   facet normal 0 6.93889e-16 -1
      outer loop
         vertex 0.0345751 -0.0120383 0.0125
         vertex 0.0370455 -0.0126446 0.0125
         vertex 0.036742 -0.0130988 0.0125
      endloop
   endfacet
   facet normal 0 6.93889e-16 -1
      outer loop
         vertex 0.0433104 -0.0232385 0.0125
         vertex 0.0470237 -0.00595485 0.0125
         vertex 0.0421248 -0.0345797 0.0125
      endloop
   endfacet
   facet normal 0 6.93889e-16 -1
      outer loop
         vertex 0.0199508 0.00130412 0.0125
         vertex 0.0196751 -0.0193324 0.0125
         vertex 0.0191761 -0.0199323 0.0125
      endloop
   endfacet
   facet normal 0 6.93889e-16 -1
      outer loop
         vertex 0.0402421 -0.00297329 0.0125
         vertex 0.0405883 -0.00301121 0.0125
         vertex 0.0394096 -0.00353188 0.0125
      endloop
   endfacet
   facet normal 0 6.93889e-16 -1
      outer loop
         vertex 0.0421248 -0.0345797 0.0125
         vertex 0.0420982 -0.0347722 0.0125
         vertex 0.0433104 -0.0232385 0.0125
      endloop
   endfacet
   facet normal 0 6.93889e-16 -1
      outer loop
         vertex 0.0199508 0.00130412 0.0125
         vertex 0.0203657 -0.018969 0.0125
         vertex 0.0196751 -0.0193324 0.0125
      endloop
   endfacet
   facet normal 0 6.93889e-16 -1
      outer loop
         vertex 0.0433104 -0.0232385 0.0125
         vertex 0.043239 -0.0224615 0.0125
         vertex 0.0470237 -0.00595485 0.0125
      endloop
   endfacet
   facet normal 0 6.93889e-16 -1
      outer loop
         vertex 0.0367333 -0.0109029 0.0125
         vertex 0.0382926 -0.00902796 0.0125
         vertex 0.0380354 -0.0122345 0.0125
      endloop
   endfacet
   facet normal 0 6.93889e-16 -1
      outer loop
         vertex 0.0183148 -0.0266397 0.0125
         vertex 0.0199508 0.00130412 0.0125
         vertex 0.0189447 -0.0206776 0.0125
      endloop
   endfacet
   facet normal 0 6.93889e-16 -1
      outer loop
         vertex 0.0405883 -0.00301121 0.0125
         vertex 0.048062 -0.0053298 0.0125
         vertex 0.0470237 -0.00595485 0.0125
      endloop
   endfacet
   facet normal 0 6.93889e-16 -1
      outer loop
         vertex 0.0199508 0.00130412 0.0125
         vertex 0.0193036 0.00213641 0.0125
         vertex 0.0263326 0.000668876 0.0125
      endloop
   endfacet
   facet normal 2.44929e-16 -1 -6.93889e-16
      outer loop
         vertex 0.0261012 -0.0109802 0.0125
         vertex 0.0261012 -0.0109802 0.0155
         vertex 0.0257248 -0.0110551 0.0155
      endloop
   endfacet
   facet normal 0.273198 -0.961958 -6.67492e-16
      outer loop
         vertex 0.0257248 -0.0110551 0.0155
         vertex 0.0255654 -0.0110868 0.0125
         vertex 0.0261012 -0.0109802 0.0125
      endloop
   endfacet
   facet normal 0.707107 -0.707107 -4.90654e-16
      outer loop
         vertex 0.0251112 -0.0113903 0.0125
         vertex 0.0255654 -0.0110868 0.0125
         vertex 0.0255654 -0.0110868 0.0155
      endloop
   endfacet
   facet normal 0.92388 -0.382683 -2.6554e-16
      outer loop
         vertex 0.0248077 -0.0118444 0.0125
         vertex 0.0251112 -0.0113903 0.0125
         vertex 0.0249661 -0.0116074 0.0155
      endloop
   endfacet
   facet normal 0.707107 -0.707107 -4.90654e-16
      outer loop
         vertex 0.0251112 -0.0113903 0.0125
         vertex 0.0251112 -0.0113903 0.0155
         vertex 0.0249661 -0.0116074 0.0155
      endloop
   endfacet
   facet normal 1 1.83697e-16 1.27465e-31
      outer loop
         vertex 0.0247012 -0.0123802 0.0125
         vertex 0.0248077 -0.0118444 0.0125
         vertex 0.0248077 -0.0118444 0.0155
      endloop
   endfacet
   facet normal 0.92388 0.382683 2.6554e-16
      outer loop
         vertex 0.0248077 -0.012916 0.0125
         vertex 0.0247012 -0.0123802 0.0125
         vertex 0.0247012 -0.0123802 0.0155
      endloop
   endfacet
   facet normal 0.92388 0.382683 2.6554e-16
      outer loop
         vertex 0.0248077 -0.012916 0.0125
         vertex 0.0248077 -0.012916 0.0155
         vertex 0.0250687 -0.0133065 0.0155
      endloop
   endfacet
   facet normal 0.744362 0.667776 4.63363e-16
      outer loop
         vertex 0.0250687 -0.0133065 0.0155
         vertex 0.0251112 -0.0133702 0.0125
         vertex 0.0248077 -0.012916 0.0125
      endloop
   endfacet
   facet normal 0.382683 0.92388 6.4107e-16
      outer loop
         vertex 0.0255654 -0.0136736 0.0125
         vertex 0.0251112 -0.0133702 0.0125
         vertex 0.0251112 -0.0133702 0.0155
      endloop
   endfacet
   facet normal 0 1 6.19544e-16
      outer loop
         vertex 0.0261012 -0.0137802 0.0125
         vertex 0.0255654 -0.0136736 0.0125
         vertex 0.0257248 -0.0137053 0.0155
      endloop
   endfacet
   facet normal 0.382683 0.92388 6.4107e-16
      outer loop
         vertex 0.0255654 -0.0136736 0.0125
         vertex 0.0255654 -0.0136736 0.0155
         vertex 0.0257248 -0.0137053 0.0155
      endloop
   endfacet
   facet normal -0.382683 0.92388 6.4107e-16
      outer loop
         vertex 0.0266369 -0.0136736 0.0125
         vertex 0.0261012 -0.0137802 0.0125
         vertex 0.0261012 -0.0137802 0.0155
      endloop
   endfacet
   facet normal -0.707107 0.707107 4.90654e-16
      outer loop
         vertex 0.0270911 -0.0133702 0.0125
         vertex 0.0266369 -0.0136736 0.0125
         vertex 0.0266369 -0.0136736 0.0155
      endloop
   endfacet
   facet normal -0.92388 0.382683 2.6554e-16
      outer loop
         vertex 0.0273946 -0.012916 0.0125
         vertex 0.0270911 -0.0133702 0.0125
         vertex 0.0271337 -0.0133065 0.0155
      endloop
   endfacet
   facet normal -0.707107 0.707107 4.90654e-16
      outer loop
         vertex 0.0270911 -0.0133702 0.0125
         vertex 0.0270911 -0.0133702 0.0155
         vertex 0.0271337 -0.0133065 0.0155
      endloop
   endfacet
   facet normal -1 -6.12323e-17 -4.24885e-32
      outer loop
         vertex 0.0275012 -0.0123802 0.0125
         vertex 0.0273946 -0.012916 0.0125
         vertex 0.0273946 -0.012916 0.0155
      endloop
   endfacet
   facet normal -0.92388 -0.382683 -2.6554e-16
      outer loop
         vertex 0.0273946 -0.0118444 0.0125
         vertex 0.0275012 -0.0123802 0.0125
         vertex 0.0275012 -0.0123802 0.0155
      endloop
   endfacet
   facet normal -0.92388 -0.382683 -2.6554e-16
      outer loop
         vertex 0.0273946 -0.0118444 0.0125
         vertex 0.0273946 -0.0118444 0.0155
         vertex 0.0272362 -0.0116074 0.0155
      endloop
   endfacet
   facet normal -0.826583 -0.562814 -3.90531e-16
      outer loop
         vertex 0.0272362 -0.0116074 0.0155
         vertex 0.0270911 -0.0113903 0.0125
         vertex 0.0273946 -0.0118444 0.0125
      endloop
   endfacet
   facet normal -0.382683 -0.92388 -6.4107e-16
      outer loop
         vertex 0.0266369 -0.0110868 0.0125
         vertex 0.0270911 -0.0113903 0.0125
         vertex 0.0270911 -0.0113903 0.0155
      endloop
   endfacet
   facet normal 2.44929e-16 -1 -6.93889e-16
      outer loop
         vertex 0.0261012 -0.0109802 0.0125
         vertex 0.0266369 -0.0110868 0.0125
         vertex 0.0266369 -0.0110868 0.0155
      endloop
   endfacet
   facet normal -0.382683 -0.92388 -6.4107e-16
      outer loop
         vertex 0.0266369 -0.0110868 0.0155
         vertex 0.0261012 -0.0109802 0.0155
         vertex 0.0261012 -0.0109802 0.0125
      endloop
   endfacet
   facet normal -0.707107 -0.707107 -4.90654e-16
      outer loop
         vertex 0.0270911 -0.0113903 0.0155
         vertex 0.0266369 -0.0110868 0.0155
         vertex 0.0266369 -0.0110868 0.0125
      endloop
   endfacet
   facet normal -0.826583 -0.562814 -3.90531e-16
      outer loop
         vertex 0.0272362 -0.0116074 0.0155
         vertex 0.0270911 -0.0113903 0.0155
         vertex 0.0270911 -0.0113903 0.0125
      endloop
   endfacet
   facet normal -1 -6.12323e-17 -4.24885e-32
      outer loop
         vertex 0.0275012 -0.0123802 0.0155
         vertex 0.0273946 -0.0118444 0.0155
         vertex 0.0273946 -0.0118444 0.0125
      endloop
   endfacet
   facet normal -0.92388 0.382683 2.6554e-16
      outer loop
         vertex 0.0273946 -0.012916 0.0155
         vertex 0.0275012 -0.0123802 0.0155
         vertex 0.0275012 -0.0123802 0.0125
      endloop
   endfacet
   facet normal -0.744362 0.667776 4.63363e-16
      outer loop
         vertex 0.0271337 -0.0133065 0.0155
         vertex 0.0273946 -0.012916 0.0155
         vertex 0.0273946 -0.012916 0.0125
      endloop
   endfacet
   facet normal -0.382683 0.92388 6.4107e-16
      outer loop
         vertex 0.0266369 -0.0136736 0.0155
         vertex 0.0270911 -0.0133702 0.0155
         vertex 0.0270911 -0.0133702 0.0125
      endloop
   endfacet
   facet normal -1.22465e-16 1 6.93889e-16
      outer loop
         vertex 0.0261012 -0.0137802 0.0155
         vertex 0.0266369 -0.0136736 0.0155
         vertex 0.0266369 -0.0136736 0.0125
      endloop
   endfacet
   facet normal 0.273198 0.961958 6.67492e-16
      outer loop
         vertex 0.0257248 -0.0137053 0.0155
         vertex 0.0261012 -0.0137802 0.0155
         vertex 0.0261012 -0.0137802 0.0125
      endloop
   endfacet
   facet normal 0.707107 0.707107 4.90654e-16
      outer loop
         vertex 0.0251112 -0.0133702 0.0155
         vertex 0.0255654 -0.0136736 0.0155
         vertex 0.0255654 -0.0136736 0.0125
      endloop
   endfacet
   facet normal 0.744362 0.667776 4.63363e-16
      outer loop
         vertex 0.0250687 -0.0133065 0.0155
         vertex 0.0251112 -0.0133702 0.0155
         vertex 0.0251112 -0.0133702 0.0125
      endloop
   endfacet
   facet normal 1 1.83697e-16 1.27465e-31
      outer loop
         vertex 0.0247012 -0.0123802 0.0155
         vertex 0.0248077 -0.012916 0.0155
         vertex 0.0248077 -0.012916 0.0125
      endloop
   endfacet
   facet normal 0.92388 -0.382683 -2.6554e-16
      outer loop
         vertex 0.0248077 -0.0118444 0.0155
         vertex 0.0247012 -0.0123802 0.0155
         vertex 0.0247012 -0.0123802 0.0125
      endloop
   endfacet
   facet normal 0.826583 -0.562814 -3.90531e-16
      outer loop
         vertex 0.0249661 -0.0116074 0.0155
         vertex 0.0248077 -0.0118444 0.0155
         vertex 0.0248077 -0.0118444 0.0125
      endloop
   endfacet
   facet normal 0.382683 -0.92388 -6.4107e-16
      outer loop
         vertex 0.0255654 -0.0110868 0.0155
         vertex 0.0251112 -0.0113903 0.0155
         vertex 0.0251112 -0.0113903 0.0125
      endloop
   endfacet
   facet normal 0.273198 -0.961958 -6.67492e-16
      outer loop
         vertex 0.0257248 -0.0110551 0.0155
         vertex 0.0255654 -0.0110868 0.0155
         vertex 0.0255654 -0.0110868 0.0125
      endloop
   endfacet
   facet normal 0.382683 -0.92388 -6.4107e-16
      outer loop
         vertex 0.0374997 -0.0123411 0.0125
         vertex 0.0380354 -0.0122345 0.0125
         vertex 0.0380354 -0.0122345 0.0155
      endloop
   endfacet
   facet normal 0.707107 -0.707107 -4.90654e-16
      outer loop
         vertex 0.0370455 -0.0126446 0.0125
         vertex 0.0374997 -0.0123411 0.0125
         vertex 0.0374997 -0.0123411 0.0155
      endloop
   endfacet
   facet normal 0.92388 -0.382683 -2.6554e-16
      outer loop
         vertex 0.036742 -0.0130988 0.0125
         vertex 0.0370455 -0.0126446 0.0125
         vertex 0.0370455 -0.0126446 0.0155
      endloop
   endfacet
   facet normal 1 1.83697e-16 1.27465e-31
      outer loop
         vertex 0.0366354 -0.0136345 0.0125
         vertex 0.036742 -0.0130988 0.0125
         vertex 0.0367007 -0.0133065 0.0155
      endloop
   endfacet
   facet normal 0.92388 -0.382683 -2.6554e-16
      outer loop
         vertex 0.036742 -0.0130988 0.0125
         vertex 0.036742 -0.0130988 0.0155
         vertex 0.0367007 -0.0133065 0.0155
      endloop
   endfacet
   facet normal 0.92388 0.382683 2.6554e-16
      outer loop
         vertex 0.036742 -0.0141703 0.0125
         vertex 0.0366354 -0.0136345 0.0125
         vertex 0.0366863 -0.0138901 0.0155
      endloop
   endfacet
   facet normal 1 1.83697e-16 1.27465e-31
      outer loop
         vertex 0.0366354 -0.0136345 0.0125
         vertex 0.0366354 -0.0136345 0.0155
         vertex 0.0366863 -0.0138901 0.0155
      endloop
   endfacet
   facet normal 0.707107 0.707107 4.90654e-16
      outer loop
         vertex 0.0370455 -0.0146245 0.0125
         vertex 0.036742 -0.0141703 0.0125
         vertex 0.036742 -0.0141703 0.0155
      endloop
   endfacet
   facet normal 0.382683 0.92388 6.4107e-16
      outer loop
         vertex 0.0374997 -0.014928 0.0125
         vertex 0.0370455 -0.0146245 0.0125
         vertex 0.0370455 -0.0146245 0.0155
      endloop
   endfacet
   facet normal 0 1 6.19544e-16
      outer loop
         vertex 0.0380354 -0.0150345 0.0125
         vertex 0.0374997 -0.014928 0.0125
         vertex 0.0374997 -0.014928 0.0155
      endloop
   endfacet
   facet normal -0.382683 0.92388 6.4107e-16
      outer loop
         vertex 0.0385712 -0.014928 0.0125
         vertex 0.0380354 -0.0150345 0.0125
         vertex 0.0380354 -0.0150345 0.0155
      endloop
   endfacet
   facet normal -0.707107 0.707107 4.90654e-16
      outer loop
         vertex 0.0390254 -0.0146245 0.0125
         vertex 0.0385712 -0.014928 0.0125
         vertex 0.0385712 -0.014928 0.0155
      endloop
   endfacet
   facet normal -0.92388 0.382683 2.6554e-16
      outer loop
         vertex 0.0393289 -0.0141703 0.0125
         vertex 0.0390254 -0.0146245 0.0125
         vertex 0.0390254 -0.0146245 0.0155
      endloop
   endfacet
   facet normal -0.92388 0.382683 2.6554e-16
      outer loop
         vertex 0.0393289 -0.0141703 0.0125
         vertex 0.0393289 -0.0141703 0.0155
         vertex 0.0393846 -0.0138901 0.0155
      endloop
   endfacet
   facet normal -0.982529 0.186109 1.29139e-16
      outer loop
         vertex 0.0393846 -0.0138901 0.0155
         vertex 0.0394354 -0.0136345 0.0125
         vertex 0.0393289 -0.0141703 0.0125
      endloop
   endfacet
   facet normal -1 -6.12323e-17 -4.24885e-32
      outer loop
         vertex 0.0394354 -0.0136345 0.0125
         vertex 0.0394354 -0.0136345 0.0155
         vertex 0.0393702 -0.0133065 0.0155
      endloop
   endfacet
   facet normal -0.971096 -0.23869 -1.65625e-16
      outer loop
         vertex 0.0393702 -0.0133065 0.0155
         vertex 0.0393289 -0.0130988 0.0125
         vertex 0.0394354 -0.0136345 0.0125
      endloop
   endfacet
   facet normal -0.707107 -0.707107 -4.90654e-16
      outer loop
         vertex 0.0390254 -0.0126446 0.0125
         vertex 0.0393289 -0.0130988 0.0125
         vertex 0.0393289 -0.0130988 0.0155
      endloop
   endfacet
   facet normal -0.382683 -0.92388 -6.4107e-16
      outer loop
         vertex 0.0385712 -0.0123411 0.0125
         vertex 0.0390254 -0.0126446 0.0125
         vertex 0.0390254 -0.0126446 0.0155
      endloop
   endfacet
   facet normal 2.44929e-16 -1 -6.93889e-16
      outer loop
         vertex 0.0380354 -0.0122345 0.0125
         vertex 0.0385712 -0.0123411 0.0125
         vertex 0.0385712 -0.0123411 0.0155
      endloop
   endfacet
   facet normal -0.382683 -0.92388 -6.4107e-16
      outer loop
         vertex 0.0385712 -0.0123411 0.0155
         vertex 0.0380354 -0.0122345 0.0155
         vertex 0.0380354 -0.0122345 0.0125
      endloop
   endfacet
   facet normal -0.707107 -0.707107 -4.90654e-16
      outer loop
         vertex 0.0390254 -0.0126446 0.0155
         vertex 0.0385712 -0.0123411 0.0155
         vertex 0.0385712 -0.0123411 0.0125
      endloop
   endfacet
   facet normal -0.92388 -0.382683 -2.6554e-16
      outer loop
         vertex 0.0393289 -0.0130988 0.0155
         vertex 0.0390254 -0.0126446 0.0155
         vertex 0.0390254 -0.0126446 0.0125
      endloop
   endfacet
   facet normal -0.971096 -0.23869 -1.65625e-16
      outer loop
         vertex 0.0393702 -0.0133065 0.0155
         vertex 0.0393289 -0.0130988 0.0155
         vertex 0.0393289 -0.0130988 0.0125
      endloop
   endfacet
   facet normal -0.982529 0.186109 1.29139e-16
      outer loop
         vertex 0.0393846 -0.0138901 0.0155
         vertex 0.0394354 -0.0136345 0.0155
         vertex 0.0394354 -0.0136345 0.0125
      endloop
   endfacet
   facet normal -0.707107 0.707107 4.90654e-16
      outer loop
         vertex 0.0390254 -0.0146245 0.0155
         vertex 0.0393289 -0.0141703 0.0155
         vertex 0.0393289 -0.0141703 0.0125
      endloop
   endfacet
   facet normal -0.382683 0.92388 6.4107e-16
      outer loop
         vertex 0.0385712 -0.014928 0.0155
         vertex 0.0390254 -0.0146245 0.0155
         vertex 0.0390254 -0.0146245 0.0125
      endloop
   endfacet
   facet normal -1.22465e-16 1 6.93889e-16
      outer loop
         vertex 0.0380354 -0.0150345 0.0155
         vertex 0.0385712 -0.014928 0.0155
         vertex 0.0385712 -0.014928 0.0125
      endloop
   endfacet
   facet normal 0.382683 0.92388 6.4107e-16
      outer loop
         vertex 0.0374997 -0.014928 0.0155
         vertex 0.0380354 -0.0150345 0.0155
         vertex 0.0380354 -0.0150345 0.0125
      endloop
   endfacet
   facet normal 0.707107 0.707107 4.90654e-16
      outer loop
         vertex 0.0370455 -0.0146245 0.0155
         vertex 0.0374997 -0.014928 0.0155
         vertex 0.0374997 -0.014928 0.0125
      endloop
   endfacet
   facet normal 0.92388 0.382683 2.6554e-16
      outer loop
         vertex 0.036742 -0.0141703 0.0155
         vertex 0.0370455 -0.0146245 0.0155
         vertex 0.0370455 -0.0146245 0.0125
      endloop
   endfacet
   facet normal 0.982529 0.186109 1.29139e-16
      outer loop
         vertex 0.0366863 -0.0138901 0.0155
         vertex 0.036742 -0.0141703 0.0155
         vertex 0.036742 -0.0141703 0.0125
      endloop
   endfacet
   facet normal 0.971096 -0.23869 -1.65625e-16
      outer loop
         vertex 0.0367007 -0.0133065 0.0155
         vertex 0.0366354 -0.0136345 0.0155
         vertex 0.0366354 -0.0136345 0.0125
      endloop
   endfacet
   facet normal 0.707107 -0.707107 -4.90654e-16
      outer loop
         vertex 0.0370455 -0.0126446 0.0155
         vertex 0.036742 -0.0130988 0.0155
         vertex 0.036742 -0.0130988 0.0125
      endloop
   endfacet
   facet normal 0.382683 -0.92388 -6.4107e-16
      outer loop
         vertex 0.0374997 -0.0123411 0.0155
         vertex 0.0370455 -0.0126446 0.0155
         vertex 0.0370455 -0.0126446 0.0125
      endloop
   endfacet
   facet normal 2.44929e-16 -1 -6.93889e-16
      outer loop
         vertex 0.0380354 -0.0122345 0.0155
         vertex 0.0374997 -0.0123411 0.0155
         vertex 0.0374997 -0.0123411 0.0125
      endloop
   endfacet
   facet normal 0 -6.93889e-16 1
      outer loop
         vertex -0.00740404 -0.080678 0.0155
         vertex -0.00740404 -0.085 0.0155
         vertex -0.00405 -0.085 0.0155
      endloop
   endfacet
   facet normal 0 -6.93889e-16 1
      outer loop
         vertex 0.0533776 -0.080678 0.0155
         vertex 0.0533776 -0.085 0.0155
         vertex 0.0560717 -0.085 0.0155
      endloop
   endfacet
   facet normal 0 -6.93889e-16 1
      outer loop
         vertex -0.00740404 -0.0679169 0.0155
         vertex -0.00740404 -0.080678 0.0155
         vertex -0.00405 -0.080678 0.0155
      endloop
   endfacet
   facet normal 0 -6.93889e-16 1
      outer loop
         vertex -0.00982904 -0.0620033 0.0155
         vertex -0.00982904 -0.0679169 0.0155
         vertex -0.00740404 -0.0679169 0.0155
      endloop
   endfacet
   facet normal 0 -6.93889e-16 1
      outer loop
         vertex 0.0533776 -0.0620033 0.0155
         vertex 0.0533776 -0.0679169 0.0155
         vertex 0.0560717 -0.0679169 0.0155
      endloop
   endfacet
   facet normal 0 -6.93889e-16 1
      outer loop
         vertex 0.0560717 -0.0620033 0.0155
         vertex 0.0560717 -0.0679169 0.0155
         vertex 0.0602158 -0.0679169 0.0155
      endloop
   endfacet
   facet normal 0 -6.93889e-16 1
      outer loop
         vertex 0.0602158 -0.0620033 0.0155
         vertex 0.0602158 -0.0679169 0.0155
         vertex 0.0646501 -0.0679169 0.0155
      endloop
   endfacet
   facet normal 0 -6.93889e-16 1
      outer loop
         vertex 0.0413784 -0.0594257 0.0155
         vertex 0.0413784 -0.0620033 0.0155
         vertex 0.0436251 -0.0620033 0.0155
      endloop
   endfacet
   facet normal 0 -6.93889e-16 1
      outer loop
         vertex 0.0436251 -0.0594257 0.0155
         vertex 0.0436251 -0.0620033 0.0155
         vertex 0.0510755 -0.0620033 0.0155
      endloop
   endfacet
   facet normal 0 -6.93889e-16 1
      outer loop
         vertex 0.0560717 -0.0594257 0.0155
         vertex 0.0560717 -0.0620033 0.0155
         vertex 0.0602158 -0.0620033 0.0155
      endloop
   endfacet
   facet normal 0 -6.93889e-16 1
      outer loop
         vertex 0.0602158 -0.0594257 0.0155
         vertex 0.0602158 -0.0620033 0.0155
         vertex 0.0646501 -0.0620033 0.0155
      endloop
   endfacet
   facet normal 0 -6.93889e-16 1
      outer loop
         vertex -0.00982904 -0.0553153 0.0155
         vertex -0.00982904 -0.0594257 0.0155
         vertex -0.00740404 -0.0594257 0.0155
      endloop
   endfacet
   facet normal 0 -6.93889e-16 1
      outer loop
         vertex -0.00740404 -0.0553153 0.0155
         vertex -0.00740404 -0.0594257 0.0155
         vertex -0.00405 -0.0594257 0.0155
      endloop
   endfacet
   facet normal 0 -6.93889e-16 1
      outer loop
         vertex -0.00405 -0.0553153 0.0155
         vertex -0.00405 -0.0594257 0.0155
         vertex -0.00245 -0.0594257 0.0155
      endloop
   endfacet
   facet normal 0 -6.93889e-16 1
      outer loop
         vertex 0.0413784 -0.0553153 0.0155
         vertex 0.0413784 -0.0594257 0.0155
         vertex 0.0436251 -0.0594257 0.0155
      endloop
   endfacet
   facet normal 0 -6.93889e-16 1
      outer loop
         vertex -0.00982904 -0.0484027 0.0155
         vertex -0.00982904 -0.0553153 0.0155
         vertex -0.00740404 -0.0553153 0.0155
      endloop
   endfacet
   facet normal 0 -6.93889e-16 1
      outer loop
         vertex -0.00740404 -0.0484027 0.0155
         vertex -0.00740404 -0.0553153 0.0155
         vertex -0.00405 -0.0553153 0.0155
      endloop
   endfacet
   facet normal 0 -6.93889e-16 1
      outer loop
         vertex -0.00405 -0.0484027 0.0155
         vertex -0.00405 -0.0553153 0.0155
         vertex -0.00245 -0.0553153 0.0155
      endloop
   endfacet
   facet normal 0 -6.93889e-16 1
      outer loop
         vertex -0.00245 -0.0484027 0.0155
         vertex -0.00245 -0.0553153 0.0155
         vertex 0.00405 -0.0553153 0.0155
      endloop
   endfacet
   facet normal 0 -6.93889e-16 1
      outer loop
         vertex 0.00405 -0.0484027 0.0155
         vertex 0.00405 -0.0553153 0.0155
         vertex 0.0134895 -0.0553153 0.0155
      endloop
   endfacet
   facet normal 0 -6.93889e-16 1
      outer loop
         vertex 0.0134895 -0.0484027 0.0155
         vertex 0.0134895 -0.0553153 0.0155
         vertex 0.0156293 -0.0553153 0.0155
      endloop
   endfacet
   facet normal 0 -6.93889e-16 1
      outer loop
         vertex 0.0156293 -0.0484027 0.0155
         vertex 0.0156293 -0.0553153 0.0155
         vertex 0.0211151 -0.0553153 0.0155
      endloop
   endfacet
   facet normal 0 -6.93889e-16 1
      outer loop
         vertex 0.0211151 -0.0484027 0.0155
         vertex 0.0211151 -0.0553153 0.0155
         vertex 0.0257248 -0.0553153 0.0155
      endloop
   endfacet
   facet normal 0 -6.93889e-16 1
      outer loop
         vertex 0.0364677 -0.0484027 0.0155
         vertex 0.0257248 -0.0484027 0.0155
         vertex 0.0281485 -0.0489019 0.0155
      endloop
   endfacet
   facet normal 0 -6.93889e-16 1
      outer loop
         vertex 0.0364677 -0.0484027 0.0155
         vertex 0.0286842 -0.0490085 0.0155
         vertex 0.0291384 -0.049312 0.0155
      endloop
   endfacet
   facet normal 0 -6.93889e-16 1
      outer loop
         vertex 0.0257248 -0.0484027 0.0155
         vertex 0.0276127 -0.0490085 0.0155
         vertex 0.0281485 -0.0489019 0.0155
      endloop
   endfacet
   facet normal 0 -6.93889e-16 1
      outer loop
         vertex 0.0281485 -0.0489019 0.0155
         vertex 0.0286842 -0.0490085 0.0155
         vertex 0.0364677 -0.0484027 0.0155
      endloop
   endfacet
   facet normal 0 -6.93889e-16 1
      outer loop
         vertex 0.0257248 -0.0484027 0.0155
         vertex 0.0268551 -0.0497662 0.0155
         vertex 0.0271585 -0.049312 0.0155
      endloop
   endfacet
   facet normal 0 -6.93889e-16 1
      outer loop
         vertex 0.0257248 -0.0553153 0.0155
         vertex 0.0268551 -0.0508377 0.0155
         vertex 0.0267485 -0.0503019 0.0155
      endloop
   endfacet
   facet normal 0 -6.93889e-16 1
      outer loop
         vertex 0.0257248 -0.0553153 0.0155
         vertex 0.0364677 -0.0553153 0.0155
         vertex 0.0286842 -0.0515954 0.0155
      endloop
   endfacet
   facet normal 0 -6.93889e-16 1
      outer loop
         vertex 0.0364677 -0.0553153 0.0155
         vertex 0.0294419 -0.0508377 0.0155
         vertex 0.0291384 -0.0512919 0.0155
      endloop
   endfacet
   facet normal 0 -6.93889e-16 1
      outer loop
         vertex 0.0364677 -0.0553153 0.0155
         vertex 0.0364677 -0.0484027 0.0155
         vertex 0.0295485 -0.0503019 0.0155
      endloop
   endfacet
   facet normal 0 -6.93889e-16 1
      outer loop
         vertex 0.0271585 -0.049312 0.0155
         vertex 0.0276127 -0.0490085 0.0155
         vertex 0.0257248 -0.0484027 0.0155
      endloop
   endfacet
   facet normal 0 -6.93889e-16 1
      outer loop
         vertex 0.0267485 -0.0503019 0.0155
         vertex 0.0257248 -0.0484027 0.0155
         vertex 0.0257248 -0.0553153 0.0155
      endloop
   endfacet
   facet normal 0 -6.93889e-16 1
      outer loop
         vertex 0.0257248 -0.0553153 0.0155
         vertex 0.0276127 -0.0515954 0.0155
         vertex 0.0271585 -0.0512919 0.0155
      endloop
   endfacet
   facet normal 0 -6.93889e-16 1
      outer loop
         vertex 0.0291384 -0.0512919 0.0155
         vertex 0.0286842 -0.0515954 0.0155
         vertex 0.0364677 -0.0553153 0.0155
      endloop
   endfacet
   facet normal 0 -6.93889e-16 1
      outer loop
         vertex 0.0364677 -0.0484027 0.0155
         vertex 0.0294419 -0.0497662 0.0155
         vertex 0.0295485 -0.0503019 0.0155
      endloop
   endfacet
   facet normal 0 -6.93889e-16 1
      outer loop
         vertex 0.0267485 -0.0503019 0.0155
         vertex 0.0268551 -0.0497662 0.0155
         vertex 0.0257248 -0.0484027 0.0155
      endloop
   endfacet
   facet normal 0 -6.93889e-16 1
      outer loop
         vertex 0.0257248 -0.0553153 0.0155
         vertex 0.0281485 -0.0517019 0.0155
         vertex 0.0276127 -0.0515954 0.0155
      endloop
   endfacet
   facet normal 0 -6.93889e-16 1
      outer loop
         vertex 0.0295485 -0.0503019 0.0155
         vertex 0.0294419 -0.0508377 0.0155
         vertex 0.0364677 -0.0553153 0.0155
      endloop
   endfacet
   facet normal 0 -6.93889e-16 1
      outer loop
         vertex 0.0271585 -0.0512919 0.0155
         vertex 0.0268551 -0.0508377 0.0155
         vertex 0.0257248 -0.0553153 0.0155
      endloop
   endfacet
   facet normal 0 -6.93889e-16 1
      outer loop
         vertex 0.0291384 -0.049312 0.0155
         vertex 0.0294419 -0.0497662 0.0155
         vertex 0.0364677 -0.0484027 0.0155
      endloop
   endfacet
   facet normal 0 -6.93889e-16 1
      outer loop
         vertex 0.0364677 -0.0484027 0.0155
         vertex 0.0364677 -0.0553153 0.0155
         vertex 0.0413784 -0.0553153 0.0155
      endloop
   endfacet
   facet normal 0 -6.93889e-16 1
      outer loop
         vertex 0.0413784 -0.0484027 0.0155
         vertex 0.0413784 -0.0553153 0.0155
         vertex 0.0436251 -0.0553153 0.0155
      endloop
   endfacet
   facet normal 0 -6.93889e-16 1
      outer loop
         vertex -0.0145 -0.0469017 0.0155
         vertex -0.0145 -0.0484027 0.0155
         vertex -0.00982904 -0.0484027 0.0155
      endloop
   endfacet
   facet normal 0 -6.93889e-16 1
      outer loop
         vertex -0.00982904 -0.0469017 0.0155
         vertex -0.00982904 -0.0484027 0.0155
         vertex -0.00740404 -0.0484027 0.0155
      endloop
   endfacet
   facet normal 0 -6.93889e-16 1
      outer loop
         vertex -0.00740404 -0.0469017 0.0155
         vertex -0.00740404 -0.0484027 0.0155
         vertex -0.00405 -0.0484027 0.0155
      endloop
   endfacet
   facet normal 0 -6.93889e-16 1
      outer loop
         vertex -0.00405 -0.0469017 0.0155
         vertex -0.00405 -0.0484027 0.0155
         vertex -0.00245 -0.0484027 0.0155
      endloop
   endfacet
   facet normal 0 -6.93889e-16 1
      outer loop
         vertex -0.00245 -0.0469017 0.0155
         vertex -0.00245 -0.0484027 0.0155
         vertex 0.00405 -0.0484027 0.0155
      endloop
   endfacet
   facet normal 0 -6.93889e-16 1
      outer loop
         vertex 0.00405 -0.0469017 0.0155
         vertex 0.00405 -0.0484027 0.0155
         vertex 0.0134895 -0.0484027 0.0155
      endloop
   endfacet
   facet normal 0 -6.93889e-16 1
      outer loop
         vertex 0.0134895 -0.0469017 0.0155
         vertex 0.0134895 -0.0484027 0.0155
         vertex 0.0156293 -0.0484027 0.0155
      endloop
   endfacet
   facet normal 0 -6.93889e-16 1
      outer loop
         vertex 0.0156293 -0.0469017 0.0155
         vertex 0.0156293 -0.0484027 0.0155
         vertex 0.0211151 -0.0484027 0.0155
      endloop
   endfacet
   facet normal 0 -6.93889e-16 1
      outer loop
         vertex 0.0211151 -0.0469017 0.0155
         vertex 0.0211151 -0.0484027 0.0155
         vertex 0.0257248 -0.0484027 0.0155
      endloop
   endfacet
   facet normal 0 -6.93889e-16 1
      outer loop
         vertex 0.0413784 -0.0469017 0.0155
         vertex 0.0413784 -0.0484027 0.0155
         vertex 0.0436251 -0.0484027 0.0155
      endloop
   endfacet
   facet normal 0 -6.93889e-16 1
      outer loop
         vertex -0.0145 -0.04205 0.0155
         vertex -0.0145 -0.0469017 0.0155
         vertex -0.00982904 -0.0469017 0.0155
      endloop
   endfacet
   facet normal 0 -6.93889e-16 1
      outer loop
         vertex -0.00982904 -0.04205 0.0155
         vertex -0.00982904 -0.0469017 0.0155
         vertex -0.00740404 -0.0469017 0.0155
      endloop
   endfacet
   facet normal 0 -6.93889e-16 1
      outer loop
         vertex -0.00740404 -0.04205 0.0155
         vertex -0.00740404 -0.0469017 0.0155
         vertex -0.00405 -0.0469017 0.0155
      endloop
   endfacet
   facet normal 0 -6.93889e-16 1
      outer loop
         vertex -0.00405 -0.04205 0.0155
         vertex -0.00405 -0.0469017 0.0155
         vertex -0.00245 -0.0469017 0.0155
      endloop
   endfacet
   facet normal 0 -6.93889e-16 1
      outer loop
         vertex 0.00405 -0.0469017 0.0155
         vertex 0.000535757 -0.0457934 0.0155
         vertex 1.71451e-19 -0.0459 0.0155
      endloop
   endfacet
   facet normal 0 -6.93889e-16 1
      outer loop
         vertex 0.00405 -0.0469017 0.0155
         vertex 0.00129343 -0.0450358 0.0155
         vertex 0.000989949 -0.0454899 0.0155
      endloop
   endfacet
   facet normal 0 -6.93889e-16 1
      outer loop
         vertex 0.00405 -0.04205 0.0155
         vertex 0.00129343 -0.0439642 0.0155
         vertex 0.0014 -0.0445 0.0155
      endloop
   endfacet
   facet normal 0 -6.93889e-16 1
      outer loop
         vertex 0.00405 -0.04205 0.0155
         vertex -0.00245 -0.04205 0.0155
         vertex 0 -0.0431 0.0155
      endloop
   endfacet
   facet normal 0 -6.93889e-16 1
      outer loop
         vertex 0.000989949 -0.0454899 0.0155
         vertex 0.000535757 -0.0457934 0.0155
         vertex 0.00405 -0.0469017 0.0155
      endloop
   endfacet
   facet normal 0 -6.93889e-16 1
      outer loop
         vertex 0.0014 -0.0445 0.0155
         vertex 0.00405 -0.0469017 0.0155
         vertex 0.00405 -0.04205 0.0155
      endloop
   endfacet
   facet normal 0 -6.93889e-16 1
      outer loop
         vertex 0.00405 -0.04205 0.0155
         vertex 0.000535757 -0.0432066 0.0155
         vertex 0.000989949 -0.0435101 0.0155
      endloop
   endfacet
   facet normal 0 -6.93889e-16 1
      outer loop
         vertex -0.00245 -0.04205 0.0155
         vertex -0.000535757 -0.0432066 0.0155
         vertex 0 -0.0431 0.0155
      endloop
   endfacet
   facet normal 0 -6.93889e-16 1
      outer loop
         vertex 0.0014 -0.0445 0.0155
         vertex 0.00129343 -0.0450358 0.0155
         vertex 0.00405 -0.0469017 0.0155
      endloop
   endfacet
   facet normal 0 -6.93889e-16 1
      outer loop
         vertex 0 -0.0431 0.0155
         vertex 0.000535757 -0.0432066 0.0155
         vertex 0.00405 -0.04205 0.0155
      endloop
   endfacet
   facet normal 0 -6.93889e-16 1
      outer loop
         vertex 0.000989949 -0.0435101 0.0155
         vertex 0.00129343 -0.0439642 0.0155
         vertex 0.00405 -0.04205 0.0155
      endloop
   endfacet
   facet normal 0 -6.93889e-16 1
      outer loop
         vertex -0.00245 -0.04205 0.0155
         vertex -0.00129343 -0.0439642 0.0155
         vertex -0.000989949 -0.0435101 0.0155
      endloop
   endfacet
   facet normal 0 -6.93889e-16 1
      outer loop
         vertex -0.00245 -0.04205 0.0155
         vertex -0.00245 -0.0469017 0.0155
         vertex -0.0014 -0.0445 0.0155
      endloop
   endfacet
   facet normal 0 -6.93889e-16 1
      outer loop
         vertex -0.000989949 -0.0435101 0.0155
         vertex -0.000535757 -0.0432066 0.0155
         vertex -0.00245 -0.04205 0.0155
      endloop
   endfacet
   facet normal 0 -6.93889e-16 1
      outer loop
         vertex -0.00245 -0.0469017 0.0155
         vertex -0.00129343 -0.0450358 0.0155
         vertex -0.0014 -0.0445 0.0155
      endloop
   endfacet
   facet normal 0 -6.93889e-16 1
      outer loop
         vertex -0.00245 -0.0469017 0.0155
         vertex -0.000535757 -0.0457934 0.0155
         vertex -0.000989949 -0.0454899 0.0155
      endloop
   endfacet
   facet normal 0 -6.93889e-16 1
      outer loop
         vertex -0.0014 -0.0445 0.0155
         vertex -0.00129343 -0.0439642 0.0155
         vertex -0.00245 -0.04205 0.0155
      endloop
   endfacet
   facet normal 0 -6.93889e-16 1
      outer loop
         vertex -0.00245 -0.0469017 0.0155
         vertex 1.71451e-19 -0.0459 0.0155
         vertex -0.000535757 -0.0457934 0.0155
      endloop
   endfacet
   facet normal 0 -6.93889e-16 1
      outer loop
         vertex -0.000989949 -0.0454899 0.0155
         vertex -0.00129343 -0.0450358 0.0155
         vertex -0.00245 -0.0469017 0.0155
      endloop
   endfacet
   facet normal 0 -6.93889e-16 1
      outer loop
         vertex 0.00405 -0.04205 0.0155
         vertex 0.00405 -0.0469017 0.0155
         vertex 0.0134895 -0.0469017 0.0155
      endloop
   endfacet
   facet normal 0 -6.93889e-16 1
      outer loop
         vertex 0.0134895 -0.04205 0.0155
         vertex 0.0134895 -0.0469017 0.0155
         vertex 0.0156293 -0.0469017 0.0155
      endloop
   endfacet
   facet normal 0 -6.93889e-16 1
      outer loop
         vertex 0.0413784 -0.04205 0.0155
         vertex 0.0413784 -0.0469017 0.0155
         vertex 0.0436251 -0.0469017 0.0155
      endloop
   endfacet
   facet normal 0 -6.93889e-16 1
      outer loop
         vertex 0.0134895 -0.0238648 0.0155
         vertex 0.0134895 -0.04205 0.0155
         vertex 0.0156293 -0.04205 0.0155
      endloop
   endfacet
   facet normal 0 -6.93889e-16 1
      outer loop
         vertex 0.0134895 -0.0226745 0.0155
         vertex 0.0134895 -0.0238648 0.0155
         vertex 0.0156293 -0.0238648 0.0155
      endloop
   endfacet
   facet normal 0 -6.93889e-16 1
      outer loop
         vertex 0.0436251 -0.0226745 0.0155
         vertex 0.0436251 -0.0238648 0.0155
         vertex 0.0510755 -0.0238648 0.0155
      endloop
   endfacet
   facet normal 0 -6.93889e-16 1
      outer loop
         vertex 0.0510755 -0.0226745 0.0155
         vertex 0.0510755 -0.0238648 0.0155
         vertex 0.0533776 -0.0238648 0.0155
      endloop
   endfacet
   facet normal 0 -6.93889e-16 1
      outer loop
         vertex 0.0533776 -0.0226745 0.0155
         vertex 0.0533776 -0.0238648 0.0155
         vertex 0.0560717 -0.0238648 0.0155
      endloop
   endfacet
   facet normal 0 -6.93889e-16 1
      outer loop
         vertex 0.0602158 -0.0226745 0.0155
         vertex 0.0602158 -0.0238648 0.0155
         vertex 0.0646501 -0.0238648 0.0155
      endloop
   endfacet
   facet normal 0 -6.93889e-16 1
      outer loop
         vertex 0.0134895 -0.0208112 0.0155
         vertex 0.0134895 -0.0226745 0.0155
         vertex 0.0156293 -0.0226745 0.0155
      endloop
   endfacet
   facet normal 0 -6.93889e-16 1
      outer loop
         vertex 0.0510755 -0.0208112 0.0155
         vertex 0.0510755 -0.0226745 0.0155
         vertex 0.0533776 -0.0226745 0.0155
      endloop
   endfacet
   facet normal 0 -6.93889e-16 1
      outer loop
         vertex 0.0533776 -0.0208112 0.0155
         vertex 0.0533776 -0.0226745 0.0155
         vertex 0.0560717 -0.0226745 0.0155
      endloop
   endfacet
   facet normal 0 -6.93889e-16 1
      outer loop
         vertex 0.0602158 -0.0208112 0.0155
         vertex 0.0602158 -0.0226745 0.0155
         vertex 0.0646501 -0.0226745 0.0155
      endloop
   endfacet
   facet normal 0 -6.93889e-16 1
      outer loop
         vertex 0.0134895 -0.0168597 0.0155
         vertex 0.0134895 -0.0208112 0.0155
         vertex 0.0156293 -0.0208112 0.0155
      endloop
   endfacet
   facet normal 0 -6.93889e-16 1
      outer loop
         vertex 0.0413784 -0.0168597 0.0155
         vertex 0.0413784 -0.0208112 0.0155
         vertex 0.0436251 -0.0208112 0.0155
      endloop
   endfacet
   facet normal 0 -6.93889e-16 1
      outer loop
         vertex 0.0510755 -0.0168597 0.0155
         vertex 0.0510755 -0.0208112 0.0155
         vertex 0.0533776 -0.0208112 0.0155
      endloop
   endfacet
   facet normal 0 -6.93889e-16 1
      outer loop
         vertex 0.0533776 -0.0168597 0.0155
         vertex 0.0533776 -0.0208112 0.0155
         vertex 0.0560717 -0.0208112 0.0155
      endloop
   endfacet
   facet normal 0 -6.93889e-16 1
      outer loop
         vertex 0.0560717 -0.0168597 0.0155
         vertex 0.0560717 -0.0208112 0.0155
         vertex 0.0602158 -0.0208112 0.0155
      endloop
   endfacet
   facet normal 0 -6.93889e-16 1
      outer loop
         vertex 0.0134895 -0.0138901 0.0155
         vertex 0.0134895 -0.0168597 0.0155
         vertex 0.0156293 -0.0168597 0.0155
      endloop
   endfacet
   facet normal 0 -6.93889e-16 1
      outer loop
         vertex 0.0156293 -0.0138901 0.0155
         vertex 0.0156293 -0.0168597 0.0155
         vertex 0.0211151 -0.0168597 0.0155
      endloop
   endfacet
   facet normal 0 -6.93889e-16 1
      outer loop
         vertex 0.0211151 -0.0138901 0.0155
         vertex 0.0211151 -0.0168597 0.0155
         vertex 0.0257248 -0.0168597 0.0155
      endloop
   endfacet
   facet normal 0 -6.93889e-16 1
      outer loop
         vertex 0.0257248 -0.0138901 0.0155
         vertex 0.0257248 -0.0168597 0.0155
         vertex 0.0364677 -0.0168597 0.0155
      endloop
   endfacet
   facet normal 0 -6.93889e-16 1
      outer loop
         vertex 0.0413784 -0.0138901 0.0155
         vertex 0.0413784 -0.0168597 0.0155
         vertex 0.0436251 -0.0168597 0.0155
      endloop
   endfacet
   facet normal 0 -6.93889e-16 1
      outer loop
         vertex 0.0436251 -0.0138901 0.0155
         vertex 0.0436251 -0.0168597 0.0155
         vertex 0.0510755 -0.0168597 0.0155
      endloop
   endfacet
   facet normal 0 -6.93889e-16 1
      outer loop
         vertex 0.0510755 -0.0138901 0.0155
         vertex 0.0510755 -0.0168597 0.0155
         vertex 0.0533776 -0.0168597 0.0155
      endloop
   endfacet
   facet normal 0 -6.93889e-16 1
      outer loop
         vertex 0.0533776 -0.0138901 0.0155
         vertex 0.0533776 -0.0168597 0.0155
         vertex 0.0560717 -0.0168597 0.0155
      endloop
   endfacet
   facet normal 0 -6.93889e-16 1
      outer loop
         vertex 0.0560717 -0.0138901 0.0155
         vertex 0.0560717 -0.0168597 0.0155
         vertex 0.0602158 -0.0168597 0.0155
      endloop
   endfacet
   facet normal 0 -6.93889e-16 1
      outer loop
         vertex -0.0145 -0.0133065 0.0155
         vertex -0.0145 -0.0138901 0.0155
         vertex -0.00982904 -0.0138901 0.0155
      endloop
   endfacet
   facet normal 0 -6.93889e-16 1
      outer loop
         vertex -0.00982904 -0.0133065 0.0155
         vertex -0.00982904 -0.0138901 0.0155
         vertex -0.00740404 -0.0138901 0.0155
      endloop
   endfacet
   facet normal 0 -6.93889e-16 1
      outer loop
         vertex -0.00740404 -0.0133065 0.0155
         vertex -0.00740404 -0.0138901 0.0155
         vertex -0.00405 -0.0138901 0.0155
      endloop
   endfacet
   facet normal 0 -6.93889e-16 1
      outer loop
         vertex -0.00405 -0.0133065 0.0155
         vertex -0.00405 -0.0138901 0.0155
         vertex -0.00245 -0.0138901 0.0155
      endloop
   endfacet
   facet normal 0 -6.93889e-16 1
      outer loop
         vertex -0.00245 -0.0133065 0.0155
         vertex -0.00245 -0.0138901 0.0155
         vertex 0.00405 -0.0138901 0.0155
      endloop
   endfacet
   facet normal 0 -6.93889e-16 1
      outer loop
         vertex 0.00405 -0.0133065 0.0155
         vertex 0.00405 -0.0138901 0.0155
         vertex 0.0134895 -0.0138901 0.0155
      endloop
   endfacet
   facet normal 0 -6.93889e-16 1
      outer loop
         vertex 0.0134895 -0.0133065 0.0155
         vertex 0.0134895 -0.0138901 0.0155
         vertex 0.0156293 -0.0138901 0.0155
      endloop
   endfacet
   facet normal 0 -6.93889e-16 1
      outer loop
         vertex 0.0156293 -0.0133065 0.0155
         vertex 0.0156293 -0.0138901 0.0155
         vertex 0.0211151 -0.0138901 0.0155
      endloop
   endfacet
   facet normal 0 -6.93889e-16 1
      outer loop
         vertex 0.0413784 -0.0133065 0.0155
         vertex 0.0413784 -0.0138901 0.0155
         vertex 0.0436251 -0.0138901 0.0155
      endloop
   endfacet
   facet normal 0 -6.93889e-16 1
      outer loop
         vertex 0.0436251 -0.0133065 0.0155
         vertex 0.0436251 -0.0138901 0.0155
         vertex 0.0510755 -0.0138901 0.0155
      endloop
   endfacet
   facet normal 0 -6.93889e-16 1
      outer loop
         vertex 0.0510755 -0.0133065 0.0155
         vertex 0.0510755 -0.0138901 0.0155
         vertex 0.0533776 -0.0138901 0.0155
      endloop
   endfacet
   facet normal 0 -6.93889e-16 1
      outer loop
         vertex 0.0533776 -0.0133065 0.0155
         vertex 0.0533776 -0.0138901 0.0155
         vertex 0.0560717 -0.0138901 0.0155
      endloop
   endfacet
   facet normal 0 -6.93889e-16 1
      outer loop
         vertex 0.0560717 -0.0133065 0.0155
         vertex 0.0560717 -0.0138901 0.0155
         vertex 0.0602158 -0.0138901 0.0155
      endloop
   endfacet
   facet normal 0 -6.93889e-16 1
      outer loop
         vertex -0.0145 -0.0116074 0.0155
         vertex -0.0145 -0.0133065 0.0155
         vertex -0.00982904 -0.0133065 0.0155
      endloop
   endfacet
   facet normal 0 -6.93889e-16 1
      outer loop
         vertex -0.00982904 -0.0116074 0.0155
         vertex -0.00982904 -0.0133065 0.0155
         vertex -0.00740404 -0.0133065 0.0155
      endloop
   endfacet
   facet normal 0 -6.93889e-16 1
      outer loop
         vertex -0.00740404 -0.0116074 0.0155
         vertex -0.00740404 -0.0133065 0.0155
         vertex -0.00405 -0.0133065 0.0155
      endloop
   endfacet
   facet normal 0 -6.93889e-16 1
      outer loop
         vertex -0.00405 -0.0116074 0.0155
         vertex -0.00405 -0.0133065 0.0155
         vertex -0.00245 -0.0133065 0.0155
      endloop
   endfacet
   facet normal 0 -6.93889e-16 1
      outer loop
         vertex -0.00245 -0.0116074 0.0155
         vertex -0.00245 -0.0133065 0.0155
         vertex 0.00405 -0.0133065 0.0155
      endloop
   endfacet
   facet normal 0 -6.93889e-16 1
      outer loop
         vertex 0.00405 -0.0116074 0.0155
         vertex 0.00405 -0.0133065 0.0155
         vertex 0.0134895 -0.0133065 0.0155
      endloop
   endfacet
   facet normal 0 -6.93889e-16 1
      outer loop
         vertex 0.0413784 -0.0116074 0.0155
         vertex 0.0413784 -0.0133065 0.0155
         vertex 0.0436251 -0.0133065 0.0155
      endloop
   endfacet
   facet normal 0 -6.93889e-16 1
      outer loop
         vertex 0.0436251 -0.0116074 0.0155
         vertex 0.0436251 -0.0133065 0.0155
         vertex 0.0510755 -0.0133065 0.0155
      endloop
   endfacet
   facet normal 0 -6.93889e-16 1
      outer loop
         vertex 0.0510755 -0.0116074 0.0155
         vertex 0.0510755 -0.0133065 0.0155
         vertex 0.0533776 -0.0133065 0.0155
      endloop
   endfacet
   facet normal 0 -6.93889e-16 1
      outer loop
         vertex 0.0533776 -0.0116074 0.0155
         vertex 0.0533776 -0.0133065 0.0155
         vertex 0.0560717 -0.0133065 0.0155
      endloop
   endfacet
   facet normal 0 -6.93889e-16 1
      outer loop
         vertex 0.0560717 -0.0116074 0.0155
         vertex 0.0560717 -0.0133065 0.0155
         vertex 0.0602158 -0.0133065 0.0155
      endloop
   endfacet
   facet normal 0 -6.93889e-16 1
      outer loop
         vertex -0.0145 -0.00990021 0.0155
         vertex -0.0145 -0.0116074 0.0155
         vertex -0.00982904 -0.0116074 0.0155
      endloop
   endfacet
   facet normal 0 -6.93889e-16 1
      outer loop
         vertex -0.00982904 -0.00990021 0.0155
         vertex -0.00982904 -0.0116074 0.0155
         vertex -0.00740404 -0.0116074 0.0155
      endloop
   endfacet
   facet normal 0 -6.93889e-16 1
      outer loop
         vertex -0.00740404 -0.00990021 0.0155
         vertex -0.00740404 -0.0116074 0.0155
         vertex -0.00405 -0.0116074 0.0155
      endloop
   endfacet
   facet normal 0 -6.93889e-16 1
      outer loop
         vertex -0.00405 -0.00990021 0.0155
         vertex -0.00405 -0.0116074 0.0155
         vertex -0.00245 -0.0116074 0.0155
      endloop
   endfacet
   facet normal 0 -6.93889e-16 1
      outer loop
         vertex -0.00245 -0.00990021 0.0155
         vertex -0.00245 -0.0116074 0.0155
         vertex 0.00405 -0.0116074 0.0155
      endloop
   endfacet
   facet normal 0 -6.93889e-16 1
      outer loop
         vertex 0.00405 -0.00990021 0.0155
         vertex 0.00405 -0.0116074 0.0155
         vertex 0.0134895 -0.0116074 0.0155
      endloop
   endfacet
   facet normal 0 -6.93889e-16 1
      outer loop
         vertex 0.0364677 -0.00990021 0.0155
         vertex 0.0364677 -0.0116074 0.0155
         vertex 0.0413784 -0.0116074 0.0155
      endloop
   endfacet
   facet normal 0 -6.93889e-16 1
      outer loop
         vertex 0.0413784 -0.00990021 0.0155
         vertex 0.0413784 -0.0116074 0.0155
         vertex 0.0436251 -0.0116074 0.0155
      endloop
   endfacet
   facet normal 0 -6.93889e-16 1
      outer loop
         vertex 0.0436251 -0.00990021 0.0155
         vertex 0.0436251 -0.0116074 0.0155
         vertex 0.0510755 -0.0116074 0.0155
      endloop
   endfacet
   facet normal 0 -6.93889e-16 1
      outer loop
         vertex 0.0510755 -0.00990021 0.0155
         vertex 0.0510755 -0.0116074 0.0155
         vertex 0.0533776 -0.0116074 0.0155
      endloop
   endfacet
   facet normal 0 -6.93889e-16 1
      outer loop
         vertex 0.0533776 -0.00990021 0.0155
         vertex 0.0533776 -0.0116074 0.0155
         vertex 0.0560717 -0.0116074 0.0155
      endloop
   endfacet
   facet normal 0 -6.93889e-16 1
      outer loop
         vertex -0.0145 -0.00897286 0.0155
         vertex -0.0145 -0.00990021 0.0155
         vertex -0.00982904 -0.00990021 0.0155
      endloop
   endfacet
   facet normal 0 -6.93889e-16 1
      outer loop
         vertex -0.00982904 -0.00897286 0.0155
         vertex -0.00982904 -0.00990021 0.0155
         vertex -0.00740404 -0.00990021 0.0155
      endloop
   endfacet
   facet normal 0 -6.93889e-16 1
      outer loop
         vertex -0.00740404 -0.00897286 0.0155
         vertex -0.00740404 -0.00990021 0.0155
         vertex -0.00405 -0.00990021 0.0155
      endloop
   endfacet
   facet normal 0 -6.93889e-16 1
      outer loop
         vertex -0.00405 -0.00897286 0.0155
         vertex -0.00405 -0.00990021 0.0155
         vertex -0.00245 -0.00990021 0.0155
      endloop
   endfacet
   facet normal 0 -6.93889e-16 1
      outer loop
         vertex -0.00245 -0.00897286 0.0155
         vertex -0.00245 -0.00990021 0.0155
         vertex 0.00405 -0.00990021 0.0155
      endloop
   endfacet
   facet normal 0 -6.93889e-16 1
      outer loop
         vertex 0.00405 -0.00897286 0.0155
         vertex 0.00405 -0.00990021 0.0155
         vertex 0.0134895 -0.00990021 0.0155
      endloop
   endfacet
   facet normal 0 -6.93889e-16 1
      outer loop
         vertex 0.0134895 -0.00897286 0.0155
         vertex 0.0134895 -0.00990021 0.0155
         vertex 0.0156293 -0.00990021 0.0155
      endloop
   endfacet
   facet normal 0 -6.93889e-16 1
      outer loop
         vertex 0.0156293 -0.00897286 0.0155
         vertex 0.0156293 -0.00990021 0.0155
         vertex 0.0211151 -0.00990021 0.0155
      endloop
   endfacet
   facet normal 0 -6.93889e-16 1
      outer loop
         vertex 0.0211151 -0.00897286 0.0155
         vertex 0.0211151 -0.00990021 0.0155
         vertex 0.0257248 -0.00990021 0.0155
      endloop
   endfacet
   facet normal 0 -6.93889e-16 1
      outer loop
         vertex 0.0364677 -0.00897286 0.0155
         vertex 0.0364677 -0.00990021 0.0155
         vertex 0.0413784 -0.00990021 0.0155
      endloop
   endfacet
   facet normal 0 -6.93889e-16 1
      outer loop
         vertex 0.0413784 -0.00897286 0.0155
         vertex 0.0413784 -0.00990021 0.0155
         vertex 0.0436251 -0.00990021 0.0155
      endloop
   endfacet
   facet normal 0 -6.93889e-16 1
      outer loop
         vertex 0.0436251 -0.00897286 0.0155
         vertex 0.0436251 -0.00990021 0.0155
         vertex 0.0510755 -0.00990021 0.0155
      endloop
   endfacet
   facet normal 0 -6.93889e-16 1
      outer loop
         vertex 0.0510755 -0.00897286 0.0155
         vertex 0.0510755 -0.00990021 0.0155
         vertex 0.0533776 -0.00990021 0.0155
      endloop
   endfacet
   facet normal 0 -6.93889e-16 1
      outer loop
         vertex -0.00982904 -0.00455 0.0155
         vertex -0.00982904 -0.00897286 0.0155
         vertex -0.00740404 -0.00897286 0.0155
      endloop
   endfacet
   facet normal 0 -6.93889e-16 1
      outer loop
         vertex -0.00405 -0.00455 0.0155
         vertex -0.00740404 -0.00455 0.0155
         vertex -0.006 -0.0056 0.0155
      endloop
   endfacet
   facet normal 0 -6.93889e-16 1
      outer loop
         vertex -0.00405 -0.00455 0.0155
         vertex -0.00470657 -0.00646424 0.0155
         vertex -0.0046 -0.007 0.0155
      endloop
   endfacet
   facet normal 0 -6.93889e-16 1
      outer loop
         vertex -0.00405 -0.00455 0.0155
         vertex -0.00546424 -0.00570657 0.0155
         vertex -0.00501005 -0.00601005 0.0155
      endloop
   endfacet
   facet normal 0 -6.93889e-16 1
      outer loop
         vertex -0.00740404 -0.00455 0.0155
         vertex -0.00653576 -0.00570657 0.0155
         vertex -0.006 -0.0056 0.0155
      endloop
   endfacet
   facet normal 0 -6.93889e-16 1
      outer loop
         vertex -0.0046 -0.007 0.0155
         vertex -0.00405 -0.00897286 0.0155
         vertex -0.00405 -0.00455 0.0155
      endloop
   endfacet
   facet normal 0 -6.93889e-16 1
      outer loop
         vertex -0.006 -0.0056 0.0155
         vertex -0.00546424 -0.00570657 0.0155
         vertex -0.00405 -0.00455 0.0155
      endloop
   endfacet
   facet normal 0 -6.93889e-16 1
      outer loop
         vertex -0.00740404 -0.00455 0.0155
         vertex -0.00729343 -0.00646424 0.0155
         vertex -0.00698995 -0.00601005 0.0155
      endloop
   endfacet
   facet normal 0 -6.93889e-16 1
      outer loop
         vertex -0.00740404 -0.00455 0.0155
         vertex -0.00740404 -0.00897286 0.0155
         vertex -0.0074 -0.007 0.0155
      endloop
   endfacet
   facet normal 0 -6.93889e-16 1
      outer loop
         vertex -0.00405 -0.00897286 0.0155
         vertex -0.00546424 -0.00829343 0.0155
         vertex -0.006 -0.0084 0.0155
      endloop
   endfacet
   facet normal 0 -6.93889e-16 1
      outer loop
         vertex -0.00405 -0.00897286 0.0155
         vertex -0.00470657 -0.00753576 0.0155
         vertex -0.00501005 -0.00798995 0.0155
      endloop
   endfacet
   facet normal 0 -6.93889e-16 1
      outer loop
         vertex -0.00501005 -0.00601005 0.0155
         vertex -0.00470657 -0.00646424 0.0155
         vertex -0.00405 -0.00455 0.0155
      endloop
   endfacet
   facet normal 0 -6.93889e-16 1
      outer loop
         vertex -0.0074 -0.007 0.0155
         vertex -0.00729343 -0.00646424 0.0155
         vertex -0.00740404 -0.00455 0.0155
      endloop
   endfacet
   facet normal 0 -6.93889e-16 1
      outer loop
         vertex -0.00740404 -0.00897286 0.0155
         vertex -0.00653576 -0.00829343 0.0155
         vertex -0.00698995 -0.00798995 0.0155
      endloop
   endfacet
   facet normal 0 -6.93889e-16 1
      outer loop
         vertex -0.00501005 -0.00798995 0.0155
         vertex -0.00546424 -0.00829343 0.0155
         vertex -0.00405 -0.00897286 0.0155
      endloop
   endfacet
   facet normal 0 -6.93889e-16 1
      outer loop
         vertex -0.00698995 -0.00601005 0.0155
         vertex -0.00653576 -0.00570657 0.0155
         vertex -0.00740404 -0.00455 0.0155
      endloop
   endfacet
   facet normal 0 -6.93889e-16 1
      outer loop
         vertex -0.00698995 -0.00798995 0.0155
         vertex -0.00729343 -0.00753576 0.0155
         vertex -0.00740404 -0.00897286 0.0155
      endloop
   endfacet
   facet normal 0 -6.93889e-16 1
      outer loop
         vertex -0.0046 -0.007 0.0155
         vertex -0.00470657 -0.00753576 0.0155
         vertex -0.00405 -0.00897286 0.0155
      endloop
   endfacet
   facet normal 0 -6.93889e-16 1
      outer loop
         vertex -0.00740404 -0.00897286 0.0155
         vertex -0.006 -0.0084 0.0155
         vertex -0.00653576 -0.00829343 0.0155
      endloop
   endfacet
   facet normal 0 -6.93889e-16 1
      outer loop
         vertex -0.00729343 -0.00753576 0.0155
         vertex -0.0074 -0.007 0.0155
         vertex -0.00740404 -0.00897286 0.0155
      endloop
   endfacet
   facet normal 0 -6.93889e-16 1
      outer loop
         vertex -0.00405 -0.00455 0.0155
         vertex -0.00405 -0.00897286 0.0155
         vertex -0.00245 -0.00897286 0.0155
      endloop
   endfacet
   facet normal 0 -6.93889e-16 1
      outer loop
         vertex -0.00245 -0.00455 0.0155
         vertex -0.00245 -0.00897286 0.0155
         vertex 0.00405 -0.00897286 0.0155
      endloop
   endfacet
   facet normal 0 -6.93889e-16 1
      outer loop
         vertex 0.0134895 -0.00455 0.0155
         vertex 0.00729343 -0.00646424 0.0155
         vertex 0.0074 -0.007 0.0155
      endloop
   endfacet
   facet normal 0 -6.93889e-16 1
      outer loop
         vertex 0.0134895 -0.00455 0.0155
         vertex 0.00405 -0.00455 0.0155
         vertex 0.006 -0.0056 0.0155
      endloop
   endfacet
   facet normal 0 -6.93889e-16 1
      outer loop
         vertex 0.0134895 -0.00897286 0.0155
         vertex 0.00729343 -0.00753576 0.0155
         vertex 0.00698995 -0.00798995 0.0155
      endloop
   endfacet
   facet normal 0 -6.93889e-16 1
      outer loop
         vertex 0.0134895 -0.00455 0.0155
         vertex 0.00698995 -0.00601005 0.0155
         vertex 0.00729343 -0.00646424 0.0155
      endloop
   endfacet
   facet normal 0 -6.93889e-16 1
      outer loop
         vertex 0.00405 -0.00455 0.0155
         vertex 0.00546424 -0.00570657 0.0155
         vertex 0.006 -0.0056 0.0155
      endloop
   endfacet
   facet normal 0 -6.93889e-16 1
      outer loop
         vertex 0.00405 -0.00455 0.0155
         vertex 0.00470657 -0.00646424 0.0155
         vertex 0.00501005 -0.00601005 0.0155
      endloop
   endfacet
   facet normal 0 -6.93889e-16 1
      outer loop
         vertex 0.0134895 -0.00897286 0.0155
         vertex 0.00653576 -0.00829343 0.0155
         vertex 0.006 -0.0084 0.0155
      endloop
   endfacet
   facet normal 0 -6.93889e-16 1
      outer loop
         vertex 0.0134895 -0.00897286 0.0155
         vertex 0.0074 -0.007 0.0155
         vertex 0.00729343 -0.00753576 0.0155
      endloop
   endfacet
   facet normal 0 -6.93889e-16 1
      outer loop
         vertex 0.0134895 -0.00455 0.0155
         vertex 0.00653576 -0.00570657 0.0155
         vertex 0.00698995 -0.00601005 0.0155
      endloop
   endfacet
   facet normal 0 -6.93889e-16 1
      outer loop
         vertex 0.00501005 -0.00601005 0.0155
         vertex 0.00546424 -0.00570657 0.0155
         vertex 0.00405 -0.00455 0.0155
      endloop
   endfacet
   facet normal 0 -6.93889e-16 1
      outer loop
         vertex 0.00698995 -0.00798995 0.0155
         vertex 0.00653576 -0.00829343 0.0155
         vertex 0.0134895 -0.00897286 0.0155
      endloop
   endfacet
   facet normal 0 -6.93889e-16 1
      outer loop
         vertex 0.006 -0.0056 0.0155
         vertex 0.00653576 -0.00570657 0.0155
         vertex 0.0134895 -0.00455 0.0155
      endloop
   endfacet
   facet normal 0 -6.93889e-16 1
      outer loop
         vertex 0.00405 -0.00455 0.0155
         vertex 0.00405 -0.00897286 0.0155
         vertex 0.0046 -0.007 0.0155
      endloop
   endfacet
   facet normal 0 -6.93889e-16 1
      outer loop
         vertex 0.0074 -0.007 0.0155
         vertex 0.0134895 -0.00897286 0.0155
         vertex 0.0134895 -0.00455 0.0155
      endloop
   endfacet
   facet normal 0 -6.93889e-16 1
      outer loop
         vertex 0.00405 -0.00897286 0.0155
         vertex 0.00470657 -0.00753576 0.0155
         vertex 0.0046 -0.007 0.0155
      endloop
   endfacet
   facet normal 0 -6.93889e-16 1
      outer loop
         vertex 0.00405 -0.00897286 0.0155
         vertex 0.00546424 -0.00829343 0.0155
         vertex 0.00501005 -0.00798995 0.0155
      endloop
   endfacet
   facet normal 0 -6.93889e-16 1
      outer loop
         vertex 0.0046 -0.007 0.0155
         vertex 0.00470657 -0.00646424 0.0155
         vertex 0.00405 -0.00455 0.0155
      endloop
   endfacet
   facet normal 0 -6.93889e-16 1
      outer loop
         vertex 0.00405 -0.00897286 0.0155
         vertex 0.006 -0.0084 0.0155
         vertex 0.00546424 -0.00829343 0.0155
      endloop
   endfacet
   facet normal 0 -6.93889e-16 1
      outer loop
         vertex 0.00501005 -0.00798995 0.0155
         vertex 0.00470657 -0.00753576 0.0155
         vertex 0.00405 -0.00897286 0.0155
      endloop
   endfacet
   facet normal 0 -6.93889e-16 1
      outer loop
         vertex 0.0134895 -0.00455 0.0155
         vertex 0.0134895 -0.00897286 0.0155
         vertex 0.0156293 -0.00897286 0.0155
      endloop
   endfacet
   facet normal 0 -6.93889e-16 1
      outer loop
         vertex 0.0156293 -0.00455 0.0155
         vertex 0.0156293 -0.00897286 0.0155
         vertex 0.0211151 -0.00897286 0.0155
      endloop
   endfacet
   facet normal 0 -6.93889e-16 1
      outer loop
         vertex 0.0211151 -0.00455 0.0155
         vertex 0.0211151 -0.00897286 0.0155
         vertex 0.0257248 -0.00897286 0.0155
      endloop
   endfacet
   facet normal 0 -6.93889e-16 1
      outer loop
         vertex 0.0364677 -0.00455 0.0155
         vertex 0.0364677 -0.00897286 0.0155
         vertex 0.0413784 -0.00897286 0.0155
      endloop
   endfacet
   facet normal 0 -6.93889e-16 1
      outer loop
         vertex 0.0533776 -0.0679169 0.0155
         vertex 0.0533776 -0.080678 0.0155
         vertex 0.0535435 -0.0749559 0.0155
      endloop
   endfacet
   facet normal 0 -6.93889e-16 1
      outer loop
         vertex 0.0535435 -0.0749559 0.0155
         vertex 0.0536501 -0.0744202 0.0155
         vertex 0.0533776 -0.0679169 0.0155
      endloop
   endfacet
   facet normal 0 -6.93889e-16 1
      outer loop
         vertex 0.0533776 -0.080678 0.0155
         vertex 0.0539535 -0.0759459 0.0155
         vertex 0.0536501 -0.0754917 0.0155
      endloop
   endfacet
   facet normal 0 -6.93889e-16 1
      outer loop
         vertex 0.0536501 -0.0754917 0.0155
         vertex 0.0535435 -0.0749559 0.0155
         vertex 0.0533776 -0.080678 0.0155
      endloop
   endfacet
   facet normal 0 -6.93889e-16 1
      outer loop
         vertex 0.0533776 -0.0679169 0.0155
         vertex 0.0544077 -0.0736625 0.0155
         vertex 0.0549435 -0.0735559 0.0155
      endloop
   endfacet
   facet normal 0 -6.93889e-16 1
      outer loop
         vertex 0.0533776 -0.080678 0.0155
         vertex 0.0544077 -0.0762493 0.0155
         vertex 0.0539535 -0.0759459 0.0155
      endloop
   endfacet
   facet normal 0 -6.93889e-16 1
      outer loop
         vertex 0.0549435 -0.0735559 0.0155
         vertex 0.0560717 -0.0679169 0.0155
         vertex 0.0533776 -0.0679169 0.0155
      endloop
   endfacet
   facet normal 0 -6.93889e-16 1
      outer loop
         vertex 0.0536501 -0.0744202 0.0155
         vertex 0.0539535 -0.073966 0.0155
         vertex 0.0533776 -0.0679169 0.0155
      endloop
   endfacet
   facet normal 0 -6.93889e-16 1
      outer loop
         vertex 0.0533776 -0.080678 0.0155
         vertex 0.0560717 -0.080678 0.0155
         vertex 0.0549435 -0.0763559 0.0155
      endloop
   endfacet
   facet normal 0 -6.93889e-16 1
      outer loop
         vertex 0.0539535 -0.073966 0.0155
         vertex 0.0544077 -0.0736625 0.0155
         vertex 0.0533776 -0.0679169 0.0155
      endloop
   endfacet
   facet normal 0 -6.93889e-16 1
      outer loop
         vertex 0.0560717 -0.080678 0.0155
         vertex 0.0554792 -0.0762493 0.0155
         vertex 0.0549435 -0.0763559 0.0155
      endloop
   endfacet
   facet normal 0 -6.93889e-16 1
      outer loop
         vertex 0.0549435 -0.0763559 0.0155
         vertex 0.0544077 -0.0762493 0.0155
         vertex 0.0533776 -0.080678 0.0155
      endloop
   endfacet
   facet normal 0 -6.93889e-16 1
      outer loop
         vertex 0.0560717 -0.080678 0.0155
         vertex 0.0560717 -0.075739 0.0155
         vertex 0.0559334 -0.0759459 0.0155
      endloop
   endfacet
   facet normal 0 -6.93889e-16 1
      outer loop
         vertex 0.0560717 -0.0679169 0.0155
         vertex 0.0554792 -0.0736625 0.0155
         vertex 0.0559334 -0.073966 0.0155
      endloop
   endfacet
   facet normal 0 -6.93889e-16 1
      outer loop
         vertex 0.0559334 -0.0759459 0.0155
         vertex 0.0554792 -0.0762493 0.0155
         vertex 0.0560717 -0.080678 0.0155
      endloop
   endfacet
   facet normal 0 -6.93889e-16 1
      outer loop
         vertex 0.0549435 -0.0735559 0.0155
         vertex 0.0554792 -0.0736625 0.0155
         vertex 0.0560717 -0.0679169 0.0155
      endloop
   endfacet
   facet normal 0 -6.93889e-16 1
      outer loop
         vertex -0.00405 -0.0679169 0.0155
         vertex -0.00547233 -0.0621713 0.0155
         vertex -0.00600808 -0.0622779 0.0155
      endloop
   endfacet
   facet normal 0 -6.93889e-16 1
      outer loop
         vertex -0.00600808 -0.0622779 0.0155
         vertex -0.00740404 -0.0679169 0.0155
         vertex -0.00405 -0.0679169 0.0155
      endloop
   endfacet
   facet normal 0 -6.93889e-16 1
      outer loop
         vertex -0.00405 -0.0679169 0.0155
         vertex -0.00405 -0.0620033 0.0155
         vertex -0.00522085 -0.0620033 0.0155
      endloop
   endfacet
   facet normal 0 -6.93889e-16 1
      outer loop
         vertex -0.00740404 -0.0679169 0.0155
         vertex -0.00654384 -0.0621713 0.0155
         vertex -0.00679532 -0.0620033 0.0155
      endloop
   endfacet
   facet normal 0 -6.93889e-16 1
      outer loop
         vertex -0.00522085 -0.0620033 0.0155
         vertex -0.00547233 -0.0621713 0.0155
         vertex -0.00405 -0.0679169 0.0155
      endloop
   endfacet
   facet normal 0 -6.93889e-16 1
      outer loop
         vertex -0.00600808 -0.0622779 0.0155
         vertex -0.00654384 -0.0621713 0.0155
         vertex -0.00740404 -0.0679169 0.0155
      endloop
   endfacet
   facet normal 0 -6.93889e-16 1
      outer loop
         vertex -0.00740404 -0.0620033 0.0155
         vertex -0.00699803 -0.0618679 0.0155
         vertex -0.00730152 -0.0614137 0.0155
      endloop
   endfacet
   facet normal 0 -6.93889e-16 1
      outer loop
         vertex -0.00740404 -0.0620033 0.0155
         vertex -0.00679532 -0.0620033 0.0155
         vertex -0.00699803 -0.0618679 0.0155
      endloop
   endfacet
   facet normal 0 -6.93889e-16 1
      outer loop
         vertex -0.00982904 -0.0594257 0.0155
         vertex -0.00982904 -0.0620033 0.0155
         vertex -0.00740808 -0.0608779 0.0155
      endloop
   endfacet
   facet normal 0 -6.93889e-16 1
      outer loop
         vertex -0.00740808 -0.0608779 0.0155
         vertex -0.00740404 -0.0608576 0.0155
         vertex -0.00982904 -0.0594257 0.0155
      endloop
   endfacet
   facet normal 0 -6.93889e-16 1
      outer loop
         vertex -0.00982904 -0.0620033 0.0155
         vertex -0.00740404 -0.0620033 0.0155
         vertex -0.00740404 -0.0608982 0.0155
      endloop
   endfacet
   facet normal 0 -6.93889e-16 1
      outer loop
         vertex -0.00740404 -0.0608982 0.0155
         vertex -0.00740808 -0.0608779 0.0155
         vertex -0.00982904 -0.0620033 0.0155
      endloop
   endfacet
   facet normal 0 -6.93889e-16 1
      outer loop
         vertex -0.00405 -0.0594257 0.0155
         vertex -0.00471465 -0.0603422 0.0155
         vertex -0.00460808 -0.0608779 0.0155
      endloop
   endfacet
   facet normal 0 -6.93889e-16 1
      outer loop
         vertex -0.00405 -0.0594257 0.0155
         vertex -0.00501813 -0.059888 0.0155
         vertex -0.00471465 -0.0603422 0.0155
      endloop
   endfacet
   facet normal 0 -6.93889e-16 1
      outer loop
         vertex -0.00405 -0.0594257 0.0155
         vertex -0.00740404 -0.0594257 0.0155
         vertex -0.00600808 -0.0594779 0.0155
      endloop
   endfacet
   facet normal 0 -6.93889e-16 1
      outer loop
         vertex -0.00405 -0.0594257 0.0155
         vertex -0.00547233 -0.0595845 0.0155
         vertex -0.00501813 -0.059888 0.0155
      endloop
   endfacet
   facet normal 0 -6.93889e-16 1
      outer loop
         vertex -0.00740404 -0.0594257 0.0155
         vertex -0.00654384 -0.0595845 0.0155
         vertex -0.00600808 -0.0594779 0.0155
      endloop
   endfacet
   facet normal 0 -6.93889e-16 1
      outer loop
         vertex -0.00740404 -0.0594257 0.0155
         vertex -0.00740404 -0.0608576 0.0155
         vertex -0.00730152 -0.0603422 0.0155
      endloop
   endfacet
   facet normal 0 -6.93889e-16 1
      outer loop
         vertex -0.00405 -0.0620033 0.0155
         vertex -0.00460808 -0.0608779 0.0155
         vertex -0.00471465 -0.0614137 0.0155
      endloop
   endfacet
   facet normal 0 -6.93889e-16 1
      outer loop
         vertex -0.00600808 -0.0594779 0.0155
         vertex -0.00547233 -0.0595845 0.0155
         vertex -0.00405 -0.0594257 0.0155
      endloop
   endfacet
   facet normal 0 -6.93889e-16 1
      outer loop
         vertex -0.00730152 -0.0603422 0.0155
         vertex -0.00699803 -0.059888 0.0155
         vertex -0.00740404 -0.0594257 0.0155
      endloop
   endfacet
   facet normal 0 -6.93889e-16 1
      outer loop
         vertex -0.00471465 -0.0614137 0.0155
         vertex -0.00501813 -0.0618679 0.0155
         vertex -0.00405 -0.0620033 0.0155
      endloop
   endfacet
   facet normal 0 -6.93889e-16 1
      outer loop
         vertex -0.00699803 -0.059888 0.0155
         vertex -0.00654384 -0.0595845 0.0155
         vertex -0.00740404 -0.0594257 0.0155
      endloop
   endfacet
   facet normal 0 -6.93889e-16 1
      outer loop
         vertex -0.00460808 -0.0608779 0.0155
         vertex -0.00405 -0.0620033 0.0155
         vertex -0.00405 -0.0594257 0.0155
      endloop
   endfacet
   facet normal 0 -6.93889e-16 1
      outer loop
         vertex 0.0436251 -0.0226745 0.0155
         vertex 0.0510755 -0.0226745 0.0155
         vertex 0.0475394 -0.0214849 0.0155
      endloop
   endfacet
   facet normal 0 -6.93889e-16 1
      outer loop
         vertex 0.0510755 -0.0226745 0.0155
         vertex 0.0480752 -0.0213783 0.0155
         vertex 0.0475394 -0.0214849 0.0155
      endloop
   endfacet
   facet normal 0 -6.93889e-16 1
      outer loop
         vertex 0.0475394 -0.0214849 0.0155
         vertex 0.0470037 -0.0213783 0.0155
         vertex 0.0436251 -0.0226745 0.0155
      endloop
   endfacet
   facet normal 0 -6.93889e-16 1
      outer loop
         vertex 0.0436251 -0.0226745 0.0155
         vertex 0.0465495 -0.0210748 0.0155
         vertex 0.0463733 -0.0208112 0.0155
      endloop
   endfacet
   facet normal 0 -6.93889e-16 1
      outer loop
         vertex 0.0510755 -0.0226745 0.0155
         vertex 0.0485294 -0.0210748 0.0155
         vertex 0.0480752 -0.0213783 0.0155
      endloop
   endfacet
   facet normal 0 -6.93889e-16 1
      outer loop
         vertex 0.0470037 -0.0213783 0.0155
         vertex 0.0465495 -0.0210748 0.0155
         vertex 0.0436251 -0.0226745 0.0155
      endloop
   endfacet
   facet normal 0 -6.93889e-16 1
      outer loop
         vertex 0.0510755 -0.0226745 0.0155
         vertex 0.0510755 -0.0208112 0.0155
         vertex 0.0487055 -0.0208112 0.0155
      endloop
   endfacet
   facet normal 0 -6.93889e-16 1
      outer loop
         vertex 0.0487055 -0.0208112 0.0155
         vertex 0.0485294 -0.0210748 0.0155
         vertex 0.0510755 -0.0226745 0.0155
      endloop
   endfacet
   facet normal 0 -6.93889e-16 1
      outer loop
         vertex 0.0436251 -0.0168597 0.0155
         vertex 0.0470037 -0.0187914 0.0155
         vertex 0.0475394 -0.0186849 0.0155
      endloop
   endfacet
   facet normal 0 -6.93889e-16 1
      outer loop
         vertex 0.0436251 -0.0208112 0.0155
         vertex 0.0461394 -0.0200849 0.0155
         vertex 0.046246 -0.0195491 0.0155
      endloop
   endfacet
   facet normal 0 -6.93889e-16 1
      outer loop
         vertex 0.0510755 -0.0208112 0.0155
         vertex 0.0510755 -0.0168597 0.0155
         vertex 0.0488328 -0.0195491 0.0155
      endloop
   endfacet
   facet normal 0 -6.93889e-16 1
      outer loop
         vertex 0.0475394 -0.0186849 0.0155
         vertex 0.0510755 -0.0168597 0.0155
         vertex 0.0436251 -0.0168597 0.0155
      endloop
   endfacet
   facet normal 0 -6.93889e-16 1
      outer loop
         vertex 0.0436251 -0.0208112 0.0155
         vertex 0.046246 -0.0206206 0.0155
         vertex 0.0461394 -0.0200849 0.0155
      endloop
   endfacet
   facet normal 0 -6.93889e-16 1
      outer loop
         vertex 0.0488328 -0.0195491 0.0155
         vertex 0.0489394 -0.0200849 0.0155
         vertex 0.0510755 -0.0208112 0.0155
      endloop
   endfacet
   facet normal 0 -6.93889e-16 1
      outer loop
         vertex 0.0510755 -0.0168597 0.0155
         vertex 0.0480752 -0.0187914 0.0155
         vertex 0.0485294 -0.0190949 0.0155
      endloop
   endfacet
   facet normal 0 -6.93889e-16 1
      outer loop
         vertex 0.0436251 -0.0168597 0.0155
         vertex 0.0465495 -0.0190949 0.0155
         vertex 0.0470037 -0.0187914 0.0155
      endloop
   endfacet
   facet normal 0 -6.93889e-16 1
      outer loop
         vertex 0.046246 -0.0195491 0.0155
         vertex 0.0436251 -0.0168597 0.0155
         vertex 0.0436251 -0.0208112 0.0155
      endloop
   endfacet
   facet normal 0 -6.93889e-16 1
      outer loop
         vertex 0.0485294 -0.0190949 0.0155
         vertex 0.0488328 -0.0195491 0.0155
         vertex 0.0510755 -0.0168597 0.0155
      endloop
   endfacet
   facet normal 0 -6.93889e-16 1
      outer loop
         vertex 0.046246 -0.0195491 0.0155
         vertex 0.0465495 -0.0190949 0.0155
         vertex 0.0436251 -0.0168597 0.0155
      endloop
   endfacet
   facet normal 0 -6.93889e-16 1
      outer loop
         vertex 0.0475394 -0.0186849 0.0155
         vertex 0.0480752 -0.0187914 0.0155
         vertex 0.0510755 -0.0168597 0.0155
      endloop
   endfacet
   facet normal 0 -6.93889e-16 1
      outer loop
         vertex 0.0436251 -0.0208112 0.0155
         vertex 0.0463733 -0.0208112 0.0155
         vertex 0.046246 -0.0206206 0.0155
      endloop
   endfacet
   facet normal 0 -6.93889e-16 1
      outer loop
         vertex 0.0489394 -0.0200849 0.0155
         vertex 0.0488328 -0.0206206 0.0155
         vertex 0.0510755 -0.0208112 0.0155
      endloop
   endfacet
   facet normal 0 -6.93889e-16 1
      outer loop
         vertex 0.0211151 -0.0133065 0.0155
         vertex 0.0166647 -0.0129481 0.0155
         vertex 0.016129 -0.0130547 0.0155
      endloop
   endfacet
   facet normal 0 -6.93889e-16 1
      outer loop
         vertex 0.0211151 -0.0133065 0.0155
         vertex 0.0211151 -0.0116074 0.0155
         vertex 0.017529 -0.0116547 0.0155
      endloop
   endfacet
   facet normal 0 -6.93889e-16 1
      outer loop
         vertex 0.0211151 -0.0133065 0.0155
         vertex 0.0171189 -0.0126446 0.0155
         vertex 0.0166647 -0.0129481 0.0155
      endloop
   endfacet
   facet normal 0 -6.93889e-16 1
      outer loop
         vertex 0.0211151 -0.0116074 0.0155
         vertex 0.0175196 -0.0116074 0.0155
         vertex 0.017529 -0.0116547 0.0155
      endloop
   endfacet
   facet normal 0 -6.93889e-16 1
      outer loop
         vertex 0.016129 -0.0130547 0.0155
         vertex 0.0156293 -0.0133065 0.0155
         vertex 0.0211151 -0.0133065 0.0155
      endloop
   endfacet
   facet normal 0 -6.93889e-16 1
      outer loop
         vertex 0.017529 -0.0116547 0.0155
         vertex 0.0174224 -0.0121904 0.0155
         vertex 0.0211151 -0.0133065 0.0155
      endloop
   endfacet
   facet normal 0 -6.93889e-16 1
      outer loop
         vertex 0.0174224 -0.0121904 0.0155
         vertex 0.0171189 -0.0126446 0.0155
         vertex 0.0211151 -0.0133065 0.0155
      endloop
   endfacet
   facet normal 0 -6.93889e-16 1
      outer loop
         vertex 0.0134895 -0.0116074 0.0155
         vertex 0.0134895 -0.0133065 0.0155
         vertex 0.0148356 -0.0121904 0.0155
      endloop
   endfacet
   facet normal 0 -6.93889e-16 1
      outer loop
         vertex 0.0148356 -0.0121904 0.0155
         vertex 0.014729 -0.0116547 0.0155
         vertex 0.0134895 -0.0116074 0.0155
      endloop
   endfacet
   facet normal 0 -6.93889e-16 1
      outer loop
         vertex 0.0134895 -0.0133065 0.0155
         vertex 0.0156293 -0.0133065 0.0155
         vertex 0.0155932 -0.0129481 0.0155
      endloop
   endfacet
   facet normal 0 -6.93889e-16 1
      outer loop
         vertex 0.0134895 -0.0133065 0.0155
         vertex 0.015139 -0.0126446 0.0155
         vertex 0.0148356 -0.0121904 0.0155
      endloop
   endfacet
   facet normal 0 -6.93889e-16 1
      outer loop
         vertex 0.0156293 -0.0133065 0.0155
         vertex 0.0156293 -0.0129553 0.0155
         vertex 0.0155932 -0.0129481 0.0155
      endloop
   endfacet
   facet normal 0 -6.93889e-16 1
      outer loop
         vertex 0.0155932 -0.0129481 0.0155
         vertex 0.015139 -0.0126446 0.0155
         vertex 0.0134895 -0.0133065 0.0155
      endloop
   endfacet
   facet normal 0 -6.93889e-16 1
      outer loop
         vertex 0.0134895 -0.00990021 0.0155
         vertex 0.015139 -0.0106647 0.0155
         vertex 0.0155932 -0.0103613 0.0155
      endloop
   endfacet
   facet normal 0 -6.93889e-16 1
      outer loop
         vertex 0.0134895 -0.0116074 0.0155
         vertex 0.0147384 -0.0116074 0.0155
         vertex 0.0148356 -0.0111189 0.0155
      endloop
   endfacet
   facet normal 0 -6.93889e-16 1
      outer loop
         vertex 0.0155932 -0.0103613 0.0155
         vertex 0.0156293 -0.00990021 0.0155
         vertex 0.0134895 -0.00990021 0.0155
      endloop
   endfacet
   facet normal 0 -6.93889e-16 1
      outer loop
         vertex 0.0148356 -0.0111189 0.0155
         vertex 0.0134895 -0.00990021 0.0155
         vertex 0.0134895 -0.0116074 0.0155
      endloop
   endfacet
   facet normal 0 -6.93889e-16 1
      outer loop
         vertex 0.0148356 -0.0111189 0.0155
         vertex 0.015139 -0.0106647 0.0155
         vertex 0.0134895 -0.00990021 0.0155
      endloop
   endfacet
   facet normal 0 -6.93889e-16 1
      outer loop
         vertex 0.0156293 -0.00990021 0.0155
         vertex 0.016129 -0.0102547 0.0155
         vertex 0.0166647 -0.0103613 0.0155
      endloop
   endfacet
   facet normal 0 -6.93889e-16 1
      outer loop
         vertex 0.0211151 -0.00990021 0.0155
         vertex 0.0174224 -0.0111189 0.0155
         vertex 0.0175196 -0.0116074 0.0155
      endloop
   endfacet
   facet normal 0 -6.93889e-16 1
      outer loop
         vertex 0.0166647 -0.0103613 0.0155
         vertex 0.0211151 -0.00990021 0.0155
         vertex 0.0156293 -0.00990021 0.0155
      endloop
   endfacet
   facet normal 0 -6.93889e-16 1
      outer loop
         vertex 0.0211151 -0.00990021 0.0155
         vertex 0.0171189 -0.0106647 0.0155
         vertex 0.0174224 -0.0111189 0.0155
      endloop
   endfacet
   facet normal 0 -6.93889e-16 1
      outer loop
         vertex 0.0156293 -0.00990021 0.0155
         vertex 0.0156293 -0.0103541 0.0155
         vertex 0.016129 -0.0102547 0.0155
      endloop
   endfacet
   facet normal 0 -6.93889e-16 1
      outer loop
         vertex 0.0166647 -0.0103613 0.0155
         vertex 0.0171189 -0.0106647 0.0155
         vertex 0.0211151 -0.00990021 0.0155
      endloop
   endfacet
   facet normal 0 -6.93889e-16 1
      outer loop
         vertex 0.0560717 -0.0226745 0.0155
         vertex 0.0560717 -0.0238648 0.0155
         vertex 0.0562382 -0.0229999 0.0155
      endloop
   endfacet
   facet normal 0 -6.93889e-16 1
      outer loop
         vertex 0.0560717 -0.0238648 0.0155
         vertex 0.0569959 -0.0237576 0.0155
         vertex 0.0565417 -0.0234541 0.0155
      endloop
   endfacet
   facet normal 0 -6.93889e-16 1
      outer loop
         vertex 0.0560717 -0.0238648 0.0155
         vertex 0.0602158 -0.0238648 0.0155
         vertex 0.0575317 -0.0238642 0.0155
      endloop
   endfacet
   facet normal 0 -6.93889e-16 1
      outer loop
         vertex 0.0565417 -0.0234541 0.0155
         vertex 0.0562382 -0.0229999 0.0155
         vertex 0.0560717 -0.0238648 0.0155
      endloop
   endfacet
   facet normal 0 -6.93889e-16 1
      outer loop
         vertex 0.0602158 -0.0238648 0.0155
         vertex 0.0580674 -0.0237576 0.0155
         vertex 0.0575317 -0.0238642 0.0155
      endloop
   endfacet
   facet normal 0 -6.93889e-16 1
      outer loop
         vertex 0.0602158 -0.0238648 0.0155
         vertex 0.0588251 -0.0229999 0.0155
         vertex 0.0585216 -0.0234541 0.0155
      endloop
   endfacet
   facet normal 0 -6.93889e-16 1
      outer loop
         vertex 0.0602158 -0.0226745 0.0155
         vertex 0.0588898 -0.0226745 0.0155
         vertex 0.0588251 -0.0229999 0.0155
      endloop
   endfacet
   facet normal 0 -6.93889e-16 1
      outer loop
         vertex 0.0575317 -0.0238642 0.0155
         vertex 0.0569959 -0.0237576 0.0155
         vertex 0.0560717 -0.0238648 0.0155
      endloop
   endfacet
   facet normal 0 -6.93889e-16 1
      outer loop
         vertex 0.0588251 -0.0229999 0.0155
         vertex 0.0602158 -0.0238648 0.0155
         vertex 0.0602158 -0.0226745 0.0155
      endloop
   endfacet
   facet normal 0 -6.93889e-16 1
      outer loop
         vertex 0.0585216 -0.0234541 0.0155
         vertex 0.0580674 -0.0237576 0.0155
         vertex 0.0602158 -0.0238648 0.0155
      endloop
   endfacet
   facet normal 0 -6.93889e-16 1
      outer loop
         vertex 0.0602158 -0.0208112 0.0155
         vertex 0.0560717 -0.0208112 0.0155
         vertex 0.0575317 -0.0210642 0.0155
      endloop
   endfacet
   facet normal 0 -6.93889e-16 1
      outer loop
         vertex 0.0560717 -0.0208112 0.0155
         vertex 0.0560717 -0.0226745 0.0155
         vertex 0.0561317 -0.0224642 0.0155
      endloop
   endfacet
   facet normal 0 -6.93889e-16 1
      outer loop
         vertex 0.0602158 -0.0226745 0.0155
         vertex 0.0602158 -0.0208112 0.0155
         vertex 0.0588251 -0.0219284 0.0155
      endloop
   endfacet
   facet normal 0 -6.93889e-16 1
      outer loop
         vertex 0.0560717 -0.0208112 0.0155
         vertex 0.0569959 -0.0211707 0.0155
         vertex 0.0575317 -0.0210642 0.0155
      endloop
   endfacet
   facet normal 0 -6.93889e-16 1
      outer loop
         vertex 0.0560717 -0.0226745 0.0155
         vertex 0.0561735 -0.0226745 0.0155
         vertex 0.0561317 -0.0224642 0.0155
      endloop
   endfacet
   facet normal 0 -6.93889e-16 1
      outer loop
         vertex 0.0588251 -0.0219284 0.0155
         vertex 0.0589317 -0.0224642 0.0155
         vertex 0.0602158 -0.0226745 0.0155
      endloop
   endfacet
   facet normal 0 -6.93889e-16 1
      outer loop
         vertex 0.0602158 -0.0208112 0.0155
         vertex 0.0580674 -0.0211707 0.0155
         vertex 0.0585216 -0.0214742 0.0155
      endloop
   endfacet
   facet normal 0 -6.93889e-16 1
      outer loop
         vertex 0.0560717 -0.0208112 0.0155
         vertex 0.0565417 -0.0214742 0.0155
         vertex 0.0569959 -0.0211707 0.0155
      endloop
   endfacet
   facet normal 0 -6.93889e-16 1
      outer loop
         vertex 0.0561317 -0.0224642 0.0155
         vertex 0.0562382 -0.0219284 0.0155
         vertex 0.0560717 -0.0208112 0.0155
      endloop
   endfacet
   facet normal 0 -6.93889e-16 1
      outer loop
         vertex 0.0585216 -0.0214742 0.0155
         vertex 0.0588251 -0.0219284 0.0155
         vertex 0.0602158 -0.0208112 0.0155
      endloop
   endfacet
   facet normal 0 -6.93889e-16 1
      outer loop
         vertex 0.0562382 -0.0219284 0.0155
         vertex 0.0565417 -0.0214742 0.0155
         vertex 0.0560717 -0.0208112 0.0155
      endloop
   endfacet
   facet normal 0 -6.93889e-16 1
      outer loop
         vertex 0.0575317 -0.0210642 0.0155
         vertex 0.0580674 -0.0211707 0.0155
         vertex 0.0602158 -0.0208112 0.0155
      endloop
   endfacet
   facet normal 0 -6.93889e-16 1
      outer loop
         vertex 0.0560717 -0.0620033 0.0155
         vertex 0.0551474 -0.0616221 0.0155
         vertex 0.0546117 -0.0617287 0.0155
      endloop
   endfacet
   facet normal 0 -6.93889e-16 1
      outer loop
         vertex 0.0533776 -0.0620033 0.0155
         vertex 0.0540759 -0.0616221 0.0155
         vertex 0.0536217 -0.0613187 0.0155
      endloop
   endfacet
   facet normal 0 -6.93889e-16 1
      outer loop
         vertex 0.0546117 -0.0617287 0.0155
         vertex 0.0533776 -0.0620033 0.0155
         vertex 0.0560717 -0.0620033 0.0155
      endloop
   endfacet
   facet normal 0 -6.93889e-16 1
      outer loop
         vertex 0.0546117 -0.0617287 0.0155
         vertex 0.0540759 -0.0616221 0.0155
         vertex 0.0533776 -0.0620033 0.0155
      endloop
   endfacet
   facet normal 0 -6.93889e-16 1
      outer loop
         vertex 0.0560717 -0.0620033 0.0155
         vertex 0.0559051 -0.0608645 0.0155
         vertex 0.0556016 -0.0613187 0.0155
      endloop
   endfacet
   facet normal 0 -6.93889e-16 1
      outer loop
         vertex 0.0560717 -0.0620033 0.0155
         vertex 0.0560717 -0.0594257 0.0155
         vertex 0.0560117 -0.0603287 0.0155
      endloop
   endfacet
   facet normal 0 -6.93889e-16 1
      outer loop
         vertex 0.0556016 -0.0613187 0.0155
         vertex 0.0551474 -0.0616221 0.0155
         vertex 0.0560717 -0.0620033 0.0155
      endloop
   endfacet
   facet normal 0 -6.93889e-16 1
      outer loop
         vertex 0.0560717 -0.0594257 0.0155
         vertex 0.0559051 -0.059793 0.0155
         vertex 0.0560117 -0.0603287 0.0155
      endloop
   endfacet
   facet normal 0 -6.93889e-16 1
      outer loop
         vertex 0.0560117 -0.0603287 0.0155
         vertex 0.0559051 -0.0608645 0.0155
         vertex 0.0560717 -0.0620033 0.0155
      endloop
   endfacet
   facet normal 0 -6.93889e-16 1
      outer loop
         vertex 0.0560717 -0.0594257 0.0155
         vertex 0.0556597 -0.0594257 0.0155
         vertex 0.0559051 -0.059793 0.0155
      endloop
   endfacet
   facet normal 0 -6.93889e-16 1
      outer loop
         vertex 0.0510755 -0.0620033 0.0155
         vertex 0.0533182 -0.0608645 0.0155
         vertex 0.0532117 -0.0603287 0.0155
      endloop
   endfacet
   facet normal 0 -6.93889e-16 1
      outer loop
         vertex 0.0510755 -0.0594257 0.0155
         vertex 0.0533182 -0.059793 0.0155
         vertex 0.0533776 -0.0597042 0.0155
      endloop
   endfacet
   facet normal 0 -6.93889e-16 1
      outer loop
         vertex 0.0532117 -0.0603287 0.0155
         vertex 0.0510755 -0.0594257 0.0155
         vertex 0.0510755 -0.0620033 0.0155
      endloop
   endfacet
   facet normal 0 -6.93889e-16 1
      outer loop
         vertex 0.0532117 -0.0603287 0.0155
         vertex 0.0533182 -0.059793 0.0155
         vertex 0.0510755 -0.0594257 0.0155
      endloop
   endfacet
   facet normal 0 -6.93889e-16 1
      outer loop
         vertex 0.0510755 -0.0620033 0.0155
         vertex 0.0533776 -0.0620033 0.0155
         vertex 0.0533776 -0.0609533 0.0155
      endloop
   endfacet
   facet normal 0 -6.93889e-16 1
      outer loop
         vertex 0.0533776 -0.0609533 0.0155
         vertex 0.0533182 -0.0608645 0.0155
         vertex 0.0510755 -0.0620033 0.0155
      endloop
   endfacet
   facet normal 0 -6.93889e-16 1
      outer loop
         vertex 0.0413784 -0.0133065 0.0155
         vertex 0.0393702 -0.0133065 0.0155
         vertex 0.0394354 -0.0136345 0.0155
      endloop
   endfacet
   facet normal 0 -6.93889e-16 1
      outer loop
         vertex 0.0394354 -0.0136345 0.0155
         vertex 0.0413784 -0.0138901 0.0155
         vertex 0.0413784 -0.0133065 0.0155
      endloop
   endfacet
   facet normal 0 -6.93889e-16 1
      outer loop
         vertex 0.0364677 -0.0138901 0.0155
         vertex 0.0364677 -0.0168597 0.0155
         vertex 0.036742 -0.0141703 0.0155
      endloop
   endfacet
   facet normal 0 -6.93889e-16 1
      outer loop
         vertex 0.0364677 -0.0168597 0.0155
         vertex 0.0374997 -0.014928 0.0155
         vertex 0.0370455 -0.0146245 0.0155
      endloop
   endfacet
   facet normal 0 -6.93889e-16 1
      outer loop
         vertex 0.0413784 -0.0168597 0.0155
         vertex 0.0385712 -0.014928 0.0155
         vertex 0.0380354 -0.0150345 0.0155
      endloop
   endfacet
   facet normal 0 -6.93889e-16 1
      outer loop
         vertex 0.0370455 -0.0146245 0.0155
         vertex 0.036742 -0.0141703 0.0155
         vertex 0.0364677 -0.0168597 0.0155
      endloop
   endfacet
   facet normal 0 -6.93889e-16 1
      outer loop
         vertex 0.0380354 -0.0150345 0.0155
         vertex 0.0364677 -0.0168597 0.0155
         vertex 0.0413784 -0.0168597 0.0155
      endloop
   endfacet
   facet normal 0 -6.93889e-16 1
      outer loop
         vertex 0.0413784 -0.0168597 0.0155
         vertex 0.0393289 -0.0141703 0.0155
         vertex 0.0390254 -0.0146245 0.0155
      endloop
   endfacet
   facet normal 0 -6.93889e-16 1
      outer loop
         vertex 0.0413784 -0.0138901 0.0155
         vertex 0.0393846 -0.0138901 0.0155
         vertex 0.0393289 -0.0141703 0.0155
      endloop
   endfacet
   facet normal 0 -6.93889e-16 1
      outer loop
         vertex 0.0380354 -0.0150345 0.0155
         vertex 0.0374997 -0.014928 0.0155
         vertex 0.0364677 -0.0168597 0.0155
      endloop
   endfacet
   facet normal 0 -6.93889e-16 1
      outer loop
         vertex 0.0393289 -0.0141703 0.0155
         vertex 0.0413784 -0.0168597 0.0155
         vertex 0.0413784 -0.0138901 0.0155
      endloop
   endfacet
   facet normal 0 -6.93889e-16 1
      outer loop
         vertex 0.0390254 -0.0146245 0.0155
         vertex 0.0385712 -0.014928 0.0155
         vertex 0.0413784 -0.0168597 0.0155
      endloop
   endfacet
   facet normal 0 -6.93889e-16 1
      outer loop
         vertex 0.0364677 -0.0133065 0.0155
         vertex 0.0364677 -0.0138901 0.0155
         vertex 0.0366354 -0.0136345 0.0155
      endloop
   endfacet
   facet normal 0 -6.93889e-16 1
      outer loop
         vertex 0.0364677 -0.0138901 0.0155
         vertex 0.0366863 -0.0138901 0.0155
         vertex 0.0366354 -0.0136345 0.0155
      endloop
   endfacet
   facet normal 0 -6.93889e-16 1
      outer loop
         vertex 0.0413784 -0.0133065 0.0155
         vertex 0.0413784 -0.0116074 0.0155
         vertex 0.0393289 -0.0130988 0.0155
      endloop
   endfacet
   facet normal 0 -6.93889e-16 1
      outer loop
         vertex 0.0413784 -0.0116074 0.0155
         vertex 0.0364677 -0.0116074 0.0155
         vertex 0.0380354 -0.0122345 0.0155
      endloop
   endfacet
   facet normal 0 -6.93889e-16 1
      outer loop
         vertex 0.0413784 -0.0116074 0.0155
         vertex 0.0390254 -0.0126446 0.0155
         vertex 0.0393289 -0.0130988 0.0155
      endloop
   endfacet
   facet normal 0 -6.93889e-16 1
      outer loop
         vertex 0.0380354 -0.0122345 0.0155
         vertex 0.0385712 -0.0123411 0.0155
         vertex 0.0413784 -0.0116074 0.0155
      endloop
   endfacet
   facet normal 0 -6.93889e-16 1
      outer loop
         vertex 0.0385712 -0.0123411 0.0155
         vertex 0.0390254 -0.0126446 0.0155
         vertex 0.0413784 -0.0116074 0.0155
      endloop
   endfacet
   facet normal 0 -6.93889e-16 1
      outer loop
         vertex 0.0364677 -0.0116074 0.0155
         vertex 0.0370455 -0.0126446 0.0155
         vertex 0.0374997 -0.0123411 0.0155
      endloop
   endfacet
   facet normal 0 -6.93889e-16 1
      outer loop
         vertex 0.0364677 -0.0133065 0.0155
         vertex 0.0367007 -0.0133065 0.0155
         vertex 0.036742 -0.0130988 0.0155
      endloop
   endfacet
   facet normal 0 -6.93889e-16 1
      outer loop
         vertex 0.0374997 -0.0123411 0.0155
         vertex 0.0380354 -0.0122345 0.0155
         vertex 0.0364677 -0.0116074 0.0155
      endloop
   endfacet
   facet normal 0 -6.93889e-16 1
      outer loop
         vertex 0.036742 -0.0130988 0.0155
         vertex 0.0364677 -0.0116074 0.0155
         vertex 0.0364677 -0.0133065 0.0155
      endloop
   endfacet
   facet normal 0 -6.93889e-16 1
      outer loop
         vertex 0.036742 -0.0130988 0.0155
         vertex 0.0370455 -0.0126446 0.0155
         vertex 0.0364677 -0.0116074 0.0155
      endloop
   endfacet
   facet normal 0 -6.93889e-16 1
      outer loop
         vertex 0.0364677 -0.0133065 0.0155
         vertex 0.0364677 -0.0116074 0.0155
         vertex 0.0275012 -0.0123802 0.0155
      endloop
   endfacet
   facet normal 0 -6.93889e-16 1
      outer loop
         vertex 0.0364677 -0.0116074 0.0155
         vertex 0.0273946 -0.0118444 0.0155
         vertex 0.0275012 -0.0123802 0.0155
      endloop
   endfacet
   facet normal 0 -6.93889e-16 1
      outer loop
         vertex 0.0364677 -0.0116074 0.0155
         vertex 0.0272362 -0.0116074 0.0155
         vertex 0.0273946 -0.0118444 0.0155
      endloop
   endfacet
   facet normal 0 -6.93889e-16 1
      outer loop
         vertex 0.0275012 -0.0123802 0.0155
         vertex 0.0273946 -0.012916 0.0155
         vertex 0.0364677 -0.0133065 0.0155
      endloop
   endfacet
   facet normal 0 -6.93889e-16 1
      outer loop
         vertex 0.0364677 -0.0138901 0.0155
         vertex 0.0266369 -0.0136736 0.0155
         vertex 0.0261012 -0.0137802 0.0155
      endloop
   endfacet
   facet normal 0 -6.93889e-16 1
      outer loop
         vertex 0.0364677 -0.0138901 0.0155
         vertex 0.0270911 -0.0133702 0.0155
         vertex 0.0266369 -0.0136736 0.0155
      endloop
   endfacet
   facet normal 0 -6.93889e-16 1
      outer loop
         vertex 0.0364677 -0.0138901 0.0155
         vertex 0.0364677 -0.0133065 0.0155
         vertex 0.0271337 -0.0133065 0.0155
      endloop
   endfacet
   facet normal 0 -6.93889e-16 1
      outer loop
         vertex 0.0271337 -0.0133065 0.0155
         vertex 0.0270911 -0.0133702 0.0155
         vertex 0.0364677 -0.0138901 0.0155
      endloop
   endfacet
   facet normal 0 -6.93889e-16 1
      outer loop
         vertex 0.0261012 -0.0137802 0.0155
         vertex 0.0257248 -0.0138901 0.0155
         vertex 0.0364677 -0.0138901 0.0155
      endloop
   endfacet
   facet normal 0 -6.93889e-16 1
      outer loop
         vertex 0.0211151 -0.0138901 0.0155
         vertex 0.0257248 -0.0138901 0.0155
         vertex 0.0255654 -0.0136736 0.0155
      endloop
   endfacet
   facet normal 0 -6.93889e-16 1
      outer loop
         vertex 0.0211151 -0.0138901 0.0155
         vertex 0.0251112 -0.0133702 0.0155
         vertex 0.0250687 -0.0133065 0.0155
      endloop
   endfacet
   facet normal 0 -6.93889e-16 1
      outer loop
         vertex 0.0257248 -0.0138901 0.0155
         vertex 0.0257248 -0.0137053 0.0155
         vertex 0.0255654 -0.0136736 0.0155
      endloop
   endfacet
   facet normal 0 -6.93889e-16 1
      outer loop
         vertex 0.0255654 -0.0136736 0.0155
         vertex 0.0251112 -0.0133702 0.0155
         vertex 0.0211151 -0.0138901 0.0155
      endloop
   endfacet
   facet normal 0 -6.93889e-16 1
      outer loop
         vertex 0.0211151 -0.0133065 0.0155
         vertex 0.0248077 -0.012916 0.0155
         vertex 0.0247012 -0.0123802 0.0155
      endloop
   endfacet
   facet normal 0 -6.93889e-16 1
      outer loop
         vertex 0.0247012 -0.0123802 0.0155
         vertex 0.0211151 -0.0116074 0.0155
         vertex 0.0211151 -0.0133065 0.0155
      endloop
   endfacet
   facet normal 0 -6.93889e-16 1
      outer loop
         vertex 0.0211151 -0.0133065 0.0155
         vertex 0.0250687 -0.0133065 0.0155
         vertex 0.0248077 -0.012916 0.0155
      endloop
   endfacet
   facet normal 0 -6.93889e-16 1
      outer loop
         vertex 0.0247012 -0.0123802 0.0155
         vertex 0.0248077 -0.0118444 0.0155
         vertex 0.0211151 -0.0116074 0.0155
      endloop
   endfacet
   facet normal 0 -6.93889e-16 1
      outer loop
         vertex 0.0211151 -0.00990021 0.0155
         vertex 0.0251112 -0.0113903 0.0155
         vertex 0.0255654 -0.0110868 0.0155
      endloop
   endfacet
   facet normal 0 -6.93889e-16 1
      outer loop
         vertex 0.0211151 -0.00990021 0.0155
         vertex 0.0211151 -0.0116074 0.0155
         vertex 0.0249661 -0.0116074 0.0155
      endloop
   endfacet
   facet normal 0 -6.93889e-16 1
      outer loop
         vertex 0.0249661 -0.0116074 0.0155
         vertex 0.0251112 -0.0113903 0.0155
         vertex 0.0211151 -0.00990021 0.0155
      endloop
   endfacet
   facet normal 0 -6.93889e-16 1
      outer loop
         vertex 0.0255654 -0.0110868 0.0155
         vertex 0.0257248 -0.00990021 0.0155
         vertex 0.0211151 -0.00990021 0.0155
      endloop
   endfacet
   facet normal 0 -6.93889e-16 1
      outer loop
         vertex 0.0364677 -0.00990021 0.0155
         vertex 0.0257248 -0.00990021 0.0155
         vertex 0.0266369 -0.0110868 0.0155
      endloop
   endfacet
   facet normal 0 -6.93889e-16 1
      outer loop
         vertex 0.0257248 -0.00990021 0.0155
         vertex 0.0257248 -0.0110551 0.0155
         vertex 0.0261012 -0.0109802 0.0155
      endloop
   endfacet
   facet normal 0 -6.93889e-16 1
      outer loop
         vertex 0.0364677 -0.00990021 0.0155
         vertex 0.0270911 -0.0113903 0.0155
         vertex 0.0272362 -0.0116074 0.0155
      endloop
   endfacet
   facet normal 0 -6.93889e-16 1
      outer loop
         vertex 0.0261012 -0.0109802 0.0155
         vertex 0.0266369 -0.0110868 0.0155
         vertex 0.0257248 -0.00990021 0.0155
      endloop
   endfacet
   facet normal 0 -6.93889e-16 1
      outer loop
         vertex 0.0266369 -0.0110868 0.0155
         vertex 0.0270911 -0.0113903 0.0155
         vertex 0.0364677 -0.00990021 0.0155
      endloop
   endfacet
   facet normal 0 -6.93889e-16 1
      outer loop
         vertex 0.0602158 -0.0168597 0.0155
         vertex 0.0602158 -0.0208112 0.0155
         vertex 0.0617664 -0.0183976 0.0155
      endloop
   endfacet
   facet normal 0 -6.93889e-16 1
      outer loop
         vertex 0.0646501 -0.0208112 0.0155
         vertex 0.0646501 -0.0204886 0.0155
         vertex 0.0636606 -0.0202918 0.0155
      endloop
   endfacet
   facet normal 0 -6.93889e-16 1
      outer loop
         vertex 0.0602158 -0.0208112 0.0155
         vertex 0.0625251 -0.0195331 0.0155
         vertex 0.0617664 -0.0183976 0.0155
      endloop
   endfacet
   facet normal 0 -6.93889e-16 1
      outer loop
         vertex 0.0636606 -0.0202918 0.0155
         vertex 0.0602158 -0.0208112 0.0155
         vertex 0.0646501 -0.0208112 0.0155
      endloop
   endfacet
   facet normal 0 -6.93889e-16 1
      outer loop
         vertex 0.0636606 -0.0202918 0.0155
         vertex 0.0625251 -0.0195331 0.0155
         vertex 0.0602158 -0.0208112 0.0155
      endloop
   endfacet
   facet normal 0 -6.93889e-16 1
      outer loop
         vertex 0.0617664 -0.0183976 0.0155
         vertex 0.0615 -0.0170583 0.0155
         vertex 0.0602158 -0.0168597 0.0155
      endloop
   endfacet
   facet normal 0 -6.93889e-16 1
      outer loop
         vertex 0.0602158 -0.0168597 0.0155
         vertex 0.0615395 -0.0168597 0.0155
         vertex 0.0617664 -0.0157189 0.0155
      endloop
   endfacet
   facet normal 0 -6.93889e-16 1
      outer loop
         vertex 0.0617664 -0.0157189 0.0155
         vertex 0.0602158 -0.0138901 0.0155
         vertex 0.0602158 -0.0168597 0.0155
      endloop
   endfacet
   facet normal 0 -6.93889e-16 1
      outer loop
         vertex 0.0617664 -0.0157189 0.0155
         vertex 0.0625251 -0.0145834 0.0155
         vertex 0.0602158 -0.0138901 0.0155
      endloop
   endfacet
   facet normal 0 -6.93889e-16 1
      outer loop
         vertex 0.0646501 -0.0133065 0.0155
         vertex 0.0602158 -0.0133065 0.0155
         vertex 0.0636606 -0.0138247 0.0155
      endloop
   endfacet
   facet normal 0 -6.93889e-16 1
      outer loop
         vertex 0.0602158 -0.0133065 0.0155
         vertex 0.0602158 -0.0138901 0.0155
         vertex 0.0635627 -0.0138901 0.0155
      endloop
   endfacet
   facet normal 0 -6.93889e-16 1
      outer loop
         vertex 0.0635627 -0.0138901 0.0155
         vertex 0.0636606 -0.0138247 0.0155
         vertex 0.0602158 -0.0133065 0.0155
      endloop
   endfacet
   facet normal 0 -6.93889e-16 1
      outer loop
         vertex 0.0257248 -0.00455 0.0155
         vertex 0.0293 -0.00604572 0.0155
         vertex 0.0295664 -0.00470633 0.0155
      endloop
   endfacet
   facet normal 0 -6.93889e-16 1
      outer loop
         vertex 0.0257248 -0.00897286 0.0155
         vertex 0.0295664 -0.00738511 0.0155
         vertex 0.0293 -0.00604572 0.0155
      endloop
   endfacet
   facet normal 0 -6.93889e-16 1
      outer loop
         vertex 0.0293 -0.00604572 0.0155
         vertex 0.0257248 -0.00455 0.0155
         vertex 0.0257248 -0.00897286 0.0155
      endloop
   endfacet
   facet normal 0 -6.93889e-16 1
      outer loop
         vertex 0.0257248 -0.00897286 0.0155
         vertex 0.031002 -0.00897286 0.0155
         vertex 0.0303251 -0.0085206 0.0155
      endloop
   endfacet
   facet normal 0 -6.93889e-16 1
      outer loop
         vertex 0.0303251 -0.0085206 0.0155
         vertex 0.0295664 -0.00738511 0.0155
         vertex 0.0257248 -0.00897286 0.0155
      endloop
   endfacet
   facet normal 0 -6.93889e-16 1
      outer loop
         vertex 0.0364677 -0.00455 0.0155
         vertex 0.0362327 -0.00536291 0.0155
         vertex 0.0363 -0.00604572 0.0155
      endloop
   endfacet
   facet normal 0 -6.93889e-16 1
      outer loop
         vertex 0.0364677 -0.00455 0.0155
         vertex 0.0360336 -0.00470633 0.0155
         vertex 0.0362327 -0.00536291 0.0155
      endloop
   endfacet
   facet normal 0 -6.93889e-16 1
      outer loop
         vertex 0.0364677 -0.00455 0.0155
         vertex 0.0359291 -0.00455 0.0155
         vertex 0.0360336 -0.00470633 0.0155
      endloop
   endfacet
   facet normal 0 -6.93889e-16 1
      outer loop
         vertex 0.0364677 -0.00897286 0.0155
         vertex 0.0360336 -0.00738511 0.0155
         vertex 0.0352749 -0.0085206 0.0155
      endloop
   endfacet
   facet normal 0 -6.93889e-16 1
      outer loop
         vertex 0.0363 -0.00604572 0.0155
         vertex 0.0364677 -0.00897286 0.0155
         vertex 0.0364677 -0.00455 0.0155
      endloop
   endfacet
   facet normal 0 -6.93889e-16 1
      outer loop
         vertex 0.0363 -0.00604572 0.0155
         vertex 0.0360336 -0.00738511 0.0155
         vertex 0.0364677 -0.00897286 0.0155
      endloop
   endfacet
   facet normal 0 -6.93889e-16 1
      outer loop
         vertex 0.0257248 -0.00990021 0.0155
         vertex 0.0364677 -0.00990021 0.0155
         vertex 0.0328 -0.00954572 0.0155
      endloop
   endfacet
   facet normal 0 -6.93889e-16 1
      outer loop
         vertex 0.0364677 -0.00990021 0.0155
         vertex 0.0341394 -0.0092793 0.0155
         vertex 0.0328 -0.00954572 0.0155
      endloop
   endfacet
   facet normal 0 -6.93889e-16 1
      outer loop
         vertex 0.0364677 -0.00990021 0.0155
         vertex 0.0364677 -0.00897286 0.0155
         vertex 0.034598 -0.00897286 0.0155
      endloop
   endfacet
   facet normal 0 -6.93889e-16 1
      outer loop
         vertex 0.0257248 -0.00990021 0.0155
         vertex 0.0314606 -0.0092793 0.0155
         vertex 0.031002 -0.00897286 0.0155
      endloop
   endfacet
   facet normal 0 -6.93889e-16 1
      outer loop
         vertex 0.034598 -0.00897286 0.0155
         vertex 0.0341394 -0.0092793 0.0155
         vertex 0.0364677 -0.00990021 0.0155
      endloop
   endfacet
   facet normal 0 -6.93889e-16 1
      outer loop
         vertex 0.0328 -0.00954572 0.0155
         vertex 0.0314606 -0.0092793 0.0155
         vertex 0.0257248 -0.00990021 0.0155
      endloop
   endfacet
   facet normal 0 -6.93889e-16 1
      outer loop
         vertex 0.0436251 -0.04205 0.0155
         vertex 0.0436251 -0.0238648 0.0155
         vertex 0.0432446 -0.0238648 0.0155
      endloop
   endfacet
   facet normal 0 -6.93889e-16 1
      outer loop
         vertex 0.0432446 -0.0238648 0.0155
         vertex 0.0413784 -0.0416205 0.0155
         vertex 0.0436251 -0.04205 0.0155
      endloop
   endfacet
   facet normal 0 -6.93889e-16 1
      outer loop
         vertex 0.0413784 -0.04205 0.0155
         vertex 0.0413333 -0.04205 0.0155
         vertex 0.0409063 -0.0461125 0.0155
      endloop
   endfacet
   facet normal 0 -6.93889e-16 1
      outer loop
         vertex 0.0409063 -0.0461125 0.0155
         vertex 0.0413784 -0.0469017 0.0155
         vertex 0.0413784 -0.04205 0.0155
      endloop
   endfacet
   facet normal 0 -6.93889e-16 1
      outer loop
         vertex 0.0409063 -0.0461125 0.0155
         vertex 0.0406749 -0.0468578 0.0155
         vertex 0.0413784 -0.0469017 0.0155
      endloop
   endfacet
   facet normal 0 -6.93889e-16 1
      outer loop
         vertex 0.0413784 -0.0484027 0.0155
         vertex 0.0394853 -0.0478211 0.0155
         vertex 0.0387082 -0.0478925 0.0155
      endloop
   endfacet
   facet normal 0 -6.93889e-16 1
      outer loop
         vertex 0.0387082 -0.0478925 0.0155
         vertex 0.0364677 -0.0484027 0.0155
         vertex 0.0413784 -0.0484027 0.0155
      endloop
   endfacet
   facet normal 0 -6.93889e-16 1
      outer loop
         vertex 0.0413784 -0.0484027 0.0155
         vertex 0.0401759 -0.0474578 0.0155
         vertex 0.0394853 -0.0478211 0.0155
      endloop
   endfacet
   facet normal 0 -6.93889e-16 1
      outer loop
         vertex 0.0413784 -0.0484027 0.0155
         vertex 0.0413784 -0.0469017 0.0155
         vertex 0.0406383 -0.0469017 0.0155
      endloop
   endfacet
   facet normal 0 -6.93889e-16 1
      outer loop
         vertex 0.0406383 -0.0469017 0.0155
         vertex 0.0401759 -0.0474578 0.0155
         vertex 0.0413784 -0.0484027 0.0155
      endloop
   endfacet
   facet normal 0 -6.93889e-16 1
      outer loop
         vertex 0.0364677 -0.0484027 0.0155
         vertex 0.0364677 -0.0476571 0.0155
         vertex 0.0292814 -0.0469017 0.0155
      endloop
   endfacet
   facet normal 0 -6.93889e-16 1
      outer loop
         vertex 0.0292814 -0.0469017 0.0155
         vertex 0.0257248 -0.0484027 0.0155
         vertex 0.0364677 -0.0484027 0.0155
      endloop
   endfacet
   facet normal 0 -6.93889e-16 1
      outer loop
         vertex 0.0211151 -0.0469017 0.0155
         vertex 0.0257248 -0.0469017 0.0155
         vertex 0.0257248 -0.0465279 0.0155
      endloop
   endfacet
   facet normal 0 -6.93889e-16 1
      outer loop
         vertex 0.0156293 -0.0469017 0.0155
         vertex 0.0166119 -0.0443287 0.0155
         vertex 0.0165405 -0.0435516 0.0155
      endloop
   endfacet
   facet normal 0 -6.93889e-16 1
      outer loop
         vertex 0.0211151 -0.0469017 0.0155
         vertex 0.0211151 -0.0460434 0.0155
         vertex 0.0183205 -0.0457497 0.0155
      endloop
   endfacet
   facet normal 0 -6.93889e-16 1
      outer loop
         vertex 0.0165405 -0.0435516 0.0155
         vertex 0.0156293 -0.04205 0.0155
         vertex 0.0156293 -0.0469017 0.0155
      endloop
   endfacet
   facet normal 0 -6.93889e-16 1
      outer loop
         vertex 0.0183205 -0.0457497 0.0155
         vertex 0.0156293 -0.0469017 0.0155
         vertex 0.0211151 -0.0469017 0.0155
      endloop
   endfacet
   facet normal 0 -6.93889e-16 1
      outer loop
         vertex 0.0156293 -0.0469017 0.0155
         vertex 0.0169752 -0.0450193 0.0155
         vertex 0.0166119 -0.0443287 0.0155
      endloop
   endfacet
   facet normal 0 -6.93889e-16 1
      outer loop
         vertex 0.0183205 -0.0457497 0.0155
         vertex 0.0175752 -0.0455183 0.0155
         vertex 0.0156293 -0.0469017 0.0155
      endloop
   endfacet
   facet normal 0 -6.93889e-16 1
      outer loop
         vertex 0.0175752 -0.0455183 0.0155
         vertex 0.0169752 -0.0450193 0.0155
         vertex 0.0156293 -0.0469017 0.0155
      endloop
   endfacet
   facet normal 0 -6.93889e-16 1
      outer loop
         vertex 0.0156293 -0.0238648 0.0155
         vertex 0.0156293 -0.04205 0.0155
         vertex 0.0166983 -0.04205 0.0155
      endloop
   endfacet
   facet normal 0 -6.93889e-16 1
      outer loop
         vertex 0.0156293 -0.0226745 0.0155
         vertex 0.0156293 -0.0238648 0.0155
         vertex 0.0186097 -0.0238648 0.0155
      endloop
   endfacet
   facet normal 0 -6.93889e-16 1
      outer loop
         vertex 0.0156293 -0.0208112 0.0155
         vertex 0.0156293 -0.0226745 0.0155
         vertex 0.0187348 -0.0226745 0.0155
      endloop
   endfacet
   facet normal 0 -6.93889e-16 1
      outer loop
         vertex 0.0156293 -0.0208112 0.0155
         vertex 0.0189447 -0.0206776 0.0155
         vertex 0.0191761 -0.0199323 0.0155
      endloop
   endfacet
   facet normal 0 -6.93889e-16 1
      outer loop
         vertex 0.0156293 -0.0208112 0.0155
         vertex 0.0189306 -0.0208112 0.0155
         vertex 0.0189447 -0.0206776 0.0155
      endloop
   endfacet
   facet normal 0 -6.93889e-16 1
      outer loop
         vertex 0.0156293 -0.0168597 0.0155
         vertex 0.0196751 -0.0193324 0.0155
         vertex 0.0203657 -0.018969 0.0155
      endloop
   endfacet
   facet normal 0 -6.93889e-16 1
      outer loop
         vertex 0.0191761 -0.0199323 0.0155
         vertex 0.0156293 -0.0168597 0.0155
         vertex 0.0156293 -0.0208112 0.0155
      endloop
   endfacet
   facet normal 0 -6.93889e-16 1
      outer loop
         vertex 0.0191761 -0.0199323 0.0155
         vertex 0.0196751 -0.0193324 0.0155
         vertex 0.0156293 -0.0168597 0.0155
      endloop
   endfacet
   facet normal 0 -6.93889e-16 1
      outer loop
         vertex 0.0203657 -0.018969 0.0155
         vertex 0.0211151 -0.0168597 0.0155
         vertex 0.0156293 -0.0168597 0.0155
      endloop
   endfacet
   facet normal 0 -6.93889e-16 1
      outer loop
         vertex 0.0211151 -0.0168597 0.0155
         vertex 0.0211151 -0.0189002 0.0155
         vertex 0.0211428 -0.0188976 0.0155
      endloop
   endfacet
   facet normal 0 -6.93889e-16 1
      outer loop
         vertex 0.0364677 -0.0205083 0.0155
         vertex 0.0364677 -0.0168597 0.0155
         vertex 0.0257248 -0.0168597 0.0155
      endloop
   endfacet
   facet normal 0 -6.93889e-16 1
      outer loop
         vertex 0.0364677 -0.0168597 0.0155
         vertex 0.0364677 -0.0205083 0.0155
         vertex 0.0393494 -0.0208112 0.0155
      endloop
   endfacet
   facet normal 0 -6.93889e-16 1
      outer loop
         vertex 0.0393494 -0.0208112 0.0155
         vertex 0.0413784 -0.0168597 0.0155
         vertex 0.0364677 -0.0168597 0.0155
      endloop
   endfacet
   facet normal 0 -6.93889e-16 1
      outer loop
         vertex 0.0413784 -0.0208112 0.0155
         vertex 0.0415305 -0.0210404 0.0155
         vertex 0.0422757 -0.0212719 0.0155
      endloop
   endfacet
   facet normal 0 -6.93889e-16 1
      outer loop
         vertex 0.0413784 -0.0208112 0.0155
         vertex 0.0413784 -0.0210245 0.0155
         vertex 0.0415305 -0.0210404 0.0155
      endloop
   endfacet
   facet normal 0 -6.93889e-16 1
      outer loop
         vertex 0.0436251 -0.0208112 0.0155
         vertex 0.0428757 -0.0217708 0.0155
         vertex 0.043239 -0.0224615 0.0155
      endloop
   endfacet
   facet normal 0 -6.93889e-16 1
      outer loop
         vertex 0.0422757 -0.0212719 0.0155
         vertex 0.0436251 -0.0208112 0.0155
         vertex 0.0413784 -0.0208112 0.0155
      endloop
   endfacet
   facet normal 0 -6.93889e-16 1
      outer loop
         vertex 0.0422757 -0.0212719 0.0155
         vertex 0.0428757 -0.0217708 0.0155
         vertex 0.0436251 -0.0208112 0.0155
      endloop
   endfacet
   facet normal 0 -6.93889e-16 1
      outer loop
         vertex 0.043239 -0.0224615 0.0155
         vertex 0.0436251 -0.0226745 0.0155
         vertex 0.0436251 -0.0208112 0.0155
      endloop
   endfacet
   facet normal 0 -6.93889e-16 1
      outer loop
         vertex 0.0436251 -0.0238648 0.0155
         vertex 0.0436251 -0.0226745 0.0155
         vertex 0.0433104 -0.0232385 0.0155
      endloop
   endfacet
   facet normal 0 -6.93889e-16 1
      outer loop
         vertex 0.0436251 -0.0226745 0.0155
         vertex 0.0432586 -0.0226745 0.0155
         vertex 0.0433104 -0.0232385 0.0155
      endloop
   endfacet
   facet normal 0 -6.93889e-16 1
      outer loop
         vertex 0.0436251 -0.0469017 0.0155
         vertex 0.0436251 -0.0484027 0.0155
         vertex 0.0448768 -0.0484027 0.0155
      endloop
   endfacet
   facet normal 0 -6.93889e-16 1
      outer loop
         vertex 0.0436251 -0.04205 0.0155
         vertex 0.0436251 -0.0469017 0.0155
         vertex 0.0452371 -0.0469017 0.0155
      endloop
   endfacet
   facet normal 0 -6.93889e-16 1
      outer loop
         vertex 0.0436251 -0.04205 0.0155
         vertex 0.0464019 -0.04205 0.0155
         vertex 0.0493533 -0.0297565 0.0155
      endloop
   endfacet
   facet normal 0 -6.93889e-16 1
      outer loop
         vertex 0.0493533 -0.0297565 0.0155
         vertex 0.0436251 -0.0238648 0.0155
         vertex 0.0436251 -0.04205 0.0155
      endloop
   endfacet
   facet normal 0 -6.93889e-16 1
      outer loop
         vertex 0.0510755 -0.0238648 0.0155
         vertex 0.0436251 -0.0238648 0.0155
         vertex 0.0502531 -0.0285181 0.0155
      endloop
   endfacet
   facet normal 0 -6.93889e-16 1
      outer loop
         vertex 0.0493533 -0.0297565 0.0155
         vertex 0.04968 -0.0290478 0.0155
         vertex 0.0436251 -0.0238648 0.0155
      endloop
   endfacet
   facet normal 0 -6.93889e-16 1
      outer loop
         vertex 0.04968 -0.0290478 0.0155
         vertex 0.0502531 -0.0285181 0.0155
         vertex 0.0436251 -0.0238648 0.0155
      endloop
   endfacet
   facet normal 0 -6.93889e-16 1
      outer loop
         vertex 0.0502531 -0.0285181 0.0155
         vertex 0.0509852 -0.028248 0.0155
         vertex 0.0510755 -0.0238648 0.0155
      endloop
   endfacet
   facet normal 0 -6.93889e-16 1
      outer loop
         vertex 0.0510755 -0.0238648 0.0155
         vertex 0.0510755 -0.0282515 0.0155
         vertex 0.051765 -0.0282786 0.0155
      endloop
   endfacet
   facet normal 0 -6.93889e-16 1
      outer loop
         vertex 0.0560717 -0.0293126 0.0155
         vertex 0.0560717 -0.0238648 0.0155
         vertex 0.0533776 -0.0238648 0.0155
      endloop
   endfacet
   facet normal 0 -6.93889e-16 1
      outer loop
         vertex 0.0602158 -0.0238648 0.0155
         vertex 0.0560717 -0.0238648 0.0155
         vertex 0.0560717 -0.0293126 0.0155
      endloop
   endfacet
   facet normal 0 -6.93889e-16 1
      outer loop
         vertex 0.0646501 -0.0238648 0.0155
         vertex 0.0602158 -0.0238648 0.0155
         vertex 0.0602158 -0.0303075 0.0155
      endloop
   endfacet
   facet normal 0 -6.93889e-16 1
      outer loop
         vertex 0.0602158 -0.0594257 0.0155
         vertex 0.0646501 -0.0594257 0.0155
         vertex 0.0646501 -0.0591393 0.0155
      endloop
   endfacet
   facet normal 0 -6.93889e-16 1
      outer loop
         vertex 0.0560717 -0.0594257 0.0155
         vertex 0.0602158 -0.0594257 0.0155
         vertex 0.0602158 -0.0580747 0.0155
      endloop
   endfacet
   facet normal 0 -6.93889e-16 1
      outer loop
         vertex 0.0560717 -0.0594257 0.0155
         vertex 0.0560717 -0.0570798 0.0155
         vertex 0.0556016 -0.0593388 0.0155
      endloop
   endfacet
   facet normal 0 -6.93889e-16 1
      outer loop
         vertex 0.0560717 -0.0570798 0.0155
         vertex 0.0533776 -0.056433 0.0155
         vertex 0.0546117 -0.0589287 0.0155
      endloop
   endfacet
   facet normal 0 -6.93889e-16 1
      outer loop
         vertex 0.0560717 -0.0570798 0.0155
         vertex 0.0551474 -0.0590353 0.0155
         vertex 0.0556016 -0.0593388 0.0155
      endloop
   endfacet
   facet normal 0 -6.93889e-16 1
      outer loop
         vertex 0.0533776 -0.056433 0.0155
         vertex 0.0540759 -0.0590353 0.0155
         vertex 0.0546117 -0.0589287 0.0155
      endloop
   endfacet
   facet normal 0 -6.93889e-16 1
      outer loop
         vertex 0.0533776 -0.0594257 0.0155
         vertex 0.0535636 -0.0594257 0.0155
         vertex 0.0536217 -0.0593388 0.0155
      endloop
   endfacet
   facet normal 0 -6.93889e-16 1
      outer loop
         vertex 0.0546117 -0.0589287 0.0155
         vertex 0.0551474 -0.0590353 0.0155
         vertex 0.0560717 -0.0570798 0.0155
      endloop
   endfacet
   facet normal 0 -6.93889e-16 1
      outer loop
         vertex 0.0536217 -0.0593388 0.0155
         vertex 0.0533776 -0.056433 0.0155
         vertex 0.0533776 -0.0594257 0.0155
      endloop
   endfacet
   facet normal 0 -6.93889e-16 1
      outer loop
         vertex 0.0536217 -0.0593388 0.0155
         vertex 0.0540759 -0.0590353 0.0155
         vertex 0.0533776 -0.056433 0.0155
      endloop
   endfacet
   facet normal 0 -6.93889e-16 1
      outer loop
         vertex 0.0510755 -0.0594257 0.0155
         vertex 0.0533776 -0.0594257 0.0155
         vertex 0.0533776 -0.056433 0.0155
      endloop
   endfacet
   facet normal 0 -6.93889e-16 1
      outer loop
         vertex 0.0436251 -0.0594257 0.0155
         vertex 0.0510755 -0.0594257 0.0155
         vertex 0.0487222 -0.0553153 0.0155
      endloop
   endfacet
   facet normal 0 -6.93889e-16 1
      outer loop
         vertex 0.0510755 -0.0594257 0.0155
         vertex 0.0510755 -0.0558803 0.0155
         vertex 0.0487222 -0.0553153 0.0155
      endloop
   endfacet
   facet normal 0 -6.93889e-16 1
      outer loop
         vertex 0.0436251 -0.0484027 0.0155
         vertex 0.0436251 -0.0553153 0.0155
         vertex 0.0439535 -0.0529007 0.0155
      endloop
   endfacet
   facet normal 0 -6.93889e-16 1
      outer loop
         vertex 0.0439535 -0.0529007 0.0155
         vertex 0.0439841 -0.052121 0.0155
         vertex 0.0436251 -0.0484027 0.0155
      endloop
   endfacet
   facet normal 0 -6.93889e-16 1
      outer loop
         vertex 0.0436251 -0.0553153 0.0155
         vertex 0.0447533 -0.0542059 0.0155
         vertex 0.0442236 -0.0536329 0.0155
      endloop
   endfacet
   facet normal 0 -6.93889e-16 1
      outer loop
         vertex 0.0442236 -0.0536329 0.0155
         vertex 0.0439535 -0.0529007 0.0155
         vertex 0.0436251 -0.0553153 0.0155
      endloop
   endfacet
   facet normal 0 -6.93889e-16 1
      outer loop
         vertex 0.0436251 -0.0553153 0.0155
         vertex 0.0487222 -0.0553153 0.0155
         vertex 0.0454619 -0.0545326 0.0155
      endloop
   endfacet
   facet normal 0 -6.93889e-16 1
      outer loop
         vertex 0.0454619 -0.0545326 0.0155
         vertex 0.0447533 -0.0542059 0.0155
         vertex 0.0436251 -0.0553153 0.0155
      endloop
   endfacet
   facet normal 0 -6.93889e-16 1
      outer loop
         vertex -0.00982904 -0.0138901 0.0155
         vertex -0.00982904 -0.014 0.0155
         vertex -0.00740404 -0.014 0.0155
      endloop
   endfacet
   facet normal 0 -6.93889e-16 1
      outer loop
         vertex -0.00740404 -0.0138901 0.0155
         vertex -0.00740404 -0.014 0.0155
         vertex -0.00405 -0.014 0.0155
      endloop
   endfacet
   facet normal 0 -6.93889e-16 1
      outer loop
         vertex -0.00405 -0.0138901 0.0155
         vertex -0.00405 -0.014 0.0155
         vertex -0.00245 -0.014 0.0155
      endloop
   endfacet
   facet normal 0 -6.93889e-16 1
      outer loop
         vertex -0.00245 -0.0138901 0.0155
         vertex -0.00245 -0.014 0.0155
         vertex 0.00405 -0.014 0.0155
      endloop
   endfacet
   facet normal 0 -6.93889e-16 1
      outer loop
         vertex 0.0134895 -0.0138901 0.0155
         vertex 0.0120978 -0.0152346 0.0155
         vertex 0.01225 -0.016 0.0155
      endloop
   endfacet
   facet normal 0 -6.93889e-16 1
      outer loop
         vertex 0.01225 -0.016 0.0155
         vertex 0.0134895 -0.0168597 0.0155
         vertex 0.0134895 -0.0138901 0.0155
      endloop
   endfacet
   facet normal 0 -6.93889e-16 1
      outer loop
         vertex 0.0134895 -0.0138901 0.0155
         vertex 0.0116642 -0.0145858 0.0155
         vertex 0.0120978 -0.0152346 0.0155
      endloop
   endfacet
   facet normal 0 -6.93889e-16 1
      outer loop
         vertex 0.00405 -0.0138901 0.0155
         vertex 0.00405 -0.014 0.0155
         vertex 0.01025 -0.014 0.0155
      endloop
   endfacet
   facet normal 0 -6.93889e-16 1
      outer loop
         vertex 0.0134895 -0.0138901 0.0155
         vertex 0.0110154 -0.0141522 0.0155
         vertex 0.0116642 -0.0145858 0.0155
      endloop
   endfacet
   facet normal 0 -6.93889e-16 1
      outer loop
         vertex 0.01025 -0.014 0.0155
         vertex 0.0134895 -0.0138901 0.0155
         vertex 0.00405 -0.0138901 0.0155
      endloop
   endfacet
   facet normal 0 -6.93889e-16 1
      outer loop
         vertex 0.01025 -0.014 0.0155
         vertex 0.0110154 -0.0141522 0.0155
         vertex 0.0134895 -0.0138901 0.0155
      endloop
   endfacet
   facet normal 0 -6.93889e-16 1
      outer loop
         vertex 0.01225 -0.0168597 0.0155
         vertex 0.01225 -0.0208112 0.0155
         vertex 0.0134895 -0.0208112 0.0155
      endloop
   endfacet
   facet normal 0 -6.93889e-16 1
      outer loop
         vertex 0.01225 -0.0208112 0.0155
         vertex 0.01225 -0.0226745 0.0155
         vertex 0.0134895 -0.0226745 0.0155
      endloop
   endfacet
   facet normal 0 -6.93889e-16 1
      outer loop
         vertex 0.01225 -0.0226745 0.0155
         vertex 0.01225 -0.0238648 0.0155
         vertex 0.0134895 -0.0238648 0.0155
      endloop
   endfacet
   facet normal 0 -6.93889e-16 1
      outer loop
         vertex 0.00405 -0.04205 0.0155
         vertex 0.0134895 -0.04205 0.0155
         vertex 0.01025 -0.041 0.0155
      endloop
   endfacet
   facet normal 0 -6.93889e-16 1
      outer loop
         vertex 0.0134895 -0.04205 0.0155
         vertex 0.0110154 -0.0408478 0.0155
         vertex 0.01025 -0.041 0.0155
      endloop
   endfacet
   facet normal 0 -6.93889e-16 1
      outer loop
         vertex 0.0134895 -0.04205 0.0155
         vertex 0.0120978 -0.0397654 0.0155
         vertex 0.0116642 -0.0404142 0.0155
      endloop
   endfacet
   facet normal 0 -6.93889e-16 1
      outer loop
         vertex 0.0134895 -0.0238648 0.0155
         vertex 0.01225 -0.0238648 0.0155
         vertex 0.01225 -0.039 0.0155
      endloop
   endfacet
   facet normal 0 -6.93889e-16 1
      outer loop
         vertex 0.0116642 -0.0404142 0.0155
         vertex 0.0110154 -0.0408478 0.0155
         vertex 0.0134895 -0.04205 0.0155
      endloop
   endfacet
   facet normal 0 -6.93889e-16 1
      outer loop
         vertex 0.01225 -0.039 0.0155
         vertex 0.0134895 -0.04205 0.0155
         vertex 0.0134895 -0.0238648 0.0155
      endloop
   endfacet
   facet normal 0 -6.93889e-16 1
      outer loop
         vertex 0.01225 -0.039 0.0155
         vertex 0.0120978 -0.0397654 0.0155
         vertex 0.0134895 -0.04205 0.0155
      endloop
   endfacet
   facet normal 0 -6.93889e-16 1
      outer loop
         vertex -0.00245 -0.041 0.0155
         vertex -0.00245 -0.04205 0.0155
         vertex 0.00405 -0.04205 0.0155
      endloop
   endfacet
   facet normal 0 -6.93889e-16 1
      outer loop
         vertex -0.00405 -0.041 0.0155
         vertex -0.00405 -0.04205 0.0155
         vertex -0.00245 -0.04205 0.0155
      endloop
   endfacet
   facet normal 0 -6.93889e-16 1
      outer loop
         vertex -0.00740404 -0.041 0.0155
         vertex -0.00740404 -0.04205 0.0155
         vertex -0.00405 -0.04205 0.0155
      endloop
   endfacet
   facet normal 0 -6.93889e-16 1
      outer loop
         vertex -0.00982904 -0.041 0.0155
         vertex -0.00982904 -0.04205 0.0155
         vertex -0.00740404 -0.04205 0.0155
      endloop
   endfacet
   facet normal 0 -6.93889e-16 1
      outer loop
         vertex -0.00982904 -0.04205 0.0155
         vertex -0.01025 -0.041 0.0155
         vertex -0.0110154 -0.0408478 0.0155
      endloop
   endfacet
   facet normal 0 -6.93889e-16 1
      outer loop
         vertex -0.00982904 -0.04205 0.0155
         vertex -0.00982904 -0.041 0.0155
         vertex -0.01025 -0.041 0.0155
      endloop
   endfacet
   facet normal 0 -6.93889e-16 1
      outer loop
         vertex -0.0145 -0.0238648 0.0155
         vertex -0.0145 -0.04205 0.0155
         vertex -0.01225 -0.039 0.0155
      endloop
   endfacet
   facet normal 0 -6.93889e-16 1
      outer loop
         vertex -0.0110154 -0.0408478 0.0155
         vertex -0.0145 -0.04205 0.0155
         vertex -0.00982904 -0.04205 0.0155
      endloop
   endfacet
   facet normal 0 -6.93889e-16 1
      outer loop
         vertex -0.0145 -0.04205 0.0155
         vertex -0.0120978 -0.0397654 0.0155
         vertex -0.01225 -0.039 0.0155
      endloop
   endfacet
   facet normal 0 -6.93889e-16 1
      outer loop
         vertex -0.0110154 -0.0408478 0.0155
         vertex -0.0116642 -0.0404142 0.0155
         vertex -0.0145 -0.04205 0.0155
      endloop
   endfacet
   facet normal 0 -6.93889e-16 1
      outer loop
         vertex -0.0116642 -0.0404142 0.0155
         vertex -0.0120978 -0.0397654 0.0155
         vertex -0.0145 -0.04205 0.0155
      endloop
   endfacet
   facet normal 0 -6.93889e-16 1
      outer loop
         vertex -0.0145 -0.0226745 0.0155
         vertex -0.0145 -0.0238648 0.0155
         vertex -0.01225 -0.0238648 0.0155
      endloop
   endfacet
   facet normal 0 -6.93889e-16 1
      outer loop
         vertex -0.0145 -0.0208112 0.0155
         vertex -0.0145 -0.0226745 0.0155
         vertex -0.01225 -0.0226745 0.0155
      endloop
   endfacet
   facet normal 0 -6.93889e-16 1
      outer loop
         vertex -0.0145 -0.0168597 0.0155
         vertex -0.0145 -0.0208112 0.0155
         vertex -0.01225 -0.0208112 0.0155
      endloop
   endfacet
   facet normal 0 -6.93889e-16 1
      outer loop
         vertex -0.0145 -0.0138901 0.0155
         vertex -0.0110154 -0.0141522 0.0155
         vertex -0.01025 -0.014 0.0155
      endloop
   endfacet
   facet normal 0 -6.93889e-16 1
      outer loop
         vertex -0.0145 -0.0138901 0.0155
         vertex -0.0145 -0.0168597 0.0155
         vertex -0.01225 -0.016 0.0155
      endloop
   endfacet
   facet normal 0 -6.93889e-16 1
      outer loop
         vertex -0.01025 -0.014 0.0155
         vertex -0.00982904 -0.0138901 0.0155
         vertex -0.0145 -0.0138901 0.0155
      endloop
   endfacet
   facet normal 0 -6.93889e-16 1
      outer loop
         vertex -0.0145 -0.0168597 0.0155
         vertex -0.01225 -0.0168597 0.0155
         vertex -0.01225 -0.016 0.0155
      endloop
   endfacet
   facet normal 0 -6.93889e-16 1
      outer loop
         vertex -0.0145 -0.0138901 0.0155
         vertex -0.0116642 -0.0145858 0.0155
         vertex -0.0110154 -0.0141522 0.0155
      endloop
   endfacet
   facet normal 0 -6.93889e-16 1
      outer loop
         vertex -0.01225 -0.016 0.0155
         vertex -0.0120978 -0.0152346 0.0155
         vertex -0.0145 -0.0138901 0.0155
      endloop
   endfacet
   facet normal 0 -6.93889e-16 1
      outer loop
         vertex -0.0120978 -0.0152346 0.0155
         vertex -0.0116642 -0.0145858 0.0155
         vertex -0.0145 -0.0138901 0.0155
      endloop
   endfacet
   facet normal 0 -6.93889e-16 1
      outer loop
         vertex -0.00982904 -0.0484027 0.0155
         vertex -0.0145 -0.0487581 0.0155
         vertex -0.0134132 -0.0553153 0.0155
      endloop
   endfacet
   facet normal 0 -6.93889e-16 1
      outer loop
         vertex -0.00982904 -0.0484027 0.0155
         vertex -0.0145 -0.0484027 0.0155
         vertex -0.0145 -0.0487581 0.0155
      endloop
   endfacet
   facet normal 0 -6.93889e-16 1
      outer loop
         vertex -0.00982904 -0.0553153 0.0155
         vertex -0.0134132 -0.0553153 0.0155
         vertex -0.0127319 -0.0594257 0.0155
      endloop
   endfacet
   facet normal 0 -6.93889e-16 1
      outer loop
         vertex -0.00982904 -0.0594257 0.0155
         vertex -0.0127319 -0.0594257 0.0155
         vertex -0.0123047 -0.0620033 0.0155
      endloop
   endfacet
   facet normal 0 -6.93889e-16 1
      outer loop
         vertex -0.00982904 -0.0620033 0.0155
         vertex -0.0123047 -0.0620033 0.0155
         vertex -0.0113246 -0.0679169 0.0155
      endloop
   endfacet
   facet normal 0 -6.93889e-16 1
      outer loop
         vertex -0.00740404 -0.0679169 0.0155
         vertex -0.00982904 -0.0679169 0.0155
         vertex -0.00982904 -0.0769401 0.0155
      endloop
   endfacet
   facet normal 0 -6.93889e-16 1
      outer loop
         vertex -0.00982904 -0.0769401 0.0155
         vertex -0.00740404 -0.080678 0.0155
         vertex -0.00740404 -0.0679169 0.0155
      endloop
   endfacet
   facet normal 0 -6.93889e-16 1
      outer loop
         vertex -0.00740404 -0.080678 0.0155
         vertex -0.00920952 -0.080678 0.0155
         vertex -0.00849318 -0.085 0.0155
      endloop
   endfacet
   facet normal 0 -6.93889e-16 1
      outer loop
         vertex -0.00405 -0.080678 0.0155
         vertex -0.00405 -0.085 0.0155
         vertex -0.003 -0.085 0.0155
      endloop
   endfacet
   facet normal 0 -6.93889e-16 1
      outer loop
         vertex -0.00405 -0.0679169 0.0155
         vertex -0.00405 -0.080678 0.0155
         vertex -0.003 -0.080678 0.0155
      endloop
   endfacet
   facet normal 0 -6.93889e-16 1
      outer loop
         vertex -0.00405 -0.0679169 0.0155
         vertex -0.003 -0.0679169 0.0155
         vertex -0.003 -0.0627277 0.0155
      endloop
   endfacet
   facet normal 0 -6.93889e-16 1
      outer loop
         vertex -0.003 -0.0627277 0.0155
         vertex -0.00405 -0.0620033 0.0155
         vertex -0.00405 -0.0679169 0.0155
      endloop
   endfacet
   facet normal 0 -6.93889e-16 1
      outer loop
         vertex -0.00405 -0.0594257 0.0155
         vertex -0.00269552 -0.061197 0.0155
         vertex -0.00245 -0.0608296 0.0155
      endloop
   endfacet
   facet normal 0 -6.93889e-16 1
      outer loop
         vertex -0.00405 -0.0620033 0.0155
         vertex -0.0028559 -0.0620033 0.0155
         vertex -0.00269552 -0.061197 0.0155
      endloop
   endfacet
   facet normal 0 -6.93889e-16 1
      outer loop
         vertex -0.00269552 -0.061197 0.0155
         vertex -0.00405 -0.0594257 0.0155
         vertex -0.00405 -0.0620033 0.0155
      endloop
   endfacet
   facet normal 0 -6.93889e-16 1
      outer loop
         vertex -0.00245 -0.0594257 0.0155
         vertex -0.00245 -0.0608296 0.0155
         vertex -0.00182843 -0.0598993 0.0155
      endloop
   endfacet
   facet normal 0 -6.93889e-16 1
      outer loop
         vertex 0.00405 -0.0553153 0.0155
         vertex -0.00245 -0.0553153 0.0155
         vertex 0.001 -0.0587277 0.0155
      endloop
   endfacet
   facet normal 0 -6.93889e-16 1
      outer loop
         vertex -0.00245 -0.0553153 0.0155
         vertex -0.000530734 -0.0590322 0.0155
         vertex 0.001 -0.0587277 0.0155
      endloop
   endfacet
   facet normal 0 -6.93889e-16 1
      outer loop
         vertex -0.00245 -0.0553153 0.0155
         vertex -0.00245 -0.0594257 0.0155
         vertex -0.00111961 -0.0594257 0.0155
      endloop
   endfacet
   facet normal 0 -6.93889e-16 1
      outer loop
         vertex -0.00111961 -0.0594257 0.0155
         vertex -0.000530734 -0.0590322 0.0155
         vertex -0.00245 -0.0553153 0.0155
      endloop
   endfacet
   facet normal 0 -6.93889e-16 1
      outer loop
         vertex 0.00405 -0.0553153 0.0155
         vertex 0.00405 -0.0587277 0.0155
         vertex 0.0134895 -0.0587277 0.0155
      endloop
   endfacet
   facet normal 0 -6.93889e-16 1
      outer loop
         vertex 0.0134895 -0.0553153 0.0155
         vertex 0.0134895 -0.0587277 0.0155
         vertex 0.0156293 -0.0587277 0.0155
      endloop
   endfacet
   facet normal 0 -6.93889e-16 1
      outer loop
         vertex 0.0156293 -0.0553153 0.0155
         vertex 0.0156293 -0.0587277 0.0155
         vertex 0.0211151 -0.0587277 0.0155
      endloop
   endfacet
   facet normal 0 -6.93889e-16 1
      outer loop
         vertex 0.0211151 -0.0553153 0.0155
         vertex 0.0211151 -0.0587277 0.0155
         vertex 0.0257248 -0.0587277 0.0155
      endloop
   endfacet
   facet normal 0 -6.93889e-16 1
      outer loop
         vertex 0.0257248 -0.0553153 0.0155
         vertex 0.0257248 -0.0587277 0.0155
         vertex 0.0364677 -0.0587277 0.0155
      endloop
   endfacet
   facet normal 0 -6.93889e-16 1
      outer loop
         vertex 0.0364677 -0.0553153 0.0155
         vertex 0.0365638 -0.0587277 0.0155
         vertex 0.037622 -0.0590433 0.0155
      endloop
   endfacet
   facet normal 0 -6.93889e-16 1
      outer loop
         vertex 0.0413784 -0.0553153 0.0155
         vertex 0.037622 -0.0590433 0.0155
         vertex 0.0381148 -0.0594257 0.0155
      endloop
   endfacet
   facet normal 0 -6.93889e-16 1
      outer loop
         vertex 0.0364677 -0.0553153 0.0155
         vertex 0.0364677 -0.0587277 0.0155
         vertex 0.0365638 -0.0587277 0.0155
      endloop
   endfacet
   facet normal 0 -6.93889e-16 1
      outer loop
         vertex 0.037622 -0.0590433 0.0155
         vertex 0.0413784 -0.0553153 0.0155
         vertex 0.0364677 -0.0553153 0.0155
      endloop
   endfacet
   facet normal 0 -6.93889e-16 1
      outer loop
         vertex 0.0413784 -0.0594257 0.0155
         vertex 0.0390626 -0.060667 0.0155
         vertex 0.0398113 -0.0620033 0.0155
      endloop
   endfacet
   facet normal 0 -6.93889e-16 1
      outer loop
         vertex 0.0413784 -0.0594257 0.0155
         vertex 0.0384943 -0.0597203 0.0155
         vertex 0.0390626 -0.060667 0.0155
      endloop
   endfacet
   facet normal 0 -6.93889e-16 1
      outer loop
         vertex 0.0413784 -0.0594257 0.0155
         vertex 0.0381148 -0.0594257 0.0155
         vertex 0.0384943 -0.0597203 0.0155
      endloop
   endfacet
   facet normal 0 -6.93889e-16 1
      outer loop
         vertex 0.0413784 -0.0620033 0.0155
         vertex 0.0398113 -0.0620033 0.0155
         vertex 0.0402707 -0.0628234 0.0155
      endloop
   endfacet
   facet normal 0 -6.93889e-16 1
      outer loop
         vertex 0.0436251 -0.0620033 0.0155
         vertex 0.0413784 -0.0620033 0.0155
         vertex 0.0413784 -0.0638056 0.0155
      endloop
   endfacet
   facet normal 0 -6.93889e-16 1
      outer loop
         vertex 0.0413784 -0.0638056 0.0155
         vertex 0.0424092 -0.0647196 0.0155
         vertex 0.0436251 -0.0620033 0.0155
      endloop
   endfacet
   facet normal 0 -6.93889e-16 1
      outer loop
         vertex 0.0510755 -0.0620033 0.0155
         vertex 0.0436251 -0.0620033 0.0155
         vertex 0.0446947 -0.065661 0.0155
      endloop
   endfacet
   facet normal 0 -6.93889e-16 1
      outer loop
         vertex 0.0436251 -0.0620033 0.0155
         vertex 0.0436251 -0.0652204 0.0155
         vertex 0.0446947 -0.065661 0.0155
      endloop
   endfacet
   facet normal 0 -6.93889e-16 1
      outer loop
         vertex 0.0446947 -0.065661 0.0155
         vertex 0.0497003 -0.0668627 0.0155
         vertex 0.0510755 -0.0620033 0.0155
      endloop
   endfacet
   facet normal 0 -6.93889e-16 1
      outer loop
         vertex 0.0497003 -0.0668627 0.0155
         vertex 0.0505322 -0.0672006 0.0155
         vertex 0.0510755 -0.0620033 0.0155
      endloop
   endfacet
   facet normal 0 -6.93889e-16 1
      outer loop
         vertex 0.0533776 -0.0620033 0.0155
         vertex 0.0510755 -0.0620033 0.0155
         vertex 0.0510755 -0.0676768 0.0155
      endloop
   endfacet
   facet normal 0 -6.93889e-16 1
      outer loop
         vertex 0.0510755 -0.0676768 0.0155
         vertex 0.0513495 -0.0679169 0.0155
         vertex 0.0533776 -0.0620033 0.0155
      endloop
   endfacet
   facet normal 0 -6.93889e-16 1
      outer loop
         vertex 0.0533776 -0.080678 0.0155
         vertex 0.0533776 -0.0679169 0.0155
         vertex 0.052 -0.0697798 0.0155
      endloop
   endfacet
   facet normal 0 -6.93889e-16 1
      outer loop
         vertex 0.0533776 -0.0679169 0.0155
         vertex 0.0518656 -0.0688921 0.0155
         vertex 0.052 -0.0697798 0.0155
      endloop
   endfacet
   facet normal 0 -6.93889e-16 1
      outer loop
         vertex 0.0533776 -0.0679169 0.0155
         vertex 0.0513495 -0.0679169 0.0155
         vertex 0.051356 -0.0679225 0.0155
      endloop
   endfacet
   facet normal 0 -6.93889e-16 1
      outer loop
         vertex 0.051356 -0.0679225 0.0155
         vertex 0.0518656 -0.0688921 0.0155
         vertex 0.0533776 -0.0679169 0.0155
      endloop
   endfacet
   facet normal 0 -6.93889e-16 1
      outer loop
         vertex 0.052 -0.080678 0.0155
         vertex 0.052 -0.085 0.0155
         vertex 0.0533776 -0.085 0.0155
      endloop
   endfacet
   facet normal 0 -6.93889e-16 1
      outer loop
         vertex 0.0560717 -0.080678 0.0155
         vertex 0.0560717 -0.085 0.0155
         vertex 0.0574288 -0.085 0.0155
      endloop
   endfacet
   facet normal 0 -6.93889e-16 1
      outer loop
         vertex 0.0560717 -0.075739 0.0155
         vertex 0.0560717 -0.080678 0.0155
         vertex 0.0598164 -0.080678 0.0155
      endloop
   endfacet
   facet normal 0 -6.93889e-16 1
      outer loop
         vertex 0.0602158 -0.0679169 0.0155
         vertex 0.0562369 -0.0744202 0.0155
         vertex 0.0563435 -0.0749559 0.0155
      endloop
   endfacet
   facet normal 0 -6.93889e-16 1
      outer loop
         vertex 0.0602158 -0.0799549 0.0155
         vertex 0.0562369 -0.0754917 0.0155
         vertex 0.0560717 -0.075739 0.0155
      endloop
   endfacet
   facet normal 0 -6.93889e-16 1
      outer loop
         vertex 0.0563435 -0.0749559 0.0155
         vertex 0.0602158 -0.0799549 0.0155
         vertex 0.0602158 -0.0679169 0.0155
      endloop
   endfacet
   facet normal 0 -6.93889e-16 1
      outer loop
         vertex 0.0563435 -0.0749559 0.0155
         vertex 0.0562369 -0.0754917 0.0155
         vertex 0.0602158 -0.0799549 0.0155
      endloop
   endfacet
   facet normal 0 -6.93889e-16 1
      outer loop
         vertex 0.0602158 -0.0679169 0.0155
         vertex 0.0560717 -0.0679169 0.0155
         vertex 0.0560717 -0.0741729 0.0155
      endloop
   endfacet
   facet normal 0 -6.93889e-16 1
      outer loop
         vertex 0.0560717 -0.0741729 0.0155
         vertex 0.0562369 -0.0744202 0.0155
         vertex 0.0602158 -0.0679169 0.0155
      endloop
   endfacet
   facet normal 0 -6.93889e-16 1
      outer loop
         vertex 0.0602158 -0.0679169 0.0155
         vertex 0.0602158 -0.0799549 0.0155
         vertex 0.0646501 -0.0719282 0.0155
      endloop
   endfacet
   facet normal 0 -6.93889e-16 1
      outer loop
         vertex 0.0646501 -0.0620033 0.0155
         vertex 0.0646501 -0.0679169 0.0155
         vertex 0.066866 -0.0679169 0.0155
      endloop
   endfacet
   facet normal 0 -6.93889e-16 1
      outer loop
         vertex 0.066866 -0.0679169 0.0155
         vertex 0.0683444 -0.0652408 0.0155
         vertex 0.0646501 -0.0620033 0.0155
      endloop
   endfacet
   facet normal 0 -6.93889e-16 1
      outer loop
         vertex 0.0646501 -0.0594257 0.0155
         vertex 0.0646501 -0.0620033 0.0155
         vertex 0.0691217 -0.0620033 0.0155
      endloop
   endfacet
   facet normal 0 -6.93889e-16 1
      outer loop
         vertex 0.0646501 -0.0594257 0.0155
         vertex 0.0697405 -0.0594257 0.0155
         vertex 0.0661753 -0.0593489 0.0155
      endloop
   endfacet
   facet normal 0 -6.93889e-16 1
      outer loop
         vertex 0.0661753 -0.0593489 0.0155
         vertex 0.0653955 -0.0593182 0.0155
         vertex 0.0646501 -0.0594257 0.0155
      endloop
   endfacet
   facet normal 0 -6.93889e-16 1
      outer loop
         vertex 0.0697405 -0.0594257 0.0155
         vertex 0.0669074 -0.0590788 0.0155
         vertex 0.0661753 -0.0593489 0.0155
      endloop
   endfacet
   facet normal 0 -6.93889e-16 1
      outer loop
         vertex 0.0707273 -0.0553153 0.0155
         vertex 0.0684134 -0.0553153 0.0155
         vertex 0.0678072 -0.0578404 0.0155
      endloop
   endfacet
   facet normal 0 -6.93889e-16 1
      outer loop
         vertex 0.0697405 -0.0594257 0.0155
         vertex 0.0674805 -0.0585491 0.0155
         vertex 0.0669074 -0.0590788 0.0155
      endloop
   endfacet
   facet normal 0 -6.93889e-16 1
      outer loop
         vertex 0.0678072 -0.0578404 0.0155
         vertex 0.0697405 -0.0594257 0.0155
         vertex 0.0707273 -0.0553153 0.0155
      endloop
   endfacet
   facet normal 0 -6.93889e-16 1
      outer loop
         vertex 0.0678072 -0.0578404 0.0155
         vertex 0.0674805 -0.0585491 0.0155
         vertex 0.0697405 -0.0594257 0.0155
      endloop
   endfacet
   facet normal 0 -6.93889e-16 1
      outer loop
         vertex 0.0707273 -0.0553153 0.0155
         vertex 0.0723869 -0.0484027 0.0155
         vertex 0.0700729 -0.0484027 0.0155
      endloop
   endfacet
   facet normal 0 -6.93889e-16 1
      outer loop
         vertex 0.0723869 -0.0484027 0.0155
         vertex 0.0727472 -0.0469017 0.0155
         vertex 0.0704333 -0.0469017 0.0155
      endloop
   endfacet
   facet normal 0 -6.93889e-16 1
      outer loop
         vertex 0.0715981 -0.04205 0.0155
         vertex 0.0704333 -0.0469017 0.0155
         vertex 0.0727472 -0.0469017 0.0155
      endloop
   endfacet
   facet normal 0 -6.93889e-16 1
      outer loop
         vertex 0.0768613 -0.0238648 0.0155
         vertex 0.0646501 -0.0238648 0.0155
         vertex 0.0692001 -0.0238655 0.0155
      endloop
   endfacet
   facet normal 0 -6.93889e-16 1
      outer loop
         vertex 0.073912 -0.04205 0.0155
         vertex 0.0769251 -0.0294997 0.0155
         vertex 0.0731764 -0.0354759 0.0155
      endloop
   endfacet
   facet normal 0 -6.93889e-16 1
      outer loop
         vertex 0.0692001 -0.0238655 0.0155
         vertex 0.0697359 -0.0239721 0.0155
         vertex 0.0768613 -0.0238648 0.0155
      endloop
   endfacet
   facet normal 0 -6.93889e-16 1
      outer loop
         vertex 0.0646501 -0.0238648 0.0155
         vertex 0.0682102 -0.0242756 0.0155
         vertex 0.0686643 -0.0239721 0.0155
      endloop
   endfacet
   facet normal 0 -6.93889e-16 1
      outer loop
         vertex 0.0769251 -0.0294997 0.0155
         vertex 0.073207 -0.0346961 0.0155
         vertex 0.0731764 -0.0354759 0.0155
      endloop
   endfacet
   facet normal 0 -6.93889e-16 1
      outer loop
         vertex 0.0697359 -0.0265589 0.0155
         vertex 0.0692001 -0.0266655 0.0155
         vertex 0.0716986 -0.0330642 0.0155
      endloop
   endfacet
   facet normal 0 -6.93889e-16 1
      outer loop
         vertex 0.0724072 -0.033391 0.0155
         vertex 0.0769251 -0.0294997 0.0155
         vertex 0.0701901 -0.0262555 0.0155
      endloop
   endfacet
   facet normal 0 -6.93889e-16 1
      outer loop
         vertex 0.0686643 -0.0239721 0.0155
         vertex 0.0692001 -0.0238655 0.0155
         vertex 0.0646501 -0.0238648 0.0155
      endloop
   endfacet
   facet normal 0 -6.93889e-16 1
      outer loop
         vertex 0.0769251 -0.0294997 0.0155
         vertex 0.0729369 -0.033964 0.0155
         vertex 0.073207 -0.0346961 0.0155
      endloop
   endfacet
   facet normal 0 -6.93889e-16 1
      outer loop
         vertex 0.0701901 -0.0262555 0.0155
         vertex 0.0697359 -0.0265589 0.0155
         vertex 0.0724072 -0.033391 0.0155
      endloop
   endfacet
   facet normal 0 -6.93889e-16 1
      outer loop
         vertex 0.0697359 -0.0239721 0.0155
         vertex 0.0701901 -0.0242756 0.0155
         vertex 0.0768613 -0.0238648 0.0155
      endloop
   endfacet
   facet normal 0 -6.93889e-16 1
      outer loop
         vertex 0.0646501 -0.0238648 0.0155
         vertex 0.0646501 -0.0313721 0.0155
         vertex 0.0679067 -0.0258013 0.0155
      endloop
   endfacet
   facet normal 0 -6.93889e-16 1
      outer loop
         vertex 0.0646501 -0.0313721 0.0155
         vertex 0.0716986 -0.0330642 0.0155
         vertex 0.0692001 -0.0266655 0.0155
      endloop
   endfacet
   facet normal 0 -6.93889e-16 1
      outer loop
         vertex 0.0769251 -0.0294997 0.0155
         vertex 0.0724072 -0.033391 0.0155
         vertex 0.0729369 -0.033964 0.0155
      endloop
   endfacet
   facet normal 0 -6.93889e-16 1
      outer loop
         vertex 0.0769251 -0.0294997 0.0155
         vertex 0.0704935 -0.0258013 0.0155
         vertex 0.0701901 -0.0262555 0.0155
      endloop
   endfacet
   facet normal 0 -6.93889e-16 1
      outer loop
         vertex 0.0772578 -0.0253051 0.0155
         vertex 0.0706001 -0.0252655 0.0155
         vertex 0.0704935 -0.0258013 0.0155
      endloop
   endfacet
   facet normal 0 -6.93889e-16 1
      outer loop
         vertex 0.0768613 -0.0238648 0.0155
         vertex 0.0704935 -0.0247298 0.0155
         vertex 0.0706001 -0.0252655 0.0155
      endloop
   endfacet
   facet normal 0 -6.93889e-16 1
      outer loop
         vertex 0.0646501 -0.0238648 0.0155
         vertex 0.0679067 -0.0247298 0.0155
         vertex 0.0682102 -0.0242756 0.0155
      endloop
   endfacet
   facet normal 0 -6.93889e-16 1
      outer loop
         vertex 0.0679067 -0.0258013 0.0155
         vertex 0.0678001 -0.0252655 0.0155
         vertex 0.0646501 -0.0238648 0.0155
      endloop
   endfacet
   facet normal 0 -6.93889e-16 1
      outer loop
         vertex 0.0692001 -0.0266655 0.0155
         vertex 0.0686643 -0.0265589 0.0155
         vertex 0.0646501 -0.0313721 0.0155
      endloop
   endfacet
   facet normal 0 -6.93889e-16 1
      outer loop
         vertex 0.0716986 -0.0330642 0.0155
         vertex 0.0724072 -0.033391 0.0155
         vertex 0.0697359 -0.0265589 0.0155
      endloop
   endfacet
   facet normal 0 -6.93889e-16 1
      outer loop
         vertex 0.0706001 -0.0252655 0.0155
         vertex 0.0772578 -0.0253051 0.0155
         vertex 0.0768613 -0.0238648 0.0155
      endloop
   endfacet
   facet normal 0 -6.93889e-16 1
      outer loop
         vertex 0.0678001 -0.0252655 0.0155
         vertex 0.0679067 -0.0247298 0.0155
         vertex 0.0646501 -0.0238648 0.0155
      endloop
   endfacet
   facet normal 0 -6.93889e-16 1
      outer loop
         vertex 0.0686643 -0.0265589 0.0155
         vertex 0.0682102 -0.0262555 0.0155
         vertex 0.0646501 -0.0313721 0.0155
      endloop
   endfacet
   facet normal 0 -6.93889e-16 1
      outer loop
         vertex 0.0704935 -0.0258013 0.0155
         vertex 0.0769251 -0.0294997 0.0155
         vertex 0.0772578 -0.0253051 0.0155
      endloop
   endfacet
   facet normal 0 -6.93889e-16 1
      outer loop
         vertex 0.0682102 -0.0262555 0.0155
         vertex 0.0679067 -0.0258013 0.0155
         vertex 0.0646501 -0.0313721 0.0155
      endloop
   endfacet
   facet normal 0 -6.93889e-16 1
      outer loop
         vertex 0.0701901 -0.0242756 0.0155
         vertex 0.0704935 -0.0247298 0.0155
         vertex 0.0768613 -0.0238648 0.0155
      endloop
   endfacet
   facet normal 0 -6.93889e-16 1
      outer loop
         vertex 0.0646501 -0.0238648 0.0155
         vertex 0.0768613 -0.0238648 0.0155
         vertex 0.0765337 -0.0226745 0.0155
      endloop
   endfacet
   facet normal 0 -6.93889e-16 1
      outer loop
         vertex 0.0646501 -0.0226745 0.0155
         vertex 0.0765337 -0.0226745 0.0155
         vertex 0.0760208 -0.0208112 0.0155
      endloop
   endfacet
   facet normal 0 -6.93889e-16 1
      outer loop
         vertex 0.0646501 -0.0208112 0.0155
         vertex 0.0760208 -0.0208112 0.0155
         vertex 0.0663394 -0.0202918 0.0155
      endloop
   endfacet
   facet normal 0 -6.93889e-16 1
      outer loop
         vertex 0.0682336 -0.0183976 0.0155
         vertex 0.0758957 -0.0203567 0.0155
         vertex 0.0732312 -0.0168597 0.0155
      endloop
   endfacet
   facet normal 0 -6.93889e-16 1
      outer loop
         vertex 0.0760208 -0.0208112 0.0155
         vertex 0.0674749 -0.0195331 0.0155
         vertex 0.0663394 -0.0202918 0.0155
      endloop
   endfacet
   facet normal 0 -6.93889e-16 1
      outer loop
         vertex 0.0682336 -0.0183976 0.0155
         vertex 0.0760208 -0.0208112 0.0155
         vertex 0.0758957 -0.0203567 0.0155
      endloop
   endfacet
   facet normal 0 -6.93889e-16 1
      outer loop
         vertex 0.0663394 -0.0202918 0.0155
         vertex 0.065 -0.0205583 0.0155
         vertex 0.0646501 -0.0208112 0.0155
      endloop
   endfacet
   facet normal 0 -6.93889e-16 1
      outer loop
         vertex 0.0732312 -0.0168597 0.0155
         vertex 0.0685 -0.0170583 0.0155
         vertex 0.0682336 -0.0183976 0.0155
      endloop
   endfacet
   facet normal 0 -6.93889e-16 1
      outer loop
         vertex 0.0682336 -0.0183976 0.0155
         vertex 0.0674749 -0.0195331 0.0155
         vertex 0.0760208 -0.0208112 0.0155
      endloop
   endfacet
   facet normal 0 -6.93889e-16 1
      outer loop
         vertex 0.0732312 -0.0168597 0.0155
         vertex 0.0684605 -0.0168597 0.0155
         vertex 0.0685 -0.0170583 0.0155
      endloop
   endfacet
   facet normal 0 -6.93889e-16 1
      outer loop
         vertex 0.0682336 -0.0157189 0.0155
         vertex 0.0692471 -0.0139967 0.0155
         vertex 0.0689447 -0.0138901 0.0155
      endloop
   endfacet
   facet normal 0 -6.93889e-16 1
      outer loop
         vertex 0.0684605 -0.0168597 0.0155
         vertex 0.0732312 -0.0168597 0.0155
         vertex 0.0727851 -0.0162743 0.0155
      endloop
   endfacet
   facet normal 0 -6.93889e-16 1
      outer loop
         vertex 0.0682336 -0.0157189 0.0155
         vertex 0.0727851 -0.0162743 0.0155
         vertex 0.0692471 -0.0139967 0.0155
      endloop
   endfacet
   facet normal 0 -6.93889e-16 1
      outer loop
         vertex 0.0689447 -0.0138901 0.0155
         vertex 0.0674749 -0.0145834 0.0155
         vertex 0.0682336 -0.0157189 0.0155
      endloop
   endfacet
   facet normal 0 -6.93889e-16 1
      outer loop
         vertex 0.0689447 -0.0138901 0.0155
         vertex 0.0664373 -0.0138901 0.0155
         vertex 0.0674749 -0.0145834 0.0155
      endloop
   endfacet
   facet normal 0 -6.93889e-16 1
      outer loop
         vertex 0.0672892 -0.0133065 0.0155
         vertex 0.0663394 -0.0138247 0.0155
         vertex 0.0664373 -0.0138901 0.0155
      endloop
   endfacet
   facet normal 0 -6.93889e-16 1
      outer loop
         vertex 0.0672892 -0.0133065 0.0155
         vertex 0.0646501 -0.0133065 0.0155
         vertex 0.065 -0.0135583 0.0155
      endloop
   endfacet
   facet normal 0 -6.93889e-16 1
      outer loop
         vertex 0.065 -0.0135583 0.0155
         vertex 0.0663394 -0.0138247 0.0155
         vertex 0.0672892 -0.0133065 0.0155
      endloop
   endfacet
   facet normal 0 -6.93889e-16 1
      outer loop
         vertex 0.0646501 -0.0133065 0.0155
         vertex 0.0646501 -0.0136279 0.0155
         vertex 0.065 -0.0135583 0.0155
      endloop
   endfacet
   facet normal 0 -6.93889e-16 1
      outer loop
         vertex 0.0646501 -0.0133065 0.0155
         vertex 0.0646501 -0.0123761 0.0155
         vertex 0.0624697 -0.0116074 0.0155
      endloop
   endfacet
   facet normal 0 -6.93889e-16 1
      outer loop
         vertex 0.0624697 -0.0116074 0.0155
         vertex 0.0602158 -0.0133065 0.0155
         vertex 0.0646501 -0.0133065 0.0155
      endloop
   endfacet
   facet normal 0 -6.93889e-16 1
      outer loop
         vertex 0.0602158 -0.0116074 0.0155
         vertex 0.0602158 -0.0108128 0.0155
         vertex 0.0576272 -0.00990021 0.0155
      endloop
   endfacet
   facet normal 0 -6.93889e-16 1
      outer loop
         vertex 0.0576272 -0.00990021 0.0155
         vertex 0.0560717 -0.0116074 0.0155
         vertex 0.0602158 -0.0116074 0.0155
      endloop
   endfacet
   facet normal 0 -6.93889e-16 1
      outer loop
         vertex 0.0560717 -0.00990021 0.0155
         vertex 0.0560717 -0.00935183 0.0155
         vertex 0.0549967 -0.00897286 0.0155
      endloop
   endfacet
   facet normal 0 -6.93889e-16 1
      outer loop
         vertex 0.0549967 -0.00897286 0.0155
         vertex 0.0533776 -0.00990021 0.0155
         vertex 0.0560717 -0.00990021 0.0155
      endloop
   endfacet
   facet normal 0 -6.93889e-16 1
      outer loop
         vertex 0.0510755 -0.00897286 0.0155
         vertex 0.0533776 -0.00897286 0.0155
         vertex 0.0533776 -0.00840206 0.0155
      endloop
   endfacet
   facet normal 0 -6.93889e-16 1
      outer loop
         vertex 0.0436251 -0.00897286 0.0155
         vertex 0.0510755 -0.00897286 0.0155
         vertex 0.0510755 -0.0075905 0.0155
      endloop
   endfacet
   facet normal 0 -6.93889e-16 1
      outer loop
         vertex 0.0413784 -0.00897286 0.0155
         vertex 0.0436251 -0.00897286 0.0155
         vertex 0.0436251 -0.00496392 0.0155
      endloop
   endfacet
   facet normal 0 -6.93889e-16 1
      outer loop
         vertex 0.0436251 -0.00496392 0.0155
         vertex 0.042451 -0.00455 0.0155
         vertex 0.0413784 -0.00897286 0.0155
      endloop
   endfacet
   facet normal 0 -6.93889e-16 1
      outer loop
         vertex 0.0364677 -0.00455 0.0155
         vertex 0.0413784 -0.00455 0.0155
         vertex 0.0413784 -0.00417187 0.0155
      endloop
   endfacet
   facet normal 0 -6.93889e-16 1
      outer loop
         vertex 0.0364677 -0.00244065 0.0155
         vertex 0.0352749 -0.00357085 0.0155
         vertex 0.0359291 -0.00455 0.0155
      endloop
   endfacet
   facet normal 0 -6.93889e-16 1
      outer loop
         vertex 0.0352749 -0.00357085 0.0155
         vertex 0.0364677 -0.00244065 0.0155
         vertex 0.0355682 -0.00212354 0.0155
      endloop
   endfacet
   facet normal 0 -6.93889e-16 1
      outer loop
         vertex 0.0355682 -0.00212354 0.0155
         vertex 0.0257248 -0.000272779 0.0155
         vertex 0.0328 -0.00254572 0.0155
      endloop
   endfacet
   facet normal 0 -6.93889e-16 1
      outer loop
         vertex 0.0355682 -0.00212354 0.0155
         vertex 0.0341394 -0.00281214 0.0155
         vertex 0.0352749 -0.00357085 0.0155
      endloop
   endfacet
   facet normal 0 -6.93889e-16 1
      outer loop
         vertex 0.0257248 -0.000272779 0.0155
         vertex 0.0314606 -0.00281214 0.0155
         vertex 0.0328 -0.00254572 0.0155
      endloop
   endfacet
   facet normal 0 -6.93889e-16 1
      outer loop
         vertex 0.0257248 -0.000272779 0.0155
         vertex 0.0257248 -0.00455 0.0155
         vertex 0.0296709 -0.00455 0.0155
      endloop
   endfacet
   facet normal 0 -6.93889e-16 1
      outer loop
         vertex 0.0328 -0.00254572 0.0155
         vertex 0.0341394 -0.00281214 0.0155
         vertex 0.0355682 -0.00212354 0.0155
      endloop
   endfacet
   facet normal 0 -6.93889e-16 1
      outer loop
         vertex 0.0296709 -0.00455 0.0155
         vertex 0.0303251 -0.00357085 0.0155
         vertex 0.0257248 -0.000272779 0.0155
      endloop
   endfacet
   facet normal 0 -6.93889e-16 1
      outer loop
         vertex 0.0303251 -0.00357085 0.0155
         vertex 0.0314606 -0.00281214 0.0155
         vertex 0.0257248 -0.000272779 0.0155
      endloop
   endfacet
   facet normal 0 -6.93889e-16 1
      outer loop
         vertex 0.0211151 -0.00455 0.0155
         vertex 0.0257248 -0.00455 0.0155
         vertex 0.0257248 -0.000272779 0.0155
      endloop
   endfacet
   facet normal 0 -6.93889e-16 1
      outer loop
         vertex 0.0156293 -0.00455 0.0155
         vertex 0.0211151 -0.00455 0.0155
         vertex 0.0211151 0.000593949 0.0155
      endloop
   endfacet
   facet normal 0 -6.93889e-16 1
      outer loop
         vertex 0.0134895 -0.00455 0.0155
         vertex 0.0156293 -0.00455 0.0155
         vertex 0.0156293 0.0016254 0.0155
      endloop
   endfacet
   facet normal 0 -6.93889e-16 1
      outer loop
         vertex 0.00405 -0.00455 0.0155
         vertex 0.0134895 -0.00455 0.0155
         vertex 0.0134895 0.00202772 0.0155
      endloop
   endfacet
   facet normal 0 -6.93889e-16 1
      outer loop
         vertex 0.00405 -0.00455 0.0155
         vertex 0.00133939 -0.00323358 0.0155
         vertex 4.28626e-19 -0.0035 0.0155
      endloop
   endfacet
   facet normal 0 -6.93889e-16 1
      outer loop
         vertex -0.00245 -0.00455 0.0155
         vertex 4.28626e-19 -0.0035 0.0155
         vertex -0.00133939 -0.00323358 0.0155
      endloop
   endfacet
   facet normal 0 -6.93889e-16 1
      outer loop
         vertex 0.00405 -0.00455 0.0155
         vertex 0.00247487 -0.00247487 0.0155
         vertex 0.00133939 -0.00323358 0.0155
      endloop
   endfacet
   facet normal 0 -6.93889e-16 1
      outer loop
         vertex 4.28626e-19 -0.0035 0.0155
         vertex -0.00245 -0.00455 0.0155
         vertex 0.00405 -0.00455 0.0155
      endloop
   endfacet
   facet normal 0 -6.93889e-16 1
      outer loop
         vertex 0.00405 -0.00455 0.0155
         vertex 0.00323358 -0.00133939 0.0155
         vertex 0.00247487 -0.00247487 0.0155
      endloop
   endfacet
   facet normal 0 -6.93889e-16 1
      outer loop
         vertex 0.00405 -0.00455 0.0155
         vertex 0.00405 0.00380254 0.0155
         vertex 0.0035 -1.02127e-17 0.0155
      endloop
   endfacet
   facet normal 0 -6.93889e-16 1
      outer loop
         vertex 0.000472727 0.00447514 0.0155
         vertex 0 0.0035 0.0155
         vertex 0.00133939 0.00323358 0.0155
      endloop
   endfacet
   facet normal 0 -6.93889e-16 1
      outer loop
         vertex -0.00245 0.00437719 0.0155
         vertex -0.00133939 0.00323358 0.0155
         vertex 0 0.0035 0.0155
      endloop
   endfacet
   facet normal 0 -6.93889e-16 1
      outer loop
         vertex 0.0035 -1.02127e-17 0.0155
         vertex 0.00323358 -0.00133939 0.0155
         vertex 0.00405 -0.00455 0.0155
      endloop
   endfacet
   facet normal 0 -6.93889e-16 1
      outer loop
         vertex 0.00405 0.00380254 0.0155
         vertex 0.00247487 0.00247487 0.0155
         vertex 0.00323358 0.00133939 0.0155
      endloop
   endfacet
   facet normal 0 -6.93889e-16 1
      outer loop
         vertex 0.00133939 0.00323358 0.0155
         vertex 0.00405 0.00380254 0.0155
         vertex 0.000472727 0.00447514 0.0155
      endloop
   endfacet
   facet normal 0 -6.93889e-16 1
      outer loop
         vertex -0.00245 0.00437719 0.0155
         vertex -0.00245 0.00249149 0.0155
         vertex -0.00133939 0.00323358 0.0155
      endloop
   endfacet
   facet normal 0 -6.93889e-16 1
      outer loop
         vertex 0.00323358 0.00133939 0.0155
         vertex 0.0035 -1.02127e-17 0.0155
         vertex 0.00405 0.00380254 0.0155
      endloop
   endfacet
   facet normal 0 -6.93889e-16 1
      outer loop
         vertex 0 0.0035 0.0155
         vertex 0.000472727 0.00447514 0.0155
         vertex -0.00245 0.00437719 0.0155
      endloop
   endfacet
   facet normal 0 -6.93889e-16 1
      outer loop
         vertex 0.00133939 0.00323358 0.0155
         vertex 0.00247487 0.00247487 0.0155
         vertex 0.00405 0.00380254 0.0155
      endloop
   endfacet
   facet normal 0 -6.93889e-16 1
      outer loop
         vertex -0.00336786 0.00434643 0.0155
         vertex -0.00247487 0.00247487 0.0155
         vertex -0.00245 0.00249149 0.0155
      endloop
   endfacet
   facet normal 0 -6.93889e-16 1
      outer loop
         vertex -0.00245 0.00249149 0.0155
         vertex -0.00245 0.00437719 0.0155
         vertex -0.00336786 0.00434643 0.0155
      endloop
   endfacet
   facet normal 0 -6.93889e-16 1
      outer loop
         vertex -0.00405 -0.00455 0.0155
         vertex -0.00323358 -0.00133939 0.0155
         vertex -0.0035 -1.02928e-17 0.0155
      endloop
   endfacet
   facet normal 0 -6.93889e-16 1
      outer loop
         vertex -0.00405 0.0040888 0.0155
         vertex -0.00323358 0.00133939 0.0155
         vertex -0.00247487 0.00247487 0.0155
      endloop
   endfacet
   facet normal 0 -6.93889e-16 1
      outer loop
         vertex -0.0035 -1.02928e-17 0.0155
         vertex -0.00405 0.0040888 0.0155
         vertex -0.00405 -0.00455 0.0155
      endloop
   endfacet
   facet normal 0 -6.93889e-16 1
      outer loop
         vertex -0.00405 -0.00455 0.0155
         vertex -0.00245 -0.00455 0.0155
         vertex -0.00245 -0.00249149 0.0155
      endloop
   endfacet
   facet normal 0 -6.93889e-16 1
      outer loop
         vertex -0.0035 -1.02928e-17 0.0155
         vertex -0.00323358 0.00133939 0.0155
         vertex -0.00405 0.0040888 0.0155
      endloop
   endfacet
   facet normal 0 -6.93889e-16 1
      outer loop
         vertex -0.00245 -0.00249149 0.0155
         vertex -0.00247487 -0.00247487 0.0155
         vertex -0.00405 -0.00455 0.0155
      endloop
   endfacet
   facet normal 0 -6.93889e-16 1
      outer loop
         vertex -0.00247487 -0.00247487 0.0155
         vertex -0.00323358 -0.00133939 0.0155
         vertex -0.00405 -0.00455 0.0155
      endloop
   endfacet
   facet normal 0 -6.93889e-16 1
      outer loop
         vertex -0.00405 -0.00455 0.0155
         vertex -0.00405 0.0040888 0.0155
         vertex -0.00800941 0.0025934 0.0155
      endloop
   endfacet
   facet normal 0 -6.93889e-16 1
      outer loop
         vertex -0.00740404 -0.00455 0.0155
         vertex -0.00800941 0.0025934 0.0155
         vertex -0.00982904 0.000962534 0.0155
      endloop
   endfacet
   facet normal 0 -6.93889e-16 1
      outer loop
         vertex -0.00982904 -0.00455 0.0155
         vertex -0.00982904 0.000962534 0.0155
         vertex -0.0117042 -0.000718062 0.0155
      endloop
   endfacet
   facet normal 0 -6.93889e-16 1
      outer loop
         vertex -0.00982904 -0.00897286 0.0155
         vertex -0.00982904 -0.00455 0.0155
         vertex -0.0136527 -0.00455 0.0155
      endloop
   endfacet
   facet normal 0 -6.93889e-16 1
      outer loop
         vertex -0.0136527 -0.00455 0.0155
         vertex -0.0139531 -0.00514066 0.0155
         vertex -0.00982904 -0.00897286 0.0155
      endloop
   endfacet
   facet normal 0 -6.93889e-16 1
      outer loop
         vertex -0.0139531 -0.00514066 0.0155
         vertex -0.0145 -0.00894429 0.0155
         vertex -0.00982904 -0.00897286 0.0155
      endloop
   endfacet
   facet normal 0 -6.93889e-16 1
      outer loop
         vertex -0.0145 -0.00894429 0.0155
         vertex -0.0145 -0.00897286 0.0155
         vertex -0.00982904 -0.00897286 0.0155
      endloop
   endfacet
   facet normal 0 -6.93889e-16 1
      outer loop
         vertex -0.0117042 -0.000718062 0.0155
         vertex -0.0136527 -0.00455 0.0155
         vertex -0.00982904 -0.00455 0.0155
      endloop
   endfacet
   facet normal 0 -6.93889e-16 1
      outer loop
         vertex -0.00982904 0.000962534 0.0155
         vertex -0.00982904 -0.00455 0.0155
         vertex -0.00740404 -0.00455 0.0155
      endloop
   endfacet
   facet normal 0 -6.93889e-16 1
      outer loop
         vertex -0.00800941 0.0025934 0.0155
         vertex -0.00740404 -0.00455 0.0155
         vertex -0.00405 -0.00455 0.0155
      endloop
   endfacet
   facet normal 0 -6.93889e-16 1
      outer loop
         vertex -0.00336786 0.00434643 0.0155
         vertex -0.00405 0.0040888 0.0155
         vertex -0.00247487 0.00247487 0.0155
      endloop
   endfacet
   facet normal 0 -6.93889e-16 1
      outer loop
         vertex -0.00133939 -0.00323358 0.0155
         vertex -0.00245 -0.00249149 0.0155
         vertex -0.00245 -0.00455 0.0155
      endloop
   endfacet
   facet normal 0 -6.93889e-16 1
      outer loop
         vertex 0.0134895 0.00202772 0.0155
         vertex 0.00405 0.00380254 0.0155
         vertex 0.00405 -0.00455 0.0155
      endloop
   endfacet
   facet normal 0 -6.93889e-16 1
      outer loop
         vertex 0.0156293 0.0016254 0.0155
         vertex 0.0134895 0.00202772 0.0155
         vertex 0.0134895 -0.00455 0.0155
      endloop
   endfacet
   facet normal 0 -6.93889e-16 1
      outer loop
         vertex 0.0211151 0.000593949 0.0155
         vertex 0.0156293 0.0016254 0.0155
         vertex 0.0156293 -0.00455 0.0155
      endloop
   endfacet
   facet normal 0 -6.93889e-16 1
      outer loop
         vertex 0.0257248 -0.000272779 0.0155
         vertex 0.0211151 0.000593949 0.0155
         vertex 0.0211151 -0.00455 0.0155
      endloop
   endfacet
   facet normal 0 -6.93889e-16 1
      outer loop
         vertex 0.0359291 -0.00455 0.0155
         vertex 0.0364677 -0.00455 0.0155
         vertex 0.0364677 -0.00244065 0.0155
      endloop
   endfacet
   facet normal 0 -6.93889e-16 1
      outer loop
         vertex 0.0413784 -0.00417187 0.0155
         vertex 0.0364677 -0.00244065 0.0155
         vertex 0.0364677 -0.00455 0.0155
      endloop
   endfacet
   facet normal 0 -6.93889e-16 1
      outer loop
         vertex 0.0413784 -0.00417187 0.0155
         vertex 0.0413784 -0.00455 0.0155
         vertex 0.042451 -0.00455 0.0155
      endloop
   endfacet
   facet normal 0 -6.93889e-16 1
      outer loop
         vertex 0.042451 -0.00455 0.0155
         vertex 0.0413784 -0.00455 0.0155
         vertex 0.0413784 -0.00897286 0.0155
      endloop
   endfacet
   facet normal 0 -6.93889e-16 1
      outer loop
         vertex 0.0510755 -0.0075905 0.0155
         vertex 0.0436251 -0.00496392 0.0155
         vertex 0.0436251 -0.00897286 0.0155
      endloop
   endfacet
   facet normal 0 -6.93889e-16 1
      outer loop
         vertex 0.0533776 -0.00840206 0.0155
         vertex 0.0510755 -0.0075905 0.0155
         vertex 0.0510755 -0.00897286 0.0155
      endloop
   endfacet
   facet normal 0 -6.93889e-16 1
      outer loop
         vertex 0.0533776 -0.00840206 0.0155
         vertex 0.0533776 -0.00897286 0.0155
         vertex 0.0549967 -0.00897286 0.0155
      endloop
   endfacet
   facet normal 0 -6.93889e-16 1
      outer loop
         vertex 0.0549967 -0.00897286 0.0155
         vertex 0.0533776 -0.00897286 0.0155
         vertex 0.0533776 -0.00990021 0.0155
      endloop
   endfacet
   facet normal 0 -6.93889e-16 1
      outer loop
         vertex 0.0560717 -0.00935183 0.0155
         vertex 0.0560717 -0.00990021 0.0155
         vertex 0.0576272 -0.00990021 0.0155
      endloop
   endfacet
   facet normal 0 -6.93889e-16 1
      outer loop
         vertex 0.0576272 -0.00990021 0.0155
         vertex 0.0560717 -0.00990021 0.0155
         vertex 0.0560717 -0.0116074 0.0155
      endloop
   endfacet
   facet normal 0 -6.93889e-16 1
      outer loop
         vertex 0.0602158 -0.0108128 0.0155
         vertex 0.0602158 -0.0116074 0.0155
         vertex 0.0624697 -0.0116074 0.0155
      endloop
   endfacet
   facet normal 0 -6.93889e-16 1
      outer loop
         vertex 0.0624697 -0.0116074 0.0155
         vertex 0.0602158 -0.0116074 0.0155
         vertex 0.0602158 -0.0133065 0.0155
      endloop
   endfacet
   facet normal 0 -6.93889e-16 1
      outer loop
         vertex 0.0646501 -0.0123761 0.0155
         vertex 0.0646501 -0.0133065 0.0155
         vertex 0.0672892 -0.0133065 0.0155
      endloop
   endfacet
   facet normal 0 -6.93889e-16 1
      outer loop
         vertex 0.0664373 -0.0138901 0.0155
         vertex 0.0689447 -0.0138901 0.0155
         vertex 0.0672892 -0.0133065 0.0155
      endloop
   endfacet
   facet normal 0 -6.93889e-16 1
      outer loop
         vertex 0.0727851 -0.0162743 0.0155
         vertex 0.0682336 -0.0157189 0.0155
         vertex 0.0684605 -0.0168597 0.0155
      endloop
   endfacet
   facet normal 0 -6.93889e-16 1
      outer loop
         vertex 0.065 -0.0205583 0.0155
         vertex 0.0646501 -0.0204886 0.0155
         vertex 0.0646501 -0.0208112 0.0155
      endloop
   endfacet
   facet normal 0 -6.93889e-16 1
      outer loop
         vertex 0.0760208 -0.0208112 0.0155
         vertex 0.0646501 -0.0208112 0.0155
         vertex 0.0646501 -0.0226745 0.0155
      endloop
   endfacet
   facet normal 0 -6.93889e-16 1
      outer loop
         vertex 0.0765337 -0.0226745 0.0155
         vertex 0.0646501 -0.0226745 0.0155
         vertex 0.0646501 -0.0238648 0.0155
      endloop
   endfacet
   facet normal 0 -6.93889e-16 1
      outer loop
         vertex 0.0731764 -0.0354759 0.0155
         vertex 0.0715981 -0.04205 0.0155
         vertex 0.073912 -0.04205 0.0155
      endloop
   endfacet
   facet normal 0 -6.93889e-16 1
      outer loop
         vertex 0.0727472 -0.0469017 0.0155
         vertex 0.073912 -0.04205 0.0155
         vertex 0.0715981 -0.04205 0.0155
      endloop
   endfacet
   facet normal 0 -6.93889e-16 1
      outer loop
         vertex 0.0704333 -0.0469017 0.0155
         vertex 0.0700729 -0.0484027 0.0155
         vertex 0.0723869 -0.0484027 0.0155
      endloop
   endfacet
   facet normal 0 -6.93889e-16 1
      outer loop
         vertex 0.0700729 -0.0484027 0.0155
         vertex 0.0684134 -0.0553153 0.0155
         vertex 0.0707273 -0.0553153 0.0155
      endloop
   endfacet
   facet normal 0 -6.93889e-16 1
      outer loop
         vertex 0.0653955 -0.0593182 0.0155
         vertex 0.0646501 -0.0591393 0.0155
         vertex 0.0646501 -0.0594257 0.0155
      endloop
   endfacet
   facet normal 0 -6.93889e-16 1
      outer loop
         vertex 0.0691217 -0.0620033 0.0155
         vertex 0.0697405 -0.0594257 0.0155
         vertex 0.0646501 -0.0594257 0.0155
      endloop
   endfacet
   facet normal 0 -6.93889e-16 1
      outer loop
         vertex 0.0683444 -0.0652408 0.0155
         vertex 0.0691217 -0.0620033 0.0155
         vertex 0.0646501 -0.0620033 0.0155
      endloop
   endfacet
   facet normal 0 -6.93889e-16 1
      outer loop
         vertex 0.066866 -0.0679169 0.0155
         vertex 0.0646501 -0.0679169 0.0155
         vertex 0.0646501 -0.0719282 0.0155
      endloop
   endfacet
   facet normal 0 -6.93889e-16 1
      outer loop
         vertex 0.0646501 -0.0719282 0.0155
         vertex 0.0646501 -0.0679169 0.0155
         vertex 0.0602158 -0.0679169 0.0155
      endloop
   endfacet
   facet normal 0 -6.93889e-16 1
      outer loop
         vertex 0.0598164 -0.080678 0.0155
         vertex 0.0602158 -0.0799549 0.0155
         vertex 0.0560717 -0.075739 0.0155
      endloop
   endfacet
   facet normal 0 -6.93889e-16 1
      outer loop
         vertex 0.0574288 -0.085 0.0155
         vertex 0.0598164 -0.080678 0.0155
         vertex 0.0560717 -0.080678 0.0155
      endloop
   endfacet
   facet normal 0 -6.93889e-16 1
      outer loop
         vertex 0.0533776 -0.085 0.0155
         vertex 0.0533776 -0.080678 0.0155
         vertex 0.052 -0.080678 0.0155
      endloop
   endfacet
   facet normal 0 -6.93889e-16 1
      outer loop
         vertex 0.052 -0.0697798 0.0155
         vertex 0.052 -0.080678 0.0155
         vertex 0.0533776 -0.080678 0.0155
      endloop
   endfacet
   facet normal 0 -6.93889e-16 1
      outer loop
         vertex 0.0513495 -0.0679169 0.0155
         vertex 0.0533776 -0.0679169 0.0155
         vertex 0.0533776 -0.0620033 0.0155
      endloop
   endfacet
   facet normal 0 -6.93889e-16 1
      outer loop
         vertex 0.0505322 -0.0672006 0.0155
         vertex 0.0510755 -0.0676768 0.0155
         vertex 0.0510755 -0.0620033 0.0155
      endloop
   endfacet
   facet normal 0 -6.93889e-16 1
      outer loop
         vertex 0.0424092 -0.0647196 0.0155
         vertex 0.0436251 -0.0652204 0.0155
         vertex 0.0436251 -0.0620033 0.0155
      endloop
   endfacet
   facet normal 0 -6.93889e-16 1
      outer loop
         vertex 0.0402707 -0.0628234 0.0155
         vertex 0.0413784 -0.0638056 0.0155
         vertex 0.0413784 -0.0620033 0.0155
      endloop
   endfacet
   facet normal 0 -6.93889e-16 1
      outer loop
         vertex 0.0398113 -0.0620033 0.0155
         vertex 0.0413784 -0.0620033 0.0155
         vertex 0.0413784 -0.0594257 0.0155
      endloop
   endfacet
   facet normal 0 -6.93889e-16 1
      outer loop
         vertex 0.0381148 -0.0594257 0.0155
         vertex 0.0413784 -0.0594257 0.0155
         vertex 0.0413784 -0.0553153 0.0155
      endloop
   endfacet
   facet normal 0 -6.93889e-16 1
      outer loop
         vertex 0.0364677 -0.0587277 0.0155
         vertex 0.0364677 -0.0553153 0.0155
         vertex 0.0257248 -0.0553153 0.0155
      endloop
   endfacet
   facet normal 0 -6.93889e-16 1
      outer loop
         vertex 0.0257248 -0.0587277 0.0155
         vertex 0.0257248 -0.0553153 0.0155
         vertex 0.0211151 -0.0553153 0.0155
      endloop
   endfacet
   facet normal 0 -6.93889e-16 1
      outer loop
         vertex 0.0211151 -0.0587277 0.0155
         vertex 0.0211151 -0.0553153 0.0155
         vertex 0.0156293 -0.0553153 0.0155
      endloop
   endfacet
   facet normal 0 -6.93889e-16 1
      outer loop
         vertex 0.0156293 -0.0587277 0.0155
         vertex 0.0156293 -0.0553153 0.0155
         vertex 0.0134895 -0.0553153 0.0155
      endloop
   endfacet
   facet normal 0 -6.93889e-16 1
      outer loop
         vertex 0.0134895 -0.0587277 0.0155
         vertex 0.0134895 -0.0553153 0.0155
         vertex 0.00405 -0.0553153 0.0155
      endloop
   endfacet
   facet normal 0 -6.93889e-16 1
      outer loop
         vertex 0.001 -0.0587277 0.0155
         vertex 0.00405 -0.0587277 0.0155
         vertex 0.00405 -0.0553153 0.0155
      endloop
   endfacet
   facet normal 0 -6.93889e-16 1
      outer loop
         vertex -0.00182843 -0.0598993 0.0155
         vertex -0.00111961 -0.0594257 0.0155
         vertex -0.00245 -0.0594257 0.0155
      endloop
   endfacet
   facet normal 0 -6.93889e-16 1
      outer loop
         vertex -0.00245 -0.0608296 0.0155
         vertex -0.00245 -0.0594257 0.0155
         vertex -0.00405 -0.0594257 0.0155
      endloop
   endfacet
   facet normal 0 -6.93889e-16 1
      outer loop
         vertex -0.003 -0.0627277 0.0155
         vertex -0.0028559 -0.0620033 0.0155
         vertex -0.00405 -0.0620033 0.0155
      endloop
   endfacet
   facet normal 0 -6.93889e-16 1
      outer loop
         vertex -0.003 -0.080678 0.0155
         vertex -0.003 -0.0679169 0.0155
         vertex -0.00405 -0.0679169 0.0155
      endloop
   endfacet
   facet normal 0 -6.93889e-16 1
      outer loop
         vertex -0.003 -0.085 0.0155
         vertex -0.003 -0.080678 0.0155
         vertex -0.00405 -0.080678 0.0155
      endloop
   endfacet
   facet normal 0 -6.93889e-16 1
      outer loop
         vertex -0.00849318 -0.085 0.0155
         vertex -0.00740404 -0.085 0.0155
         vertex -0.00740404 -0.080678 0.0155
      endloop
   endfacet
   facet normal 0 -6.93889e-16 1
      outer loop
         vertex -0.00982904 -0.0769401 0.0155
         vertex -0.00920952 -0.080678 0.0155
         vertex -0.00740404 -0.080678 0.0155
      endloop
   endfacet
   facet normal 0 -6.93889e-16 1
      outer loop
         vertex -0.00982904 -0.0769401 0.0155
         vertex -0.00982904 -0.0679169 0.0155
         vertex -0.0113246 -0.0679169 0.0155
      endloop
   endfacet
   facet normal 0 -6.93889e-16 1
      outer loop
         vertex -0.0113246 -0.0679169 0.0155
         vertex -0.00982904 -0.0679169 0.0155
         vertex -0.00982904 -0.0620033 0.0155
      endloop
   endfacet
   facet normal 0 -6.93889e-16 1
      outer loop
         vertex -0.0123047 -0.0620033 0.0155
         vertex -0.00982904 -0.0620033 0.0155
         vertex -0.00982904 -0.0594257 0.0155
      endloop
   endfacet
   facet normal 0 -6.93889e-16 1
      outer loop
         vertex -0.0127319 -0.0594257 0.0155
         vertex -0.00982904 -0.0594257 0.0155
         vertex -0.00982904 -0.0553153 0.0155
      endloop
   endfacet
   facet normal 0 -6.93889e-16 1
      outer loop
         vertex -0.0134132 -0.0553153 0.0155
         vertex -0.00982904 -0.0553153 0.0155
         vertex -0.00982904 -0.0484027 0.0155
      endloop
   endfacet
   facet normal 0 -6.93889e-16 1
      outer loop
         vertex -0.01025 -0.014 0.0155
         vertex -0.00982904 -0.014 0.0155
         vertex -0.00982904 -0.0138901 0.0155
      endloop
   endfacet
   facet normal 0 -6.93889e-16 1
      outer loop
         vertex -0.01225 -0.0208112 0.0155
         vertex -0.01225 -0.0168597 0.0155
         vertex -0.0145 -0.0168597 0.0155
      endloop
   endfacet
   facet normal 0 -6.93889e-16 1
      outer loop
         vertex -0.01225 -0.0226745 0.0155
         vertex -0.01225 -0.0208112 0.0155
         vertex -0.0145 -0.0208112 0.0155
      endloop
   endfacet
   facet normal 0 -6.93889e-16 1
      outer loop
         vertex -0.01225 -0.0238648 0.0155
         vertex -0.01225 -0.0226745 0.0155
         vertex -0.0145 -0.0226745 0.0155
      endloop
   endfacet
   facet normal 0 -6.93889e-16 1
      outer loop
         vertex -0.01225 -0.039 0.0155
         vertex -0.01225 -0.0238648 0.0155
         vertex -0.0145 -0.0238648 0.0155
      endloop
   endfacet
   facet normal 0 -6.93889e-16 1
      outer loop
         vertex -0.00740404 -0.04205 0.0155
         vertex -0.00740404 -0.041 0.0155
         vertex -0.00982904 -0.041 0.0155
      endloop
   endfacet
   facet normal 0 -6.93889e-16 1
      outer loop
         vertex -0.00405 -0.04205 0.0155
         vertex -0.00405 -0.041 0.0155
         vertex -0.00740404 -0.041 0.0155
      endloop
   endfacet
   facet normal 0 -6.93889e-16 1
      outer loop
         vertex -0.00245 -0.04205 0.0155
         vertex -0.00245 -0.041 0.0155
         vertex -0.00405 -0.041 0.0155
      endloop
   endfacet
   facet normal 0 -6.93889e-16 1
      outer loop
         vertex 0.00405 -0.04205 0.0155
         vertex 0.00405 -0.041 0.0155
         vertex -0.00245 -0.041 0.0155
      endloop
   endfacet
   facet normal 0 -6.93889e-16 1
      outer loop
         vertex 0.01025 -0.041 0.0155
         vertex 0.00405 -0.041 0.0155
         vertex 0.00405 -0.04205 0.0155
      endloop
   endfacet
   facet normal 0 -6.93889e-16 1
      outer loop
         vertex 0.0134895 -0.0238648 0.0155
         vertex 0.0134895 -0.0226745 0.0155
         vertex 0.01225 -0.0226745 0.0155
      endloop
   endfacet
   facet normal 0 -6.93889e-16 1
      outer loop
         vertex 0.0134895 -0.0226745 0.0155
         vertex 0.0134895 -0.0208112 0.0155
         vertex 0.01225 -0.0208112 0.0155
      endloop
   endfacet
   facet normal 0 -6.93889e-16 1
      outer loop
         vertex 0.0134895 -0.0208112 0.0155
         vertex 0.0134895 -0.0168597 0.0155
         vertex 0.01225 -0.0168597 0.0155
      endloop
   endfacet
   facet normal 0 -6.93889e-16 1
      outer loop
         vertex 0.01225 -0.016 0.0155
         vertex 0.01225 -0.0168597 0.0155
         vertex 0.0134895 -0.0168597 0.0155
      endloop
   endfacet
   facet normal 0 -6.93889e-16 1
      outer loop
         vertex 0.00405 -0.014 0.0155
         vertex 0.00405 -0.0138901 0.0155
         vertex -0.00245 -0.0138901 0.0155
      endloop
   endfacet
   facet normal 0 -6.93889e-16 1
      outer loop
         vertex -0.00245 -0.014 0.0155
         vertex -0.00245 -0.0138901 0.0155
         vertex -0.00405 -0.0138901 0.0155
      endloop
   endfacet
   facet normal 0 -6.93889e-16 1
      outer loop
         vertex -0.00405 -0.014 0.0155
         vertex -0.00405 -0.0138901 0.0155
         vertex -0.00740404 -0.0138901 0.0155
      endloop
   endfacet
   facet normal 0 -6.93889e-16 1
      outer loop
         vertex -0.00740404 -0.014 0.0155
         vertex -0.00740404 -0.0138901 0.0155
         vertex -0.00982904 -0.0138901 0.0155
      endloop
   endfacet
   facet normal 0 -6.93889e-16 1
      outer loop
         vertex 0.0439841 -0.052121 0.0155
         vertex 0.0448768 -0.0484027 0.0155
         vertex 0.0436251 -0.0484027 0.0155
      endloop
   endfacet
   facet normal 0 -6.93889e-16 1
      outer loop
         vertex 0.0487222 -0.0553153 0.0155
         vertex 0.0436251 -0.0553153 0.0155
         vertex 0.0436251 -0.0594257 0.0155
      endloop
   endfacet
   facet normal 0 -6.93889e-16 1
      outer loop
         vertex 0.0533776 -0.056433 0.0155
         vertex 0.0510755 -0.0558803 0.0155
         vertex 0.0510755 -0.0594257 0.0155
      endloop
   endfacet
   facet normal 0 -6.93889e-16 1
      outer loop
         vertex 0.0556016 -0.0593388 0.0155
         vertex 0.0556597 -0.0594257 0.0155
         vertex 0.0560717 -0.0594257 0.0155
      endloop
   endfacet
   facet normal 0 -6.93889e-16 1
      outer loop
         vertex 0.0602158 -0.0580747 0.0155
         vertex 0.0560717 -0.0570798 0.0155
         vertex 0.0560717 -0.0594257 0.0155
      endloop
   endfacet
   facet normal 0 -6.93889e-16 1
      outer loop
         vertex 0.0646501 -0.0591393 0.0155
         vertex 0.0602158 -0.0580747 0.0155
         vertex 0.0602158 -0.0594257 0.0155
      endloop
   endfacet
   facet normal 0 -6.93889e-16 1
      outer loop
         vertex 0.0602158 -0.0303075 0.0155
         vertex 0.0646501 -0.0313721 0.0155
         vertex 0.0646501 -0.0238648 0.0155
      endloop
   endfacet
   facet normal 0 -6.93889e-16 1
      outer loop
         vertex 0.0560717 -0.0293126 0.0155
         vertex 0.0602158 -0.0303075 0.0155
         vertex 0.0602158 -0.0238648 0.0155
      endloop
   endfacet
   facet normal 0 -6.93889e-16 1
      outer loop
         vertex 0.0533776 -0.0238648 0.0155
         vertex 0.051765 -0.0282786 0.0155
         vertex 0.0560717 -0.0293126 0.0155
      endloop
   endfacet
   facet normal 0 -6.93889e-16 1
      outer loop
         vertex 0.051765 -0.0282786 0.0155
         vertex 0.0533776 -0.0238648 0.0155
         vertex 0.0510755 -0.0238648 0.0155
      endloop
   endfacet
   facet normal 0 -6.93889e-16 1
      outer loop
         vertex 0.0509852 -0.028248 0.0155
         vertex 0.0510755 -0.0282515 0.0155
         vertex 0.0510755 -0.0238648 0.0155
      endloop
   endfacet
   facet normal 0 -6.93889e-16 1
      outer loop
         vertex 0.0452371 -0.0469017 0.0155
         vertex 0.0464019 -0.04205 0.0155
         vertex 0.0436251 -0.04205 0.0155
      endloop
   endfacet
   facet normal 0 -6.93889e-16 1
      outer loop
         vertex 0.0448768 -0.0484027 0.0155
         vertex 0.0452371 -0.0469017 0.0155
         vertex 0.0436251 -0.0469017 0.0155
      endloop
   endfacet
   facet normal 0 -6.93889e-16 1
      outer loop
         vertex 0.0433104 -0.0232385 0.0155
         vertex 0.0432446 -0.0238648 0.0155
         vertex 0.0436251 -0.0238648 0.0155
      endloop
   endfacet
   facet normal 0 -6.93889e-16 1
      outer loop
         vertex 0.043239 -0.0224615 0.0155
         vertex 0.0432586 -0.0226745 0.0155
         vertex 0.0436251 -0.0226745 0.0155
      endloop
   endfacet
   facet normal 0 -6.93889e-16 1
      outer loop
         vertex 0.0413784 -0.0210245 0.0155
         vertex 0.0413784 -0.0208112 0.0155
         vertex 0.0393494 -0.0208112 0.0155
      endloop
   endfacet
   facet normal 0 -6.93889e-16 1
      outer loop
         vertex 0.0393494 -0.0208112 0.0155
         vertex 0.0413784 -0.0208112 0.0155
         vertex 0.0413784 -0.0168597 0.0155
      endloop
   endfacet
   facet normal 0 -6.93889e-16 1
      outer loop
         vertex 0.0257248 -0.0168597 0.0155
         vertex 0.0211428 -0.0188976 0.0155
         vertex 0.0364677 -0.0205083 0.0155
      endloop
   endfacet
   facet normal 0 -6.93889e-16 1
      outer loop
         vertex 0.0211428 -0.0188976 0.0155
         vertex 0.0257248 -0.0168597 0.0155
         vertex 0.0211151 -0.0168597 0.0155
      endloop
   endfacet
   facet normal 0 -6.93889e-16 1
      outer loop
         vertex 0.0203657 -0.018969 0.0155
         vertex 0.0211151 -0.0189002 0.0155
         vertex 0.0211151 -0.0168597 0.0155
      endloop
   endfacet
   facet normal 0 -6.93889e-16 1
      outer loop
         vertex 0.0187348 -0.0226745 0.0155
         vertex 0.0189306 -0.0208112 0.0155
         vertex 0.0156293 -0.0208112 0.0155
      endloop
   endfacet
   facet normal 0 -6.93889e-16 1
      outer loop
         vertex 0.0186097 -0.0238648 0.0155
         vertex 0.0187348 -0.0226745 0.0155
         vertex 0.0156293 -0.0226745 0.0155
      endloop
   endfacet
   facet normal 0 -6.93889e-16 1
      outer loop
         vertex 0.0166983 -0.04205 0.0155
         vertex 0.0186097 -0.0238648 0.0155
         vertex 0.0156293 -0.0238648 0.0155
      endloop
   endfacet
   facet normal 0 -6.93889e-16 1
      outer loop
         vertex 0.0165405 -0.0435516 0.0155
         vertex 0.0166983 -0.04205 0.0155
         vertex 0.0156293 -0.04205 0.0155
      endloop
   endfacet
   facet normal 0 -6.93889e-16 1
      outer loop
         vertex 0.0257248 -0.0465279 0.0155
         vertex 0.0211151 -0.0460434 0.0155
         vertex 0.0211151 -0.0469017 0.0155
      endloop
   endfacet
   facet normal 0 -6.93889e-16 1
      outer loop
         vertex 0.0257248 -0.0465279 0.0155
         vertex 0.0257248 -0.0469017 0.0155
         vertex 0.0292814 -0.0469017 0.0155
      endloop
   endfacet
   facet normal 0 -6.93889e-16 1
      outer loop
         vertex 0.0292814 -0.0469017 0.0155
         vertex 0.0257248 -0.0469017 0.0155
         vertex 0.0257248 -0.0484027 0.0155
      endloop
   endfacet
   facet normal 0 -6.93889e-16 1
      outer loop
         vertex 0.0387082 -0.0478925 0.0155
         vertex 0.0364677 -0.0476571 0.0155
         vertex 0.0364677 -0.0484027 0.0155
      endloop
   endfacet
   facet normal 0 -6.93889e-16 1
      outer loop
         vertex 0.0406749 -0.0468578 0.0155
         vertex 0.0406383 -0.0469017 0.0155
         vertex 0.0413784 -0.0469017 0.0155
      endloop
   endfacet
   facet normal 0 -6.93889e-16 1
      outer loop
         vertex 0.0413333 -0.04205 0.0155
         vertex 0.0413784 -0.04205 0.0155
         vertex 0.0413784 -0.0416205 0.0155
      endloop
   endfacet
   facet normal 0 -6.93889e-16 1
      outer loop
         vertex 0.0413784 -0.0416205 0.0155
         vertex 0.0413784 -0.04205 0.0155
         vertex 0.0436251 -0.04205 0.0155
      endloop
   endfacet
   facet normal 0 -6.93889e-16 1
      outer loop
         vertex 0.031002 -0.00897286 0.0155
         vertex 0.0257248 -0.00897286 0.0155
         vertex 0.0257248 -0.00990021 0.0155
      endloop
   endfacet
   facet normal 0 -6.93889e-16 1
      outer loop
         vertex 0.0352749 -0.0085206 0.0155
         vertex 0.034598 -0.00897286 0.0155
         vertex 0.0364677 -0.00897286 0.0155
      endloop
   endfacet
   facet normal 0 -6.93889e-16 1
      outer loop
         vertex 0.0295664 -0.00470633 0.0155
         vertex 0.0296709 -0.00455 0.0155
         vertex 0.0257248 -0.00455 0.0155
      endloop
   endfacet
   facet normal 0 -6.93889e-16 1
      outer loop
         vertex 0.0636606 -0.0138247 0.0155
         vertex 0.0646501 -0.0136279 0.0155
         vertex 0.0646501 -0.0133065 0.0155
      endloop
   endfacet
   facet normal 0 -6.93889e-16 1
      outer loop
         vertex 0.0625251 -0.0145834 0.0155
         vertex 0.0635627 -0.0138901 0.0155
         vertex 0.0602158 -0.0138901 0.0155
      endloop
   endfacet
   facet normal 0 -6.93889e-16 1
      outer loop
         vertex 0.0615 -0.0170583 0.0155
         vertex 0.0615395 -0.0168597 0.0155
         vertex 0.0602158 -0.0168597 0.0155
      endloop
   endfacet
   facet normal 0 -6.93889e-16 1
      outer loop
         vertex 0.0272362 -0.0116074 0.0155
         vertex 0.0364677 -0.0116074 0.0155
         vertex 0.0364677 -0.00990021 0.0155
      endloop
   endfacet
   facet normal 0 -6.93889e-16 1
      outer loop
         vertex 0.0255654 -0.0110868 0.0155
         vertex 0.0257248 -0.0110551 0.0155
         vertex 0.0257248 -0.00990021 0.0155
      endloop
   endfacet
   facet normal 0 -6.93889e-16 1
      outer loop
         vertex 0.0248077 -0.0118444 0.0155
         vertex 0.0249661 -0.0116074 0.0155
         vertex 0.0211151 -0.0116074 0.0155
      endloop
   endfacet
   facet normal 0 -6.93889e-16 1
      outer loop
         vertex 0.0250687 -0.0133065 0.0155
         vertex 0.0211151 -0.0133065 0.0155
         vertex 0.0211151 -0.0138901 0.0155
      endloop
   endfacet
   facet normal 0 -6.93889e-16 1
      outer loop
         vertex 0.0261012 -0.0137802 0.0155
         vertex 0.0257248 -0.0137053 0.0155
         vertex 0.0257248 -0.0138901 0.0155
      endloop
   endfacet
   facet normal 0 -6.93889e-16 1
      outer loop
         vertex 0.0273946 -0.012916 0.0155
         vertex 0.0271337 -0.0133065 0.0155
         vertex 0.0364677 -0.0133065 0.0155
      endloop
   endfacet
   facet normal 0 -6.93889e-16 1
      outer loop
         vertex 0.0393289 -0.0130988 0.0155
         vertex 0.0393702 -0.0133065 0.0155
         vertex 0.0413784 -0.0133065 0.0155
      endloop
   endfacet
   facet normal 0 -6.93889e-16 1
      outer loop
         vertex 0.0366354 -0.0136345 0.0155
         vertex 0.0367007 -0.0133065 0.0155
         vertex 0.0364677 -0.0133065 0.0155
      endloop
   endfacet
   facet normal 0 -6.93889e-16 1
      outer loop
         vertex 0.036742 -0.0141703 0.0155
         vertex 0.0366863 -0.0138901 0.0155
         vertex 0.0364677 -0.0138901 0.0155
      endloop
   endfacet
   facet normal 0 -6.93889e-16 1
      outer loop
         vertex 0.0394354 -0.0136345 0.0155
         vertex 0.0393846 -0.0138901 0.0155
         vertex 0.0413784 -0.0138901 0.0155
      endloop
   endfacet
   facet normal 0 -6.93889e-16 1
      outer loop
         vertex 0.0535636 -0.0594257 0.0155
         vertex 0.0533776 -0.0594257 0.0155
         vertex 0.0533776 -0.0597042 0.0155
      endloop
   endfacet
   facet normal 0 -6.93889e-16 1
      outer loop
         vertex 0.0533776 -0.0597042 0.0155
         vertex 0.0533776 -0.0594257 0.0155
         vertex 0.0510755 -0.0594257 0.0155
      endloop
   endfacet
   facet normal 0 -6.93889e-16 1
      outer loop
         vertex 0.0536217 -0.0613187 0.0155
         vertex 0.0533776 -0.0609533 0.0155
         vertex 0.0533776 -0.0620033 0.0155
      endloop
   endfacet
   facet normal 0 -6.93889e-16 1
      outer loop
         vertex 0.0589317 -0.0224642 0.0155
         vertex 0.0588898 -0.0226745 0.0155
         vertex 0.0602158 -0.0226745 0.0155
      endloop
   endfacet
   facet normal 0 -6.93889e-16 1
      outer loop
         vertex 0.0562382 -0.0229999 0.0155
         vertex 0.0561735 -0.0226745 0.0155
         vertex 0.0560717 -0.0226745 0.0155
      endloop
   endfacet
   facet normal 0 -6.93889e-16 1
      outer loop
         vertex 0.0175196 -0.0116074 0.0155
         vertex 0.0211151 -0.0116074 0.0155
         vertex 0.0211151 -0.00990021 0.0155
      endloop
   endfacet
   facet normal 0 -6.93889e-16 1
      outer loop
         vertex 0.0155932 -0.0103613 0.0155
         vertex 0.0156293 -0.0103541 0.0155
         vertex 0.0156293 -0.00990021 0.0155
      endloop
   endfacet
   facet normal 0 -6.93889e-16 1
      outer loop
         vertex 0.014729 -0.0116547 0.0155
         vertex 0.0147384 -0.0116074 0.0155
         vertex 0.0134895 -0.0116074 0.0155
      endloop
   endfacet
   facet normal 0 -6.93889e-16 1
      outer loop
         vertex 0.016129 -0.0130547 0.0155
         vertex 0.0156293 -0.0129553 0.0155
         vertex 0.0156293 -0.0133065 0.0155
      endloop
   endfacet
   facet normal 0 -6.93889e-16 1
      outer loop
         vertex 0.0488328 -0.0206206 0.0155
         vertex 0.0487055 -0.0208112 0.0155
         vertex 0.0510755 -0.0208112 0.0155
      endloop
   endfacet
   facet normal 0 -6.93889e-16 1
      outer loop
         vertex 0.0463733 -0.0208112 0.0155
         vertex 0.0436251 -0.0208112 0.0155
         vertex 0.0436251 -0.0226745 0.0155
      endloop
   endfacet
   facet normal 0 -6.93889e-16 1
      outer loop
         vertex -0.00501813 -0.0618679 0.0155
         vertex -0.00522085 -0.0620033 0.0155
         vertex -0.00405 -0.0620033 0.0155
      endloop
   endfacet
   facet normal 0 -6.93889e-16 1
      outer loop
         vertex -0.00740404 -0.0608576 0.0155
         vertex -0.00740404 -0.0594257 0.0155
         vertex -0.00982904 -0.0594257 0.0155
      endloop
   endfacet
   facet normal 0 -6.93889e-16 1
      outer loop
         vertex -0.00730152 -0.0614137 0.0155
         vertex -0.00740404 -0.0608982 0.0155
         vertex -0.00740404 -0.0620033 0.0155
      endloop
   endfacet
   facet normal 0 -6.93889e-16 1
      outer loop
         vertex -0.00679532 -0.0620033 0.0155
         vertex -0.00740404 -0.0620033 0.0155
         vertex -0.00740404 -0.0679169 0.0155
      endloop
   endfacet
   facet normal 0 -6.93889e-16 1
      outer loop
         vertex 0.0559334 -0.073966 0.0155
         vertex 0.0560717 -0.0741729 0.0155
         vertex 0.0560717 -0.0679169 0.0155
      endloop
   endfacet
   facet normal 0 -6.93889e-16 1
      outer loop
         vertex 0.0413784 -0.00897286 0.0155
         vertex 0.0413784 -0.00455 0.0155
         vertex 0.0364677 -0.00455 0.0155
      endloop
   endfacet
   facet normal 0 -6.93889e-16 1
      outer loop
         vertex 0.0257248 -0.00897286 0.0155
         vertex 0.0257248 -0.00455 0.0155
         vertex 0.0211151 -0.00455 0.0155
      endloop
   endfacet
   facet normal 0 -6.93889e-16 1
      outer loop
         vertex 0.0211151 -0.00897286 0.0155
         vertex 0.0211151 -0.00455 0.0155
         vertex 0.0156293 -0.00455 0.0155
      endloop
   endfacet
   facet normal 0 -6.93889e-16 1
      outer loop
         vertex 0.0156293 -0.00897286 0.0155
         vertex 0.0156293 -0.00455 0.0155
         vertex 0.0134895 -0.00455 0.0155
      endloop
   endfacet
   facet normal 0 -6.93889e-16 1
      outer loop
         vertex 0.006 -0.0084 0.0155
         vertex 0.00405 -0.00897286 0.0155
         vertex 0.0134895 -0.00897286 0.0155
      endloop
   endfacet
   facet normal 0 -6.93889e-16 1
      outer loop
         vertex 0.00405 -0.00897286 0.0155
         vertex 0.00405 -0.00455 0.0155
         vertex -0.00245 -0.00455 0.0155
      endloop
   endfacet
   facet normal 0 -6.93889e-16 1
      outer loop
         vertex -0.00245 -0.00897286 0.0155
         vertex -0.00245 -0.00455 0.0155
         vertex -0.00405 -0.00455 0.0155
      endloop
   endfacet
   facet normal 0 -6.93889e-16 1
      outer loop
         vertex -0.006 -0.0084 0.0155
         vertex -0.00740404 -0.00897286 0.0155
         vertex -0.00405 -0.00897286 0.0155
      endloop
   endfacet
   facet normal 0 -6.93889e-16 1
      outer loop
         vertex -0.00740404 -0.00897286 0.0155
         vertex -0.00740404 -0.00455 0.0155
         vertex -0.00982904 -0.00455 0.0155
      endloop
   endfacet
   facet normal 0 -6.93889e-16 1
      outer loop
         vertex 0.0533776 -0.00990021 0.0155
         vertex 0.0533776 -0.00897286 0.0155
         vertex 0.0510755 -0.00897286 0.0155
      endloop
   endfacet
   facet normal 0 -6.93889e-16 1
      outer loop
         vertex 0.0510755 -0.00990021 0.0155
         vertex 0.0510755 -0.00897286 0.0155
         vertex 0.0436251 -0.00897286 0.0155
      endloop
   endfacet
   facet normal 0 -6.93889e-16 1
      outer loop
         vertex 0.0436251 -0.00990021 0.0155
         vertex 0.0436251 -0.00897286 0.0155
         vertex 0.0413784 -0.00897286 0.0155
      endloop
   endfacet
   facet normal 0 -6.93889e-16 1
      outer loop
         vertex 0.0413784 -0.00990021 0.0155
         vertex 0.0413784 -0.00897286 0.0155
         vertex 0.0364677 -0.00897286 0.0155
      endloop
   endfacet
   facet normal 0 -6.93889e-16 1
      outer loop
         vertex 0.0257248 -0.00990021 0.0155
         vertex 0.0257248 -0.00897286 0.0155
         vertex 0.0211151 -0.00897286 0.0155
      endloop
   endfacet
   facet normal 0 -6.93889e-16 1
      outer loop
         vertex 0.0211151 -0.00990021 0.0155
         vertex 0.0211151 -0.00897286 0.0155
         vertex 0.0156293 -0.00897286 0.0155
      endloop
   endfacet
   facet normal 0 -6.93889e-16 1
      outer loop
         vertex 0.0156293 -0.00990021 0.0155
         vertex 0.0156293 -0.00897286 0.0155
         vertex 0.0134895 -0.00897286 0.0155
      endloop
   endfacet
   facet normal 0 -6.93889e-16 1
      outer loop
         vertex 0.0134895 -0.00990021 0.0155
         vertex 0.0134895 -0.00897286 0.0155
         vertex 0.00405 -0.00897286 0.0155
      endloop
   endfacet
   facet normal 0 -6.93889e-16 1
      outer loop
         vertex 0.00405 -0.00990021 0.0155
         vertex 0.00405 -0.00897286 0.0155
         vertex -0.00245 -0.00897286 0.0155
      endloop
   endfacet
   facet normal 0 -6.93889e-16 1
      outer loop
         vertex -0.00245 -0.00990021 0.0155
         vertex -0.00245 -0.00897286 0.0155
         vertex -0.00405 -0.00897286 0.0155
      endloop
   endfacet
   facet normal 0 -6.93889e-16 1
      outer loop
         vertex -0.00405 -0.00990021 0.0155
         vertex -0.00405 -0.00897286 0.0155
         vertex -0.00740404 -0.00897286 0.0155
      endloop
   endfacet
   facet normal 0 -6.93889e-16 1
      outer loop
         vertex -0.00740404 -0.00990021 0.0155
         vertex -0.00740404 -0.00897286 0.0155
         vertex -0.00982904 -0.00897286 0.0155
      endloop
   endfacet
   facet normal 0 -6.93889e-16 1
      outer loop
         vertex -0.00982904 -0.00990021 0.0155
         vertex -0.00982904 -0.00897286 0.0155
         vertex -0.0145 -0.00897286 0.0155
      endloop
   endfacet
   facet normal 0 -6.93889e-16 1
      outer loop
         vertex 0.0560717 -0.0116074 0.0155
         vertex 0.0560717 -0.00990021 0.0155
         vertex 0.0533776 -0.00990021 0.0155
      endloop
   endfacet
   facet normal 0 -6.93889e-16 1
      outer loop
         vertex 0.0533776 -0.0116074 0.0155
         vertex 0.0533776 -0.00990021 0.0155
         vertex 0.0510755 -0.00990021 0.0155
      endloop
   endfacet
   facet normal 0 -6.93889e-16 1
      outer loop
         vertex 0.0510755 -0.0116074 0.0155
         vertex 0.0510755 -0.00990021 0.0155
         vertex 0.0436251 -0.00990021 0.0155
      endloop
   endfacet
   facet normal 0 -6.93889e-16 1
      outer loop
         vertex 0.0436251 -0.0116074 0.0155
         vertex 0.0436251 -0.00990021 0.0155
         vertex 0.0413784 -0.00990021 0.0155
      endloop
   endfacet
   facet normal 0 -6.93889e-16 1
      outer loop
         vertex 0.0413784 -0.0116074 0.0155
         vertex 0.0413784 -0.00990021 0.0155
         vertex 0.0364677 -0.00990021 0.0155
      endloop
   endfacet
   facet normal 0 -6.93889e-16 1
      outer loop
         vertex 0.0134895 -0.0116074 0.0155
         vertex 0.0134895 -0.00990021 0.0155
         vertex 0.00405 -0.00990021 0.0155
      endloop
   endfacet
   facet normal 0 -6.93889e-16 1
      outer loop
         vertex 0.00405 -0.0116074 0.0155
         vertex 0.00405 -0.00990021 0.0155
         vertex -0.00245 -0.00990021 0.0155
      endloop
   endfacet
   facet normal 0 -6.93889e-16 1
      outer loop
         vertex -0.00245 -0.0116074 0.0155
         vertex -0.00245 -0.00990021 0.0155
         vertex -0.00405 -0.00990021 0.0155
      endloop
   endfacet
   facet normal 0 -6.93889e-16 1
      outer loop
         vertex -0.00405 -0.0116074 0.0155
         vertex -0.00405 -0.00990021 0.0155
         vertex -0.00740404 -0.00990021 0.0155
      endloop
   endfacet
   facet normal 0 -6.93889e-16 1
      outer loop
         vertex -0.00740404 -0.0116074 0.0155
         vertex -0.00740404 -0.00990021 0.0155
         vertex -0.00982904 -0.00990021 0.0155
      endloop
   endfacet
   facet normal 0 -6.93889e-16 1
      outer loop
         vertex -0.00982904 -0.0116074 0.0155
         vertex -0.00982904 -0.00990021 0.0155
         vertex -0.0145 -0.00990021 0.0155
      endloop
   endfacet
   facet normal 0 -6.93889e-16 1
      outer loop
         vertex 0.0602158 -0.0133065 0.0155
         vertex 0.0602158 -0.0116074 0.0155
         vertex 0.0560717 -0.0116074 0.0155
      endloop
   endfacet
   facet normal 0 -6.93889e-16 1
      outer loop
         vertex 0.0560717 -0.0133065 0.0155
         vertex 0.0560717 -0.0116074 0.0155
         vertex 0.0533776 -0.0116074 0.0155
      endloop
   endfacet
   facet normal 0 -6.93889e-16 1
      outer loop
         vertex 0.0533776 -0.0133065 0.0155
         vertex 0.0533776 -0.0116074 0.0155
         vertex 0.0510755 -0.0116074 0.0155
      endloop
   endfacet
   facet normal 0 -6.93889e-16 1
      outer loop
         vertex 0.0510755 -0.0133065 0.0155
         vertex 0.0510755 -0.0116074 0.0155
         vertex 0.0436251 -0.0116074 0.0155
      endloop
   endfacet
   facet normal 0 -6.93889e-16 1
      outer loop
         vertex 0.0436251 -0.0133065 0.0155
         vertex 0.0436251 -0.0116074 0.0155
         vertex 0.0413784 -0.0116074 0.0155
      endloop
   endfacet
   facet normal 0 -6.93889e-16 1
      outer loop
         vertex 0.0134895 -0.0133065 0.0155
         vertex 0.0134895 -0.0116074 0.0155
         vertex 0.00405 -0.0116074 0.0155
      endloop
   endfacet
   facet normal 0 -6.93889e-16 1
      outer loop
         vertex 0.00405 -0.0133065 0.0155
         vertex 0.00405 -0.0116074 0.0155
         vertex -0.00245 -0.0116074 0.0155
      endloop
   endfacet
   facet normal 0 -6.93889e-16 1
      outer loop
         vertex -0.00245 -0.0133065 0.0155
         vertex -0.00245 -0.0116074 0.0155
         vertex -0.00405 -0.0116074 0.0155
      endloop
   endfacet
   facet normal 0 -6.93889e-16 1
      outer loop
         vertex -0.00405 -0.0133065 0.0155
         vertex -0.00405 -0.0116074 0.0155
         vertex -0.00740404 -0.0116074 0.0155
      endloop
   endfacet
   facet normal 0 -6.93889e-16 1
      outer loop
         vertex -0.00740404 -0.0133065 0.0155
         vertex -0.00740404 -0.0116074 0.0155
         vertex -0.00982904 -0.0116074 0.0155
      endloop
   endfacet
   facet normal 0 -6.93889e-16 1
      outer loop
         vertex -0.00982904 -0.0133065 0.0155
         vertex -0.00982904 -0.0116074 0.0155
         vertex -0.0145 -0.0116074 0.0155
      endloop
   endfacet
   facet normal 0 -6.93889e-16 1
      outer loop
         vertex 0.0602158 -0.0138901 0.0155
         vertex 0.0602158 -0.0133065 0.0155
         vertex 0.0560717 -0.0133065 0.0155
      endloop
   endfacet
   facet normal 0 -6.93889e-16 1
      outer loop
         vertex 0.0560717 -0.0138901 0.0155
         vertex 0.0560717 -0.0133065 0.0155
         vertex 0.0533776 -0.0133065 0.0155
      endloop
   endfacet
   facet normal 0 -6.93889e-16 1
      outer loop
         vertex 0.0533776 -0.0138901 0.0155
         vertex 0.0533776 -0.0133065 0.0155
         vertex 0.0510755 -0.0133065 0.0155
      endloop
   endfacet
   facet normal 0 -6.93889e-16 1
      outer loop
         vertex 0.0510755 -0.0138901 0.0155
         vertex 0.0510755 -0.0133065 0.0155
         vertex 0.0436251 -0.0133065 0.0155
      endloop
   endfacet
   facet normal 0 -6.93889e-16 1
      outer loop
         vertex 0.0436251 -0.0138901 0.0155
         vertex 0.0436251 -0.0133065 0.0155
         vertex 0.0413784 -0.0133065 0.0155
      endloop
   endfacet
   facet normal 0 -6.93889e-16 1
      outer loop
         vertex 0.0211151 -0.0138901 0.0155
         vertex 0.0211151 -0.0133065 0.0155
         vertex 0.0156293 -0.0133065 0.0155
      endloop
   endfacet
   facet normal 0 -6.93889e-16 1
      outer loop
         vertex 0.0156293 -0.0138901 0.0155
         vertex 0.0156293 -0.0133065 0.0155
         vertex 0.0134895 -0.0133065 0.0155
      endloop
   endfacet
   facet normal 0 -6.93889e-16 1
      outer loop
         vertex 0.0134895 -0.0138901 0.0155
         vertex 0.0134895 -0.0133065 0.0155
         vertex 0.00405 -0.0133065 0.0155
      endloop
   endfacet
   facet normal 0 -6.93889e-16 1
      outer loop
         vertex 0.00405 -0.0138901 0.0155
         vertex 0.00405 -0.0133065 0.0155
         vertex -0.00245 -0.0133065 0.0155
      endloop
   endfacet
   facet normal 0 -6.93889e-16 1
      outer loop
         vertex -0.00245 -0.0138901 0.0155
         vertex -0.00245 -0.0133065 0.0155
         vertex -0.00405 -0.0133065 0.0155
      endloop
   endfacet
   facet normal 0 -6.93889e-16 1
      outer loop
         vertex -0.00405 -0.0138901 0.0155
         vertex -0.00405 -0.0133065 0.0155
         vertex -0.00740404 -0.0133065 0.0155
      endloop
   endfacet
   facet normal 0 -6.93889e-16 1
      outer loop
         vertex -0.00740404 -0.0138901 0.0155
         vertex -0.00740404 -0.0133065 0.0155
         vertex -0.00982904 -0.0133065 0.0155
      endloop
   endfacet
   facet normal 0 -6.93889e-16 1
      outer loop
         vertex -0.00982904 -0.0138901 0.0155
         vertex -0.00982904 -0.0133065 0.0155
         vertex -0.0145 -0.0133065 0.0155
      endloop
   endfacet
   facet normal 0 -6.93889e-16 1
      outer loop
         vertex 0.0602158 -0.0168597 0.0155
         vertex 0.0602158 -0.0138901 0.0155
         vertex 0.0560717 -0.0138901 0.0155
      endloop
   endfacet
   facet normal 0 -6.93889e-16 1
      outer loop
         vertex 0.0560717 -0.0168597 0.0155
         vertex 0.0560717 -0.0138901 0.0155
         vertex 0.0533776 -0.0138901 0.0155
      endloop
   endfacet
   facet normal 0 -6.93889e-16 1
      outer loop
         vertex 0.0533776 -0.0168597 0.0155
         vertex 0.0533776 -0.0138901 0.0155
         vertex 0.0510755 -0.0138901 0.0155
      endloop
   endfacet
   facet normal 0 -6.93889e-16 1
      outer loop
         vertex 0.0510755 -0.0168597 0.0155
         vertex 0.0510755 -0.0138901 0.0155
         vertex 0.0436251 -0.0138901 0.0155
      endloop
   endfacet
   facet normal 0 -6.93889e-16 1
      outer loop
         vertex 0.0436251 -0.0168597 0.0155
         vertex 0.0436251 -0.0138901 0.0155
         vertex 0.0413784 -0.0138901 0.0155
      endloop
   endfacet
   facet normal 0 -6.93889e-16 1
      outer loop
         vertex 0.0364677 -0.0168597 0.0155
         vertex 0.0364677 -0.0138901 0.0155
         vertex 0.0257248 -0.0138901 0.0155
      endloop
   endfacet
   facet normal 0 -6.93889e-16 1
      outer loop
         vertex 0.0257248 -0.0168597 0.0155
         vertex 0.0257248 -0.0138901 0.0155
         vertex 0.0211151 -0.0138901 0.0155
      endloop
   endfacet
   facet normal 0 -6.93889e-16 1
      outer loop
         vertex 0.0211151 -0.0168597 0.0155
         vertex 0.0211151 -0.0138901 0.0155
         vertex 0.0156293 -0.0138901 0.0155
      endloop
   endfacet
   facet normal 0 -6.93889e-16 1
      outer loop
         vertex 0.0156293 -0.0168597 0.0155
         vertex 0.0156293 -0.0138901 0.0155
         vertex 0.0134895 -0.0138901 0.0155
      endloop
   endfacet
   facet normal 0 -6.93889e-16 1
      outer loop
         vertex 0.0602158 -0.0208112 0.0155
         vertex 0.0602158 -0.0168597 0.0155
         vertex 0.0560717 -0.0168597 0.0155
      endloop
   endfacet
   facet normal 0 -6.93889e-16 1
      outer loop
         vertex 0.0560717 -0.0208112 0.0155
         vertex 0.0560717 -0.0168597 0.0155
         vertex 0.0533776 -0.0168597 0.0155
      endloop
   endfacet
   facet normal 0 -6.93889e-16 1
      outer loop
         vertex 0.0533776 -0.0208112 0.0155
         vertex 0.0533776 -0.0168597 0.0155
         vertex 0.0510755 -0.0168597 0.0155
      endloop
   endfacet
   facet normal 0 -6.93889e-16 1
      outer loop
         vertex 0.0436251 -0.0208112 0.0155
         vertex 0.0436251 -0.0168597 0.0155
         vertex 0.0413784 -0.0168597 0.0155
      endloop
   endfacet
   facet normal 0 -6.93889e-16 1
      outer loop
         vertex 0.0156293 -0.0208112 0.0155
         vertex 0.0156293 -0.0168597 0.0155
         vertex 0.0134895 -0.0168597 0.0155
      endloop
   endfacet
   facet normal 0 -6.93889e-16 1
      outer loop
         vertex 0.0646501 -0.0226745 0.0155
         vertex 0.0646501 -0.0208112 0.0155
         vertex 0.0602158 -0.0208112 0.0155
      endloop
   endfacet
   facet normal 0 -6.93889e-16 1
      outer loop
         vertex 0.0560717 -0.0226745 0.0155
         vertex 0.0560717 -0.0208112 0.0155
         vertex 0.0533776 -0.0208112 0.0155
      endloop
   endfacet
   facet normal 0 -6.93889e-16 1
      outer loop
         vertex 0.0533776 -0.0226745 0.0155
         vertex 0.0533776 -0.0208112 0.0155
         vertex 0.0510755 -0.0208112 0.0155
      endloop
   endfacet
   facet normal 0 -6.93889e-16 1
      outer loop
         vertex 0.0156293 -0.0226745 0.0155
         vertex 0.0156293 -0.0208112 0.0155
         vertex 0.0134895 -0.0208112 0.0155
      endloop
   endfacet
   facet normal 0 -6.93889e-16 1
      outer loop
         vertex 0.0646501 -0.0238648 0.0155
         vertex 0.0646501 -0.0226745 0.0155
         vertex 0.0602158 -0.0226745 0.0155
      endloop
   endfacet
   facet normal 0 -6.93889e-16 1
      outer loop
         vertex 0.0560717 -0.0238648 0.0155
         vertex 0.0560717 -0.0226745 0.0155
         vertex 0.0533776 -0.0226745 0.0155
      endloop
   endfacet
   facet normal 0 -6.93889e-16 1
      outer loop
         vertex 0.0533776 -0.0238648 0.0155
         vertex 0.0533776 -0.0226745 0.0155
         vertex 0.0510755 -0.0226745 0.0155
      endloop
   endfacet
   facet normal 0 -6.93889e-16 1
      outer loop
         vertex 0.0510755 -0.0238648 0.0155
         vertex 0.0510755 -0.0226745 0.0155
         vertex 0.0436251 -0.0226745 0.0155
      endloop
   endfacet
   facet normal 0 -6.93889e-16 1
      outer loop
         vertex 0.0156293 -0.0238648 0.0155
         vertex 0.0156293 -0.0226745 0.0155
         vertex 0.0134895 -0.0226745 0.0155
      endloop
   endfacet
   facet normal 0 -6.93889e-16 1
      outer loop
         vertex 0.0156293 -0.04205 0.0155
         vertex 0.0156293 -0.0238648 0.0155
         vertex 0.0134895 -0.0238648 0.0155
      endloop
   endfacet
   facet normal 0 -6.93889e-16 1
      outer loop
         vertex 0.0436251 -0.0469017 0.0155
         vertex 0.0436251 -0.04205 0.0155
         vertex 0.0413784 -0.04205 0.0155
      endloop
   endfacet
   facet normal 0 -6.93889e-16 1
      outer loop
         vertex 0.0156293 -0.0469017 0.0155
         vertex 0.0156293 -0.04205 0.0155
         vertex 0.0134895 -0.04205 0.0155
      endloop
   endfacet
   facet normal 0 -6.93889e-16 1
      outer loop
         vertex 0.0134895 -0.0469017 0.0155
         vertex 0.0134895 -0.04205 0.0155
         vertex 0.00405 -0.04205 0.0155
      endloop
   endfacet
   facet normal 0 -6.93889e-16 1
      outer loop
         vertex 1.71451e-19 -0.0459 0.0155
         vertex -0.00245 -0.0469017 0.0155
         vertex 0.00405 -0.0469017 0.0155
      endloop
   endfacet
   facet normal 0 -6.93889e-16 1
      outer loop
         vertex -0.00245 -0.0469017 0.0155
         vertex -0.00245 -0.04205 0.0155
         vertex -0.00405 -0.04205 0.0155
      endloop
   endfacet
   facet normal 0 -6.93889e-16 1
      outer loop
         vertex -0.00405 -0.0469017 0.0155
         vertex -0.00405 -0.04205 0.0155
         vertex -0.00740404 -0.04205 0.0155
      endloop
   endfacet
   facet normal 0 -6.93889e-16 1
      outer loop
         vertex -0.00740404 -0.0469017 0.0155
         vertex -0.00740404 -0.04205 0.0155
         vertex -0.00982904 -0.04205 0.0155
      endloop
   endfacet
   facet normal 0 -6.93889e-16 1
      outer loop
         vertex -0.00982904 -0.0469017 0.0155
         vertex -0.00982904 -0.04205 0.0155
         vertex -0.0145 -0.04205 0.0155
      endloop
   endfacet
   facet normal 0 -6.93889e-16 1
      outer loop
         vertex 0.0436251 -0.0484027 0.0155
         vertex 0.0436251 -0.0469017 0.0155
         vertex 0.0413784 -0.0469017 0.0155
      endloop
   endfacet
   facet normal 0 -6.93889e-16 1
      outer loop
         vertex 0.0257248 -0.0484027 0.0155
         vertex 0.0257248 -0.0469017 0.0155
         vertex 0.0211151 -0.0469017 0.0155
      endloop
   endfacet
   facet normal 0 -6.93889e-16 1
      outer loop
         vertex 0.0211151 -0.0484027 0.0155
         vertex 0.0211151 -0.0469017 0.0155
         vertex 0.0156293 -0.0469017 0.0155
      endloop
   endfacet
   facet normal 0 -6.93889e-16 1
      outer loop
         vertex 0.0156293 -0.0484027 0.0155
         vertex 0.0156293 -0.0469017 0.0155
         vertex 0.0134895 -0.0469017 0.0155
      endloop
   endfacet
   facet normal 0 -6.93889e-16 1
      outer loop
         vertex 0.0134895 -0.0484027 0.0155
         vertex 0.0134895 -0.0469017 0.0155
         vertex 0.00405 -0.0469017 0.0155
      endloop
   endfacet
   facet normal 0 -6.93889e-16 1
      outer loop
         vertex 0.00405 -0.0484027 0.0155
         vertex 0.00405 -0.0469017 0.0155
         vertex -0.00245 -0.0469017 0.0155
      endloop
   endfacet
   facet normal 0 -6.93889e-16 1
      outer loop
         vertex -0.00245 -0.0484027 0.0155
         vertex -0.00245 -0.0469017 0.0155
         vertex -0.00405 -0.0469017 0.0155
      endloop
   endfacet
   facet normal 0 -6.93889e-16 1
      outer loop
         vertex -0.00405 -0.0484027 0.0155
         vertex -0.00405 -0.0469017 0.0155
         vertex -0.00740404 -0.0469017 0.0155
      endloop
   endfacet
   facet normal 0 -6.93889e-16 1
      outer loop
         vertex -0.00740404 -0.0484027 0.0155
         vertex -0.00740404 -0.0469017 0.0155
         vertex -0.00982904 -0.0469017 0.0155
      endloop
   endfacet
   facet normal 0 -6.93889e-16 1
      outer loop
         vertex -0.00982904 -0.0484027 0.0155
         vertex -0.00982904 -0.0469017 0.0155
         vertex -0.0145 -0.0469017 0.0155
      endloop
   endfacet
   facet normal 0 -6.93889e-16 1
      outer loop
         vertex 0.0436251 -0.0553153 0.0155
         vertex 0.0436251 -0.0484027 0.0155
         vertex 0.0413784 -0.0484027 0.0155
      endloop
   endfacet
   facet normal 0 -6.93889e-16 1
      outer loop
         vertex 0.0413784 -0.0553153 0.0155
         vertex 0.0413784 -0.0484027 0.0155
         vertex 0.0364677 -0.0484027 0.0155
      endloop
   endfacet
   facet normal 0 -6.93889e-16 1
      outer loop
         vertex 0.0286842 -0.0515954 0.0155
         vertex 0.0281485 -0.0517019 0.0155
         vertex 0.0257248 -0.0553153 0.0155
      endloop
   endfacet
   facet normal 0 -6.93889e-16 1
      outer loop
         vertex 0.0257248 -0.0553153 0.0155
         vertex 0.0257248 -0.0484027 0.0155
         vertex 0.0211151 -0.0484027 0.0155
      endloop
   endfacet
   facet normal 0 -6.93889e-16 1
      outer loop
         vertex 0.0211151 -0.0553153 0.0155
         vertex 0.0211151 -0.0484027 0.0155
         vertex 0.0156293 -0.0484027 0.0155
      endloop
   endfacet
   facet normal 0 -6.93889e-16 1
      outer loop
         vertex 0.0156293 -0.0553153 0.0155
         vertex 0.0156293 -0.0484027 0.0155
         vertex 0.0134895 -0.0484027 0.0155
      endloop
   endfacet
   facet normal 0 -6.93889e-16 1
      outer loop
         vertex 0.0134895 -0.0553153 0.0155
         vertex 0.0134895 -0.0484027 0.0155
         vertex 0.00405 -0.0484027 0.0155
      endloop
   endfacet
   facet normal 0 -6.93889e-16 1
      outer loop
         vertex 0.00405 -0.0553153 0.0155
         vertex 0.00405 -0.0484027 0.0155
         vertex -0.00245 -0.0484027 0.0155
      endloop
   endfacet
   facet normal 0 -6.93889e-16 1
      outer loop
         vertex -0.00245 -0.0553153 0.0155
         vertex -0.00245 -0.0484027 0.0155
         vertex -0.00405 -0.0484027 0.0155
      endloop
   endfacet
   facet normal 0 -6.93889e-16 1
      outer loop
         vertex -0.00405 -0.0553153 0.0155
         vertex -0.00405 -0.0484027 0.0155
         vertex -0.00740404 -0.0484027 0.0155
      endloop
   endfacet
   facet normal 0 -6.93889e-16 1
      outer loop
         vertex -0.00740404 -0.0553153 0.0155
         vertex -0.00740404 -0.0484027 0.0155
         vertex -0.00982904 -0.0484027 0.0155
      endloop
   endfacet
   facet normal 0 -6.93889e-16 1
      outer loop
         vertex 0.0436251 -0.0594257 0.0155
         vertex 0.0436251 -0.0553153 0.0155
         vertex 0.0413784 -0.0553153 0.0155
      endloop
   endfacet
   facet normal 0 -6.93889e-16 1
      outer loop
         vertex -0.00245 -0.0594257 0.0155
         vertex -0.00245 -0.0553153 0.0155
         vertex -0.00405 -0.0553153 0.0155
      endloop
   endfacet
   facet normal 0 -6.93889e-16 1
      outer loop
         vertex -0.00405 -0.0594257 0.0155
         vertex -0.00405 -0.0553153 0.0155
         vertex -0.00740404 -0.0553153 0.0155
      endloop
   endfacet
   facet normal 0 -6.93889e-16 1
      outer loop
         vertex -0.00740404 -0.0594257 0.0155
         vertex -0.00740404 -0.0553153 0.0155
         vertex -0.00982904 -0.0553153 0.0155
      endloop
   endfacet
   facet normal 0 -6.93889e-16 1
      outer loop
         vertex 0.0646501 -0.0620033 0.0155
         vertex 0.0646501 -0.0594257 0.0155
         vertex 0.0602158 -0.0594257 0.0155
      endloop
   endfacet
   facet normal 0 -6.93889e-16 1
      outer loop
         vertex 0.0602158 -0.0620033 0.0155
         vertex 0.0602158 -0.0594257 0.0155
         vertex 0.0560717 -0.0594257 0.0155
      endloop
   endfacet
   facet normal 0 -6.93889e-16 1
      outer loop
         vertex 0.0510755 -0.0620033 0.0155
         vertex 0.0510755 -0.0594257 0.0155
         vertex 0.0436251 -0.0594257 0.0155
      endloop
   endfacet
   facet normal 0 -6.93889e-16 1
      outer loop
         vertex 0.0436251 -0.0620033 0.0155
         vertex 0.0436251 -0.0594257 0.0155
         vertex 0.0413784 -0.0594257 0.0155
      endloop
   endfacet
   facet normal 0 -6.93889e-16 1
      outer loop
         vertex 0.0646501 -0.0679169 0.0155
         vertex 0.0646501 -0.0620033 0.0155
         vertex 0.0602158 -0.0620033 0.0155
      endloop
   endfacet
   facet normal 0 -6.93889e-16 1
      outer loop
         vertex 0.0602158 -0.0679169 0.0155
         vertex 0.0602158 -0.0620033 0.0155
         vertex 0.0560717 -0.0620033 0.0155
      endloop
   endfacet
   facet normal 0 -6.93889e-16 1
      outer loop
         vertex 0.0560717 -0.0679169 0.0155
         vertex 0.0560717 -0.0620033 0.0155
         vertex 0.0533776 -0.0620033 0.0155
      endloop
   endfacet
   facet normal 0 -6.93889e-16 1
      outer loop
         vertex -0.00740404 -0.0679169 0.0155
         vertex -0.00740404 -0.0620033 0.0155
         vertex -0.00982904 -0.0620033 0.0155
      endloop
   endfacet
   facet normal 0 -6.93889e-16 1
      outer loop
         vertex -0.00405 -0.080678 0.0155
         vertex -0.00405 -0.0679169 0.0155
         vertex -0.00740404 -0.0679169 0.0155
      endloop
   endfacet
   facet normal 0 -6.93889e-16 1
      outer loop
         vertex 0.0560717 -0.085 0.0155
         vertex 0.0560717 -0.080678 0.0155
         vertex 0.0533776 -0.080678 0.0155
      endloop
   endfacet
   facet normal 0 -6.93889e-16 1
      outer loop
         vertex -0.00405 -0.085 0.0155
         vertex -0.00405 -0.080678 0.0155
         vertex -0.00740404 -0.080678 0.0155
      endloop
   endfacet
   facet normal 0 -1 -6.96987e-16
      outer loop
         vertex 0.016129 -0.0102547 0.0147
         vertex 0.016129 -0.0102547 0.0155
         vertex 0.0156293 -0.0103541 0.0155
      endloop
   endfacet
   facet normal 0.358663 -0.933467 -6.47723e-16
      outer loop
         vertex 0.0156293 -0.0103541 0.0155
         vertex 0.0155932 -0.0103613 0.0147
         vertex 0.016129 -0.0102547 0.0147
      endloop
   endfacet
   facet normal 0.707107 -0.707107 -4.90654e-16
      outer loop
         vertex 0.015139 -0.0106647 0.0147
         vertex 0.0155932 -0.0103613 0.0147
         vertex 0.0155932 -0.0103613 0.0155
      endloop
   endfacet
   facet normal 0.92388 -0.382683 -2.6554e-16
      outer loop
         vertex 0.0148356 -0.0111189 0.0147
         vertex 0.015139 -0.0106647 0.0147
         vertex 0.015139 -0.0106647 0.0155
      endloop
   endfacet
   facet normal 0.92388 -0.382683 -2.6554e-16
      outer loop
         vertex 0.0148356 -0.0111189 0.0147
         vertex 0.0148356 -0.0111189 0.0155
         vertex 0.0147384 -0.0116074 0.0155
      endloop
   endfacet
   facet normal 0.999422 -0.0340073 -2.35973e-17
      outer loop
         vertex 0.0147384 -0.0116074 0.0155
         vertex 0.014729 -0.0116547 0.0147
         vertex 0.0148356 -0.0111189 0.0147
      endloop
   endfacet
   facet normal 0.92388 0.382683 2.6554e-16
      outer loop
         vertex 0.0148356 -0.0121904 0.0147
         vertex 0.014729 -0.0116547 0.0147
         vertex 0.014729 -0.0116547 0.0155
      endloop
   endfacet
   facet normal 0.707107 0.707107 4.90654e-16
      outer loop
         vertex 0.015139 -0.0126446 0.0147
         vertex 0.0148356 -0.0121904 0.0147
         vertex 0.0148356 -0.0121904 0.0155
      endloop
   endfacet
   facet normal 0.382683 0.92388 6.4107e-16
      outer loop
         vertex 0.0155932 -0.0129481 0.0147
         vertex 0.015139 -0.0126446 0.0147
         vertex 0.015139 -0.0126446 0.0155
      endloop
   endfacet
   facet normal -1.22465e-16 1 6.93889e-16
      outer loop
         vertex 0.016129 -0.0130547 0.0147
         vertex 0.0155932 -0.0129481 0.0147
         vertex 0.0156293 -0.0129553 0.0155
      endloop
   endfacet
   facet normal 0.382683 0.92388 6.4107e-16
      outer loop
         vertex 0.0155932 -0.0129481 0.0147
         vertex 0.0155932 -0.0129481 0.0155
         vertex 0.0156293 -0.0129553 0.0155
      endloop
   endfacet
   facet normal -0.382683 0.92388 6.4107e-16
      outer loop
         vertex 0.0166647 -0.0129481 0.0147
         vertex 0.016129 -0.0130547 0.0147
         vertex 0.016129 -0.0130547 0.0155
      endloop
   endfacet
   facet normal -0.707107 0.707107 4.90654e-16
      outer loop
         vertex 0.0171189 -0.0126446 0.0147
         vertex 0.0166647 -0.0129481 0.0147
         vertex 0.0166647 -0.0129481 0.0155
      endloop
   endfacet
   facet normal -0.92388 0.382683 2.6554e-16
      outer loop
         vertex 0.0174224 -0.0121904 0.0147
         vertex 0.0171189 -0.0126446 0.0147
         vertex 0.0171189 -0.0126446 0.0155
      endloop
   endfacet
   facet normal -1 -6.12323e-17 -4.24885e-32
      outer loop
         vertex 0.017529 -0.0116547 0.0147
         vertex 0.0174224 -0.0121904 0.0147
         vertex 0.0174224 -0.0121904 0.0155
      endloop
   endfacet
   facet normal -0.92388 -0.382683 -2.6554e-16
      outer loop
         vertex 0.0174224 -0.0111189 0.0147
         vertex 0.017529 -0.0116547 0.0147
         vertex 0.0175196 -0.0116074 0.0155
      endloop
   endfacet
   facet normal -1 -6.12323e-17 -4.24885e-32
      outer loop
         vertex 0.017529 -0.0116547 0.0147
         vertex 0.017529 -0.0116547 0.0155
         vertex 0.0175196 -0.0116074 0.0155
      endloop
   endfacet
   facet normal -0.707107 -0.707107 -4.90654e-16
      outer loop
         vertex 0.0171189 -0.0106647 0.0147
         vertex 0.0174224 -0.0111189 0.0147
         vertex 0.0174224 -0.0111189 0.0155
      endloop
   endfacet
   facet normal -0.382683 -0.92388 -6.4107e-16
      outer loop
         vertex 0.0166647 -0.0103613 0.0147
         vertex 0.0171189 -0.0106647 0.0147
         vertex 0.0171189 -0.0106647 0.0155
      endloop
   endfacet
   facet normal 0 -1 -6.96987e-16
      outer loop
         vertex 0.016129 -0.0102547 0.0147
         vertex 0.0166647 -0.0103613 0.0147
         vertex 0.0166647 -0.0103613 0.0155
      endloop
   endfacet
   facet normal -0.382683 -0.92388 -6.4107e-16
      outer loop
         vertex 0.0166647 -0.0103613 0.0155
         vertex 0.016129 -0.0102547 0.0155
         vertex 0.016129 -0.0102547 0.0147
      endloop
   endfacet
   facet normal -0.707107 -0.707107 -4.90654e-16
      outer loop
         vertex 0.0171189 -0.0106647 0.0155
         vertex 0.0166647 -0.0103613 0.0155
         vertex 0.0166647 -0.0103613 0.0147
      endloop
   endfacet
   facet normal -0.92388 -0.382683 -2.6554e-16
      outer loop
         vertex 0.0174224 -0.0111189 0.0155
         vertex 0.0171189 -0.0106647 0.0155
         vertex 0.0171189 -0.0106647 0.0147
      endloop
   endfacet
   facet normal -0.999422 -0.0340073 -2.35973e-17
      outer loop
         vertex 0.0175196 -0.0116074 0.0155
         vertex 0.0174224 -0.0111189 0.0155
         vertex 0.0174224 -0.0111189 0.0147
      endloop
   endfacet
   facet normal -0.92388 0.382683 2.6554e-16
      outer loop
         vertex 0.0174224 -0.0121904 0.0155
         vertex 0.017529 -0.0116547 0.0155
         vertex 0.017529 -0.0116547 0.0147
      endloop
   endfacet
   facet normal -0.707107 0.707107 4.90654e-16
      outer loop
         vertex 0.0171189 -0.0126446 0.0155
         vertex 0.0174224 -0.0121904 0.0155
         vertex 0.0174224 -0.0121904 0.0147
      endloop
   endfacet
   facet normal -0.382683 0.92388 6.4107e-16
      outer loop
         vertex 0.0166647 -0.0129481 0.0155
         vertex 0.0171189 -0.0126446 0.0155
         vertex 0.0171189 -0.0126446 0.0147
      endloop
   endfacet
   facet normal -1.22465e-16 1 6.93889e-16
      outer loop
         vertex 0.016129 -0.0130547 0.0155
         vertex 0.0166647 -0.0129481 0.0155
         vertex 0.0166647 -0.0129481 0.0147
      endloop
   endfacet
   facet normal 0.358663 0.933467 6.47723e-16
      outer loop
         vertex 0.0156293 -0.0129553 0.0155
         vertex 0.016129 -0.0130547 0.0155
         vertex 0.016129 -0.0130547 0.0147
      endloop
   endfacet
   facet normal 0.707107 0.707107 4.90654e-16
      outer loop
         vertex 0.015139 -0.0126446 0.0155
         vertex 0.0155932 -0.0129481 0.0155
         vertex 0.0155932 -0.0129481 0.0147
      endloop
   endfacet
   facet normal 0.92388 0.382683 2.6554e-16
      outer loop
         vertex 0.0148356 -0.0121904 0.0155
         vertex 0.015139 -0.0126446 0.0155
         vertex 0.015139 -0.0126446 0.0147
      endloop
   endfacet
   facet normal 1 1.83697e-16 1.27465e-31
      outer loop
         vertex 0.014729 -0.0116547 0.0155
         vertex 0.0148356 -0.0121904 0.0155
         vertex 0.0148356 -0.0121904 0.0147
      endloop
   endfacet
   facet normal 0.999422 -0.0340073 -2.35973e-17
      outer loop
         vertex 0.0147384 -0.0116074 0.0155
         vertex 0.014729 -0.0116547 0.0155
         vertex 0.014729 -0.0116547 0.0147
      endloop
   endfacet
   facet normal 0.707107 -0.707107 -4.90654e-16
      outer loop
         vertex 0.015139 -0.0106647 0.0155
         vertex 0.0148356 -0.0111189 0.0155
         vertex 0.0148356 -0.0111189 0.0147
      endloop
   endfacet
   facet normal 0.382683 -0.92388 -6.4107e-16
      outer loop
         vertex 0.0155932 -0.0103613 0.0155
         vertex 0.015139 -0.0106647 0.0155
         vertex 0.015139 -0.0106647 0.0147
      endloop
   endfacet
   facet normal 0.358663 -0.933467 -6.47723e-16
      outer loop
         vertex 0.0156293 -0.0103541 0.0155
         vertex 0.0155932 -0.0103613 0.0155
         vertex 0.0155932 -0.0103613 0.0147
      endloop
   endfacet
   facet normal 0 -6.93889e-16 1
      outer loop
         vertex 0.0171189 -0.0126446 0.0147
         vertex 0.0174224 -0.0121904 0.0147
         vertex 0.0170529 -0.0120374 0.0147
      endloop
   endfacet
   facet normal 0 -6.93889e-16 1
      outer loop
         vertex 0.0174224 -0.0121904 0.0147
         vertex 0.017529 -0.0116547 0.0147
         vertex 0.017129 -0.0116547 0.0147
      endloop
   endfacet
   facet normal 0 -6.93889e-16 1
      outer loop
         vertex 0.017129 -0.0116547 0.0147
         vertex 0.0170529 -0.0120374 0.0147
         vertex 0.0174224 -0.0121904 0.0147
      endloop
   endfacet
   facet normal 0 -6.93889e-16 1
      outer loop
         vertex 0.0174224 -0.0111189 0.0147
         vertex 0.0170529 -0.011272 0.0147
         vertex 0.017129 -0.0116547 0.0147
      endloop
   endfacet
   facet normal 0 -6.93889e-16 1
      outer loop
         vertex 0.0171189 -0.0106647 0.0147
         vertex 0.0168361 -0.0109476 0.0147
         vertex 0.0170529 -0.011272 0.0147
      endloop
   endfacet
   facet normal 0 -6.93889e-16 1
      outer loop
         vertex 0.0171189 -0.0106647 0.0147
         vertex 0.0166647 -0.0103613 0.0147
         vertex 0.0165117 -0.0107308 0.0147
      endloop
   endfacet
   facet normal 0 -6.93889e-16 1
      outer loop
         vertex 0.017129 -0.0116547 0.0147
         vertex 0.017529 -0.0116547 0.0147
         vertex 0.0174224 -0.0111189 0.0147
      endloop
   endfacet
   facet normal 0 -6.93889e-16 1
      outer loop
         vertex 0.0165117 -0.0107308 0.0147
         vertex 0.0168361 -0.0109476 0.0147
         vertex 0.0171189 -0.0106647 0.0147
      endloop
   endfacet
   facet normal 0 -6.93889e-16 1
      outer loop
         vertex 0.0155932 -0.0103613 0.0147
         vertex 0.0157463 -0.0107308 0.0147
         vertex 0.016129 -0.0106547 0.0147
      endloop
   endfacet
   facet normal 0 -6.93889e-16 1
      outer loop
         vertex 0.0155932 -0.0103613 0.0147
         vertex 0.015139 -0.0106647 0.0147
         vertex 0.0154219 -0.0109476 0.0147
      endloop
   endfacet
   facet normal 0 -6.93889e-16 1
      outer loop
         vertex 0.0166647 -0.0129481 0.0147
         vertex 0.0165117 -0.0125786 0.0147
         vertex 0.016129 -0.0126547 0.0147
      endloop
   endfacet
   facet normal 0 -6.93889e-16 1
      outer loop
         vertex 0.0166647 -0.0129481 0.0147
         vertex 0.0171189 -0.0126446 0.0147
         vertex 0.0168361 -0.0123618 0.0147
      endloop
   endfacet
   facet normal 0 -6.93889e-16 1
      outer loop
         vertex 0.0170529 -0.011272 0.0147
         vertex 0.0174224 -0.0111189 0.0147
         vertex 0.0171189 -0.0106647 0.0147
      endloop
   endfacet
   facet normal 0 -6.93889e-16 1
      outer loop
         vertex 0.0166647 -0.0103613 0.0147
         vertex 0.016129 -0.0102547 0.0147
         vertex 0.016129 -0.0106547 0.0147
      endloop
   endfacet
   facet normal 0 -6.93889e-16 1
      outer loop
         vertex 0.0154219 -0.0109476 0.0147
         vertex 0.0157463 -0.0107308 0.0147
         vertex 0.0155932 -0.0103613 0.0147
      endloop
   endfacet
   facet normal 0 -6.93889e-16 1
      outer loop
         vertex 0.015139 -0.0106647 0.0147
         vertex 0.0148356 -0.0111189 0.0147
         vertex 0.0152051 -0.011272 0.0147
      endloop
   endfacet
   facet normal 0 -6.93889e-16 1
      outer loop
         vertex 0.0148356 -0.0121904 0.0147
         vertex 0.0152051 -0.0120374 0.0147
         vertex 0.015129 -0.0116547 0.0147
      endloop
   endfacet
   facet normal 0 -6.93889e-16 1
      outer loop
         vertex 0.0148356 -0.0121904 0.0147
         vertex 0.015139 -0.0126446 0.0147
         vertex 0.0154219 -0.0123618 0.0147
      endloop
   endfacet
   facet normal 0 -6.93889e-16 1
      outer loop
         vertex 0.0168361 -0.0123618 0.0147
         vertex 0.0165117 -0.0125786 0.0147
         vertex 0.0166647 -0.0129481 0.0147
      endloop
   endfacet
   facet normal 0 -6.93889e-16 1
      outer loop
         vertex 0.016129 -0.0106547 0.0147
         vertex 0.0165117 -0.0107308 0.0147
         vertex 0.0166647 -0.0103613 0.0147
      endloop
   endfacet
   facet normal 0 -6.93889e-16 1
      outer loop
         vertex 0.0152051 -0.011272 0.0147
         vertex 0.0154219 -0.0109476 0.0147
         vertex 0.015139 -0.0106647 0.0147
      endloop
   endfacet
   facet normal 0 -6.93889e-16 1
      outer loop
         vertex 0.014729 -0.0116547 0.0147
         vertex 0.015129 -0.0116547 0.0147
         vertex 0.0152051 -0.011272 0.0147
      endloop
   endfacet
   facet normal 0 -6.93889e-16 1
      outer loop
         vertex 0.0154219 -0.0123618 0.0147
         vertex 0.0152051 -0.0120374 0.0147
         vertex 0.0148356 -0.0121904 0.0147
      endloop
   endfacet
   facet normal 0 -6.93889e-16 1
      outer loop
         vertex 0.015139 -0.0126446 0.0147
         vertex 0.0155932 -0.0129481 0.0147
         vertex 0.0157463 -0.0125786 0.0147
      endloop
   endfacet
   facet normal 0 -6.93889e-16 1
      outer loop
         vertex 0.0170529 -0.0120374 0.0147
         vertex 0.0168361 -0.0123618 0.0147
         vertex 0.0171189 -0.0126446 0.0147
      endloop
   endfacet
   facet normal 0 -6.93889e-16 1
      outer loop
         vertex 0.0152051 -0.011272 0.0147
         vertex 0.0148356 -0.0111189 0.0147
         vertex 0.014729 -0.0116547 0.0147
      endloop
   endfacet
   facet normal 0 -6.93889e-16 1
      outer loop
         vertex 0.0157463 -0.0125786 0.0147
         vertex 0.0154219 -0.0123618 0.0147
         vertex 0.015139 -0.0126446 0.0147
      endloop
   endfacet
   facet normal 0 -6.93889e-16 1
      outer loop
         vertex 0.0155932 -0.0129481 0.0147
         vertex 0.016129 -0.0130547 0.0147
         vertex 0.016129 -0.0126547 0.0147
      endloop
   endfacet
   facet normal 0 -6.93889e-16 1
      outer loop
         vertex 0.016129 -0.0106547 0.0147
         vertex 0.016129 -0.0102547 0.0147
         vertex 0.0155932 -0.0103613 0.0147
      endloop
   endfacet
   facet normal 0 -6.93889e-16 1
      outer loop
         vertex 0.016129 -0.0126547 0.0147
         vertex 0.0157463 -0.0125786 0.0147
         vertex 0.0155932 -0.0129481 0.0147
      endloop
   endfacet
   facet normal 0 -6.93889e-16 1
      outer loop
         vertex 0.015129 -0.0116547 0.0147
         vertex 0.014729 -0.0116547 0.0147
         vertex 0.0148356 -0.0121904 0.0147
      endloop
   endfacet
   facet normal 0 -6.93889e-16 1
      outer loop
         vertex 0.016129 -0.0126547 0.0147
         vertex 0.016129 -0.0130547 0.0147
         vertex 0.0166647 -0.0129481 0.0147
      endloop
   endfacet
   facet normal 0.382683 -0.92388 -6.4107e-16
      outer loop
         vertex 0.0157463 -0.0107308 0.0075
         vertex 0.016129 -0.0106547 0.0075
         vertex 0.016129 -0.0106547 0.0147
      endloop
   endfacet
   facet normal 0.707107 -0.707107 -4.90654e-16
      outer loop
         vertex 0.0154219 -0.0109476 0.0075
         vertex 0.0157463 -0.0107308 0.0075
         vertex 0.0157463 -0.0107308 0.0147
      endloop
   endfacet
   facet normal 0.92388 -0.382683 -2.6554e-16
      outer loop
         vertex 0.0152051 -0.011272 0.0075
         vertex 0.0154219 -0.0109476 0.0075
         vertex 0.0154219 -0.0109476 0.0147
      endloop
   endfacet
   facet normal 1 1.07188e-15 7.43763e-31
      outer loop
         vertex 0.015129 -0.0116547 0.0075
         vertex 0.0152051 -0.011272 0.0075
         vertex 0.0152051 -0.011272 0.0147
      endloop
   endfacet
   facet normal 0.92388 0.382683 2.6554e-16
      outer loop
         vertex 0.0152051 -0.0120374 0.0075
         vertex 0.015129 -0.0116547 0.0075
         vertex 0.015129 -0.0116547 0.0147
      endloop
   endfacet
   facet normal 0.707107 0.707107 4.90654e-16
      outer loop
         vertex 0.0154219 -0.0123618 0.0075
         vertex 0.0152051 -0.0120374 0.0075
         vertex 0.0152051 -0.0120374 0.0147
      endloop
   endfacet
   facet normal 0.382683 0.92388 6.4107e-16
      outer loop
         vertex 0.0157463 -0.0125786 0.0075
         vertex 0.0154219 -0.0123618 0.0075
         vertex 0.0154219 -0.0123618 0.0147
      endloop
   endfacet
   facet normal -1.22465e-16 1 6.93889e-16
      outer loop
         vertex 0.016129 -0.0126547 0.0075
         vertex 0.0157463 -0.0125786 0.0075
         vertex 0.0157463 -0.0125786 0.0147
      endloop
   endfacet
   facet normal -0.382683 0.92388 6.4107e-16
      outer loop
         vertex 0.0165117 -0.0125786 0.0075
         vertex 0.016129 -0.0126547 0.0075
         vertex 0.016129 -0.0126547 0.0147
      endloop
   endfacet
   facet normal -0.707107 0.707107 4.90654e-16
      outer loop
         vertex 0.0168361 -0.0123618 0.0075
         vertex 0.0165117 -0.0125786 0.0075
         vertex 0.0165117 -0.0125786 0.0147
      endloop
   endfacet
   facet normal -0.92388 0.382683 2.6554e-16
      outer loop
         vertex 0.0170529 -0.0120374 0.0075
         vertex 0.0168361 -0.0123618 0.0075
         vertex 0.0168361 -0.0123618 0.0147
      endloop
   endfacet
   facet normal -1 6.04901e-16 4.19735e-31
      outer loop
         vertex 0.017129 -0.0116547 0.0075
         vertex 0.0170529 -0.0120374 0.0075
         vertex 0.0170529 -0.0120374 0.0147
      endloop
   endfacet
   facet normal -0.92388 -0.382683 -2.6554e-16
      outer loop
         vertex 0.0170529 -0.011272 0.0075
         vertex 0.017129 -0.0116547 0.0075
         vertex 0.017129 -0.0116547 0.0147
      endloop
   endfacet
   facet normal -0.707107 -0.707107 -4.90654e-16
      outer loop
         vertex 0.0168361 -0.0109476 0.0075
         vertex 0.0170529 -0.011272 0.0075
         vertex 0.0170529 -0.011272 0.0147
      endloop
   endfacet
   facet normal -0.382683 -0.92388 -6.4107e-16
      outer loop
         vertex 0.0165117 -0.0107308 0.0075
         vertex 0.0168361 -0.0109476 0.0075
         vertex 0.0168361 -0.0109476 0.0147
      endloop
   endfacet
   facet normal 0 -1 0
      outer loop
         vertex 0.016129 -0.0106547 0.0075
         vertex 0.0165117 -0.0107308 0.0075
         vertex 0.0165117 -0.0107308 0.0147
      endloop
   endfacet
   facet normal -0.382683 -0.92388 -6.4107e-16
      outer loop
         vertex 0.0165117 -0.0107308 0.0147
         vertex 0.016129 -0.0106547 0.0147
         vertex 0.016129 -0.0106547 0.0075
      endloop
   endfacet
   facet normal -0.707107 -0.707107 -4.90654e-16
      outer loop
         vertex 0.0168361 -0.0109476 0.0147
         vertex 0.0165117 -0.0107308 0.0147
         vertex 0.0165117 -0.0107308 0.0075
      endloop
   endfacet
   facet normal -0.92388 -0.382683 -2.6554e-16
      outer loop
         vertex 0.0170529 -0.011272 0.0147
         vertex 0.0168361 -0.0109476 0.0147
         vertex 0.0168361 -0.0109476 0.0075
      endloop
   endfacet
   facet normal -1 6.04901e-16 4.19735e-31
      outer loop
         vertex 0.017129 -0.0116547 0.0147
         vertex 0.0170529 -0.011272 0.0147
         vertex 0.0170529 -0.011272 0.0075
      endloop
   endfacet
   facet normal -0.92388 0.382683 2.6554e-16
      outer loop
         vertex 0.0170529 -0.0120374 0.0147
         vertex 0.017129 -0.0116547 0.0147
         vertex 0.017129 -0.0116547 0.0075
      endloop
   endfacet
   facet normal -0.707107 0.707107 4.90654e-16
      outer loop
         vertex 0.0168361 -0.0123618 0.0147
         vertex 0.0170529 -0.0120374 0.0147
         vertex 0.0170529 -0.0120374 0.0075
      endloop
   endfacet
   facet normal -0.382683 0.92388 6.4107e-16
      outer loop
         vertex 0.0165117 -0.0125786 0.0147
         vertex 0.0168361 -0.0123618 0.0147
         vertex 0.0168361 -0.0123618 0.0075
      endloop
   endfacet
   facet normal -1.22465e-16 1 6.93889e-16
      outer loop
         vertex 0.016129 -0.0126547 0.0147
         vertex 0.0165117 -0.0125786 0.0147
         vertex 0.0165117 -0.0125786 0.0075
      endloop
   endfacet
   facet normal 0.382683 0.92388 6.4107e-16
      outer loop
         vertex 0.0157463 -0.0125786 0.0147
         vertex 0.016129 -0.0126547 0.0147
         vertex 0.016129 -0.0126547 0.0075
      endloop
   endfacet
   facet normal 0.707107 0.707107 4.90654e-16
      outer loop
         vertex 0.0154219 -0.0123618 0.0147
         vertex 0.0157463 -0.0125786 0.0147
         vertex 0.0157463 -0.0125786 0.0075
      endloop
   endfacet
   facet normal 0.92388 0.382683 2.6554e-16
      outer loop
         vertex 0.0152051 -0.0120374 0.0147
         vertex 0.0154219 -0.0123618 0.0147
         vertex 0.0154219 -0.0123618 0.0075
      endloop
   endfacet
   facet normal 1 1.07188e-15 7.43763e-31
      outer loop
         vertex 0.015129 -0.0116547 0.0147
         vertex 0.0152051 -0.0120374 0.0147
         vertex 0.0152051 -0.0120374 0.0075
      endloop
   endfacet
   facet normal 0.92388 -0.382683 -2.6554e-16
      outer loop
         vertex 0.0152051 -0.011272 0.0147
         vertex 0.015129 -0.0116547 0.0147
         vertex 0.015129 -0.0116547 0.0075
      endloop
   endfacet
   facet normal 0.707107 -0.707107 -4.90654e-16
      outer loop
         vertex 0.0154219 -0.0109476 0.0147
         vertex 0.0152051 -0.011272 0.0147
         vertex 0.0152051 -0.011272 0.0075
      endloop
   endfacet
   facet normal 0.382683 -0.92388 -6.4107e-16
      outer loop
         vertex 0.0157463 -0.0107308 0.0147
         vertex 0.0154219 -0.0109476 0.0147
         vertex 0.0154219 -0.0109476 0.0075
      endloop
   endfacet
   facet normal 0 -1 0
      outer loop
         vertex 0.016129 -0.0106547 0.0147
         vertex 0.0157463 -0.0107308 0.0147
         vertex 0.0157463 -0.0107308 0.0075
      endloop
   endfacet
   facet normal 0.100479 0.505142 0.857167
      outer loop
         vertex 0.016129 -0.0116547 0.00689914
         vertex 0.0157463 -0.0125786 0.0075
         vertex 0.016129 -0.0126547 0.0075
      endloop
   endfacet
   facet normal 0.28614 0.428239 0.857167
      outer loop
         vertex 0.016129 -0.0116547 0.00689914
         vertex 0.0154219 -0.0123618 0.0075
         vertex 0.0157463 -0.0125786 0.0075
      endloop
   endfacet
   facet normal 0.428239 0.28614 0.857167
      outer loop
         vertex 0.016129 -0.0116547 0.00689914
         vertex 0.0152051 -0.0120374 0.0075
         vertex 0.0154219 -0.0123618 0.0075
      endloop
   endfacet
   facet normal 0.505142 0.100479 0.857167
      outer loop
         vertex 0.016129 -0.0116547 0.00689914
         vertex 0.015129 -0.0116547 0.0075
         vertex 0.0152051 -0.0120374 0.0075
      endloop
   endfacet
   facet normal 0.505142 -0.100479 0.857167
      outer loop
         vertex 0.016129 -0.0116547 0.00689914
         vertex 0.0152051 -0.011272 0.0075
         vertex 0.015129 -0.0116547 0.0075
      endloop
   endfacet
   facet normal 0.428239 -0.28614 0.857167
      outer loop
         vertex 0.016129 -0.0116547 0.00689914
         vertex 0.0154219 -0.0109476 0.0075
         vertex 0.0152051 -0.011272 0.0075
      endloop
   endfacet
   facet normal 0.28614 -0.428239 0.857167
      outer loop
         vertex 0.016129 -0.0116547 0.00689914
         vertex 0.0157463 -0.0107308 0.0075
         vertex 0.0154219 -0.0109476 0.0075
      endloop
   endfacet
   facet normal 0.100479 -0.505142 0.857167
      outer loop
         vertex 0.016129 -0.0116547 0.00689914
         vertex 0.016129 -0.0106547 0.0075
         vertex 0.0157463 -0.0107308 0.0075
      endloop
   endfacet
   facet normal -0.100479 -0.505142 0.857167
      outer loop
         vertex 0.016129 -0.0116547 0.00689914
         vertex 0.0165117 -0.0107308 0.0075
         vertex 0.016129 -0.0106547 0.0075
      endloop
   endfacet
   facet normal -0.28614 -0.428239 0.857167
      outer loop
         vertex 0.016129 -0.0116547 0.00689914
         vertex 0.0168361 -0.0109476 0.0075
         vertex 0.0165117 -0.0107308 0.0075
      endloop
   endfacet
   facet normal -0.428239 -0.28614 0.857167
      outer loop
         vertex 0.016129 -0.0116547 0.00689914
         vertex 0.0170529 -0.011272 0.0075
         vertex 0.0168361 -0.0109476 0.0075
      endloop
   endfacet
   facet normal -0.505142 -0.100479 0.857167
      outer loop
         vertex 0.016129 -0.0116547 0.00689914
         vertex 0.017129 -0.0116547 0.0075
         vertex 0.0170529 -0.011272 0.0075
      endloop
   endfacet
   facet normal -0.505142 0.100479 0.857167
      outer loop
         vertex 0.016129 -0.0116547 0.00689914
         vertex 0.0170529 -0.0120374 0.0075
         vertex 0.017129 -0.0116547 0.0075
      endloop
   endfacet
   facet normal -0.428239 0.28614 0.857167
      outer loop
         vertex 0.016129 -0.0116547 0.00689914
         vertex 0.0168361 -0.0123618 0.0075
         vertex 0.0170529 -0.0120374 0.0075
      endloop
   endfacet
   facet normal -0.28614 0.428239 0.857167
      outer loop
         vertex 0.016129 -0.0116547 0.00689914
         vertex 0.0165117 -0.0125786 0.0075
         vertex 0.0168361 -0.0123618 0.0075
      endloop
   endfacet
   facet normal -0.100479 0.505142 0.857167
      outer loop
         vertex 0.016129 -0.0116547 0.00689914
         vertex 0.016129 -0.0126547 0.0075
         vertex 0.0165117 -0.0125786 0.0075
      endloop
   endfacet
   facet normal 0.382683 -0.92388 -6.4107e-16
      outer loop
         vertex 0.0470037 -0.0187914 0.0147
         vertex 0.0475394 -0.0186849 0.0147
         vertex 0.0475394 -0.0186849 0.0155
      endloop
   endfacet
   facet normal 0.707107 -0.707107 -4.90654e-16
      outer loop
         vertex 0.0465495 -0.0190949 0.0147
         vertex 0.0470037 -0.0187914 0.0147
         vertex 0.0470037 -0.0187914 0.0155
      endloop
   endfacet
   facet normal 0.92388 -0.382683 -2.6554e-16
      outer loop
         vertex 0.046246 -0.0195491 0.0147
         vertex 0.0465495 -0.0190949 0.0147
         vertex 0.0465495 -0.0190949 0.0155
      endloop
   endfacet
   facet normal 1 1.83697e-16 1.27465e-31
      outer loop
         vertex 0.0461394 -0.0200849 0.0147
         vertex 0.046246 -0.0195491 0.0147
         vertex 0.046246 -0.0195491 0.0155
      endloop
   endfacet
   facet normal 0.92388 0.382683 2.6554e-16
      outer loop
         vertex 0.046246 -0.0206206 0.0147
         vertex 0.0461394 -0.0200849 0.0147
         vertex 0.0461394 -0.0200849 0.0155
      endloop
   endfacet
   facet normal 0.707107 0.707107 4.90654e-16
      outer loop
         vertex 0.0465495 -0.0210748 0.0147
         vertex 0.046246 -0.0206206 0.0147
         vertex 0.0463733 -0.0208112 0.0155
      endloop
   endfacet
   facet normal 0.92388 0.382683 2.6554e-16
      outer loop
         vertex 0.046246 -0.0206206 0.0147
         vertex 0.046246 -0.0206206 0.0155
         vertex 0.0463733 -0.0208112 0.0155
      endloop
   endfacet
   facet normal 0.382683 0.92388 6.4107e-16
      outer loop
         vertex 0.0470037 -0.0213783 0.0147
         vertex 0.0465495 -0.0210748 0.0147
         vertex 0.0465495 -0.0210748 0.0155
      endloop
   endfacet
   facet normal -1.22465e-16 1 6.93889e-16
      outer loop
         vertex 0.0475394 -0.0214849 0.0147
         vertex 0.0470037 -0.0213783 0.0147
         vertex 0.0470037 -0.0213783 0.0155
      endloop
   endfacet
   facet normal -0.382683 0.92388 6.4107e-16
      outer loop
         vertex 0.0480752 -0.0213783 0.0147
         vertex 0.0475394 -0.0214849 0.0147
         vertex 0.0475394 -0.0214849 0.0155
      endloop
   endfacet
   facet normal -0.707107 0.707107 4.90654e-16
      outer loop
         vertex 0.0485294 -0.0210748 0.0147
         vertex 0.0480752 -0.0213783 0.0147
         vertex 0.0480752 -0.0213783 0.0155
      endloop
   endfacet
   facet normal -0.707107 0.707107 4.90654e-16
      outer loop
         vertex 0.0485294 -0.0210748 0.0147
         vertex 0.0485294 -0.0210748 0.0155
         vertex 0.0487055 -0.0208112 0.0155
      endloop
   endfacet
   facet normal -0.848801 0.528712 3.66867e-16
      outer loop
         vertex 0.0487055 -0.0208112 0.0155
         vertex 0.0488328 -0.0206206 0.0147
         vertex 0.0485294 -0.0210748 0.0147
      endloop
   endfacet
   facet normal -1 -6.12323e-17 -4.24885e-32
      outer loop
         vertex 0.0489394 -0.0200849 0.0147
         vertex 0.0488328 -0.0206206 0.0147
         vertex 0.0488328 -0.0206206 0.0155
      endloop
   endfacet
   facet normal -0.92388 -0.382683 -2.6554e-16
      outer loop
         vertex 0.0488328 -0.0195491 0.0147
         vertex 0.0489394 -0.0200849 0.0147
         vertex 0.0489394 -0.0200849 0.0155
      endloop
   endfacet
   facet normal -0.707107 -0.707107 -4.90654e-16
      outer loop
         vertex 0.0485294 -0.0190949 0.0147
         vertex 0.0488328 -0.0195491 0.0147
         vertex 0.0488328 -0.0195491 0.0155
      endloop
   endfacet
   facet normal -0.382683 -0.92388 -6.4107e-16
      outer loop
         vertex 0.0480752 -0.0187914 0.0147
         vertex 0.0485294 -0.0190949 0.0147
         vertex 0.0485294 -0.0190949 0.0155
      endloop
   endfacet
   facet normal 0 -1 -6.96987e-16
      outer loop
         vertex 0.0475394 -0.0186849 0.0147
         vertex 0.0480752 -0.0187914 0.0147
         vertex 0.0480752 -0.0187914 0.0155
      endloop
   endfacet
   facet normal -0.382683 -0.92388 -6.4107e-16
      outer loop
         vertex 0.0480752 -0.0187914 0.0155
         vertex 0.0475394 -0.0186849 0.0155
         vertex 0.0475394 -0.0186849 0.0147
      endloop
   endfacet
   facet normal -0.707107 -0.707107 -4.90654e-16
      outer loop
         vertex 0.0485294 -0.0190949 0.0155
         vertex 0.0480752 -0.0187914 0.0155
         vertex 0.0480752 -0.0187914 0.0147
      endloop
   endfacet
   facet normal -0.92388 -0.382683 -2.6554e-16
      outer loop
         vertex 0.0488328 -0.0195491 0.0155
         vertex 0.0485294 -0.0190949 0.0155
         vertex 0.0485294 -0.0190949 0.0147
      endloop
   endfacet
   facet normal -1 -6.12323e-17 -4.24885e-32
      outer loop
         vertex 0.0489394 -0.0200849 0.0155
         vertex 0.0488328 -0.0195491 0.0155
         vertex 0.0488328 -0.0195491 0.0147
      endloop
   endfacet
   facet normal -0.92388 0.382683 2.6554e-16
      outer loop
         vertex 0.0488328 -0.0206206 0.0155
         vertex 0.0489394 -0.0200849 0.0155
         vertex 0.0489394 -0.0200849 0.0147
      endloop
   endfacet
   facet normal -0.848801 0.528712 3.66867e-16
      outer loop
         vertex 0.0487055 -0.0208112 0.0155
         vertex 0.0488328 -0.0206206 0.0155
         vertex 0.0488328 -0.0206206 0.0147
      endloop
   endfacet
   facet normal -0.382683 0.92388 6.4107e-16
      outer loop
         vertex 0.0480752 -0.0213783 0.0155
         vertex 0.0485294 -0.0210748 0.0155
         vertex 0.0485294 -0.0210748 0.0147
      endloop
   endfacet
   facet normal -1.22465e-16 1 6.93889e-16
      outer loop
         vertex 0.0475394 -0.0214849 0.0155
         vertex 0.0480752 -0.0213783 0.0155
         vertex 0.0480752 -0.0213783 0.0147
      endloop
   endfacet
   facet normal 0.382683 0.92388 6.4107e-16
      outer loop
         vertex 0.0470037 -0.0213783 0.0155
         vertex 0.0475394 -0.0214849 0.0155
         vertex 0.0475394 -0.0214849 0.0147
      endloop
   endfacet
   facet normal 0.707107 0.707107 4.90654e-16
      outer loop
         vertex 0.0465495 -0.0210748 0.0155
         vertex 0.0470037 -0.0213783 0.0155
         vertex 0.0470037 -0.0213783 0.0147
      endloop
   endfacet
   facet normal 0.848801 0.528712 3.66867e-16
      outer loop
         vertex 0.0463733 -0.0208112 0.0155
         vertex 0.0465495 -0.0210748 0.0155
         vertex 0.0465495 -0.0210748 0.0147
      endloop
   endfacet
   facet normal 1 1.83697e-16 1.27465e-31
      outer loop
         vertex 0.0461394 -0.0200849 0.0155
         vertex 0.046246 -0.0206206 0.0155
         vertex 0.046246 -0.0206206 0.0147
      endloop
   endfacet
   facet normal 0.92388 -0.382683 -2.6554e-16
      outer loop
         vertex 0.046246 -0.0195491 0.0155
         vertex 0.0461394 -0.0200849 0.0155
         vertex 0.0461394 -0.0200849 0.0147
      endloop
   endfacet
   facet normal 0.707107 -0.707107 -4.90654e-16
      outer loop
         vertex 0.0465495 -0.0190949 0.0155
         vertex 0.046246 -0.0195491 0.0155
         vertex 0.046246 -0.0195491 0.0147
      endloop
   endfacet
   facet normal 0.382683 -0.92388 -6.4107e-16
      outer loop
         vertex 0.0470037 -0.0187914 0.0155
         vertex 0.0465495 -0.0190949 0.0155
         vertex 0.0465495 -0.0190949 0.0147
      endloop
   endfacet
   facet normal 0 -1 -6.96987e-16
      outer loop
         vertex 0.0475394 -0.0186849 0.0155
         vertex 0.0470037 -0.0187914 0.0155
         vertex 0.0470037 -0.0187914 0.0147
      endloop
   endfacet
   facet normal 0 -6.93889e-16 1
      outer loop
         vertex 0.0485294 -0.0190949 0.0147
         vertex 0.0482465 -0.0193778 0.0147
         vertex 0.0484633 -0.0197022 0.0147
      endloop
   endfacet
   facet normal 0 -6.93889e-16 1
      outer loop
         vertex 0.0480752 -0.0187914 0.0147
         vertex 0.0479221 -0.019161 0.0147
         vertex 0.0482465 -0.0193778 0.0147
      endloop
   endfacet
   facet normal 0 -6.93889e-16 1
      outer loop
         vertex 0.0475394 -0.0186849 0.0147
         vertex 0.0475394 -0.0190849 0.0147
         vertex 0.0479221 -0.019161 0.0147
      endloop
   endfacet
   facet normal 0 -6.93889e-16 1
      outer loop
         vertex 0.0470037 -0.0187914 0.0147
         vertex 0.0471567 -0.019161 0.0147
         vertex 0.0475394 -0.0190849 0.0147
      endloop
   endfacet
   facet normal 0 -6.93889e-16 1
      outer loop
         vertex 0.0482465 -0.0193778 0.0147
         vertex 0.0485294 -0.0190949 0.0147
         vertex 0.0480752 -0.0187914 0.0147
      endloop
   endfacet
   facet normal 0 -6.93889e-16 1
      outer loop
         vertex 0.0475394 -0.0190849 0.0147
         vertex 0.0475394 -0.0186849 0.0147
         vertex 0.0470037 -0.0187914 0.0147
      endloop
   endfacet
   facet normal 0 -6.93889e-16 1
      outer loop
         vertex 0.0465495 -0.0190949 0.0147
         vertex 0.0468323 -0.0193778 0.0147
         vertex 0.0471567 -0.019161 0.0147
      endloop
   endfacet
   facet normal 0 -6.93889e-16 1
      outer loop
         vertex 0.0465495 -0.0190949 0.0147
         vertex 0.046246 -0.0195491 0.0147
         vertex 0.0466155 -0.0197022 0.0147
      endloop
   endfacet
   facet normal 0 -6.93889e-16 1
      outer loop
         vertex 0.0480752 -0.0213783 0.0147
         vertex 0.0485294 -0.0210748 0.0147
         vertex 0.0482465 -0.020792 0.0147
      endloop
   endfacet
   facet normal 0 -6.93889e-16 1
      outer loop
         vertex 0.0485294 -0.0210748 0.0147
         vertex 0.0488328 -0.0206206 0.0147
         vertex 0.0484633 -0.0204676 0.0147
      endloop
   endfacet
   facet normal 0 -6.93889e-16 1
      outer loop
         vertex 0.0479221 -0.019161 0.0147
         vertex 0.0480752 -0.0187914 0.0147
         vertex 0.0475394 -0.0186849 0.0147
      endloop
   endfacet
   facet normal 0 -6.93889e-16 1
      outer loop
         vertex 0.0466155 -0.0197022 0.0147
         vertex 0.0468323 -0.0193778 0.0147
         vertex 0.0465495 -0.0190949 0.0147
      endloop
   endfacet
   facet normal 0 -6.93889e-16 1
      outer loop
         vertex 0.046246 -0.0195491 0.0147
         vertex 0.0461394 -0.0200849 0.0147
         vertex 0.0465394 -0.0200849 0.0147
      endloop
   endfacet
   facet normal 0 -6.93889e-16 1
      outer loop
         vertex 0.046246 -0.0206206 0.0147
         vertex 0.0466155 -0.0204676 0.0147
         vertex 0.0465394 -0.0200849 0.0147
      endloop
   endfacet
   facet normal 0 -6.93889e-16 1
      outer loop
         vertex 0.0465495 -0.0210748 0.0147
         vertex 0.0468323 -0.020792 0.0147
         vertex 0.0466155 -0.0204676 0.0147
      endloop
   endfacet
   facet normal 0 -6.93889e-16 1
      outer loop
         vertex 0.0470037 -0.0213783 0.0147
         vertex 0.0471567 -0.0210087 0.0147
         vertex 0.0468323 -0.020792 0.0147
      endloop
   endfacet
   facet normal 0 -6.93889e-16 1
      outer loop
         vertex 0.0475394 -0.0214849 0.0147
         vertex 0.0480752 -0.0213783 0.0147
         vertex 0.0479221 -0.0210087 0.0147
      endloop
   endfacet
   facet normal 0 -6.93889e-16 1
      outer loop
         vertex 0.0484633 -0.0204676 0.0147
         vertex 0.0482465 -0.020792 0.0147
         vertex 0.0485294 -0.0210748 0.0147
      endloop
   endfacet
   facet normal 0 -6.93889e-16 1
      outer loop
         vertex 0.0488328 -0.0206206 0.0147
         vertex 0.0489394 -0.0200849 0.0147
         vertex 0.0485394 -0.0200849 0.0147
      endloop
   endfacet
   facet normal 0 -6.93889e-16 1
      outer loop
         vertex 0.0488328 -0.0195491 0.0147
         vertex 0.0484633 -0.0197022 0.0147
         vertex 0.0485394 -0.0200849 0.0147
      endloop
   endfacet
   facet normal 0 -6.93889e-16 1
      outer loop
         vertex 0.0471567 -0.019161 0.0147
         vertex 0.0470037 -0.0187914 0.0147
         vertex 0.0465495 -0.0190949 0.0147
      endloop
   endfacet
   facet normal 0 -6.93889e-16 1
      outer loop
         vertex 0.0465394 -0.0200849 0.0147
         vertex 0.0461394 -0.0200849 0.0147
         vertex 0.046246 -0.0206206 0.0147
      endloop
   endfacet
   facet normal 0 -6.93889e-16 1
      outer loop
         vertex 0.0468323 -0.020792 0.0147
         vertex 0.0465495 -0.0210748 0.0147
         vertex 0.0470037 -0.0213783 0.0147
      endloop
   endfacet
   facet normal 0 -6.93889e-16 1
      outer loop
         vertex 0.0475394 -0.0214849 0.0147
         vertex 0.0475394 -0.0210849 0.0147
         vertex 0.0471567 -0.0210087 0.0147
      endloop
   endfacet
   facet normal 0 -6.93889e-16 1
      outer loop
         vertex 0.0482465 -0.020792 0.0147
         vertex 0.0479221 -0.0210087 0.0147
         vertex 0.0480752 -0.0213783 0.0147
      endloop
   endfacet
   facet normal 0 -6.93889e-16 1
      outer loop
         vertex 0.0485394 -0.0200849 0.0147
         vertex 0.0489394 -0.0200849 0.0147
         vertex 0.0488328 -0.0195491 0.0147
      endloop
   endfacet
   facet normal 0 -6.93889e-16 1
      outer loop
         vertex 0.0465394 -0.0200849 0.0147
         vertex 0.0466155 -0.0197022 0.0147
         vertex 0.046246 -0.0195491 0.0147
      endloop
   endfacet
   facet normal 0 -6.93889e-16 1
      outer loop
         vertex 0.0471567 -0.0210087 0.0147
         vertex 0.0470037 -0.0213783 0.0147
         vertex 0.0475394 -0.0214849 0.0147
      endloop
   endfacet
   facet normal 0 -6.93889e-16 1
      outer loop
         vertex 0.0485394 -0.0200849 0.0147
         vertex 0.0484633 -0.0204676 0.0147
         vertex 0.0488328 -0.0206206 0.0147
      endloop
   endfacet
   facet normal 0 -6.93889e-16 1
      outer loop
         vertex 0.0466155 -0.0204676 0.0147
         vertex 0.046246 -0.0206206 0.0147
         vertex 0.0465495 -0.0210748 0.0147
      endloop
   endfacet
   facet normal 0 -6.93889e-16 1
      outer loop
         vertex 0.0484633 -0.0197022 0.0147
         vertex 0.0488328 -0.0195491 0.0147
         vertex 0.0485294 -0.0190949 0.0147
      endloop
   endfacet
   facet normal 0 -6.93889e-16 1
      outer loop
         vertex 0.0479221 -0.0210087 0.0147
         vertex 0.0475394 -0.0210849 0.0147
         vertex 0.0475394 -0.0214849 0.0147
      endloop
   endfacet
   facet normal 0.382683 -0.92388 -6.4107e-16
      outer loop
         vertex 0.0471567 -0.019161 0.0075
         vertex 0.0475394 -0.0190849 0.0075
         vertex 0.0475394 -0.0190849 0.0147
      endloop
   endfacet
   facet normal 0.707107 -0.707107 -4.90654e-16
      outer loop
         vertex 0.0468323 -0.0193778 0.0075
         vertex 0.0471567 -0.019161 0.0075
         vertex 0.0471567 -0.019161 0.0147
      endloop
   endfacet
   facet normal 0.92388 -0.382683 -2.6554e-16
      outer loop
         vertex 0.0466155 -0.0197022 0.0075
         vertex 0.0468323 -0.0193778 0.0075
         vertex 0.0468323 -0.0193778 0.0147
      endloop
   endfacet
   facet normal 1 1.07188e-15 7.43763e-31
      outer loop
         vertex 0.0465394 -0.0200849 0.0075
         vertex 0.0466155 -0.0197022 0.0075
         vertex 0.0466155 -0.0197022 0.0147
      endloop
   endfacet
   facet normal 0.92388 0.382683 2.6554e-16
      outer loop
         vertex 0.0466155 -0.0204676 0.0075
         vertex 0.0465394 -0.0200849 0.0075
         vertex 0.0465394 -0.0200849 0.0147
      endloop
   endfacet
   facet normal 0.707107 0.707107 4.90654e-16
      outer loop
         vertex 0.0468323 -0.020792 0.0075
         vertex 0.0466155 -0.0204676 0.0075
         vertex 0.0466155 -0.0204676 0.0147
      endloop
   endfacet
   facet normal 0.382683 0.92388 6.4107e-16
      outer loop
         vertex 0.0471567 -0.0210087 0.0075
         vertex 0.0468323 -0.020792 0.0075
         vertex 0.0468323 -0.020792 0.0147
      endloop
   endfacet
   facet normal -1.22465e-16 1 6.93889e-16
      outer loop
         vertex 0.0475394 -0.0210849 0.0075
         vertex 0.0471567 -0.0210087 0.0075
         vertex 0.0471567 -0.0210087 0.0147
      endloop
   endfacet
   facet normal -0.382683 0.92388 6.4107e-16
      outer loop
         vertex 0.0479221 -0.0210087 0.0075
         vertex 0.0475394 -0.0210849 0.0075
         vertex 0.0475394 -0.0210849 0.0147
      endloop
   endfacet
   facet normal -0.707107 0.707107 4.90654e-16
      outer loop
         vertex 0.0482465 -0.020792 0.0075
         vertex 0.0479221 -0.0210087 0.0075
         vertex 0.0479221 -0.0210087 0.0147
      endloop
   endfacet
   facet normal -0.92388 0.382683 2.6554e-16
      outer loop
         vertex 0.0484633 -0.0204676 0.0075
         vertex 0.0482465 -0.020792 0.0075
         vertex 0.0482465 -0.020792 0.0147
      endloop
   endfacet
   facet normal -1 6.04901e-16 4.19735e-31
      outer loop
         vertex 0.0485394 -0.0200849 0.0075
         vertex 0.0484633 -0.0204676 0.0075
         vertex 0.0484633 -0.0204676 0.0147
      endloop
   endfacet
   facet normal -0.92388 -0.382683 -2.6554e-16
      outer loop
         vertex 0.0484633 -0.0197022 0.0075
         vertex 0.0485394 -0.0200849 0.0075
         vertex 0.0485394 -0.0200849 0.0147
      endloop
   endfacet
   facet normal -0.707107 -0.707107 -4.90654e-16
      outer loop
         vertex 0.0482465 -0.0193778 0.0075
         vertex 0.0484633 -0.0197022 0.0075
         vertex 0.0484633 -0.0197022 0.0147
      endloop
   endfacet
   facet normal -0.382683 -0.92388 -6.4107e-16
      outer loop
         vertex 0.0479221 -0.019161 0.0075
         vertex 0.0482465 -0.0193778 0.0075
         vertex 0.0482465 -0.0193778 0.0147
      endloop
   endfacet
   facet normal 0 -1 0
      outer loop
         vertex 0.0475394 -0.0190849 0.0075
         vertex 0.0479221 -0.019161 0.0075
         vertex 0.0479221 -0.019161 0.0147
      endloop
   endfacet
   facet normal -0.382683 -0.92388 -6.4107e-16
      outer loop
         vertex 0.0479221 -0.019161 0.0147
         vertex 0.0475394 -0.0190849 0.0147
         vertex 0.0475394 -0.0190849 0.0075
      endloop
   endfacet
   facet normal -0.707107 -0.707107 -4.90654e-16
      outer loop
         vertex 0.0482465 -0.0193778 0.0147
         vertex 0.0479221 -0.019161 0.0147
         vertex 0.0479221 -0.019161 0.0075
      endloop
   endfacet
   facet normal -0.92388 -0.382683 -2.6554e-16
      outer loop
         vertex 0.0484633 -0.0197022 0.0147
         vertex 0.0482465 -0.0193778 0.0147
         vertex 0.0482465 -0.0193778 0.0075
      endloop
   endfacet
   facet normal -1 6.04901e-16 4.19735e-31
      outer loop
         vertex 0.0485394 -0.0200849 0.0147
         vertex 0.0484633 -0.0197022 0.0147
         vertex 0.0484633 -0.0197022 0.0075
      endloop
   endfacet
   facet normal -0.92388 0.382683 2.6554e-16
      outer loop
         vertex 0.0484633 -0.0204676 0.0147
         vertex 0.0485394 -0.0200849 0.0147
         vertex 0.0485394 -0.0200849 0.0075
      endloop
   endfacet
   facet normal -0.707107 0.707107 4.90654e-16
      outer loop
         vertex 0.0482465 -0.020792 0.0147
         vertex 0.0484633 -0.0204676 0.0147
         vertex 0.0484633 -0.0204676 0.0075
      endloop
   endfacet
   facet normal -0.382683 0.92388 6.4107e-16
      outer loop
         vertex 0.0479221 -0.0210087 0.0147
         vertex 0.0482465 -0.020792 0.0147
         vertex 0.0482465 -0.020792 0.0075
      endloop
   endfacet
   facet normal -1.22465e-16 1 6.93889e-16
      outer loop
         vertex 0.0475394 -0.0210849 0.0147
         vertex 0.0479221 -0.0210087 0.0147
         vertex 0.0479221 -0.0210087 0.0075
      endloop
   endfacet
   facet normal 0.382683 0.92388 6.4107e-16
      outer loop
         vertex 0.0471567 -0.0210087 0.0147
         vertex 0.0475394 -0.0210849 0.0147
         vertex 0.0475394 -0.0210849 0.0075
      endloop
   endfacet
   facet normal 0.707107 0.707107 4.90654e-16
      outer loop
         vertex 0.0468323 -0.020792 0.0147
         vertex 0.0471567 -0.0210087 0.0147
         vertex 0.0471567 -0.0210087 0.0075
      endloop
   endfacet
   facet normal 0.92388 0.382683 2.6554e-16
      outer loop
         vertex 0.0466155 -0.0204676 0.0147
         vertex 0.0468323 -0.020792 0.0147
         vertex 0.0468323 -0.020792 0.0075
      endloop
   endfacet
   facet normal 1 1.07188e-15 7.43763e-31
      outer loop
         vertex 0.0465394 -0.0200849 0.0147
         vertex 0.0466155 -0.0204676 0.0147
         vertex 0.0466155 -0.0204676 0.0075
      endloop
   endfacet
   facet normal 0.92388 -0.382683 -2.6554e-16
      outer loop
         vertex 0.0466155 -0.0197022 0.0147
         vertex 0.0465394 -0.0200849 0.0147
         vertex 0.0465394 -0.0200849 0.0075
      endloop
   endfacet
   facet normal 0.707107 -0.707107 -4.90654e-16
      outer loop
         vertex 0.0468323 -0.0193778 0.0147
         vertex 0.0466155 -0.0197022 0.0147
         vertex 0.0466155 -0.0197022 0.0075
      endloop
   endfacet
   facet normal 0.382683 -0.92388 -6.4107e-16
      outer loop
         vertex 0.0471567 -0.019161 0.0147
         vertex 0.0468323 -0.0193778 0.0147
         vertex 0.0468323 -0.0193778 0.0075
      endloop
   endfacet
   facet normal 0 -1 0
      outer loop
         vertex 0.0475394 -0.0190849 0.0147
         vertex 0.0471567 -0.019161 0.0147
         vertex 0.0471567 -0.019161 0.0075
      endloop
   endfacet
   facet normal 0.100479 0.505142 0.857167
      outer loop
         vertex 0.0475394 -0.0200849 0.00689914
         vertex 0.0471567 -0.0210087 0.0075
         vertex 0.0475394 -0.0210849 0.0075
      endloop
   endfacet
   facet normal 0.28614 0.428239 0.857167
      outer loop
         vertex 0.0475394 -0.0200849 0.00689914
         vertex 0.0468323 -0.020792 0.0075
         vertex 0.0471567 -0.0210087 0.0075
      endloop
   endfacet
   facet normal 0.428239 0.28614 0.857167
      outer loop
         vertex 0.0475394 -0.0200849 0.00689914
         vertex 0.0466155 -0.0204676 0.0075
         vertex 0.0468323 -0.020792 0.0075
      endloop
   endfacet
   facet normal 0.505142 0.100479 0.857167
      outer loop
         vertex 0.0475394 -0.0200849 0.00689914
         vertex 0.0465394 -0.0200849 0.0075
         vertex 0.0466155 -0.0204676 0.0075
      endloop
   endfacet
   facet normal 0.505142 -0.100479 0.857167
      outer loop
         vertex 0.0475394 -0.0200849 0.00689914
         vertex 0.0466155 -0.0197022 0.0075
         vertex 0.0465394 -0.0200849 0.0075
      endloop
   endfacet
   facet normal 0.428239 -0.28614 0.857167
      outer loop
         vertex 0.0475394 -0.0200849 0.00689914
         vertex 0.0468323 -0.0193778 0.0075
         vertex 0.0466155 -0.0197022 0.0075
      endloop
   endfacet
   facet normal 0.28614 -0.428239 0.857167
      outer loop
         vertex 0.0475394 -0.0200849 0.00689914
         vertex 0.0471567 -0.019161 0.0075
         vertex 0.0468323 -0.0193778 0.0075
      endloop
   endfacet
   facet normal 0.100479 -0.505142 0.857167
      outer loop
         vertex 0.0475394 -0.0200849 0.00689914
         vertex 0.0475394 -0.0190849 0.0075
         vertex 0.0471567 -0.019161 0.0075
      endloop
   endfacet
   facet normal -0.100479 -0.505142 0.857167
      outer loop
         vertex 0.0475394 -0.0200849 0.00689914
         vertex 0.0479221 -0.019161 0.0075
         vertex 0.0475394 -0.0190849 0.0075
      endloop
   endfacet
   facet normal -0.28614 -0.428239 0.857167
      outer loop
         vertex 0.0475394 -0.0200849 0.00689914
         vertex 0.0482465 -0.0193778 0.0075
         vertex 0.0479221 -0.019161 0.0075
      endloop
   endfacet
   facet normal -0.428239 -0.28614 0.857167
      outer loop
         vertex 0.0475394 -0.0200849 0.00689914
         vertex 0.0484633 -0.0197022 0.0075
         vertex 0.0482465 -0.0193778 0.0075
      endloop
   endfacet
   facet normal -0.505142 -0.100479 0.857167
      outer loop
         vertex 0.0475394 -0.0200849 0.00689914
         vertex 0.0485394 -0.0200849 0.0075
         vertex 0.0484633 -0.0197022 0.0075
      endloop
   endfacet
   facet normal -0.505142 0.100479 0.857167
      outer loop
         vertex 0.0475394 -0.0200849 0.00689914
         vertex 0.0484633 -0.0204676 0.0075
         vertex 0.0485394 -0.0200849 0.0075
      endloop
   endfacet
   facet normal -0.428239 0.28614 0.857167
      outer loop
         vertex 0.0475394 -0.0200849 0.00689914
         vertex 0.0482465 -0.020792 0.0075
         vertex 0.0484633 -0.0204676 0.0075
      endloop
   endfacet
   facet normal -0.28614 0.428239 0.857167
      outer loop
         vertex 0.0475394 -0.0200849 0.00689914
         vertex 0.0479221 -0.0210087 0.0075
         vertex 0.0482465 -0.020792 0.0075
      endloop
   endfacet
   facet normal -0.100479 0.505142 0.857167
      outer loop
         vertex 0.0475394 -0.0200849 0.00689914
         vertex 0.0475394 -0.0210849 0.0075
         vertex 0.0479221 -0.0210087 0.0075
      endloop
   endfacet
   facet normal 0.382683 -0.92388 -6.4107e-16
      outer loop
         vertex -0.00654384 -0.0595845 0.0147
         vertex -0.00600808 -0.0594779 0.0147
         vertex -0.00600808 -0.0594779 0.0155
      endloop
   endfacet
   facet normal 0.707107 -0.707107 -4.90654e-16
      outer loop
         vertex -0.00699803 -0.059888 0.0147
         vertex -0.00654384 -0.0595845 0.0147
         vertex -0.00654384 -0.0595845 0.0155
      endloop
   endfacet
   facet normal 0.92388 -0.382683 -2.6554e-16
      outer loop
         vertex -0.00730152 -0.0603422 0.0147
         vertex -0.00699803 -0.059888 0.0147
         vertex -0.00699803 -0.059888 0.0155
      endloop
   endfacet
   facet normal 0.92388 -0.382683 -2.6554e-16
      outer loop
         vertex -0.00730152 -0.0603422 0.0147
         vertex -0.00730152 -0.0603422 0.0155
         vertex -0.00740404 -0.0608576 0.0155
      endloop
   endfacet
   facet normal 0.999894 -0.014555 -1.00996e-17
      outer loop
         vertex -0.00740404 -0.0608576 0.0155
         vertex -0.00740808 -0.0608779 0.0147
         vertex -0.00730152 -0.0603422 0.0147
      endloop
   endfacet
   facet normal 0.92388 0.382683 2.6554e-16
      outer loop
         vertex -0.00730152 -0.0614137 0.0147
         vertex -0.00740808 -0.0608779 0.0147
         vertex -0.00740404 -0.0608982 0.0155
      endloop
   endfacet
   facet normal 1 1.83697e-16 1.27465e-31
      outer loop
         vertex -0.00740808 -0.0608779 0.0147
         vertex -0.00740808 -0.0608779 0.0155
         vertex -0.00740404 -0.0608982 0.0155
      endloop
   endfacet
   facet normal 0.707107 0.707107 4.90654e-16
      outer loop
         vertex -0.00699803 -0.0618679 0.0147
         vertex -0.00730152 -0.0614137 0.0147
         vertex -0.00730152 -0.0614137 0.0155
      endloop
   endfacet
   facet normal 0.382683 0.92388 6.4107e-16
      outer loop
         vertex -0.00654384 -0.0621713 0.0147
         vertex -0.00699803 -0.0618679 0.0147
         vertex -0.00679532 -0.0620033 0.0155
      endloop
   endfacet
   facet normal 0.707107 0.707107 4.90654e-16
      outer loop
         vertex -0.00699803 -0.0618679 0.0147
         vertex -0.00699803 -0.0618679 0.0155
         vertex -0.00679532 -0.0620033 0.0155
      endloop
   endfacet
   facet normal -1.22465e-16 1 6.93889e-16
      outer loop
         vertex -0.00600808 -0.0622779 0.0147
         vertex -0.00654384 -0.0621713 0.0147
         vertex -0.00654384 -0.0621713 0.0155
      endloop
   endfacet
   facet normal -0.382683 0.92388 6.4107e-16
      outer loop
         vertex -0.00547233 -0.0621713 0.0147
         vertex -0.00600808 -0.0622779 0.0147
         vertex -0.00600808 -0.0622779 0.0155
      endloop
   endfacet
   facet normal -0.382683 0.92388 6.4107e-16
      outer loop
         vertex -0.00547233 -0.0621713 0.0147
         vertex -0.00547233 -0.0621713 0.0155
         vertex -0.00522085 -0.0620033 0.0155
      endloop
   endfacet
   facet normal -0.573196 0.819418 5.68586e-16
      outer loop
         vertex -0.00522085 -0.0620033 0.0155
         vertex -0.00501813 -0.0618679 0.0147
         vertex -0.00547233 -0.0621713 0.0147
      endloop
   endfacet
   facet normal -0.92388 0.382683 2.6554e-16
      outer loop
         vertex -0.00471465 -0.0614137 0.0147
         vertex -0.00501813 -0.0618679 0.0147
         vertex -0.00501813 -0.0618679 0.0155
      endloop
   endfacet
   facet normal -1 -6.12323e-17 -4.24885e-32
      outer loop
         vertex -0.00460808 -0.0608779 0.0147
         vertex -0.00471465 -0.0614137 0.0147
         vertex -0.00471465 -0.0614137 0.0155
      endloop
   endfacet
   facet normal -0.92388 -0.382683 -2.6554e-16
      outer loop
         vertex -0.00471465 -0.0603422 0.0147
         vertex -0.00460808 -0.0608779 0.0147
         vertex -0.00460808 -0.0608779 0.0155
      endloop
   endfacet
   facet normal -0.707107 -0.707107 -4.90654e-16
      outer loop
         vertex -0.00501813 -0.059888 0.0147
         vertex -0.00471465 -0.0603422 0.0147
         vertex -0.00471465 -0.0603422 0.0155
      endloop
   endfacet
   facet normal -0.382683 -0.92388 -6.4107e-16
      outer loop
         vertex -0.00547233 -0.0595845 0.0147
         vertex -0.00501813 -0.059888 0.0147
         vertex -0.00501813 -0.059888 0.0155
      endloop
   endfacet
   facet normal 0 -1 -6.96987e-16
      outer loop
         vertex -0.00600808 -0.0594779 0.0147
         vertex -0.00547233 -0.0595845 0.0147
         vertex -0.00547233 -0.0595845 0.0155
      endloop
   endfacet
   facet normal -0.382683 -0.92388 -6.4107e-16
      outer loop
         vertex -0.00547233 -0.0595845 0.0155
         vertex -0.00600808 -0.0594779 0.0155
         vertex -0.00600808 -0.0594779 0.0147
      endloop
   endfacet
   facet normal -0.707107 -0.707107 -4.90654e-16
      outer loop
         vertex -0.00501813 -0.059888 0.0155
         vertex -0.00547233 -0.0595845 0.0155
         vertex -0.00547233 -0.0595845 0.0147
      endloop
   endfacet
   facet normal -0.92388 -0.382683 -2.6554e-16
      outer loop
         vertex -0.00471465 -0.0603422 0.0155
         vertex -0.00501813 -0.059888 0.0155
         vertex -0.00501813 -0.059888 0.0147
      endloop
   endfacet
   facet normal -1 -6.12323e-17 -4.24885e-32
      outer loop
         vertex -0.00460808 -0.0608779 0.0155
         vertex -0.00471465 -0.0603422 0.0155
         vertex -0.00471465 -0.0603422 0.0147
      endloop
   endfacet
   facet normal -0.92388 0.382683 2.6554e-16
      outer loop
         vertex -0.00471465 -0.0614137 0.0155
         vertex -0.00460808 -0.0608779 0.0155
         vertex -0.00460808 -0.0608779 0.0147
      endloop
   endfacet
   facet normal -0.707107 0.707107 4.90654e-16
      outer loop
         vertex -0.00501813 -0.0618679 0.0155
         vertex -0.00471465 -0.0614137 0.0155
         vertex -0.00471465 -0.0614137 0.0147
      endloop
   endfacet
   facet normal -0.573196 0.819418 5.68586e-16
      outer loop
         vertex -0.00522085 -0.0620033 0.0155
         vertex -0.00501813 -0.0618679 0.0155
         vertex -0.00501813 -0.0618679 0.0147
      endloop
   endfacet
   facet normal -1.22465e-16 1 6.93889e-16
      outer loop
         vertex -0.00600808 -0.0622779 0.0155
         vertex -0.00547233 -0.0621713 0.0155
         vertex -0.00547233 -0.0621713 0.0147
      endloop
   endfacet
   facet normal 0.382683 0.92388 6.4107e-16
      outer loop
         vertex -0.00654384 -0.0621713 0.0155
         vertex -0.00600808 -0.0622779 0.0155
         vertex -0.00600808 -0.0622779 0.0147
      endloop
   endfacet
   facet normal 0.573196 0.819418 5.68586e-16
      outer loop
         vertex -0.00679532 -0.0620033 0.0155
         vertex -0.00654384 -0.0621713 0.0155
         vertex -0.00654384 -0.0621713 0.0147
      endloop
   endfacet
   facet normal 0.92388 0.382683 2.6554e-16
      outer loop
         vertex -0.00730152 -0.0614137 0.0155
         vertex -0.00699803 -0.0618679 0.0155
         vertex -0.00699803 -0.0618679 0.0147
      endloop
   endfacet
   facet normal 0.999894 0.014555 1.00996e-17
      outer loop
         vertex -0.00740404 -0.0608982 0.0155
         vertex -0.00730152 -0.0614137 0.0155
         vertex -0.00730152 -0.0614137 0.0147
      endloop
   endfacet
   facet normal 0.999894 -0.014555 -1.00996e-17
      outer loop
         vertex -0.00740404 -0.0608576 0.0155
         vertex -0.00740808 -0.0608779 0.0155
         vertex -0.00740808 -0.0608779 0.0147
      endloop
   endfacet
   facet normal 0.707107 -0.707107 -4.90654e-16
      outer loop
         vertex -0.00699803 -0.059888 0.0155
         vertex -0.00730152 -0.0603422 0.0155
         vertex -0.00730152 -0.0603422 0.0147
      endloop
   endfacet
   facet normal 0.382683 -0.92388 -6.4107e-16
      outer loop
         vertex -0.00654384 -0.0595845 0.0155
         vertex -0.00699803 -0.059888 0.0155
         vertex -0.00699803 -0.059888 0.0147
      endloop
   endfacet
   facet normal 0 -1 -6.96987e-16
      outer loop
         vertex -0.00600808 -0.0594779 0.0155
         vertex -0.00654384 -0.0595845 0.0155
         vertex -0.00654384 -0.0595845 0.0147
      endloop
   endfacet
   facet normal 0 -6.93889e-16 1
      outer loop
         vertex -0.00471465 -0.0603422 0.0147
         vertex -0.00501813 -0.059888 0.0147
         vertex -0.00530098 -0.0601708 0.0147
      endloop
   endfacet
   facet normal 0 -6.93889e-16 1
      outer loop
         vertex -0.00501813 -0.059888 0.0147
         vertex -0.00547233 -0.0595845 0.0147
         vertex -0.0056254 -0.059954 0.0147
      endloop
   endfacet
   facet normal 0 -6.93889e-16 1
      outer loop
         vertex -0.00699803 -0.059888 0.0147
         vertex -0.00671519 -0.0601708 0.0147
         vertex -0.00639077 -0.059954 0.0147
      endloop
   endfacet
   facet normal 0 -6.93889e-16 1
      outer loop
         vertex -0.00730152 -0.0603422 0.0147
         vertex -0.00693196 -0.0604952 0.0147
         vertex -0.00671519 -0.0601708 0.0147
      endloop
   endfacet
   facet normal 0 -6.93889e-16 1
      outer loop
         vertex -0.00460808 -0.0608779 0.0147
         vertex -0.00471465 -0.0603422 0.0147
         vertex -0.0050842 -0.0604952 0.0147
      endloop
   endfacet
   facet normal 0 -6.93889e-16 1
      outer loop
         vertex -0.0056254 -0.059954 0.0147
         vertex -0.00530098 -0.0601708 0.0147
         vertex -0.00501813 -0.059888 0.0147
      endloop
   endfacet
   facet normal 0 -6.93889e-16 1
      outer loop
         vertex -0.00671519 -0.0601708 0.0147
         vertex -0.00699803 -0.059888 0.0147
         vertex -0.00730152 -0.0603422 0.0147
      endloop
   endfacet
   facet normal 0 -6.93889e-16 1
      outer loop
         vertex -0.00740808 -0.0608779 0.0147
         vertex -0.00700808 -0.0608779 0.0147
         vertex -0.00693196 -0.0604952 0.0147
      endloop
   endfacet
   facet normal 0 -6.93889e-16 1
      outer loop
         vertex -0.00501813 -0.0618679 0.0147
         vertex -0.00530098 -0.061585 0.0147
         vertex -0.0056254 -0.0618018 0.0147
      endloop
   endfacet
   facet normal 0 -6.93889e-16 1
      outer loop
         vertex -0.00471465 -0.0614137 0.0147
         vertex -0.0050842 -0.0612606 0.0147
         vertex -0.00530098 -0.061585 0.0147
      endloop
   endfacet
   facet normal 0 -6.93889e-16 1
      outer loop
         vertex -0.00460808 -0.0608779 0.0147
         vertex -0.00500808 -0.0608779 0.0147
         vertex -0.0050842 -0.0612606 0.0147
      endloop
   endfacet
   facet normal 0 -6.93889e-16 1
      outer loop
         vertex -0.00530098 -0.0601708 0.0147
         vertex -0.0050842 -0.0604952 0.0147
         vertex -0.00471465 -0.0603422 0.0147
      endloop
   endfacet
   facet normal 0 -6.93889e-16 1
      outer loop
         vertex -0.00693196 -0.0604952 0.0147
         vertex -0.00730152 -0.0603422 0.0147
         vertex -0.00740808 -0.0608779 0.0147
      endloop
   endfacet
   facet normal 0 -6.93889e-16 1
      outer loop
         vertex -0.00740808 -0.0608779 0.0147
         vertex -0.00730152 -0.0614137 0.0147
         vertex -0.00693196 -0.0612606 0.0147
      endloop
   endfacet
   facet normal 0 -6.93889e-16 1
      outer loop
         vertex -0.00730152 -0.0614137 0.0147
         vertex -0.00699803 -0.0618679 0.0147
         vertex -0.00671519 -0.061585 0.0147
      endloop
   endfacet
   facet normal 0 -6.93889e-16 1
      outer loop
         vertex -0.00699803 -0.0618679 0.0147
         vertex -0.00654384 -0.0621713 0.0147
         vertex -0.00639077 -0.0618018 0.0147
      endloop
   endfacet
   facet normal 0 -6.93889e-16 1
      outer loop
         vertex -0.00530098 -0.061585 0.0147
         vertex -0.00501813 -0.0618679 0.0147
         vertex -0.00471465 -0.0614137 0.0147
      endloop
   endfacet
   facet normal 0 -6.93889e-16 1
      outer loop
         vertex -0.0050842 -0.0604952 0.0147
         vertex -0.00500808 -0.0608779 0.0147
         vertex -0.00460808 -0.0608779 0.0147
      endloop
   endfacet
   facet normal 0 -6.93889e-16 1
      outer loop
         vertex -0.00600808 -0.0594779 0.0147
         vertex -0.00600808 -0.0598779 0.0147
         vertex -0.0056254 -0.059954 0.0147
      endloop
   endfacet
   facet normal 0 -6.93889e-16 1
      outer loop
         vertex -0.00654384 -0.0595845 0.0147
         vertex -0.00639077 -0.059954 0.0147
         vertex -0.00600808 -0.0598779 0.0147
      endloop
   endfacet
   facet normal 0 -6.93889e-16 1
      outer loop
         vertex -0.00693196 -0.0612606 0.0147
         vertex -0.00700808 -0.0608779 0.0147
         vertex -0.00740808 -0.0608779 0.0147
      endloop
   endfacet
   facet normal 0 -6.93889e-16 1
      outer loop
         vertex -0.00639077 -0.0618018 0.0147
         vertex -0.00671519 -0.061585 0.0147
         vertex -0.00699803 -0.0618679 0.0147
      endloop
   endfacet
   facet normal 0 -6.93889e-16 1
      outer loop
         vertex -0.0050842 -0.0612606 0.0147
         vertex -0.00471465 -0.0614137 0.0147
         vertex -0.00460808 -0.0608779 0.0147
      endloop
   endfacet
   facet normal 0 -6.93889e-16 1
      outer loop
         vertex -0.00600808 -0.0598779 0.0147
         vertex -0.00600808 -0.0594779 0.0147
         vertex -0.00654384 -0.0595845 0.0147
      endloop
   endfacet
   facet normal 0 -6.93889e-16 1
      outer loop
         vertex -0.00671519 -0.061585 0.0147
         vertex -0.00693196 -0.0612606 0.0147
         vertex -0.00730152 -0.0614137 0.0147
      endloop
   endfacet
   facet normal 0 -6.93889e-16 1
      outer loop
         vertex -0.00600808 -0.0622779 0.0147
         vertex -0.00600808 -0.0618779 0.0147
         vertex -0.00639077 -0.0618018 0.0147
      endloop
   endfacet
   facet normal 0 -6.93889e-16 1
      outer loop
         vertex -0.0056254 -0.059954 0.0147
         vertex -0.00547233 -0.0595845 0.0147
         vertex -0.00600808 -0.0594779 0.0147
      endloop
   endfacet
   facet normal 0 -6.93889e-16 1
      outer loop
         vertex -0.00639077 -0.0618018 0.0147
         vertex -0.00654384 -0.0621713 0.0147
         vertex -0.00600808 -0.0622779 0.0147
      endloop
   endfacet
   facet normal 0 -6.93889e-16 1
      outer loop
         vertex -0.00547233 -0.0621713 0.0147
         vertex -0.0056254 -0.0618018 0.0147
         vertex -0.00600808 -0.0618779 0.0147
      endloop
   endfacet
   facet normal 0 -6.93889e-16 1
      outer loop
         vertex -0.00639077 -0.059954 0.0147
         vertex -0.00654384 -0.0595845 0.0147
         vertex -0.00699803 -0.059888 0.0147
      endloop
   endfacet
   facet normal 0 -6.93889e-16 1
      outer loop
         vertex -0.0056254 -0.0618018 0.0147
         vertex -0.00547233 -0.0621713 0.0147
         vertex -0.00501813 -0.0618679 0.0147
      endloop
   endfacet
   facet normal 0 -6.93889e-16 1
      outer loop
         vertex -0.00600808 -0.0618779 0.0147
         vertex -0.00600808 -0.0622779 0.0147
         vertex -0.00547233 -0.0621713 0.0147
      endloop
   endfacet
   facet normal 0.382683 -0.92388 -6.4107e-16
      outer loop
         vertex -0.00639077 -0.059954 0.0075
         vertex -0.00600808 -0.0598779 0.0075
         vertex -0.00600808 -0.0598779 0.0147
      endloop
   endfacet
   facet normal 0.707107 -0.707107 -4.90654e-16
      outer loop
         vertex -0.00671519 -0.0601708 0.0075
         vertex -0.00639077 -0.059954 0.0075
         vertex -0.00639077 -0.059954 0.0147
      endloop
   endfacet
   facet normal 0.92388 -0.382683 -2.6554e-16
      outer loop
         vertex -0.00693196 -0.0604952 0.0075
         vertex -0.00671519 -0.0601708 0.0075
         vertex -0.00671519 -0.0601708 0.0147
      endloop
   endfacet
   facet normal 1 1.07188e-15 7.43763e-31
      outer loop
         vertex -0.00700808 -0.0608779 0.0075
         vertex -0.00693196 -0.0604952 0.0075
         vertex -0.00693196 -0.0604952 0.0147
      endloop
   endfacet
   facet normal 0.92388 0.382683 2.6554e-16
      outer loop
         vertex -0.00693196 -0.0612606 0.0075
         vertex -0.00700808 -0.0608779 0.0075
         vertex -0.00700808 -0.0608779 0.0147
      endloop
   endfacet
   facet normal 0.707107 0.707107 4.90654e-16
      outer loop
         vertex -0.00671519 -0.061585 0.0075
         vertex -0.00693196 -0.0612606 0.0075
         vertex -0.00693196 -0.0612606 0.0147
      endloop
   endfacet
   facet normal 0.382683 0.92388 6.4107e-16
      outer loop
         vertex -0.00639077 -0.0618018 0.0075
         vertex -0.00671519 -0.061585 0.0075
         vertex -0.00671519 -0.061585 0.0147
      endloop
   endfacet
   facet normal -1.22465e-16 1 6.93889e-16
      outer loop
         vertex -0.00600808 -0.0618779 0.0075
         vertex -0.00639077 -0.0618018 0.0075
         vertex -0.00639077 -0.0618018 0.0147
      endloop
   endfacet
   facet normal -0.382683 0.92388 6.4107e-16
      outer loop
         vertex -0.0056254 -0.0618018 0.0075
         vertex -0.00600808 -0.0618779 0.0075
         vertex -0.00600808 -0.0618779 0.0147
      endloop
   endfacet
   facet normal -0.707107 0.707107 4.90654e-16
      outer loop
         vertex -0.00530098 -0.061585 0.0075
         vertex -0.0056254 -0.0618018 0.0075
         vertex -0.0056254 -0.0618018 0.0147
      endloop
   endfacet
   facet normal -0.92388 0.382683 2.6554e-16
      outer loop
         vertex -0.0050842 -0.0612606 0.0075
         vertex -0.00530098 -0.061585 0.0075
         vertex -0.00530098 -0.061585 0.0147
      endloop
   endfacet
   facet normal -1 6.04901e-16 4.19735e-31
      outer loop
         vertex -0.00500808 -0.0608779 0.0075
         vertex -0.0050842 -0.0612606 0.0075
         vertex -0.0050842 -0.0612606 0.0147
      endloop
   endfacet
   facet normal -0.92388 -0.382683 -2.6554e-16
      outer loop
         vertex -0.0050842 -0.0604952 0.0075
         vertex -0.00500808 -0.0608779 0.0075
         vertex -0.00500808 -0.0608779 0.0147
      endloop
   endfacet
   facet normal -0.707107 -0.707107 -4.90654e-16
      outer loop
         vertex -0.00530098 -0.0601708 0.0075
         vertex -0.0050842 -0.0604952 0.0075
         vertex -0.0050842 -0.0604952 0.0147
      endloop
   endfacet
   facet normal -0.382683 -0.92388 -6.4107e-16
      outer loop
         vertex -0.0056254 -0.059954 0.0075
         vertex -0.00530098 -0.0601708 0.0075
         vertex -0.00530098 -0.0601708 0.0147
      endloop
   endfacet
   facet normal 0 -1 0
      outer loop
         vertex -0.00600808 -0.0598779 0.0075
         vertex -0.0056254 -0.059954 0.0075
         vertex -0.0056254 -0.059954 0.0147
      endloop
   endfacet
   facet normal -0.382683 -0.92388 -6.4107e-16
      outer loop
         vertex -0.0056254 -0.059954 0.0147
         vertex -0.00600808 -0.0598779 0.0147
         vertex -0.00600808 -0.0598779 0.0075
      endloop
   endfacet
   facet normal -0.707107 -0.707107 -4.90654e-16
      outer loop
         vertex -0.00530098 -0.0601708 0.0147
         vertex -0.0056254 -0.059954 0.0147
         vertex -0.0056254 -0.059954 0.0075
      endloop
   endfacet
   facet normal -0.92388 -0.382683 -2.6554e-16
      outer loop
         vertex -0.0050842 -0.0604952 0.0147
         vertex -0.00530098 -0.0601708 0.0147
         vertex -0.00530098 -0.0601708 0.0075
      endloop
   endfacet
   facet normal -1 6.04901e-16 4.19735e-31
      outer loop
         vertex -0.00500808 -0.0608779 0.0147
         vertex -0.0050842 -0.0604952 0.0147
         vertex -0.0050842 -0.0604952 0.0075
      endloop
   endfacet
   facet normal -0.92388 0.382683 2.6554e-16
      outer loop
         vertex -0.0050842 -0.0612606 0.0147
         vertex -0.00500808 -0.0608779 0.0147
         vertex -0.00500808 -0.0608779 0.0075
      endloop
   endfacet
   facet normal -0.707107 0.707107 4.90654e-16
      outer loop
         vertex -0.00530098 -0.061585 0.0147
         vertex -0.0050842 -0.0612606 0.0147
         vertex -0.0050842 -0.0612606 0.0075
      endloop
   endfacet
   facet normal -0.382683 0.92388 6.4107e-16
      outer loop
         vertex -0.0056254 -0.0618018 0.0147
         vertex -0.00530098 -0.061585 0.0147
         vertex -0.00530098 -0.061585 0.0075
      endloop
   endfacet
   facet normal -1.22465e-16 1 6.93889e-16
      outer loop
         vertex -0.00600808 -0.0618779 0.0147
         vertex -0.0056254 -0.0618018 0.0147
         vertex -0.0056254 -0.0618018 0.0075
      endloop
   endfacet
   facet normal 0.382683 0.92388 6.4107e-16
      outer loop
         vertex -0.00639077 -0.0618018 0.0147
         vertex -0.00600808 -0.0618779 0.0147
         vertex -0.00600808 -0.0618779 0.0075
      endloop
   endfacet
   facet normal 0.707107 0.707107 4.90654e-16
      outer loop
         vertex -0.00671519 -0.061585 0.0147
         vertex -0.00639077 -0.0618018 0.0147
         vertex -0.00639077 -0.0618018 0.0075
      endloop
   endfacet
   facet normal 0.92388 0.382683 2.6554e-16
      outer loop
         vertex -0.00693196 -0.0612606 0.0147
         vertex -0.00671519 -0.061585 0.0147
         vertex -0.00671519 -0.061585 0.0075
      endloop
   endfacet
   facet normal 1 1.07188e-15 7.43763e-31
      outer loop
         vertex -0.00700808 -0.0608779 0.0147
         vertex -0.00693196 -0.0612606 0.0147
         vertex -0.00693196 -0.0612606 0.0075
      endloop
   endfacet
   facet normal 0.92388 -0.382683 -2.6554e-16
      outer loop
         vertex -0.00693196 -0.0604952 0.0147
         vertex -0.00700808 -0.0608779 0.0147
         vertex -0.00700808 -0.0608779 0.0075
      endloop
   endfacet
   facet normal 0.707107 -0.707107 -4.90654e-16
      outer loop
         vertex -0.00671519 -0.0601708 0.0147
         vertex -0.00693196 -0.0604952 0.0147
         vertex -0.00693196 -0.0604952 0.0075
      endloop
   endfacet
   facet normal 0.382683 -0.92388 -6.4107e-16
      outer loop
         vertex -0.00639077 -0.059954 0.0147
         vertex -0.00671519 -0.0601708 0.0147
         vertex -0.00671519 -0.0601708 0.0075
      endloop
   endfacet
   facet normal 0 -1 0
      outer loop
         vertex -0.00600808 -0.0598779 0.0147
         vertex -0.00639077 -0.059954 0.0147
         vertex -0.00639077 -0.059954 0.0075
      endloop
   endfacet
   facet normal 0.100479 0.505142 0.857167
      outer loop
         vertex -0.00600808 -0.0608779 0.00689914
         vertex -0.00639077 -0.0618018 0.0075
         vertex -0.00600808 -0.0618779 0.0075
      endloop
   endfacet
   facet normal 0.28614 0.428239 0.857167
      outer loop
         vertex -0.00600808 -0.0608779 0.00689914
         vertex -0.00671519 -0.061585 0.0075
         vertex -0.00639077 -0.0618018 0.0075
      endloop
   endfacet
   facet normal 0.428239 0.28614 0.857167
      outer loop
         vertex -0.00600808 -0.0608779 0.00689914
         vertex -0.00693196 -0.0612606 0.0075
         vertex -0.00671519 -0.061585 0.0075
      endloop
   endfacet
   facet normal 0.505142 0.100479 0.857167
      outer loop
         vertex -0.00600808 -0.0608779 0.00689914
         vertex -0.00700808 -0.0608779 0.0075
         vertex -0.00693196 -0.0612606 0.0075
      endloop
   endfacet
   facet normal 0.505142 -0.100479 0.857167
      outer loop
         vertex -0.00600808 -0.0608779 0.00689914
         vertex -0.00693196 -0.0604952 0.0075
         vertex -0.00700808 -0.0608779 0.0075
      endloop
   endfacet
   facet normal 0.428239 -0.28614 0.857167
      outer loop
         vertex -0.00600808 -0.0608779 0.00689914
         vertex -0.00671519 -0.0601708 0.0075
         vertex -0.00693196 -0.0604952 0.0075
      endloop
   endfacet
   facet normal 0.28614 -0.428239 0.857167
      outer loop
         vertex -0.00600808 -0.0608779 0.00689914
         vertex -0.00639077 -0.059954 0.0075
         vertex -0.00671519 -0.0601708 0.0075
      endloop
   endfacet
   facet normal 0.100479 -0.505142 0.857167
      outer loop
         vertex -0.00600808 -0.0608779 0.00689914
         vertex -0.00600808 -0.0598779 0.0075
         vertex -0.00639077 -0.059954 0.0075
      endloop
   endfacet
   facet normal -0.100479 -0.505142 0.857167
      outer loop
         vertex -0.00600808 -0.0608779 0.00689914
         vertex -0.0056254 -0.059954 0.0075
         vertex -0.00600808 -0.0598779 0.0075
      endloop
   endfacet
   facet normal -0.28614 -0.428239 0.857167
      outer loop
         vertex -0.00600808 -0.0608779 0.00689914
         vertex -0.00530098 -0.0601708 0.0075
         vertex -0.0056254 -0.059954 0.0075
      endloop
   endfacet
   facet normal -0.428239 -0.28614 0.857167
      outer loop
         vertex -0.00600808 -0.0608779 0.00689914
         vertex -0.0050842 -0.0604952 0.0075
         vertex -0.00530098 -0.0601708 0.0075
      endloop
   endfacet
   facet normal -0.505142 -0.100479 0.857167
      outer loop
         vertex -0.00600808 -0.0608779 0.00689914
         vertex -0.00500808 -0.0608779 0.0075
         vertex -0.0050842 -0.0604952 0.0075
      endloop
   endfacet
   facet normal -0.505142 0.100479 0.857167
      outer loop
         vertex -0.00600808 -0.0608779 0.00689914
         vertex -0.0050842 -0.0612606 0.0075
         vertex -0.00500808 -0.0608779 0.0075
      endloop
   endfacet
   facet normal -0.428239 0.28614 0.857167
      outer loop
         vertex -0.00600808 -0.0608779 0.00689914
         vertex -0.00530098 -0.061585 0.0075
         vertex -0.0050842 -0.0612606 0.0075
      endloop
   endfacet
   facet normal -0.28614 0.428239 0.857167
      outer loop
         vertex -0.00600808 -0.0608779 0.00689914
         vertex -0.0056254 -0.0618018 0.0075
         vertex -0.00530098 -0.061585 0.0075
      endloop
   endfacet
   facet normal -0.100479 0.505142 0.857167
      outer loop
         vertex -0.00600808 -0.0608779 0.00689914
         vertex -0.00600808 -0.0618779 0.0075
         vertex -0.0056254 -0.0618018 0.0075
      endloop
   endfacet
   facet normal 0.382683 -0.92388 -6.4107e-16
      outer loop
         vertex 0.0544077 -0.0736625 0.0147
         vertex 0.0549435 -0.0735559 0.0147
         vertex 0.0549435 -0.0735559 0.0155
      endloop
   endfacet
   facet normal 0.707107 -0.707107 -4.90654e-16
      outer loop
         vertex 0.0539535 -0.073966 0.0147
         vertex 0.0544077 -0.0736625 0.0147
         vertex 0.0544077 -0.0736625 0.0155
      endloop
   endfacet
   facet normal 0.92388 -0.382683 -2.6554e-16
      outer loop
         vertex 0.0536501 -0.0744202 0.0147
         vertex 0.0539535 -0.073966 0.0147
         vertex 0.0539535 -0.073966 0.0155
      endloop
   endfacet
   facet normal 1 1.83697e-16 1.27465e-31
      outer loop
         vertex 0.0535435 -0.0749559 0.0147
         vertex 0.0536501 -0.0744202 0.0147
         vertex 0.0536501 -0.0744202 0.0155
      endloop
   endfacet
   facet normal 0.92388 0.382683 2.6554e-16
      outer loop
         vertex 0.0536501 -0.0754917 0.0147
         vertex 0.0535435 -0.0749559 0.0147
         vertex 0.0535435 -0.0749559 0.0155
      endloop
   endfacet
   facet normal 0.707107 0.707107 4.90654e-16
      outer loop
         vertex 0.0539535 -0.0759459 0.0147
         vertex 0.0536501 -0.0754917 0.0147
         vertex 0.0536501 -0.0754917 0.0155
      endloop
   endfacet
   facet normal 0.382683 0.92388 6.4107e-16
      outer loop
         vertex 0.0544077 -0.0762493 0.0147
         vertex 0.0539535 -0.0759459 0.0147
         vertex 0.0539535 -0.0759459 0.0155
      endloop
   endfacet
   facet normal -1.22465e-16 1 6.93889e-16
      outer loop
         vertex 0.0549435 -0.0763559 0.0147
         vertex 0.0544077 -0.0762493 0.0147
         vertex 0.0544077 -0.0762493 0.0155
      endloop
   endfacet
   facet normal -0.382683 0.92388 6.4107e-16
      outer loop
         vertex 0.0554792 -0.0762493 0.0147
         vertex 0.0549435 -0.0763559 0.0147
         vertex 0.0549435 -0.0763559 0.0155
      endloop
   endfacet
   facet normal -0.707107 0.707107 4.90654e-16
      outer loop
         vertex 0.0559334 -0.0759459 0.0147
         vertex 0.0554792 -0.0762493 0.0147
         vertex 0.0554792 -0.0762493 0.0155
      endloop
   endfacet
   facet normal -0.92388 0.382683 2.6554e-16
      outer loop
         vertex 0.0562369 -0.0754917 0.0147
         vertex 0.0559334 -0.0759459 0.0147
         vertex 0.0560717 -0.075739 0.0155
      endloop
   endfacet
   facet normal -0.707107 0.707107 4.90654e-16
      outer loop
         vertex 0.0559334 -0.0759459 0.0147
         vertex 0.0559334 -0.0759459 0.0155
         vertex 0.0560717 -0.075739 0.0155
      endloop
   endfacet
   facet normal -1 -6.12323e-17 -4.24885e-32
      outer loop
         vertex 0.0563435 -0.0749559 0.0147
         vertex 0.0562369 -0.0754917 0.0147
         vertex 0.0562369 -0.0754917 0.0155
      endloop
   endfacet
   facet normal -0.92388 -0.382683 -2.6554e-16
      outer loop
         vertex 0.0562369 -0.0744202 0.0147
         vertex 0.0563435 -0.0749559 0.0147
         vertex 0.0563435 -0.0749559 0.0155
      endloop
   endfacet
   facet normal -0.92388 -0.382683 -2.6554e-16
      outer loop
         vertex 0.0562369 -0.0744202 0.0147
         vertex 0.0562369 -0.0744202 0.0155
         vertex 0.0560717 -0.0741729 0.0155
      endloop
   endfacet
   facet normal -0.821508 -0.570197 -3.95654e-16
      outer loop
         vertex 0.0560717 -0.0741729 0.0155
         vertex 0.0559334 -0.073966 0.0147
         vertex 0.0562369 -0.0744202 0.0147
      endloop
   endfacet
   facet normal -0.382683 -0.92388 -6.4107e-16
      outer loop
         vertex 0.0554792 -0.0736625 0.0147
         vertex 0.0559334 -0.073966 0.0147
         vertex 0.0559334 -0.073966 0.0155
      endloop
   endfacet
   facet normal 0 -1 -6.96987e-16
      outer loop
         vertex 0.0549435 -0.0735559 0.0147
         vertex 0.0554792 -0.0736625 0.0147
         vertex 0.0554792 -0.0736625 0.0155
      endloop
   endfacet
   facet normal -0.382683 -0.92388 -6.4107e-16
      outer loop
         vertex 0.0554792 -0.0736625 0.0155
         vertex 0.0549435 -0.0735559 0.0155
         vertex 0.0549435 -0.0735559 0.0147
      endloop
   endfacet
   facet normal -0.707107 -0.707107 -4.90654e-16
      outer loop
         vertex 0.0559334 -0.073966 0.0155
         vertex 0.0554792 -0.0736625 0.0155
         vertex 0.0554792 -0.0736625 0.0147
      endloop
   endfacet
   facet normal -0.821508 -0.570197 -3.95654e-16
      outer loop
         vertex 0.0560717 -0.0741729 0.0155
         vertex 0.0559334 -0.073966 0.0155
         vertex 0.0559334 -0.073966 0.0147
      endloop
   endfacet
   facet normal -1 -6.12323e-17 -4.24885e-32
      outer loop
         vertex 0.0563435 -0.0749559 0.0155
         vertex 0.0562369 -0.0744202 0.0155
         vertex 0.0562369 -0.0744202 0.0147
      endloop
   endfacet
   facet normal -0.92388 0.382683 2.6554e-16
      outer loop
         vertex 0.0562369 -0.0754917 0.0155
         vertex 0.0563435 -0.0749559 0.0155
         vertex 0.0563435 -0.0749559 0.0147
      endloop
   endfacet
   facet normal -0.821508 0.570197 3.95654e-16
      outer loop
         vertex 0.0560717 -0.075739 0.0155
         vertex 0.0562369 -0.0754917 0.0155
         vertex 0.0562369 -0.0754917 0.0147
      endloop
   endfacet
   facet normal -0.382683 0.92388 6.4107e-16
      outer loop
         vertex 0.0554792 -0.0762493 0.0155
         vertex 0.0559334 -0.0759459 0.0155
         vertex 0.0559334 -0.0759459 0.0147
      endloop
   endfacet
   facet normal -1.22465e-16 1 6.93889e-16
      outer loop
         vertex 0.0549435 -0.0763559 0.0155
         vertex 0.0554792 -0.0762493 0.0155
         vertex 0.0554792 -0.0762493 0.0147
      endloop
   endfacet
   facet normal 0.382683 0.92388 6.4107e-16
      outer loop
         vertex 0.0544077 -0.0762493 0.0155
         vertex 0.0549435 -0.0763559 0.0155
         vertex 0.0549435 -0.0763559 0.0147
      endloop
   endfacet
   facet normal 0.707107 0.707107 4.90654e-16
      outer loop
         vertex 0.0539535 -0.0759459 0.0155
         vertex 0.0544077 -0.0762493 0.0155
         vertex 0.0544077 -0.0762493 0.0147
      endloop
   endfacet
   facet normal 0.92388 0.382683 2.6554e-16
      outer loop
         vertex 0.0536501 -0.0754917 0.0155
         vertex 0.0539535 -0.0759459 0.0155
         vertex 0.0539535 -0.0759459 0.0147
      endloop
   endfacet
   facet normal 1 1.83697e-16 1.27465e-31
      outer loop
         vertex 0.0535435 -0.0749559 0.0155
         vertex 0.0536501 -0.0754917 0.0155
         vertex 0.0536501 -0.0754917 0.0147
      endloop
   endfacet
   facet normal 0.92388 -0.382683 -2.6554e-16
      outer loop
         vertex 0.0536501 -0.0744202 0.0155
         vertex 0.0535435 -0.0749559 0.0155
         vertex 0.0535435 -0.0749559 0.0147
      endloop
   endfacet
   facet normal 0.707107 -0.707107 -4.90654e-16
      outer loop
         vertex 0.0539535 -0.073966 0.0155
         vertex 0.0536501 -0.0744202 0.0155
         vertex 0.0536501 -0.0744202 0.0147
      endloop
   endfacet
   facet normal 0.382683 -0.92388 -6.4107e-16
      outer loop
         vertex 0.0544077 -0.0736625 0.0155
         vertex 0.0539535 -0.073966 0.0155
         vertex 0.0539535 -0.073966 0.0147
      endloop
   endfacet
   facet normal 0 -1 -6.96987e-16
      outer loop
         vertex 0.0549435 -0.0735559 0.0155
         vertex 0.0544077 -0.0736625 0.0155
         vertex 0.0544077 -0.0736625 0.0147
      endloop
   endfacet
   facet normal 0 -6.93889e-16 1
      outer loop
         vertex 0.0559334 -0.0759459 0.0147
         vertex 0.0556506 -0.075663 0.0147
         vertex 0.0553262 -0.0758798 0.0147
      endloop
   endfacet
   facet normal 0 -6.93889e-16 1
      outer loop
         vertex 0.0562369 -0.0754917 0.0147
         vertex 0.0558674 -0.0753386 0.0147
         vertex 0.0556506 -0.075663 0.0147
      endloop
   endfacet
   facet normal 0 -6.93889e-16 1
      outer loop
         vertex 0.0562369 -0.0744202 0.0147
         vertex 0.0559334 -0.073966 0.0147
         vertex 0.0556506 -0.0742488 0.0147
      endloop
   endfacet
   facet normal 0 -6.93889e-16 1
      outer loop
         vertex 0.0559334 -0.073966 0.0147
         vertex 0.0554792 -0.0736625 0.0147
         vertex 0.0553262 -0.074032 0.0147
      endloop
   endfacet
   facet normal 0 -6.93889e-16 1
      outer loop
         vertex 0.0556506 -0.075663 0.0147
         vertex 0.0559334 -0.0759459 0.0147
         vertex 0.0562369 -0.0754917 0.0147
      endloop
   endfacet
   facet normal 0 -6.93889e-16 1
      outer loop
         vertex 0.0563435 -0.0749559 0.0147
         vertex 0.0559435 -0.0749559 0.0147
         vertex 0.0558674 -0.0753386 0.0147
      endloop
   endfacet
   facet normal 0 -6.93889e-16 1
      outer loop
         vertex 0.0563435 -0.0749559 0.0147
         vertex 0.0562369 -0.0744202 0.0147
         vertex 0.0558674 -0.0745732 0.0147
      endloop
   endfacet
   facet normal 0 -6.93889e-16 1
      outer loop
         vertex 0.0553262 -0.074032 0.0147
         vertex 0.0556506 -0.0742488 0.0147
         vertex 0.0559334 -0.073966 0.0147
      endloop
   endfacet
   facet normal 0 -6.93889e-16 1
      outer loop
         vertex 0.0558674 -0.0753386 0.0147
         vertex 0.0562369 -0.0754917 0.0147
         vertex 0.0563435 -0.0749559 0.0147
      endloop
   endfacet
   facet normal 0 -6.93889e-16 1
      outer loop
         vertex 0.0556506 -0.0742488 0.0147
         vertex 0.0558674 -0.0745732 0.0147
         vertex 0.0562369 -0.0744202 0.0147
      endloop
   endfacet
   facet normal 0 -6.93889e-16 1
      outer loop
         vertex 0.0536501 -0.0754917 0.0147
         vertex 0.0539535 -0.0759459 0.0147
         vertex 0.0542364 -0.075663 0.0147
      endloop
   endfacet
   facet normal 0 -6.93889e-16 1
      outer loop
         vertex 0.0539535 -0.0759459 0.0147
         vertex 0.0544077 -0.0762493 0.0147
         vertex 0.0545608 -0.0758798 0.0147
      endloop
   endfacet
   facet normal 0 -6.93889e-16 1
      outer loop
         vertex 0.0549435 -0.0763559 0.0147
         vertex 0.0554792 -0.0762493 0.0147
         vertex 0.0553262 -0.0758798 0.0147
      endloop
   endfacet
   facet normal 0 -6.93889e-16 1
      outer loop
         vertex 0.0558674 -0.0745732 0.0147
         vertex 0.0559435 -0.0749559 0.0147
         vertex 0.0563435 -0.0749559 0.0147
      endloop
   endfacet
   facet normal 0 -6.93889e-16 1
      outer loop
         vertex 0.0549435 -0.0735559 0.0147
         vertex 0.0549435 -0.0739559 0.0147
         vertex 0.0553262 -0.074032 0.0147
      endloop
   endfacet
   facet normal 0 -6.93889e-16 1
      outer loop
         vertex 0.0544077 -0.0736625 0.0147
         vertex 0.0545608 -0.074032 0.0147
         vertex 0.0549435 -0.0739559 0.0147
      endloop
   endfacet
   facet normal 0 -6.93889e-16 1
      outer loop
         vertex 0.0535435 -0.0749559 0.0147
         vertex 0.0536501 -0.0754917 0.0147
         vertex 0.0540196 -0.0753386 0.0147
      endloop
   endfacet
   facet normal 0 -6.93889e-16 1
      outer loop
         vertex 0.0545608 -0.0758798 0.0147
         vertex 0.0542364 -0.075663 0.0147
         vertex 0.0539535 -0.0759459 0.0147
      endloop
   endfacet
   facet normal 0 -6.93889e-16 1
      outer loop
         vertex 0.0553262 -0.0758798 0.0147
         vertex 0.0554792 -0.0762493 0.0147
         vertex 0.0559334 -0.0759459 0.0147
      endloop
   endfacet
   facet normal 0 -6.93889e-16 1
      outer loop
         vertex 0.0549435 -0.0739559 0.0147
         vertex 0.0549435 -0.0735559 0.0147
         vertex 0.0544077 -0.0736625 0.0147
      endloop
   endfacet
   facet normal 0 -6.93889e-16 1
      outer loop
         vertex 0.0539535 -0.073966 0.0147
         vertex 0.0542364 -0.0742488 0.0147
         vertex 0.0545608 -0.074032 0.0147
      endloop
   endfacet
   facet normal 0 -6.93889e-16 1
      outer loop
         vertex 0.0539535 -0.073966 0.0147
         vertex 0.0536501 -0.0744202 0.0147
         vertex 0.0540196 -0.0745732 0.0147
      endloop
   endfacet
   facet normal 0 -6.93889e-16 1
      outer loop
         vertex 0.0536501 -0.0744202 0.0147
         vertex 0.0535435 -0.0749559 0.0147
         vertex 0.0539435 -0.0749559 0.0147
      endloop
   endfacet
   facet normal 0 -6.93889e-16 1
      outer loop
         vertex 0.0542364 -0.075663 0.0147
         vertex 0.0540196 -0.0753386 0.0147
         vertex 0.0536501 -0.0754917 0.0147
      endloop
   endfacet
   facet normal 0 -6.93889e-16 1
      outer loop
         vertex 0.0553262 -0.074032 0.0147
         vertex 0.0554792 -0.0736625 0.0147
         vertex 0.0549435 -0.0735559 0.0147
      endloop
   endfacet
   facet normal 0 -6.93889e-16 1
      outer loop
         vertex 0.0540196 -0.0745732 0.0147
         vertex 0.0542364 -0.0742488 0.0147
         vertex 0.0539535 -0.073966 0.0147
      endloop
   endfacet
   facet normal 0 -6.93889e-16 1
      outer loop
         vertex 0.0540196 -0.0753386 0.0147
         vertex 0.0539435 -0.0749559 0.0147
         vertex 0.0535435 -0.0749559 0.0147
      endloop
   endfacet
   facet normal 0 -6.93889e-16 1
      outer loop
         vertex 0.0549435 -0.0763559 0.0147
         vertex 0.0549435 -0.0759559 0.0147
         vertex 0.0545608 -0.0758798 0.0147
      endloop
   endfacet
   facet normal 0 -6.93889e-16 1
      outer loop
         vertex 0.0545608 -0.074032 0.0147
         vertex 0.0544077 -0.0736625 0.0147
         vertex 0.0539535 -0.073966 0.0147
      endloop
   endfacet
   facet normal 0 -6.93889e-16 1
      outer loop
         vertex 0.0545608 -0.0758798 0.0147
         vertex 0.0544077 -0.0762493 0.0147
         vertex 0.0549435 -0.0763559 0.0147
      endloop
   endfacet
   facet normal 0 -6.93889e-16 1
      outer loop
         vertex 0.0539435 -0.0749559 0.0147
         vertex 0.0540196 -0.0745732 0.0147
         vertex 0.0536501 -0.0744202 0.0147
      endloop
   endfacet
   facet normal 0 -6.93889e-16 1
      outer loop
         vertex 0.0553262 -0.0758798 0.0147
         vertex 0.0549435 -0.0759559 0.0147
         vertex 0.0549435 -0.0763559 0.0147
      endloop
   endfacet
   facet normal 0.382683 -0.92388 -6.4107e-16
      outer loop
         vertex 0.0545608 -0.074032 0.0075
         vertex 0.0549435 -0.0739559 0.0075
         vertex 0.0549435 -0.0739559 0.0147
      endloop
   endfacet
   facet normal 0.707107 -0.707107 -4.90654e-16
      outer loop
         vertex 0.0542364 -0.0742488 0.0075
         vertex 0.0545608 -0.074032 0.0075
         vertex 0.0545608 -0.074032 0.0147
      endloop
   endfacet
   facet normal 0.92388 -0.382683 -2.6554e-16
      outer loop
         vertex 0.0540196 -0.0745732 0.0075
         vertex 0.0542364 -0.0742488 0.0075
         vertex 0.0542364 -0.0742488 0.0147
      endloop
   endfacet
   facet normal 1 1.07188e-15 7.43763e-31
      outer loop
         vertex 0.0539435 -0.0749559 0.0075
         vertex 0.0540196 -0.0745732 0.0075
         vertex 0.0540196 -0.0745732 0.0147
      endloop
   endfacet
   facet normal 0.92388 0.382683 2.6554e-16
      outer loop
         vertex 0.0540196 -0.0753386 0.0075
         vertex 0.0539435 -0.0749559 0.0075
         vertex 0.0539435 -0.0749559 0.0147
      endloop
   endfacet
   facet normal 0.707107 0.707107 4.90654e-16
      outer loop
         vertex 0.0542364 -0.075663 0.0075
         vertex 0.0540196 -0.0753386 0.0075
         vertex 0.0540196 -0.0753386 0.0147
      endloop
   endfacet
   facet normal 0.382683 0.92388 6.4107e-16
      outer loop
         vertex 0.0545608 -0.0758798 0.0075
         vertex 0.0542364 -0.075663 0.0075
         vertex 0.0542364 -0.075663 0.0147
      endloop
   endfacet
   facet normal -1.22465e-16 1 6.93889e-16
      outer loop
         vertex 0.0549435 -0.0759559 0.0075
         vertex 0.0545608 -0.0758798 0.0075
         vertex 0.0545608 -0.0758798 0.0147
      endloop
   endfacet
   facet normal -0.382683 0.92388 6.4107e-16
      outer loop
         vertex 0.0553262 -0.0758798 0.0075
         vertex 0.0549435 -0.0759559 0.0075
         vertex 0.0549435 -0.0759559 0.0147
      endloop
   endfacet
   facet normal -0.707107 0.707107 4.90654e-16
      outer loop
         vertex 0.0556506 -0.075663 0.0075
         vertex 0.0553262 -0.0758798 0.0075
         vertex 0.0553262 -0.0758798 0.0147
      endloop
   endfacet
   facet normal -0.92388 0.382683 2.6554e-16
      outer loop
         vertex 0.0558674 -0.0753386 0.0075
         vertex 0.0556506 -0.075663 0.0075
         vertex 0.0556506 -0.075663 0.0147
      endloop
   endfacet
   facet normal -1 6.04901e-16 4.19735e-31
      outer loop
         vertex 0.0559435 -0.0749559 0.0075
         vertex 0.0558674 -0.0753386 0.0075
         vertex 0.0558674 -0.0753386 0.0147
      endloop
   endfacet
   facet normal -0.92388 -0.382683 -2.6554e-16
      outer loop
         vertex 0.0558674 -0.0745732 0.0075
         vertex 0.0559435 -0.0749559 0.0075
         vertex 0.0559435 -0.0749559 0.0147
      endloop
   endfacet
   facet normal -0.707107 -0.707107 -4.90654e-16
      outer loop
         vertex 0.0556506 -0.0742488 0.0075
         vertex 0.0558674 -0.0745732 0.0075
         vertex 0.0558674 -0.0745732 0.0147
      endloop
   endfacet
   facet normal -0.382683 -0.92388 -6.4107e-16
      outer loop
         vertex 0.0553262 -0.074032 0.0075
         vertex 0.0556506 -0.0742488 0.0075
         vertex 0.0556506 -0.0742488 0.0147
      endloop
   endfacet
   facet normal 0 -1 0
      outer loop
         vertex 0.0549435 -0.0739559 0.0075
         vertex 0.0553262 -0.074032 0.0075
         vertex 0.0553262 -0.074032 0.0147
      endloop
   endfacet
   facet normal -0.382683 -0.92388 -6.4107e-16
      outer loop
         vertex 0.0553262 -0.074032 0.0147
         vertex 0.0549435 -0.0739559 0.0147
         vertex 0.0549435 -0.0739559 0.0075
      endloop
   endfacet
   facet normal -0.707107 -0.707107 -4.90654e-16
      outer loop
         vertex 0.0556506 -0.0742488 0.0147
         vertex 0.0553262 -0.074032 0.0147
         vertex 0.0553262 -0.074032 0.0075
      endloop
   endfacet
   facet normal -0.92388 -0.382683 -2.6554e-16
      outer loop
         vertex 0.0558674 -0.0745732 0.0147
         vertex 0.0556506 -0.0742488 0.0147
         vertex 0.0556506 -0.0742488 0.0075
      endloop
   endfacet
   facet normal -1 6.04901e-16 4.19735e-31
      outer loop
         vertex 0.0559435 -0.0749559 0.0147
         vertex 0.0558674 -0.0745732 0.0147
         vertex 0.0558674 -0.0745732 0.0075
      endloop
   endfacet
   facet normal -0.92388 0.382683 2.6554e-16
      outer loop
         vertex 0.0558674 -0.0753386 0.0147
         vertex 0.0559435 -0.0749559 0.0147
         vertex 0.0559435 -0.0749559 0.0075
      endloop
   endfacet
   facet normal -0.707107 0.707107 4.90654e-16
      outer loop
         vertex 0.0556506 -0.075663 0.0147
         vertex 0.0558674 -0.0753386 0.0147
         vertex 0.0558674 -0.0753386 0.0075
      endloop
   endfacet
   facet normal -0.382683 0.92388 6.4107e-16
      outer loop
         vertex 0.0553262 -0.0758798 0.0147
         vertex 0.0556506 -0.075663 0.0147
         vertex 0.0556506 -0.075663 0.0075
      endloop
   endfacet
   facet normal -1.22465e-16 1 6.93889e-16
      outer loop
         vertex 0.0549435 -0.0759559 0.0147
         vertex 0.0553262 -0.0758798 0.0147
         vertex 0.0553262 -0.0758798 0.0075
      endloop
   endfacet
   facet normal 0.382683 0.92388 6.4107e-16
      outer loop
         vertex 0.0545608 -0.0758798 0.0147
         vertex 0.0549435 -0.0759559 0.0147
         vertex 0.0549435 -0.0759559 0.0075
      endloop
   endfacet
   facet normal 0.707107 0.707107 4.90654e-16
      outer loop
         vertex 0.0542364 -0.075663 0.0147
         vertex 0.0545608 -0.0758798 0.0147
         vertex 0.0545608 -0.0758798 0.0075
      endloop
   endfacet
   facet normal 0.92388 0.382683 2.6554e-16
      outer loop
         vertex 0.0540196 -0.0753386 0.0147
         vertex 0.0542364 -0.075663 0.0147
         vertex 0.0542364 -0.075663 0.0075
      endloop
   endfacet
   facet normal 1 1.07188e-15 7.43763e-31
      outer loop
         vertex 0.0539435 -0.0749559 0.0147
         vertex 0.0540196 -0.0753386 0.0147
         vertex 0.0540196 -0.0753386 0.0075
      endloop
   endfacet
   facet normal 0.92388 -0.382683 -2.6554e-16
      outer loop
         vertex 0.0540196 -0.0745732 0.0147
         vertex 0.0539435 -0.0749559 0.0147
         vertex 0.0539435 -0.0749559 0.0075
      endloop
   endfacet
   facet normal 0.707107 -0.707107 -4.90654e-16
      outer loop
         vertex 0.0542364 -0.0742488 0.0147
         vertex 0.0540196 -0.0745732 0.0147
         vertex 0.0540196 -0.0745732 0.0075
      endloop
   endfacet
   facet normal 0.382683 -0.92388 -6.4107e-16
      outer loop
         vertex 0.0545608 -0.074032 0.0147
         vertex 0.0542364 -0.0742488 0.0147
         vertex 0.0542364 -0.0742488 0.0075
      endloop
   endfacet
   facet normal 0 -1 0
      outer loop
         vertex 0.0549435 -0.0739559 0.0147
         vertex 0.0545608 -0.074032 0.0147
         vertex 0.0545608 -0.074032 0.0075
      endloop
   endfacet
   facet normal 0.100479 0.505142 0.857167
      outer loop
         vertex 0.0549435 -0.0749559 0.00689914
         vertex 0.0545608 -0.0758798 0.0075
         vertex 0.0549435 -0.0759559 0.0075
      endloop
   endfacet
   facet normal 0.28614 0.428239 0.857167
      outer loop
         vertex 0.0549435 -0.0749559 0.00689914
         vertex 0.0542364 -0.075663 0.0075
         vertex 0.0545608 -0.0758798 0.0075
      endloop
   endfacet
   facet normal 0.428239 0.28614 0.857167
      outer loop
         vertex 0.0549435 -0.0749559 0.00689914
         vertex 0.0540196 -0.0753386 0.0075
         vertex 0.0542364 -0.075663 0.0075
      endloop
   endfacet
   facet normal 0.505142 0.100479 0.857167
      outer loop
         vertex 0.0549435 -0.0749559 0.00689914
         vertex 0.0539435 -0.0749559 0.0075
         vertex 0.0540196 -0.0753386 0.0075
      endloop
   endfacet
   facet normal 0.505142 -0.100479 0.857167
      outer loop
         vertex 0.0549435 -0.0749559 0.00689914
         vertex 0.0540196 -0.0745732 0.0075
         vertex 0.0539435 -0.0749559 0.0075
      endloop
   endfacet
   facet normal 0.428239 -0.28614 0.857167
      outer loop
         vertex 0.0549435 -0.0749559 0.00689914
         vertex 0.0542364 -0.0742488 0.0075
         vertex 0.0540196 -0.0745732 0.0075
      endloop
   endfacet
   facet normal 0.28614 -0.428239 0.857167
      outer loop
         vertex 0.0549435 -0.0749559 0.00689914
         vertex 0.0545608 -0.074032 0.0075
         vertex 0.0542364 -0.0742488 0.0075
      endloop
   endfacet
   facet normal 0.100479 -0.505142 0.857167
      outer loop
         vertex 0.0549435 -0.0749559 0.00689914
         vertex 0.0549435 -0.0739559 0.0075
         vertex 0.0545608 -0.074032 0.0075
      endloop
   endfacet
   facet normal -0.100479 -0.505142 0.857167
      outer loop
         vertex 0.0549435 -0.0749559 0.00689914
         vertex 0.0553262 -0.074032 0.0075
         vertex 0.0549435 -0.0739559 0.0075
      endloop
   endfacet
   facet normal -0.28614 -0.428239 0.857167
      outer loop
         vertex 0.0549435 -0.0749559 0.00689914
         vertex 0.0556506 -0.0742488 0.0075
         vertex 0.0553262 -0.074032 0.0075
      endloop
   endfacet
   facet normal -0.428239 -0.28614 0.857167
      outer loop
         vertex 0.0549435 -0.0749559 0.00689914
         vertex 0.0558674 -0.0745732 0.0075
         vertex 0.0556506 -0.0742488 0.0075
      endloop
   endfacet
   facet normal -0.505142 -0.100479 0.857167
      outer loop
         vertex 0.0549435 -0.0749559 0.00689914
         vertex 0.0559435 -0.0749559 0.0075
         vertex 0.0558674 -0.0745732 0.0075
      endloop
   endfacet
   facet normal -0.505142 0.100479 0.857167
      outer loop
         vertex 0.0549435 -0.0749559 0.00689914
         vertex 0.0558674 -0.0753386 0.0075
         vertex 0.0559435 -0.0749559 0.0075
      endloop
   endfacet
   facet normal -0.428239 0.28614 0.857167
      outer loop
         vertex 0.0549435 -0.0749559 0.00689914
         vertex 0.0556506 -0.075663 0.0075
         vertex 0.0558674 -0.0753386 0.0075
      endloop
   endfacet
   facet normal -0.28614 0.428239 0.857167
      outer loop
         vertex 0.0549435 -0.0749559 0.00689914
         vertex 0.0553262 -0.0758798 0.0075
         vertex 0.0556506 -0.075663 0.0075
      endloop
   endfacet
   facet normal -0.100479 0.505142 0.857167
      outer loop
         vertex 0.0549435 -0.0749559 0.00689914
         vertex 0.0549435 -0.0759559 0.0075
         vertex 0.0553262 -0.0758798 0.0075
      endloop
   endfacet
endsolid R-Hand_Plate. Units = meters