solid Group3^2-Finger_85_Adaptive_Gripper. STL generated by ONSHAPE BY PTC INC, 1.212. Units = meters
   facet normal -4.51056e-32 -1 -3.06039e-16
      outer loop
         vertex -0.0503005 -0.0075 0.0144586
         vertex -0.0542323 -0.0075 0.0113698
         vertex -0.052751 -0.0075 0.0101003
      endloop
   endfacet
   facet normal -4.51056e-32 -1 -3.06039e-16
      outer loop
         vertex -0.052751 -0.0075 0.0101003
         vertex -0.0508966 -0.0075 0.00949428
         vertex -0.0503005 -0.0075 0.0144586
      endloop
   endfacet
   facet normal -4.51056e-32 -1 -3.06039e-16
      outer loop
         vertex -0.0508966 -0.0075 0.00949428
         vertex -0.0489515 -0.0075 0.00964406
         vertex -0.0503005 -0.0075 0.0144586
      endloop
   endfacet
   facet normal -4.51056e-32 -1 -3.06039e-16
      outer loop
         vertex -0.0489515 -0.0075 0.00964406
         vertex -0.0472117 -0.0075 0.0105268
         vertex -0.0503005 -0.0075 0.0144586
      endloop
   endfacet
   facet normal -4.51056e-32 -1 -3.06039e-16
      outer loop
         vertex -0.0472117 -0.0075 0.0105268
         vertex -0.0459422 -0.0075 0.0120081
         vertex -0.0503005 -0.0075 0.0144586
      endloop
   endfacet
   facet normal -4.51056e-32 -1 -3.06039e-16
      outer loop
         vertex -0.0459422 -0.0075 0.0120081
         vertex -0.0453362 -0.0075 0.0138625
         vertex -0.0503005 -0.0075 0.0144586
      endloop
   endfacet
   facet normal -4.51056e-32 -1 -3.06039e-16
      outer loop
         vertex -0.0453362 -0.0075 0.0138625
         vertex -0.045486 -0.0075 0.0158077
         vertex -0.0503005 -0.0075 0.0144586
      endloop
   endfacet
   facet normal -4.51056e-32 -1 -3.06039e-16
      outer loop
         vertex -0.045486 -0.0075 0.0158077
         vertex -0.0463687 -0.0075 0.0175475
         vertex -0.0503005 -0.0075 0.0144586
      endloop
   endfacet
   facet normal -4.51056e-32 -1 -3.06039e-16
      outer loop
         vertex -0.0463687 -0.0075 0.0175475
         vertex -0.0478501 -0.0075 0.018817
         vertex -0.0503005 -0.0075 0.0144586
      endloop
   endfacet
   facet normal -4.51056e-32 -1 -3.06039e-16
      outer loop
         vertex -0.0478501 -0.0075 0.018817
         vertex -0.0497045 -0.0075 0.019423
         vertex -0.0503005 -0.0075 0.0144586
      endloop
   endfacet
   facet normal -4.51056e-32 -1 -3.06039e-16
      outer loop
         vertex -0.0497045 -0.0075 0.019423
         vertex -0.0516496 -0.0075 0.0192732
         vertex -0.0503005 -0.0075 0.0144586
      endloop
   endfacet
   facet normal -4.51056e-32 -1 -3.06039e-16
      outer loop
         vertex -0.0516496 -0.0075 0.0192732
         vertex -0.0533894 -0.0075 0.0183904
         vertex -0.0503005 -0.0075 0.0144586
      endloop
   endfacet
   facet normal -4.51056e-32 -1 -3.06039e-16
      outer loop
         vertex -0.0533894 -0.0075 0.0183904
         vertex -0.0546589 -0.0075 0.0169091
         vertex -0.0503005 -0.0075 0.0144586
      endloop
   endfacet
   facet normal -4.51056e-32 -1 -3.06039e-16
      outer loop
         vertex -0.0546589 -0.0075 0.0169091
         vertex -0.0552649 -0.0075 0.0150547
         vertex -0.0503005 -0.0075 0.0144586
      endloop
   endfacet
   facet normal -4.51056e-32 -1 -3.06039e-16
      outer loop
         vertex -0.0552649 -0.0075 0.0150547
         vertex -0.0551151 -0.0075 0.0131095
         vertex -0.0503005 -0.0075 0.0144586
      endloop
   endfacet
   facet normal -4.51056e-32 -1 -3.06039e-16
      outer loop
         vertex -0.0551151 -0.0075 0.0131095
         vertex -0.0542323 -0.0075 0.0113698
         vertex -0.0503005 -0.0075 0.0144586
      endloop
   endfacet
   facet normal -0.962912 1.34815e-31 -0.269815
      outer loop
         vertex -0.0551151 -0.007 0.0131095
         vertex -0.0551151 -0.0075 0.0131095
         vertex -0.0552649 -0.0075 0.0150547
      endloop
   endfacet
   facet normal -0.992869 -1.27991e-16 0.119214
      outer loop
         vertex -0.0552649 -0.007 0.0150547
         vertex -0.0552649 -0.0075 0.0150547
         vertex -0.0546589 -0.0075 0.0169091
      endloop
   endfacet
   facet normal -0.87167 -2.36496e-16 0.490094
      outer loop
         vertex -0.0546589 -0.007 0.0169091
         vertex -0.0546589 -0.0075 0.0169091
         vertex -0.0533894 -0.0075 0.0183904
      endloop
   endfacet
   facet normal -0.617767 -3.08997e-16 0.786361
      outer loop
         vertex -0.0533894 -0.007 0.0183904
         vertex -0.0533894 -0.0075 0.0183904
         vertex -0.0516496 -0.0075 0.0192732
      endloop
   endfacet
   facet normal -0.269815 -3.34456e-16 0.962912
      outer loop
         vertex -0.0516496 -0.007 0.0192732
         vertex -0.0516496 -0.0075 0.0192732
         vertex -0.0497045 -0.0075 0.019423
      endloop
   endfacet
   facet normal 0.119214 -3.08997e-16 0.992869
      outer loop
         vertex -0.0497045 -0.007 0.019423
         vertex -0.0497045 -0.0075 0.019423
         vertex -0.0478501 -0.0075 0.018817
      endloop
   endfacet
   facet normal 0.490094 -2.36496e-16 0.87167
      outer loop
         vertex -0.0478501 -0.007 0.018817
         vertex -0.0478501 -0.0075 0.018817
         vertex -0.0463687 -0.0075 0.0175475
      endloop
   endfacet
   facet normal 0.786361 -1.27991e-16 0.617767
      outer loop
         vertex -0.0463687 -0.007 0.0175475
         vertex -0.0463687 -0.0075 0.0175475
         vertex -0.045486 -0.0075 0.0158077
      endloop
   endfacet
   facet normal 0.962912 -1.73334e-31 0.269815
      outer loop
         vertex -0.045486 -0.007 0.0158077
         vertex -0.045486 -0.0075 0.0158077
         vertex -0.0453362 -0.0075 0.0138625
      endloop
   endfacet
   facet normal 0.992869 1.27991e-16 -0.119214
      outer loop
         vertex -0.0453362 -0.007 0.0138625
         vertex -0.0453362 -0.0075 0.0138625
         vertex -0.0459422 -0.0075 0.0120081
      endloop
   endfacet
   facet normal 0.87167 2.36496e-16 -0.490094
      outer loop
         vertex -0.0459422 -0.007 0.0120081
         vertex -0.0459422 -0.0075 0.0120081
         vertex -0.0472117 -0.0075 0.0105268
      endloop
   endfacet
   facet normal 0.617767 3.08997e-16 -0.786361
      outer loop
         vertex -0.0472117 -0.007 0.0105268
         vertex -0.0472117 -0.0075 0.0105268
         vertex -0.0489515 -0.0075 0.00964406
      endloop
   endfacet
   facet normal 0.269815 3.34456e-16 -0.962912
      outer loop
         vertex -0.0489515 -0.007 0.00964406
         vertex -0.0489515 -0.0075 0.00964406
         vertex -0.0508966 -0.0075 0.00949428
      endloop
   endfacet
   facet normal -0.119214 3.08997e-16 -0.992869
      outer loop
         vertex -0.0508966 -0.007 0.00949428
         vertex -0.0508966 -0.0075 0.00949428
         vertex -0.052751 -0.0075 0.0101003
      endloop
   endfacet
   facet normal -0.490094 2.36496e-16 -0.87167
      outer loop
         vertex -0.052751 -0.007 0.0101003
         vertex -0.052751 -0.0075 0.0101003
         vertex -0.0542323 -0.0075 0.0113698
      endloop
   endfacet
   facet normal -0.786361 1.27991e-16 -0.617767
      outer loop
         vertex -0.0542323 -0.007 0.0113698
         vertex -0.0542323 -0.0075 0.0113698
         vertex -0.0551151 -0.0075 0.0131095
      endloop
   endfacet
   facet normal -0.962912 1.34815e-31 -0.269815
      outer loop
         vertex -0.0551151 -0.0075 0.0131095
         vertex -0.0551151 -0.007 0.0131095
         vertex -0.0542323 -0.007 0.0113698
      endloop
   endfacet
   facet normal -0.786361 1.27991e-16 -0.617767
      outer loop
         vertex -0.0542323 -0.0075 0.0113698
         vertex -0.0542323 -0.007 0.0113698
         vertex -0.052751 -0.007 0.0101003
      endloop
   endfacet
   facet normal -0.490094 2.36496e-16 -0.87167
      outer loop
         vertex -0.052751 -0.0075 0.0101003
         vertex -0.052751 -0.007 0.0101003
         vertex -0.0508966 -0.007 0.00949428
      endloop
   endfacet
   facet normal -0.119214 3.08997e-16 -0.992869
      outer loop
         vertex -0.0508966 -0.0075 0.00949428
         vertex -0.0508966 -0.007 0.00949428
         vertex -0.0489515 -0.007 0.00964406
      endloop
   endfacet
   facet normal 0.269815 3.34456e-16 -0.962912
      outer loop
         vertex -0.0489515 -0.0075 0.00964406
         vertex -0.0489515 -0.007 0.00964406
         vertex -0.0472117 -0.007 0.0105268
      endloop
   endfacet
   facet normal 0.617767 3.08997e-16 -0.786361
      outer loop
         vertex -0.0472117 -0.0075 0.0105268
         vertex -0.0472117 -0.007 0.0105268
         vertex -0.0459422 -0.007 0.0120081
      endloop
   endfacet
   facet normal 0.87167 2.36496e-16 -0.490094
      outer loop
         vertex -0.0459422 -0.0075 0.0120081
         vertex -0.0459422 -0.007 0.0120081
         vertex -0.0453362 -0.007 0.0138625
      endloop
   endfacet
   facet normal 0.992869 1.27991e-16 -0.119214
      outer loop
         vertex -0.0453362 -0.0075 0.0138625
         vertex -0.0453362 -0.007 0.0138625
         vertex -0.045486 -0.007 0.0158077
      endloop
   endfacet
   facet normal 0.962912 -1.73334e-31 0.269815
      outer loop
         vertex -0.045486 -0.0075 0.0158077
         vertex -0.045486 -0.007 0.0158077
         vertex -0.0463687 -0.007 0.0175475
      endloop
   endfacet
   facet normal 0.786361 -1.27991e-16 0.617767
      outer loop
         vertex -0.0463687 -0.0075 0.0175475
         vertex -0.0463687 -0.007 0.0175475
         vertex -0.0478501 -0.007 0.018817
      endloop
   endfacet
   facet normal 0.490094 -2.36496e-16 0.87167
      outer loop
         vertex -0.0478501 -0.0075 0.018817
         vertex -0.0478501 -0.007 0.018817
         vertex -0.0497045 -0.007 0.019423
      endloop
   endfacet
   facet normal 0.119214 -3.08997e-16 0.992869
      outer loop
         vertex -0.0497045 -0.0075 0.019423
         vertex -0.0497045 -0.007 0.019423
         vertex -0.0516496 -0.007 0.0192732
      endloop
   endfacet
   facet normal -0.269815 -3.34456e-16 0.962912
      outer loop
         vertex -0.0516496 -0.0075 0.0192732
         vertex -0.0516496 -0.007 0.0192732
         vertex -0.0533894 -0.007 0.0183904
      endloop
   endfacet
   facet normal -0.617767 -3.08997e-16 0.786361
      outer loop
         vertex -0.0533894 -0.0075 0.0183904
         vertex -0.0533894 -0.007 0.0183904
         vertex -0.0546589 -0.007 0.0169091
      endloop
   endfacet
   facet normal -0.87167 -2.36496e-16 0.490094
      outer loop
         vertex -0.0546589 -0.0075 0.0169091
         vertex -0.0546589 -0.007 0.0169091
         vertex -0.0552649 -0.007 0.0150547
      endloop
   endfacet
   facet normal -0.992869 -1.27991e-16 0.119214
      outer loop
         vertex -0.0552649 -0.0075 0.0150547
         vertex -0.0552649 -0.007 0.0150547
         vertex -0.0551151 -0.007 0.0131095
      endloop
   endfacet
   facet normal 4.29858e-17 -1 -3.35293e-16
      outer loop
         vertex -0.0533894 -0.007 0.0183904
         vertex -0.0566705 -0.007 0.0218562
         vertex -0.0577471 -0.007 0.0196732
      endloop
   endfacet
   facet normal 4.29858e-17 -1 -3.35293e-16
      outer loop
         vertex -0.0492995 -0.007 0.0370726
         vertex -0.0562995 -0.007 0.0370729
         vertex -0.0563001 -0.007 0.0242618
      endloop
   endfacet
   facet normal 4.29858e-17 -1 -3.35293e-16
      outer loop
         vertex -0.0594303 -0.007 0.0179151
         vertex -0.0552649 -0.007 0.0150547
         vertex -0.0546589 -0.007 0.0169091
      endloop
   endfacet
   facet normal 4.29858e-17 -1 -3.35293e-16
      outer loop
         vertex -0.0577471 -0.007 0.0196732
         vertex -0.0546589 -0.007 0.0169091
         vertex -0.0533894 -0.007 0.0183904
      endloop
   endfacet
   facet normal 4.29858e-17 -1 -3.35293e-16
      outer loop
         vertex -0.0563001 -0.007 0.0242618
         vertex -0.0493002 -0.007 0.0214586
         vertex -0.0492995 -0.007 0.0370726
      endloop
   endfacet
   facet normal 4.29858e-17 -1 -3.35293e-16
      outer loop
         vertex -0.0546589 -0.007 0.0169091
         vertex -0.0577471 -0.007 0.0196732
         vertex -0.0594303 -0.007 0.0179151
      endloop
   endfacet
   facet normal 4.29858e-17 -1 -3.35293e-16
      outer loop
         vertex -0.0552649 -0.007 0.0150547
         vertex -0.0676059 -0.007 0.0129083
         vertex -0.0657515 -0.007 0.0123023
      endloop
   endfacet
   facet normal 4.29858e-17 -1 -3.35293e-16
      outer loop
         vertex -0.0736397 -0.007 0.0104799
         vertex -0.0741962 -0.007 0.00820591
         vertex -0.0731663 -0.007 0.00854
      endloop
   endfacet
   facet normal 4.29858e-17 -1 -3.35293e-16
      outer loop
         vertex -0.0741962 -0.007 0.00820591
         vertex -0.0738402 -0.007 0.00589206
         vertex -0.0730165 -0.007 0.00659486
      endloop
   endfacet
   facet normal 4.29858e-17 -1 -3.35293e-16
      outer loop
         vertex -0.0563001 -0.007 0.0242618
         vertex -0.0566705 -0.007 0.0218562
         vertex -0.0493002 -0.007 0.0214586
      endloop
   endfacet
   facet normal 4.29858e-17 -1 -3.35293e-16
      outer loop
         vertex -0.0657515 -0.007 0.0123023
         vertex -0.0551151 -0.007 0.0131095
         vertex -0.0552649 -0.007 0.0150547
      endloop
   endfacet
   facet normal 4.29858e-17 -1 -3.35293e-16
      outer loop
         vertex -0.0722553 -0.007 0.0123678
         vertex -0.0736397 -0.007 0.0104799
         vertex -0.0725603 -0.007 0.0103944
      endloop
   endfacet
   facet normal 4.29858e-17 -1 -3.35293e-16
      outer loop
         vertex -0.0730165 -0.007 0.00659486
         vertex -0.0731663 -0.007 0.00854
         vertex -0.0741962 -0.007 0.00820591
      endloop
   endfacet
   facet normal 4.29858e-17 -1 -3.35293e-16
      outer loop
         vertex -0.0684639 -0.007 0.00194965
         vertex -0.0661501 -0.007 0.00230568
         vertex -0.0668529 -0.007 0.00312937
      endloop
   endfacet
   facet normal 4.29858e-17 -1 -3.35293e-16
      outer loop
         vertex -0.0542323 -0.007 0.0113698
         vertex -0.0638436 -0.007 0.00549346
         vertex -0.0651131 -0.007 0.00401212
      endloop
   endfacet
   facet normal 4.29858e-17 -1 -3.35293e-16
      outer loop
         vertex -0.0594303 -0.007 0.0179151
         vertex -0.0676059 -0.007 0.0129083
         vertex -0.0552649 -0.007 0.0150547
      endloop
   endfacet
   facet normal 4.29858e-17 -1 -3.35293e-16
      outer loop
         vertex -0.0702538 -0.007 0.0135822
         vertex -0.069551 -0.007 0.0127585
         vertex -0.0676059 -0.007 0.0129083
      endloop
   endfacet
   facet normal 4.29858e-17 -1 -3.35293e-16
      outer loop
         vertex -0.0702538 -0.007 0.0135822
         vertex -0.0722553 -0.007 0.0123678
         vertex -0.0712908 -0.007 0.0118757
      endloop
   endfacet
   facet normal 4.29858e-17 -1 -3.35293e-16
      outer loop
         vertex -0.0731663 -0.007 0.00854
         vertex -0.0725603 -0.007 0.0103944
         vertex -0.0736397 -0.007 0.0104799
      endloop
   endfacet
   facet normal 4.29858e-17 -1 -3.35293e-16
      outer loop
         vertex -0.0661501 -0.007 0.00230568
         vertex -0.0651131 -0.007 0.00401212
         vertex -0.0668529 -0.007 0.00312937
      endloop
   endfacet
   facet normal 4.29858e-17 -1 -3.35293e-16
      outer loop
         vertex -0.0542323 -0.007 0.0113698
         vertex -0.0632376 -0.007 0.00734786
         vertex -0.0638436 -0.007 0.00549346
      endloop
   endfacet
   facet normal 4.29858e-17 -1 -3.35293e-16
      outer loop
         vertex -0.0542323 -0.007 0.0113698
         vertex -0.0657515 -0.007 0.0123023
         vertex -0.0642702 -0.007 0.0110328
      endloop
   endfacet
   facet normal 4.29858e-17 -1 -3.35293e-16
      outer loop
         vertex -0.0657515 -0.007 0.0123023
         vertex -0.0542323 -0.007 0.0113698
         vertex -0.0551151 -0.007 0.0131095
      endloop
   endfacet
   facet normal 4.29858e-17 -1 -3.35293e-16
      outer loop
         vertex -0.0676059 -0.007 0.0129083
         vertex -0.0594303 -0.007 0.0179151
         vertex -0.0615643 -0.007 0.0167445
      endloop
   endfacet
   facet normal 4.29858e-17 -1 -3.35293e-16
      outer loop
         vertex -0.0725603 -0.007 0.0103944
         vertex -0.0712908 -0.007 0.0118757
         vertex -0.0722553 -0.007 0.0123678
      endloop
   endfacet
   facet normal 4.29858e-17 -1 -3.35293e-16
      outer loop
         vertex -0.0651131 -0.007 0.00401212
         vertex -0.0661501 -0.007 0.00230568
         vertex -0.0542323 -0.007 0.0113698
      endloop
   endfacet
   facet normal 4.29858e-17 -1 -3.35293e-16
      outer loop
         vertex -0.0533894 -0.007 0.0183904
         vertex -0.0493002 -0.007 0.0214586
         vertex -0.0566705 -0.007 0.0218562
      endloop
   endfacet
   facet normal 4.29858e-17 -1 -3.35293e-16
      outer loop
         vertex -0.0712908 -0.007 0.0118757
         vertex -0.069551 -0.007 0.0127585
         vertex -0.0702538 -0.007 0.0135822
      endloop
   endfacet
   facet normal 4.29858e-17 -1 -3.35293e-16
      outer loop
         vertex -0.0445783 -0.007 0.0126541
         vertex -0.0453362 -0.007 0.0138625
         vertex -0.0459422 -0.007 0.0120081
      endloop
   endfacet
   facet normal 4.29858e-17 -1 -3.35293e-16
      outer loop
         vertex -0.0542323 -0.007 0.0113698
         vertex -0.0633874 -0.007 0.009293
         vertex -0.0632376 -0.007 0.00734786
      endloop
   endfacet
   facet normal 4.29858e-17 -1 -3.35293e-16
      outer loop
         vertex -0.0676059 -0.007 0.0129083
         vertex -0.0615643 -0.007 0.0167445
         vertex -0.0702538 -0.007 0.0135822
      endloop
   endfacet
   facet normal 4.29858e-17 -1 -3.35293e-16
      outer loop
         vertex -0.0482487 -0.007 0.00882037
         vertex -0.0489515 -0.007 0.00964406
         vertex -0.0508966 -0.007 0.00949428
      endloop
   endfacet
   facet normal 4.29858e-17 -1 -3.35293e-16
      outer loop
         vertex -0.0472117 -0.007 0.0105268
         vertex -0.0489515 -0.007 0.00964406
         vertex -0.0482487 -0.007 0.00882037
      endloop
   endfacet
   facet normal 4.29858e-17 -1 -3.35293e-16
      outer loop
         vertex -0.0472117 -0.007 0.0105268
         vertex -0.0466482 -0.007 0.00969834
         vertex -0.0453858 -0.007 0.0110169
      endloop
   endfacet
   facet normal 4.29858e-17 -1 -3.35293e-16
      outer loop
         vertex -0.0459422 -0.007 0.0120081
         vertex -0.0453858 -0.007 0.0110169
         vertex -0.0445783 -0.007 0.0126541
      endloop
   endfacet
   facet normal 4.29858e-17 -1 -3.35293e-16
      outer loop
         vertex -0.0493002 -0.007 0.0214586
         vertex -0.0497045 -0.007 0.019423
         vertex -0.0478501 -0.007 0.018817
      endloop
   endfacet
   facet normal 4.29858e-17 -1 -3.35293e-16
      outer loop
         vertex -0.0642702 -0.007 0.0110328
         vertex -0.0633874 -0.007 0.009293
         vertex -0.0542323 -0.007 0.0113698
      endloop
   endfacet
   facet normal 4.29858e-17 -1 -3.35293e-16
      outer loop
         vertex -0.0738402 -0.007 0.00589206
         vertex -0.0726258 -0.007 0.00389059
         vertex -0.0721338 -0.007 0.0048551
      endloop
   endfacet
   facet normal 4.29858e-17 -1 -3.35293e-16
      outer loop
         vertex -0.0726258 -0.007 0.00389059
         vertex -0.0707379 -0.007 0.0025062
         vertex -0.0706524 -0.007 0.00358558
      endloop
   endfacet
   facet normal 4.29858e-17 -1 -3.35293e-16
      outer loop
         vertex -0.0707379 -0.007 0.0025062
         vertex -0.0684639 -0.007 0.00194965
         vertex -0.068798 -0.007 0.00297959
      endloop
   endfacet
   facet normal 4.29858e-17 -1 -3.35293e-16
      outer loop
         vertex -0.0482487 -0.007 0.00882037
         vertex -0.0466482 -0.007 0.00969834
         vertex -0.0472117 -0.007 0.0105268
      endloop
   endfacet
   facet normal 4.29858e-17 -1 -3.35293e-16
      outer loop
         vertex -0.0445783 -0.007 0.0126541
         vertex -0.0443005 -0.007 0.0144584
         vertex -0.0453362 -0.007 0.0138625
      endloop
   endfacet
   facet normal 4.29858e-17 -1 -3.35293e-16
      outer loop
         vertex -0.0493002 -0.007 0.0214586
         vertex -0.0516496 -0.007 0.0192732
         vertex -0.0497045 -0.007 0.019423
      endloop
   endfacet
   facet normal 4.29858e-17 -1 -3.35293e-16
      outer loop
         vertex -0.0721338 -0.007 0.0048551
         vertex -0.0730165 -0.007 0.00659486
         vertex -0.0738402 -0.007 0.00589206
      endloop
   endfacet
   facet normal 4.29858e-17 -1 -3.35293e-16
      outer loop
         vertex -0.068798 -0.007 0.00297959
         vertex -0.0706524 -0.007 0.00358558
         vertex -0.0707379 -0.007 0.0025062
      endloop
   endfacet
   facet normal 4.29858e-17 -1 -3.35293e-16
      outer loop
         vertex -0.0453858 -0.007 0.0110169
         vertex -0.0459422 -0.007 0.0120081
         vertex -0.0472117 -0.007 0.0105268
      endloop
   endfacet
   facet normal 4.29858e-17 -1 -3.35293e-16
      outer loop
         vertex -0.0443005 -0.007 0.0144584
         vertex -0.0443002 -0.007 0.0214584
         vertex -0.045486 -0.007 0.0158077
      endloop
   endfacet
   facet normal 4.29858e-17 -1 -3.35293e-16
      outer loop
         vertex -0.0443002 -0.007 0.0214584
         vertex -0.0478501 -0.007 0.018817
         vertex -0.0463687 -0.007 0.0175475
      endloop
   endfacet
   facet normal 4.29858e-17 -1 -3.35293e-16
      outer loop
         vertex -0.0493002 -0.007 0.0214586
         vertex -0.0533894 -0.007 0.0183904
         vertex -0.0516496 -0.007 0.0192732
      endloop
   endfacet
   facet normal 4.29858e-17 -1 -3.35293e-16
      outer loop
         vertex -0.0706524 -0.007 0.00358558
         vertex -0.0721338 -0.007 0.0048551
         vertex -0.0726258 -0.007 0.00389059
      endloop
   endfacet
   facet normal 4.29858e-17 -1 -3.35293e-16
      outer loop
         vertex -0.0661501 -0.007 0.00230568
         vertex -0.0508966 -0.007 0.00949428
         vertex -0.052751 -0.007 0.0101003
      endloop
   endfacet
   facet normal 4.29858e-17 -1 -3.35293e-16
      outer loop
         vertex -0.045486 -0.007 0.0158077
         vertex -0.0453362 -0.007 0.0138625
         vertex -0.0443005 -0.007 0.0144584
      endloop
   endfacet
   facet normal 4.29858e-17 -1 -3.35293e-16
      outer loop
         vertex -0.0478501 -0.007 0.018817
         vertex -0.0443002 -0.007 0.0214584
         vertex -0.0493002 -0.007 0.0214586
      endloop
   endfacet
   facet normal 4.29858e-17 -1 -3.35293e-16
      outer loop
         vertex -0.052751 -0.007 0.0101003
         vertex -0.0542323 -0.007 0.0113698
         vertex -0.0661501 -0.007 0.00230568
      endloop
   endfacet
   facet normal 4.29858e-17 -1 -3.35293e-16
      outer loop
         vertex -0.0463687 -0.007 0.0175475
         vertex -0.045486 -0.007 0.0158077
         vertex -0.0443002 -0.007 0.0214584
      endloop
   endfacet
   facet normal 4.29858e-17 -1 -3.35293e-16
      outer loop
         vertex -0.0508966 -0.007 0.00949428
         vertex -0.0661501 -0.007 0.00230568
         vertex -0.0482487 -0.007 0.00882037
      endloop
   endfacet
   facet normal 4.29858e-17 -1 -3.35293e-16
      outer loop
         vertex -0.0668529 -0.007 0.00312937
         vertex -0.068798 -0.007 0.00297959
         vertex -0.0684639 -0.007 0.00194965
      endloop
   endfacet
   facet normal -4.1125e-05 -0.382683 -0.92388
      outer loop
         vertex -0.0492995 -0.00680866 0.0380345
         vertex -0.0492995 -0.007 0.0380726
         vertex -0.0562995 -0.007 0.0380729
      endloop
   endfacet
   facet normal -3.14757e-05 -0.707107 -0.707107
      outer loop
         vertex -0.0492995 -0.00664645 0.0379261
         vertex -0.0492995 -0.00680866 0.0380345
         vertex -0.0562995 -0.00680866 0.0380348
      endloop
   endfacet
   facet normal -1.70345e-05 -0.92388 -0.382683
      outer loop
         vertex -0.0492995 -0.00653806 0.0377639
         vertex -0.0492995 -0.00664645 0.0379261
         vertex -0.0562995 -0.00664645 0.0379264
      endloop
   endfacet
   facet normal 1.2951e-19 -1 2.90946e-15
      outer loop
         vertex -0.0492995 -0.0065 0.0375726
         vertex -0.0492995 -0.00653806 0.0377639
         vertex -0.0562995 -0.00653806 0.0377642
      endloop
   endfacet
   facet normal 1.70345e-05 -0.92388 0.382683
      outer loop
         vertex -0.0492995 -0.00653806 0.0373812
         vertex -0.0492995 -0.0065 0.0375726
         vertex -0.0562995 -0.0065 0.0375729
      endloop
   endfacet
   facet normal 3.14757e-05 -0.707107 0.707107
      outer loop
         vertex -0.0492995 -0.00664645 0.037219
         vertex -0.0492995 -0.00653806 0.0373812
         vertex -0.0562995 -0.00653806 0.0373815
      endloop
   endfacet
   facet normal 4.1125e-05 -0.382683 0.92388
      outer loop
         vertex -0.0492995 -0.00680866 0.0371106
         vertex -0.0492995 -0.00664645 0.037219
         vertex -0.0562995 -0.00664645 0.0372193
      endloop
   endfacet
   facet normal 4.45134e-05 2.00712e-11 1
      outer loop
         vertex -0.0492995 -0.007 0.0370726
         vertex -0.0492995 -0.00680866 0.0371106
         vertex -0.0562995 -0.00680866 0.0371109
      endloop
   endfacet
   facet normal 4.1125e-05 -0.382683 0.92388
      outer loop
         vertex -0.0562995 -0.00680866 0.0371109
         vertex -0.0562995 -0.007 0.0370729
         vertex -0.0492995 -0.007 0.0370726
      endloop
   endfacet
   facet normal 3.14757e-05 -0.707107 0.707107
      outer loop
         vertex -0.0562995 -0.00664645 0.0372193
         vertex -0.0562995 -0.00680866 0.0371109
         vertex -0.0492995 -0.00680866 0.0371106
      endloop
   endfacet
   facet normal 1.70345e-05 -0.92388 0.382683
      outer loop
         vertex -0.0562995 -0.00653806 0.0373815
         vertex -0.0562995 -0.00664645 0.0372193
         vertex -0.0492995 -0.00664645 0.037219
      endloop
   endfacet
   facet normal 1.2951e-19 -1 2.90946e-15
      outer loop
         vertex -0.0562995 -0.0065 0.0375729
         vertex -0.0562995 -0.00653806 0.0373815
         vertex -0.0492995 -0.00653806 0.0373812
      endloop
   endfacet
   facet normal -1.70345e-05 -0.92388 -0.382683
      outer loop
         vertex -0.0562995 -0.00653806 0.0377642
         vertex -0.0562995 -0.0065 0.0375729
         vertex -0.0492995 -0.0065 0.0375726
      endloop
   endfacet
   facet normal -3.14757e-05 -0.707107 -0.707107
      outer loop
         vertex -0.0562995 -0.00664645 0.0379264
         vertex -0.0562995 -0.00653806 0.0377642
         vertex -0.0492995 -0.00653806 0.0377639
      endloop
   endfacet
   facet normal -4.1125e-05 -0.382683 -0.92388
      outer loop
         vertex -0.0562995 -0.00680866 0.0380348
         vertex -0.0562995 -0.00664645 0.0379264
         vertex -0.0492995 -0.00664645 0.0379261
      endloop
   endfacet
   facet normal -4.45134e-05 2.00707e-11 -1
      outer loop
         vertex -0.0562995 -0.007 0.0380729
         vertex -0.0562995 -0.00680866 0.0380348
         vertex -0.0492995 -0.00680866 0.0380345
      endloop
   endfacet
   facet normal -0.341978 -2.86392e-16 0.939708
      outer loop
         vertex -0.0702538 -0.007 0.0135822
         vertex -0.0702538 0.007 0.0135822
         vertex -0.0722553 0.007 0.0123678
      endloop
   endfacet
   facet normal -0.675557 -2.42213e-16 0.737307
      outer loop
         vertex -0.0722553 -0.007 0.0123678
         vertex -0.0722553 0.007 0.0123678
         vertex -0.0736397 0.007 0.0104799
      endloop
   endfacet
   facet normal -0.906289 -1.6116e-16 0.422659
      outer loop
         vertex -0.0736397 -0.007 0.0104799
         vertex -0.0736397 0.007 0.0104799
         vertex -0.0741962 0.007 0.00820591
      endloop
   endfacet
   facet normal -0.999046 -5.55711e-17 0.0436639
      outer loop
         vertex -0.0741962 -0.007 0.00820591
         vertex -0.0741962 0.007 0.00820591
         vertex -0.0738402 0.007 0.00589206
      endloop
   endfacet
   facet normal -0.939708 5.84776e-17 -0.341978
      outer loop
         vertex -0.0738402 -0.007 0.00589206
         vertex -0.0738402 0.007 0.00589206
         vertex -0.0726258 0.007 0.00389059
      endloop
   endfacet
   facet normal -0.737307 1.63624e-16 -0.675557
      outer loop
         vertex -0.0726258 -0.007 0.00389059
         vertex -0.0726258 0.007 0.00389059
         vertex -0.0707379 0.007 0.0025062
      endloop
   endfacet
   facet normal -0.422659 2.43859e-16 -0.906289
      outer loop
         vertex -0.0707379 -0.007 0.0025062
         vertex -0.0707379 0.007 0.0025062
         vertex -0.0684639 0.007 0.00194965
      endloop
   endfacet
   facet normal -0.0436639 2.8697e-16 -0.999046
      outer loop
         vertex -0.0684639 -0.007 0.00194965
         vertex -0.0684639 0.007 0.00194965
         vertex -0.0661501 0.007 0.00230568
      endloop
   endfacet
   facet normal 0.341978 2.86392e-16 -0.939708
      outer loop
         vertex -0.0661501 0.007 0.00230568
         vertex -0.0661501 -0.007 0.00230568
         vertex -0.0684639 -0.007 0.00194965
      endloop
   endfacet
   facet normal -0.0436639 2.8697e-16 -0.999046
      outer loop
         vertex -0.0684639 0.007 0.00194965
         vertex -0.0684639 -0.007 0.00194965
         vertex -0.0707379 -0.007 0.0025062
      endloop
   endfacet
   facet normal -0.422659 2.43859e-16 -0.906289
      outer loop
         vertex -0.0707379 0.007 0.0025062
         vertex -0.0707379 -0.007 0.0025062
         vertex -0.0726258 -0.007 0.00389059
      endloop
   endfacet
   facet normal -0.737307 1.63624e-16 -0.675557
      outer loop
         vertex -0.0726258 0.007 0.00389059
         vertex -0.0726258 -0.007 0.00389059
         vertex -0.0738402 -0.007 0.00589206
      endloop
   endfacet
   facet normal -0.939708 5.84776e-17 -0.341978
      outer loop
         vertex -0.0738402 0.007 0.00589206
         vertex -0.0738402 -0.007 0.00589206
         vertex -0.0741962 -0.007 0.00820591
      endloop
   endfacet
   facet normal -0.999046 -5.55711e-17 0.0436639
      outer loop
         vertex -0.0741962 0.007 0.00820591
         vertex -0.0741962 -0.007 0.00820591
         vertex -0.0736397 -0.007 0.0104799
      endloop
   endfacet
   facet normal -0.906289 -1.6116e-16 0.422659
      outer loop
         vertex -0.0736397 0.007 0.0104799
         vertex -0.0736397 -0.007 0.0104799
         vertex -0.0722553 -0.007 0.0123678
      endloop
   endfacet
   facet normal -0.675557 -2.42213e-16 0.737307
      outer loop
         vertex -0.0722553 0.007 0.0123678
         vertex -0.0722553 -0.007 0.0123678
         vertex -0.0702538 -0.007 0.0135822
      endloop
   endfacet
   facet normal 0.341978 2.86392e-16 -0.939708
      outer loop
         vertex -0.0482487 -0.007 0.00882037
         vertex -0.0482487 0.007 0.00882037
         vertex -0.0466482 0.007 0.00969834
      endloop
   endfacet
   facet normal 0.608726 2.55552e-16 -0.79338
      outer loop
         vertex -0.0466482 -0.007 0.00969834
         vertex -0.0466482 0.007 0.00969834
         vertex -0.0453858 0.007 0.0110169
      endloop
   endfacet
   facet normal 0.819127 2.01057e-16 -0.573613
      outer loop
         vertex -0.0453858 -0.007 0.0110169
         vertex -0.0453858 0.007 0.0110169
         vertex -0.0445783 0.007 0.0126541
      endloop
   endfacet
   facet normal 0.953704 1.27951e-16 -0.300748
      outer loop
         vertex -0.0445783 -0.007 0.0126541
         vertex -0.0445783 0.007 0.0126541
         vertex -0.0443005 0.007 0.0144584
      endloop
   endfacet
   facet normal 1 4.30007e-17 -4.45134e-05
      outer loop
         vertex -0.0443005 0.007 0.0144584
         vertex -0.0443005 -0.007 0.0144584
         vertex -0.0445783 -0.007 0.0126541
      endloop
   endfacet
   facet normal 0.953704 1.27951e-16 -0.300748
      outer loop
         vertex -0.0445783 0.007 0.0126541
         vertex -0.0445783 -0.007 0.0126541
         vertex -0.0453858 -0.007 0.0110169
      endloop
   endfacet
   facet normal 0.819127 2.01057e-16 -0.573613
      outer loop
         vertex -0.0453858 0.007 0.0110169
         vertex -0.0453858 -0.007 0.0110169
         vertex -0.0466482 -0.007 0.00969834
      endloop
   endfacet
   facet normal 0.608726 2.55552e-16 -0.79338
      outer loop
         vertex -0.0466482 0.007 0.00969834
         vertex -0.0466482 -0.007 0.00969834
         vertex -0.0482487 -0.007 0.00882037
      endloop
   endfacet
   facet normal 0.341978 3.29777e-16 -0.939708
      outer loop
         vertex -0.0482487 -0.007 0.00882037
         vertex -0.0661501 -0.007 0.00230568
         vertex -0.0661501 0.007 0.00230568
      endloop
   endfacet
   facet normal 0.341978 3.29777e-16 -0.939708
      outer loop
         vertex -0.0661501 0.007 0.00230568
         vertex -0.0482487 0.007 0.00882037
         vertex -0.0482487 -0.007 0.00882037
      endloop
   endfacet
   facet normal -0.341978 -3.29777e-16 0.939708
      outer loop
         vertex -0.0702538 0.007 0.0135822
         vertex -0.0702538 -0.007 0.0135822
         vertex -0.0615643 -0.007 0.0167445
      endloop
   endfacet
   facet normal -0.341978 -3.29777e-16 0.939708
      outer loop
         vertex -0.0615643 -0.007 0.0167445
         vertex -0.0615643 0.007 0.0167445
         vertex -0.0702538 0.007 0.0135822
      endloop
   endfacet
   facet normal 1 4.30007e-17 -4.45134e-05
      outer loop
         vertex -0.0443002 -0.007 0.0214584
         vertex -0.0443005 -0.007 0.0144584
         vertex -0.0443005 0.007 0.0144584
      endloop
   endfacet
   facet normal 1 4.30007e-17 -4.45134e-05
      outer loop
         vertex -0.0443005 0.007 0.0144584
         vertex -0.0443002 0.007 0.0214584
         vertex -0.0443002 -0.007 0.0214584
      endloop
   endfacet
   facet normal -0.608726 -2.84224e-16 0.79338
      outer loop
         vertex -0.0594303 0.007 0.0179151
         vertex -0.0615643 0.007 0.0167445
         vertex -0.0615643 -0.007 0.0167445
      endloop
   endfacet
   facet normal -0.819127 -2.21786e-16 0.573613
      outer loop
         vertex -0.0577471 0.007 0.0196732
         vertex -0.0594303 0.007 0.0179151
         vertex -0.0594303 -0.007 0.0179151
      endloop
   endfacet
   facet normal -0.953704 -1.38818e-16 0.300748
      outer loop
         vertex -0.0566705 0.007 0.0218562
         vertex -0.0577471 0.007 0.0196732
         vertex -0.0577471 -0.007 0.0196732
      endloop
   endfacet
   facet normal -1 -4.30007e-17 4.45134e-05
      outer loop
         vertex -0.0563001 0.007 0.0242618
         vertex -0.0566705 0.007 0.0218562
         vertex -0.0566705 -0.007 0.0218562
      endloop
   endfacet
   facet normal -0.953704 -1.38818e-16 0.300748
      outer loop
         vertex -0.0566705 -0.007 0.0218562
         vertex -0.0563001 -0.007 0.0242618
         vertex -0.0563001 0.007 0.0242618
      endloop
   endfacet
   facet normal -0.819127 -2.21786e-16 0.573613
      outer loop
         vertex -0.0577471 -0.007 0.0196732
         vertex -0.0566705 -0.007 0.0218562
         vertex -0.0566705 0.007 0.0218562
      endloop
   endfacet
   facet normal -0.608726 -2.84224e-16 0.79338
      outer loop
         vertex -0.0594303 -0.007 0.0179151
         vertex -0.0577471 -0.007 0.0196732
         vertex -0.0577471 0.007 0.0196732
      endloop
   endfacet
   facet normal -0.341978 -3.20352e-16 0.939708
      outer loop
         vertex -0.0615643 -0.007 0.0167445
         vertex -0.0594303 -0.007 0.0179151
         vertex -0.0594303 0.007 0.0179151
      endloop
   endfacet
   facet normal 4.45134e-05 -3.35291e-16 1
      outer loop
         vertex -0.0493002 0.007 0.0214586
         vertex -0.0493002 -0.007 0.0214586
         vertex -0.0443002 -0.007 0.0214584
      endloop
   endfacet
   facet normal 4.45134e-05 -3.35291e-16 1
      outer loop
         vertex -0.0443002 -0.007 0.0214584
         vertex -0.0443002 0.007 0.0214584
         vertex -0.0493002 0.007 0.0214586
      endloop
   endfacet
   facet normal 4.29858e-17 -1 -3.35293e-16
      outer loop
         vertex -0.0562995 -0.007 0.0380729
         vertex -0.0492995 -0.007 0.0380726
         vertex -0.0492993 -0.007 0.0411366
      endloop
   endfacet
   facet normal 4.29858e-17 -1 -3.35293e-16
      outer loop
         vertex -0.0492993 -0.007 0.0411366
         vertex -0.0562993 -0.007 0.0411369
         vertex -0.0562995 -0.007 0.0380729
      endloop
   endfacet
   facet normal -4.1125e-05 -0.382683 -0.92388
      outer loop
         vertex -0.0492993 -0.00680866 0.0420985
         vertex -0.0492993 -0.007 0.0421366
         vertex -0.0562993 -0.007 0.0421369
      endloop
   endfacet
   facet normal -3.14757e-05 -0.707107 -0.707107
      outer loop
         vertex -0.0492993 -0.00664645 0.0419901
         vertex -0.0492993 -0.00680866 0.0420985
         vertex -0.0562993 -0.00680866 0.0420988
      endloop
   endfacet
   facet normal -1.70345e-05 -0.92388 -0.382683
      outer loop
         vertex -0.0492993 -0.00653806 0.0418279
         vertex -0.0492993 -0.00664645 0.0419901
         vertex -0.0562993 -0.00664645 0.0419904
      endloop
   endfacet
   facet normal 1.2951e-19 -1 2.90946e-15
      outer loop
         vertex -0.0492993 -0.0065 0.0416366
         vertex -0.0492993 -0.00653806 0.0418279
         vertex -0.0562993 -0.00653806 0.0418282
      endloop
   endfacet
   facet normal 1.70345e-05 -0.92388 0.382683
      outer loop
         vertex -0.0492993 -0.00653806 0.0414452
         vertex -0.0492993 -0.0065 0.0416366
         vertex -0.0562993 -0.0065 0.0416369
      endloop
   endfacet
   facet normal 3.14757e-05 -0.707107 0.707107
      outer loop
         vertex -0.0492993 -0.00664645 0.041283
         vertex -0.0492993 -0.00653806 0.0414452
         vertex -0.0562993 -0.00653806 0.0414455
      endloop
   endfacet
   facet normal 4.1125e-05 -0.382683 0.92388
      outer loop
         vertex -0.0492993 -0.00680866 0.0411746
         vertex -0.0492993 -0.00664645 0.041283
         vertex -0.0562993 -0.00664645 0.0412833
      endloop
   endfacet
   facet normal 4.45134e-05 2.00712e-11 1
      outer loop
         vertex -0.0492993 -0.007 0.0411366
         vertex -0.0492993 -0.00680866 0.0411746
         vertex -0.0562993 -0.00680866 0.0411749
      endloop
   endfacet
   facet normal 4.1125e-05 -0.382683 0.92388
      outer loop
         vertex -0.0562993 -0.00680866 0.0411749
         vertex -0.0562993 -0.007 0.0411369
         vertex -0.0492993 -0.007 0.0411366
      endloop
   endfacet
   facet normal 3.14757e-05 -0.707107 0.707107
      outer loop
         vertex -0.0562993 -0.00664645 0.0412833
         vertex -0.0562993 -0.00680866 0.0411749
         vertex -0.0492993 -0.00680866 0.0411746
      endloop
   endfacet
   facet normal 1.70345e-05 -0.92388 0.382683
      outer loop
         vertex -0.0562993 -0.00653806 0.0414455
         vertex -0.0562993 -0.00664645 0.0412833
         vertex -0.0492993 -0.00664645 0.041283
      endloop
   endfacet
   facet normal 1.2951e-19 -1 2.90946e-15
      outer loop
         vertex -0.0562993 -0.0065 0.0416369
         vertex -0.0562993 -0.00653806 0.0414455
         vertex -0.0492993 -0.00653806 0.0414452
      endloop
   endfacet
   facet normal -1.70345e-05 -0.92388 -0.382683
      outer loop
         vertex -0.0562993 -0.00653806 0.0418282
         vertex -0.0562993 -0.0065 0.0416369
         vertex -0.0492993 -0.0065 0.0416366
      endloop
   endfacet
   facet normal -3.14757e-05 -0.707107 -0.707107
      outer loop
         vertex -0.0562993 -0.00664645 0.0419904
         vertex -0.0562993 -0.00653806 0.0418282
         vertex -0.0492993 -0.00653806 0.0418279
      endloop
   endfacet
   facet normal -4.1125e-05 -0.382683 -0.92388
      outer loop
         vertex -0.0562993 -0.00680866 0.0420988
         vertex -0.0562993 -0.00664645 0.0419904
         vertex -0.0492993 -0.00664645 0.0419901
      endloop
   endfacet
   facet normal -4.45134e-05 2.00707e-11 -1
      outer loop
         vertex -0.0562993 -0.007 0.0421369
         vertex -0.0562993 -0.00680866 0.0420988
         vertex -0.0492993 -0.00680866 0.0420985
      endloop
   endfacet
   facet normal -0.962912 1.34815e-31 -0.269815
      outer loop
         vertex -0.0730165 -0.007 0.00659486
         vertex -0.0730165 -0.0075 0.00659486
         vertex -0.0731663 -0.0075 0.00854
      endloop
   endfacet
   facet normal -0.992869 -1.27991e-16 0.119214
      outer loop
         vertex -0.0731663 -0.007 0.00854
         vertex -0.0731663 -0.0075 0.00854
         vertex -0.0725603 -0.0075 0.0103944
      endloop
   endfacet
   facet normal -0.87167 -2.36496e-16 0.490094
      outer loop
         vertex -0.0725603 -0.007 0.0103944
         vertex -0.0725603 -0.0075 0.0103944
         vertex -0.0712908 -0.0075 0.0118757
      endloop
   endfacet
   facet normal -0.617767 -3.08997e-16 0.786361
      outer loop
         vertex -0.0712908 -0.007 0.0118757
         vertex -0.0712908 -0.0075 0.0118757
         vertex -0.069551 -0.0075 0.0127585
      endloop
   endfacet
   facet normal -0.269815 -3.34456e-16 0.962912
      outer loop
         vertex -0.069551 -0.007 0.0127585
         vertex -0.069551 -0.0075 0.0127585
         vertex -0.0676059 -0.0075 0.0129083
      endloop
   endfacet
   facet normal 0.119214 -3.08997e-16 0.992869
      outer loop
         vertex -0.0676059 -0.007 0.0129083
         vertex -0.0676059 -0.0075 0.0129083
         vertex -0.0657515 -0.0075 0.0123023
      endloop
   endfacet
   facet normal 0.490094 -2.36496e-16 0.87167
      outer loop
         vertex -0.0657515 -0.007 0.0123023
         vertex -0.0657515 -0.0075 0.0123023
         vertex -0.0642702 -0.0075 0.0110328
      endloop
   endfacet
   facet normal 0.786361 -1.27991e-16 0.617767
      outer loop
         vertex -0.0642702 -0.007 0.0110328
         vertex -0.0642702 -0.0075 0.0110328
         vertex -0.0633874 -0.0075 0.009293
      endloop
   endfacet
   facet normal 0.962912 -1.73334e-31 0.269815
      outer loop
         vertex -0.0633874 -0.007 0.009293
         vertex -0.0633874 -0.0075 0.009293
         vertex -0.0632376 -0.0075 0.00734786
      endloop
   endfacet
   facet normal 0.992869 1.27991e-16 -0.119214
      outer loop
         vertex -0.0632376 -0.007 0.00734786
         vertex -0.0632376 -0.0075 0.00734786
         vertex -0.0638436 -0.0075 0.00549346
      endloop
   endfacet
   facet normal 0.87167 2.36496e-16 -0.490094
      outer loop
         vertex -0.0638436 -0.007 0.00549346
         vertex -0.0638436 -0.0075 0.00549346
         vertex -0.0651131 -0.0075 0.00401212
      endloop
   endfacet
   facet normal 0.617767 3.08997e-16 -0.786361
      outer loop
         vertex -0.0651131 -0.007 0.00401212
         vertex -0.0651131 -0.0075 0.00401212
         vertex -0.0668529 -0.0075 0.00312937
      endloop
   endfacet
   facet normal 0.269815 3.34456e-16 -0.962912
      outer loop
         vertex -0.0668529 -0.007 0.00312937
         vertex -0.0668529 -0.0075 0.00312937
         vertex -0.068798 -0.0075 0.00297959
      endloop
   endfacet
   facet normal -0.119214 3.08997e-16 -0.992869
      outer loop
         vertex -0.068798 -0.007 0.00297959
         vertex -0.068798 -0.0075 0.00297959
         vertex -0.0706524 -0.0075 0.00358558
      endloop
   endfacet
   facet normal -0.490094 2.36496e-16 -0.87167
      outer loop
         vertex -0.0706524 -0.007 0.00358558
         vertex -0.0706524 -0.0075 0.00358558
         vertex -0.0721338 -0.0075 0.0048551
      endloop
   endfacet
   facet normal -0.786361 1.27991e-16 -0.617767
      outer loop
         vertex -0.0721338 -0.007 0.0048551
         vertex -0.0721338 -0.0075 0.0048551
         vertex -0.0730165 -0.0075 0.00659486
      endloop
   endfacet
   facet normal -0.962912 1.34815e-31 -0.269815
      outer loop
         vertex -0.0730165 -0.0075 0.00659486
         vertex -0.0730165 -0.007 0.00659486
         vertex -0.0721338 -0.007 0.0048551
      endloop
   endfacet
   facet normal -0.786361 1.27991e-16 -0.617767
      outer loop
         vertex -0.0721338 -0.0075 0.0048551
         vertex -0.0721338 -0.007 0.0048551
         vertex -0.0706524 -0.007 0.00358558
      endloop
   endfacet
   facet normal -0.490094 2.36496e-16 -0.87167
      outer loop
         vertex -0.0706524 -0.0075 0.00358558
         vertex -0.0706524 -0.007 0.00358558
         vertex -0.068798 -0.007 0.00297959
      endloop
   endfacet
   facet normal -0.119214 3.08997e-16 -0.992869
      outer loop
         vertex -0.068798 -0.0075 0.00297959
         vertex -0.068798 -0.007 0.00297959
         vertex -0.0668529 -0.007 0.00312937
      endloop
   endfacet
   facet normal 0.269815 3.34456e-16 -0.962912
      outer loop
         vertex -0.0668529 -0.0075 0.00312937
         vertex -0.0668529 -0.007 0.00312937
         vertex -0.0651131 -0.007 0.00401212
      endloop
   endfacet
   facet normal 0.617767 3.08997e-16 -0.786361
      outer loop
         vertex -0.0651131 -0.0075 0.00401212
         vertex -0.0651131 -0.007 0.00401212
         vertex -0.0638436 -0.007 0.00549346
      endloop
   endfacet
   facet normal 0.87167 2.36496e-16 -0.490094
      outer loop
         vertex -0.0638436 -0.0075 0.00549346
         vertex -0.0638436 -0.007 0.00549346
         vertex -0.0632376 -0.007 0.00734786
      endloop
   endfacet
   facet normal 0.992869 1.27991e-16 -0.119214
      outer loop
         vertex -0.0632376 -0.0075 0.00734786
         vertex -0.0632376 -0.007 0.00734786
         vertex -0.0633874 -0.007 0.009293
      endloop
   endfacet
   facet normal 0.962912 -1.73334e-31 0.269815
      outer loop
         vertex -0.0633874 -0.0075 0.009293
         vertex -0.0633874 -0.007 0.009293
         vertex -0.0642702 -0.007 0.0110328
      endloop
   endfacet
   facet normal 0.786361 -1.27991e-16 0.617767
      outer loop
         vertex -0.0642702 -0.0075 0.0110328
         vertex -0.0642702 -0.007 0.0110328
         vertex -0.0657515 -0.007 0.0123023
      endloop
   endfacet
   facet normal 0.490094 -2.36496e-16 0.87167
      outer loop
         vertex -0.0657515 -0.0075 0.0123023
         vertex -0.0657515 -0.007 0.0123023
         vertex -0.0676059 -0.007 0.0129083
      endloop
   endfacet
   facet normal 0.119214 -3.08997e-16 0.992869
      outer loop
         vertex -0.0676059 -0.0075 0.0129083
         vertex -0.0676059 -0.007 0.0129083
         vertex -0.069551 -0.007 0.0127585
      endloop
   endfacet
   facet normal -0.269815 -3.34456e-16 0.962912
      outer loop
         vertex -0.069551 -0.0075 0.0127585
         vertex -0.069551 -0.007 0.0127585
         vertex -0.0712908 -0.007 0.0118757
      endloop
   endfacet
   facet normal -0.617767 -3.08997e-16 0.786361
      outer loop
         vertex -0.0712908 -0.0075 0.0118757
         vertex -0.0712908 -0.007 0.0118757
         vertex -0.0725603 -0.007 0.0103944
      endloop
   endfacet
   facet normal -0.87167 -2.36496e-16 0.490094
      outer loop
         vertex -0.0725603 -0.0075 0.0103944
         vertex -0.0725603 -0.007 0.0103944
         vertex -0.0731663 -0.007 0.00854
      endloop
   endfacet
   facet normal -0.992869 -1.27991e-16 0.119214
      outer loop
         vertex -0.0731663 -0.0075 0.00854
         vertex -0.0731663 -0.007 0.00854
         vertex -0.0730165 -0.007 0.00659486
      endloop
   endfacet
   facet normal -4.51056e-32 -1 -3.06039e-16
      outer loop
         vertex -0.068202 -0.0075 0.00794393
         vertex -0.0721338 -0.0075 0.0048551
         vertex -0.0706524 -0.0075 0.00358558
      endloop
   endfacet
   facet normal -4.51056e-32 -1 -3.06039e-16
      outer loop
         vertex -0.0706524 -0.0075 0.00358558
         vertex -0.068798 -0.0075 0.00297959
         vertex -0.068202 -0.0075 0.00794393
      endloop
   endfacet
   facet normal -4.51056e-32 -1 -3.06039e-16
      outer loop
         vertex -0.068798 -0.0075 0.00297959
         vertex -0.0668529 -0.0075 0.00312937
         vertex -0.068202 -0.0075 0.00794393
      endloop
   endfacet
   facet normal -4.51056e-32 -1 -3.06039e-16
      outer loop
         vertex -0.0668529 -0.0075 0.00312937
         vertex -0.0651131 -0.0075 0.00401212
         vertex -0.068202 -0.0075 0.00794393
      endloop
   endfacet
   facet normal -4.51056e-32 -1 -3.06039e-16
      outer loop
         vertex -0.0651131 -0.0075 0.00401212
         vertex -0.0638436 -0.0075 0.00549346
         vertex -0.068202 -0.0075 0.00794393
      endloop
   endfacet
   facet normal -4.51056e-32 -1 -3.06039e-16
      outer loop
         vertex -0.0638436 -0.0075 0.00549346
         vertex -0.0632376 -0.0075 0.00734786
         vertex -0.068202 -0.0075 0.00794393
      endloop
   endfacet
   facet normal -4.51056e-32 -1 -3.06039e-16
      outer loop
         vertex -0.0632376 -0.0075 0.00734786
         vertex -0.0633874 -0.0075 0.009293
         vertex -0.068202 -0.0075 0.00794393
      endloop
   endfacet
   facet normal -4.51056e-32 -1 -3.06039e-16
      outer loop
         vertex -0.0633874 -0.0075 0.009293
         vertex -0.0642702 -0.0075 0.0110328
         vertex -0.068202 -0.0075 0.00794393
      endloop
   endfacet
   facet normal -4.51056e-32 -1 -3.06039e-16
      outer loop
         vertex -0.0642702 -0.0075 0.0110328
         vertex -0.0657515 -0.0075 0.0123023
         vertex -0.068202 -0.0075 0.00794393
      endloop
   endfacet
   facet normal -4.51056e-32 -1 -3.06039e-16
      outer loop
         vertex -0.0657515 -0.0075 0.0123023
         vertex -0.0676059 -0.0075 0.0129083
         vertex -0.068202 -0.0075 0.00794393
      endloop
   endfacet
   facet normal -4.51056e-32 -1 -3.06039e-16
      outer loop
         vertex -0.0676059 -0.0075 0.0129083
         vertex -0.069551 -0.0075 0.0127585
         vertex -0.068202 -0.0075 0.00794393
      endloop
   endfacet
   facet normal -4.51056e-32 -1 -3.06039e-16
      outer loop
         vertex -0.069551 -0.0075 0.0127585
         vertex -0.0712908 -0.0075 0.0118757
         vertex -0.068202 -0.0075 0.00794393
      endloop
   endfacet
   facet normal -4.51056e-32 -1 -3.06039e-16
      outer loop
         vertex -0.0712908 -0.0075 0.0118757
         vertex -0.0725603 -0.0075 0.0103944
         vertex -0.068202 -0.0075 0.00794393
      endloop
   endfacet
   facet normal -4.51056e-32 -1 -3.06039e-16
      outer loop
         vertex -0.0725603 -0.0075 0.0103944
         vertex -0.0731663 -0.0075 0.00854
         vertex -0.068202 -0.0075 0.00794393
      endloop
   endfacet
   facet normal -4.51056e-32 -1 -3.06039e-16
      outer loop
         vertex -0.0731663 -0.0075 0.00854
         vertex -0.0730165 -0.0075 0.00659486
         vertex -0.068202 -0.0075 0.00794393
      endloop
   endfacet
   facet normal -4.51056e-32 -1 -3.06039e-16
      outer loop
         vertex -0.0730165 -0.0075 0.00659486
         vertex -0.0721338 -0.0075 0.0048551
         vertex -0.068202 -0.0075 0.00794393
      endloop
   endfacet
   facet normal -4.51056e-32 -1 -3.06039e-16
      outer loop
         vertex -0.0492993 -0.007 0.0421366
         vertex -0.0492988 -0.007 0.0524586
         vertex -0.0542988 -0.007 0.0524588
      endloop
   endfacet
   facet normal -4.51056e-32 -1 -3.06039e-16
      outer loop
         vertex -0.0542988 -0.007 0.0524588
         vertex -0.0562991 -0.007 0.0474589
         vertex -0.0492993 -0.007 0.0421366
      endloop
   endfacet
   facet normal -4.51056e-32 -1 -3.06039e-16
      outer loop
         vertex -0.0562991 -0.007 0.0474589
         vertex -0.0562993 -0.007 0.0421369
         vertex -0.0492993 -0.007 0.0421366
      endloop
   endfacet
   facet normal -0.92846 -1.64449e-16 0.371432
      outer loop
         vertex -0.0562991 -0.007 0.0474589
         vertex -0.0542988 -0.007 0.0524588
         vertex -0.0542988 0.007 0.0524588
      endloop
   endfacet
   facet normal -0.92846 -1.64449e-16 0.371432
      outer loop
         vertex -0.0542988 0.007 0.0524588
         vertex -0.0562991 0.007 0.0474589
         vertex -0.0562991 -0.007 0.0474589
      endloop
   endfacet
   facet normal 4.45134e-05 -3.35291e-16 1
      outer loop
         vertex -0.0542988 0.007 0.0524588
         vertex -0.0542988 -0.007 0.0524588
         vertex -0.0492988 -0.007 0.0524586
      endloop
   endfacet
   facet normal 4.45134e-05 -3.35291e-16 1
      outer loop
         vertex -0.0492988 -0.007 0.0524586
         vertex -0.0492988 0.007 0.0524586
         vertex -0.0542988 0.007 0.0524588
      endloop
   endfacet
   facet normal -4.29858e-17 1 3.35293e-16
      outer loop
         vertex -0.0492993 0.007 0.0421366
         vertex -0.0562991 0.007 0.0474589
         vertex -0.0542988 0.007 0.0524588
      endloop
   endfacet
   facet normal -4.29858e-17 1 3.35293e-16
      outer loop
         vertex -0.0492993 0.007 0.0421366
         vertex -0.0562993 0.007 0.0421369
         vertex -0.0562991 0.007 0.0474589
      endloop
   endfacet
   facet normal -4.29858e-17 1 3.35293e-16
      outer loop
         vertex -0.0542988 0.007 0.0524588
         vertex -0.0492988 0.007 0.0524586
         vertex -0.0492993 0.007 0.0421366
      endloop
   endfacet
   facet normal 4.1125e-05 0.382683 0.92388
      outer loop
         vertex -0.0492993 0.00680866 0.0411746
         vertex -0.0492993 0.007 0.0411366
         vertex -0.0562993 0.007 0.0411369
      endloop
   endfacet
   facet normal 3.14757e-05 0.707107 0.707107
      outer loop
         vertex -0.0492993 0.00664645 0.041283
         vertex -0.0492993 0.00680866 0.0411746
         vertex -0.0562993 0.00680866 0.0411749
      endloop
   endfacet
   facet normal 1.70345e-05 0.92388 0.382683
      outer loop
         vertex -0.0492993 0.00653806 0.0414452
         vertex -0.0492993 0.00664645 0.041283
         vertex -0.0562993 0.00664645 0.0412833
      endloop
   endfacet
   facet normal 7.25961e-19 1 1.63088e-14
      outer loop
         vertex -0.0492993 0.0065 0.0416366
         vertex -0.0492993 0.00653806 0.0414452
         vertex -0.0562993 0.00653806 0.0414455
      endloop
   endfacet
   facet normal -1.70345e-05 0.92388 -0.382683
      outer loop
         vertex -0.0492993 0.00653806 0.0418279
         vertex -0.0492993 0.0065 0.0416366
         vertex -0.0562993 0.0065 0.0416369
      endloop
   endfacet
   facet normal -3.14757e-05 0.707107 -0.707107
      outer loop
         vertex -0.0492993 0.00664645 0.0419901
         vertex -0.0492993 0.00653806 0.0418279
         vertex -0.0562993 0.00653806 0.0418282
      endloop
   endfacet
   facet normal -4.1125e-05 0.382683 -0.92388
      outer loop
         vertex -0.0492993 0.00680866 0.0420985
         vertex -0.0492993 0.00664645 0.0419901
         vertex -0.0562993 0.00664645 0.0419904
      endloop
   endfacet
   facet normal -4.45134e-05 -1.99077e-11 -1
      outer loop
         vertex -0.0492993 0.007 0.0421366
         vertex -0.0492993 0.00680866 0.0420985
         vertex -0.0562993 0.00680866 0.0420988
      endloop
   endfacet
   facet normal -4.1125e-05 0.382683 -0.92388
      outer loop
         vertex -0.0562993 0.00680866 0.0420988
         vertex -0.0562993 0.007 0.0421369
         vertex -0.0492993 0.007 0.0421366
      endloop
   endfacet
   facet normal -3.14757e-05 0.707107 -0.707107
      outer loop
         vertex -0.0562993 0.00664645 0.0419904
         vertex -0.0562993 0.00680866 0.0420988
         vertex -0.0492993 0.00680866 0.0420985
      endloop
   endfacet
   facet normal -1.70345e-05 0.92388 -0.382683
      outer loop
         vertex -0.0562993 0.00653806 0.0418282
         vertex -0.0562993 0.00664645 0.0419904
         vertex -0.0492993 0.00664645 0.0419901
      endloop
   endfacet
   facet normal 7.25961e-19 1 1.63088e-14
      outer loop
         vertex -0.0562993 0.0065 0.0416369
         vertex -0.0562993 0.00653806 0.0418282
         vertex -0.0492993 0.00653806 0.0418279
      endloop
   endfacet
   facet normal 1.70345e-05 0.92388 0.382683
      outer loop
         vertex -0.0562993 0.00653806 0.0414455
         vertex -0.0562993 0.0065 0.0416369
         vertex -0.0492993 0.0065 0.0416366
      endloop
   endfacet
   facet normal 3.14757e-05 0.707107 0.707107
      outer loop
         vertex -0.0562993 0.00664645 0.0412833
         vertex -0.0562993 0.00653806 0.0414455
         vertex -0.0492993 0.00653806 0.0414452
      endloop
   endfacet
   facet normal 4.1125e-05 0.382683 0.92388
      outer loop
         vertex -0.0562993 0.00680866 0.0411749
         vertex -0.0562993 0.00664645 0.0412833
         vertex -0.0492993 0.00664645 0.041283
      endloop
   endfacet
   facet normal 4.45134e-05 -1.99288e-11 1
      outer loop
         vertex -0.0562993 0.007 0.0411369
         vertex -0.0562993 0.00680866 0.0411749
         vertex -0.0492993 0.00680866 0.0411746
      endloop
   endfacet
   facet normal -4.29858e-17 1 3.35293e-16
      outer loop
         vertex -0.0562995 0.007 0.0380729
         vertex -0.0562993 0.007 0.0411369
         vertex -0.0492993 0.007 0.0411366
      endloop
   endfacet
   facet normal -4.29858e-17 1 3.35293e-16
      outer loop
         vertex -0.0492993 0.007 0.0411366
         vertex -0.0492995 0.007 0.0380726
         vertex -0.0562995 0.007 0.0380729
      endloop
   endfacet
   facet normal 4.1125e-05 0.382683 0.92388
      outer loop
         vertex -0.0492995 0.00680866 0.0371106
         vertex -0.0492995 0.007 0.0370726
         vertex -0.0562995 0.007 0.0370729
      endloop
   endfacet
   facet normal 3.14757e-05 0.707107 0.707107
      outer loop
         vertex -0.0492995 0.00664645 0.037219
         vertex -0.0492995 0.00680866 0.0371106
         vertex -0.0562995 0.00680866 0.0371109
      endloop
   endfacet
   facet normal 1.70345e-05 0.92388 0.382683
      outer loop
         vertex -0.0492995 0.00653806 0.0373812
         vertex -0.0492995 0.00664645 0.037219
         vertex -0.0562995 0.00664645 0.0372193
      endloop
   endfacet
   facet normal 1.13156e-19 1 2.54207e-15
      outer loop
         vertex -0.0492995 0.0065 0.0375726
         vertex -0.0492995 0.00653806 0.0373812
         vertex -0.0562995 0.00653806 0.0373815
      endloop
   endfacet
   facet normal -1.70345e-05 0.92388 -0.382683
      outer loop
         vertex -0.0492995 0.00653806 0.0377639
         vertex -0.0492995 0.0065 0.0375726
         vertex -0.0562995 0.0065 0.0375729
      endloop
   endfacet
   facet normal -3.14757e-05 0.707107 -0.707107
      outer loop
         vertex -0.0492995 0.00664645 0.0379261
         vertex -0.0492995 0.00653806 0.0377639
         vertex -0.0562995 0.00653806 0.0377642
      endloop
   endfacet
   facet normal -4.1125e-05 0.382683 -0.92388
      outer loop
         vertex -0.0492995 0.00680866 0.0380345
         vertex -0.0492995 0.00664645 0.0379261
         vertex -0.0562995 0.00664645 0.0379264
      endloop
   endfacet
   facet normal -4.45134e-05 -1.99286e-11 -1
      outer loop
         vertex -0.0492995 0.007 0.0380726
         vertex -0.0492995 0.00680866 0.0380345
         vertex -0.0562995 0.00680866 0.0380348
      endloop
   endfacet
   facet normal -4.1125e-05 0.382683 -0.92388
      outer loop
         vertex -0.0562995 0.00680866 0.0380348
         vertex -0.0562995 0.007 0.0380729
         vertex -0.0492995 0.007 0.0380726
      endloop
   endfacet
   facet normal -3.14757e-05 0.707107 -0.707107
      outer loop
         vertex -0.0562995 0.00664645 0.0379264
         vertex -0.0562995 0.00680866 0.0380348
         vertex -0.0492995 0.00680866 0.0380345
      endloop
   endfacet
   facet normal -1.70345e-05 0.92388 -0.382683
      outer loop
         vertex -0.0562995 0.00653806 0.0377642
         vertex -0.0562995 0.00664645 0.0379264
         vertex -0.0492995 0.00664645 0.0379261
      endloop
   endfacet
   facet normal 1.13156e-19 1 2.54207e-15
      outer loop
         vertex -0.0562995 0.0065 0.0375729
         vertex -0.0562995 0.00653806 0.0377642
         vertex -0.0492995 0.00653806 0.0377639
      endloop
   endfacet
   facet normal 1.70345e-05 0.92388 0.382683
      outer loop
         vertex -0.0562995 0.00653806 0.0373815
         vertex -0.0562995 0.0065 0.0375729
         vertex -0.0492995 0.0065 0.0375726
      endloop
   endfacet
   facet normal 3.14757e-05 0.707107 0.707107
      outer loop
         vertex -0.0562995 0.00664645 0.0372193
         vertex -0.0562995 0.00653806 0.0373815
         vertex -0.0492995 0.00653806 0.0373812
      endloop
   endfacet
   facet normal 4.1125e-05 0.382683 0.92388
      outer loop
         vertex -0.0562995 0.00680866 0.0371109
         vertex -0.0562995 0.00664645 0.0372193
         vertex -0.0492995 0.00664645 0.037219
      endloop
   endfacet
   facet normal 4.45134e-05 -1.99288e-11 1
      outer loop
         vertex -0.0562995 0.007 0.0370729
         vertex -0.0562995 0.00680866 0.0371109
         vertex -0.0492995 0.00680866 0.0371106
      endloop
   endfacet
   facet normal -4.29858e-17 1 3.35293e-16
      outer loop
         vertex -0.0594303 0.007 0.0179151
         vertex -0.0577471 0.007 0.0196732
         vertex -0.0546579 0.007 0.0169108
      endloop
   endfacet
   facet normal -4.29858e-17 1 3.35293e-16
      outer loop
         vertex -0.0516477 0.007 0.0192737
         vertex -0.0533878 0.007 0.0183916
         vertex -0.0566705 0.007 0.0218562
      endloop
   endfacet
   facet normal -4.29858e-17 1 3.35293e-16
      outer loop
         vertex -0.0552646 0.007 0.0150567
         vertex -0.0615643 0.007 0.0167445
         vertex -0.0594303 0.007 0.0179151
      endloop
   endfacet
   facet normal -4.29858e-17 1 3.35293e-16
      outer loop
         vertex -0.0533878 0.007 0.0183916
         vertex -0.0546579 0.007 0.0169108
         vertex -0.0577471 0.007 0.0196732
      endloop
   endfacet
   facet normal -4.29858e-17 1 3.35293e-16
      outer loop
         vertex -0.0566705 0.007 0.0218562
         vertex -0.0563001 0.007 0.0242618
         vertex -0.0516477 0.007 0.0192737
      endloop
   endfacet
   facet normal -4.29858e-17 1 3.35293e-16
      outer loop
         vertex -0.0562995 0.007 0.0370729
         vertex -0.0492995 0.007 0.0370726
         vertex -0.0503005 0.007 0.0194586
      endloop
   endfacet
   facet normal -4.29858e-17 1 3.35293e-16
      outer loop
         vertex -0.0445783 0.007 0.0126541
         vertex -0.0453858 0.007 0.0110169
         vertex -0.0459432 0.007 0.0120064
      endloop
   endfacet
   facet normal -4.29858e-17 1 3.35293e-16
      outer loop
         vertex -0.0642689 0.007 0.0110312
         vertex -0.0615643 0.007 0.0167445
         vertex -0.0552646 0.007 0.0150567
      endloop
   endfacet
   facet normal -4.29858e-17 1 3.35293e-16
      outer loop
         vertex -0.0577471 0.007 0.0196732
         vertex -0.0566705 0.007 0.0218562
         vertex -0.0533878 0.007 0.0183916
      endloop
   endfacet
   facet normal -4.29858e-17 1 3.35293e-16
      outer loop
         vertex -0.0503005 0.007 0.0194586
         vertex -0.0516477 0.007 0.0192737
         vertex -0.0562995 0.007 0.0370729
      endloop
   endfacet
   facet normal -4.29858e-17 1 3.35293e-16
      outer loop
         vertex -0.0453364 0.007 0.0138606
         vertex -0.0443005 0.007 0.0144584
         vertex -0.0445783 0.007 0.0126541
      endloop
   endfacet
   facet normal -4.29858e-17 1 3.35293e-16
      outer loop
         vertex -0.0472133 0.007 0.0105256
         vertex -0.0459432 0.007 0.0120064
         vertex -0.0453858 0.007 0.0110169
      endloop
   endfacet
   facet normal -4.29858e-17 1 3.35293e-16
      outer loop
         vertex -0.0472133 0.007 0.0105256
         vertex -0.0466482 0.007 0.00969834
         vertex -0.0482487 0.007 0.00882037
      endloop
   endfacet
   facet normal -4.29858e-17 1 3.35293e-16
      outer loop
         vertex -0.0482487 0.007 0.00882037
         vertex -0.0632379 0.007 0.00734589
         vertex -0.0508986 0.007 0.00949451
      endloop
   endfacet
   facet normal -4.29858e-17 1 3.35293e-16
      outer loop
         vertex -0.0551156 0.007 0.0131115
         vertex -0.0542336 0.007 0.0113713
         vertex -0.0633869 0.007 0.0092911
      endloop
   endfacet
   facet normal -4.29858e-17 1 3.35293e-16
      outer loop
         vertex -0.0552646 0.007 0.0150567
         vertex -0.0551156 0.007 0.0131115
         vertex -0.0642689 0.007 0.0110312
      endloop
   endfacet
   facet normal -4.29858e-17 1 3.35293e-16
      outer loop
         vertex -0.0563001 0.007 0.0242618
         vertex -0.0562995 0.007 0.0370729
         vertex -0.0516477 0.007 0.0192737
      endloop
   endfacet
   facet normal -4.29858e-17 1 3.35293e-16
      outer loop
         vertex -0.0453858 0.007 0.0110169
         vertex -0.0466482 0.007 0.00969834
         vertex -0.0472133 0.007 0.0105256
      endloop
   endfacet
   facet normal -4.29858e-17 1 3.35293e-16
      outer loop
         vertex -0.0508986 0.007 0.00949451
         vertex -0.0489534 0.007 0.00964352
         vertex -0.0482487 0.007 0.00882037
      endloop
   endfacet
   facet normal -4.29858e-17 1 3.35293e-16
      outer loop
         vertex -0.0542336 0.007 0.0113713
         vertex -0.0632379 0.007 0.00734589
         vertex -0.0633869 0.007 0.0092911
      endloop
   endfacet
   facet normal -4.29858e-17 1 3.35293e-16
      outer loop
         vertex -0.0546579 0.007 0.0169108
         vertex -0.0552646 0.007 0.0150567
         vertex -0.0594303 0.007 0.0179151
      endloop
   endfacet
   facet normal -4.29858e-17 1 3.35293e-16
      outer loop
         vertex -0.0684639 0.007 0.00194965
         vertex -0.0688 0.007 0.00297982
         vertex -0.0668548 0.007 0.00312884
      endloop
   endfacet
   facet normal -4.29858e-17 1 3.35293e-16
      outer loop
         vertex -0.0707379 0.007 0.0025062
         vertex -0.0706542 0.007 0.00358655
         vertex -0.0688 0.007 0.00297982
      endloop
   endfacet
   facet normal -4.29858e-17 1 3.35293e-16
      outer loop
         vertex -0.0738402 0.007 0.00589206
         vertex -0.0730171 0.007 0.00659676
         vertex -0.072135 0.007 0.00485665
      endloop
   endfacet
   facet normal -4.29858e-17 1 3.35293e-16
      outer loop
         vertex -0.0741962 0.007 0.00820591
         vertex -0.0731661 0.007 0.00854197
         vertex -0.0730171 0.007 0.00659676
      endloop
   endfacet
   facet normal -4.29858e-17 1 3.35293e-16
      outer loop
         vertex -0.0482487 0.007 0.00882037
         vertex -0.0489534 0.007 0.00964352
         vertex -0.0472133 0.007 0.0105256
      endloop
   endfacet
   facet normal -4.29858e-17 1 3.35293e-16
      outer loop
         vertex -0.0632379 0.007 0.00734589
         vertex -0.0542336 0.007 0.0113713
         vertex -0.0527527 0.007 0.0101012
      endloop
   endfacet
   facet normal -4.29858e-17 1 3.35293e-16
      outer loop
         vertex -0.0615643 0.007 0.0167445
         vertex -0.0657498 0.007 0.0123013
         vertex -0.0676039 0.007 0.012908
      endloop
   endfacet
   facet normal -4.29858e-17 1 3.35293e-16
      outer loop
         vertex -0.0642689 0.007 0.0110312
         vertex -0.0657498 0.007 0.0123013
         vertex -0.0615643 0.007 0.0167445
      endloop
   endfacet
   facet normal -4.29858e-17 1 3.35293e-16
      outer loop
         vertex -0.0661501 0.007 0.00230568
         vertex -0.0668548 0.007 0.00312884
         vertex -0.0651147 0.007 0.0040109
      endloop
   endfacet
   facet normal -4.29858e-17 1 3.35293e-16
      outer loop
         vertex -0.0688 0.007 0.00297982
         vertex -0.0684639 0.007 0.00194965
         vertex -0.0707379 0.007 0.0025062
      endloop
   endfacet
   facet normal -4.29858e-17 1 3.35293e-16
      outer loop
         vertex -0.0726258 0.007 0.00389059
         vertex -0.072135 0.007 0.00485665
         vertex -0.0706542 0.007 0.00358655
      endloop
   endfacet
   facet normal -4.29858e-17 1 3.35293e-16
      outer loop
         vertex -0.0730171 0.007 0.00659676
         vertex -0.0738402 0.007 0.00589206
         vertex -0.0741962 0.007 0.00820591
      endloop
   endfacet
   facet normal -4.29858e-17 1 3.35293e-16
      outer loop
         vertex -0.0443002 0.007 0.0214584
         vertex -0.0454854 0.007 0.0158058
         vertex -0.0463675 0.007 0.0175459
      endloop
   endfacet
   facet normal -4.29858e-17 1 3.35293e-16
      outer loop
         vertex -0.0443005 0.007 0.0144584
         vertex -0.0453364 0.007 0.0138606
         vertex -0.0454854 0.007 0.0158058
      endloop
   endfacet
   facet normal -4.29858e-17 1 3.35293e-16
      outer loop
         vertex -0.0527527 0.007 0.0101012
         vertex -0.0508986 0.007 0.00949451
         vertex -0.0632379 0.007 0.00734589
      endloop
   endfacet
   facet normal -4.29858e-17 1 3.35293e-16
      outer loop
         vertex -0.0633869 0.007 0.0092911
         vertex -0.0642689 0.007 0.0110312
         vertex -0.0551156 0.007 0.0131115
      endloop
   endfacet
   facet normal -4.29858e-17 1 3.35293e-16
      outer loop
         vertex -0.0668548 0.007 0.00312884
         vertex -0.0661501 0.007 0.00230568
         vertex -0.0684639 0.007 0.00194965
      endloop
   endfacet
   facet normal -4.29858e-17 1 3.35293e-16
      outer loop
         vertex -0.072135 0.007 0.00485665
         vertex -0.0726258 0.007 0.00389059
         vertex -0.0738402 0.007 0.00589206
      endloop
   endfacet
   facet normal -4.29858e-17 1 3.35293e-16
      outer loop
         vertex -0.0454854 0.007 0.0158058
         vertex -0.0443002 0.007 0.0214584
         vertex -0.0443005 0.007 0.0144584
      endloop
   endfacet
   facet normal -4.29858e-17 1 3.35293e-16
      outer loop
         vertex -0.0676039 0.007 0.012908
         vertex -0.068202 0.007 0.0129439
         vertex -0.0615643 0.007 0.0167445
      endloop
   endfacet
   facet normal -4.29858e-17 1 3.35293e-16
      outer loop
         vertex -0.0482487 0.007 0.00882037
         vertex -0.0651147 0.007 0.0040109
         vertex -0.0638446 0.007 0.00549174
      endloop
   endfacet
   facet normal -4.29858e-17 1 3.35293e-16
      outer loop
         vertex -0.0706542 0.007 0.00358655
         vertex -0.0707379 0.007 0.0025062
         vertex -0.0726258 0.007 0.00389059
      endloop
   endfacet
   facet normal -4.29858e-17 1 3.35293e-16
      outer loop
         vertex -0.0736397 0.007 0.0104799
         vertex -0.0725593 0.007 0.0103961
         vertex -0.0731661 0.007 0.00854197
      endloop
   endfacet
   facet normal -4.29858e-17 1 3.35293e-16
      outer loop
         vertex -0.0722553 0.007 0.0123678
         vertex -0.0712892 0.007 0.011877
         vertex -0.0725593 0.007 0.0103961
      endloop
   endfacet
   facet normal -4.29858e-17 1 3.35293e-16
      outer loop
         vertex -0.0702538 0.007 0.0135822
         vertex -0.0695491 0.007 0.012759
         vertex -0.0712892 0.007 0.011877
      endloop
   endfacet
   facet normal -4.29858e-17 1 3.35293e-16
      outer loop
         vertex -0.0702538 0.007 0.0135822
         vertex -0.0615643 0.007 0.0167445
         vertex -0.068202 0.007 0.0129439
      endloop
   endfacet
   facet normal -4.29858e-17 1 3.35293e-16
      outer loop
         vertex -0.0459432 0.007 0.0120064
         vertex -0.0453364 0.007 0.0138606
         vertex -0.0445783 0.007 0.0126541
      endloop
   endfacet
   facet normal -4.29858e-17 1 3.35293e-16
      outer loop
         vertex -0.0651147 0.007 0.0040109
         vertex -0.0482487 0.007 0.00882037
         vertex -0.0661501 0.007 0.00230568
      endloop
   endfacet
   facet normal -4.29858e-17 1 3.35293e-16
      outer loop
         vertex -0.0725593 0.007 0.0103961
         vertex -0.0736397 0.007 0.0104799
         vertex -0.0722553 0.007 0.0123678
      endloop
   endfacet
   facet normal -4.29858e-17 1 3.35293e-16
      outer loop
         vertex -0.068202 0.007 0.0129439
         vertex -0.0695491 0.007 0.012759
         vertex -0.0702538 0.007 0.0135822
      endloop
   endfacet
   facet normal -4.29858e-17 1 3.35293e-16
      outer loop
         vertex -0.0493002 0.007 0.0214586
         vertex -0.0478483 0.007 0.018816
         vertex -0.0497025 0.007 0.0194227
      endloop
   endfacet
   facet normal -4.29858e-17 1 3.35293e-16
      outer loop
         vertex -0.0638446 0.007 0.00549174
         vertex -0.0632379 0.007 0.00734589
         vertex -0.0482487 0.007 0.00882037
      endloop
   endfacet
   facet normal -4.29858e-17 1 3.35293e-16
      outer loop
         vertex -0.0712892 0.007 0.011877
         vertex -0.0722553 0.007 0.0123678
         vertex -0.0702538 0.007 0.0135822
      endloop
   endfacet
   facet normal -4.29858e-17 1 3.35293e-16
      outer loop
         vertex -0.0493002 0.007 0.0214586
         vertex -0.0463675 0.007 0.0175459
         vertex -0.0478483 0.007 0.018816
      endloop
   endfacet
   facet normal -4.29858e-17 1 3.35293e-16
      outer loop
         vertex -0.0731661 0.007 0.00854197
         vertex -0.0741962 0.007 0.00820591
         vertex -0.0736397 0.007 0.0104799
      endloop
   endfacet
   facet normal -4.29858e-17 1 3.35293e-16
      outer loop
         vertex -0.0503005 0.007 0.0194586
         vertex -0.0492995 0.007 0.0370726
         vertex -0.0493002 0.007 0.0214586
      endloop
   endfacet
   facet normal -4.29858e-17 1 3.35293e-16
      outer loop
         vertex -0.0497025 0.007 0.0194227
         vertex -0.0503005 0.007 0.0194586
         vertex -0.0493002 0.007 0.0214586
      endloop
   endfacet
   facet normal -4.29858e-17 1 3.35293e-16
      outer loop
         vertex -0.0463675 0.007 0.0175459
         vertex -0.0493002 0.007 0.0214586
         vertex -0.0443002 0.007 0.0214584
      endloop
   endfacet
   facet normal 0.992821 1.73472e-16 -0.119607
      outer loop
         vertex -0.0632379 0.007 0.00734589
         vertex -0.0632379 0.0075 0.00734589
         vertex -0.0633869 0.0075 0.0092911
      endloop
   endfacet
   facet normal 0.963019 3.48452e-17 0.269433
      outer loop
         vertex -0.0633869 0.007 0.0092911
         vertex -0.0633869 0.0075 0.0092911
         vertex -0.0642689 0.0075 0.0110312
      endloop
   endfacet
   facet normal 0.786606 -1.09087e-16 0.617456
      outer loop
         vertex -0.0642689 0.007 0.0110312
         vertex -0.0642689 0.0075 0.0110312
         vertex -0.0657498 0.0075 0.0123013
      endloop
   endfacet
   facet normal 0.490439 -2.36411e-16 0.871476
      outer loop
         vertex -0.0657498 0.007 0.0123013
         vertex -0.0657498 0.0075 0.0123013
         vertex -0.0676039 0.0075 0.012908
      endloop
   endfacet
   facet normal -0.269433 -3.69181e-16 0.963019
      outer loop
         vertex -0.0695491 0.0075 0.012759
         vertex -0.0695491 0.007 0.012759
         vertex -0.068202 0.007 0.0129439
      endloop
   endfacet
   facet normal -2.00127e-12 -3.4614e-16 1
      outer loop
         vertex -0.068202 0.007 0.0129439
         vertex -0.0676039 0.0075 0.012908
         vertex -0.0695491 0.0075 0.012759
      endloop
   endfacet
   facet normal -0.269433 -3.69181e-16 0.963019
      outer loop
         vertex -0.0695491 0.007 0.012759
         vertex -0.0695491 0.0075 0.012759
         vertex -0.0712892 0.0075 0.011877
      endloop
   endfacet
   facet normal -0.617456 -3.54414e-16 0.786606
      outer loop
         vertex -0.0712892 0.007 0.011877
         vertex -0.0712892 0.0075 0.011877
         vertex -0.0725593 0.0075 0.0103961
      endloop
   endfacet
   facet normal -0.871476 -2.8569e-16 0.490439
      outer loop
         vertex -0.0725593 0.007 0.0103961
         vertex -0.0725593 0.0075 0.0103961
         vertex -0.0731661 0.0075 0.00854197
      endloop
   endfacet
   facet normal -0.992821 -1.73472e-16 0.119607
      outer loop
         vertex -0.0731661 0.007 0.00854197
         vertex -0.0731661 0.0075 0.00854197
         vertex -0.0730171 0.0075 0.00659676
      endloop
   endfacet
   facet normal -0.963019 -3.48452e-17 -0.269433
      outer loop
         vertex -0.0730171 0.007 0.00659676
         vertex -0.0730171 0.0075 0.00659676
         vertex -0.072135 0.0075 0.00485665
      endloop
   endfacet
   facet normal -0.786606 1.09087e-16 -0.617456
      outer loop
         vertex -0.072135 0.007 0.00485665
         vertex -0.072135 0.0075 0.00485665
         vertex -0.0706542 0.0075 0.00358655
      endloop
   endfacet
   facet normal -0.490439 2.36411e-16 -0.871476
      outer loop
         vertex -0.0706542 0.007 0.00358655
         vertex -0.0706542 0.0075 0.00358655
         vertex -0.0688 0.0075 0.00297982
      endloop
   endfacet
   facet normal -0.119607 3.27744e-16 -0.992821
      outer loop
         vertex -0.0688 0.007 0.00297982
         vertex -0.0688 0.0075 0.00297982
         vertex -0.0668548 0.0075 0.00312884
      endloop
   endfacet
   facet normal 0.269433 3.69181e-16 -0.963019
      outer loop
         vertex -0.0668548 0.007 0.00312884
         vertex -0.0668548 0.0075 0.00312884
         vertex -0.0651147 0.0075 0.0040109
      endloop
   endfacet
   facet normal 0.617456 3.54414e-16 -0.786606
      outer loop
         vertex -0.0651147 0.007 0.0040109
         vertex -0.0651147 0.0075 0.0040109
         vertex -0.0638446 0.0075 0.00549174
      endloop
   endfacet
   facet normal 0.871476 2.8569e-16 -0.490439
      outer loop
         vertex -0.0638446 0.007 0.00549174
         vertex -0.0638446 0.0075 0.00549174
         vertex -0.0632379 0.0075 0.00734589
      endloop
   endfacet
   facet normal 0.992821 1.73472e-16 -0.119607
      outer loop
         vertex -0.0632379 0.0075 0.00734589
         vertex -0.0632379 0.007 0.00734589
         vertex -0.0638446 0.007 0.00549174
      endloop
   endfacet
   facet normal 0.871476 2.8569e-16 -0.490439
      outer loop
         vertex -0.0638446 0.0075 0.00549174
         vertex -0.0638446 0.007 0.00549174
         vertex -0.0651147 0.007 0.0040109
      endloop
   endfacet
   facet normal 0.617456 3.54414e-16 -0.786606
      outer loop
         vertex -0.0651147 0.0075 0.0040109
         vertex -0.0651147 0.007 0.0040109
         vertex -0.0668548 0.007 0.00312884
      endloop
   endfacet
   facet normal 0.269433 3.69181e-16 -0.963019
      outer loop
         vertex -0.0668548 0.0075 0.00312884
         vertex -0.0668548 0.007 0.00312884
         vertex -0.0688 0.007 0.00297982
      endloop
   endfacet
   facet normal -0.119607 3.27744e-16 -0.992821
      outer loop
         vertex -0.0688 0.0075 0.00297982
         vertex -0.0688 0.007 0.00297982
         vertex -0.0706542 0.007 0.00358655
      endloop
   endfacet
   facet normal -0.490439 2.36411e-16 -0.871476
      outer loop
         vertex -0.0706542 0.0075 0.00358655
         vertex -0.0706542 0.007 0.00358655
         vertex -0.072135 0.007 0.00485665
      endloop
   endfacet
   facet normal -0.786606 1.09087e-16 -0.617456
      outer loop
         vertex -0.072135 0.0075 0.00485665
         vertex -0.072135 0.007 0.00485665
         vertex -0.0730171 0.007 0.00659676
      endloop
   endfacet
   facet normal -0.963019 -3.48452e-17 -0.269433
      outer loop
         vertex -0.0730171 0.0075 0.00659676
         vertex -0.0730171 0.007 0.00659676
         vertex -0.0731661 0.007 0.00854197
      endloop
   endfacet
   facet normal -0.992821 -1.73472e-16 0.119607
      outer loop
         vertex -0.0731661 0.0075 0.00854197
         vertex -0.0731661 0.007 0.00854197
         vertex -0.0725593 0.007 0.0103961
      endloop
   endfacet
   facet normal -0.871476 -2.8569e-16 0.490439
      outer loop
         vertex -0.0725593 0.0075 0.0103961
         vertex -0.0725593 0.007 0.0103961
         vertex -0.0712892 0.007 0.011877
      endloop
   endfacet
   facet normal -0.617456 -3.54414e-16 0.786606
      outer loop
         vertex -0.0712892 0.0075 0.011877
         vertex -0.0712892 0.007 0.011877
         vertex -0.0695491 0.007 0.012759
      endloop
   endfacet
   facet normal -2.00127e-12 -3.4614e-16 1
      outer loop
         vertex -0.068202 0.007 0.0129439
         vertex -0.0676039 0.007 0.012908
         vertex -0.0676039 0.0075 0.012908
      endloop
   endfacet
   facet normal 0.119607 -3.27744e-16 0.992821
      outer loop
         vertex -0.0676039 0.0075 0.012908
         vertex -0.0676039 0.007 0.012908
         vertex -0.0657498 0.007 0.0123013
      endloop
   endfacet
   facet normal 0.490439 -2.36411e-16 0.871476
      outer loop
         vertex -0.0657498 0.0075 0.0123013
         vertex -0.0657498 0.007 0.0123013
         vertex -0.0642689 0.007 0.0110312
      endloop
   endfacet
   facet normal 0.786606 -1.09087e-16 0.617456
      outer loop
         vertex -0.0642689 0.0075 0.0110312
         vertex -0.0642689 0.007 0.0110312
         vertex -0.0633869 0.007 0.0092911
      endloop
   endfacet
   facet normal 0.963019 3.48452e-17 0.269433
      outer loop
         vertex -0.0633869 0.0075 0.0092911
         vertex -0.0633869 0.007 0.0092911
         vertex -0.0632379 0.007 0.00734589
      endloop
   endfacet
   facet normal -1.50628e-16 1 3.48261e-16
      outer loop
         vertex -0.068202 0.0075 0.00794393
         vertex -0.0638446 0.0075 0.00549174
         vertex -0.0651147 0.0075 0.0040109
      endloop
   endfacet
   facet normal -1.50628e-16 1 3.48261e-16
      outer loop
         vertex -0.0651147 0.0075 0.0040109
         vertex -0.0668548 0.0075 0.00312884
         vertex -0.068202 0.0075 0.00794393
      endloop
   endfacet
   facet normal -1.50628e-16 1 3.48261e-16
      outer loop
         vertex -0.0668548 0.0075 0.00312884
         vertex -0.0688 0.0075 0.00297982
         vertex -0.068202 0.0075 0.00794393
      endloop
   endfacet
   facet normal -1.50628e-16 1 3.48261e-16
      outer loop
         vertex -0.0688 0.0075 0.00297982
         vertex -0.0706542 0.0075 0.00358655
         vertex -0.068202 0.0075 0.00794393
      endloop
   endfacet
   facet normal -1.50628e-16 1 3.48261e-16
      outer loop
         vertex -0.0706542 0.0075 0.00358655
         vertex -0.072135 0.0075 0.00485665
         vertex -0.068202 0.0075 0.00794393
      endloop
   endfacet
   facet normal -1.50628e-16 1 3.48261e-16
      outer loop
         vertex -0.072135 0.0075 0.00485665
         vertex -0.0730171 0.0075 0.00659676
         vertex -0.068202 0.0075 0.00794393
      endloop
   endfacet
   facet normal -1.50628e-16 1 3.48261e-16
      outer loop
         vertex -0.0730171 0.0075 0.00659676
         vertex -0.0731661 0.0075 0.00854197
         vertex -0.068202 0.0075 0.00794393
      endloop
   endfacet
   facet normal -1.50628e-16 1 3.48261e-16
      outer loop
         vertex -0.0731661 0.0075 0.00854197
         vertex -0.0725593 0.0075 0.0103961
         vertex -0.068202 0.0075 0.00794393
      endloop
   endfacet
   facet normal -1.50628e-16 1 3.48261e-16
      outer loop
         vertex -0.0725593 0.0075 0.0103961
         vertex -0.0712892 0.0075 0.011877
         vertex -0.068202 0.0075 0.00794393
      endloop
   endfacet
   facet normal -1.50628e-16 1 3.48261e-16
      outer loop
         vertex -0.0712892 0.0075 0.011877
         vertex -0.0695491 0.0075 0.012759
         vertex -0.068202 0.0075 0.00794393
      endloop
   endfacet
   facet normal -1.50628e-16 1 3.48261e-16
      outer loop
         vertex -0.0695491 0.0075 0.012759
         vertex -0.0676039 0.0075 0.012908
         vertex -0.068202 0.0075 0.00794393
      endloop
   endfacet
   facet normal -1.50628e-16 1 3.48261e-16
      outer loop
         vertex -0.0676039 0.0075 0.012908
         vertex -0.0657498 0.0075 0.0123013
         vertex -0.068202 0.0075 0.00794393
      endloop
   endfacet
   facet normal -1.50628e-16 1 3.48261e-16
      outer loop
         vertex -0.0657498 0.0075 0.0123013
         vertex -0.0642689 0.0075 0.0110312
         vertex -0.068202 0.0075 0.00794393
      endloop
   endfacet
   facet normal -1.50628e-16 1 3.48261e-16
      outer loop
         vertex -0.0642689 0.0075 0.0110312
         vertex -0.0633869 0.0075 0.0092911
         vertex -0.068202 0.0075 0.00794393
      endloop
   endfacet
   facet normal -1.50628e-16 1 3.48261e-16
      outer loop
         vertex -0.0633869 0.0075 0.0092911
         vertex -0.0632379 0.0075 0.00734589
         vertex -0.068202 0.0075 0.00794393
      endloop
   endfacet
   facet normal -1.50628e-16 1 3.48261e-16
      outer loop
         vertex -0.0632379 0.0075 0.00734589
         vertex -0.0638446 0.0075 0.00549174
         vertex -0.068202 0.0075 0.00794393
      endloop
   endfacet
   facet normal 0.992821 1.73472e-16 -0.119607
      outer loop
         vertex -0.0453364 0.007 0.0138606
         vertex -0.0453364 0.0075 0.0138606
         vertex -0.0454854 0.0075 0.0158058
      endloop
   endfacet
   facet normal 0.963019 3.48452e-17 0.269433
      outer loop
         vertex -0.0454854 0.007 0.0158058
         vertex -0.0454854 0.0075 0.0158058
         vertex -0.0463675 0.0075 0.0175459
      endloop
   endfacet
   facet normal 0.786606 -1.09087e-16 0.617456
      outer loop
         vertex -0.0463675 0.007 0.0175459
         vertex -0.0463675 0.0075 0.0175459
         vertex -0.0478483 0.0075 0.018816
      endloop
   endfacet
   facet normal 0.490439 -2.36411e-16 0.871476
      outer loop
         vertex -0.0478483 0.007 0.018816
         vertex -0.0478483 0.0075 0.018816
         vertex -0.0497025 0.0075 0.0194227
      endloop
   endfacet
   facet normal -0.269433 -3.69181e-16 0.963019
      outer loop
         vertex -0.0516477 0.0075 0.0192737
         vertex -0.0516477 0.007 0.0192737
         vertex -0.0503005 0.007 0.0194586
      endloop
   endfacet
   facet normal -2.00125e-12 -3.4614e-16 1
      outer loop
         vertex -0.0503005 0.007 0.0194586
         vertex -0.0497025 0.0075 0.0194227
         vertex -0.0516477 0.0075 0.0192737
      endloop
   endfacet
   facet normal -0.269433 -3.69181e-16 0.963019
      outer loop
         vertex -0.0516477 0.007 0.0192737
         vertex -0.0516477 0.0075 0.0192737
         vertex -0.0533878 0.0075 0.0183916
      endloop
   endfacet
   facet normal -0.617456 -3.54414e-16 0.786606
      outer loop
         vertex -0.0533878 0.007 0.0183916
         vertex -0.0533878 0.0075 0.0183916
         vertex -0.0546579 0.0075 0.0169108
      endloop
   endfacet
   facet normal -0.871476 -2.8569e-16 0.490439
      outer loop
         vertex -0.0546579 0.007 0.0169108
         vertex -0.0546579 0.0075 0.0169108
         vertex -0.0552646 0.0075 0.0150567
      endloop
   endfacet
   facet normal -0.992821 -1.73472e-16 0.119607
      outer loop
         vertex -0.0552646 0.007 0.0150567
         vertex -0.0552646 0.0075 0.0150567
         vertex -0.0551156 0.0075 0.0131115
      endloop
   endfacet
   facet normal -0.963019 -3.48452e-17 -0.269433
      outer loop
         vertex -0.0551156 0.007 0.0131115
         vertex -0.0551156 0.0075 0.0131115
         vertex -0.0542336 0.0075 0.0113713
      endloop
   endfacet
   facet normal -0.786606 1.09087e-16 -0.617456
      outer loop
         vertex -0.0542336 0.007 0.0113713
         vertex -0.0542336 0.0075 0.0113713
         vertex -0.0527527 0.0075 0.0101012
      endloop
   endfacet
   facet normal -0.490439 2.36411e-16 -0.871476
      outer loop
         vertex -0.0527527 0.007 0.0101012
         vertex -0.0527527 0.0075 0.0101012
         vertex -0.0508986 0.0075 0.00949451
      endloop
   endfacet
   facet normal -0.119607 3.27744e-16 -0.992821
      outer loop
         vertex -0.0508986 0.007 0.00949451
         vertex -0.0508986 0.0075 0.00949451
         vertex -0.0489534 0.0075 0.00964352
      endloop
   endfacet
   facet normal 0.269433 3.69181e-16 -0.963019
      outer loop
         vertex -0.0489534 0.007 0.00964352
         vertex -0.0489534 0.0075 0.00964352
         vertex -0.0472133 0.0075 0.0105256
      endloop
   endfacet
   facet normal 0.617456 3.54414e-16 -0.786606
      outer loop
         vertex -0.0472133 0.007 0.0105256
         vertex -0.0472133 0.0075 0.0105256
         vertex -0.0459432 0.0075 0.0120064
      endloop
   endfacet
   facet normal 0.871476 2.8569e-16 -0.490439
      outer loop
         vertex -0.0459432 0.007 0.0120064
         vertex -0.0459432 0.0075 0.0120064
         vertex -0.0453364 0.0075 0.0138606
      endloop
   endfacet
   facet normal 0.992821 1.73472e-16 -0.119607
      outer loop
         vertex -0.0453364 0.0075 0.0138606
         vertex -0.0453364 0.007 0.0138606
         vertex -0.0459432 0.007 0.0120064
      endloop
   endfacet
   facet normal 0.871476 2.8569e-16 -0.490439
      outer loop
         vertex -0.0459432 0.0075 0.0120064
         vertex -0.0459432 0.007 0.0120064
         vertex -0.0472133 0.007 0.0105256
      endloop
   endfacet
   facet normal 0.617456 3.54414e-16 -0.786606
      outer loop
         vertex -0.0472133 0.0075 0.0105256
         vertex -0.0472133 0.007 0.0105256
         vertex -0.0489534 0.007 0.00964352
      endloop
   endfacet
   facet normal 0.269433 3.69181e-16 -0.963019
      outer loop
         vertex -0.0489534 0.0075 0.00964352
         vertex -0.0489534 0.007 0.00964352
         vertex -0.0508986 0.007 0.00949451
      endloop
   endfacet
   facet normal -0.119607 3.27744e-16 -0.992821
      outer loop
         vertex -0.0508986 0.0075 0.00949451
         vertex -0.0508986 0.007 0.00949451
         vertex -0.0527527 0.007 0.0101012
      endloop
   endfacet
   facet normal -0.490439 2.36411e-16 -0.871476
      outer loop
         vertex -0.0527527 0.0075 0.0101012
         vertex -0.0527527 0.007 0.0101012
         vertex -0.0542336 0.007 0.0113713
      endloop
   endfacet
   facet normal -0.786606 1.09087e-16 -0.617456
      outer loop
         vertex -0.0542336 0.0075 0.0113713
         vertex -0.0542336 0.007 0.0113713
         vertex -0.0551156 0.007 0.0131115
      endloop
   endfacet
   facet normal -0.963019 -3.48452e-17 -0.269433
      outer loop
         vertex -0.0551156 0.0075 0.0131115
         vertex -0.0551156 0.007 0.0131115
         vertex -0.0552646 0.007 0.0150567
      endloop
   endfacet
   facet normal -0.992821 -1.73472e-16 0.119607
      outer loop
         vertex -0.0552646 0.0075 0.0150567
         vertex -0.0552646 0.007 0.0150567
         vertex -0.0546579 0.007 0.0169108
      endloop
   endfacet
   facet normal -0.871476 -2.8569e-16 0.490439
      outer loop
         vertex -0.0546579 0.0075 0.0169108
         vertex -0.0546579 0.007 0.0169108
         vertex -0.0533878 0.007 0.0183916
      endloop
   endfacet
   facet normal -0.617456 -3.54414e-16 0.786606
      outer loop
         vertex -0.0533878 0.0075 0.0183916
         vertex -0.0533878 0.007 0.0183916
         vertex -0.0516477 0.007 0.0192737
      endloop
   endfacet
   facet normal -2.00125e-12 -3.4614e-16 1
      outer loop
         vertex -0.0503005 0.007 0.0194586
         vertex -0.0497025 0.007 0.0194227
         vertex -0.0497025 0.0075 0.0194227
      endloop
   endfacet
   facet normal 0.119607 -3.27744e-16 0.992821
      outer loop
         vertex -0.0497025 0.0075 0.0194227
         vertex -0.0497025 0.007 0.0194227
         vertex -0.0478483 0.007 0.018816
      endloop
   endfacet
   facet normal 0.490439 -2.36411e-16 0.871476
      outer loop
         vertex -0.0478483 0.0075 0.018816
         vertex -0.0478483 0.007 0.018816
         vertex -0.0463675 0.007 0.0175459
      endloop
   endfacet
   facet normal 0.786606 -1.09087e-16 0.617456
      outer loop
         vertex -0.0463675 0.0075 0.0175459
         vertex -0.0463675 0.007 0.0175459
         vertex -0.0454854 0.007 0.0158058
      endloop
   endfacet
   facet normal 0.963019 3.48452e-17 0.269433
      outer loop
         vertex -0.0454854 0.0075 0.0158058
         vertex -0.0454854 0.007 0.0158058
         vertex -0.0453364 0.007 0.0138606
      endloop
   endfacet
   facet normal -1.50628e-16 1 3.48261e-16
      outer loop
         vertex -0.0503005 0.0075 0.0144586
         vertex -0.0459432 0.0075 0.0120064
         vertex -0.0472133 0.0075 0.0105256
      endloop
   endfacet
   facet normal -1.50628e-16 1 3.48261e-16
      outer loop
         vertex -0.0472133 0.0075 0.0105256
         vertex -0.0489534 0.0075 0.00964352
         vertex -0.0503005 0.0075 0.0144586
      endloop
   endfacet
   facet normal -1.50628e-16 1 3.48261e-16
      outer loop
         vertex -0.0489534 0.0075 0.00964352
         vertex -0.0508986 0.0075 0.00949451
         vertex -0.0503005 0.0075 0.0144586
      endloop
   endfacet
   facet normal -1.50628e-16 1 3.48261e-16
      outer loop
         vertex -0.0508986 0.0075 0.00949451
         vertex -0.0527527 0.0075 0.0101012
         vertex -0.0503005 0.0075 0.0144586
      endloop
   endfacet
   facet normal -1.50628e-16 1 3.48261e-16
      outer loop
         vertex -0.0527527 0.0075 0.0101012
         vertex -0.0542336 0.0075 0.0113713
         vertex -0.0503005 0.0075 0.0144586
      endloop
   endfacet
   facet normal -1.50628e-16 1 3.48261e-16
      outer loop
         vertex -0.0542336 0.0075 0.0113713
         vertex -0.0551156 0.0075 0.0131115
         vertex -0.0503005 0.0075 0.0144586
      endloop
   endfacet
   facet normal -1.50628e-16 1 3.48261e-16
      outer loop
         vertex -0.0551156 0.0075 0.0131115
         vertex -0.0552646 0.0075 0.0150567
         vertex -0.0503005 0.0075 0.0144586
      endloop
   endfacet
   facet normal -1.50628e-16 1 3.48261e-16
      outer loop
         vertex -0.0552646 0.0075 0.0150567
         vertex -0.0546579 0.0075 0.0169108
         vertex -0.0503005 0.0075 0.0144586
      endloop
   endfacet
   facet normal -1.50628e-16 1 3.48261e-16
      outer loop
         vertex -0.0546579 0.0075 0.0169108
         vertex -0.0533878 0.0075 0.0183916
         vertex -0.0503005 0.0075 0.0144586
      endloop
   endfacet
   facet normal -1.50628e-16 1 3.48261e-16
      outer loop
         vertex -0.0533878 0.0075 0.0183916
         vertex -0.0516477 0.0075 0.0192737
         vertex -0.0503005 0.0075 0.0144586
      endloop
   endfacet
   facet normal -1.50628e-16 1 3.48261e-16
      outer loop
         vertex -0.0516477 0.0075 0.0192737
         vertex -0.0497025 0.0075 0.0194227
         vertex -0.0503005 0.0075 0.0144586
      endloop
   endfacet
   facet normal -1.50628e-16 1 3.48261e-16
      outer loop
         vertex -0.0497025 0.0075 0.0194227
         vertex -0.0478483 0.0075 0.018816
         vertex -0.0503005 0.0075 0.0144586
      endloop
   endfacet
   facet normal -1.50628e-16 1 3.48261e-16
      outer loop
         vertex -0.0478483 0.0075 0.018816
         vertex -0.0463675 0.0075 0.0175459
         vertex -0.0503005 0.0075 0.0144586
      endloop
   endfacet
   facet normal -1.50628e-16 1 3.48261e-16
      outer loop
         vertex -0.0463675 0.0075 0.0175459
         vertex -0.0454854 0.0075 0.0158058
         vertex -0.0503005 0.0075 0.0144586
      endloop
   endfacet
   facet normal -1.50628e-16 1 3.48261e-16
      outer loop
         vertex -0.0454854 0.0075 0.0158058
         vertex -0.0453364 0.0075 0.0138606
         vertex -0.0503005 0.0075 0.0144586
      endloop
   endfacet
   facet normal -1.50628e-16 1 3.48261e-16
      outer loop
         vertex -0.0453364 0.0075 0.0138606
         vertex -0.0459432 0.0075 0.0120064
         vertex -0.0503005 0.0075 0.0144586
      endloop
   endfacet
   facet normal 1 4.30007e-17 -4.45134e-05
      outer loop
         vertex -0.0492995 0.00138582 0.0365326
         vertex -0.0492996 0.0015 0.0359586
         vertex -0.0492995 0.00653806 0.0373812
      endloop
   endfacet
   facet normal 1 4.30007e-17 -4.45134e-05
      outer loop
         vertex -0.0492995 -0.00680866 0.0380345
         vertex -0.0492992 -0.00120208 0.0451607
         vertex -0.0492993 -0.00653806 0.0414452
      endloop
   endfacet
   facet normal 1 4.30007e-17 -4.45134e-05
      outer loop
         vertex -0.0492993 -0.00664645 0.0419901
         vertex -0.0492993 -0.00653806 0.0418279
         vertex -0.0492992 -0.00120208 0.0451607
      endloop
   endfacet
   facet normal 1 4.30007e-17 -4.45134e-05
      outer loop
         vertex -0.0492995 0.00653806 0.0373812
         vertex -0.0492995 0.0065 0.0375726
         vertex -0.0492995 0.00138582 0.0365326
      endloop
   endfacet
   facet normal 1 4.30007e-17 -4.45134e-05
      outer loop
         vertex -0.0492993 0.00664645 0.0419901
         vertex -0.0492991 0.000650562 0.0455292
         vertex -0.0492992 0.00120208 0.0451607
      endloop
   endfacet
   facet normal 1 4.30007e-17 -4.45134e-05
      outer loop
         vertex -0.0492995 0.00680866 0.0380345
         vertex -0.0492993 0.00664645 0.041283
         vertex -0.0492993 0.00653806 0.0414452
      endloop
   endfacet
   facet normal 1 4.30007e-17 -4.45134e-05
      outer loop
         vertex -0.0492992 -0.00120208 0.0451607
         vertex -0.0492993 -0.0065 0.0416366
         vertex -0.0492993 -0.00653806 0.0414452
      endloop
   endfacet
   facet normal 1 4.30007e-17 -4.45134e-05
      outer loop
         vertex -0.0492992 -0.00120208 0.0451607
         vertex -0.0492991 -0.000650562 0.0455292
         vertex -0.0492993 -0.00664645 0.0419901
      endloop
   endfacet
   facet normal 1 4.30007e-17 -4.45134e-05
      outer loop
         vertex -0.0492996 0.000574025 0.0345728
         vertex -0.0492999 0.00120208 0.0291607
         vertex -0.0492999 0.0015706 0.0286091
      endloop
   endfacet
   facet normal 1 4.30007e-17 -4.45134e-05
      outer loop
         vertex -0.0492995 0.0065 0.0375726
         vertex -0.0492995 0.00653806 0.0377639
         vertex -0.0492995 0.00138582 0.0365326
      endloop
   endfacet
   facet normal 1 4.30007e-17 -4.45134e-05
      outer loop
         vertex -0.0492996 -0.0015 0.0359586
         vertex -0.0492995 -0.00653806 0.0373812
         vertex -0.0492995 -0.00664645 0.037219
      endloop
   endfacet
   facet normal 1 4.30007e-17 -4.45134e-05
      outer loop
         vertex -0.0492995 -0.00138582 0.0365326
         vertex -0.0492995 -0.0065 0.0375726
         vertex -0.0492995 -0.00653806 0.0373812
      endloop
   endfacet
   facet normal 1 4.30007e-17 -4.45134e-05
      outer loop
         vertex -0.0492991 0.000650562 0.0455292
         vertex -0.0492993 0.00664645 0.0419901
         vertex -0.0492993 0.00680866 0.0420985
      endloop
   endfacet
   facet normal 1 4.30007e-17 -4.45134e-05
      outer loop
         vertex -0.0492992 0.00120208 0.0451607
         vertex -0.0492993 0.0065 0.0416366
         vertex -0.0492993 0.00653806 0.0418279
      endloop
   endfacet
   facet normal 1 4.30007e-17 -4.45134e-05
      outer loop
         vertex -0.0492993 0.00653806 0.0414452
         vertex -0.0492992 0.00120208 0.0451607
         vertex -0.0492995 0.00680866 0.0380345
      endloop
   endfacet
   facet normal 1 4.30007e-17 -4.45134e-05
      outer loop
         vertex -0.0492993 -0.00653806 0.0418279
         vertex -0.0492993 -0.0065 0.0416366
         vertex -0.0492992 -0.00120208 0.0451607
      endloop
   endfacet
   facet normal 1 4.30007e-17 -4.45134e-05
      outer loop
         vertex -0.0493002 0.007 0.0214586
         vertex -0.0493 0.00120208 0.0267565
         vertex -0.0493 0.000650562 0.026388
      endloop
   endfacet
   facet normal 1 4.30007e-17 -4.45134e-05
      outer loop
         vertex -0.0493002 0.007 0.0214586
         vertex -0.0492999 0.0017 0.0279586
         vertex -0.0493 0.0015706 0.027308
      endloop
   endfacet
   facet normal 1 4.30007e-17 -4.45134e-05
      outer loop
         vertex -0.0492999 0.0015706 0.0286091
         vertex -0.0493002 0.007 0.0214586
         vertex -0.0492996 0.000574025 0.0345728
      endloop
   endfacet
   facet normal 1 4.30007e-17 -4.45134e-05
      outer loop
         vertex -0.0492995 0.00653806 0.0377639
         vertex -0.0492995 0.00664645 0.0379261
         vertex -0.0492995 0.00138582 0.0365326
      endloop
   endfacet
   facet normal 1 4.30007e-17 -4.45134e-05
      outer loop
         vertex -0.0492996 0.0015 0.0359586
         vertex -0.0492995 0.00680866 0.0371106
         vertex -0.0492995 0.00664645 0.037219
      endloop
   endfacet
   facet normal 1 4.30007e-17 -4.45134e-05
      outer loop
         vertex -0.0492995 -0.00653806 0.0373812
         vertex -0.0492996 -0.0015 0.0359586
         vertex -0.0492995 -0.00138582 0.0365326
      endloop
   endfacet
   facet normal 1 4.30007e-17 -4.45134e-05
      outer loop
         vertex -0.0492995 -0.00138582 0.0365326
         vertex -0.0492995 -0.00664645 0.0379261
         vertex -0.0492995 -0.00653806 0.0377639
      endloop
   endfacet
   facet normal 1 4.30007e-17 -4.45134e-05
      outer loop
         vertex -0.0492992 0.00120208 0.0451607
         vertex -0.0492993 0.00653806 0.0418279
         vertex -0.0492993 0.00664645 0.0419901
      endloop
   endfacet
   facet normal 1 4.30007e-17 -4.45134e-05
      outer loop
         vertex -0.0492995 0.00680866 0.0380345
         vertex -0.0492993 0.00680866 0.0411746
         vertex -0.0492993 0.00664645 0.041283
      endloop
   endfacet
   facet normal 1 4.30007e-17 -4.45134e-05
      outer loop
         vertex -0.0492993 -0.00653806 0.0414452
         vertex -0.0492993 -0.00664645 0.041283
         vertex -0.0492995 -0.00680866 0.0380345
      endloop
   endfacet
   facet normal 1 4.30007e-17 -4.45134e-05
      outer loop
         vertex -0.0492991 -0.000650562 0.0455292
         vertex -0.0492988 -0.007 0.0524586
         vertex -0.0492993 -0.00680866 0.0420985
      endloop
   endfacet
   facet normal 1 4.30007e-17 -4.45134e-05
      outer loop
         vertex -0.0493 0.0015706 0.027308
         vertex -0.0493 0.00120208 0.0267565
         vertex -0.0493002 0.007 0.0214586
      endloop
   endfacet
   facet normal 1 4.30007e-17 -4.45134e-05
      outer loop
         vertex -0.0492996 0.000574025 0.0345728
         vertex -0.0492999 0.000650562 0.0295292
         vertex -0.0492999 0.00120208 0.0291607
      endloop
   endfacet
   facet normal 1 4.30007e-17 -4.45134e-05
      outer loop
         vertex -0.0492999 0.000650562 0.0295292
         vertex -0.0492996 0.000574025 0.0345728
         vertex -0.0492996 7.09515e-15 0.0344586
      endloop
   endfacet
   facet normal 1 4.30007e-17 -4.45134e-05
      outer loop
         vertex -0.0492995 0.00664645 0.037219
         vertex -0.0492995 0.00653806 0.0373812
         vertex -0.0492996 0.0015 0.0359586
      endloop
   endfacet
   facet normal 1 4.30007e-17 -4.45134e-05
      outer loop
         vertex -0.0492992 0.0017 0.0439586
         vertex -0.0492995 0.000574025 0.0373444
         vertex -0.0492995 0.00106066 0.0370192
      endloop
   endfacet
   facet normal 1 4.30007e-17 -4.45134e-05
      outer loop
         vertex -0.0492995 -0.00653806 0.0377639
         vertex -0.0492995 -0.0065 0.0375726
         vertex -0.0492995 -0.00138582 0.0365326
      endloop
   endfacet
   facet normal 1 4.30007e-17 -4.45134e-05
      outer loop
         vertex -0.0492993 0.00653806 0.0414452
         vertex -0.0492993 0.0065 0.0416366
         vertex -0.0492992 0.00120208 0.0451607
      endloop
   endfacet
   facet normal 1 4.30007e-17 -4.45134e-05
      outer loop
         vertex -0.0492995 0.00680866 0.0380345
         vertex -0.0492995 0.007 0.0380726
         vertex -0.0492993 0.007 0.0411366
      endloop
   endfacet
   facet normal 1 4.30007e-17 -4.45134e-05
      outer loop
         vertex -0.0492995 -0.00680866 0.0380345
         vertex -0.0492993 -0.00680866 0.0411746
         vertex -0.0492993 -0.007 0.0411366
      endloop
   endfacet
   facet normal 1 4.30007e-17 -4.45134e-05
      outer loop
         vertex -0.0492993 -0.00680866 0.0420985
         vertex -0.0492993 -0.00664645 0.0419901
         vertex -0.0492991 -0.000650562 0.0455292
      endloop
   endfacet
   facet normal 1 4.30007e-17 -4.45134e-05
      outer loop
         vertex -0.0492999 0.0015706 0.0286091
         vertex -0.0492999 0.0017 0.0279586
         vertex -0.0493002 0.007 0.0214586
      endloop
   endfacet
   facet normal 1 4.30007e-17 -4.45134e-05
      outer loop
         vertex -0.0492996 7.09515e-15 0.0344586
         vertex -0.0492999 -0.000650562 0.0295292
         vertex -0.0492999 7.09749e-15 0.0296586
      endloop
   endfacet
   facet normal 1 4.30007e-17 -4.45134e-05
      outer loop
         vertex -0.0493002 0.007 0.0214586
         vertex -0.0492995 0.007 0.0370726
         vertex -0.0492996 0.00138582 0.0353845
      endloop
   endfacet
   facet normal 1 4.30007e-17 -4.45134e-05
      outer loop
         vertex -0.0492996 0.0015 0.0359586
         vertex -0.0492995 0.007 0.0370726
         vertex -0.0492995 0.00680866 0.0371106
      endloop
   endfacet
   facet normal 1 4.30007e-17 -4.45134e-05
      outer loop
         vertex -0.0492995 0.00680866 0.0380345
         vertex -0.0492992 0.0015706 0.0446091
         vertex -0.0492992 0.0017 0.0439586
      endloop
   endfacet
   facet normal 1 4.30007e-17 -4.45134e-05
      outer loop
         vertex -0.0492995 0.000574025 0.0373444
         vertex -0.0492992 0.0017 0.0439586
         vertex -0.0492992 0.0015706 0.043308
      endloop
   endfacet
   facet normal 1 4.30007e-17 -4.45134e-05
      outer loop
         vertex -0.0492992 -0.0017 0.0439586
         vertex -0.0492995 -0.00680866 0.0380345
         vertex -0.0492995 -0.00106066 0.0370192
      endloop
   endfacet
   facet normal 1 4.30007e-17 -4.45134e-05
      outer loop
         vertex -0.0492995 -0.00138582 0.0365326
         vertex -0.0492995 -0.00680866 0.0380345
         vertex -0.0492995 -0.00664645 0.0379261
      endloop
   endfacet
   facet normal 1 4.30007e-17 -4.45134e-05
      outer loop
         vertex -0.0492996 -0.000574025 0.0345728
         vertex -0.0493002 -0.007 0.0214586
         vertex -0.0492999 -0.0015706 0.0286091
      endloop
   endfacet
   facet normal 1 4.30007e-17 -4.45134e-05
      outer loop
         vertex -0.0492993 0.007 0.0411366
         vertex -0.0492993 0.00680866 0.0411746
         vertex -0.0492995 0.00680866 0.0380345
      endloop
   endfacet
   facet normal 1 4.30007e-17 -4.45134e-05
      outer loop
         vertex -0.0492988 0.007 0.0524586
         vertex -0.0492988 -0.007 0.0524586
         vertex -0.0492991 7.09213e-15 0.0456586
      endloop
   endfacet
   facet normal 1 4.30007e-17 -4.45134e-05
      outer loop
         vertex -0.0492993 -0.00664645 0.041283
         vertex -0.0492993 -0.00680866 0.0411746
         vertex -0.0492995 -0.00680866 0.0380345
      endloop
   endfacet
   facet normal 1 4.30007e-17 -4.45134e-05
      outer loop
         vertex -0.0492996 7.09515e-15 0.0344586
         vertex -0.0492999 7.09749e-15 0.0296586
         vertex -0.0492999 0.000650562 0.0295292
      endloop
   endfacet
   facet normal 1 4.30007e-17 -4.45134e-05
      outer loop
         vertex -0.0492996 7.09515e-15 0.0344586
         vertex -0.0492999 -0.0015706 0.0286091
         vertex -0.0492999 -0.00120208 0.0291607
      endloop
   endfacet
   facet normal 1 4.30007e-17 -4.45134e-05
      outer loop
         vertex -0.0492996 0.00138582 0.0353845
         vertex -0.0492996 0.00106066 0.0348979
         vertex -0.0493002 0.007 0.0214586
      endloop
   endfacet
   facet normal 1 4.30007e-17 -4.45134e-05
      outer loop
         vertex -0.0492995 0.00664645 0.0379261
         vertex -0.0492995 0.00680866 0.0380345
         vertex -0.0492995 0.00138582 0.0365326
      endloop
   endfacet
   facet normal 1 4.30007e-17 -4.45134e-05
      outer loop
         vertex -0.0492995 0.00106066 0.0370192
         vertex -0.0492995 0.00680866 0.0380345
         vertex -0.0492992 0.0017 0.0439586
      endloop
   endfacet
   facet normal 1 4.30007e-17 -4.45134e-05
      outer loop
         vertex -0.0492995 0.000574025 0.0373444
         vertex -0.0492993 0.000650562 0.042388
         vertex -0.0492993 7.09254e-15 0.0422586
      endloop
   endfacet
   facet normal 1 4.30007e-17 -4.45134e-05
      outer loop
         vertex -0.0492992 0.0015706 0.043308
         vertex -0.0492993 0.00120208 0.0427565
         vertex -0.0492995 0.000574025 0.0373444
      endloop
   endfacet
   facet normal 1 4.30007e-17 -4.45134e-05
      outer loop
         vertex -0.0492995 -0.000574025 0.0373444
         vertex -0.0492995 7.09589e-15 0.0374586
         vertex -0.0492993 7.09254e-15 0.0422586
      endloop
   endfacet
   facet normal 1 4.30007e-17 -4.45134e-05
      outer loop
         vertex -0.0492995 -0.00106066 0.0370192
         vertex -0.0492995 -0.000574025 0.0373444
         vertex -0.0492992 -0.0017 0.0439586
      endloop
   endfacet
   facet normal 1 4.30007e-17 -4.45134e-05
      outer loop
         vertex -0.0492995 -0.00664645 0.037219
         vertex -0.0492995 -0.00680866 0.0371106
         vertex -0.0492996 -0.0015 0.0359586
      endloop
   endfacet
   facet normal 1 4.30007e-17 -4.45134e-05
      outer loop
         vertex -0.0493002 -0.007 0.0214586
         vertex -0.0492996 -0.00106066 0.0348979
         vertex -0.0492996 -0.00138582 0.0353845
      endloop
   endfacet
   facet normal 1 4.30007e-17 -4.45134e-05
      outer loop
         vertex -0.0493002 -0.007 0.0214586
         vertex -0.0492999 -0.0017 0.0279586
         vertex -0.0492999 -0.0015706 0.0286091
      endloop
   endfacet
   facet normal 1 4.30007e-17 -4.45134e-05
      outer loop
         vertex -0.0493002 -0.007 0.0214586
         vertex -0.0493 -0.000650562 0.026388
         vertex -0.0493 -0.00120208 0.0267565
      endloop
   endfacet
   facet normal 1 4.30007e-17 -4.45134e-05
      outer loop
         vertex -0.0493002 -0.007 0.0214586
         vertex -0.0493002 0.007 0.0214586
         vertex -0.0493 7.09791e-15 0.0262586
      endloop
   endfacet
   facet normal 1 4.30007e-17 -4.45134e-05
      outer loop
         vertex -0.0492991 7.09213e-15 0.0456586
         vertex -0.0492991 0.000650562 0.0455292
         vertex -0.0492988 0.007 0.0524586
      endloop
   endfacet
   facet normal 1 4.30007e-17 -4.45134e-05
      outer loop
         vertex -0.0492993 -0.007 0.0411366
         vertex -0.0492995 -0.007 0.0380726
         vertex -0.0492995 -0.00680866 0.0380345
      endloop
   endfacet
   facet normal 1 4.30007e-17 -4.45134e-05
      outer loop
         vertex -0.0492999 -0.00120208 0.0291607
         vertex -0.0492999 -0.000650562 0.0295292
         vertex -0.0492996 7.09515e-15 0.0344586
      endloop
   endfacet
   facet normal 1 4.30007e-17 -4.45134e-05
      outer loop
         vertex -0.0492996 0.0015 0.0359586
         vertex -0.0492996 0.00138582 0.0353845
         vertex -0.0492995 0.007 0.0370726
      endloop
   endfacet
   facet normal 1 4.30007e-17 -4.45134e-05
      outer loop
         vertex -0.0492995 0.00680866 0.0380345
         vertex -0.0492992 0.00120208 0.0451607
         vertex -0.0492992 0.0015706 0.0446091
      endloop
   endfacet
   facet normal 1 4.30007e-17 -4.45134e-05
      outer loop
         vertex -0.0492993 0.00120208 0.0427565
         vertex -0.0492993 0.000650562 0.042388
         vertex -0.0492995 0.000574025 0.0373444
      endloop
   endfacet
   facet normal 1 4.30007e-17 -4.45134e-05
      outer loop
         vertex -0.0492995 -0.000574025 0.0373444
         vertex -0.0492993 -0.00120208 0.0427565
         vertex -0.0492992 -0.0015706 0.043308
      endloop
   endfacet
   facet normal 1 4.30007e-17 -4.45134e-05
      outer loop
         vertex -0.0492993 7.09254e-15 0.0422586
         vertex -0.0492993 -0.000650562 0.042388
         vertex -0.0492995 -0.000574025 0.0373444
      endloop
   endfacet
   facet normal 1 4.30007e-17 -4.45134e-05
      outer loop
         vertex -0.0492995 -0.00680866 0.0380345
         vertex -0.0492995 -0.00138582 0.0365326
         vertex -0.0492995 -0.00106066 0.0370192
      endloop
   endfacet
   facet normal 1 4.30007e-17 -4.45134e-05
      outer loop
         vertex -0.0492995 -0.007 0.0370726
         vertex -0.0492996 -0.00138582 0.0353845
         vertex -0.0492996 -0.0015 0.0359586
      endloop
   endfacet
   facet normal 1 4.30007e-17 -4.45134e-05
      outer loop
         vertex -0.0493002 -0.007 0.0214586
         vertex -0.0492996 -0.000574025 0.0345728
         vertex -0.0492996 -0.00106066 0.0348979
      endloop
   endfacet
   facet normal 1 4.30007e-17 -4.45134e-05
      outer loop
         vertex -0.0493002 -0.007 0.0214586
         vertex -0.0493 -0.0015706 0.027308
         vertex -0.0492999 -0.0017 0.0279586
      endloop
   endfacet
   facet normal 1 4.30007e-17 -4.45134e-05
      outer loop
         vertex -0.0493 7.09791e-15 0.0262586
         vertex -0.0493 -0.000650562 0.026388
         vertex -0.0493002 -0.007 0.0214586
      endloop
   endfacet
   facet normal 1 4.30007e-17 -4.45134e-05
      outer loop
         vertex -0.0492991 -0.000650562 0.0455292
         vertex -0.0492991 7.09213e-15 0.0456586
         vertex -0.0492988 -0.007 0.0524586
      endloop
   endfacet
   facet normal 1 4.30007e-17 -4.45134e-05
      outer loop
         vertex -0.0492996 0.00106066 0.0348979
         vertex -0.0492996 0.000574025 0.0345728
         vertex -0.0493002 0.007 0.0214586
      endloop
   endfacet
   facet normal 1 4.30007e-17 -4.45134e-05
      outer loop
         vertex -0.0492993 7.09254e-15 0.0422586
         vertex -0.0492995 7.09589e-15 0.0374586
         vertex -0.0492995 0.000574025 0.0373444
      endloop
   endfacet
   facet normal 1 4.30007e-17 -4.45134e-05
      outer loop
         vertex -0.0492993 -0.000650562 0.042388
         vertex -0.0492993 -0.00120208 0.0427565
         vertex -0.0492995 -0.000574025 0.0373444
      endloop
   endfacet
   facet normal 1 4.30007e-17 -4.45134e-05
      outer loop
         vertex -0.0492992 -0.0017 0.0439586
         vertex -0.0492992 -0.0015706 0.0446091
         vertex -0.0492995 -0.00680866 0.0380345
      endloop
   endfacet
   facet normal 1 4.30007e-17 -4.45134e-05
      outer loop
         vertex -0.0492996 -0.00138582 0.0353845
         vertex -0.0492995 -0.007 0.0370726
         vertex -0.0493002 -0.007 0.0214586
      endloop
   endfacet
   facet normal 1 4.30007e-17 -4.45134e-05
      outer loop
         vertex -0.0493 -0.00120208 0.0267565
         vertex -0.0493 -0.0015706 0.027308
         vertex -0.0493002 -0.007 0.0214586
      endloop
   endfacet
   facet normal 1 4.30007e-17 -4.45134e-05
      outer loop
         vertex -0.0492988 -0.007 0.0524586
         vertex -0.0492993 -0.007 0.0421366
         vertex -0.0492993 -0.00680866 0.0420985
      endloop
   endfacet
   facet normal 1 4.30007e-17 -4.45134e-05
      outer loop
         vertex -0.0492995 0.00106066 0.0370192
         vertex -0.0492995 0.00138582 0.0365326
         vertex -0.0492995 0.00680866 0.0380345
      endloop
   endfacet
   facet normal 1 4.30007e-17 -4.45134e-05
      outer loop
         vertex -0.0492992 -0.0015706 0.0446091
         vertex -0.0492992 -0.00120208 0.0451607
         vertex -0.0492995 -0.00680866 0.0380345
      endloop
   endfacet
   facet normal 1 4.30007e-17 -4.45134e-05
      outer loop
         vertex -0.0492999 -0.0015706 0.0286091
         vertex -0.0492996 7.09515e-15 0.0344586
         vertex -0.0492996 -0.000574025 0.0345728
      endloop
   endfacet
   facet normal 1 4.30007e-17 -4.45134e-05
      outer loop
         vertex -0.0493 0.000650562 0.026388
         vertex -0.0493 7.09791e-15 0.0262586
         vertex -0.0493002 0.007 0.0214586
      endloop
   endfacet
   facet normal 1 4.30007e-17 -4.45134e-05
      outer loop
         vertex -0.0492995 -0.00680866 0.0371106
         vertex -0.0492995 -0.007 0.0370726
         vertex -0.0492996 -0.0015 0.0359586
      endloop
   endfacet
   facet normal 1 4.30007e-17 -4.45134e-05
      outer loop
         vertex -0.0492993 0.00680866 0.0420985
         vertex -0.0492988 0.007 0.0524586
         vertex -0.0492991 0.000650562 0.0455292
      endloop
   endfacet
   facet normal 1 4.30007e-17 -4.45134e-05
      outer loop
         vertex -0.0492993 0.00680866 0.0420985
         vertex -0.0492993 0.007 0.0421366
         vertex -0.0492988 0.007 0.0524586
      endloop
   endfacet
   facet normal 1 4.30007e-17 -4.45134e-05
      outer loop
         vertex -0.0492992 -0.0015706 0.043308
         vertex -0.0492992 -0.0017 0.0439586
         vertex -0.0492995 -0.000574025 0.0373444
      endloop
   endfacet
   facet normal 1.70345e-05 -0.92388 0.382683
      outer loop
         vertex -0.0492996 0.00138582 0.0353845
         vertex -0.0492996 0.0015 0.0359586
         vertex -0.0562996 0.0015 0.0359589
      endloop
   endfacet
   facet normal 3.14757e-05 -0.707107 0.707107
      outer loop
         vertex -0.0492996 0.00106066 0.0348979
         vertex -0.0492996 0.00138582 0.0353845
         vertex -0.0562996 0.00138582 0.0353849
      endloop
   endfacet
   facet normal 4.1125e-05 -0.382683 0.92388
      outer loop
         vertex -0.0492996 0.000574025 0.0345728
         vertex -0.0492996 0.00106066 0.0348979
         vertex -0.0562996 0.00106066 0.0348982
      endloop
   endfacet
   facet normal 4.45134e-05 1.83697e-16 1
      outer loop
         vertex -0.0492996 7.09515e-15 0.0344586
         vertex -0.0492996 0.000574025 0.0345728
         vertex -0.0562996 0.000574025 0.0345731
      endloop
   endfacet
   facet normal 4.1125e-05 0.382683 0.92388
      outer loop
         vertex -0.0492996 -0.000574025 0.0345728
         vertex -0.0492996 7.09515e-15 0.0344586
         vertex -0.0562996 7.09515e-15 0.0344589
      endloop
   endfacet
   facet normal 3.14757e-05 0.707107 0.707107
      outer loop
         vertex -0.0492996 -0.00106066 0.0348979
         vertex -0.0492996 -0.000574025 0.0345728
         vertex -0.0562996 -0.000574025 0.0345731
      endloop
   endfacet
   facet normal 1.70345e-05 0.92388 0.382683
      outer loop
         vertex -0.0492996 -0.00138582 0.0353845
         vertex -0.0492996 -0.00106066 0.0348979
         vertex -0.0562996 -0.00106066 0.0348982
      endloop
   endfacet
   facet normal 3.40845e-20 1 7.65714e-16
      outer loop
         vertex -0.0492996 -0.0015 0.0359586
         vertex -0.0492996 -0.00138582 0.0353845
         vertex -0.0562996 -0.00138582 0.0353849
      endloop
   endfacet
   facet normal -1.70345e-05 0.92388 -0.382683
      outer loop
         vertex -0.0492995 -0.00138582 0.0365326
         vertex -0.0492996 -0.0015 0.0359586
         vertex -0.0562996 -0.0015 0.0359589
      endloop
   endfacet
   facet normal -3.14757e-05 0.707107 -0.707107
      outer loop
         vertex -0.0492995 -0.00106066 0.0370192
         vertex -0.0492995 -0.00138582 0.0365326
         vertex -0.0562995 -0.00138582 0.0365329
      endloop
   endfacet
   facet normal -4.1125e-05 0.382683 -0.92388
      outer loop
         vertex -0.0492995 -0.000574025 0.0373444
         vertex -0.0492995 -0.00106066 0.0370192
         vertex -0.0562995 -0.00106066 0.0370195
      endloop
   endfacet
   facet normal -4.45134e-05 -6.12323e-17 -1
      outer loop
         vertex -0.0492995 7.09589e-15 0.0374586
         vertex -0.0492995 -0.000574025 0.0373444
         vertex -0.0562995 -0.000574025 0.0373447
      endloop
   endfacet
   facet normal -4.1125e-05 -0.382683 -0.92388
      outer loop
         vertex -0.0492995 0.000574025 0.0373444
         vertex -0.0492995 7.09589e-15 0.0374586
         vertex -0.0562995 7.09552e-15 0.0374589
      endloop
   endfacet
   facet normal -3.14757e-05 -0.707107 -0.707107
      outer loop
         vertex -0.0492995 0.00106066 0.0370192
         vertex -0.0492995 0.000574025 0.0373444
         vertex -0.0562995 0.000574025 0.0373447
      endloop
   endfacet
   facet normal -1.70345e-05 -0.92388 -0.382683
      outer loop
         vertex -0.0492995 0.00138582 0.0365326
         vertex -0.0492995 0.00106066 0.0370192
         vertex -0.0562995 0.00106066 0.0370195
      endloop
   endfacet
   facet normal 1.09026e-20 -1 2.44929e-16
      outer loop
         vertex -0.0492996 0.0015 0.0359586
         vertex -0.0492995 0.00138582 0.0365326
         vertex -0.0562995 0.00138582 0.0365329
      endloop
   endfacet
   facet normal -1.70345e-05 -0.92388 -0.382683
      outer loop
         vertex -0.0562995 0.00138582 0.0365329
         vertex -0.0562996 0.0015 0.0359589
         vertex -0.0492996 0.0015 0.0359586
      endloop
   endfacet
   facet normal -3.14757e-05 -0.707107 -0.707107
      outer loop
         vertex -0.0562995 0.00106066 0.0370195
         vertex -0.0562995 0.00138582 0.0365329
         vertex -0.0492995 0.00138582 0.0365326
      endloop
   endfacet
   facet normal -4.1125e-05 -0.382683 -0.92388
      outer loop
         vertex -0.0562995 0.000574025 0.0373447
         vertex -0.0562995 0.00106066 0.0370195
         vertex -0.0492995 0.00106066 0.0370192
      endloop
   endfacet
   facet normal -4.45134e-05 -6.12323e-17 -1
      outer loop
         vertex -0.0562995 7.09552e-15 0.0374589
         vertex -0.0562995 0.000574025 0.0373447
         vertex -0.0492995 0.000574025 0.0373444
      endloop
   endfacet
   facet normal -4.1125e-05 0.382683 -0.92388
      outer loop
         vertex -0.0562995 -0.000574025 0.0373447
         vertex -0.0562995 7.09552e-15 0.0374589
         vertex -0.0492995 7.09589e-15 0.0374586
      endloop
   endfacet
   facet normal -3.14757e-05 0.707107 -0.707107
      outer loop
         vertex -0.0562995 -0.00106066 0.0370195
         vertex -0.0562995 -0.000574025 0.0373447
         vertex -0.0492995 -0.000574025 0.0373444
      endloop
   endfacet
   facet normal -1.70345e-05 0.92388 -0.382683
      outer loop
         vertex -0.0562995 -0.00138582 0.0365329
         vertex -0.0562995 -0.00106066 0.0370195
         vertex -0.0492995 -0.00106066 0.0370192
      endloop
   endfacet
   facet normal 3.40845e-20 1 7.65714e-16
      outer loop
         vertex -0.0562996 -0.0015 0.0359589
         vertex -0.0562995 -0.00138582 0.0365329
         vertex -0.0492995 -0.00138582 0.0365326
      endloop
   endfacet
   facet normal 1.70345e-05 0.92388 0.382683
      outer loop
         vertex -0.0562996 -0.00138582 0.0353849
         vertex -0.0562996 -0.0015 0.0359589
         vertex -0.0492996 -0.0015 0.0359586
      endloop
   endfacet
   facet normal 3.14757e-05 0.707107 0.707107
      outer loop
         vertex -0.0562996 -0.00106066 0.0348982
         vertex -0.0562996 -0.00138582 0.0353849
         vertex -0.0492996 -0.00138582 0.0353845
      endloop
   endfacet
   facet normal 4.1125e-05 0.382683 0.92388
      outer loop
         vertex -0.0562996 -0.000574025 0.0345731
         vertex -0.0562996 -0.00106066 0.0348982
         vertex -0.0492996 -0.00106066 0.0348979
      endloop
   endfacet
   facet normal 4.45134e-05 1.83697e-16 1
      outer loop
         vertex -0.0562996 7.09515e-15 0.0344589
         vertex -0.0562996 -0.000574025 0.0345731
         vertex -0.0492996 -0.000574025 0.0345728
      endloop
   endfacet
   facet normal 4.1125e-05 -0.382683 0.92388
      outer loop
         vertex -0.0562996 0.000574025 0.0345731
         vertex -0.0562996 7.09515e-15 0.0344589
         vertex -0.0492996 7.09515e-15 0.0344586
      endloop
   endfacet
   facet normal 3.14757e-05 -0.707107 0.707107
      outer loop
         vertex -0.0562996 0.00106066 0.0348982
         vertex -0.0562996 0.000574025 0.0345731
         vertex -0.0492996 0.000574025 0.0345728
      endloop
   endfacet
   facet normal 1.70345e-05 -0.92388 0.382683
      outer loop
         vertex -0.0562996 0.00138582 0.0353849
         vertex -0.0562996 0.00106066 0.0348982
         vertex -0.0492996 0.00106066 0.0348979
      endloop
   endfacet
   facet normal 1.09026e-20 -1 2.44929e-16
      outer loop
         vertex -0.0562996 0.0015 0.0359589
         vertex -0.0562996 0.00138582 0.0353849
         vertex -0.0492996 0.00138582 0.0353845
      endloop
   endfacet
   facet normal 1.70345e-05 0.92388 0.382683
      outer loop
         vertex -0.0542992 -0.0015706 0.0433082
         vertex -0.0542992 -0.0017 0.0439588
         vertex -0.0492992 -0.0017 0.0439586
      endloop
   endfacet
   facet normal 3.14757e-05 0.707107 0.707107
      outer loop
         vertex -0.0542993 -0.00120208 0.0427567
         vertex -0.0542992 -0.0015706 0.0433082
         vertex -0.0492992 -0.0015706 0.043308
      endloop
   endfacet
   facet normal 4.1125e-05 0.382683 0.92388
      outer loop
         vertex -0.0542993 -0.000650562 0.0423882
         vertex -0.0542993 -0.00120208 0.0427567
         vertex -0.0492993 -0.00120208 0.0427565
      endloop
   endfacet
   facet normal 4.45134e-05 -1.83697e-16 1
      outer loop
         vertex -0.0542993 7.09254e-15 0.0422588
         vertex -0.0542993 -0.000650562 0.0423882
         vertex -0.0492993 -0.000650562 0.042388
      endloop
   endfacet
   facet normal 4.1125e-05 -0.382683 0.92388
      outer loop
         vertex -0.0542993 0.000650562 0.0423882
         vertex -0.0542993 7.09254e-15 0.0422588
         vertex -0.0492993 7.09254e-15 0.0422586
      endloop
   endfacet
   facet normal 3.14757e-05 -0.707107 0.707107
      outer loop
         vertex -0.0542993 0.00120208 0.0427567
         vertex -0.0542993 0.000650562 0.0423882
         vertex -0.0492993 0.000650562 0.042388
      endloop
   endfacet
   facet normal 1.70345e-05 -0.92388 0.382683
      outer loop
         vertex -0.0542992 0.0015706 0.0433082
         vertex -0.0542993 0.00120208 0.0427567
         vertex -0.0492993 0.00120208 0.0427565
      endloop
   endfacet
   facet normal -4.49871e-20 -1 -1.01064e-15
      outer loop
         vertex -0.0542992 0.0017 0.0439588
         vertex -0.0542992 0.0015706 0.0433082
         vertex -0.0492992 0.0015706 0.043308
      endloop
   endfacet
   facet normal -1.70345e-05 -0.92388 -0.382683
      outer loop
         vertex -0.0542992 0.0015706 0.0446094
         vertex -0.0542992 0.0017 0.0439588
         vertex -0.0492992 0.0017 0.0439586
      endloop
   endfacet
   facet normal -3.14757e-05 -0.707107 -0.707107
      outer loop
         vertex -0.0542992 0.00120208 0.0451609
         vertex -0.0542992 0.0015706 0.0446094
         vertex -0.0492992 0.0015706 0.0446091
      endloop
   endfacet
   facet normal -4.1125e-05 -0.382683 -0.92388
      outer loop
         vertex -0.0542991 0.000650562 0.0455294
         vertex -0.0542992 0.00120208 0.0451609
         vertex -0.0492992 0.00120208 0.0451607
      endloop
   endfacet
   facet normal -4.45134e-05 6.12323e-17 -1
      outer loop
         vertex -0.0542991 7.09213e-15 0.0456588
         vertex -0.0542991 0.000650562 0.0455294
         vertex -0.0492991 0.000650562 0.0455292
      endloop
   endfacet
   facet normal -4.1125e-05 0.382683 -0.92388
      outer loop
         vertex -0.0542991 -0.000650562 0.0455294
         vertex -0.0542991 7.09213e-15 0.0456588
         vertex -0.0492991 7.09213e-15 0.0456586
      endloop
   endfacet
   facet normal -3.14757e-05 0.707107 -0.707107
      outer loop
         vertex -0.0542992 -0.00120208 0.0451609
         vertex -0.0542991 -0.000650562 0.0455294
         vertex -0.0492991 -0.000650562 0.0455292
      endloop
   endfacet
   facet normal -1.70345e-05 0.92388 -0.382683
      outer loop
         vertex -0.0542992 -0.0015706 0.0446094
         vertex -0.0542992 -0.00120208 0.0451609
         vertex -0.0492992 -0.00120208 0.0451607
      endloop
   endfacet
   facet normal 1.09026e-20 1 2.44929e-16
      outer loop
         vertex -0.0542992 -0.0017 0.0439588
         vertex -0.0542992 -0.0015706 0.0446094
         vertex -0.0492992 -0.0015706 0.0446091
      endloop
   endfacet
   facet normal -1.70345e-05 0.92388 -0.382683
      outer loop
         vertex -0.0492992 -0.0015706 0.0446091
         vertex -0.0492992 -0.0017 0.0439586
         vertex -0.0542992 -0.0017 0.0439588
      endloop
   endfacet
   facet normal -3.14757e-05 0.707107 -0.707107
      outer loop
         vertex -0.0492992 -0.00120208 0.0451607
         vertex -0.0492992 -0.0015706 0.0446091
         vertex -0.0542992 -0.0015706 0.0446094
      endloop
   endfacet
   facet normal -4.1125e-05 0.382683 -0.92388
      outer loop
         vertex -0.0492991 -0.000650562 0.0455292
         vertex -0.0492992 -0.00120208 0.0451607
         vertex -0.0542992 -0.00120208 0.0451609
      endloop
   endfacet
   facet normal -4.45134e-05 6.12323e-17 -1
      outer loop
         vertex -0.0492991 7.09213e-15 0.0456586
         vertex -0.0492991 -0.000650562 0.0455292
         vertex -0.0542991 -0.000650562 0.0455294
      endloop
   endfacet
   facet normal -4.1125e-05 -0.382683 -0.92388
      outer loop
         vertex -0.0492991 0.000650562 0.0455292
         vertex -0.0492991 7.09213e-15 0.0456586
         vertex -0.0542991 7.09213e-15 0.0456588
      endloop
   endfacet
   facet normal -3.14757e-05 -0.707107 -0.707107
      outer loop
         vertex -0.0492992 0.00120208 0.0451607
         vertex -0.0492991 0.000650562 0.0455292
         vertex -0.0542991 0.000650562 0.0455294
      endloop
   endfacet
   facet normal -1.70345e-05 -0.92388 -0.382683
      outer loop
         vertex -0.0492992 0.0015706 0.0446091
         vertex -0.0492992 0.00120208 0.0451607
         vertex -0.0542992 0.00120208 0.0451609
      endloop
   endfacet
   facet normal -4.49871e-20 -1 -1.01064e-15
      outer loop
         vertex -0.0492992 0.0017 0.0439586
         vertex -0.0492992 0.0015706 0.0446091
         vertex -0.0542992 0.0015706 0.0446094
      endloop
   endfacet
   facet normal 1.70345e-05 -0.92388 0.382683
      outer loop
         vertex -0.0492992 0.0015706 0.043308
         vertex -0.0492992 0.0017 0.0439586
         vertex -0.0542992 0.0017 0.0439588
      endloop
   endfacet
   facet normal 3.14757e-05 -0.707107 0.707107
      outer loop
         vertex -0.0492993 0.00120208 0.0427565
         vertex -0.0492992 0.0015706 0.043308
         vertex -0.0542992 0.0015706 0.0433082
      endloop
   endfacet
   facet normal 4.1125e-05 -0.382683 0.92388
      outer loop
         vertex -0.0492993 0.000650562 0.042388
         vertex -0.0492993 0.00120208 0.0427565
         vertex -0.0542993 0.00120208 0.0427567
      endloop
   endfacet
   facet normal 4.45134e-05 -1.83697e-16 1
      outer loop
         vertex -0.0492993 7.09254e-15 0.0422586
         vertex -0.0492993 0.000650562 0.042388
         vertex -0.0542993 0.000650562 0.0423882
      endloop
   endfacet
   facet normal 4.1125e-05 0.382683 0.92388
      outer loop
         vertex -0.0492993 -0.000650562 0.042388
         vertex -0.0492993 7.09254e-15 0.0422586
         vertex -0.0542993 7.09254e-15 0.0422588
      endloop
   endfacet
   facet normal 3.14757e-05 0.707107 0.707107
      outer loop
         vertex -0.0492993 -0.00120208 0.0427565
         vertex -0.0492993 -0.000650562 0.042388
         vertex -0.0542993 -0.000650562 0.0423882
      endloop
   endfacet
   facet normal 1.70345e-05 0.92388 0.382683
      outer loop
         vertex -0.0492992 -0.0015706 0.043308
         vertex -0.0492993 -0.00120208 0.0427565
         vertex -0.0542993 -0.00120208 0.0427567
      endloop
   endfacet
   facet normal 1.09026e-20 1 2.44929e-16
      outer loop
         vertex -0.0492992 -0.0017 0.0439586
         vertex -0.0492992 -0.0015706 0.043308
         vertex -0.0542992 -0.0015706 0.0433082
      endloop
   endfacet
   facet normal 1.70345e-05 0.92388 0.382683
      outer loop
         vertex -0.0543 -0.0015706 0.0273082
         vertex -0.0542999 -0.0017 0.0279588
         vertex -0.0492999 -0.0017 0.0279586
      endloop
   endfacet
   facet normal 3.14757e-05 0.707107 0.707107
      outer loop
         vertex -0.0543 -0.00120208 0.0267567
         vertex -0.0543 -0.0015706 0.0273082
         vertex -0.0493 -0.0015706 0.027308
      endloop
   endfacet
   facet normal 4.1125e-05 0.382683 0.92388
      outer loop
         vertex -0.0543 -0.000650562 0.0263882
         vertex -0.0543 -0.00120208 0.0267567
         vertex -0.0493 -0.00120208 0.0267565
      endloop
   endfacet
   facet normal 4.45134e-05 -1.83697e-16 1
      outer loop
         vertex -0.0543 7.09791e-15 0.0262588
         vertex -0.0543 -0.000650562 0.0263882
         vertex -0.0493 -0.000650562 0.026388
      endloop
   endfacet
   facet normal 4.1125e-05 -0.382683 0.92388
      outer loop
         vertex -0.0543 0.000650562 0.0263882
         vertex -0.0543 7.09791e-15 0.0262588
         vertex -0.0493 7.09791e-15 0.0262586
      endloop
   endfacet
   facet normal 3.14757e-05 -0.707107 0.707107
      outer loop
         vertex -0.0543 0.00120208 0.0267567
         vertex -0.0543 0.000650562 0.0263882
         vertex -0.0493 0.000650562 0.026388
      endloop
   endfacet
   facet normal 1.70345e-05 -0.92388 0.382683
      outer loop
         vertex -0.0543 0.0015706 0.0273082
         vertex -0.0543 0.00120208 0.0267567
         vertex -0.0493 0.00120208 0.0267565
      endloop
   endfacet
   facet normal -4.49871e-20 -1 -1.01064e-15
      outer loop
         vertex -0.0542999 0.0017 0.0279588
         vertex -0.0543 0.0015706 0.0273082
         vertex -0.0493 0.0015706 0.027308
      endloop
   endfacet
   facet normal -1.70345e-05 -0.92388 -0.382683
      outer loop
         vertex -0.0542999 0.0015706 0.0286094
         vertex -0.0542999 0.0017 0.0279588
         vertex -0.0492999 0.0017 0.0279586
      endloop
   endfacet
   facet normal -3.14757e-05 -0.707107 -0.707107
      outer loop
         vertex -0.0542999 0.00120208 0.0291609
         vertex -0.0542999 0.0015706 0.0286094
         vertex -0.0492999 0.0015706 0.0286091
      endloop
   endfacet
   facet normal -4.1125e-05 -0.382683 -0.92388
      outer loop
         vertex -0.0542999 0.000650562 0.0295294
         vertex -0.0542999 0.00120208 0.0291609
         vertex -0.0492999 0.00120208 0.0291607
      endloop
   endfacet
   facet normal -4.45134e-05 6.12323e-17 -1
      outer loop
         vertex -0.0542999 7.09749e-15 0.0296588
         vertex -0.0542999 0.000650562 0.0295294
         vertex -0.0492999 0.000650562 0.0295292
      endloop
   endfacet
   facet normal -4.1125e-05 0.382683 -0.92388
      outer loop
         vertex -0.0542999 -0.000650562 0.0295294
         vertex -0.0542999 7.09749e-15 0.0296588
         vertex -0.0492999 7.09749e-15 0.0296586
      endloop
   endfacet
   facet normal -3.14757e-05 0.707107 -0.707107
      outer loop
         vertex -0.0542999 -0.00120208 0.0291609
         vertex -0.0542999 -0.000650562 0.0295294
         vertex -0.0492999 -0.000650562 0.0295292
      endloop
   endfacet
   facet normal -1.70345e-05 0.92388 -0.382683
      outer loop
         vertex -0.0542999 -0.0015706 0.0286094
         vertex -0.0542999 -0.00120208 0.0291609
         vertex -0.0492999 -0.00120208 0.0291607
      endloop
   endfacet
   facet normal 1.09026e-20 1 2.44929e-16
      outer loop
         vertex -0.0542999 -0.0017 0.0279588
         vertex -0.0542999 -0.0015706 0.0286094
         vertex -0.0492999 -0.0015706 0.0286091
      endloop
   endfacet
   facet normal -1.70345e-05 0.92388 -0.382683
      outer loop
         vertex -0.0492999 -0.0015706 0.0286091
         vertex -0.0492999 -0.0017 0.0279586
         vertex -0.0542999 -0.0017 0.0279588
      endloop
   endfacet
   facet normal -3.14757e-05 0.707107 -0.707107
      outer loop
         vertex -0.0492999 -0.00120208 0.0291607
         vertex -0.0492999 -0.0015706 0.0286091
         vertex -0.0542999 -0.0015706 0.0286094
      endloop
   endfacet
   facet normal -4.1125e-05 0.382683 -0.92388
      outer loop
         vertex -0.0492999 -0.000650562 0.0295292
         vertex -0.0492999 -0.00120208 0.0291607
         vertex -0.0542999 -0.00120208 0.0291609
      endloop
   endfacet
   facet normal -4.45134e-05 6.12323e-17 -1
      outer loop
         vertex -0.0492999 7.09749e-15 0.0296586
         vertex -0.0492999 -0.000650562 0.0295292
         vertex -0.0542999 -0.000650562 0.0295294
      endloop
   endfacet
   facet normal -4.1125e-05 -0.382683 -0.92388
      outer loop
         vertex -0.0492999 0.000650562 0.0295292
         vertex -0.0492999 7.09749e-15 0.0296586
         vertex -0.0542999 7.09749e-15 0.0296588
      endloop
   endfacet
   facet normal -3.14757e-05 -0.707107 -0.707107
      outer loop
         vertex -0.0492999 0.00120208 0.0291607
         vertex -0.0492999 0.000650562 0.0295292
         vertex -0.0542999 0.000650562 0.0295294
      endloop
   endfacet
   facet normal -1.70345e-05 -0.92388 -0.382683
      outer loop
         vertex -0.0492999 0.0015706 0.0286091
         vertex -0.0492999 0.00120208 0.0291607
         vertex -0.0542999 0.00120208 0.0291609
      endloop
   endfacet
   facet normal -4.49871e-20 -1 -1.01064e-15
      outer loop
         vertex -0.0492999 0.0017 0.0279586
         vertex -0.0492999 0.0015706 0.0286091
         vertex -0.0542999 0.0015706 0.0286094
      endloop
   endfacet
   facet normal 1.70345e-05 -0.92388 0.382683
      outer loop
         vertex -0.0493 0.0015706 0.027308
         vertex -0.0492999 0.0017 0.0279586
         vertex -0.0542999 0.0017 0.0279588
      endloop
   endfacet
   facet normal 3.14757e-05 -0.707107 0.707107
      outer loop
         vertex -0.0493 0.00120208 0.0267565
         vertex -0.0493 0.0015706 0.027308
         vertex -0.0543 0.0015706 0.0273082
      endloop
   endfacet
   facet normal 4.1125e-05 -0.382683 0.92388
      outer loop
         vertex -0.0493 0.000650562 0.026388
         vertex -0.0493 0.00120208 0.0267565
         vertex -0.0543 0.00120208 0.0267567
      endloop
   endfacet
   facet normal 4.45134e-05 -1.83697e-16 1
      outer loop
         vertex -0.0493 7.09791e-15 0.0262586
         vertex -0.0493 0.000650562 0.026388
         vertex -0.0543 0.000650562 0.0263882
      endloop
   endfacet
   facet normal 4.1125e-05 0.382683 0.92388
      outer loop
         vertex -0.0493 -0.000650562 0.026388
         vertex -0.0493 7.09791e-15 0.0262586
         vertex -0.0543 7.09791e-15 0.0262588
      endloop
   endfacet
   facet normal 3.14757e-05 0.707107 0.707107
      outer loop
         vertex -0.0493 -0.00120208 0.0267565
         vertex -0.0493 -0.000650562 0.026388
         vertex -0.0543 -0.000650562 0.0263882
      endloop
   endfacet
   facet normal 1.70345e-05 0.92388 0.382683
      outer loop
         vertex -0.0493 -0.0015706 0.027308
         vertex -0.0493 -0.00120208 0.0267565
         vertex -0.0543 -0.00120208 0.0267567
      endloop
   endfacet
   facet normal 1.09026e-20 1 2.44929e-16
      outer loop
         vertex -0.0492999 -0.0017 0.0279586
         vertex -0.0493 -0.0015706 0.027308
         vertex -0.0543 -0.0015706 0.0273082
      endloop
   endfacet
   facet normal -1 -4.30007e-17 4.45134e-05
      outer loop
         vertex -0.0542998 0.00124372 0.0309614
         vertex -0.0542998 0.0022981 0.0302569
         vertex -0.0542999 0.00120208 0.0291609
      endloop
   endfacet
   facet normal -1 -4.30007e-17 4.45134e-05
      outer loop
         vertex -0.0542998 0.0022981 0.0302569
         vertex -0.0542999 0.00300261 0.0292025
         vertex -0.0542999 0.0015706 0.0286094
      endloop
   endfacet
   facet normal -1 -4.30007e-17 4.45134e-05
      outer loop
         vertex -0.0542999 0.0015706 0.0286094
         vertex -0.0542999 0.00120208 0.0291609
         vertex -0.0542998 0.0022981 0.0302569
      endloop
   endfacet
   facet normal -1 -4.30007e-17 4.45134e-05
      outer loop
         vertex -0.0542999 0.00300261 0.0292025
         vertex -0.0542999 0.00325 0.0279588
         vertex -0.0542999 0.0017 0.0279588
      endloop
   endfacet
   facet normal -1 -4.30007e-17 4.45134e-05
      outer loop
         vertex -0.0542999 0.0017 0.0279588
         vertex -0.0542999 0.0015706 0.0286094
         vertex -0.0542999 0.00300261 0.0292025
      endloop
   endfacet
   facet normal -1 -4.30007e-17 4.45134e-05
      outer loop
         vertex -0.0542999 0.00325 0.0279588
         vertex -0.0543 0.00300261 0.0267151
         vertex -0.0543 0.0015706 0.0273082
      endloop
   endfacet
   facet normal -1 -4.30007e-17 4.45134e-05
      outer loop
         vertex -0.0543 0.0022981 0.0256607
         vertex -0.0543 0.00120208 0.0267567
         vertex -0.0543 0.0015706 0.0273082
      endloop
   endfacet
   facet normal -1 -4.30007e-17 4.45134e-05
      outer loop
         vertex -0.0543 0.0022981 0.0256607
         vertex -0.0543001 0.00124372 0.0249562
         vertex -0.0543 0.000650562 0.0263882
      endloop
   endfacet
   facet normal -1 -4.30007e-17 4.45134e-05
      outer loop
         vertex -0.0542999 -0.00300261 0.0292025
         vertex -0.0542999 -0.0015706 0.0286094
         vertex -0.0542999 -0.0017 0.0279588
      endloop
   endfacet
   facet normal -1 -4.30007e-17 4.45134e-05
      outer loop
         vertex -0.0542998 -0.0022981 0.0302569
         vertex -0.0542999 -0.00120208 0.0291609
         vertex -0.0542999 -0.0015706 0.0286094
      endloop
   endfacet
   facet normal -1 -4.30007e-17 4.45134e-05
      outer loop
         vertex -0.0543 0.0015706 0.0273082
         vertex -0.0542999 0.0017 0.0279588
         vertex -0.0542999 0.00325 0.0279588
      endloop
   endfacet
   facet normal -1 -4.30007e-17 4.45134e-05
      outer loop
         vertex -0.0543 0.000650562 0.0263882
         vertex -0.0543 0.00120208 0.0267567
         vertex -0.0543 0.0022981 0.0256607
      endloop
   endfacet
   facet normal -1 -4.30007e-17 4.45134e-05
      outer loop
         vertex -0.0543001 7.09819e-15 0.0247088
         vertex -0.0543 7.09791e-15 0.0262588
         vertex -0.0543 0.000650562 0.0263882
      endloop
   endfacet
   facet normal -1 -4.30007e-17 4.45134e-05
      outer loop
         vertex -0.0543001 7.09819e-15 0.0247088
         vertex -0.0543001 -0.00124372 0.0249562
         vertex -0.0543 -0.000650562 0.0263882
      endloop
   endfacet
   facet normal -1 -4.30007e-17 4.45134e-05
      outer loop
         vertex -0.0543 -0.0022981 0.0256607
         vertex -0.0543 -0.00120208 0.0267567
         vertex -0.0543 -0.000650562 0.0263882
      endloop
   endfacet
   facet normal -1 -4.30007e-17 4.45134e-05
      outer loop
         vertex -0.0543 -0.00300261 0.0267151
         vertex -0.0543 -0.0015706 0.0273082
         vertex -0.0543 -0.00120208 0.0267567
      endloop
   endfacet
   facet normal -1 -4.30007e-17 4.45134e-05
      outer loop
         vertex -0.0542999 -0.0015706 0.0286094
         vertex -0.0542999 -0.00300261 0.0292025
         vertex -0.0542998 -0.0022981 0.0302569
      endloop
   endfacet
   facet normal -1 -4.30007e-17 4.45134e-05
      outer loop
         vertex -0.0542998 -0.00124372 0.0309614
         vertex -0.0542999 -0.000650562 0.0295294
         vertex -0.0542999 -0.00120208 0.0291609
      endloop
   endfacet
   facet normal -1 -4.30007e-17 4.45134e-05
      outer loop
         vertex -0.0542998 7.0974e-15 0.0312088
         vertex -0.0542998 0.00124372 0.0309614
         vertex -0.0542999 0.000650562 0.0295294
      endloop
   endfacet
   facet normal -1 -4.30007e-17 4.45134e-05
      outer loop
         vertex -0.0543 0.0015706 0.0273082
         vertex -0.0543 0.00300261 0.0267151
         vertex -0.0543 0.0022981 0.0256607
      endloop
   endfacet
   facet normal -1 -4.30007e-17 4.45134e-05
      outer loop
         vertex -0.0543 -0.000650562 0.0263882
         vertex -0.0543 7.09791e-15 0.0262588
         vertex -0.0543001 7.09819e-15 0.0247088
      endloop
   endfacet
   facet normal -1 -4.30007e-17 4.45134e-05
      outer loop
         vertex -0.0543 -0.00120208 0.0267567
         vertex -0.0543 -0.0022981 0.0256607
         vertex -0.0543 -0.00300261 0.0267151
      endloop
   endfacet
   facet normal -1 -4.30007e-17 4.45134e-05
      outer loop
         vertex -0.0542999 -0.00325 0.0279588
         vertex -0.0542999 -0.0017 0.0279588
         vertex -0.0543 -0.0015706 0.0273082
      endloop
   endfacet
   facet normal -1 -4.30007e-17 4.45134e-05
      outer loop
         vertex -0.0542999 -0.00120208 0.0291609
         vertex -0.0542998 -0.0022981 0.0302569
         vertex -0.0542998 -0.00124372 0.0309614
      endloop
   endfacet
   facet normal -1 -4.30007e-17 4.45134e-05
      outer loop
         vertex -0.0542999 0.00120208 0.0291609
         vertex -0.0542999 0.000650562 0.0295294
         vertex -0.0542998 0.00124372 0.0309614
      endloop
   endfacet
   facet normal -1 -4.30007e-17 4.45134e-05
      outer loop
         vertex -0.0543 -0.000650562 0.0263882
         vertex -0.0543001 -0.00124372 0.0249562
         vertex -0.0543 -0.0022981 0.0256607
      endloop
   endfacet
   facet normal -1 -4.30007e-17 4.45134e-05
      outer loop
         vertex -0.0542999 -0.0017 0.0279588
         vertex -0.0542999 -0.00325 0.0279588
         vertex -0.0542999 -0.00300261 0.0292025
      endloop
   endfacet
   facet normal -1 -4.30007e-17 4.45134e-05
      outer loop
         vertex -0.0542998 7.0974e-15 0.0312088
         vertex -0.0542999 7.09749e-15 0.0296588
         vertex -0.0542999 -0.000650562 0.0295294
      endloop
   endfacet
   facet normal -1 -4.30007e-17 4.45134e-05
      outer loop
         vertex -0.0543 0.000650562 0.0263882
         vertex -0.0543001 0.00124372 0.0249562
         vertex -0.0543001 7.09819e-15 0.0247088
      endloop
   endfacet
   facet normal -1 -4.30007e-17 4.45134e-05
      outer loop
         vertex -0.0542999 -0.000650562 0.0295294
         vertex -0.0542998 -0.00124372 0.0309614
         vertex -0.0542998 7.0974e-15 0.0312088
      endloop
   endfacet
   facet normal -1 -4.30007e-17 4.45134e-05
      outer loop
         vertex -0.0543 -0.0015706 0.0273082
         vertex -0.0543 -0.00300261 0.0267151
         vertex -0.0542999 -0.00325 0.0279588
      endloop
   endfacet
   facet normal -1 -4.30007e-17 4.45134e-05
      outer loop
         vertex -0.0542999 0.000650562 0.0295294
         vertex -0.0542999 7.09749e-15 0.0296588
         vertex -0.0542998 7.0974e-15 0.0312088
      endloop
   endfacet
   facet normal 1.70345e-05 0.92388 0.382683
      outer loop
         vertex -0.0563 -0.00300261 0.0267152
         vertex -0.0562999 -0.00325 0.0279589
         vertex -0.0542999 -0.00325 0.0279588
      endloop
   endfacet
   facet normal 3.14757e-05 0.707107 0.707107
      outer loop
         vertex -0.0563 -0.0022981 0.0256608
         vertex -0.0563 -0.00300261 0.0267152
         vertex -0.0543 -0.00300261 0.0267151
      endloop
   endfacet
   facet normal 4.1125e-05 0.382683 0.92388
      outer loop
         vertex -0.0563001 -0.00124372 0.0249563
         vertex -0.0563 -0.0022981 0.0256608
         vertex -0.0543 -0.0022981 0.0256607
      endloop
   endfacet
   facet normal 4.45134e-05 -1.83697e-16 1
      outer loop
         vertex -0.0563001 7.09819e-15 0.0247089
         vertex -0.0563001 -0.00124372 0.0249563
         vertex -0.0543001 -0.00124372 0.0249562
      endloop
   endfacet
   facet normal 4.1125e-05 -0.382683 0.92388
      outer loop
         vertex -0.0563001 0.00124372 0.0249563
         vertex -0.0563001 7.09819e-15 0.0247089
         vertex -0.0543001 7.09819e-15 0.0247088
      endloop
   endfacet
   facet normal 3.14757e-05 -0.707107 0.707107
      outer loop
         vertex -0.0563 0.0022981 0.0256608
         vertex -0.0563001 0.00124372 0.0249563
         vertex -0.0543001 0.00124372 0.0249562
      endloop
   endfacet
   facet normal 1.70345e-05 -0.92388 0.382683
      outer loop
         vertex -0.0563 0.00300261 0.0267152
         vertex -0.0563 0.0022981 0.0256608
         vertex -0.0543 0.0022981 0.0256607
      endloop
   endfacet
   facet normal -5.45131e-21 -1 -1.22465e-16
      outer loop
         vertex -0.0562999 0.00325 0.0279589
         vertex -0.0563 0.00300261 0.0267152
         vertex -0.0543 0.00300261 0.0267151
      endloop
   endfacet
   facet normal -1.70345e-05 -0.92388 -0.382683
      outer loop
         vertex -0.0562999 0.00300261 0.0292026
         vertex -0.0562999 0.00325 0.0279589
         vertex -0.0542999 0.00325 0.0279588
      endloop
   endfacet
   facet normal -3.14757e-05 -0.707107 -0.707107
      outer loop
         vertex -0.0562998 0.0022981 0.030257
         vertex -0.0562999 0.00300261 0.0292026
         vertex -0.0542999 0.00300261 0.0292025
      endloop
   endfacet
   facet normal -4.1125e-05 -0.382683 -0.92388
      outer loop
         vertex -0.0562998 0.00124372 0.0309615
         vertex -0.0562998 0.0022981 0.030257
         vertex -0.0542998 0.0022981 0.0302569
      endloop
   endfacet
   facet normal -4.45134e-05 6.12323e-17 -1
      outer loop
         vertex -0.0562998 7.0974e-15 0.0312089
         vertex -0.0562998 0.00124372 0.0309615
         vertex -0.0542998 0.00124372 0.0309614
      endloop
   endfacet
   facet normal -4.1125e-05 0.382683 -0.92388
      outer loop
         vertex -0.0562998 -0.00124372 0.0309615
         vertex -0.0562998 7.0974e-15 0.0312089
         vertex -0.0542998 7.0974e-15 0.0312088
      endloop
   endfacet
   facet normal -3.14757e-05 0.707107 -0.707107
      outer loop
         vertex -0.0562998 -0.0022981 0.030257
         vertex -0.0562998 -0.00124372 0.0309615
         vertex -0.0542998 -0.00124372 0.0309614
      endloop
   endfacet
   facet normal -1.70345e-05 0.92388 -0.382683
      outer loop
         vertex -0.0562999 -0.00300261 0.0292026
         vertex -0.0562998 -0.0022981 0.030257
         vertex -0.0542998 -0.0022981 0.0302569
      endloop
   endfacet
   facet normal 1.09026e-20 1 2.44929e-16
      outer loop
         vertex -0.0562999 -0.00325 0.0279589
         vertex -0.0562999 -0.00300261 0.0292026
         vertex -0.0542999 -0.00300261 0.0292025
      endloop
   endfacet
   facet normal -1.70345e-05 0.92388 -0.382683
      outer loop
         vertex -0.0542999 -0.00300261 0.0292025
         vertex -0.0542999 -0.00325 0.0279588
         vertex -0.0562999 -0.00325 0.0279589
      endloop
   endfacet
   facet normal -3.14757e-05 0.707107 -0.707107
      outer loop
         vertex -0.0542998 -0.0022981 0.0302569
         vertex -0.0542999 -0.00300261 0.0292025
         vertex -0.0562999 -0.00300261 0.0292026
      endloop
   endfacet
   facet normal -4.1125e-05 0.382683 -0.92388
      outer loop
         vertex -0.0542998 -0.00124372 0.0309614
         vertex -0.0542998 -0.0022981 0.0302569
         vertex -0.0562998 -0.0022981 0.030257
      endloop
   endfacet
   facet normal -4.45134e-05 6.12323e-17 -1
      outer loop
         vertex -0.0542998 7.0974e-15 0.0312088
         vertex -0.0542998 -0.00124372 0.0309614
         vertex -0.0562998 -0.00124372 0.0309615
      endloop
   endfacet
   facet normal -4.1125e-05 -0.382683 -0.92388
      outer loop
         vertex -0.0542998 0.00124372 0.0309614
         vertex -0.0542998 7.0974e-15 0.0312088
         vertex -0.0562998 7.0974e-15 0.0312089
      endloop
   endfacet
   facet normal -3.14757e-05 -0.707107 -0.707107
      outer loop
         vertex -0.0542998 0.0022981 0.0302569
         vertex -0.0542998 0.00124372 0.0309614
         vertex -0.0562998 0.00124372 0.0309615
      endloop
   endfacet
   facet normal -1.70345e-05 -0.92388 -0.382683
      outer loop
         vertex -0.0542999 0.00300261 0.0292025
         vertex -0.0542998 0.0022981 0.0302569
         vertex -0.0562998 0.0022981 0.030257
      endloop
   endfacet
   facet normal -5.45131e-21 -1 -1.22465e-16
      outer loop
         vertex -0.0542999 0.00325 0.0279588
         vertex -0.0542999 0.00300261 0.0292025
         vertex -0.0562999 0.00300261 0.0292026
      endloop
   endfacet
   facet normal 1.70345e-05 -0.92388 0.382683
      outer loop
         vertex -0.0543 0.00300261 0.0267151
         vertex -0.0542999 0.00325 0.0279588
         vertex -0.0562999 0.00325 0.0279589
      endloop
   endfacet
   facet normal 3.14757e-05 -0.707107 0.707107
      outer loop
         vertex -0.0543 0.0022981 0.0256607
         vertex -0.0543 0.00300261 0.0267151
         vertex -0.0563 0.00300261 0.0267152
      endloop
   endfacet
   facet normal 4.1125e-05 -0.382683 0.92388
      outer loop
         vertex -0.0543001 0.00124372 0.0249562
         vertex -0.0543 0.0022981 0.0256607
         vertex -0.0563 0.0022981 0.0256608
      endloop
   endfacet
   facet normal 4.45134e-05 -1.83697e-16 1
      outer loop
         vertex -0.0543001 7.09819e-15 0.0247088
         vertex -0.0543001 0.00124372 0.0249562
         vertex -0.0563001 0.00124372 0.0249563
      endloop
   endfacet
   facet normal 4.1125e-05 0.382683 0.92388
      outer loop
         vertex -0.0543001 -0.00124372 0.0249562
         vertex -0.0543001 7.09819e-15 0.0247088
         vertex -0.0563001 7.09819e-15 0.0247089
      endloop
   endfacet
   facet normal 3.14757e-05 0.707107 0.707107
      outer loop
         vertex -0.0543 -0.0022981 0.0256607
         vertex -0.0543001 -0.00124372 0.0249562
         vertex -0.0563001 -0.00124372 0.0249563
      endloop
   endfacet
   facet normal 1.70345e-05 0.92388 0.382683
      outer loop
         vertex -0.0543 -0.00300261 0.0267151
         vertex -0.0543 -0.0022981 0.0256607
         vertex -0.0563 -0.0022981 0.0256608
      endloop
   endfacet
   facet normal 1.09026e-20 1 2.44929e-16
      outer loop
         vertex -0.0542999 -0.00325 0.0279588
         vertex -0.0543 -0.00300261 0.0267151
         vertex -0.0563 -0.00300261 0.0267152
      endloop
   endfacet
   facet normal -1 -4.30007e-17 4.45134e-05
      outer loop
         vertex -0.0562996 0.000574025 0.0345731
         vertex -0.0562995 0.00653806 0.0373815
         vertex -0.0562995 0.00664645 0.0372193
      endloop
   endfacet
   facet normal -1 -4.30007e-17 4.45134e-05
      outer loop
         vertex -0.0562996 0.000574025 0.0345731
         vertex -0.0562995 0.00653806 0.0377642
         vertex -0.0562995 0.0065 0.0375729
      endloop
   endfacet
   facet normal -1 -4.30007e-17 4.45134e-05
      outer loop
         vertex -0.0562996 0.000574025 0.0345731
         vertex -0.0562995 0.00680866 0.0380348
         vertex -0.0562995 0.00664645 0.0379264
      endloop
   endfacet
   facet normal -1 -4.30007e-17 4.45134e-05
      outer loop
         vertex -0.0562998 0.0022981 0.030257
         vertex -0.0562996 7.09515e-15 0.0344589
         vertex -0.0562996 0.000574025 0.0345731
      endloop
   endfacet
   facet normal -1 -4.30007e-17 4.45134e-05
      outer loop
         vertex -0.0562995 0.00664645 0.0379264
         vertex -0.0562995 0.00653806 0.0377642
         vertex -0.0562996 0.000574025 0.0345731
      endloop
   endfacet
   facet normal -1 -4.30007e-17 4.45134e-05
      outer loop
         vertex -0.0562992 -0.00325 0.0439589
         vertex -0.0562998 -0.00124372 0.0309615
         vertex -0.0562995 -0.0065 0.0375729
      endloop
   endfacet
   facet normal -1 -4.30007e-17 4.45134e-05
      outer loop
         vertex -0.0562998 -0.00124372 0.0309615
         vertex -0.0562995 -0.00664645 0.0372193
         vertex -0.0562995 -0.00653806 0.0373815
      endloop
   endfacet
   facet normal -1 -4.30007e-17 4.45134e-05
      outer loop
         vertex -0.0562998 -0.0022981 0.030257
         vertex -0.0562995 -0.00680866 0.0371109
         vertex -0.0562995 -0.00664645 0.0372193
      endloop
   endfacet
   facet normal -1 -4.30007e-17 4.45134e-05
      outer loop
         vertex -0.0562995 0.00680866 0.0371109
         vertex -0.0562999 0.00300261 0.0292026
         vertex -0.0562998 0.0022981 0.030257
      endloop
   endfacet
   facet normal -1 -4.30007e-17 4.45134e-05
      outer loop
         vertex -0.0562995 0.0065 0.0375729
         vertex -0.0562995 0.00653806 0.0373815
         vertex -0.0562996 0.000574025 0.0345731
      endloop
   endfacet
   facet normal -1 -4.30007e-17 4.45134e-05
      outer loop
         vertex -0.0562995 -0.00680866 0.0380348
         vertex -0.0562992 -0.00300261 0.0452026
         vertex -0.0562992 -0.00325 0.0439589
      endloop
   endfacet
   facet normal -1 -4.30007e-17 4.45134e-05
      outer loop
         vertex -0.0562995 -0.00653806 0.0373815
         vertex -0.0562995 -0.0065 0.0375729
         vertex -0.0562998 -0.00124372 0.0309615
      endloop
   endfacet
   facet normal -1 -4.30007e-17 4.45134e-05
      outer loop
         vertex -0.0562998 -0.0022981 0.030257
         vertex -0.0562995 -0.007 0.0370729
         vertex -0.0562995 -0.00680866 0.0371109
      endloop
   endfacet
   facet normal -1 -4.30007e-17 4.45134e-05
      outer loop
         vertex -0.0562998 -0.00124372 0.0309615
         vertex -0.0562992 -0.00325 0.0439589
         vertex -0.0562993 -0.00300261 0.0427152
      endloop
   endfacet
   facet normal -1 -4.30007e-17 4.45134e-05
      outer loop
         vertex -0.0562995 0.00138582 0.0365329
         vertex -0.0562993 0.00664645 0.0412833
         vertex -0.0562993 0.00680866 0.0411749
      endloop
   endfacet
   facet normal -1 -4.30007e-17 4.45134e-05
      outer loop
         vertex -0.0562995 0.00106066 0.0370195
         vertex -0.0562993 0.00653806 0.0414455
         vertex -0.0562993 0.00664645 0.0412833
      endloop
   endfacet
   facet normal -1 -4.30007e-17 4.45134e-05
      outer loop
         vertex -0.0562995 0.00664645 0.0372193
         vertex -0.0562998 0.0022981 0.030257
         vertex -0.0562996 0.000574025 0.0345731
      endloop
   endfacet
   facet normal -1 -4.30007e-17 4.45134e-05
      outer loop
         vertex -0.0562995 0.007 0.0370729
         vertex -0.0563001 0.007 0.0242618
         vertex -0.0562999 0.00325 0.0279589
      endloop
   endfacet
   facet normal -1 -4.30007e-17 4.45134e-05
      outer loop
         vertex -0.0563001 0.007 0.0242618
         vertex -0.0563001 -0.007 0.0242618
         vertex -0.0563001 7.09819e-15 0.0247089
      endloop
   endfacet
   facet normal -1 -4.30007e-17 4.45134e-05
      outer loop
         vertex -0.0562995 -0.007 0.0370729
         vertex -0.0562999 -0.00300261 0.0292026
         vertex -0.0562999 -0.00325 0.0279589
      endloop
   endfacet
   facet normal -1 -4.30007e-17 4.45134e-05
      outer loop
         vertex -0.0562992 -0.00325 0.0439589
         vertex -0.0562995 -0.00653806 0.0377642
         vertex -0.0562995 -0.00664645 0.0379264
      endloop
   endfacet
   facet normal -1 -4.30007e-17 4.45134e-05
      outer loop
         vertex -0.0562995 -0.00664645 0.0372193
         vertex -0.0562998 -0.00124372 0.0309615
         vertex -0.0562998 -0.0022981 0.030257
      endloop
   endfacet
   facet normal -1 -4.30007e-17 4.45134e-05
      outer loop
         vertex -0.0562993 -0.00300261 0.0427152
         vertex -0.0562996 -0.0015 0.0359589
         vertex -0.0562998 -0.00124372 0.0309615
      endloop
   endfacet
   facet normal -1 -4.30007e-17 4.45134e-05
      outer loop
         vertex -0.0562995 0.00680866 0.0380348
         vertex -0.0562993 0.00680866 0.0411749
         vertex -0.0562993 0.007 0.0411369
      endloop
   endfacet
   facet normal -1 -4.30007e-17 4.45134e-05
      outer loop
         vertex -0.0562993 0.00664645 0.0412833
         vertex -0.0562995 0.00138582 0.0365329
         vertex -0.0562995 0.00106066 0.0370195
      endloop
   endfacet
   facet normal -1 -4.30007e-17 4.45134e-05
      outer loop
         vertex -0.0562995 0.00106066 0.0370195
         vertex -0.0562993 0.00664645 0.0419904
         vertex -0.0562993 0.00653806 0.0418282
      endloop
   endfacet
   facet normal -1 -4.30007e-17 4.45134e-05
      outer loop
         vertex -0.0562995 -0.00680866 0.0380348
         vertex -0.0562993 -0.00664645 0.0412833
         vertex -0.0562993 -0.00653806 0.0414455
      endloop
   endfacet
   facet normal -1 -4.30007e-17 4.45134e-05
      outer loop
         vertex -0.0562998 0.0022981 0.030257
         vertex -0.0562995 0.00664645 0.0372193
         vertex -0.0562995 0.00680866 0.0371109
      endloop
   endfacet
   facet normal -1 -4.30007e-17 4.45134e-05
      outer loop
         vertex -0.0563001 0.007 0.0242618
         vertex -0.0563 0.00300261 0.0267152
         vertex -0.0562999 0.00325 0.0279589
      endloop
   endfacet
   facet normal -1 -4.30007e-17 4.45134e-05
      outer loop
         vertex -0.0563001 0.007 0.0242618
         vertex -0.0563001 0.00124372 0.0249563
         vertex -0.0563 0.0022981 0.0256608
      endloop
   endfacet
   facet normal -1 -4.30007e-17 4.45134e-05
      outer loop
         vertex -0.0563001 -0.007 0.0242618
         vertex -0.0563001 -0.00124372 0.0249563
         vertex -0.0563001 7.09819e-15 0.0247089
      endloop
   endfacet
   facet normal -1 -4.30007e-17 4.45134e-05
      outer loop
         vertex -0.0562995 -0.007 0.0370729
         vertex -0.0562998 -0.0022981 0.030257
         vertex -0.0562999 -0.00300261 0.0292026
      endloop
   endfacet
   facet normal -1 -4.30007e-17 4.45134e-05
      outer loop
         vertex -0.0562995 -0.0065 0.0375729
         vertex -0.0562995 -0.00653806 0.0377642
         vertex -0.0562992 -0.00325 0.0439589
      endloop
   endfacet
   facet normal -1 -4.30007e-17 4.45134e-05
      outer loop
         vertex -0.0562996 -0.0015 0.0359589
         vertex -0.0562996 -0.00138582 0.0353849
         vertex -0.0562998 -0.00124372 0.0309615
      endloop
   endfacet
   facet normal -1 -4.30007e-17 4.45134e-05
      outer loop
         vertex -0.0562993 0.00680866 0.0411749
         vertex -0.0562995 0.00680866 0.0380348
         vertex -0.0562995 0.00138582 0.0365329
      endloop
   endfacet
   facet normal -1 -4.30007e-17 4.45134e-05
      outer loop
         vertex -0.0562993 0.00653806 0.0418282
         vertex -0.0562993 0.0065 0.0416369
         vertex -0.0562995 0.00106066 0.0370195
      endloop
   endfacet
   facet normal -1 -4.30007e-17 4.45134e-05
      outer loop
         vertex -0.0562995 -0.00680866 0.0380348
         vertex -0.0562993 -0.00680866 0.0411749
         vertex -0.0562993 -0.00664645 0.0412833
      endloop
   endfacet
   facet normal -1 -4.30007e-17 4.45134e-05
      outer loop
         vertex -0.0562995 -0.00680866 0.0380348
         vertex -0.0562995 -0.007 0.0380729
         vertex -0.0562993 -0.007 0.0411369
      endloop
   endfacet
   facet normal -1 -4.30007e-17 4.45134e-05
      outer loop
         vertex -0.0562998 0.0022981 0.030257
         vertex -0.0562996 -0.000574025 0.0345731
         vertex -0.0562996 7.09515e-15 0.0344589
      endloop
   endfacet
   facet normal -1 -4.30007e-17 4.45134e-05
      outer loop
         vertex -0.0563 0.0022981 0.0256608
         vertex -0.0563 0.00300261 0.0267152
         vertex -0.0563001 0.007 0.0242618
      endloop
   endfacet
   facet normal -1 -4.30007e-17 4.45134e-05
      outer loop
         vertex -0.0563001 -0.007 0.0242618
         vertex -0.0563 -0.0022981 0.0256608
         vertex -0.0563001 -0.00124372 0.0249563
      endloop
   endfacet
   facet normal -1 -4.30007e-17 4.45134e-05
      outer loop
         vertex -0.0562998 7.0974e-15 0.0312089
         vertex -0.0562996 -0.00106066 0.0348982
         vertex -0.0562996 -0.000574025 0.0345731
      endloop
   endfacet
   facet normal -1 -4.30007e-17 4.45134e-05
      outer loop
         vertex -0.0562992 -0.00325 0.0439589
         vertex -0.0562995 -0.00664645 0.0379264
         vertex -0.0562995 -0.00680866 0.0380348
      endloop
   endfacet
   facet normal -1 -4.30007e-17 4.45134e-05
      outer loop
         vertex -0.0562993 -0.00300261 0.0427152
         vertex -0.0562995 -0.00138582 0.0365329
         vertex -0.0562996 -0.0015 0.0359589
      endloop
   endfacet
   facet normal -1 -4.30007e-17 4.45134e-05
      outer loop
         vertex -0.0562993 -0.00300261 0.0427152
         vertex -0.0562995 -0.000574025 0.0373447
         vertex -0.0562995 -0.00106066 0.0370195
      endloop
   endfacet
   facet normal -1 -4.30007e-17 4.45134e-05
      outer loop
         vertex -0.0562993 0.00664645 0.0419904
         vertex -0.0562995 0.00106066 0.0370195
         vertex -0.0562995 0.000574025 0.0373447
      endloop
   endfacet
   facet normal -1 -4.30007e-17 4.45134e-05
      outer loop
         vertex -0.0562993 0.0065 0.0416369
         vertex -0.0562993 0.00653806 0.0414455
         vertex -0.0562995 0.00106066 0.0370195
      endloop
   endfacet
   facet normal -1 -4.30007e-17 4.45134e-05
      outer loop
         vertex -0.0562991 -0.0022981 0.046257
         vertex -0.0562993 -0.00664645 0.0419904
         vertex -0.0562993 -0.00680866 0.0420988
      endloop
   endfacet
   facet normal -1 -4.30007e-17 4.45134e-05
      outer loop
         vertex -0.0562993 -0.00664645 0.0419904
         vertex -0.0562991 -0.0022981 0.046257
         vertex -0.0562992 -0.00300261 0.0452026
      endloop
   endfacet
   facet normal -1 -4.30007e-17 4.45134e-05
      outer loop
         vertex -0.0562992 -0.00300261 0.0452026
         vertex -0.0562993 -0.00653806 0.0414455
         vertex -0.0562993 -0.0065 0.0416369
      endloop
   endfacet
   facet normal -1 -4.30007e-17 4.45134e-05
      outer loop
         vertex -0.0562993 -0.007 0.0411369
         vertex -0.0562993 -0.00680866 0.0411749
         vertex -0.0562995 -0.00680866 0.0380348
      endloop
   endfacet
   facet normal -1 -4.30007e-17 4.45134e-05
      outer loop
         vertex -0.0562999 0.00325 0.0279589
         vertex -0.0562999 0.00300261 0.0292026
         vertex -0.0562995 0.007 0.0370729
      endloop
   endfacet
   facet normal -1 -4.30007e-17 4.45134e-05
      outer loop
         vertex -0.0563001 -0.007 0.0242618
         vertex -0.0563 -0.00300261 0.0267152
         vertex -0.0563 -0.0022981 0.0256608
      endloop
   endfacet
   facet normal -1 -4.30007e-17 4.45134e-05
      outer loop
         vertex -0.0562998 7.0974e-15 0.0312089
         vertex -0.0562996 -0.00138582 0.0353849
         vertex -0.0562996 -0.00106066 0.0348982
      endloop
   endfacet
   facet normal -1 -4.30007e-17 4.45134e-05
      outer loop
         vertex -0.0562999 -0.00325 0.0279589
         vertex -0.0563001 -0.007 0.0242618
         vertex -0.0562995 -0.007 0.0370729
      endloop
   endfacet
   facet normal -1 -4.30007e-17 4.45134e-05
      outer loop
         vertex -0.0562995 -0.00106066 0.0370195
         vertex -0.0562995 -0.00138582 0.0365329
         vertex -0.0562993 -0.00300261 0.0427152
      endloop
   endfacet
   facet normal -1 -4.30007e-17 4.45134e-05
      outer loop
         vertex -0.0562995 7.09552e-15 0.0374589
         vertex -0.0562993 -0.0022981 0.0416608
         vertex -0.0562994 -0.00124372 0.0409563
      endloop
   endfacet
   facet normal -1 -4.30007e-17 4.45134e-05
      outer loop
         vertex -0.0562994 0.00124372 0.0409563
         vertex -0.0562993 0.00680866 0.0420988
         vertex -0.0562993 0.00664645 0.0419904
      endloop
   endfacet
   facet normal -1 -4.30007e-17 4.45134e-05
      outer loop
         vertex -0.0562995 0.00680866 0.0380348
         vertex -0.0562996 0.0015 0.0359589
         vertex -0.0562995 0.00138582 0.0365329
      endloop
   endfacet
   facet normal -1 -4.30007e-17 4.45134e-05
      outer loop
         vertex -0.0562992 -0.00300261 0.0452026
         vertex -0.0562993 -0.00653806 0.0418282
         vertex -0.0562993 -0.00664645 0.0419904
      endloop
   endfacet
   facet normal -1 -4.30007e-17 4.45134e-05
      outer loop
         vertex -0.0562993 -0.00653806 0.0414455
         vertex -0.0562992 -0.00300261 0.0452026
         vertex -0.0562995 -0.00680866 0.0380348
      endloop
   endfacet
   facet normal -1 -4.30007e-17 4.45134e-05
      outer loop
         vertex -0.0562991 -0.007 0.0474589
         vertex -0.0562991 0.007 0.0474589
         vertex -0.0562991 7.09203e-15 0.0472089
      endloop
   endfacet
   facet normal -1 -4.30007e-17 4.45134e-05
      outer loop
         vertex -0.0563001 7.09819e-15 0.0247089
         vertex -0.0563001 0.00124372 0.0249563
         vertex -0.0563001 0.007 0.0242618
      endloop
   endfacet
   facet normal -1 -4.30007e-17 4.45134e-05
      outer loop
         vertex -0.0562996 -0.000574025 0.0345731
         vertex -0.0562998 0.0022981 0.030257
         vertex -0.0562998 0.00124372 0.0309615
      endloop
   endfacet
   facet normal -1 -4.30007e-17 4.45134e-05
      outer loop
         vertex -0.0562996 -0.00138582 0.0353849
         vertex -0.0562998 7.0974e-15 0.0312089
         vertex -0.0562998 -0.00124372 0.0309615
      endloop
   endfacet
   facet normal -1 -4.30007e-17 4.45134e-05
      outer loop
         vertex -0.0562995 0.000574025 0.0373447
         vertex -0.0562995 7.09552e-15 0.0374589
         vertex -0.0562994 7.09283e-15 0.0407089
      endloop
   endfacet
   facet normal -1 -4.30007e-17 4.45134e-05
      outer loop
         vertex -0.0562995 7.09552e-15 0.0374589
         vertex -0.0562993 -0.00300261 0.0427152
         vertex -0.0562993 -0.0022981 0.0416608
      endloop
   endfacet
   facet normal -1 -4.30007e-17 4.45134e-05
      outer loop
         vertex -0.0562993 0.007 0.0411369
         vertex -0.0562995 0.007 0.0380729
         vertex -0.0562995 0.00680866 0.0380348
      endloop
   endfacet
   facet normal -1 -4.30007e-17 4.45134e-05
      outer loop
         vertex -0.0562993 -0.0065 0.0416369
         vertex -0.0562993 -0.00653806 0.0418282
         vertex -0.0562992 -0.00300261 0.0452026
      endloop
   endfacet
   facet normal -1 -4.30007e-17 4.45134e-05
      outer loop
         vertex -0.0562991 7.09203e-15 0.0472089
         vertex -0.0562991 -0.00124372 0.0469615
         vertex -0.0562991 -0.007 0.0474589
      endloop
   endfacet
   facet normal -1 -4.30007e-17 4.45134e-05
      outer loop
         vertex -0.0562996 -0.000574025 0.0345731
         vertex -0.0562998 0.00124372 0.0309615
         vertex -0.0562998 7.0974e-15 0.0312089
      endloop
   endfacet
   facet normal -1 -4.30007e-17 4.45134e-05
      outer loop
         vertex -0.0562993 -0.00300261 0.0427152
         vertex -0.0562995 7.09552e-15 0.0374589
         vertex -0.0562995 -0.000574025 0.0373447
      endloop
   endfacet
   facet normal -1 -4.30007e-17 4.45134e-05
      outer loop
         vertex -0.0562994 -0.00124372 0.0409563
         vertex -0.0562994 7.09283e-15 0.0407089
         vertex -0.0562995 7.09552e-15 0.0374589
      endloop
   endfacet
   facet normal -1 -4.30007e-17 4.45134e-05
      outer loop
         vertex -0.0562995 0.00680866 0.0380348
         vertex -0.0562996 0.00138582 0.0353849
         vertex -0.0562996 0.0015 0.0359589
      endloop
   endfacet
   facet normal -1 -4.30007e-17 4.45134e-05
      outer loop
         vertex -0.0562991 -0.00124372 0.0469615
         vertex -0.0562991 -0.0022981 0.046257
         vertex -0.0562991 -0.007 0.0474589
      endloop
   endfacet
   facet normal -1 -4.30007e-17 4.45134e-05
      outer loop
         vertex -0.0562999 -0.00325 0.0279589
         vertex -0.0563 -0.00300261 0.0267152
         vertex -0.0563001 -0.007 0.0242618
      endloop
   endfacet
   facet normal -1 -4.30007e-17 4.45134e-05
      outer loop
         vertex -0.0562995 0.000574025 0.0373447
         vertex -0.0562994 0.00124372 0.0409563
         vertex -0.0562993 0.00664645 0.0419904
      endloop
   endfacet
   facet normal -1 -4.30007e-17 4.45134e-05
      outer loop
         vertex -0.0562995 0.00680866 0.0380348
         vertex -0.0562996 0.000574025 0.0345731
         vertex -0.0562996 0.00106066 0.0348982
      endloop
   endfacet
   facet normal -1 -4.30007e-17 4.45134e-05
      outer loop
         vertex -0.0562991 0.007 0.0474589
         vertex -0.0562993 0.007 0.0421369
         vertex -0.0562992 0.00325 0.0439589
      endloop
   endfacet
   facet normal -1 -4.30007e-17 4.45134e-05
      outer loop
         vertex -0.0562992 0.00325 0.0439589
         vertex -0.0562993 0.007 0.0421369
         vertex -0.0562993 0.00680866 0.0420988
      endloop
   endfacet
   facet normal -1 -4.30007e-17 4.45134e-05
      outer loop
         vertex -0.0562995 0.00680866 0.0371109
         vertex -0.0562995 0.007 0.0370729
         vertex -0.0562999 0.00300261 0.0292026
      endloop
   endfacet
   facet normal -1 -4.30007e-17 4.45134e-05
      outer loop
         vertex -0.0562996 0.00106066 0.0348982
         vertex -0.0562996 0.00138582 0.0353849
         vertex -0.0562995 0.00680866 0.0380348
      endloop
   endfacet
   facet normal -1 -4.30007e-17 4.45134e-05
      outer loop
         vertex -0.0562991 0.007 0.0474589
         vertex -0.0562991 0.0022981 0.046257
         vertex -0.0562991 0.00124372 0.0469615
      endloop
   endfacet
   facet normal -1 -4.30007e-17 4.45134e-05
      outer loop
         vertex -0.0562993 0.00680866 0.0420988
         vertex -0.0562993 0.00300261 0.0427152
         vertex -0.0562992 0.00325 0.0439589
      endloop
   endfacet
   facet normal -1 -4.30007e-17 4.45134e-05
      outer loop
         vertex -0.0562993 0.00680866 0.0420988
         vertex -0.0562994 0.00124372 0.0409563
         vertex -0.0562993 0.0022981 0.0416608
      endloop
   endfacet
   facet normal -1 -4.30007e-17 4.45134e-05
      outer loop
         vertex -0.0562994 7.09283e-15 0.0407089
         vertex -0.0562994 0.00124372 0.0409563
         vertex -0.0562995 0.000574025 0.0373447
      endloop
   endfacet
   facet normal -1 -4.30007e-17 4.45134e-05
      outer loop
         vertex -0.0562991 0.007 0.0474589
         vertex -0.0562992 0.00300261 0.0452026
         vertex -0.0562991 0.0022981 0.046257
      endloop
   endfacet
   facet normal -1 -4.30007e-17 4.45134e-05
      outer loop
         vertex -0.0562993 0.0022981 0.0416608
         vertex -0.0562993 0.00300261 0.0427152
         vertex -0.0562993 0.00680866 0.0420988
      endloop
   endfacet
   facet normal -1 -4.30007e-17 4.45134e-05
      outer loop
         vertex -0.0562993 -0.00680866 0.0420988
         vertex -0.0562991 -0.007 0.0474589
         vertex -0.0562991 -0.0022981 0.046257
      endloop
   endfacet
   facet normal -1 -4.30007e-17 4.45134e-05
      outer loop
         vertex -0.0562992 0.00325 0.0439589
         vertex -0.0562992 0.00300261 0.0452026
         vertex -0.0562991 0.007 0.0474589
      endloop
   endfacet
   facet normal -1 -4.30007e-17 4.45134e-05
      outer loop
         vertex -0.0562991 0.00124372 0.0469615
         vertex -0.0562991 7.09203e-15 0.0472089
         vertex -0.0562991 0.007 0.0474589
      endloop
   endfacet
   facet normal -1 -4.30007e-17 4.45134e-05
      outer loop
         vertex -0.0562993 -0.00680866 0.0420988
         vertex -0.0562993 -0.007 0.0421369
         vertex -0.0562991 -0.007 0.0474589
      endloop
   endfacet
   facet normal 1.70345e-05 0.92388 0.382683
      outer loop
         vertex -0.0562993 -0.00300261 0.0427152
         vertex -0.0562992 -0.00325 0.0439589
         vertex -0.0542992 -0.00325 0.0439588
      endloop
   endfacet
   facet normal 3.14757e-05 0.707107 0.707107
      outer loop
         vertex -0.0562993 -0.0022981 0.0416608
         vertex -0.0562993 -0.00300261 0.0427152
         vertex -0.0542993 -0.00300261 0.0427151
      endloop
   endfacet
   facet normal 4.1125e-05 0.382683 0.92388
      outer loop
         vertex -0.0562994 -0.00124372 0.0409563
         vertex -0.0562993 -0.0022981 0.0416608
         vertex -0.0542993 -0.0022981 0.0416607
      endloop
   endfacet
   facet normal 4.45134e-05 -1.83697e-16 1
      outer loop
         vertex -0.0562994 7.09283e-15 0.0407089
         vertex -0.0562994 -0.00124372 0.0409563
         vertex -0.0542994 -0.00124372 0.0409562
      endloop
   endfacet
   facet normal 4.1125e-05 -0.382683 0.92388
      outer loop
         vertex -0.0562994 0.00124372 0.0409563
         vertex -0.0562994 7.09283e-15 0.0407089
         vertex -0.0542994 7.09283e-15 0.0407088
      endloop
   endfacet
   facet normal 3.14757e-05 -0.707107 0.707107
      outer loop
         vertex -0.0562993 0.0022981 0.0416608
         vertex -0.0562994 0.00124372 0.0409563
         vertex -0.0542994 0.00124372 0.0409562
      endloop
   endfacet
   facet normal 1.70345e-05 -0.92388 0.382683
      outer loop
         vertex -0.0562993 0.00300261 0.0427152
         vertex -0.0562993 0.0022981 0.0416608
         vertex -0.0542993 0.0022981 0.0416607
      endloop
   endfacet
   facet normal -5.45131e-21 -1 -1.22465e-16
      outer loop
         vertex -0.0562992 0.00325 0.0439589
         vertex -0.0562993 0.00300261 0.0427152
         vertex -0.0542993 0.00300261 0.0427151
      endloop
   endfacet
   facet normal -1.70345e-05 -0.92388 -0.382683
      outer loop
         vertex -0.0562992 0.00300261 0.0452026
         vertex -0.0562992 0.00325 0.0439589
         vertex -0.0542992 0.00325 0.0439588
      endloop
   endfacet
   facet normal -3.14757e-05 -0.707107 -0.707107
      outer loop
         vertex -0.0562991 0.0022981 0.046257
         vertex -0.0562992 0.00300261 0.0452026
         vertex -0.0542992 0.00300261 0.0452025
      endloop
   endfacet
   facet normal -4.1125e-05 -0.382683 -0.92388
      outer loop
         vertex -0.0562991 0.00124372 0.0469615
         vertex -0.0562991 0.0022981 0.046257
         vertex -0.0542991 0.0022981 0.0462569
      endloop
   endfacet
   facet normal -4.45134e-05 6.12323e-17 -1
      outer loop
         vertex -0.0562991 7.09203e-15 0.0472089
         vertex -0.0562991 0.00124372 0.0469615
         vertex -0.0542991 0.00124372 0.0469614
      endloop
   endfacet
   facet normal -4.1125e-05 0.382683 -0.92388
      outer loop
         vertex -0.0562991 -0.00124372 0.0469615
         vertex -0.0562991 7.09203e-15 0.0472089
         vertex -0.0542991 7.09203e-15 0.0472088
      endloop
   endfacet
   facet normal -3.14757e-05 0.707107 -0.707107
      outer loop
         vertex -0.0562991 -0.0022981 0.046257
         vertex -0.0562991 -0.00124372 0.0469615
         vertex -0.0542991 -0.00124372 0.0469614
      endloop
   endfacet
   facet normal -1.70345e-05 0.92388 -0.382683
      outer loop
         vertex -0.0562992 -0.00300261 0.0452026
         vertex -0.0562991 -0.0022981 0.046257
         vertex -0.0542991 -0.0022981 0.0462569
      endloop
   endfacet
   facet normal 1.09026e-20 1 2.44929e-16
      outer loop
         vertex -0.0562992 -0.00325 0.0439589
         vertex -0.0562992 -0.00300261 0.0452026
         vertex -0.0542992 -0.00300261 0.0452025
      endloop
   endfacet
   facet normal -1.70345e-05 0.92388 -0.382683
      outer loop
         vertex -0.0542992 -0.00300261 0.0452025
         vertex -0.0542992 -0.00325 0.0439588
         vertex -0.0562992 -0.00325 0.0439589
      endloop
   endfacet
   facet normal -3.14757e-05 0.707107 -0.707107
      outer loop
         vertex -0.0542991 -0.0022981 0.0462569
         vertex -0.0542992 -0.00300261 0.0452025
         vertex -0.0562992 -0.00300261 0.0452026
      endloop
   endfacet
   facet normal -4.1125e-05 0.382683 -0.92388
      outer loop
         vertex -0.0542991 -0.00124372 0.0469614
         vertex -0.0542991 -0.0022981 0.0462569
         vertex -0.0562991 -0.0022981 0.046257
      endloop
   endfacet
   facet normal -4.45134e-05 6.12323e-17 -1
      outer loop
         vertex -0.0542991 7.09203e-15 0.0472088
         vertex -0.0542991 -0.00124372 0.0469614
         vertex -0.0562991 -0.00124372 0.0469615
      endloop
   endfacet
   facet normal -4.1125e-05 -0.382683 -0.92388
      outer loop
         vertex -0.0542991 0.00124372 0.0469614
         vertex -0.0542991 7.09203e-15 0.0472088
         vertex -0.0562991 7.09203e-15 0.0472089
      endloop
   endfacet
   facet normal -3.14757e-05 -0.707107 -0.707107
      outer loop
         vertex -0.0542991 0.0022981 0.0462569
         vertex -0.0542991 0.00124372 0.0469614
         vertex -0.0562991 0.00124372 0.0469615
      endloop
   endfacet
   facet normal -1.70345e-05 -0.92388 -0.382683
      outer loop
         vertex -0.0542992 0.00300261 0.0452025
         vertex -0.0542991 0.0022981 0.0462569
         vertex -0.0562991 0.0022981 0.046257
      endloop
   endfacet
   facet normal -5.45131e-21 -1 -1.22465e-16
      outer loop
         vertex -0.0542992 0.00325 0.0439588
         vertex -0.0542992 0.00300261 0.0452025
         vertex -0.0562992 0.00300261 0.0452026
      endloop
   endfacet
   facet normal 1.70345e-05 -0.92388 0.382683
      outer loop
         vertex -0.0542993 0.00300261 0.0427151
         vertex -0.0542992 0.00325 0.0439588
         vertex -0.0562992 0.00325 0.0439589
      endloop
   endfacet
   facet normal 3.14757e-05 -0.707107 0.707107
      outer loop
         vertex -0.0542993 0.0022981 0.0416607
         vertex -0.0542993 0.00300261 0.0427151
         vertex -0.0562993 0.00300261 0.0427152
      endloop
   endfacet
   facet normal 4.1125e-05 -0.382683 0.92388
      outer loop
         vertex -0.0542994 0.00124372 0.0409562
         vertex -0.0542993 0.0022981 0.0416607
         vertex -0.0562993 0.0022981 0.0416608
      endloop
   endfacet
   facet normal 4.45134e-05 -1.83697e-16 1
      outer loop
         vertex -0.0542994 7.09283e-15 0.0407088
         vertex -0.0542994 0.00124372 0.0409562
         vertex -0.0562994 0.00124372 0.0409563
      endloop
   endfacet
   facet normal 4.1125e-05 0.382683 0.92388
      outer loop
         vertex -0.0542994 -0.00124372 0.0409562
         vertex -0.0542994 7.09283e-15 0.0407088
         vertex -0.0562994 7.09283e-15 0.0407089
      endloop
   endfacet
   facet normal 3.14757e-05 0.707107 0.707107
      outer loop
         vertex -0.0542993 -0.0022981 0.0416607
         vertex -0.0542994 -0.00124372 0.0409562
         vertex -0.0562994 -0.00124372 0.0409563
      endloop
   endfacet
   facet normal 1.70345e-05 0.92388 0.382683
      outer loop
         vertex -0.0542993 -0.00300261 0.0427151
         vertex -0.0542993 -0.0022981 0.0416607
         vertex -0.0562993 -0.0022981 0.0416608
      endloop
   endfacet
   facet normal 1.09026e-20 1 2.44929e-16
      outer loop
         vertex -0.0542992 -0.00325 0.0439588
         vertex -0.0542993 -0.00300261 0.0427151
         vertex -0.0562993 -0.00300261 0.0427152
      endloop
   endfacet
   facet normal -1 -4.30007e-17 4.45134e-05
      outer loop
         vertex -0.0542991 0.00124372 0.0469614
         vertex -0.0542991 0.000650562 0.0455294
         vertex -0.0542991 7.09213e-15 0.0456588
      endloop
   endfacet
   facet normal -1 -4.30007e-17 4.45134e-05
      outer loop
         vertex -0.0542991 0.0022981 0.0462569
         vertex -0.0542992 0.00120208 0.0451609
         vertex -0.0542991 0.000650562 0.0455294
      endloop
   endfacet
   facet normal -1 -4.30007e-17 4.45134e-05
      outer loop
         vertex -0.0542991 0.000650562 0.0455294
         vertex -0.0542991 0.00124372 0.0469614
         vertex -0.0542991 0.0022981 0.0462569
      endloop
   endfacet
   facet normal -1 -4.30007e-17 4.45134e-05
      outer loop
         vertex -0.0542991 0.0022981 0.0462569
         vertex -0.0542992 0.00300261 0.0452025
         vertex -0.0542992 0.0015706 0.0446094
      endloop
   endfacet
   facet normal -1 -4.30007e-17 4.45134e-05
      outer loop
         vertex -0.0542992 0.0015706 0.0446094
         vertex -0.0542992 0.00120208 0.0451609
         vertex -0.0542991 0.0022981 0.0462569
      endloop
   endfacet
   facet normal -1 -4.30007e-17 4.45134e-05
      outer loop
         vertex -0.0542992 0.00300261 0.0452025
         vertex -0.0542992 0.00325 0.0439588
         vertex -0.0542992 0.0017 0.0439588
      endloop
   endfacet
   facet normal -1 -4.30007e-17 4.45134e-05
      outer loop
         vertex -0.0542993 0.0022981 0.0416607
         vertex -0.0542994 0.00124372 0.0409562
         vertex -0.0542993 0.000650562 0.0423882
      endloop
   endfacet
   facet normal -1 -4.30007e-17 4.45134e-05
      outer loop
         vertex -0.0542994 0.00124372 0.0409562
         vertex -0.0542994 7.09283e-15 0.0407088
         vertex -0.0542993 7.09254e-15 0.0422588
      endloop
   endfacet
   facet normal -1 -4.30007e-17 4.45134e-05
      outer loop
         vertex -0.0542992 0.0017 0.0439588
         vertex -0.0542992 0.0015706 0.0446094
         vertex -0.0542992 0.00300261 0.0452025
      endloop
   endfacet
   facet normal -1 -4.30007e-17 4.45134e-05
      outer loop
         vertex -0.0542993 0.00300261 0.0427151
         vertex -0.0542992 0.0015706 0.0433082
         vertex -0.0542992 0.0017 0.0439588
      endloop
   endfacet
   facet normal -1 -4.30007e-17 4.45134e-05
      outer loop
         vertex -0.0542993 0.0022981 0.0416607
         vertex -0.0542993 0.00120208 0.0427567
         vertex -0.0542992 0.0015706 0.0433082
      endloop
   endfacet
   facet normal -1 -4.30007e-17 4.45134e-05
      outer loop
         vertex -0.0542993 7.09254e-15 0.0422588
         vertex -0.0542993 0.000650562 0.0423882
         vertex -0.0542994 0.00124372 0.0409562
      endloop
   endfacet
   facet normal -1 -4.30007e-17 4.45134e-05
      outer loop
         vertex -0.0542994 -0.00124372 0.0409562
         vertex -0.0542993 -0.000650562 0.0423882
         vertex -0.0542993 7.09254e-15 0.0422588
      endloop
   endfacet
   facet normal -1 -4.30007e-17 4.45134e-05
      outer loop
         vertex -0.0542993 -0.0022981 0.0416607
         vertex -0.0542993 -0.00120208 0.0427567
         vertex -0.0542993 -0.000650562 0.0423882
      endloop
   endfacet
   facet normal -1 -4.30007e-17 4.45134e-05
      outer loop
         vertex -0.0542992 -0.00300261 0.0452025
         vertex -0.0542992 -0.0015706 0.0446094
         vertex -0.0542992 -0.0017 0.0439588
      endloop
   endfacet
   facet normal -1 -4.30007e-17 4.45134e-05
      outer loop
         vertex -0.0542992 -0.00300261 0.0452025
         vertex -0.0542991 -0.0022981 0.0462569
         vertex -0.0542992 -0.00120208 0.0451609
      endloop
   endfacet
   facet normal -1 -4.30007e-17 4.45134e-05
      outer loop
         vertex -0.0542992 0.0017 0.0439588
         vertex -0.0542992 0.00325 0.0439588
         vertex -0.0542993 0.00300261 0.0427151
      endloop
   endfacet
   facet normal -1 -4.30007e-17 4.45134e-05
      outer loop
         vertex -0.0542993 0.000650562 0.0423882
         vertex -0.0542993 0.00120208 0.0427567
         vertex -0.0542993 0.0022981 0.0416607
      endloop
   endfacet
   facet normal -1 -4.30007e-17 4.45134e-05
      outer loop
         vertex -0.0542993 -0.000650562 0.0423882
         vertex -0.0542994 -0.00124372 0.0409562
         vertex -0.0542993 -0.0022981 0.0416607
      endloop
   endfacet
   facet normal -1 -4.30007e-17 4.45134e-05
      outer loop
         vertex -0.0542993 -0.00300261 0.0427151
         vertex -0.0542992 -0.0015706 0.0433082
         vertex -0.0542993 -0.00120208 0.0427567
      endloop
   endfacet
   facet normal -1 -4.30007e-17 4.45134e-05
      outer loop
         vertex -0.0542992 -0.00325 0.0439588
         vertex -0.0542992 -0.0017 0.0439588
         vertex -0.0542992 -0.0015706 0.0433082
      endloop
   endfacet
   facet normal -1 -4.30007e-17 4.45134e-05
      outer loop
         vertex -0.0542992 -0.00120208 0.0451609
         vertex -0.0542992 -0.0015706 0.0446094
         vertex -0.0542992 -0.00300261 0.0452025
      endloop
   endfacet
   facet normal -1 -4.30007e-17 4.45134e-05
      outer loop
         vertex -0.0542991 -0.0022981 0.0462569
         vertex -0.0542991 -0.00124372 0.0469614
         vertex -0.0542991 -0.000650562 0.0455294
      endloop
   endfacet
   facet normal -1 -4.30007e-17 4.45134e-05
      outer loop
         vertex -0.0542991 -0.00124372 0.0469614
         vertex -0.0542991 7.09203e-15 0.0472088
         vertex -0.0542991 7.09213e-15 0.0456588
      endloop
   endfacet
   facet normal -1 -4.30007e-17 4.45134e-05
      outer loop
         vertex -0.0542992 0.0015706 0.0433082
         vertex -0.0542993 0.00300261 0.0427151
         vertex -0.0542993 0.0022981 0.0416607
      endloop
   endfacet
   facet normal -1 -4.30007e-17 4.45134e-05
      outer loop
         vertex -0.0542993 -0.00120208 0.0427567
         vertex -0.0542993 -0.0022981 0.0416607
         vertex -0.0542993 -0.00300261 0.0427151
      endloop
   endfacet
   facet normal -1 -4.30007e-17 4.45134e-05
      outer loop
         vertex -0.0542992 -0.0017 0.0439588
         vertex -0.0542992 -0.00325 0.0439588
         vertex -0.0542992 -0.00300261 0.0452025
      endloop
   endfacet
   facet normal -1 -4.30007e-17 4.45134e-05
      outer loop
         vertex -0.0542991 7.09213e-15 0.0456588
         vertex -0.0542991 -0.000650562 0.0455294
         vertex -0.0542991 -0.00124372 0.0469614
      endloop
   endfacet
   facet normal -1 -4.30007e-17 4.45134e-05
      outer loop
         vertex -0.0542993 7.09254e-15 0.0422588
         vertex -0.0542994 7.09283e-15 0.0407088
         vertex -0.0542994 -0.00124372 0.0409562
      endloop
   endfacet
   facet normal -1 -4.30007e-17 4.45134e-05
      outer loop
         vertex -0.0542991 -0.000650562 0.0455294
         vertex -0.0542992 -0.00120208 0.0451609
         vertex -0.0542991 -0.0022981 0.0462569
      endloop
   endfacet
   facet normal -1 -4.30007e-17 4.45134e-05
      outer loop
         vertex -0.0542992 -0.0015706 0.0433082
         vertex -0.0542993 -0.00300261 0.0427151
         vertex -0.0542992 -0.00325 0.0439588
      endloop
   endfacet
   facet normal -1 -4.30007e-17 4.45134e-05
      outer loop
         vertex -0.0542991 7.09213e-15 0.0456588
         vertex -0.0542991 7.09203e-15 0.0472088
         vertex -0.0542991 0.00124372 0.0469614
      endloop
   endfacet
   facet normal -4.29858e-17 1 3.35293e-16
      outer loop
         vertex -0.068202 -0.007 0.00794393
         vertex -0.0668624 -0.007 0.0111774
         vertex -0.065727 -0.007 0.0104187
      endloop
   endfacet
   facet normal -4.29858e-17 1 3.35293e-16
      outer loop
         vertex -0.065727 -0.007 0.0104187
         vertex -0.0649683 -0.007 0.00928318
         vertex -0.068202 -0.007 0.00794393
      endloop
   endfacet
   facet normal -4.29858e-17 1 3.35293e-16
      outer loop
         vertex -0.0649683 -0.007 0.00928318
         vertex -0.064702 -0.007 0.00794378
         vertex -0.068202 -0.007 0.00794393
      endloop
   endfacet
   facet normal -4.29858e-17 1 3.35293e-16
      outer loop
         vertex -0.064702 -0.007 0.00794378
         vertex -0.0649684 -0.007 0.0066044
         vertex -0.068202 -0.007 0.00794393
      endloop
   endfacet
   facet normal -4.29858e-17 1 3.35293e-16
      outer loop
         vertex -0.0649684 -0.007 0.0066044
         vertex -0.0657272 -0.007 0.00546895
         vertex -0.068202 -0.007 0.00794393
      endloop
   endfacet
   facet normal -4.29858e-17 1 3.35293e-16
      outer loop
         vertex -0.0657272 -0.007 0.00546895
         vertex -0.0668627 -0.007 0.00471029
         vertex -0.068202 -0.007 0.00794393
      endloop
   endfacet
   facet normal -4.29858e-17 1 3.35293e-16
      outer loop
         vertex -0.0668627 -0.007 0.00471029
         vertex -0.0682021 -0.007 0.00444393
         vertex -0.068202 -0.007 0.00794393
      endloop
   endfacet
   facet normal -4.29858e-17 1 3.35293e-16
      outer loop
         vertex -0.0682021 -0.007 0.00444393
         vertex -0.0695415 -0.007 0.00471041
         vertex -0.068202 -0.007 0.00794393
      endloop
   endfacet
   facet normal -4.29858e-17 1 3.35293e-16
      outer loop
         vertex -0.0695415 -0.007 0.00471041
         vertex -0.0706769 -0.007 0.00546917
         vertex -0.068202 -0.007 0.00794393
      endloop
   endfacet
   facet normal -4.29858e-17 1 3.35293e-16
      outer loop
         vertex -0.0706769 -0.007 0.00546917
         vertex -0.0714356 -0.007 0.00660468
         vertex -0.068202 -0.007 0.00794393
      endloop
   endfacet
   facet normal -4.29858e-17 1 3.35293e-16
      outer loop
         vertex -0.0714356 -0.007 0.00660468
         vertex -0.071702 -0.007 0.00794409
         vertex -0.068202 -0.007 0.00794393
      endloop
   endfacet
   facet normal -4.29858e-17 1 3.35293e-16
      outer loop
         vertex -0.071702 -0.007 0.00794409
         vertex -0.0714355 -0.007 0.00928347
         vertex -0.068202 -0.007 0.00794393
      endloop
   endfacet
   facet normal -4.29858e-17 1 3.35293e-16
      outer loop
         vertex -0.0714355 -0.007 0.00928347
         vertex -0.0706767 -0.007 0.0104189
         vertex -0.068202 -0.007 0.00794393
      endloop
   endfacet
   facet normal -4.29858e-17 1 3.35293e-16
      outer loop
         vertex -0.0706767 -0.007 0.0104189
         vertex -0.0695412 -0.007 0.0111776
         vertex -0.068202 -0.007 0.00794393
      endloop
   endfacet
   facet normal -4.29858e-17 1 3.35293e-16
      outer loop
         vertex -0.0695412 -0.007 0.0111776
         vertex -0.0682018 -0.007 0.0114439
         vertex -0.068202 -0.007 0.00794393
      endloop
   endfacet
   facet normal -4.29858e-17 1 3.35293e-16
      outer loop
         vertex -0.0682018 -0.007 0.0114439
         vertex -0.0668624 -0.007 0.0111774
         vertex -0.068202 -0.007 0.00794393
      endloop
   endfacet
   facet normal 3.14757e-05 -0.707107 0.707107
      outer loop
         vertex -0.0682021 -0.007 0.00444393
         vertex -0.0668627 -0.007 0.00471029
         vertex -0.067054 -0.0065 0.00517224
      endloop
   endfacet
   facet normal -0.270569 -0.707107 0.653294
      outer loop
         vertex -0.0668627 -0.007 0.00471029
         vertex -0.0657272 -0.007 0.00546895
         vertex -0.0660807 -0.0065 0.00582252
      endloop
   endfacet
   facet normal -0.499978 -0.707107 0.500022
      outer loop
         vertex -0.0657272 -0.007 0.00546895
         vertex -0.0649684 -0.007 0.0066044
         vertex -0.0654304 -0.0065 0.00679576
      endloop
   endfacet
   facet normal -0.653269 -0.707107 0.270627
      outer loop
         vertex -0.0649684 -0.007 0.0066044
         vertex -0.064702 -0.007 0.00794378
         vertex -0.065202 -0.0065 0.0079438
      endloop
   endfacet
   facet normal -0.707107 -0.707107 3.14757e-05
      outer loop
         vertex -0.064702 -0.007 0.00794378
         vertex -0.0649683 -0.007 0.00928318
         vertex -0.0654303 -0.0065 0.00909186
      endloop
   endfacet
   facet normal -0.653294 -0.707107 -0.270569
      outer loop
         vertex -0.0649683 -0.007 0.00928318
         vertex -0.065727 -0.007 0.0104187
         vertex -0.0660805 -0.0065 0.0100652
      endloop
   endfacet
   facet normal -0.500022 -0.707107 -0.499978
      outer loop
         vertex -0.065727 -0.007 0.0104187
         vertex -0.0668624 -0.007 0.0111774
         vertex -0.0670538 -0.0065 0.0107155
      endloop
   endfacet
   facet normal -0.270627 -0.707107 -0.653269
      outer loop
         vertex -0.0668624 -0.007 0.0111774
         vertex -0.0682018 -0.007 0.0114439
         vertex -0.0682018 -0.0065 0.0109439
      endloop
   endfacet
   facet normal -3.14757e-05 -0.707107 -0.707107
      outer loop
         vertex -0.0682018 -0.007 0.0114439
         vertex -0.0695412 -0.007 0.0111776
         vertex -0.0693499 -0.0065 0.0107156
      endloop
   endfacet
   facet normal 0.270569 -0.707107 -0.653294
      outer loop
         vertex -0.0695412 -0.007 0.0111776
         vertex -0.0706767 -0.007 0.0104189
         vertex -0.0703232 -0.0065 0.0100653
      endloop
   endfacet
   facet normal 0.499978 -0.707107 -0.500022
      outer loop
         vertex -0.0706767 -0.007 0.0104189
         vertex -0.0714355 -0.007 0.00928347
         vertex -0.0709736 -0.0065 0.0090921
      endloop
   endfacet
   facet normal 0.653269 -0.707107 -0.270627
      outer loop
         vertex -0.0714355 -0.007 0.00928347
         vertex -0.071702 -0.007 0.00794409
         vertex -0.071202 -0.0065 0.00794406
      endloop
   endfacet
   facet normal 0.707107 -0.707107 -3.14757e-05
      outer loop
         vertex -0.071702 -0.007 0.00794409
         vertex -0.0714356 -0.007 0.00660468
         vertex -0.0709737 -0.0065 0.006796
      endloop
   endfacet
   facet normal 0.653294 -0.707107 0.270569
      outer loop
         vertex -0.0714356 -0.007 0.00660468
         vertex -0.0706769 -0.007 0.00546917
         vertex -0.0703234 -0.0065 0.00582271
      endloop
   endfacet
   facet normal 0.500022 -0.707107 0.499978
      outer loop
         vertex -0.0706769 -0.007 0.00546917
         vertex -0.0695415 -0.007 0.00471041
         vertex -0.0693501 -0.0065 0.00517234
      endloop
   endfacet
   facet normal 0.270627 -0.707107 0.653269
      outer loop
         vertex -0.0695415 -0.007 0.00471041
         vertex -0.0682021 -0.007 0.00444393
         vertex -0.0682021 -0.0065 0.00494393
      endloop
   endfacet
   facet normal 3.14757e-05 -0.707107 0.707107
      outer loop
         vertex -0.0682021 -0.0065 0.00494393
         vertex -0.0693501 -0.0065 0.00517234
         vertex -0.0695415 -0.007 0.00471041
      endloop
   endfacet
   facet normal 0.270627 -0.707107 0.653269
      outer loop
         vertex -0.0693501 -0.0065 0.00517234
         vertex -0.0703234 -0.0065 0.00582271
         vertex -0.0706769 -0.007 0.00546917
      endloop
   endfacet
   facet normal 0.500022 -0.707107 0.499978
      outer loop
         vertex -0.0703234 -0.0065 0.00582271
         vertex -0.0709737 -0.0065 0.006796
         vertex -0.0714356 -0.007 0.00660468
      endloop
   endfacet
   facet normal 0.653294 -0.707107 0.270569
      outer loop
         vertex -0.0709737 -0.0065 0.006796
         vertex -0.071202 -0.0065 0.00794406
         vertex -0.071702 -0.007 0.00794409
      endloop
   endfacet
   facet normal 0.707107 -0.707107 -3.14757e-05
      outer loop
         vertex -0.071202 -0.0065 0.00794406
         vertex -0.0709736 -0.0065 0.0090921
         vertex -0.0714355 -0.007 0.00928347
      endloop
   endfacet
   facet normal 0.653269 -0.707107 -0.270627
      outer loop
         vertex -0.0709736 -0.0065 0.0090921
         vertex -0.0703232 -0.0065 0.0100653
         vertex -0.0706767 -0.007 0.0104189
      endloop
   endfacet
   facet normal 0.499978 -0.707107 -0.500022
      outer loop
         vertex -0.0703232 -0.0065 0.0100653
         vertex -0.0693499 -0.0065 0.0107156
         vertex -0.0695412 -0.007 0.0111776
      endloop
   endfacet
   facet normal 0.270569 -0.707107 -0.653294
      outer loop
         vertex -0.0693499 -0.0065 0.0107156
         vertex -0.0682018 -0.0065 0.0109439
         vertex -0.0682018 -0.007 0.0114439
      endloop
   endfacet
   facet normal -3.14757e-05 -0.707107 -0.707107
      outer loop
         vertex -0.0682018 -0.0065 0.0109439
         vertex -0.0670538 -0.0065 0.0107155
         vertex -0.0668624 -0.007 0.0111774
      endloop
   endfacet
   facet normal -0.270627 -0.707107 -0.653269
      outer loop
         vertex -0.0670538 -0.0065 0.0107155
         vertex -0.0660805 -0.0065 0.0100652
         vertex -0.065727 -0.007 0.0104187
      endloop
   endfacet
   facet normal -0.500022 -0.707107 -0.499978
      outer loop
         vertex -0.0660805 -0.0065 0.0100652
         vertex -0.0654303 -0.0065 0.00909186
         vertex -0.0649683 -0.007 0.00928318
      endloop
   endfacet
   facet normal -0.653294 -0.707107 -0.270569
      outer loop
         vertex -0.0654303 -0.0065 0.00909186
         vertex -0.065202 -0.0065 0.0079438
         vertex -0.064702 -0.007 0.00794378
      endloop
   endfacet
   facet normal -0.707107 -0.707107 3.14757e-05
      outer loop
         vertex -0.065202 -0.0065 0.0079438
         vertex -0.0654304 -0.0065 0.00679576
         vertex -0.0649684 -0.007 0.0066044
      endloop
   endfacet
   facet normal -0.653269 -0.707107 0.270627
      outer loop
         vertex -0.0654304 -0.0065 0.00679576
         vertex -0.0660807 -0.0065 0.00582252
         vertex -0.0657272 -0.007 0.00546895
      endloop
   endfacet
   facet normal -0.499978 -0.707107 0.500022
      outer loop
         vertex -0.0660807 -0.0065 0.00582252
         vertex -0.067054 -0.0065 0.00517224
         vertex -0.0668627 -0.007 0.00471029
      endloop
   endfacet
   facet normal -0.270569 -0.707107 0.653294
      outer loop
         vertex -0.067054 -0.0065 0.00517224
         vertex -0.0682021 -0.0065 0.00494393
         vertex -0.0682021 -0.007 0.00444393
      endloop
   endfacet
   facet normal 0.382642 2.83568e-16 -0.923897
      outer loop
         vertex -0.0693499 0.0065 0.0107156
         vertex -0.0682018 0.0065 0.0109439
         vertex -0.0682018 -0.0065 0.0109439
      endloop
   endfacet
   facet normal 0.707075 2.34845e-16 -0.707138
      outer loop
         vertex -0.0703232 0.0065 0.0100653
         vertex -0.0693499 0.0065 0.0107156
         vertex -0.0693499 -0.0065 0.0107156
      endloop
   endfacet
   facet normal 0.923862 1.50369e-16 -0.382725
      outer loop
         vertex -0.0709736 0.0065 0.0090921
         vertex -0.0703232 0.0065 0.0100653
         vertex -0.0703232 -0.0065 0.0100653
      endloop
   endfacet
   facet normal 1 4.30007e-17 -4.45134e-05
      outer loop
         vertex -0.071202 0.0065 0.00794406
         vertex -0.0709736 0.0065 0.0090921
         vertex -0.0709736 -0.0065 0.0090921
      endloop
   endfacet
   facet normal 0.923897 -7.09141e-17 0.382642
      outer loop
         vertex -0.0709737 0.0065 0.006796
         vertex -0.071202 0.0065 0.00794406
         vertex -0.071202 -0.0065 0.00794406
      endloop
   endfacet
   facet normal 0.707138 -1.74033e-16 0.707075
      outer loop
         vertex -0.0703234 0.0065 0.00582271
         vertex -0.0709737 0.0065 0.006796
         vertex -0.0709737 -0.0065 0.006796
      endloop
   endfacet
   facet normal 0.382725 -2.50657e-16 0.923862
      outer loop
         vertex -0.0693501 0.0065 0.00517234
         vertex -0.0703234 0.0065 0.00582271
         vertex -0.0703234 -0.0065 0.00582271
      endloop
   endfacet
   facet normal 4.45134e-05 -2.89121e-16 1
      outer loop
         vertex -0.0682021 0.0065 0.00494393
         vertex -0.0693501 0.0065 0.00517234
         vertex -0.0693501 -0.0065 0.00517234
      endloop
   endfacet
   facet normal -0.382642 -2.83568e-16 0.923897
      outer loop
         vertex -0.067054 0.0065 0.00517224
         vertex -0.0682021 0.0065 0.00494393
         vertex -0.0682021 -0.0065 0.00494393
      endloop
   endfacet
   facet normal -0.707075 -2.34845e-16 0.707138
      outer loop
         vertex -0.0660807 0.0065 0.00582252
         vertex -0.067054 0.0065 0.00517224
         vertex -0.067054 -0.0065 0.00517224
      endloop
   endfacet
   facet normal -0.923862 -1.50369e-16 0.382725
      outer loop
         vertex -0.0654304 0.0065 0.00679576
         vertex -0.0660807 0.0065 0.00582252
         vertex -0.0660807 -0.0065 0.00582252
      endloop
   endfacet
   facet normal -1 -4.30007e-17 4.45134e-05
      outer loop
         vertex -0.065202 0.0065 0.0079438
         vertex -0.0654304 0.0065 0.00679576
         vertex -0.0654304 -0.0065 0.00679576
      endloop
   endfacet
   facet normal -0.923897 7.09141e-17 -0.382642
      outer loop
         vertex -0.0654303 0.0065 0.00909186
         vertex -0.065202 0.0065 0.0079438
         vertex -0.065202 -0.0065 0.0079438
      endloop
   endfacet
   facet normal -0.707138 1.74033e-16 -0.707075
      outer loop
         vertex -0.0660805 0.0065 0.0100652
         vertex -0.0654303 0.0065 0.00909186
         vertex -0.0654303 -0.0065 0.00909186
      endloop
   endfacet
   facet normal -0.382725 2.50657e-16 -0.923862
      outer loop
         vertex -0.0670538 0.0065 0.0107155
         vertex -0.0660805 0.0065 0.0100652
         vertex -0.0660805 -0.0065 0.0100652
      endloop
   endfacet
   facet normal -4.45134e-05 2.89121e-16 -1
      outer loop
         vertex -0.0682018 0.0065 0.0109439
         vertex -0.0670538 0.0065 0.0107155
         vertex -0.0670538 -0.0065 0.0107155
      endloop
   endfacet
   facet normal -0.382725 2.50657e-16 -0.923862
      outer loop
         vertex -0.0670538 -0.0065 0.0107155
         vertex -0.0682018 -0.0065 0.0109439
         vertex -0.0682018 0.0065 0.0109439
      endloop
   endfacet
   facet normal -0.707138 1.74033e-16 -0.707075
      outer loop
         vertex -0.0660805 -0.0065 0.0100652
         vertex -0.0670538 -0.0065 0.0107155
         vertex -0.0670538 0.0065 0.0107155
      endloop
   endfacet
   facet normal -0.923897 7.09141e-17 -0.382642
      outer loop
         vertex -0.0654303 -0.0065 0.00909186
         vertex -0.0660805 -0.0065 0.0100652
         vertex -0.0660805 0.0065 0.0100652
      endloop
   endfacet
   facet normal -1 -4.30007e-17 4.45134e-05
      outer loop
         vertex -0.065202 -0.0065 0.0079438
         vertex -0.0654303 -0.0065 0.00909186
         vertex -0.0654303 0.0065 0.00909186
      endloop
   endfacet
   facet normal -0.923862 -1.50369e-16 0.382725
      outer loop
         vertex -0.0654304 -0.0065 0.00679576
         vertex -0.065202 -0.0065 0.0079438
         vertex -0.065202 0.0065 0.0079438
      endloop
   endfacet
   facet normal -0.707075 -2.34845e-16 0.707138
      outer loop
         vertex -0.0660807 -0.0065 0.00582252
         vertex -0.0654304 -0.0065 0.00679576
         vertex -0.0654304 0.0065 0.00679576
      endloop
   endfacet
   facet normal -0.382642 -2.83568e-16 0.923897
      outer loop
         vertex -0.067054 -0.0065 0.00517224
         vertex -0.0660807 -0.0065 0.00582252
         vertex -0.0660807 0.0065 0.00582252
      endloop
   endfacet
   facet normal 4.45134e-05 -2.89121e-16 1
      outer loop
         vertex -0.0682021 -0.0065 0.00494393
         vertex -0.067054 -0.0065 0.00517224
         vertex -0.067054 0.0065 0.00517224
      endloop
   endfacet
   facet normal 0.382725 -2.50657e-16 0.923862
      outer loop
         vertex -0.0693501 -0.0065 0.00517234
         vertex -0.0682021 -0.0065 0.00494393
         vertex -0.0682021 0.0065 0.00494393
      endloop
   endfacet
   facet normal 0.707138 -1.74033e-16 0.707075
      outer loop
         vertex -0.0703234 -0.0065 0.00582271
         vertex -0.0693501 -0.0065 0.00517234
         vertex -0.0693501 0.0065 0.00517234
      endloop
   endfacet
   facet normal 0.923897 -7.09141e-17 0.382642
      outer loop
         vertex -0.0709737 -0.0065 0.006796
         vertex -0.0703234 -0.0065 0.00582271
         vertex -0.0703234 0.0065 0.00582271
      endloop
   endfacet
   facet normal 1 4.30007e-17 -4.45134e-05
      outer loop
         vertex -0.071202 -0.0065 0.00794406
         vertex -0.0709737 -0.0065 0.006796
         vertex -0.0709737 0.0065 0.006796
      endloop
   endfacet
   facet normal 0.923862 1.50369e-16 -0.382725
      outer loop
         vertex -0.0709736 -0.0065 0.0090921
         vertex -0.071202 -0.0065 0.00794406
         vertex -0.071202 0.0065 0.00794406
      endloop
   endfacet
   facet normal 0.707075 2.34845e-16 -0.707138
      outer loop
         vertex -0.0703232 -0.0065 0.0100653
         vertex -0.0709736 -0.0065 0.0090921
         vertex -0.0709736 0.0065 0.0090921
      endloop
   endfacet
   facet normal 0.382642 2.83568e-16 -0.923897
      outer loop
         vertex -0.0693499 -0.0065 0.0107156
         vertex -0.0703232 -0.0065 0.0100653
         vertex -0.0703232 0.0065 0.0100653
      endloop
   endfacet
   facet normal -4.45134e-05 2.89121e-16 -1
      outer loop
         vertex -0.0682018 -0.0065 0.0109439
         vertex -0.0693499 -0.0065 0.0107156
         vertex -0.0693499 0.0065 0.0107156
      endloop
   endfacet
   facet normal -3.14757e-05 0.707107 -0.707107
      outer loop
         vertex -0.0682018 0.007 0.0114439
         vertex -0.0668624 0.007 0.0111774
         vertex -0.0670538 0.0065 0.0107155
      endloop
   endfacet
   facet normal -0.270627 0.707107 -0.653269
      outer loop
         vertex -0.0668624 0.007 0.0111774
         vertex -0.065727 0.007 0.0104187
         vertex -0.0660805 0.0065 0.0100652
      endloop
   endfacet
   facet normal -0.500022 0.707107 -0.499978
      outer loop
         vertex -0.065727 0.007 0.0104187
         vertex -0.0649683 0.007 0.00928318
         vertex -0.0654303 0.0065 0.00909186
      endloop
   endfacet
   facet normal -0.653294 0.707107 -0.270569
      outer loop
         vertex -0.0649683 0.007 0.00928318
         vertex -0.064702 0.007 0.00794378
         vertex -0.065202 0.0065 0.0079438
      endloop
   endfacet
   facet normal -0.707107 0.707107 3.14757e-05
      outer loop
         vertex -0.064702 0.007 0.00794378
         vertex -0.0649684 0.007 0.0066044
         vertex -0.0654304 0.0065 0.00679576
      endloop
   endfacet
   facet normal -0.653269 0.707107 0.270627
      outer loop
         vertex -0.0649684 0.007 0.0066044
         vertex -0.0657272 0.007 0.00546895
         vertex -0.0660807 0.0065 0.00582252
      endloop
   endfacet
   facet normal -0.499978 0.707107 0.500022
      outer loop
         vertex -0.0657272 0.007 0.00546895
         vertex -0.0668627 0.007 0.00471029
         vertex -0.067054 0.0065 0.00517224
      endloop
   endfacet
   facet normal -0.270569 0.707107 0.653294
      outer loop
         vertex -0.0668627 0.007 0.00471029
         vertex -0.0682021 0.007 0.00444393
         vertex -0.0682021 0.0065 0.00494393
      endloop
   endfacet
   facet normal 3.14757e-05 0.707107 0.707107
      outer loop
         vertex -0.0682021 0.007 0.00444393
         vertex -0.0695415 0.007 0.00471041
         vertex -0.0693501 0.0065 0.00517234
      endloop
   endfacet
   facet normal 0.270627 0.707107 0.653269
      outer loop
         vertex -0.0695415 0.007 0.00471041
         vertex -0.0706769 0.007 0.00546917
         vertex -0.0703234 0.0065 0.00582271
      endloop
   endfacet
   facet normal 0.500022 0.707107 0.499978
      outer loop
         vertex -0.0706769 0.007 0.00546917
         vertex -0.0714356 0.007 0.00660468
         vertex -0.0709737 0.0065 0.006796
      endloop
   endfacet
   facet normal 0.653294 0.707107 0.270569
      outer loop
         vertex -0.0714356 0.007 0.00660468
         vertex -0.071702 0.007 0.00794409
         vertex -0.071202 0.0065 0.00794406
      endloop
   endfacet
   facet normal 0.707107 0.707107 -3.14757e-05
      outer loop
         vertex -0.071702 0.007 0.00794409
         vertex -0.0714355 0.007 0.00928347
         vertex -0.0709736 0.0065 0.0090921
      endloop
   endfacet
   facet normal 0.653269 0.707107 -0.270627
      outer loop
         vertex -0.0714355 0.007 0.00928347
         vertex -0.0706767 0.007 0.0104189
         vertex -0.0703232 0.0065 0.0100653
      endloop
   endfacet
   facet normal 0.499978 0.707107 -0.500022
      outer loop
         vertex -0.0706767 0.007 0.0104189
         vertex -0.0695412 0.007 0.0111776
         vertex -0.0693499 0.0065 0.0107156
      endloop
   endfacet
   facet normal 0.270569 0.707107 -0.653294
      outer loop
         vertex -0.0695412 0.007 0.0111776
         vertex -0.0682018 0.007 0.0114439
         vertex -0.0682018 0.0065 0.0109439
      endloop
   endfacet
   facet normal -3.14757e-05 0.707107 -0.707107
      outer loop
         vertex -0.0682018 0.0065 0.0109439
         vertex -0.0693499 0.0065 0.0107156
         vertex -0.0695412 0.007 0.0111776
      endloop
   endfacet
   facet normal 0.270569 0.707107 -0.653294
      outer loop
         vertex -0.0693499 0.0065 0.0107156
         vertex -0.0703232 0.0065 0.0100653
         vertex -0.0706767 0.007 0.0104189
      endloop
   endfacet
   facet normal 0.499978 0.707107 -0.500022
      outer loop
         vertex -0.0703232 0.0065 0.0100653
         vertex -0.0709736 0.0065 0.0090921
         vertex -0.0714355 0.007 0.00928347
      endloop
   endfacet
   facet normal 0.653269 0.707107 -0.270627
      outer loop
         vertex -0.0709736 0.0065 0.0090921
         vertex -0.071202 0.0065 0.00794406
         vertex -0.071702 0.007 0.00794409
      endloop
   endfacet
   facet normal 0.707107 0.707107 -3.14757e-05
      outer loop
         vertex -0.071202 0.0065 0.00794406
         vertex -0.0709737 0.0065 0.006796
         vertex -0.0714356 0.007 0.00660468
      endloop
   endfacet
   facet normal 0.653294 0.707107 0.270569
      outer loop
         vertex -0.0709737 0.0065 0.006796
         vertex -0.0703234 0.0065 0.00582271
         vertex -0.0706769 0.007 0.00546917
      endloop
   endfacet
   facet normal 0.500022 0.707107 0.499978
      outer loop
         vertex -0.0703234 0.0065 0.00582271
         vertex -0.0693501 0.0065 0.00517234
         vertex -0.0695415 0.007 0.00471041
      endloop
   endfacet
   facet normal 0.270627 0.707107 0.653269
      outer loop
         vertex -0.0693501 0.0065 0.00517234
         vertex -0.0682021 0.0065 0.00494393
         vertex -0.0682021 0.007 0.00444393
      endloop
   endfacet
   facet normal 3.14757e-05 0.707107 0.707107
      outer loop
         vertex -0.0682021 0.0065 0.00494393
         vertex -0.067054 0.0065 0.00517224
         vertex -0.0668627 0.007 0.00471029
      endloop
   endfacet
   facet normal -0.270569 0.707107 0.653294
      outer loop
         vertex -0.067054 0.0065 0.00517224
         vertex -0.0660807 0.0065 0.00582252
         vertex -0.0657272 0.007 0.00546895
      endloop
   endfacet
   facet normal -0.499978 0.707107 0.500022
      outer loop
         vertex -0.0660807 0.0065 0.00582252
         vertex -0.0654304 0.0065 0.00679576
         vertex -0.0649684 0.007 0.0066044
      endloop
   endfacet
   facet normal -0.653269 0.707107 0.270627
      outer loop
         vertex -0.0654304 0.0065 0.00679576
         vertex -0.065202 0.0065 0.0079438
         vertex -0.064702 0.007 0.00794378
      endloop
   endfacet
   facet normal -0.707107 0.707107 3.14757e-05
      outer loop
         vertex -0.065202 0.0065 0.0079438
         vertex -0.0654303 0.0065 0.00909186
         vertex -0.0649683 0.007 0.00928318
      endloop
   endfacet
   facet normal -0.653294 0.707107 -0.270569
      outer loop
         vertex -0.0654303 0.0065 0.00909186
         vertex -0.0660805 0.0065 0.0100652
         vertex -0.065727 0.007 0.0104187
      endloop
   endfacet
   facet normal -0.500022 0.707107 -0.499978
      outer loop
         vertex -0.0660805 0.0065 0.0100652
         vertex -0.0670538 0.0065 0.0107155
         vertex -0.0668624 0.007 0.0111774
      endloop
   endfacet
   facet normal -0.270627 0.707107 -0.653269
      outer loop
         vertex -0.0670538 0.0065 0.0107155
         vertex -0.0682018 0.0065 0.0109439
         vertex -0.0682018 0.007 0.0114439
      endloop
   endfacet
   facet normal 4.29858e-17 -1 -3.35293e-16
      outer loop
         vertex -0.068202 0.007 0.00794393
         vertex -0.0695412 0.007 0.0111776
         vertex -0.0706767 0.007 0.0104189
      endloop
   endfacet
   facet normal 4.29858e-17 -1 -3.35293e-16
      outer loop
         vertex -0.0706767 0.007 0.0104189
         vertex -0.0714355 0.007 0.00928347
         vertex -0.068202 0.007 0.00794393
      endloop
   endfacet
   facet normal 4.29858e-17 -1 -3.35293e-16
      outer loop
         vertex -0.0714355 0.007 0.00928347
         vertex -0.071702 0.007 0.00794409
         vertex -0.068202 0.007 0.00794393
      endloop
   endfacet
   facet normal 4.29858e-17 -1 -3.35293e-16
      outer loop
         vertex -0.071702 0.007 0.00794409
         vertex -0.0714356 0.007 0.00660468
         vertex -0.068202 0.007 0.00794393
      endloop
   endfacet
   facet normal 4.29858e-17 -1 -3.35293e-16
      outer loop
         vertex -0.0714356 0.007 0.00660468
         vertex -0.0706769 0.007 0.00546917
         vertex -0.068202 0.007 0.00794393
      endloop
   endfacet
   facet normal 4.29858e-17 -1 -3.35293e-16
      outer loop
         vertex -0.0706769 0.007 0.00546917
         vertex -0.0695415 0.007 0.00471041
         vertex -0.068202 0.007 0.00794393
      endloop
   endfacet
   facet normal 4.29858e-17 -1 -3.35293e-16
      outer loop
         vertex -0.0695415 0.007 0.00471041
         vertex -0.0682021 0.007 0.00444393
         vertex -0.068202 0.007 0.00794393
      endloop
   endfacet
   facet normal 4.29858e-17 -1 -3.35293e-16
      outer loop
         vertex -0.0682021 0.007 0.00444393
         vertex -0.0668627 0.007 0.00471029
         vertex -0.068202 0.007 0.00794393
      endloop
   endfacet
   facet normal 4.29858e-17 -1 -3.35293e-16
      outer loop
         vertex -0.0668627 0.007 0.00471029
         vertex -0.0657272 0.007 0.00546895
         vertex -0.068202 0.007 0.00794393
      endloop
   endfacet
   facet normal 4.29858e-17 -1 -3.35293e-16
      outer loop
         vertex -0.0657272 0.007 0.00546895
         vertex -0.0649684 0.007 0.0066044
         vertex -0.068202 0.007 0.00794393
      endloop
   endfacet
   facet normal 4.29858e-17 -1 -3.35293e-16
      outer loop
         vertex -0.0649684 0.007 0.0066044
         vertex -0.064702 0.007 0.00794378
         vertex -0.068202 0.007 0.00794393
      endloop
   endfacet
   facet normal 4.29858e-17 -1 -3.35293e-16
      outer loop
         vertex -0.064702 0.007 0.00794378
         vertex -0.0649683 0.007 0.00928318
         vertex -0.068202 0.007 0.00794393
      endloop
   endfacet
   facet normal 4.29858e-17 -1 -3.35293e-16
      outer loop
         vertex -0.0649683 0.007 0.00928318
         vertex -0.065727 0.007 0.0104187
         vertex -0.068202 0.007 0.00794393
      endloop
   endfacet
   facet normal 4.29858e-17 -1 -3.35293e-16
      outer loop
         vertex -0.065727 0.007 0.0104187
         vertex -0.0668624 0.007 0.0111774
         vertex -0.068202 0.007 0.00794393
      endloop
   endfacet
   facet normal 4.29858e-17 -1 -3.35293e-16
      outer loop
         vertex -0.0668624 0.007 0.0111774
         vertex -0.0682018 0.007 0.0114439
         vertex -0.068202 0.007 0.00794393
      endloop
   endfacet
   facet normal 4.29858e-17 -1 -3.35293e-16
      outer loop
         vertex -0.0682018 0.007 0.0114439
         vertex -0.0695412 0.007 0.0111776
         vertex -0.068202 0.007 0.00794393
      endloop
   endfacet
   facet normal -4.29858e-17 1 3.35293e-16
      outer loop
         vertex -0.0503005 -0.007 0.0144586
         vertex -0.048961 -0.007 0.0176921
         vertex -0.0478255 -0.007 0.0169334
      endloop
   endfacet
   facet normal -4.29858e-17 1 3.35293e-16
      outer loop
         vertex -0.0478255 -0.007 0.0169334
         vertex -0.0470669 -0.007 0.0157979
         vertex -0.0503005 -0.007 0.0144586
      endloop
   endfacet
   facet normal -4.29858e-17 1 3.35293e-16
      outer loop
         vertex -0.0470669 -0.007 0.0157979
         vertex -0.0468005 -0.007 0.0144585
         vertex -0.0503005 -0.007 0.0144586
      endloop
   endfacet
   facet normal -4.29858e-17 1 3.35293e-16
      outer loop
         vertex -0.0468005 -0.007 0.0144585
         vertex -0.047067 -0.007 0.0131191
         vertex -0.0503005 -0.007 0.0144586
      endloop
   endfacet
   facet normal -4.29858e-17 1 3.35293e-16
      outer loop
         vertex -0.047067 -0.007 0.0131191
         vertex -0.0478258 -0.007 0.0119836
         vertex -0.0503005 -0.007 0.0144586
      endloop
   endfacet
   facet normal -4.29858e-17 1 3.35293e-16
      outer loop
         vertex -0.0478258 -0.007 0.0119836
         vertex -0.0489613 -0.007 0.011225
         vertex -0.0503005 -0.007 0.0144586
      endloop
   endfacet
   facet normal -4.29858e-17 1 3.35293e-16
      outer loop
         vertex -0.0489613 -0.007 0.011225
         vertex -0.0503007 -0.007 0.0109586
         vertex -0.0503005 -0.007 0.0144586
      endloop
   endfacet
   facet normal -4.29858e-17 1 3.35293e-16
      outer loop
         vertex -0.0503007 -0.007 0.0109586
         vertex -0.0516401 -0.007 0.0112251
         vertex -0.0503005 -0.007 0.0144586
      endloop
   endfacet
   facet normal -4.29858e-17 1 3.35293e-16
      outer loop
         vertex -0.0516401 -0.007 0.0112251
         vertex -0.0527755 -0.007 0.0119839
         vertex -0.0503005 -0.007 0.0144586
      endloop
   endfacet
   facet normal -4.29858e-17 1 3.35293e-16
      outer loop
         vertex -0.0527755 -0.007 0.0119839
         vertex -0.0535342 -0.007 0.0131194
         vertex -0.0503005 -0.007 0.0144586
      endloop
   endfacet
   facet normal -4.29858e-17 1 3.35293e-16
      outer loop
         vertex -0.0535342 -0.007 0.0131194
         vertex -0.0538005 -0.007 0.0144588
         vertex -0.0503005 -0.007 0.0144586
      endloop
   endfacet
   facet normal -4.29858e-17 1 3.35293e-16
      outer loop
         vertex -0.0538005 -0.007 0.0144588
         vertex -0.053534 -0.007 0.0157982
         vertex -0.0503005 -0.007 0.0144586
      endloop
   endfacet
   facet normal -4.29858e-17 1 3.35293e-16
      outer loop
         vertex -0.053534 -0.007 0.0157982
         vertex -0.0527753 -0.007 0.0169336
         vertex -0.0503005 -0.007 0.0144586
      endloop
   endfacet
   facet normal -4.29858e-17 1 3.35293e-16
      outer loop
         vertex -0.0527753 -0.007 0.0169336
         vertex -0.0516398 -0.007 0.0176923
         vertex -0.0503005 -0.007 0.0144586
      endloop
   endfacet
   facet normal -4.29858e-17 1 3.35293e-16
      outer loop
         vertex -0.0516398 -0.007 0.0176923
         vertex -0.0503004 -0.007 0.0179586
         vertex -0.0503005 -0.007 0.0144586
      endloop
   endfacet
   facet normal -4.29858e-17 1 3.35293e-16
      outer loop
         vertex -0.0503004 -0.007 0.0179586
         vertex -0.048961 -0.007 0.0176921
         vertex -0.0503005 -0.007 0.0144586
      endloop
   endfacet
   facet normal 3.14757e-05 -0.707107 0.707107
      outer loop
         vertex -0.0503007 -0.007 0.0109586
         vertex -0.0489613 -0.007 0.011225
         vertex -0.0491526 -0.0065 0.0116869
      endloop
   endfacet
   facet normal -0.270569 -0.707107 0.653294
      outer loop
         vertex -0.0489613 -0.007 0.011225
         vertex -0.0478258 -0.007 0.0119836
         vertex -0.0481793 -0.0065 0.0123372
      endloop
   endfacet
   facet normal -0.499978 -0.707107 0.500022
      outer loop
         vertex -0.0478258 -0.007 0.0119836
         vertex -0.047067 -0.007 0.0131191
         vertex -0.0475289 -0.0065 0.0133104
      endloop
   endfacet
   facet normal -0.653269 -0.707107 0.270627
      outer loop
         vertex -0.047067 -0.007 0.0131191
         vertex -0.0468005 -0.007 0.0144585
         vertex -0.0473005 -0.0065 0.0144585
      endloop
   endfacet
   facet normal -0.707107 -0.707107 3.14757e-05
      outer loop
         vertex -0.0468005 -0.007 0.0144585
         vertex -0.0470669 -0.007 0.0157979
         vertex -0.0475288 -0.0065 0.0156065
      endloop
   endfacet
   facet normal -0.653294 -0.707107 -0.270569
      outer loop
         vertex -0.0470669 -0.007 0.0157979
         vertex -0.0478255 -0.007 0.0169334
         vertex -0.0481791 -0.0065 0.0165798
      endloop
   endfacet
   facet normal -0.500022 -0.707107 -0.499978
      outer loop
         vertex -0.0478255 -0.007 0.0169334
         vertex -0.048961 -0.007 0.0176921
         vertex -0.0491524 -0.0065 0.0172302
      endloop
   endfacet
   facet normal -0.270627 -0.707107 -0.653269
      outer loop
         vertex -0.048961 -0.007 0.0176921
         vertex -0.0503004 -0.007 0.0179586
         vertex -0.0503004 -0.0065 0.0174586
      endloop
   endfacet
   facet normal -3.14757e-05 -0.707107 -0.707107
      outer loop
         vertex -0.0503004 -0.007 0.0179586
         vertex -0.0516398 -0.007 0.0176923
         vertex -0.0514485 -0.0065 0.0172303
      endloop
   endfacet
   facet normal 0.270569 -0.707107 -0.653294
      outer loop
         vertex -0.0516398 -0.007 0.0176923
         vertex -0.0527753 -0.007 0.0169336
         vertex -0.0524218 -0.0065 0.01658
      endloop
   endfacet
   facet normal 0.499978 -0.707107 -0.500022
      outer loop
         vertex -0.0527753 -0.007 0.0169336
         vertex -0.053534 -0.007 0.0157982
         vertex -0.0530721 -0.0065 0.0156068
      endloop
   endfacet
   facet normal 0.653269 -0.707107 -0.270627
      outer loop
         vertex -0.053534 -0.007 0.0157982
         vertex -0.0538005 -0.007 0.0144588
         vertex -0.0533005 -0.0065 0.0144588
      endloop
   endfacet
   facet normal 0.707107 -0.707107 -3.14757e-05
      outer loop
         vertex -0.0538005 -0.007 0.0144588
         vertex -0.0535342 -0.007 0.0131194
         vertex -0.0530722 -0.0065 0.0133107
      endloop
   endfacet
   facet normal 0.653294 -0.707107 0.270569
      outer loop
         vertex -0.0535342 -0.007 0.0131194
         vertex -0.0527755 -0.007 0.0119839
         vertex -0.0524219 -0.0065 0.0123374
      endloop
   endfacet
   facet normal 0.500022 -0.707107 0.499978
      outer loop
         vertex -0.0527755 -0.007 0.0119839
         vertex -0.0516401 -0.007 0.0112251
         vertex -0.0514487 -0.0065 0.011687
      endloop
   endfacet
   facet normal 0.270627 -0.707107 0.653269
      outer loop
         vertex -0.0516401 -0.007 0.0112251
         vertex -0.0503007 -0.007 0.0109586
         vertex -0.0503007 -0.0065 0.0114586
      endloop
   endfacet
   facet normal 3.14757e-05 -0.707107 0.707107
      outer loop
         vertex -0.0503007 -0.0065 0.0114586
         vertex -0.0514487 -0.0065 0.011687
         vertex -0.0516401 -0.007 0.0112251
      endloop
   endfacet
   facet normal 0.270627 -0.707107 0.653269
      outer loop
         vertex -0.0514487 -0.0065 0.011687
         vertex -0.0524219 -0.0065 0.0123374
         vertex -0.0527755 -0.007 0.0119839
      endloop
   endfacet
   facet normal 0.500022 -0.707107 0.499978
      outer loop
         vertex -0.0524219 -0.0065 0.0123374
         vertex -0.0530722 -0.0065 0.0133107
         vertex -0.0535342 -0.007 0.0131194
      endloop
   endfacet
   facet normal 0.653294 -0.707107 0.270569
      outer loop
         vertex -0.0530722 -0.0065 0.0133107
         vertex -0.0533005 -0.0065 0.0144588
         vertex -0.0538005 -0.007 0.0144588
      endloop
   endfacet
   facet normal 0.707107 -0.707107 -3.14757e-05
      outer loop
         vertex -0.0533005 -0.0065 0.0144588
         vertex -0.0530721 -0.0065 0.0156068
         vertex -0.053534 -0.007 0.0157982
      endloop
   endfacet
   facet normal 0.653269 -0.707107 -0.270627
      outer loop
         vertex -0.0530721 -0.0065 0.0156068
         vertex -0.0524218 -0.0065 0.01658
         vertex -0.0527753 -0.007 0.0169336
      endloop
   endfacet
   facet normal 0.499978 -0.707107 -0.500022
      outer loop
         vertex -0.0524218 -0.0065 0.01658
         vertex -0.0514485 -0.0065 0.0172303
         vertex -0.0516398 -0.007 0.0176923
      endloop
   endfacet
   facet normal 0.270569 -0.707107 -0.653294
      outer loop
         vertex -0.0514485 -0.0065 0.0172303
         vertex -0.0503004 -0.0065 0.0174586
         vertex -0.0503004 -0.007 0.0179586
      endloop
   endfacet
   facet normal -3.14757e-05 -0.707107 -0.707107
      outer loop
         vertex -0.0503004 -0.0065 0.0174586
         vertex -0.0491524 -0.0065 0.0172302
         vertex -0.048961 -0.007 0.0176921
      endloop
   endfacet
   facet normal -0.270627 -0.707107 -0.653269
      outer loop
         vertex -0.0491524 -0.0065 0.0172302
         vertex -0.0481791 -0.0065 0.0165798
         vertex -0.0478255 -0.007 0.0169334
      endloop
   endfacet
   facet normal -0.500022 -0.707107 -0.499978
      outer loop
         vertex -0.0481791 -0.0065 0.0165798
         vertex -0.0475288 -0.0065 0.0156065
         vertex -0.0470669 -0.007 0.0157979
      endloop
   endfacet
   facet normal -0.653294 -0.707107 -0.270569
      outer loop
         vertex -0.0475288 -0.0065 0.0156065
         vertex -0.0473005 -0.0065 0.0144585
         vertex -0.0468005 -0.007 0.0144585
      endloop
   endfacet
   facet normal -0.707107 -0.707107 3.14757e-05
      outer loop
         vertex -0.0473005 -0.0065 0.0144585
         vertex -0.0475289 -0.0065 0.0133104
         vertex -0.047067 -0.007 0.0131191
      endloop
   endfacet
   facet normal -0.653269 -0.707107 0.270627
      outer loop
         vertex -0.0475289 -0.0065 0.0133104
         vertex -0.0481793 -0.0065 0.0123372
         vertex -0.0478258 -0.007 0.0119836
      endloop
   endfacet
   facet normal -0.499978 -0.707107 0.500022
      outer loop
         vertex -0.0481793 -0.0065 0.0123372
         vertex -0.0491526 -0.0065 0.0116869
         vertex -0.0489613 -0.007 0.011225
      endloop
   endfacet
   facet normal -0.270569 -0.707107 0.653294
      outer loop
         vertex -0.0491526 -0.0065 0.0116869
         vertex -0.0503007 -0.0065 0.0114586
         vertex -0.0503007 -0.007 0.0109586
      endloop
   endfacet
   facet normal 0.382642 2.83568e-16 -0.923897
      outer loop
         vertex -0.0514485 0.0065 0.0172303
         vertex -0.0503004 0.0065 0.0174586
         vertex -0.0503004 -0.0065 0.0174586
      endloop
   endfacet
   facet normal 0.707075 2.34845e-16 -0.707138
      outer loop
         vertex -0.0524218 0.0065 0.01658
         vertex -0.0514485 0.0065 0.0172303
         vertex -0.0514485 -0.0065 0.0172303
      endloop
   endfacet
   facet normal 0.923862 1.50369e-16 -0.382725
      outer loop
         vertex -0.0530721 0.0065 0.0156068
         vertex -0.0524218 0.0065 0.01658
         vertex -0.0524218 -0.0065 0.01658
      endloop
   endfacet
   facet normal 1 4.30007e-17 -4.45134e-05
      outer loop
         vertex -0.0533005 0.0065 0.0144588
         vertex -0.0530721 0.0065 0.0156068
         vertex -0.0530721 -0.0065 0.0156068
      endloop
   endfacet
   facet normal 0.923897 -7.09141e-17 0.382642
      outer loop
         vertex -0.0530722 0.0065 0.0133107
         vertex -0.0533005 0.0065 0.0144588
         vertex -0.0533005 -0.0065 0.0144588
      endloop
   endfacet
   facet normal 0.707138 -1.74033e-16 0.707075
      outer loop
         vertex -0.0524219 0.0065 0.0123374
         vertex -0.0530722 0.0065 0.0133107
         vertex -0.0530722 -0.0065 0.0133107
      endloop
   endfacet
   facet normal 0.382725 -2.50657e-16 0.923862
      outer loop
         vertex -0.0514487 0.0065 0.011687
         vertex -0.0524219 0.0065 0.0123374
         vertex -0.0524219 -0.0065 0.0123374
      endloop
   endfacet
   facet normal 4.45134e-05 -2.89121e-16 1
      outer loop
         vertex -0.0503007 0.0065 0.0114586
         vertex -0.0514487 0.0065 0.011687
         vertex -0.0514487 -0.0065 0.011687
      endloop
   endfacet
   facet normal -0.382642 -2.83568e-16 0.923897
      outer loop
         vertex -0.0491526 0.0065 0.0116869
         vertex -0.0503007 0.0065 0.0114586
         vertex -0.0503007 -0.0065 0.0114586
      endloop
   endfacet
   facet normal -0.707075 -2.34845e-16 0.707138
      outer loop
         vertex -0.0481793 0.0065 0.0123372
         vertex -0.0491526 0.0065 0.0116869
         vertex -0.0491526 -0.0065 0.0116869
      endloop
   endfacet
   facet normal -0.923862 -1.50369e-16 0.382725
      outer loop
         vertex -0.0475289 0.0065 0.0133104
         vertex -0.0481793 0.0065 0.0123372
         vertex -0.0481793 -0.0065 0.0123372
      endloop
   endfacet
   facet normal -1 -4.30007e-17 4.45134e-05
      outer loop
         vertex -0.0473005 0.0065 0.0144585
         vertex -0.0475289 0.0065 0.0133104
         vertex -0.0475289 -0.0065 0.0133104
      endloop
   endfacet
   facet normal -0.923897 7.09141e-17 -0.382642
      outer loop
         vertex -0.0475288 0.0065 0.0156065
         vertex -0.0473005 0.0065 0.0144585
         vertex -0.0473005 -0.0065 0.0144585
      endloop
   endfacet
   facet normal -0.707138 1.74033e-16 -0.707075
      outer loop
         vertex -0.0481791 0.0065 0.0165798
         vertex -0.0475288 0.0065 0.0156065
         vertex -0.0475288 -0.0065 0.0156065
      endloop
   endfacet
   facet normal -0.382725 2.50657e-16 -0.923862
      outer loop
         vertex -0.0491524 0.0065 0.0172302
         vertex -0.0481791 0.0065 0.0165798
         vertex -0.0481791 -0.0065 0.0165798
      endloop
   endfacet
   facet normal -4.45134e-05 2.89121e-16 -1
      outer loop
         vertex -0.0503004 0.0065 0.0174586
         vertex -0.0491524 0.0065 0.0172302
         vertex -0.0491524 -0.0065 0.0172302
      endloop
   endfacet
   facet normal -0.382725 2.50657e-16 -0.923862
      outer loop
         vertex -0.0491524 -0.0065 0.0172302
         vertex -0.0503004 -0.0065 0.0174586
         vertex -0.0503004 0.0065 0.0174586
      endloop
   endfacet
   facet normal -0.707138 1.74033e-16 -0.707075
      outer loop
         vertex -0.0481791 -0.0065 0.0165798
         vertex -0.0491524 -0.0065 0.0172302
         vertex -0.0491524 0.0065 0.0172302
      endloop
   endfacet
   facet normal -0.923897 7.09141e-17 -0.382642
      outer loop
         vertex -0.0475288 -0.0065 0.0156065
         vertex -0.0481791 -0.0065 0.0165798
         vertex -0.0481791 0.0065 0.0165798
      endloop
   endfacet
   facet normal -1 -4.30007e-17 4.45134e-05
      outer loop
         vertex -0.0473005 -0.0065 0.0144585
         vertex -0.0475288 -0.0065 0.0156065
         vertex -0.0475288 0.0065 0.0156065
      endloop
   endfacet
   facet normal -0.923862 -1.50369e-16 0.382725
      outer loop
         vertex -0.0475289 -0.0065 0.0133104
         vertex -0.0473005 -0.0065 0.0144585
         vertex -0.0473005 0.0065 0.0144585
      endloop
   endfacet
   facet normal -0.707075 -2.34845e-16 0.707138
      outer loop
         vertex -0.0481793 -0.0065 0.0123372
         vertex -0.0475289 -0.0065 0.0133104
         vertex -0.0475289 0.0065 0.0133104
      endloop
   endfacet
   facet normal -0.382642 -2.83568e-16 0.923897
      outer loop
         vertex -0.0491526 -0.0065 0.0116869
         vertex -0.0481793 -0.0065 0.0123372
         vertex -0.0481793 0.0065 0.0123372
      endloop
   endfacet
   facet normal 4.45134e-05 -2.89121e-16 1
      outer loop
         vertex -0.0503007 -0.0065 0.0114586
         vertex -0.0491526 -0.0065 0.0116869
         vertex -0.0491526 0.0065 0.0116869
      endloop
   endfacet
   facet normal 0.382725 -2.50657e-16 0.923862
      outer loop
         vertex -0.0514487 -0.0065 0.011687
         vertex -0.0503007 -0.0065 0.0114586
         vertex -0.0503007 0.0065 0.0114586
      endloop
   endfacet
   facet normal 0.707138 -1.74033e-16 0.707075
      outer loop
         vertex -0.0524219 -0.0065 0.0123374
         vertex -0.0514487 -0.0065 0.011687
         vertex -0.0514487 0.0065 0.011687
      endloop
   endfacet
   facet normal 0.923897 -7.09141e-17 0.382642
      outer loop
         vertex -0.0530722 -0.0065 0.0133107
         vertex -0.0524219 -0.0065 0.0123374
         vertex -0.0524219 0.0065 0.0123374
      endloop
   endfacet
   facet normal 1 4.30007e-17 -4.45134e-05
      outer loop
         vertex -0.0533005 -0.0065 0.0144588
         vertex -0.0530722 -0.0065 0.0133107
         vertex -0.0530722 0.0065 0.0133107
      endloop
   endfacet
   facet normal 0.923862 1.50369e-16 -0.382725
      outer loop
         vertex -0.0530721 -0.0065 0.0156068
         vertex -0.0533005 -0.0065 0.0144588
         vertex -0.0533005 0.0065 0.0144588
      endloop
   endfacet
   facet normal 0.707075 2.34845e-16 -0.707138
      outer loop
         vertex -0.0524218 -0.0065 0.01658
         vertex -0.0530721 -0.0065 0.0156068
         vertex -0.0530721 0.0065 0.0156068
      endloop
   endfacet
   facet normal 0.382642 2.83568e-16 -0.923897
      outer loop
         vertex -0.0514485 -0.0065 0.0172303
         vertex -0.0524218 -0.0065 0.01658
         vertex -0.0524218 0.0065 0.01658
      endloop
   endfacet
   facet normal -4.45134e-05 2.89121e-16 -1
      outer loop
         vertex -0.0503004 -0.0065 0.0174586
         vertex -0.0514485 -0.0065 0.0172303
         vertex -0.0514485 0.0065 0.0172303
      endloop
   endfacet
   facet normal -3.14757e-05 0.707107 -0.707107
      outer loop
         vertex -0.0503004 0.007 0.0179586
         vertex -0.048961 0.007 0.0176921
         vertex -0.0491524 0.0065 0.0172302
      endloop
   endfacet
   facet normal -0.270627 0.707107 -0.653269
      outer loop
         vertex -0.048961 0.007 0.0176921
         vertex -0.0478255 0.007 0.0169334
         vertex -0.0481791 0.0065 0.0165798
      endloop
   endfacet
   facet normal -0.500022 0.707107 -0.499978
      outer loop
         vertex -0.0478255 0.007 0.0169334
         vertex -0.0470669 0.007 0.0157979
         vertex -0.0475288 0.0065 0.0156065
      endloop
   endfacet
   facet normal -0.653294 0.707107 -0.270569
      outer loop
         vertex -0.0470669 0.007 0.0157979
         vertex -0.0468005 0.007 0.0144585
         vertex -0.0473005 0.0065 0.0144585
      endloop
   endfacet
   facet normal -0.707107 0.707107 3.14757e-05
      outer loop
         vertex -0.0468005 0.007 0.0144585
         vertex -0.047067 0.007 0.0131191
         vertex -0.0475289 0.0065 0.0133104
      endloop
   endfacet
   facet normal -0.653269 0.707107 0.270627
      outer loop
         vertex -0.047067 0.007 0.0131191
         vertex -0.0478258 0.007 0.0119836
         vertex -0.0481793 0.0065 0.0123372
      endloop
   endfacet
   facet normal -0.499978 0.707107 0.500022
      outer loop
         vertex -0.0478258 0.007 0.0119836
         vertex -0.0489613 0.007 0.011225
         vertex -0.0491526 0.0065 0.0116869
      endloop
   endfacet
   facet normal -0.270569 0.707107 0.653294
      outer loop
         vertex -0.0489613 0.007 0.011225
         vertex -0.0503007 0.007 0.0109586
         vertex -0.0503007 0.0065 0.0114586
      endloop
   endfacet
   facet normal 3.14757e-05 0.707107 0.707107
      outer loop
         vertex -0.0503007 0.007 0.0109586
         vertex -0.0516401 0.007 0.0112251
         vertex -0.0514487 0.0065 0.011687
      endloop
   endfacet
   facet normal 0.270627 0.707107 0.653269
      outer loop
         vertex -0.0516401 0.007 0.0112251
         vertex -0.0527755 0.007 0.0119839
         vertex -0.0524219 0.0065 0.0123374
      endloop
   endfacet
   facet normal 0.500022 0.707107 0.499978
      outer loop
         vertex -0.0527755 0.007 0.0119839
         vertex -0.0535342 0.007 0.0131194
         vertex -0.0530722 0.0065 0.0133107
      endloop
   endfacet
   facet normal 0.653294 0.707107 0.270569
      outer loop
         vertex -0.0535342 0.007 0.0131194
         vertex -0.0538005 0.007 0.0144588
         vertex -0.0533005 0.0065 0.0144588
      endloop
   endfacet
   facet normal 0.707107 0.707107 -3.14757e-05
      outer loop
         vertex -0.0538005 0.007 0.0144588
         vertex -0.053534 0.007 0.0157982
         vertex -0.0530721 0.0065 0.0156068
      endloop
   endfacet
   facet normal 0.653269 0.707107 -0.270627
      outer loop
         vertex -0.053534 0.007 0.0157982
         vertex -0.0527753 0.007 0.0169336
         vertex -0.0524218 0.0065 0.01658
      endloop
   endfacet
   facet normal 0.499978 0.707107 -0.500022
      outer loop
         vertex -0.0527753 0.007 0.0169336
         vertex -0.0516398 0.007 0.0176923
         vertex -0.0514485 0.0065 0.0172303
      endloop
   endfacet
   facet normal 0.270569 0.707107 -0.653294
      outer loop
         vertex -0.0516398 0.007 0.0176923
         vertex -0.0503004 0.007 0.0179586
         vertex -0.0503004 0.0065 0.0174586
      endloop
   endfacet
   facet normal -3.14757e-05 0.707107 -0.707107
      outer loop
         vertex -0.0503004 0.0065 0.0174586
         vertex -0.0514485 0.0065 0.0172303
         vertex -0.0516398 0.007 0.0176923
      endloop
   endfacet
   facet normal 0.270569 0.707107 -0.653294
      outer loop
         vertex -0.0514485 0.0065 0.0172303
         vertex -0.0524218 0.0065 0.01658
         vertex -0.0527753 0.007 0.0169336
      endloop
   endfacet
   facet normal 0.499978 0.707107 -0.500022
      outer loop
         vertex -0.0524218 0.0065 0.01658
         vertex -0.0530721 0.0065 0.0156068
         vertex -0.053534 0.007 0.0157982
      endloop
   endfacet
   facet normal 0.653269 0.707107 -0.270627
      outer loop
         vertex -0.0530721 0.0065 0.0156068
         vertex -0.0533005 0.0065 0.0144588
         vertex -0.0538005 0.007 0.0144588
      endloop
   endfacet
   facet normal 0.707107 0.707107 -3.14757e-05
      outer loop
         vertex -0.0533005 0.0065 0.0144588
         vertex -0.0530722 0.0065 0.0133107
         vertex -0.0535342 0.007 0.0131194
      endloop
   endfacet
   facet normal 0.653294 0.707107 0.270569
      outer loop
         vertex -0.0530722 0.0065 0.0133107
         vertex -0.0524219 0.0065 0.0123374
         vertex -0.0527755 0.007 0.0119839
      endloop
   endfacet
   facet normal 0.500022 0.707107 0.499978
      outer loop
         vertex -0.0524219 0.0065 0.0123374
         vertex -0.0514487 0.0065 0.011687
         vertex -0.0516401 0.007 0.0112251
      endloop
   endfacet
   facet normal 0.270627 0.707107 0.653269
      outer loop
         vertex -0.0514487 0.0065 0.011687
         vertex -0.0503007 0.0065 0.0114586
         vertex -0.0503007 0.007 0.0109586
      endloop
   endfacet
   facet normal 3.14757e-05 0.707107 0.707107
      outer loop
         vertex -0.0503007 0.0065 0.0114586
         vertex -0.0491526 0.0065 0.0116869
         vertex -0.0489613 0.007 0.011225
      endloop
   endfacet
   facet normal -0.270569 0.707107 0.653294
      outer loop
         vertex -0.0491526 0.0065 0.0116869
         vertex -0.0481793 0.0065 0.0123372
         vertex -0.0478258 0.007 0.0119836
      endloop
   endfacet
   facet normal -0.499978 0.707107 0.500022
      outer loop
         vertex -0.0481793 0.0065 0.0123372
         vertex -0.0475289 0.0065 0.0133104
         vertex -0.047067 0.007 0.0131191
      endloop
   endfacet
   facet normal -0.653269 0.707107 0.270627
      outer loop
         vertex -0.0475289 0.0065 0.0133104
         vertex -0.0473005 0.0065 0.0144585
         vertex -0.0468005 0.007 0.0144585
      endloop
   endfacet
   facet normal -0.707107 0.707107 3.14757e-05
      outer loop
         vertex -0.0473005 0.0065 0.0144585
         vertex -0.0475288 0.0065 0.0156065
         vertex -0.0470669 0.007 0.0157979
      endloop
   endfacet
   facet normal -0.653294 0.707107 -0.270569
      outer loop
         vertex -0.0475288 0.0065 0.0156065
         vertex -0.0481791 0.0065 0.0165798
         vertex -0.0478255 0.007 0.0169334
      endloop
   endfacet
   facet normal -0.500022 0.707107 -0.499978
      outer loop
         vertex -0.0481791 0.0065 0.0165798
         vertex -0.0491524 0.0065 0.0172302
         vertex -0.048961 0.007 0.0176921
      endloop
   endfacet
   facet normal -0.270627 0.707107 -0.653269
      outer loop
         vertex -0.0491524 0.0065 0.0172302
         vertex -0.0503004 0.0065 0.0174586
         vertex -0.0503004 0.007 0.0179586
      endloop
   endfacet
   facet normal 4.29858e-17 -1 -3.35293e-16
      outer loop
         vertex -0.0503005 0.007 0.0144586
         vertex -0.0516398 0.007 0.0176923
         vertex -0.0527753 0.007 0.0169336
      endloop
   endfacet
   facet normal 4.29858e-17 -1 -3.35293e-16
      outer loop
         vertex -0.0527753 0.007 0.0169336
         vertex -0.053534 0.007 0.0157982
         vertex -0.0503005 0.007 0.0144586
      endloop
   endfacet
   facet normal 4.29858e-17 -1 -3.35293e-16
      outer loop
         vertex -0.053534 0.007 0.0157982
         vertex -0.0538005 0.007 0.0144588
         vertex -0.0503005 0.007 0.0144586
      endloop
   endfacet
   facet normal 4.29858e-17 -1 -3.35293e-16
      outer loop
         vertex -0.0538005 0.007 0.0144588
         vertex -0.0535342 0.007 0.0131194
         vertex -0.0503005 0.007 0.0144586
      endloop
   endfacet
   facet normal 4.29858e-17 -1 -3.35293e-16
      outer loop
         vertex -0.0535342 0.007 0.0131194
         vertex -0.0527755 0.007 0.0119839
         vertex -0.0503005 0.007 0.0144586
      endloop
   endfacet
   facet normal 4.29858e-17 -1 -3.35293e-16
      outer loop
         vertex -0.0527755 0.007 0.0119839
         vertex -0.0516401 0.007 0.0112251
         vertex -0.0503005 0.007 0.0144586
      endloop
   endfacet
   facet normal 4.29858e-17 -1 -3.35293e-16
      outer loop
         vertex -0.0516401 0.007 0.0112251
         vertex -0.0503007 0.007 0.0109586
         vertex -0.0503005 0.007 0.0144586
      endloop
   endfacet
   facet normal 4.29858e-17 -1 -3.35293e-16
      outer loop
         vertex -0.0503007 0.007 0.0109586
         vertex -0.0489613 0.007 0.011225
         vertex -0.0503005 0.007 0.0144586
      endloop
   endfacet
   facet normal 4.29858e-17 -1 -3.35293e-16
      outer loop
         vertex -0.0489613 0.007 0.011225
         vertex -0.0478258 0.007 0.0119836
         vertex -0.0503005 0.007 0.0144586
      endloop
   endfacet
   facet normal 4.29858e-17 -1 -3.35293e-16
      outer loop
         vertex -0.0478258 0.007 0.0119836
         vertex -0.047067 0.007 0.0131191
         vertex -0.0503005 0.007 0.0144586
      endloop
   endfacet
   facet normal 4.29858e-17 -1 -3.35293e-16
      outer loop
         vertex -0.047067 0.007 0.0131191
         vertex -0.0468005 0.007 0.0144585
         vertex -0.0503005 0.007 0.0144586
      endloop
   endfacet
   facet normal 4.29858e-17 -1 -3.35293e-16
      outer loop
         vertex -0.0468005 0.007 0.0144585
         vertex -0.0470669 0.007 0.0157979
         vertex -0.0503005 0.007 0.0144586
      endloop
   endfacet
   facet normal 4.29858e-17 -1 -3.35293e-16
      outer loop
         vertex -0.0470669 0.007 0.0157979
         vertex -0.0478255 0.007 0.0169334
         vertex -0.0503005 0.007 0.0144586
      endloop
   endfacet
   facet normal 4.29858e-17 -1 -3.35293e-16
      outer loop
         vertex -0.0478255 0.007 0.0169334
         vertex -0.048961 0.007 0.0176921
         vertex -0.0503005 0.007 0.0144586
      endloop
   endfacet
   facet normal 4.29858e-17 -1 -3.35293e-16
      outer loop
         vertex -0.048961 0.007 0.0176921
         vertex -0.0503004 0.007 0.0179586
         vertex -0.0503005 0.007 0.0144586
      endloop
   endfacet
   facet normal 4.29858e-17 -1 -3.35293e-16
      outer loop
         vertex -0.0503004 0.007 0.0179586
         vertex -0.0516398 0.007 0.0176923
         vertex -0.0503005 0.007 0.0144586
      endloop
   endfacet
endsolid Group3^2-Finger_85_Adaptive_Gripper. Units = meters