solid R-Palm_Shell. STL generated by ONSHAPE BY PTC INC, 1.212. Units = meters
   facet normal 0.382683 -0.92388 -6.4107e-16
      outer loop
         vertex 0.0544651 -0.0738011 0.0155
         vertex 0.0549435 -0.0737059 0.0155
         vertex 0.0549435 -0.0737059 0.017
      endloop
   endfacet
   facet normal 0.707107 -0.707107 -4.90654e-16
      outer loop
         vertex 0.0540596 -0.074072 0.0155
         vertex 0.0544651 -0.0738011 0.0155
         vertex 0.0544651 -0.0738011 0.017
      endloop
   endfacet
   facet normal 0.92388 -0.382683 -2.6554e-16
      outer loop
         vertex 0.0537886 -0.0744776 0.0155
         vertex 0.0540596 -0.074072 0.0155
         vertex 0.0540596 -0.074072 0.017
      endloop
   endfacet
   facet normal 1 1.83697e-16 1.27465e-31
      outer loop
         vertex 0.0536935 -0.0749559 0.0155
         vertex 0.0537886 -0.0744776 0.0155
         vertex 0.0537886 -0.0744776 0.017
      endloop
   endfacet
   facet normal 0.92388 0.382683 2.6554e-16
      outer loop
         vertex 0.0537886 -0.0754343 0.0155
         vertex 0.0536935 -0.0749559 0.0155
         vertex 0.0536935 -0.0749559 0.017
      endloop
   endfacet
   facet normal 0.707107 0.707107 4.90654e-16
      outer loop
         vertex 0.0540596 -0.0758398 0.0155
         vertex 0.0537886 -0.0754343 0.0155
         vertex 0.0537886 -0.0754343 0.017
      endloop
   endfacet
   facet normal 0.382683 0.92388 6.4107e-16
      outer loop
         vertex 0.0544651 -0.0761108 0.0155
         vertex 0.0540596 -0.0758398 0.0155
         vertex 0.0540596 -0.0758398 0.017
      endloop
   endfacet
   facet normal 0 1 6.93889e-16
      outer loop
         vertex 0.0549435 -0.0762059 0.0155
         vertex 0.0544651 -0.0761108 0.0155
         vertex 0.0544651 -0.0761108 0.017
      endloop
   endfacet
   facet normal -0.382683 0.92388 6.4107e-16
      outer loop
         vertex 0.0554218 -0.0761108 0.0155
         vertex 0.0549435 -0.0762059 0.0155
         vertex 0.0549435 -0.0762059 0.017
      endloop
   endfacet
   facet normal -0.707107 0.707107 4.90654e-16
      outer loop
         vertex 0.0558274 -0.0758398 0.0155
         vertex 0.0554218 -0.0761108 0.0155
         vertex 0.0554218 -0.0761108 0.017
      endloop
   endfacet
   facet normal -0.92388 0.382683 2.6554e-16
      outer loop
         vertex 0.0560983 -0.0754343 0.0155
         vertex 0.0558274 -0.0758398 0.0155
         vertex 0.0558274 -0.0758398 0.017
      endloop
   endfacet
   facet normal -1 -6.12323e-17 -4.24885e-32
      outer loop
         vertex 0.0561935 -0.0749559 0.0155
         vertex 0.0560983 -0.0754343 0.0155
         vertex 0.0560983 -0.0754343 0.017
      endloop
   endfacet
   facet normal -0.92388 -0.382683 -2.6554e-16
      outer loop
         vertex 0.0560983 -0.0744776 0.0155
         vertex 0.0561935 -0.0749559 0.0155
         vertex 0.0561935 -0.0749559 0.017
      endloop
   endfacet
   facet normal -0.707107 -0.707107 -4.90654e-16
      outer loop
         vertex 0.0558274 -0.074072 0.0155
         vertex 0.0560983 -0.0744776 0.0155
         vertex 0.0560983 -0.0744776 0.017
      endloop
   endfacet
   facet normal -0.382683 -0.92388 -6.4107e-16
      outer loop
         vertex 0.0554218 -0.0738011 0.0155
         vertex 0.0558274 -0.074072 0.0155
         vertex 0.0558274 -0.074072 0.017
      endloop
   endfacet
   facet normal 2.44929e-16 -1 -6.93889e-16
      outer loop
         vertex 0.0549435 -0.0737059 0.0155
         vertex 0.0554218 -0.0738011 0.0155
         vertex 0.0554218 -0.0738011 0.017
      endloop
   endfacet
   facet normal -0.382683 -0.92388 -6.4107e-16
      outer loop
         vertex 0.0554218 -0.0738011 0.017
         vertex 0.0549435 -0.0737059 0.017
         vertex 0.0549435 -0.0737059 0.0155
      endloop
   endfacet
   facet normal -0.707107 -0.707107 -4.90654e-16
      outer loop
         vertex 0.0558274 -0.074072 0.017
         vertex 0.0554218 -0.0738011 0.017
         vertex 0.0554218 -0.0738011 0.0155
      endloop
   endfacet
   facet normal -0.92388 -0.382683 -2.6554e-16
      outer loop
         vertex 0.0560983 -0.0744776 0.017
         vertex 0.0558274 -0.074072 0.017
         vertex 0.0558274 -0.074072 0.0155
      endloop
   endfacet
   facet normal -1 -6.12323e-17 -4.24885e-32
      outer loop
         vertex 0.0561935 -0.0749559 0.017
         vertex 0.0560983 -0.0744776 0.017
         vertex 0.0560983 -0.0744776 0.0155
      endloop
   endfacet
   facet normal -0.92388 0.382683 2.6554e-16
      outer loop
         vertex 0.0560983 -0.0754343 0.017
         vertex 0.0561935 -0.0749559 0.017
         vertex 0.0561935 -0.0749559 0.0155
      endloop
   endfacet
   facet normal -0.707107 0.707107 4.90654e-16
      outer loop
         vertex 0.0558274 -0.0758398 0.017
         vertex 0.0560983 -0.0754343 0.017
         vertex 0.0560983 -0.0754343 0.0155
      endloop
   endfacet
   facet normal -0.382683 0.92388 6.4107e-16
      outer loop
         vertex 0.0554218 -0.0761108 0.017
         vertex 0.0558274 -0.0758398 0.017
         vertex 0.0558274 -0.0758398 0.0155
      endloop
   endfacet
   facet normal -1.22465e-16 1 6.93889e-16
      outer loop
         vertex 0.0549435 -0.0762059 0.017
         vertex 0.0554218 -0.0761108 0.017
         vertex 0.0554218 -0.0761108 0.0155
      endloop
   endfacet
   facet normal 0.382683 0.92388 6.4107e-16
      outer loop
         vertex 0.0544651 -0.0761108 0.017
         vertex 0.0549435 -0.0762059 0.017
         vertex 0.0549435 -0.0762059 0.0155
      endloop
   endfacet
   facet normal 0.707107 0.707107 4.90654e-16
      outer loop
         vertex 0.0540596 -0.0758398 0.017
         vertex 0.0544651 -0.0761108 0.017
         vertex 0.0544651 -0.0761108 0.0155
      endloop
   endfacet
   facet normal 0.92388 0.382683 2.6554e-16
      outer loop
         vertex 0.0537886 -0.0754343 0.017
         vertex 0.0540596 -0.0758398 0.017
         vertex 0.0540596 -0.0758398 0.0155
      endloop
   endfacet
   facet normal 1 1.83697e-16 1.27465e-31
      outer loop
         vertex 0.0536935 -0.0749559 0.017
         vertex 0.0537886 -0.0754343 0.017
         vertex 0.0537886 -0.0754343 0.0155
      endloop
   endfacet
   facet normal 0.92388 -0.382683 -2.6554e-16
      outer loop
         vertex 0.0537886 -0.0744776 0.017
         vertex 0.0536935 -0.0749559 0.017
         vertex 0.0536935 -0.0749559 0.0155
      endloop
   endfacet
   facet normal 0.707107 -0.707107 -4.90654e-16
      outer loop
         vertex 0.0540596 -0.074072 0.017
         vertex 0.0537886 -0.0744776 0.017
         vertex 0.0537886 -0.0744776 0.0155
      endloop
   endfacet
   facet normal 0.382683 -0.92388 -6.4107e-16
      outer loop
         vertex 0.0544651 -0.0738011 0.017
         vertex 0.0540596 -0.074072 0.017
         vertex 0.0540596 -0.074072 0.0155
      endloop
   endfacet
   facet normal 2.44929e-16 -1 -6.93889e-16
      outer loop
         vertex 0.0549435 -0.0737059 0.017
         vertex 0.0544651 -0.0738011 0.017
         vertex 0.0544651 -0.0738011 0.0155
      endloop
   endfacet
   facet normal 0 6.93889e-16 -1
      outer loop
         vertex 0.072763 -0.0388073 0.0155
         vertex 0.0771624 -0.0221772 0.0155
         vertex 0.0777903 -0.0258799 0.0155
      endloop
   endfacet
   facet normal 0 6.93889e-16 -1
      outer loop
         vertex 0.072763 -0.0388073 0.0155
         vertex 0.0755727 -0.0187746 0.0155
         vertex 0.0771624 -0.0221772 0.0155
      endloop
   endfacet
   facet normal 0 6.93889e-16 -1
      outer loop
         vertex 0.0774113 -0.0296164 0.0155
         vertex 0.072552 -0.0399197 0.0155
         vertex 0.072763 -0.0388073 0.0155
      endloop
   endfacet
   facet normal 0 6.93889e-16 -1
      outer loop
         vertex 0.0688148 -0.0654233 0.0155
         vertex 0.0677501 -0.0599125 0.0155
         vertex 0.072552 -0.0399197 0.0155
      endloop
   endfacet
   facet normal 0 6.93889e-16 -1
      outer loop
         vertex 0.072552 -0.0399197 0.0155
         vertex 0.0774113 -0.0296164 0.0155
         vertex 0.0688148 -0.0654233 0.0155
      endloop
   endfacet
   facet normal 0 6.93889e-16 -1
      outer loop
         vertex 0.0688148 -0.0654233 0.0155
         vertex 0.0672799 -0.0608595 0.0155
         vertex 0.0677501 -0.0599125 0.0155
      endloop
   endfacet
   facet normal 0 6.93889e-16 -1
      outer loop
         vertex 0.0558274 -0.074072 0.0155
         vertex 0.0672799 -0.0608595 0.0155
         vertex 0.0688148 -0.0654233 0.0155
      endloop
   endfacet
   facet normal 0 6.93889e-16 -1
      outer loop
         vertex 0.0544651 -0.0738011 0.0155
         vertex 0.0540596 -0.074072 0.0155
         vertex 0.0521626 -0.071711 0.0155
      endloop
   endfacet
   facet normal 0 6.93889e-16 -1
      outer loop
         vertex 0.0558274 -0.074072 0.0155
         vertex 0.0554218 -0.0738011 0.0155
         vertex 0.0665104 -0.0615847 0.0155
      endloop
   endfacet
   facet normal 0 6.93889e-16 -1
      outer loop
         vertex 0.0688148 -0.0654233 0.0155
         vertex 0.0560983 -0.0744776 0.0155
         vertex 0.0558274 -0.074072 0.0155
      endloop
   endfacet
   facet normal 0 6.93889e-16 -1
      outer loop
         vertex 0.0688148 -0.0654233 0.0155
         vertex 0.058 -0.085 0.0155
         vertex 0.0560983 -0.0754343 0.0155
      endloop
   endfacet
   facet normal 0 6.93889e-16 -1
      outer loop
         vertex 0.052 -0.0846063 0.0155
         vertex 0.0544651 -0.0761108 0.0155
         vertex 0.0549435 -0.0762059 0.0155
      endloop
   endfacet
   facet normal 0 6.93889e-16 -1
      outer loop
         vertex 0.052 -0.0726852 0.0155
         vertex 0.0536935 -0.0749559 0.0155
         vertex 0.0537886 -0.0754343 0.0155
      endloop
   endfacet
   facet normal 0 6.93889e-16 -1
      outer loop
         vertex 0.0540596 -0.074072 0.0155
         vertex 0.0537886 -0.0744776 0.0155
         vertex 0.052 -0.0726852 0.0155
      endloop
   endfacet
   facet normal 0 6.93889e-16 -1
      outer loop
         vertex 0.0521626 -0.071711 0.0155
         vertex 0.0526328 -0.0708423 0.0155
         vertex 0.0544651 -0.0738011 0.0155
      endloop
   endfacet
   facet normal 0 6.93889e-16 -1
      outer loop
         vertex 0.0533596 -0.0701735 0.0155
         vertex 0.0665104 -0.0615847 0.0155
         vertex 0.0549435 -0.0737059 0.0155
      endloop
   endfacet
   facet normal 0 6.93889e-16 -1
      outer loop
         vertex 0.058 -0.095 0.0155
         vertex 0.0505703 -0.0914226 0.0155
         vertex 0.0519297 -0.0852517 0.0155
      endloop
   endfacet
   facet normal 0 6.93889e-16 -1
      outer loop
         vertex 0.0665104 -0.0615847 0.0155
         vertex 0.0672799 -0.0608595 0.0155
         vertex 0.0558274 -0.074072 0.0155
      endloop
   endfacet
   facet normal 0 6.93889e-16 -1
      outer loop
         vertex 0.0688148 -0.0654233 0.0155
         vertex 0.0561935 -0.0749559 0.0155
         vertex 0.0560983 -0.0744776 0.0155
      endloop
   endfacet
   facet normal 0 6.93889e-16 -1
      outer loop
         vertex 0.058 -0.085 0.0155
         vertex 0.0558274 -0.0758398 0.0155
         vertex 0.0560983 -0.0754343 0.0155
      endloop
   endfacet
   facet normal 0 6.93889e-16 -1
      outer loop
         vertex 0.058 -0.085 0.0155
         vertex 0.0549435 -0.0762059 0.0155
         vertex 0.0554218 -0.0761108 0.0155
      endloop
   endfacet
   facet normal 0 6.93889e-16 -1
      outer loop
         vertex 0.052 -0.0846063 0.0155
         vertex 0.0540596 -0.0758398 0.0155
         vertex 0.0544651 -0.0761108 0.0155
      endloop
   endfacet
   facet normal 0 6.93889e-16 -1
      outer loop
         vertex 0.0537886 -0.0754343 0.0155
         vertex 0.052 -0.0846063 0.0155
         vertex 0.052 -0.0726852 0.0155
      endloop
   endfacet
   facet normal 0 6.93889e-16 -1
      outer loop
         vertex 0.052 -0.0726852 0.0155
         vertex 0.0521626 -0.071711 0.0155
         vertex 0.0540596 -0.074072 0.0155
      endloop
   endfacet
   facet normal 0 6.93889e-16 -1
      outer loop
         vertex 0.0549435 -0.0737059 0.0155
         vertex 0.0544651 -0.0738011 0.0155
         vertex 0.0533596 -0.0701735 0.0155
      endloop
   endfacet
   facet normal 0 6.93889e-16 -1
      outer loop
         vertex 0.058 -0.095 0.0155
         vertex 0.0505 -0.092068 0.0155
         vertex 0.0505703 -0.0914226 0.0155
      endloop
   endfacet
   facet normal 0 6.93889e-16 -1
      outer loop
         vertex 0.0777903 -0.0258799 0.0155
         vertex 0.0774113 -0.0296164 0.0155
         vertex 0.072763 -0.0388073 0.0155
      endloop
   endfacet
   facet normal 0 6.93889e-16 -1
      outer loop
         vertex 0.0554218 -0.0761108 0.0155
         vertex 0.0558274 -0.0758398 0.0155
         vertex 0.058 -0.085 0.0155
      endloop
   endfacet
   facet normal 0 6.93889e-16 -1
      outer loop
         vertex 0.0537886 -0.0754343 0.0155
         vertex 0.0540596 -0.0758398 0.0155
         vertex 0.052 -0.0846063 0.0155
      endloop
   endfacet
   facet normal 0 6.93889e-16 -1
      outer loop
         vertex 0.0526328 -0.0708423 0.0155
         vertex 0.0533596 -0.0701735 0.0155
         vertex 0.0544651 -0.0738011 0.0155
      endloop
   endfacet
   facet normal 0 6.93889e-16 -1
      outer loop
         vertex 0.058 -0.095 0.0155
         vertex 0.0505 -0.095 0.0155
         vertex 0.0505 -0.092068 0.0155
      endloop
   endfacet
   facet normal 0 6.93889e-16 -1
      outer loop
         vertex 0.0560983 -0.0754343 0.0155
         vertex 0.0561935 -0.0749559 0.0155
         vertex 0.0688148 -0.0654233 0.0155
      endloop
   endfacet
   facet normal 0 6.93889e-16 -1
      outer loop
         vertex 0.0537886 -0.0744776 0.0155
         vertex 0.0536935 -0.0749559 0.0155
         vertex 0.052 -0.0726852 0.0155
      endloop
   endfacet
   facet normal 0 6.93889e-16 -1
      outer loop
         vertex 0.0519297 -0.0852517 0.0155
         vertex 0.058 -0.085 0.0155
         vertex 0.058 -0.095 0.0155
      endloop
   endfacet
   facet normal 0 6.93889e-16 -1
      outer loop
         vertex 0.0549435 -0.0762059 0.0155
         vertex 0.058 -0.085 0.0155
         vertex 0.052 -0.0846063 0.0155
      endloop
   endfacet
   facet normal 0 6.93889e-16 -1
      outer loop
         vertex 0.0554218 -0.0738011 0.0155
         vertex 0.0549435 -0.0737059 0.0155
         vertex 0.0665104 -0.0615847 0.0155
      endloop
   endfacet
   facet normal 0 6.93889e-16 -1
      outer loop
         vertex 0.0519297 -0.0852517 0.0155
         vertex 0.052 -0.0846063 0.0155
         vertex 0.058 -0.085 0.0155
      endloop
   endfacet
   facet normal -0.546812 0.837256 5.80963e-16
      outer loop
         vertex 0.0665104 -0.0615847 0.0155
         vertex 0.0533596 -0.0701735 0.0155
         vertex 0.0533596 -0.0701735 0.017
      endloop
   endfacet
   facet normal -0.546812 0.837256 5.80963e-16
      outer loop
         vertex 0.0533596 -0.0701735 0.017
         vertex 0.0665104 -0.0615847 0.017
         vertex 0.0665104 -0.0615847 0.0155
      endloop
   endfacet
   facet normal -1 0 0
      outer loop
         vertex 0.052 -0.0726852 0.017
         vertex 0.052 -0.0726852 0.0155
         vertex 0.052 -0.0846063 0.0155
      endloop
   endfacet
   facet normal -1 0 0
      outer loop
         vertex 0.052 -0.0846063 0.0155
         vertex 0.052 -0.0846063 0.017
         vertex 0.052 -0.0726852 0.017
      endloop
   endfacet
   facet normal -0.976581 0.215148 1.49289e-16
      outer loop
         vertex 0.0519297 -0.0852517 0.017
         vertex 0.0519297 -0.0852517 0.0155
         vertex 0.0505703 -0.0914226 0.0155
      endloop
   endfacet
   facet normal -0.976581 0.215148 1.49289e-16
      outer loop
         vertex 0.0505703 -0.0914226 0.0155
         vertex 0.0505703 -0.0914226 0.017
         vertex 0.0519297 -0.0852517 0.017
      endloop
   endfacet
   facet normal -1 0 0
      outer loop
         vertex 0.0505 -0.092068 0.0155
         vertex 0.0505 -0.092068 0.017
         vertex 0.0505703 -0.0914226 0.017
      endloop
   endfacet
   facet normal -0.976581 0.215148 1.49289e-16
      outer loop
         vertex 0.0505703 -0.0914226 0.017
         vertex 0.0505703 -0.0914226 0.0155
         vertex 0.0505 -0.092068 0.0155
      endloop
   endfacet
   facet normal -1 0 0
      outer loop
         vertex 0.052 -0.0846063 0.0155
         vertex 0.0519297 -0.0852517 0.0155
         vertex 0.0519297 -0.0852517 0.017
      endloop
   endfacet
   facet normal -0.976581 0.215148 1.49289e-16
      outer loop
         vertex 0.0519297 -0.0852517 0.017
         vertex 0.052 -0.0846063 0.017
         vertex 0.052 -0.0846063 0.0155
      endloop
   endfacet
   facet normal -0.803321 0.595546 4.13243e-16
      outer loop
         vertex 0.0672799 -0.0608595 0.017
         vertex 0.0677501 -0.0599125 0.017
         vertex 0.0677501 -0.0599125 0.0155
      endloop
   endfacet
   facet normal -0.546812 0.837256 5.78241e-16
      outer loop
         vertex 0.0665104 -0.0615847 0.017
         vertex 0.0672799 -0.0608595 0.017
         vertex 0.0672799 -0.0608595 0.0155
      endloop
   endfacet
   facet normal -0.803321 0.595546 4.13243e-16
      outer loop
         vertex 0.0672799 -0.0608595 0.0155
         vertex 0.0665104 -0.0615847 0.0155
         vertex 0.0665104 -0.0615847 0.017
      endloop
   endfacet
   facet normal -0.960042 0.279857 1.807e-16
      outer loop
         vertex 0.0677501 -0.0599125 0.0155
         vertex 0.0672799 -0.0608595 0.0155
         vertex 0.0672799 -0.0608595 0.017
      endloop
   endfacet
   facet normal -0.546812 0.837256 5.78241e-16
      outer loop
         vertex 0.0533596 -0.0701735 0.017
         vertex 0.0533596 -0.0701735 0.0155
         vertex 0.0526328 -0.0708423 0.0155
      endloop
   endfacet
   facet normal -0.789074 0.614299 4.26255e-16
      outer loop
         vertex 0.0526328 -0.0708423 0.017
         vertex 0.0526328 -0.0708423 0.0155
         vertex 0.0521626 -0.071711 0.0155
      endloop
   endfacet
   facet normal -0.9458 0.324751 2.25341e-16
      outer loop
         vertex 0.0521626 -0.071711 0.017
         vertex 0.0521626 -0.071711 0.0155
         vertex 0.052 -0.0726852 0.0155
      endloop
   endfacet
   facet normal -1 1.04083e-15 0
      outer loop
         vertex 0.052 -0.0726852 0.0155
         vertex 0.052 -0.0726852 0.017
         vertex 0.0521626 -0.071711 0.017
      endloop
   endfacet
   facet normal -0.9458 0.324751 2.25341e-16
      outer loop
         vertex 0.0521626 -0.071711 0.0155
         vertex 0.0521626 -0.071711 0.017
         vertex 0.0526328 -0.0708423 0.017
      endloop
   endfacet
   facet normal -0.789074 0.614299 4.26255e-16
      outer loop
         vertex 0.0526328 -0.0708423 0.0155
         vertex 0.0526328 -0.0708423 0.017
         vertex 0.0533596 -0.0701735 0.017
      endloop
   endfacet
   facet normal -0.875315 0.483553 3.35532e-16
      outer loop
         vertex 0.0688148 -0.0654233 0.0155
         vertex 0.0688148 -0.0654233 0.013
         vertex 0.0634074 -0.0752116 0.013
      endloop
   endfacet
   facet normal -0.875315 0.483553 3.35532e-16
      outer loop
         vertex 0.0634074 -0.0752116 0.013
         vertex 0.058 -0.085 0.0155
         vertex 0.0688148 -0.0654233 0.0155
      endloop
   endfacet
   facet normal -0.875315 0.483553 3.35532e-16
      outer loop
         vertex 0.0634074 -0.0752116 0.013
         vertex 0.058 -0.085 0.013
         vertex 0.058 -0.085 0.0155
      endloop
   endfacet
   facet normal -0.97237 0.233445 1.61985e-16
      outer loop
         vertex 0.0774113 -0.0296164 0.013
         vertex 0.0688148 -0.0654233 0.013
         vertex 0.0688148 -0.0654233 0.0155
      endloop
   endfacet
   facet normal -0.97237 0.233445 1.61985e-16
      outer loop
         vertex 0.0688148 -0.0654233 0.0155
         vertex 0.0774113 -0.0296164 0.0155
         vertex 0.0774113 -0.0296164 0.013
      endloop
   endfacet
   facet normal -1 0 0
      outer loop
         vertex 0.058 -0.095 0.013
         vertex 0.058 -0.095 0.0155
         vertex 0.058 -0.085 0.0155
      endloop
   endfacet
   facet normal -1 0 0
      outer loop
         vertex 0.058 -0.085 0.0155
         vertex 0.058 -0.085 0.013
         vertex 0.058 -0.095 0.013
      endloop
   endfacet
   facet normal -0.999441 -0.0334438 -2.32063e-17
      outer loop
         vertex 0.0777903 -0.0258799 0.0155
         vertex 0.0771624 -0.0221772 0.0155
         vertex 0.0771624 -0.0221772 0.013
      endloop
   endfacet
   facet normal -0.97237 0.233445 1.54886e-16
      outer loop
         vertex 0.0774113 -0.0296164 0.0155
         vertex 0.0777903 -0.0258799 0.0155
         vertex 0.0777903 -0.0258799 0.013
      endloop
   endfacet
   facet normal -0.954589 -0.297926 -2.06728e-16
      outer loop
         vertex 0.0771624 -0.0221772 0.013
         vertex 0.0771624 -0.0221772 0.0155
         vertex 0.0755727 -0.0187746 0.0155
      endloop
   endfacet
   facet normal -0.841044 -0.540966 -3.71726e-16
      outer loop
         vertex 0.0755727 -0.0187746 0.0155
         vertex 0.0755727 -0.0187746 0.013
         vertex 0.0771624 -0.0221772 0.013
      endloop
   endfacet
   facet normal -0.999441 -0.0334438 -2.32063e-17
      outer loop
         vertex 0.0777903 -0.0258799 0.013
         vertex 0.0774113 -0.0296164 0.013
         vertex 0.0774113 -0.0296164 0.0155
      endloop
   endfacet
   facet normal -0.954589 -0.297926 -2.06728e-16
      outer loop
         vertex 0.0771624 -0.0221772 0.013
         vertex 0.0777903 -0.0258799 0.013
         vertex 0.0777903 -0.0258799 0.0155
      endloop
   endfacet
   facet normal -1 0 0
      outer loop
         vertex 0.0505 -0.0975 -0.0115
         vertex 0.0505 -0.0975 0.017
         vertex 0.0505 -0.095 0.0155
      endloop
   endfacet
   facet normal -1 0 0
      outer loop
         vertex 0.0505 -0.092068 0.017
         vertex 0.0505 -0.092068 0.0155
         vertex 0.0505 -0.095 0.0155
      endloop
   endfacet
   facet normal -1 0 0
      outer loop
         vertex 0.0505 -0.095 0.0155
         vertex 0.0505 -0.0975 0.017
         vertex 0.0505 -0.092068 0.017
      endloop
   endfacet
   facet normal -1 0 0
      outer loop
         vertex 0.0505 -0.095 0.0155
         vertex 0.0505 -0.095 -0.0115
         vertex 0.0505 -0.0975 -0.0115
      endloop
   endfacet
   facet normal -0.92388 -2.6554e-16 0.382683
      outer loop
         vertex 0.0485209 -0.0975 -0.0214498
         vertex 0.0505 -0.0975 -0.0115
         vertex 0.0505 -0.095 -0.0115
      endloop
   endfacet
   facet normal -0.707107 -4.90654e-16 0.707107
      outer loop
         vertex 0.0428848 -0.0975 -0.0298848
         vertex 0.0485209 -0.0975 -0.0214498
         vertex 0.0485209 -0.095 -0.0214498
      endloop
   endfacet
   facet normal -0.382683 -6.4107e-16 0.92388
      outer loop
         vertex 0.0344498 -0.0975 -0.0355209
         vertex 0.0428848 -0.0975 -0.0298848
         vertex 0.0428848 -0.095 -0.0298848
      endloop
   endfacet
   facet normal 2.44929e-16 -6.93889e-16 1
      outer loop
         vertex 0.0245 -0.0975 -0.0375
         vertex 0.0344498 -0.0975 -0.0355209
         vertex 0.0344498 -0.095 -0.0355209
      endloop
   endfacet
   facet normal 0.382683 -6.4107e-16 0.92388
      outer loop
         vertex 0.0145502 -0.0975 -0.0355209
         vertex 0.0245 -0.0975 -0.0375
         vertex 0.0245 -0.095 -0.0375
      endloop
   endfacet
   facet normal 0.707107 -4.90654e-16 0.707107
      outer loop
         vertex 0.00611522 -0.0975 -0.0298848
         vertex 0.0145502 -0.0975 -0.0355209
         vertex 0.0145502 -0.095 -0.0355209
      endloop
   endfacet
   facet normal 0.92388 -2.6554e-16 0.382683
      outer loop
         vertex 0.000479132 -0.0975 -0.0214498
         vertex 0.00611522 -0.0975 -0.0298848
         vertex 0.00611522 -0.095 -0.0298848
      endloop
   endfacet
   facet normal 1 0 -2.13504e-16
      outer loop
         vertex -0.0015 -0.0975 -0.0115
         vertex 0.000479132 -0.0975 -0.0214498
         vertex 0.000479132 -0.095 -0.0214498
      endloop
   endfacet
   facet normal 0.92388 -2.6554e-16 0.382683
      outer loop
         vertex 0.000479132 -0.095 -0.0214498
         vertex -0.0015 -0.095 -0.0115
         vertex -0.0015 -0.0975 -0.0115
      endloop
   endfacet
   facet normal 0.707107 -4.90654e-16 0.707107
      outer loop
         vertex 0.00611522 -0.095 -0.0298848
         vertex 0.000479132 -0.095 -0.0214498
         vertex 0.000479132 -0.0975 -0.0214498
      endloop
   endfacet
   facet normal 0.382683 -6.4107e-16 0.92388
      outer loop
         vertex 0.0145502 -0.095 -0.0355209
         vertex 0.00611522 -0.095 -0.0298848
         vertex 0.00611522 -0.0975 -0.0298848
      endloop
   endfacet
   facet normal 2.44929e-16 -6.93889e-16 1
      outer loop
         vertex 0.0245 -0.095 -0.0375
         vertex 0.0145502 -0.095 -0.0355209
         vertex 0.0145502 -0.0975 -0.0355209
      endloop
   endfacet
   facet normal -0.382683 -6.4107e-16 0.92388
      outer loop
         vertex 0.0344498 -0.095 -0.0355209
         vertex 0.0245 -0.095 -0.0375
         vertex 0.0245 -0.0975 -0.0375
      endloop
   endfacet
   facet normal -0.707107 -4.90654e-16 0.707107
      outer loop
         vertex 0.0428848 -0.095 -0.0298848
         vertex 0.0344498 -0.095 -0.0355209
         vertex 0.0344498 -0.0975 -0.0355209
      endloop
   endfacet
   facet normal -0.92388 -2.6554e-16 0.382683
      outer loop
         vertex 0.0485209 -0.095 -0.0214498
         vertex 0.0428848 -0.095 -0.0298848
         vertex 0.0428848 -0.0975 -0.0298848
      endloop
   endfacet
   facet normal -1 0 0
      outer loop
         vertex 0.0505 -0.095 -0.0115
         vertex 0.0485209 -0.095 -0.0214498
         vertex 0.0485209 -0.0975 -0.0214498
      endloop
   endfacet
   facet normal -0.98294 0.183929 1.27626e-16
      outer loop
         vertex 0.072763 -0.0388073 0.0155
         vertex 0.0727159 -0.0387994 0.017
         vertex 0.0744647 -0.0283649 0.017
      endloop
   endfacet
   facet normal -0.990531 0.137293 9.52659e-17
      outer loop
         vertex 0.0744647 -0.0283649 0.017
         vertex 0.0755727 -0.0187746 0.0155
         vertex 0.072763 -0.0388073 0.0155
      endloop
   endfacet
   facet normal -0.996391 0.084877 5.88952e-17
      outer loop
         vertex 0.0756914 -0.0174348 0.0155
         vertex 0.0755727 -0.0187746 0.0155
         vertex 0.0756298 -0.0181427 0.017
      endloop
   endfacet
   facet normal -0.996082 0.0884325 6.13624e-17
      outer loop
         vertex 0.0756298 -0.0181427 0.017
         vertex 0.0756914 -0.0174348 0.017
         vertex 0.0756914 -0.0174348 0.0155
      endloop
   endfacet
   facet normal -0.982015 0.188803 1.31008e-16
      outer loop
         vertex 0.072552 -0.0399197 0.0155
         vertex 0.0725288 -0.0399158 0.017
         vertex 0.0727159 -0.0387994 0.017
      endloop
   endfacet
   facet normal -0.960042 0.279857 1.9419e-16
      outer loop
         vertex 0.0677501 -0.0599125 0.0155
         vertex 0.0677501 -0.0599125 0.017
         vertex 0.0723784 -0.0408133 0.017
      endloop
   endfacet
   facet normal -0.981255 0.192713 1.33721e-16
      outer loop
         vertex 0.0723784 -0.0408133 0.017
         vertex 0.072552 -0.0399197 0.0155
         vertex 0.0677501 -0.0599125 0.0155
      endloop
   endfacet
   facet normal -0.981255 0.192713 1.33721e-16
      outer loop
         vertex 0.0723784 -0.0408133 0.017
         vertex 0.0725288 -0.0399158 0.017
         vertex 0.072552 -0.0399197 0.0155
      endloop
   endfacet
   facet normal -0.98294 0.183929 1.27626e-16
      outer loop
         vertex 0.0727159 -0.0387994 0.017
         vertex 0.072763 -0.0388073 0.0155
         vertex 0.072552 -0.0399197 0.0155
      endloop
   endfacet
   facet normal -0.990531 0.137293 9.52659e-17
      outer loop
         vertex 0.0744647 -0.0283649 0.017
         vertex 0.0756298 -0.0181427 0.017
         vertex 0.0755727 -0.0187746 0.0155
      endloop
   endfacet
   facet normal -0.995789 0.0916785 6.39404e-17
      outer loop
         vertex 0.0755727 -0.0187746 0.0155
         vertex 0.0756914 -0.0174348 0.0155
         vertex 0.0756914 -0.0174348 0.0139196
      endloop
   endfacet
   facet normal -0.996392 0.0848669 5.89795e-17
      outer loop
         vertex 0.0756914 -0.0174348 0.0139196
         vertex 0.0755868 -0.0186206 0.013
         vertex 0.0755727 -0.0187746 0.0155
      endloop
   endfacet
   facet normal -0.99586 0.0908955 6.30714e-17
      outer loop
         vertex 0.0755868 -0.0186206 0.013
         vertex 0.0755727 -0.0187746 0.013
         vertex 0.0755727 -0.0187746 0.0155
      endloop
   endfacet
   facet normal 0 6.93889e-16 -1
      outer loop
         vertex 0.0688148 -0.0654233 0.013
         vertex 0.0763262 -0.0472242 0.013
         vertex 0.0753041 -0.0529936 0.013
      endloop
   endfacet
   facet normal 0 6.93889e-16 -1
      outer loop
         vertex 0.0774113 -0.0296164 0.013
         vertex 0.0805854 -0.0231817 0.013
         vertex 0.0763262 -0.0472242 0.013
      endloop
   endfacet
   facet normal 0 6.93889e-16 -1
      outer loop
         vertex 0.0598557 -0.0944399 0.013
         vertex 0.058 -0.085 0.013
         vertex 0.0634074 -0.0752116 0.013
      endloop
   endfacet
   facet normal 0 6.93889e-16 -1
      outer loop
         vertex 0.0794714 -0.0206059 0.013
         vertex 0.0758062 -0.0178024 0.013
         vertex 0.0759241 -0.0173623 0.013
      endloop
   endfacet
   facet normal 0 6.93889e-16 -1
      outer loop
         vertex 0.0794714 -0.0206059 0.013
         vertex 0.0771624 -0.0221772 0.013
         vertex 0.0755727 -0.0187746 0.013
      endloop
   endfacet
   facet normal 0 6.93889e-16 -1
      outer loop
         vertex 0.0771624 -0.0221772 0.013
         vertex 0.0805929 -0.0231397 0.013
         vertex 0.0805854 -0.0231817 0.013
      endloop
   endfacet
   facet normal 0 6.93889e-16 -1
      outer loop
         vertex 0.0763262 -0.0472242 0.013
         vertex 0.0688148 -0.0654233 0.013
         vertex 0.0774113 -0.0296164 0.013
      endloop
   endfacet
   facet normal 0 6.93889e-16 -1
      outer loop
         vertex 0.058 -0.085 0.013
         vertex 0.0591678 -0.0949628 0.013
         vertex 0.0590534 -0.0949945 0.013
      endloop
   endfacet
   facet normal 0 6.93889e-16 -1
      outer loop
         vertex 0.058 -0.085 0.013
         vertex 0.0597244 -0.0946202 0.013
         vertex 0.0596574 -0.0947122 0.013
      endloop
   endfacet
   facet normal 0 6.93889e-16 -1
      outer loop
         vertex 0.0634074 -0.0752116 0.013
         vertex 0.0686193 -0.0709281 0.013
         vertex 0.0598557 -0.0944399 0.013
      endloop
   endfacet
   facet normal 0 6.93889e-16 -1
      outer loop
         vertex 0.0759241 -0.0173623 0.013
         vertex 0.0761118 -0.0170733 0.013
         vertex 0.0794714 -0.0206059 0.013
      endloop
   endfacet
   facet normal 0 6.93889e-16 -1
      outer loop
         vertex 0.0755727 -0.0187746 0.013
         vertex 0.0755868 -0.0186206 0.013
         vertex 0.0794714 -0.0206059 0.013
      endloop
   endfacet
   facet normal 0 6.93889e-16 -1
      outer loop
         vertex 0.0771624 -0.0221772 0.013
         vertex 0.0794714 -0.0206059 0.013
         vertex 0.0805929 -0.0231397 0.013
      endloop
   endfacet
   facet normal 0 6.93889e-16 -1
      outer loop
         vertex 0.0753041 -0.0529936 0.013
         vertex 0.0686193 -0.0709281 0.013
         vertex 0.0688148 -0.0654233 0.013
      endloop
   endfacet
   facet normal 0 6.93889e-16 -1
      outer loop
         vertex 0.0590534 -0.0949945 0.013
         vertex 0.0589476 -0.095 0.013
         vertex 0.058 -0.085 0.013
      endloop
   endfacet
   facet normal 0 6.93889e-16 -1
      outer loop
         vertex 0.058 -0.085 0.013
         vertex 0.0593836 -0.0949016 0.013
         vertex 0.0593805 -0.0949037 0.013
      endloop
   endfacet
   facet normal 0 6.93889e-16 -1
      outer loop
         vertex 0.0598557 -0.0944399 0.013
         vertex 0.0597244 -0.0946202 0.013
         vertex 0.058 -0.085 0.013
      endloop
   endfacet
   facet normal 0 6.93889e-16 -1
      outer loop
         vertex 0.0755868 -0.0186206 0.013
         vertex 0.0758062 -0.0178024 0.013
         vertex 0.0794714 -0.0206059 0.013
      endloop
   endfacet
   facet normal 0 6.93889e-16 -1
      outer loop
         vertex 0.0774113 -0.0296164 0.013
         vertex 0.0777903 -0.0258799 0.013
         vertex 0.0805854 -0.0231817 0.013
      endloop
   endfacet
   facet normal 0 6.93889e-16 -1
      outer loop
         vertex 0.0593805 -0.0949037 0.013
         vertex 0.0591678 -0.0949628 0.013
         vertex 0.058 -0.085 0.013
      endloop
   endfacet
   facet normal 0 6.93889e-16 -1
      outer loop
         vertex 0.0596574 -0.0947122 0.013
         vertex 0.0593836 -0.0949016 0.013
         vertex 0.058 -0.085 0.013
      endloop
   endfacet
   facet normal 0 6.93889e-16 -1
      outer loop
         vertex 0.0805854 -0.0231817 0.013
         vertex 0.0777903 -0.0258799 0.013
         vertex 0.0771624 -0.0221772 0.013
      endloop
   endfacet
   facet normal 0 6.93889e-16 -1
      outer loop
         vertex 0.0634074 -0.0752116 0.013
         vertex 0.0688148 -0.0654233 0.013
         vertex 0.0686193 -0.0709281 0.013
      endloop
   endfacet
   facet normal 0 6.93889e-16 -1
      outer loop
         vertex 0.0589476 -0.095 0.013
         vertex 0.058 -0.095 0.013
         vertex 0.058 -0.085 0.013
      endloop
   endfacet
   facet normal 0 6.93889e-16 -1
      outer loop
         vertex 0.0761118 -0.0170733 0.013
         vertex 0.0763216 -0.01675 0.013
         vertex 0.0794714 -0.0206059 0.013
      endloop
   endfacet
   facet normal -0.871572 -0.490267 -3.40191e-16
      outer loop
         vertex 0.0794714 -0.0206059 0.013
         vertex 0.0770089 -0.0173854 0.0121814
         vertex 0.0770215 -0.017397 0.0121664
      endloop
   endfacet
   facet normal -0.702614 -0.711571 -4.78544e-16
      outer loop
         vertex 0.0770215 -0.017397 0.0121664
         vertex 0.0775067 -0.0178998 0.0118448
         vertex 0.0794714 -0.0206059 0.013
      endloop
   endfacet
   facet normal -0.871572 -0.490267 -3.40191e-16
      outer loop
         vertex 0.0794714 -0.0206059 0.013
         vertex 0.0765465 -0.0169579 0.0127321
         vertex 0.0770089 -0.0173854 0.0121814
      endloop
   endfacet
   facet normal -0.871572 -0.490267 -3.40191e-16
      outer loop
         vertex 0.0794714 -0.0206059 0.013
         vertex 0.0763216 -0.01675 0.013
         vertex 0.0765465 -0.0169579 0.0127321
      endloop
   endfacet
   facet normal -0.903937 -0.427666 -2.39272e-16
      outer loop
         vertex 0.0799406 -0.0215136 0.00985935
         vertex 0.0811311 -0.0253 0.00669878
         vertex 0.0807501 -0.0237709 0.0111588
      endloop
   endfacet
   facet normal -0.949825 -0.312781 -2.39272e-16
      outer loop
         vertex 0.080603 -0.0231805 0.012881
         vertex 0.0794714 -0.0206059 0.013
         vertex 0.0793733 -0.0206713 0.0103221
      endloop
   endfacet
   facet normal -0.871876 -0.489727 -2.39272e-16
      outer loop
         vertex 0.0793733 -0.0206713 0.0103221
         vertex 0.0799406 -0.0215136 0.00985935
         vertex 0.080603 -0.0231805 0.012881
      endloop
   endfacet
   facet normal -0.949825 -0.312781 -2.39272e-16
      outer loop
         vertex 0.080603 -0.0231805 0.012881
         vertex 0.0805929 -0.0231397 0.013
         vertex 0.0794714 -0.0206059 0.013
      endloop
   endfacet
   facet normal -0.962111 -0.272658 -2.39272e-16
      outer loop
         vertex 0.0807501 -0.0237709 0.0111588
         vertex 0.080603 -0.0231805 0.012881
         vertex 0.0799406 -0.0215136 0.00985935
      endloop
   endfacet
   facet normal -0.73608 -0.676895 -4.78544e-16
      outer loop
         vertex 0.0775067 -0.0178998 0.0118448
         vertex 0.0793733 -0.0206713 0.0103221
         vertex 0.0794714 -0.0206059 0.013
      endloop
   endfacet
   facet normal -0.772498 0.634269 0.0308149
      outer loop
         vertex 0.0604132 -0.0946343 0.000281788
         vertex 0.0605333 -0.0944494 0.000276997
         vertex 0.0601816 -0.0944426 -0.00448588
      endloop
   endfacet
   facet normal -0.891418 0.442597 0.0973744
      outer loop
         vertex 0.0601816 -0.0944426 -0.00448588
         vertex 0.0584526 -0.0943354 -0.0126526
         vertex 0.0604132 -0.0946343 0.000281788
      endloop
   endfacet
   facet normal -0.810293 0.558275 0.178197
      outer loop
         vertex 0.0584526 -0.0943354 -0.0126526
         vertex 0.056828 -0.0944721 -0.0195238
         vertex 0.0604132 -0.0946343 0.000281788
      endloop
   endfacet
   facet normal -0.772498 0.634269 0.0308149
      outer loop
         vertex 0.0604132 -0.0946343 0.000281788
         vertex 0.056828 -0.0944721 -0.0195238
         vertex 0.0567445 -0.0947008 -0.0194937
      endloop
   endfacet
   facet normal -0.614838 0.788272 0.0245259
      outer loop
         vertex 0.0602556 -0.0947883 0.000288077
         vertex 0.0567445 -0.0947008 -0.0194937
         vertex 0.0565483 -0.094863 -0.019424
      endloop
   endfacet
   facet normal -0.427288 0.903955 0.0170445
      outer loop
         vertex 0.060068 -0.094904 0.000295558
         vertex 0.0565483 -0.094863 -0.019424
         vertex 0.0562727 -0.094932 -0.0193265
      endloop
   endfacet
   facet normal -0.246582 0.965155 0.0875938
      outer loop
         vertex 0.0562727 -0.094932 -0.0193265
         vertex 0.0560723 -0.095 -0.0192549
         vertex 0.0592901 -0.095 -0.00438851
      endloop
   endfacet
   facet normal 0 1 0
      outer loop
         vertex 0.0592901 -0.095 -0.00438851
         vertex 0.059829 -0.094952 0.000305687
         vertex 0.0562727 -0.094932 -0.0193265
      endloop
   endfacet
   facet normal -0.821588 0.489708 0.291854
      outer loop
         vertex 0.056828 -0.0944721 -0.0195238
         vertex 0.056986 -0.0942445 -0.0195795
         vertex 0.0535267 -0.0941096 -0.0260841
      endloop
   endfacet
   facet normal -0.846835 0.204512 0.490963
      outer loop
         vertex 0.0535267 -0.0941096 -0.0260841
         vertex 0.0513461 -0.094329 -0.0300683
         vertex 0.056828 -0.0944721 -0.0195238
      endloop
   endfacet
   facet normal -0.821588 0.489708 0.291854
      outer loop
         vertex 0.056828 -0.0944721 -0.0195238
         vertex 0.0513461 -0.094329 -0.0300683
         vertex 0.051232 -0.0946005 -0.0299793
      endloop
   endfacet
   facet normal -0.672207 0.700798 0.238789
      outer loop
         vertex 0.0567445 -0.0947008 -0.0194937
         vertex 0.051232 -0.0946005 -0.0299793
         vertex 0.0510583 -0.0948152 -0.0298437
      endloop
   endfacet
   facet normal -0.47598 0.863049 0.169083
      outer loop
         vertex 0.0565483 -0.094863 -0.019424
         vertex 0.0510583 -0.0948152 -0.0298437
         vertex 0.0508413 -0.0949527 -0.0296743
      endloop
   endfacet
   facet normal -0.246582 0.965155 0.0875938
      outer loop
         vertex 0.0562727 -0.094932 -0.0193265
         vertex 0.0508413 -0.0949527 -0.0296743
         vertex 0.0506016 -0.095 -0.0294873
      endloop
   endfacet
   facet normal -0.504526 0.271744 0.819517
      outer loop
         vertex 0.0425186 -0.0942717 -0.0379046
         vertex 0.0455778 -0.0939707 -0.0355027
         vertex 0.0439189 -0.0939549 -0.0370442
      endloop
   endfacet
   facet normal -0.744434 0.328979 0.581026
      outer loop
         vertex 0.0513461 -0.094329 -0.0300683
         vertex 0.0513897 -0.0940263 -0.0301023
         vertex 0.0455778 -0.0939707 -0.0355027
      endloop
   endfacet
   facet normal -0.612974 -0.0403223 0.789074
      outer loop
         vertex 0.0455778 -0.0939707 -0.0355027
         vertex 0.0425186 -0.0942717 -0.0379046
         vertex 0.0513461 -0.094329 -0.0300683
      endloop
   endfacet
   facet normal -0.744434 0.328979 0.581026
      outer loop
         vertex 0.0513461 -0.094329 -0.0300683
         vertex 0.0425186 -0.0942717 -0.0379046
         vertex 0.042447 -0.0945639 -0.0377883
      endloop
   endfacet
   facet normal -0.63036 0.600491 0.491992
      outer loop
         vertex 0.051232 -0.0946005 -0.0299793
         vertex 0.042447 -0.0945639 -0.0377883
         vertex 0.0423304 -0.0947974 -0.0375989
      endloop
   endfacet
   facet normal -0.456617 0.815162 0.356387
      outer loop
         vertex 0.0510583 -0.0948152 -0.0298437
         vertex 0.0423304 -0.0947974 -0.0375989
         vertex 0.0421809 -0.094948 -0.0373561
      endloop
   endfacet
   facet normal -0.239651 0.952671 0.187046
      outer loop
         vertex 0.0508413 -0.0949527 -0.0296743
         vertex 0.0421809 -0.094948 -0.0373561
         vertex 0.0433589 -0.095 -0.0362169
      endloop
   endfacet
   facet normal -0.166851 0.948002 0.271022
      outer loop
         vertex 0.0421809 -0.094948 -0.0373561
         vertex 0.042014 -0.095 -0.0370851
         vertex 0.0433589 -0.095 -0.0362169
      endloop
   endfacet
   facet normal -0.261433 0.235371 0.936084
      outer loop
         vertex 0.0296183 -0.0942354 -0.0433731
         vertex 0.0425186 -0.0942717 -0.0379046
         vertex 0.0370869 -0.0939315 -0.0402404
      endloop
   endfacet
   facet normal -0.504526 0.271744 0.819517
      outer loop
         vertex 0.0425186 -0.0942717 -0.0379046
         vertex 0.0425377 -0.0939513 -0.0379356
         vertex 0.0370869 -0.0939315 -0.0402404
      endloop
   endfacet
   facet normal -0.504526 0.271744 0.819517
      outer loop
         vertex 0.0425186 -0.0942717 -0.0379046
         vertex 0.0296183 -0.0942354 -0.0433731
         vertex 0.0295832 -0.0945404 -0.0432474
      endloop
   endfacet
   facet normal -0.432951 0.563902 0.703256
      outer loop
         vertex 0.042447 -0.0945639 -0.0377883
         vertex 0.0295832 -0.0945404 -0.0432474
         vertex 0.0295232 -0.0947859 -0.0430325
      endloop
   endfacet
   facet normal -0.316351 0.797416 0.513858
      outer loop
         vertex 0.0423304 -0.0947974 -0.0375989
         vertex 0.0295232 -0.0947859 -0.0430325
         vertex 0.0294449 -0.094945 -0.0427521
      endloop
   endfacet
   facet normal -0.0880035 0.944968 0.315104
      outer loop
         vertex 0.0294449 -0.094945 -0.0427521
         vertex 0.0293569 -0.095 -0.042437
         vertex 0.042014 -0.095 -0.0370851
      endloop
   endfacet
   facet normal -0.149855 -0.154558 0.976553
      outer loop
         vertex 0.0212483 -0.0939115 -0.0447554
         vertex 0.0141982 -0.0939174 -0.0458997
         vertex 0.0142005 -0.0941389 -0.0458934
      endloop
   endfacet
   facet normal -0.261433 0.235371 0.936084
      outer loop
         vertex 0.0296183 -0.0942354 -0.0433731
         vertex 0.0296247 -0.0939044 -0.0433957
         vertex 0.0212483 -0.0939115 -0.0447554
      endloop
   endfacet
   facet normal -0.149855 -0.154558 0.976553
      outer loop
         vertex 0.0212483 -0.0939115 -0.0447554
         vertex 0.0142127 -0.0942416 -0.0458599
         vertex 0.0296183 -0.0942354 -0.0433731
      endloop
   endfacet
   facet normal -0.261433 0.235371 0.936084
      outer loop
         vertex 0.0296183 -0.0942354 -0.0433731
         vertex 0.0142387 -0.0944615 -0.0457884
         vertex 0.014261 -0.0945388 -0.0457273
      endloop
   endfacet
   facet normal -0.261433 0.235371 0.936084
      outer loop
         vertex 0.0296183 -0.0942354 -0.0433731
         vertex 0.0142127 -0.0942416 -0.0458599
         vertex 0.0142387 -0.0944615 -0.0457884
      endloop
   endfacet
   facet normal -0.226333 0.540389 0.810403
      outer loop
         vertex 0.0295832 -0.0945404 -0.0432474
         vertex 0.014261 -0.0945388 -0.0457273
         vertex 0.0143205 -0.0947455 -0.0455637
      endloop
   endfacet
   facet normal -0.166321 0.78593 0.595527
      outer loop
         vertex 0.0295232 -0.0947859 -0.0430325
         vertex 0.0144367 -0.0949356 -0.0452445
         vertex 0.0144475 -0.0949409 -0.0452149
      endloop
   endfacet
   facet normal -0.166321 0.78593 0.595527
      outer loop
         vertex 0.0295232 -0.0947859 -0.0430325
         vertex 0.0143205 -0.0947455 -0.0455637
         vertex 0.0144367 -0.0949356 -0.0452445
      endloop
   endfacet
   facet normal -0.0880035 0.944968 0.315104
      outer loop
         vertex 0.0294449 -0.094945 -0.0427521
         vertex 0.0144475 -0.0949409 -0.0452149
         vertex 0.0145678 -0.095 -0.0448843
      endloop
   endfacet
   facet normal -0.218816 0.975209 -0.0329855
      outer loop
         vertex 0.0591678 -0.0949628 0.013
         vertex 0.059829 -0.094952 0.000305687
         vertex 0.0596407 -0.095 0.000312603
      endloop
   endfacet
   facet normal -7.32226e-18 1 8.35532e-16
      outer loop
         vertex 0.0596407 -0.095 0.000312603
         vertex 0.0589476 -0.095 0.013
         vertex 0.0590534 -0.0949945 0.013
      endloop
   endfacet
   facet normal -0.426777 0.90208 -0.0641239
      outer loop
         vertex 0.0593836 -0.0949016 0.013
         vertex 0.060068 -0.094904 0.000295558
         vertex 0.059829 -0.094952 0.000305687
      endloop
   endfacet
   facet normal -0.218966 0.975693 0.00873456
      outer loop
         vertex 0.059829 -0.094952 0.000305687
         vertex 0.0591678 -0.0949628 0.013
         vertex 0.0593805 -0.0949037 0.013
      endloop
   endfacet
   facet normal -0.694252 0.712196 -0.10388
      outer loop
         vertex 0.0596574 -0.0947122 0.013
         vertex 0.0602556 -0.0947883 0.000288077
         vertex 0.060068 -0.094904 0.000295558
      endloop
   endfacet
   facet normal -0.769986 0.627594 -0.115096
      outer loop
         vertex 0.0597244 -0.0946202 0.013
         vertex 0.0604132 -0.0946343 0.000281788
         vertex 0.0602556 -0.0947883 0.000288077
      endloop
   endfacet
   facet normal -0.772498 0.634269 0.0308149
      outer loop
         vertex 0.0604132 -0.0946343 0.000281788
         vertex 0.0597244 -0.0946202 0.013
         vertex 0.0599246 -0.0944408 0.0117064
      endloop
   endfacet
   facet normal -0.865433 0.488325 -0.112088
      outer loop
         vertex 0.0599246 -0.0944408 0.0117064
         vertex 0.0605034 -0.094449 0.000838914
         vertex 0.0604132 -0.0946343 0.000281788
      endloop
   endfacet
   facet normal -0.769986 0.627594 -0.115096
      outer loop
         vertex 0.0597244 -0.0946202 0.013
         vertex 0.0598557 -0.0944399 0.013
         vertex 0.0599246 -0.0944408 0.0117064
      endloop
   endfacet
   facet normal -0.882234 0.469979 0.0279973
      outer loop
         vertex 0.0605034 -0.094449 0.000838914
         vertex 0.0605333 -0.0944494 0.000276997
         vertex 0.0604132 -0.0946343 0.000281788
      endloop
   endfacet
   facet normal -0.614838 0.788272 0.0245259
      outer loop
         vertex 0.0602556 -0.0947883 0.000288077
         vertex 0.0596574 -0.0947122 0.013
         vertex 0.0597244 -0.0946202 0.013
      endloop
   endfacet
   facet normal -0.427288 0.903955 0.0170445
      outer loop
         vertex 0.060068 -0.094904 0.000295558
         vertex 0.0593836 -0.0949016 0.013
         vertex 0.0596574 -0.0947122 0.013
      endloop
   endfacet
   facet normal -0.218966 0.975693 0.00873456
      outer loop
         vertex 0.059829 -0.094952 0.000305687
         vertex 0.0593805 -0.0949037 0.013
         vertex 0.0593836 -0.0949016 0.013
      endloop
   endfacet
   facet normal -7.32226e-18 1 8.35532e-16
      outer loop
         vertex 0.0596407 -0.095 0.000312603
         vertex 0.0590534 -0.0949945 0.013
         vertex 0.0591678 -0.0949628 0.013
      endloop
   endfacet
   facet normal -7.32226e-18 1 8.35532e-16
      outer loop
         vertex 0.0145678 -0.095 -0.0448843
         vertex 0.0293569 -0.095 -0.042437
         vertex 0.0294449 -0.094945 -0.0427521
      endloop
   endfacet
   facet normal -0.01597 0.945709 0.324621
      outer loop
         vertex 0.0144475 -0.0949409 -0.0452149
         vertex 0.0294449 -0.094945 -0.0427521
         vertex 0.0295232 -0.0947859 -0.0430325
      endloop
   endfacet
   facet normal -0.0309951 0.74554 0.66574
      outer loop
         vertex 0.0143205 -0.0947455 -0.0455637
         vertex 0.0295232 -0.0947859 -0.0430325
         vertex 0.0295832 -0.0945404 -0.0432474
      endloop
   endfacet
   facet normal -0.0379142 0.54673 0.83645
      outer loop
         vertex 0.014261 -0.0945388 -0.0457273
         vertex 0.0295832 -0.0945404 -0.0432474
         vertex 0.0296183 -0.0942354 -0.0433731
      endloop
   endfacet
   facet normal -0.0436043 0.138864 0.989351
      outer loop
         vertex 0.0142005 -0.0941389 -0.0458934
         vertex 0.0142127 -0.0942416 -0.0458599
         vertex 0.0212483 -0.0939115 -0.0447554
      endloop
   endfacet
   facet normal 1.00391e-15 1 -7.88892e-16
      outer loop
         vertex 0.042014 -0.095 -0.0370851
         vertex 0.0421809 -0.094948 -0.0373561
         vertex 0.0294449 -0.094945 -0.0427521
      endloop
   endfacet
   facet normal -0.0880035 0.944968 0.315104
      outer loop
         vertex 0.0294449 -0.094945 -0.0427521
         vertex 0.0421809 -0.094948 -0.0373561
         vertex 0.0423304 -0.0947974 -0.0375989
      endloop
   endfacet
   facet normal -0.166321 0.78593 0.595527
      outer loop
         vertex 0.0295232 -0.0947859 -0.0430325
         vertex 0.0423304 -0.0947974 -0.0375989
         vertex 0.042447 -0.0945639 -0.0377883
      endloop
   endfacet
   facet normal -0.226333 0.540389 0.810403
      outer loop
         vertex 0.0295832 -0.0945404 -0.0432474
         vertex 0.042447 -0.0945639 -0.0377883
         vertex 0.0425186 -0.0942717 -0.0379046
      endloop
   endfacet
   facet normal -0.401724 -0.1325 0.906125
      outer loop
         vertex 0.0370869 -0.0939315 -0.0402404
         vertex 0.0296247 -0.0939044 -0.0433957
         vertex 0.0296183 -0.0942354 -0.0433731
      endloop
   endfacet
   facet normal 1.00391e-15 1 -7.88892e-16
      outer loop
         vertex 0.0433589 -0.095 -0.0362169
         vertex 0.0506016 -0.095 -0.0294873
         vertex 0.0508413 -0.0949527 -0.0296743
      endloop
   endfacet
   facet normal -0.166851 0.948002 0.271022
      outer loop
         vertex 0.0421809 -0.094948 -0.0373561
         vertex 0.0508413 -0.0949527 -0.0296743
         vertex 0.0510583 -0.0948152 -0.0298437
      endloop
   endfacet
   facet normal -0.316351 0.797416 0.513858
      outer loop
         vertex 0.0423304 -0.0947974 -0.0375989
         vertex 0.0510583 -0.0948152 -0.0298437
         vertex 0.051232 -0.0946005 -0.0299793
      endloop
   endfacet
   facet normal -0.432951 0.563902 0.703256
      outer loop
         vertex 0.042447 -0.0945639 -0.0377883
         vertex 0.051232 -0.0946005 -0.0299793
         vertex 0.0513461 -0.094329 -0.0300683
      endloop
   endfacet
   facet normal -0.560063 -0.0451347 0.82722
      outer loop
         vertex 0.0439189 -0.0939549 -0.0370442
         vertex 0.0425377 -0.0939513 -0.0379356
         vertex 0.0425186 -0.0942717 -0.0379046
      endloop
   endfacet
   facet normal 0 1 0
      outer loop
         vertex 0.0506016 -0.095 -0.0294873
         vertex 0.0560723 -0.095 -0.0192549
         vertex 0.0562727 -0.094932 -0.0193265
      endloop
   endfacet
   facet normal -0.239651 0.952671 0.187046
      outer loop
         vertex 0.0508413 -0.0949527 -0.0296743
         vertex 0.0562727 -0.094932 -0.0193265
         vertex 0.0565483 -0.094863 -0.019424
      endloop
   endfacet
   facet normal -0.456617 0.815162 0.356387
      outer loop
         vertex 0.0510583 -0.0948152 -0.0298437
         vertex 0.0565483 -0.094863 -0.019424
         vertex 0.0567445 -0.0947008 -0.0194937
      endloop
   endfacet
   facet normal -0.63036 0.600491 0.491992
      outer loop
         vertex 0.051232 -0.0946005 -0.0299793
         vertex 0.0567445 -0.0947008 -0.0194937
         vertex 0.056828 -0.0944721 -0.0195238
      endloop
   endfacet
   facet normal -0.846835 0.204512 0.490963
      outer loop
         vertex 0.0535267 -0.0941096 -0.0260841
         vertex 0.0513897 -0.0940263 -0.0301023
         vertex 0.0513461 -0.094329 -0.0300683
      endloop
   endfacet
   facet normal 0 1 0
      outer loop
         vertex 0.0592901 -0.095 -0.00438851
         vertex 0.0596407 -0.095 0.000312603
         vertex 0.059829 -0.094952 0.000305687
      endloop
   endfacet
   facet normal -0.246582 0.965155 0.0875938
      outer loop
         vertex 0.0562727 -0.094932 -0.0193265
         vertex 0.059829 -0.094952 0.000305687
         vertex 0.060068 -0.094904 0.000295558
      endloop
   endfacet
   facet normal -0.47598 0.863049 0.169083
      outer loop
         vertex 0.0565483 -0.094863 -0.019424
         vertex 0.060068 -0.094904 0.000295558
         vertex 0.0602556 -0.0947883 0.000288077
      endloop
   endfacet
   facet normal -0.672207 0.700798 0.238789
      outer loop
         vertex 0.0567445 -0.0947008 -0.0194937
         vertex 0.0602556 -0.0947883 0.000288077
         vertex 0.0604132 -0.0946343 0.000281788
      endloop
   endfacet
   facet normal -0.810293 0.558275 0.178197
      outer loop
         vertex 0.0584526 -0.0943354 -0.0126526
         vertex 0.056986 -0.0942445 -0.0195795
         vertex 0.056828 -0.0944721 -0.0195238
      endloop
   endfacet
   facet normal -0.996391 0.084877 0
      outer loop
         vertex 0.0756914 -0.0174348 0.0139196
         vertex 0.0756921 -0.0174267 0.0139139
         vertex 0.0758062 -0.0178024 0.013
      endloop
   endfacet
   facet normal -0.913267 0.296719 -0.279107
      outer loop
         vertex 0.0758062 -0.0178024 0.013
         vertex 0.0755868 -0.0186206 0.013
         vertex 0.0756914 -0.0174348 0.0139196
      endloop
   endfacet
   facet normal -0.907392 0.29552 -0.298844
      outer loop
         vertex 0.0758378 -0.0169674 0.0135828
         vertex 0.07614 -0.0166263 0.0133233
         vertex 0.0761118 -0.0170733 0.013
      endloop
   endfacet
   facet normal -0.819082 0.39036 -0.420386
      outer loop
         vertex 0.0759241 -0.0173623 0.013
         vertex 0.07583 -0.0169919 0.0136005
         vertex 0.0758378 -0.0169674 0.0135828
      endloop
   endfacet
   facet normal -0.716075 0.456895 -0.527715
      outer loop
         vertex 0.0761118 -0.0170733 0.013
         vertex 0.0759241 -0.0173623 0.013
         vertex 0.0758378 -0.0169674 0.0135828
      endloop
   endfacet
   facet normal -0.0852848 0.588083 -0.804292
      outer loop
         vertex 0.0770889 -0.0163136 0.012981
         vertex 0.0770215 -0.017397 0.0121664
         vertex 0.0770089 -0.0173854 0.0121814
      endloop
   endfacet
   facet normal -0.0852848 0.588083 -0.804292
      outer loop
         vertex 0.0770889 -0.0163136 0.012981
         vertex 0.0775067 -0.0178998 0.0118448
         vertex 0.0770215 -0.017397 0.0121664
      endloop
   endfacet
   facet normal -0.0756247 0.61598 -0.784124
      outer loop
         vertex 0.0770089 -0.0173854 0.0121814
         vertex 0.0770859 -0.0163139 0.0129818
         vertex 0.0770889 -0.0163136 0.012981
      endloop
   endfacet
   facet normal -0.0874265 0.588091 -0.804056
      outer loop
         vertex 0.0770859 -0.0163139 0.0129818
         vertex 0.0770089 -0.0173854 0.0121814
         vertex 0.0765465 -0.0169579 0.0127321
      endloop
   endfacet
   facet normal -0.425759 0.566389 -0.705644
      outer loop
         vertex 0.0765465 -0.0169579 0.0127321
         vertex 0.0765718 -0.0163711 0.013116
         vertex 0.0765824 -0.0163654 0.0131113
      endloop
   endfacet
   facet normal -0.686854 0.463848 -0.559533
      outer loop
         vertex 0.0761798 -0.0165814 0.0132891
         vertex 0.0765718 -0.0163711 0.013116
         vertex 0.0763216 -0.01675 0.013
      endloop
   endfacet
   facet normal -0.716075 0.456895 -0.527715
      outer loop
         vertex 0.0761118 -0.0170733 0.013
         vertex 0.07614 -0.0166263 0.0133233
         vertex 0.0761798 -0.0165814 0.0132891
      endloop
   endfacet
   facet normal -0.430669 0.551827 -0.71415
      outer loop
         vertex 0.0765718 -0.0163711 0.013116
         vertex 0.0765465 -0.0169579 0.0127321
         vertex 0.0763216 -0.01675 0.013
      endloop
   endfacet
   facet normal -0.578437 0.515629 -0.632089
      outer loop
         vertex 0.0763216 -0.01675 0.013
         vertex 0.0761118 -0.0170733 0.013
         vertex 0.0761798 -0.0165814 0.0132891
      endloop
   endfacet
   facet normal -0.425759 0.566389 -0.705644
      outer loop
         vertex 0.0765465 -0.0169579 0.0127321
         vertex 0.0765824 -0.0163654 0.0131113
         vertex 0.0770859 -0.0163139 0.0129818
      endloop
   endfacet
   facet normal -0.0852848 0.588083 -0.804292
      outer loop
         vertex 0.0770889 -0.0163136 0.012981
         vertex 0.0776173 -0.0163713 0.013
         vertex 0.0775067 -0.0178998 0.0118448
      endloop
   endfacet
   facet normal -0.819082 0.39036 -0.420386
      outer loop
         vertex 0.0759241 -0.0173623 0.013
         vertex 0.0758062 -0.0178024 0.013
         vertex 0.07583 -0.0169919 0.0136005
      endloop
   endfacet
   facet normal -0.996055 0.0885882 -0.0050731
      outer loop
         vertex 0.0756921 -0.0174267 0.0139139
         vertex 0.07583 -0.0169919 0.0136005
         vertex 0.0758062 -0.0178024 0.013
      endloop
   endfacet
   facet normal -0.995914 0.0902928 -0.00169104
      outer loop
         vertex 0.0756922 -0.0174258 0.0139155
         vertex 0.0756922 -0.0174254 0.0139164
         vertex 0.0757846 -0.0171011 0.0138045
      endloop
   endfacet
   facet normal -0.949581 0.313505 0.00325974
      outer loop
         vertex 0.0757846 -0.0171011 0.0138045
         vertex 0.0758363 -0.0169145 0.0136816
         vertex 0.0756922 -0.0174258 0.0139155
      endloop
   endfacet
   facet normal -0.995986 0.0894406 -0.00338208
      outer loop
         vertex 0.0756922 -0.0174263 0.0139147
         vertex 0.0756922 -0.0174258 0.0139155
         vertex 0.0758363 -0.0169145 0.0136816
      endloop
   endfacet
   facet normal -0.995986 0.0894406 -0.00338208
      outer loop
         vertex 0.0756922 -0.0174263 0.0139147
         vertex 0.0758341 -0.0169398 0.0136316
         vertex 0.07583 -0.0169919 0.0136005
      endloop
   endfacet
   facet normal -0.914613 0.350633 -0.201345
      outer loop
         vertex 0.0758341 -0.0169398 0.0136316
         vertex 0.0758378 -0.0169674 0.0135828
         vertex 0.07583 -0.0169919 0.0136005
      endloop
   endfacet
   facet normal -0.910314 0.401329 -0.101311
      outer loop
         vertex 0.0758363 -0.0169145 0.0136816
         vertex 0.0758442 -0.0168917 0.0137322
         vertex 0.0760389 -0.016638 0.0136407
      endloop
   endfacet
   facet normal -0.776987 0.629445 0.00950615
      outer loop
         vertex 0.0760389 -0.016638 0.0136407
         vertex 0.0761719 -0.0164717 0.0134697
         vertex 0.0758363 -0.0169145 0.0136816
      endloop
   endfacet
   facet normal -0.914613 0.350633 -0.201345
      outer loop
         vertex 0.0758341 -0.0169398 0.0136316
         vertex 0.0758363 -0.0169145 0.0136816
         vertex 0.0761719 -0.0164717 0.0134697
      endloop
   endfacet
   facet normal -0.914613 0.350633 -0.201345
      outer loop
         vertex 0.0758341 -0.0169398 0.0136316
         vertex 0.0761678 -0.0165199 0.0133751
         vertex 0.07614 -0.0166263 0.0133233
      endloop
   endfacet
   facet normal -0.710858 0.586829 -0.387701
      outer loop
         vertex 0.0761678 -0.0165199 0.0133751
         vertex 0.0761798 -0.0165814 0.0132891
         vertex 0.07614 -0.0166263 0.0133233
      endloop
   endfacet
   facet normal -0.702712 0.683271 -0.198336
      outer loop
         vertex 0.0761719 -0.0164717 0.0134697
         vertex 0.0761918 -0.0164389 0.0135689
         vertex 0.0764344 -0.0162855 0.0135098
      endloop
   endfacet
   facet normal -0.505564 0.86273 0.0101078
      outer loop
         vertex 0.0764344 -0.0162855 0.0135098
         vertex 0.076576 -0.0162122 0.0133372
         vertex 0.0761719 -0.0164717 0.0134697
      endloop
   endfacet
   facet normal -0.435781 0.859985 -0.265558
      outer loop
         vertex 0.076576 -0.0162122 0.0133372
         vertex 0.0765707 -0.0162749 0.0132145
         vertex 0.0761678 -0.0165199 0.0133751
      endloop
   endfacet
   facet normal -0.44634 0.734666 -0.510928
      outer loop
         vertex 0.0765707 -0.0162749 0.0132145
         vertex 0.0765718 -0.0163711 0.013116
         vertex 0.0761798 -0.0165814 0.0132891
      endloop
   endfacet
   facet normal -0.44634 0.734666 -0.510928
      outer loop
         vertex 0.0765707 -0.0162749 0.0132145
         vertex 0.0765824 -0.0163654 0.0131113
         vertex 0.0765718 -0.0163711 0.013116
      endloop
   endfacet
   facet normal -0.686854 0.463848 -0.559533
      outer loop
         vertex 0.0761798 -0.0165814 0.0132891
         vertex 0.0761678 -0.0165199 0.0133751
         vertex 0.0765707 -0.0162749 0.0132145
      endloop
   endfacet
   facet normal -0.710858 0.586829 -0.387701
      outer loop
         vertex 0.0761678 -0.0165199 0.0133751
         vertex 0.0761719 -0.0164717 0.0134697
         vertex 0.076576 -0.0162122 0.0133372
      endloop
   endfacet
   facet normal -0.505564 0.86273 0.0101078
      outer loop
         vertex 0.0764344 -0.0162855 0.0135098
         vertex 0.0765979 -0.0161822 0.01347
         vertex 0.076576 -0.0162122 0.0133372
      endloop
   endfacet
   facet normal -0.717307 0.444287 -0.536731
      outer loop
         vertex 0.07614 -0.0166263 0.0133233
         vertex 0.0758378 -0.0169674 0.0135828
         vertex 0.0758341 -0.0169398 0.0136316
      endloop
   endfacet
   facet normal -0.702712 0.683271 -0.198336
      outer loop
         vertex 0.0761719 -0.0164717 0.0134697
         vertex 0.0761678 -0.0165199 0.0133751
         vertex 0.0758341 -0.0169398 0.0136316
      endloop
   endfacet
   facet normal -0.776987 0.629445 0.00950615
      outer loop
         vertex 0.0760389 -0.016638 0.0136407
         vertex 0.0761918 -0.0164389 0.0135689
         vertex 0.0761719 -0.0164717 0.0134697
      endloop
   endfacet
   facet normal -0.91522 0.284767 -0.285097
      outer loop
         vertex 0.07583 -0.0169919 0.0136005
         vertex 0.0756921 -0.0174267 0.0139139
         vertex 0.0756922 -0.0174263 0.0139147
      endloop
   endfacet
   facet normal -0.910314 0.401329 -0.101311
      outer loop
         vertex 0.0758363 -0.0169145 0.0136816
         vertex 0.0758341 -0.0169398 0.0136316
         vertex 0.0756922 -0.0174263 0.0139147
      endloop
   endfacet
   facet normal -0.949581 0.313505 0.00325974
      outer loop
         vertex 0.0757846 -0.0171011 0.0138045
         vertex 0.0758442 -0.0168917 0.0137322
         vertex 0.0758363 -0.0169145 0.0136816
      endloop
   endfacet
   facet normal -0.996391 0.084877 0
      outer loop
         vertex 0.0756914 -0.0174348 0.0139196
         vertex 0.0756922 -0.0174263 0.0139147
         vertex 0.0756921 -0.0174267 0.0139139
      endloop
   endfacet
   facet normal -0.996391 0.084877 0
      outer loop
         vertex 0.0756914 -0.0174348 0.0139196
         vertex 0.0756922 -0.0174258 0.0139155
         vertex 0.0756922 -0.0174263 0.0139147
      endloop
   endfacet
   facet normal -0.996391 0.084877 0
      outer loop
         vertex 0.0756914 -0.0174348 0.0139196
         vertex 0.0756922 -0.0174254 0.0139164
         vertex 0.0756922 -0.0174258 0.0139155
      endloop
   endfacet
   facet normal -0.435781 0.859985 -0.265558
      outer loop
         vertex 0.076576 -0.0162122 0.0133372
         vertex 0.0765979 -0.0161822 0.01347
         vertex 0.0769326 -0.0160964 0.0134312
      endloop
   endfacet
   facet normal -0.169656 0.985467 0.00843202
      outer loop
         vertex 0.0769326 -0.0160964 0.0134312
         vertex 0.0770261 -0.0160946 0.0132669
         vertex 0.076576 -0.0162122 0.0133372
      endloop
   endfacet
   facet normal -0.122285 0.944749 -0.304131
      outer loop
         vertex 0.0770261 -0.0160946 0.0132669
         vertex 0.0770202 -0.016165 0.0131294
         vertex 0.0765707 -0.0162749 0.0132145
      endloop
   endfacet
   facet normal -0.134122 0.804082 -0.579192
      outer loop
         vertex 0.0770202 -0.016165 0.0131294
         vertex 0.0770207 -0.0162737 0.0130195
         vertex 0.0765824 -0.0163654 0.0131113
      endloop
   endfacet
   facet normal -0.122285 0.944749 -0.304131
      outer loop
         vertex 0.0770261 -0.0160946 0.0132669
         vertex 0.0770379 -0.0160695 0.0134189
         vertex 0.0774671 -0.0160933 0.0134148
      endloop
   endfacet
   facet normal 0.187867 0.98219 0.00308604
      outer loop
         vertex 0.0774671 -0.0160933 0.0134148
         vertex 0.0775031 -0.0161209 0.0132606
         vertex 0.0770261 -0.0160946 0.0132669
      endloop
   endfacet
   facet normal -0.134122 0.804082 -0.579192
      outer loop
         vertex 0.0770202 -0.016165 0.0131294
         vertex 0.0770261 -0.0160946 0.0132669
         vertex 0.0775031 -0.0161209 0.0132606
      endloop
   endfacet
   facet normal 0.205594 0.784345 -0.585264
      outer loop
         vertex 0.0774971 -0.0161919 0.0131218
         vertex 0.0774811 -0.0163011 0.0130115
         vertex 0.0770916 -0.0162779 0.0130183
      endloop
   endfacet
   facet normal -0.0865356 0.581834 -0.80869
      outer loop
         vertex 0.0770916 -0.0162779 0.0130183
         vertex 0.0770202 -0.016165 0.0131294
         vertex 0.0774971 -0.0161919 0.0131218
      endloop
   endfacet
   facet normal 0.217539 0.926311 -0.307611
      outer loop
         vertex 0.0775031 -0.0161209 0.0132606
         vertex 0.0774985 -0.016095 0.0134145
         vertex 0.0776369 -0.0161315 0.0134229
      endloop
   endfacet
   facet normal 0.217539 0.926311 -0.307611
      outer loop
         vertex 0.0775031 -0.0161209 0.0132606
         vertex 0.077646 -0.016159 0.0132725
         vertex 0.0776401 -0.0162287 0.0131361
      endloop
   endfacet
   facet normal 0.205594 0.784345 -0.585264
      outer loop
         vertex 0.0774971 -0.0161919 0.0131218
         vertex 0.0776401 -0.0162287 0.0131361
         vertex 0.0776199 -0.016334 0.0130267
      endloop
   endfacet
   facet normal 0.266515 0.548762 -0.792357
      outer loop
         vertex 0.0776199 -0.016334 0.0130267
         vertex 0.0774811 -0.0163011 0.0130115
         vertex 0.0774971 -0.0161919 0.0131218
      endloop
   endfacet
   facet normal 0.307077 0.759429 -0.57356
      outer loop
         vertex 0.0776401 -0.0162287 0.0131361
         vertex 0.0774971 -0.0161919 0.0131218
         vertex 0.0775031 -0.0161209 0.0132606
      endloop
   endfacet
   facet normal 0.300598 0.953751 0
      outer loop
         vertex 0.0776369 -0.0161315 0.0134229
         vertex 0.077646 -0.016159 0.0132725
         vertex 0.0775031 -0.0161209 0.0132606
      endloop
   endfacet
   facet normal -0.0865356 0.581834 -0.80869
      outer loop
         vertex 0.0770916 -0.0162779 0.0130183
         vertex 0.0770207 -0.0162737 0.0130195
         vertex 0.0770202 -0.016165 0.0131294
      endloop
   endfacet
   facet normal 0.217539 0.926311 -0.307611
      outer loop
         vertex 0.0775031 -0.0161209 0.0132606
         vertex 0.0774971 -0.0161919 0.0131218
         vertex 0.0770202 -0.016165 0.0131294
      endloop
   endfacet
   facet normal 0.187867 0.98219 0.00308604
      outer loop
         vertex 0.0774671 -0.0160933 0.0134148
         vertex 0.0774985 -0.016095 0.0134145
         vertex 0.0775031 -0.0161209 0.0132606
      endloop
   endfacet
   facet normal -0.422967 0.553495 -0.717455
      outer loop
         vertex 0.0765824 -0.0163654 0.0131113
         vertex 0.0765707 -0.0162749 0.0132145
         vertex 0.0770202 -0.016165 0.0131294
      endloop
   endfacet
   facet normal -0.44634 0.734666 -0.510928
      outer loop
         vertex 0.0765707 -0.0162749 0.0132145
         vertex 0.076576 -0.0162122 0.0133372
         vertex 0.0770261 -0.0160946 0.0132669
      endloop
   endfacet
   facet normal -0.169656 0.985467 0.00843202
      outer loop
         vertex 0.0769326 -0.0160964 0.0134312
         vertex 0.0770379 -0.0160695 0.0134189
         vertex 0.0770261 -0.0160946 0.0132669
      endloop
   endfacet
   facet normal -0.0873619 0.588091 -0.804063
      outer loop
         vertex 0.0770859 -0.0163139 0.0129818
         vertex 0.0765824 -0.0163654 0.0131113
         vertex 0.0770207 -0.0162737 0.0130195
      endloop
   endfacet
   facet normal -0.0857347 0.587015 -0.805024
      outer loop
         vertex 0.0770916 -0.0162779 0.0130183
         vertex 0.0770889 -0.0163136 0.012981
         vertex 0.0770859 -0.0163139 0.0129818
      endloop
   endfacet
   facet normal -0.0852848 0.588083 -0.804292
      outer loop
         vertex 0.0770889 -0.0163136 0.012981
         vertex 0.0770916 -0.0162779 0.0130183
         vertex 0.0774811 -0.0163011 0.0130115
      endloop
   endfacet
   facet normal 0.173627 0.565994 -0.805919
      outer loop
         vertex 0.0774811 -0.0163011 0.0130115
         vertex 0.0776173 -0.0163713 0.013
         vertex 0.0770889 -0.0163136 0.012981
      endloop
   endfacet
   facet normal 0.173627 0.565994 -0.805919
      outer loop
         vertex 0.0774811 -0.0163011 0.0130115
         vertex 0.0776199 -0.016334 0.0130267
         vertex 0.0776173 -0.0163713 0.013
      endloop
   endfacet
   facet normal -0.133139 0.586557 -0.79889
      outer loop
         vertex 0.0770207 -0.0162737 0.0130195
         vertex 0.0770916 -0.0162779 0.0130183
         vertex 0.0770859 -0.0163139 0.0129818
      endloop
   endfacet
   facet normal 0.267964 0.549088 -0.791643
      outer loop
         vertex 0.0780072 -0.0165612 0.013
         vertex 0.0776173 -0.0163713 0.013
         vertex 0.0777831 -0.0164141 0.0130263
      endloop
   endfacet
   facet normal 0.266086 0.548359 -0.79278
      outer loop
         vertex 0.0776173 -0.0163713 0.013
         vertex 0.0776199 -0.016334 0.0130267
         vertex 0.0777831 -0.0164141 0.0130263
      endloop
   endfacet
   facet normal 0.267067 0.54874 -0.792187
      outer loop
         vertex 0.0777831 -0.0164141 0.0130263
         vertex 0.0778902 -0.0164666 0.013026
         vertex 0.0780072 -0.0165612 0.013
      endloop
   endfacet
   facet normal 0.457882 0.677344 -0.575803
      outer loop
         vertex 0.0781022 -0.016497 0.0131079
         vertex 0.0780072 -0.0165612 0.013
         vertex 0.0778902 -0.0164666 0.013026
      endloop
   endfacet
   facet normal 0.267231 0.548445 -0.792336
      outer loop
         vertex 0.0778902 -0.0164666 0.013026
         vertex 0.0778396 -0.016313 0.0131443
         vertex 0.0781022 -0.016497 0.0131079
      endloop
   endfacet
   facet normal 0.43971 0.846436 -0.300335
      outer loop
         vertex 0.0778743 -0.0162554 0.0132806
         vertex 0.0781745 -0.0164665 0.0132444
         vertex 0.0781022 -0.016497 0.0131079
      endloop
   endfacet
   facet normal 0.602417 0.73847 -0.30291
      outer loop
         vertex 0.0781745 -0.0164665 0.0132444
         vertex 0.0778743 -0.0162554 0.0132806
         vertex 0.0779635 -0.0162906 0.0134228
      endloop
   endfacet
   facet normal 0.43971 0.846436 -0.300335
      outer loop
         vertex 0.0778743 -0.0162554 0.0132806
         vertex 0.0778886 -0.0162369 0.0134308
         vertex 0.0779635 -0.0162906 0.0134228
      endloop
   endfacet
   facet normal 0.370377 0.731153 -0.57292
      outer loop
         vertex 0.0778396 -0.016313 0.0131443
         vertex 0.0777831 -0.0164141 0.0130263
         vertex 0.0776199 -0.016334 0.0130267
      endloop
   endfacet
   facet normal 0.43971 0.846436 -0.300335
      outer loop
         vertex 0.0778743 -0.0162554 0.0132806
         vertex 0.0778396 -0.016313 0.0131443
         vertex 0.0776401 -0.0162287 0.0131361
      endloop
   endfacet
   facet normal 0.468414 0.883509 0
      outer loop
         vertex 0.0778886 -0.0162369 0.0134308
         vertex 0.0778743 -0.0162554 0.0132806
         vertex 0.077646 -0.016159 0.0132725
      endloop
   endfacet
   facet normal 0.318805 0.898787 -0.300907
      outer loop
         vertex 0.077646 -0.016159 0.0132725
         vertex 0.0776369 -0.0161315 0.0134229
         vertex 0.0778886 -0.0162369 0.0134308
      endloop
   endfacet
   facet normal 0.307077 0.759429 -0.57356
      outer loop
         vertex 0.0776401 -0.0162287 0.0131361
         vertex 0.077646 -0.016159 0.0132725
         vertex 0.0778743 -0.0162554 0.0132806
      endloop
   endfacet
   facet normal 0.266515 0.548762 -0.792357
      outer loop
         vertex 0.0776199 -0.016334 0.0130267
         vertex 0.0776401 -0.0162287 0.0131361
         vertex 0.0778396 -0.016313 0.0131443
      endloop
   endfacet
   facet normal 0.521229 0.853359 -0.009956
      outer loop
         vertex 0.0779635 -0.0162906 0.0134228
         vertex 0.0782169 -0.0164725 0.0133958
         vertex 0.0781745 -0.0164665 0.0132444
      endloop
   endfacet
   facet normal 0.457882 0.677344 -0.575803
      outer loop
         vertex 0.0781022 -0.016497 0.0131079
         vertex 0.0778396 -0.016313 0.0131443
         vertex 0.0778743 -0.0162554 0.0132806
      endloop
   endfacet
   facet normal 0.267231 0.548445 -0.792336
      outer loop
         vertex 0.0778902 -0.0164666 0.013026
         vertex 0.0777831 -0.0164141 0.0130263
         vertex 0.0778396 -0.016313 0.0131443
      endloop
   endfacet
   facet normal 0.713961 0.700185 5.78241e-16
      outer loop
         vertex 0.0782569 -0.0165118 0.017
         vertex 0.0782169 -0.0164725 0.0133958
         vertex 0.0779635 -0.0162906 0.0134228
      endloop
   endfacet
   facet normal 0.713961 0.700185 5.78241e-16
      outer loop
         vertex 0.0782569 -0.0165118 0.017
         vertex 0.0782569 -0.0165118 0.0133867
         vertex 0.0782169 -0.0164725 0.0133958
      endloop
   endfacet
   facet normal 0.187581 0.982249 6.81572e-16
      outer loop
         vertex 0.0774674 -0.0160887 0.017
         vertex 0.0776369 -0.0161315 0.0134229
         vertex 0.0774985 -0.016095 0.0134145
      endloop
   endfacet
   facet normal 0.187581 0.982249 6.81572e-16
      outer loop
         vertex 0.0774674 -0.0160887 0.017
         vertex 0.0779691 -0.0162828 0.017
         vertex 0.0778886 -0.0162369 0.0134308
      endloop
   endfacet
   facet normal 0.468414 0.883509 6.14381e-16
      outer loop
         vertex 0.0778886 -0.0162369 0.0134308
         vertex 0.0776369 -0.0161315 0.0134229
         vertex 0.0774674 -0.0160887 0.017
      endloop
   endfacet
   facet normal 0.522078 0.852898 5.91817e-16
      outer loop
         vertex 0.0779691 -0.0162828 0.017
         vertex 0.0779635 -0.0162906 0.0134228
         vertex 0.0778886 -0.0162369 0.0134308
      endloop
   endfacet
   facet normal 0.187581 0.982249 6.81572e-16
      outer loop
         vertex 0.0774674 -0.0160887 0.017
         vertex 0.0770379 -0.0160695 0.0134189
         vertex 0.0769326 -0.0160964 0.0134312
      endloop
   endfacet
   facet normal 0.187581 0.982249 6.81572e-16
      outer loop
         vertex 0.0774674 -0.0160887 0.017
         vertex 0.0774671 -0.0160933 0.0134148
         vertex 0.0770379 -0.0160695 0.0134189
      endloop
   endfacet
   facet normal -0.171043 0.985264 6.83664e-16
      outer loop
         vertex 0.0769294 -0.0160842 0.017
         vertex 0.0765979 -0.0161822 0.01347
         vertex 0.0764344 -0.0162855 0.0135098
      endloop
   endfacet
   facet normal -0.171043 0.985264 6.83664e-16
      outer loop
         vertex 0.0769294 -0.0160842 0.017
         vertex 0.0769326 -0.0160964 0.0134312
         vertex 0.0765979 -0.0161822 0.01347
      endloop
   endfacet
   facet normal -0.507667 0.861553 5.97823e-16
      outer loop
         vertex 0.0764245 -0.0162698 0.017
         vertex 0.0761918 -0.0164389 0.0135689
         vertex 0.0760389 -0.016638 0.0136407
      endloop
   endfacet
   facet normal -0.507667 0.861553 5.97823e-16
      outer loop
         vertex 0.0764245 -0.0162698 0.017
         vertex 0.0764344 -0.0162855 0.0135098
         vertex 0.0761918 -0.0164389 0.0135689
      endloop
   endfacet
   facet normal -0.778995 0.62703 4.35089e-16
      outer loop
         vertex 0.0760175 -0.0166216 0.017
         vertex 0.0758442 -0.0168917 0.0137322
         vertex 0.0757846 -0.0171011 0.0138045
      endloop
   endfacet
   facet normal -0.778995 0.62703 4.35089e-16
      outer loop
         vertex 0.0760175 -0.0166216 0.017
         vertex 0.0760389 -0.016638 0.0136407
         vertex 0.0758442 -0.0168917 0.0137322
      endloop
   endfacet
   facet normal -0.995838 0.0911446 7.22801e-17
      outer loop
         vertex 0.0756922 -0.0174254 0.0139164
         vertex 0.0756914 -0.0174348 0.0139196
         vertex 0.0756914 -0.0174348 0.0155
      endloop
   endfacet
   facet normal -0.950129 0.311858 2.16395e-16
      outer loop
         vertex 0.0757608 -0.0170943 0.017
         vertex 0.0757846 -0.0171011 0.0138045
         vertex 0.0756922 -0.0174254 0.0139164
      endloop
   endfacet
   facet normal -0.996391 0.084877 0
      outer loop
         vertex 0.0756914 -0.0174348 0.0155
         vertex 0.0757608 -0.0170943 0.017
         vertex 0.0756922 -0.0174254 0.0139164
      endloop
   endfacet
   facet normal -0.996391 0.084877 0
      outer loop
         vertex 0.0756914 -0.0174348 0.0155
         vertex 0.0756914 -0.0174348 0.017
         vertex 0.0757608 -0.0170943 0.017
      endloop
   endfacet
   facet normal -0.949928 0.31247 2.1684e-16
      outer loop
         vertex 0.0757846 -0.0171011 0.0138045
         vertex 0.0757608 -0.0170943 0.017
         vertex 0.0760175 -0.0166216 0.017
      endloop
   endfacet
   facet normal -0.778738 0.627349 4.33681e-16
      outer loop
         vertex 0.0760389 -0.016638 0.0136407
         vertex 0.0760175 -0.0166216 0.017
         vertex 0.0764245 -0.0162698 0.017
      endloop
   endfacet
   facet normal -0.507333 0.86175 5.96311e-16
      outer loop
         vertex 0.0764344 -0.0162855 0.0135098
         vertex 0.0764245 -0.0162698 0.017
         vertex 0.0769294 -0.0160842 0.017
      endloop
   endfacet
   facet normal -0.170386 0.985377 6.82144e-16
      outer loop
         vertex 0.0769326 -0.0160964 0.0134312
         vertex 0.0769294 -0.0160842 0.017
         vertex 0.0774674 -0.0160887 0.017
      endloop
   endfacet
   facet normal 0.208299 0.978065 6.77626e-16
      outer loop
         vertex 0.0774985 -0.016095 0.0134145
         vertex 0.0774671 -0.0160933 0.0134148
         vertex 0.0774674 -0.0160887 0.017
      endloop
   endfacet
   facet normal 0.521674 0.853145 5.91794e-16
      outer loop
         vertex 0.0779635 -0.0162906 0.0134228
         vertex 0.0779691 -0.0162828 0.017
         vertex 0.0782569 -0.0165118 0.017
      endloop
   endfacet
   facet normal 0.457882 0.677344 -0.575803
      outer loop
         vertex 0.0781022 -0.016497 0.0131079
         vertex 0.0781346 -0.0165275 0.0130984
         vertex 0.0780341 -0.0165873 0.012991
      endloop
   endfacet
   facet normal 0.602417 0.73847 -0.30291
      outer loop
         vertex 0.0781745 -0.0164665 0.0132444
         vertex 0.0782115 -0.0165015 0.0132349
         vertex 0.0781346 -0.0165275 0.0130984
      endloop
   endfacet
   facet normal 0.687255 0.726416 0
      outer loop
         vertex 0.0782169 -0.0164725 0.0133958
         vertex 0.0782569 -0.0165118 0.0133867
         vertex 0.0782115 -0.0165015 0.0132349
      endloop
   endfacet
   facet normal 0.623045 0.720863 -0.303597
      outer loop
         vertex 0.0782115 -0.0165015 0.0132349
         vertex 0.0781745 -0.0164665 0.0132444
         vertex 0.0782169 -0.0164725 0.0133958
      endloop
   endfacet
   facet normal 0.469286 0.668831 -0.576572
      outer loop
         vertex 0.0781346 -0.0165275 0.0130984
         vertex 0.0781022 -0.016497 0.0131079
         vertex 0.0781745 -0.0164665 0.0132444
      endloop
   endfacet
   facet normal 0.268193 0.549338 -0.791391
      outer loop
         vertex 0.0780341 -0.0165873 0.012991
         vertex 0.0780072 -0.0165612 0.013
         vertex 0.0781022 -0.016497 0.0131079
      endloop
   endfacet
   facet normal 0.884905 0.465772 3.23194e-16
      outer loop
         vertex 0.080992 -0.0202625 0.017
         vertex 0.08099 -0.0202632 0.0116645
         vertex 0.0809841 -0.0202474 0.0116754
      endloop
   endfacet
   facet normal 0.884408 0.466715 2.1684e-16
      outer loop
         vertex 0.0809841 -0.0202474 0.0116754
         vertex 0.0782569 -0.0165118 0.017
         vertex 0.080992 -0.0202625 0.017
      endloop
   endfacet
   facet normal 0.884897 0.465786 2.1684e-16
      outer loop
         vertex 0.08099 -0.0202632 0.0116645
         vertex 0.080992 -0.0202625 0.017
         vertex 0.0813247 -0.020932 0.017
      endloop
   endfacet
   facet normal 0.905697 0.423926 2.1684e-16
      outer loop
         vertex 0.0813247 -0.020932 0.017
         vertex 0.0818946 -0.0223144 0.0144691
         vertex 0.08099 -0.0202632 0.0116645
      endloop
   endfacet
   facet normal 0.941316 0.337526 2.1684e-16
      outer loop
         vertex 0.0818946 -0.0223144 0.0144691
         vertex 0.0821538 -0.0231005 0.0125491
         vertex 0.08099 -0.0202632 0.0116645
      endloop
   endfacet
   facet normal 0.957512 0.288393 2.1684e-16
      outer loop
         vertex 0.0821538 -0.0231005 0.0125491
         vertex 0.0825246 -0.0245858 0.00862467
         vertex 0.0824262 -0.0241275 0.00901095
      endloop
   endfacet
   facet normal 0.957512 0.288393 2.1684e-16
      outer loop
         vertex 0.0821538 -0.0231005 0.0125491
         vertex 0.0824262 -0.0241275 0.00901095
         vertex 0.08099 -0.0202632 0.0116645
      endloop
   endfacet
   facet normal 0.884408 0.466715 2.1684e-16
      outer loop
         vertex 0.0809841 -0.0202474 0.0116754
         vertex 0.0782569 -0.0165118 0.0133867
         vertex 0.0782569 -0.0165118 0.017
      endloop
   endfacet
   facet normal 0.713961 0.700185 4.33681e-16
      outer loop
         vertex 0.0782569 -0.0165118 0.0133867
         vertex 0.0809841 -0.0202474 0.0116754
         vertex 0.0809252 -0.0201942 0.0115307
      endloop
   endfacet
   facet normal 0.623045 0.720863 -0.303597
      outer loop
         vertex 0.0782115 -0.0165015 0.0132349
         vertex 0.0809252 -0.0201942 0.0115307
         vertex 0.0808246 -0.0201722 0.0114017
      endloop
   endfacet
   facet normal 0.565353 0.616935 -0.54751
      outer loop
         vertex 0.0808246 -0.0201722 0.0114017
         vertex 0.0806566 -0.020196 0.0112722
         vertex 0.0780341 -0.0165873 0.012991
      endloop
   endfacet
   facet normal 0.883951 0.467562 -0.00402725
      outer loop
         vertex 0.08099 -0.0202632 0.0116645
         vertex 0.0824262 -0.0241275 0.00901095
         vertex 0.0823707 -0.0240261 0.00887668
      endloop
   endfacet
   facet normal 0.766665 0.573057 -0.289535
      outer loop
         vertex 0.0809252 -0.0201942 0.0115307
         vertex 0.0809841 -0.0202474 0.0116754
         vertex 0.08099 -0.0202632 0.0116645
      endloop
   endfacet
   facet normal 0.565353 0.616935 -0.54751
      outer loop
         vertex 0.0808246 -0.0201722 0.0114017
         vertex 0.0809252 -0.0201942 0.0115307
         vertex 0.0823707 -0.0240261 0.00887668
      endloop
   endfacet
   facet normal 0.643846 0.576286 -0.503346
      outer loop
         vertex 0.0822609 -0.0239515 0.00875928
         vertex 0.0820477 -0.0238991 0.00862377
         vertex 0.0808119 -0.0204098 0.0111703
      endloop
   endfacet
   facet normal 0.304755 0.596831 -0.742238
      outer loop
         vertex 0.0808119 -0.0204098 0.0111703
         vertex 0.0808246 -0.0201722 0.0114017
         vertex 0.0822609 -0.0239515 0.00875928
      endloop
   endfacet
   facet normal 0.974542 0.224206 0
      outer loop
         vertex 0.0824262 -0.0241275 0.00901095
         vertex 0.0825178 -0.0245722 0.00860782
         vertex 0.0824705 -0.0244785 0.00849191
      endloop
   endfacet
   facet normal 0.974542 0.224206 0
      outer loop
         vertex 0.0824262 -0.0241275 0.00901095
         vertex 0.0825246 -0.0245858 0.00862467
         vertex 0.0825178 -0.0245722 0.00860782
      endloop
   endfacet
   facet normal 0.863423 0.427069 -0.268539
      outer loop
         vertex 0.0823707 -0.0240261 0.00887668
         vertex 0.0824612 -0.0244717 0.00848213
         vertex 0.0823605 -0.0243975 0.00837619
      endloop
   endfacet
   facet normal 0.863423 0.427069 -0.268539
      outer loop
         vertex 0.0823707 -0.0240261 0.00887668
         vertex 0.0824705 -0.0244785 0.00849191
         vertex 0.0824612 -0.0244717 0.00848213
      endloop
   endfacet
   facet normal 0.643846 0.576286 -0.503346
      outer loop
         vertex 0.0822609 -0.0239515 0.00875928
         vertex 0.082354 -0.0243956 0.00837265
         vertex 0.0822086 -0.0243532 0.00829234
      endloop
   endfacet
   facet normal 0.643846 0.576286 -0.503346
      outer loop
         vertex 0.0822609 -0.0239515 0.00875928
         vertex 0.0823605 -0.0243975 0.00837619
         vertex 0.082354 -0.0243956 0.00837265
      endloop
   endfacet
   facet normal 0.348541 0.660868 -0.66466
      outer loop
         vertex 0.0822086 -0.0243532 0.00829234
         vertex 0.0820477 -0.0238991 0.00862377
         vertex 0.0822609 -0.0239515 0.00875928
      endloop
   endfacet
   facet normal 0.652355 0.572245 -0.49696
      outer loop
         vertex 0.0823605 -0.0243975 0.00837619
         vertex 0.0822609 -0.0239515 0.00875928
         vertex 0.0823707 -0.0240261 0.00887668
      endloop
   endfacet
   facet normal 0.872484 0.410214 -0.26551
      outer loop
         vertex 0.0824705 -0.0244785 0.00849191
         vertex 0.0823707 -0.0240261 0.00887668
         vertex 0.0824262 -0.0241275 0.00901095
      endloop
   endfacet
   facet normal 0.304755 0.596831 -0.742238
      outer loop
         vertex 0.0808119 -0.0204098 0.0111703
         vertex 0.0806566 -0.020196 0.0112722
         vertex 0.0808246 -0.0201722 0.0114017
      endloop
   endfacet
   facet normal 0.863423 0.427069 -0.268539
      outer loop
         vertex 0.0823707 -0.0240261 0.00887668
         vertex 0.0822609 -0.0239515 0.00875928
         vertex 0.0808246 -0.0201722 0.0114017
      endloop
   endfacet
   facet normal 0.863423 0.427069 -0.268539
      outer loop
         vertex 0.0823707 -0.0240261 0.00887668
         vertex 0.0809252 -0.0201942 0.0115307
         vertex 0.08099 -0.0202632 0.0116645
      endloop
   endfacet
   facet normal 0.268193 0.549338 -0.791391
      outer loop
         vertex 0.0780341 -0.0165873 0.012991
         vertex 0.0781346 -0.0165275 0.0130984
         vertex 0.0808246 -0.0201722 0.0114017
      endloop
   endfacet
   facet normal 0.565353 0.616935 -0.54751
      outer loop
         vertex 0.0808246 -0.0201722 0.0114017
         vertex 0.0781346 -0.0165275 0.0130984
         vertex 0.0782115 -0.0165015 0.0132349
      endloop
   endfacet
   facet normal 0.766665 0.573057 -0.289535
      outer loop
         vertex 0.0809252 -0.0201942 0.0115307
         vertex 0.0782115 -0.0165015 0.0132349
         vertex 0.0782569 -0.0165118 0.0133867
      endloop
   endfacet
   facet normal 0.992485 0.092085 0.0805787
      outer loop
         vertex 0.0821712 -0.0231987 0.0125894
         vertex 0.0819181 -0.0224232 0.0145164
         vertex 0.0820162 -0.0228478 0.0137701
      endloop
   endfacet
   facet normal 0.988285 0.119873 0.0944671
      outer loop
         vertex 0.0819181 -0.0224232 0.0145164
         vertex 0.0819127 -0.0225356 0.0145608
         vertex 0.0820162 -0.0228478 0.0137701
      endloop
   endfacet
   facet normal 0.988285 0.119873 0.0944671
      outer loop
         vertex 0.0819181 -0.0224232 0.0145164
         vertex 0.0821712 -0.0231987 0.0125894
         vertex 0.0821538 -0.0231005 0.0125491
      endloop
   endfacet
   facet normal 0.992485 0.092085 0.0805787
      outer loop
         vertex 0.0821712 -0.0231987 0.0125894
         vertex 0.0821658 -0.023299 0.0126278
         vertex 0.0825165 -0.0246946 0.00880431
      endloop
   endfacet
   facet normal 0.988513 -0.108956 0.104744
      outer loop
         vertex 0.0825165 -0.0246946 0.00880431
         vertex 0.0825332 -0.0246632 0.00865126
         vertex 0.0821712 -0.0231987 0.0125894
      endloop
   endfacet
   facet normal 0.992485 0.092085 0.0805787
      outer loop
         vertex 0.0821712 -0.0231987 0.0125894
         vertex 0.0825332 -0.0246632 0.00865126
         vertex 0.0825246 -0.0245858 0.00862467
      endloop
   endfacet
   facet normal 0.941316 0.337526 0
      outer loop
         vertex 0.0818946 -0.0223144 0.0144691
         vertex 0.0813828 -0.0210997 0.017
         vertex 0.0813853 -0.0211364 0.017
      endloop
   endfacet
   facet normal 0.941316 0.337526 0
      outer loop
         vertex 0.0818946 -0.0223144 0.0144691
         vertex 0.0813247 -0.020932 0.017
         vertex 0.0813828 -0.0210997 0.017
      endloop
   endfacet
   facet normal 0.988285 0.119873 0.0944671
      outer loop
         vertex 0.0819181 -0.0224232 0.0145164
         vertex 0.0813853 -0.0211364 0.017
         vertex 0.0818079 -0.0222564 0.0152522
      endloop
   endfacet
   facet normal 0.962923 0.173112 0.206908
      outer loop
         vertex 0.0813853 -0.0211364 0.017
         vertex 0.0816493 -0.0218887 0.0159891
         vertex 0.0817704 -0.0221564 0.0155
      endloop
   endfacet
   facet normal 0.962923 0.173112 0.206908
      outer loop
         vertex 0.0813853 -0.0211364 0.017
         vertex 0.0813992 -0.0213354 0.017
         vertex 0.0816493 -0.0218887 0.0159891
      endloop
   endfacet
   facet normal 0.975125 -0.102805 0.196375
      outer loop
         vertex 0.0817704 -0.0221564 0.0155
         vertex 0.0818079 -0.0222564 0.0152522
         vertex 0.0813853 -0.0211364 0.017
      endloop
   endfacet
   facet normal 0.975826 -0.102958 0.192777
      outer loop
         vertex 0.0818079 -0.0222564 0.0152522
         vertex 0.0819127 -0.0225356 0.0145608
         vertex 0.0819181 -0.0224232 0.0145164
      endloop
   endfacet
   facet normal 0.962923 0.173112 0.206908
      outer loop
         vertex 0.0813853 -0.0211364 0.017
         vertex 0.0819181 -0.0224232 0.0145164
         vertex 0.0818946 -0.0223144 0.0144691
      endloop
   endfacet
   facet normal 0.980692 0.195561 0
      outer loop
         vertex 0.0825246 -0.0245858 0.00862467
         vertex 0.0821538 -0.0231005 0.0125491
         vertex 0.0821712 -0.0231987 0.0125894
      endloop
   endfacet
   facet normal 0.988513 -0.108956 0.104744
      outer loop
         vertex 0.0825165 -0.0246946 0.00880431
         vertex 0.0825282 -0.024741 0.00867713
         vertex 0.0825332 -0.0246632 0.00865126
      endloop
   endfacet
   facet normal 0.957512 0.288393 0
      outer loop
         vertex 0.0821538 -0.0231005 0.0125491
         vertex 0.0818946 -0.0223144 0.0144691
         vertex 0.0819181 -0.0224232 0.0145164
      endloop
   endfacet
   facet normal 0.979789 -0.103003 0.171474
      outer loop
         vertex 0.0820162 -0.0228478 0.0137701
         vertex 0.0821658 -0.023299 0.0126278
         vertex 0.0821712 -0.0231987 0.0125894
      endloop
   endfacet
   facet normal 0.982604 0.126242 -0.136207
      outer loop
         vertex 0.0825256 -0.0246205 0.00855656
         vertex 0.0824665 -0.0245086 0.00844525
         vertex 0.0824705 -0.0244785 0.00849191
      endloop
   endfacet
   facet normal 0.865117 0.350199 -0.359073
      outer loop
         vertex 0.0824665 -0.0245086 0.00844525
         vertex 0.0824612 -0.0244717 0.00848213
         vertex 0.0824705 -0.0244785 0.00849191
      endloop
   endfacet
   facet normal 0.973903 0.22441 -0.0339457
      outer loop
         vertex 0.0825178 -0.0245722 0.00860782
         vertex 0.0825256 -0.0246226 0.00855871
         vertex 0.0825256 -0.0246205 0.00855656
      endloop
   endfacet
   facet normal 0.863105 0.352651 -0.361505
      outer loop
         vertex 0.0824658 -0.0245073 0.00844391
         vertex 0.0823565 -0.0244151 0.00835283
         vertex 0.0823605 -0.0243975 0.00837619
      endloop
   endfacet
   facet normal 0.644755 0.53713 -0.543858
      outer loop
         vertex 0.0823565 -0.0244151 0.00835283
         vertex 0.082354 -0.0243956 0.00837265
         vertex 0.0823605 -0.0243975 0.00837619
      endloop
   endfacet
   facet normal 0.858148 0.42603 -0.286498
      outer loop
         vertex 0.0824612 -0.0244717 0.00848213
         vertex 0.0824665 -0.0245086 0.00844525
         vertex 0.0824658 -0.0245073 0.00844391
      endloop
   endfacet
   facet normal 0.641196 0.577485 -0.50535
      outer loop
         vertex 0.082354 -0.0243956 0.00837265
         vertex 0.0823565 -0.0244151 0.00835283
         vertex 0.0823559 -0.0244146 0.00835229
      endloop
   endfacet
   facet normal 0.9837 0.122067 -0.132041
      outer loop
         vertex 0.0825256 -0.0246226 0.00855871
         vertex 0.0825178 -0.0245722 0.00860782
         vertex 0.0825246 -0.0245858 0.00862467
      endloop
   endfacet
   facet normal 0.980692 0.195561 1.00614e-13
      outer loop
         vertex 0.0825246 -0.0245858 0.00862467
         vertex 0.0825332 -0.0246632 0.00865126
         vertex 0.0825256 -0.0246226 0.00855871
      endloop
   endfacet
   facet normal 0.997746 0.0409084 0.0531853
      outer loop
         vertex 0.0825332 -0.0246632 0.00865126
         vertex 0.0825282 -0.024741 0.00867713
         vertex 0.0825256 -0.0246226 0.00855871
      endloop
   endfacet
   facet normal 0.643227 0.538047 -0.544761
      outer loop
         vertex 0.0823559 -0.0244146 0.00835229
         vertex 0.0822086 -0.0243532 0.00829234
         vertex 0.082354 -0.0243956 0.00837265
      endloop
   endfacet
   facet normal 0.652355 0.572245 -0.49696
      outer loop
         vertex 0.0823605 -0.0243975 0.00837619
         vertex 0.0824612 -0.0244717 0.00848213
         vertex 0.0824658 -0.0245073 0.00844391
      endloop
   endfacet
   facet normal 0.872484 0.410214 -0.26551
      outer loop
         vertex 0.0824705 -0.0244785 0.00849191
         vertex 0.0825178 -0.0245722 0.00860782
         vertex 0.0825256 -0.0246205 0.00855656
      endloop
   endfacet
   facet normal 0.466459 0.871385 -0.152003
      outer loop
         vertex 0.0792161 -0.0329468 -0.0108401
         vertex 0.0767791 -0.0320297 -0.0136822
         vertex 0.0768144 -0.031881 -0.0121544
      endloop
   endfacet
   facet normal 0.460315 0.870776 -0.172795
      outer loop
         vertex 0.0782695 -0.0322698 -0.0100632
         vertex 0.0795594 -0.0329523 -0.0100659
         vertex 0.0792161 -0.0329468 -0.0108401
      endloop
   endfacet
   facet normal 0.456549 0.883386 -0.105788
      outer loop
         vertex 0.0762855 -0.0316519 -0.012572
         vertex 0.0767791 -0.0320297 -0.0136822
         vertex 0.0761199 -0.0317134 -0.0140704
      endloop
   endfacet
   facet normal 0.457653 0.886694 -0.0657833
      outer loop
         vertex 0.0761199 -0.0317134 -0.0140704
         vertex 0.0740598 -0.0306876 -0.0143291
         vertex 0.0762855 -0.0316519 -0.012572
      endloop
   endfacet
   facet normal 0.439833 0.89808 2.516e-16
      outer loop
         vertex 0.0719341 -0.029705 -0.016535
         vertex 0.0684291 -0.0280267 -0.016535
         vertex 0.0740598 -0.0306876 -0.0143291
      endloop
   endfacet
   facet normal 0.448567 0.891808 -0.0588686
      outer loop
         vertex 0.0740598 -0.0306876 -0.0143291
         vertex 0.0761199 -0.0317134 -0.0140704
         vertex 0.0719341 -0.029705 -0.016535
      endloop
   endfacet
   facet normal 0.456549 0.883386 -0.105788
      outer loop
         vertex 0.0762855 -0.0316519 -0.012572
         vertex 0.0768144 -0.031881 -0.0121544
         vertex 0.0767791 -0.0320297 -0.0136822
      endloop
   endfacet
   facet normal 0.398246 0.751377 -0.526148
      outer loop
         vertex 0.0809066 -0.0277411 0.00298797
         vertex 0.0819229 -0.0280972 0.00287045
         vertex 0.0818859 -0.0285813 0.00216932
      endloop
   endfacet
   facet normal 0.439308 0.808275 -0.392046
      outer loop
         vertex 0.0816736 -0.0313645 -0.00186117
         vertex 0.080657 -0.0304555 -0.00113826
         vertex 0.0807381 -0.029573 0.000203212
      endloop
   endfacet
   facet normal 0.420752 0.788112 -0.449273
      outer loop
         vertex 0.0807381 -0.029573 0.000203212
         vertex 0.0818859 -0.0285813 0.00216932
         vertex 0.0816736 -0.0313645 -0.00186117
      endloop
   endfacet
   facet normal 0.439308 0.808275 -0.392046
      outer loop
         vertex 0.0816736 -0.0313645 -0.00186117
         vertex 0.0808027 -0.0329725 -0.00726173
         vertex 0.0799861 -0.0317402 -0.00527379
      endloop
   endfacet
   facet normal 0.46268 0.851251 -0.247588
      outer loop
         vertex 0.0808027 -0.0329725 -0.00726173
         vertex 0.0796637 -0.0323577 -0.0072614
         vertex 0.0799861 -0.0317402 -0.00527379
      endloop
   endfacet
   facet normal 0.450361 0.840319 -0.301727
      outer loop
         vertex 0.0799861 -0.0317402 -0.00527379
         vertex 0.080657 -0.0304555 -0.00113826
         vertex 0.0816736 -0.0313645 -0.00186117
      endloop
   endfacet
   facet normal 0.463817 0.855945 -0.228542
      outer loop
         vertex 0.0804839 -0.0329674 -0.00798087
         vertex 0.0795594 -0.0329523 -0.0100659
         vertex 0.0789264 -0.0324452 -0.00911923
      endloop
   endfacet
   facet normal 0.463817 0.855945 -0.228542
      outer loop
         vertex 0.0804839 -0.0329674 -0.00798087
         vertex 0.0795362 -0.0323728 -0.00758272
         vertex 0.0796637 -0.0323577 -0.0072614
      endloop
   endfacet
   facet normal 0.457698 0.853937 -0.247597
      outer loop
         vertex 0.0796637 -0.0323577 -0.0072614
         vertex 0.0808027 -0.0329725 -0.00726173
         vertex 0.0804839 -0.0329674 -0.00798087
      endloop
   endfacet
   facet normal 0.466058 0.867716 -0.172795
      outer loop
         vertex 0.0795594 -0.0329523 -0.0100659
         vertex 0.0782695 -0.0322698 -0.0100632
         vertex 0.0789264 -0.0324452 -0.00911923
      endloop
   endfacet
   facet normal 0.460679 0.865209 -0.197961
      outer loop
         vertex 0.0789264 -0.0324452 -0.00911923
         vertex 0.0795362 -0.0323728 -0.00758272
         vertex 0.0804839 -0.0329674 -0.00798087
      endloop
   endfacet
   facet normal 0.302719 0.594328 -0.745074
      outer loop
         vertex 0.0806566 -0.020196 0.0112722
         vertex 0.0793733 -0.0206713 0.0103221
         vertex 0.0775067 -0.0178998 0.0118448
      endloop
   endfacet
   facet normal 0.285163 0.58345 -0.76044
      outer loop
         vertex 0.0775067 -0.0178998 0.0118448
         vertex 0.0776173 -0.0163713 0.013
         vertex 0.0780072 -0.0165612 0.013
      endloop
   endfacet
   facet normal 0.267971 0.549095 -0.791635
      outer loop
         vertex 0.0780072 -0.0165612 0.013
         vertex 0.0780341 -0.0165873 0.012991
         vertex 0.0775067 -0.0178998 0.0118448
      endloop
   endfacet
   facet normal 0.31264 0.619928 -0.719684
      outer loop
         vertex 0.0793733 -0.0206713 0.0103221
         vertex 0.0806566 -0.020196 0.0112722
         vertex 0.0808119 -0.0204098 0.0111703
      endloop
   endfacet
   facet normal 0.304755 0.596831 -0.742238
      outer loop
         vertex 0.0808119 -0.0204098 0.0111703
         vertex 0.0799406 -0.0215136 0.00985935
         vertex 0.0793733 -0.0206713 0.0103221
      endloop
   endfacet
   facet normal 0.320924 0.630339 -0.706881
      outer loop
         vertex 0.0799406 -0.0215136 0.00985935
         vertex 0.0808119 -0.0204098 0.0111703
         vertex 0.0820477 -0.0238991 0.00862377
      endloop
   endfacet
   facet normal 0.343623 0.65398 -0.673968
      outer loop
         vertex 0.0820477 -0.0238991 0.00862377
         vertex 0.0811311 -0.0253 0.00669878
         vertex 0.0799406 -0.0215136 0.00985935
      endloop
   endfacet
   facet normal 0.343623 0.65398 -0.673968
      outer loop
         vertex 0.0820477 -0.0238991 0.00862377
         vertex 0.0822086 -0.0243532 0.00829234
         vertex 0.0811311 -0.0253 0.00669878
      endloop
   endfacet
   facet normal 0.401862 0.74945 -0.526148
      outer loop
         vertex 0.0819229 -0.0280972 0.00287045
         vertex 0.0809066 -0.0277411 0.00298797
         vertex 0.0811311 -0.0253 0.00669878
      endloop
   endfacet
   facet normal 0.363809 0.693577 -0.621767
      outer loop
         vertex 0.0811311 -0.0253 0.00669878
         vertex 0.0822086 -0.0243532 0.00829234
         vertex 0.0819229 -0.0280972 0.00287045
      endloop
   endfacet
   facet normal 0.285163 0.58345 -0.76044
      outer loop
         vertex 0.0775067 -0.0178998 0.0118448
         vertex 0.0780341 -0.0165873 0.012991
         vertex 0.0806566 -0.020196 0.0112722
      endloop
   endfacet
   facet normal 0.40795 0.759711 -0.506376
      outer loop
         vertex 0.0818859 -0.0285813 0.00216932
         vertex 0.0807381 -0.029573 0.000203212
         vertex 0.0809066 -0.0277411 0.00298797
      endloop
   endfacet
   facet normal 0.458275 0.881088 -0.116914
      outer loop
         vertex 0.0768144 -0.031881 -0.0121544
         vertex 0.0782695 -0.0322698 -0.0100632
         vertex 0.0792161 -0.0329468 -0.0108401
      endloop
   endfacet
   facet normal 0.595709 0.73376 -0.326691
      outer loop
         vertex 0.0762373 -0.0318291 -0.0143168
         vertex 0.0719733 -0.0297607 -0.0167027
         vertex 0.0719341 -0.029705 -0.016535
      endloop
   endfacet
   facet normal 0.528668 0.572107 -0.62706
      outer loop
         vertex 0.0719785 -0.029868 -0.0168485
         vertex 0.0719733 -0.0297607 -0.0167027
         vertex 0.0762373 -0.0318291 -0.0143168
      endloop
   endfacet
   facet normal 0.469777 0.282515 -0.836358
      outer loop
         vertex 0.071949 -0.0300128 -0.0169531
         vertex 0.0719785 -0.029868 -0.0168485
         vertex 0.0762728 -0.0319467 -0.0144305
      endloop
   endfacet
   facet normal 0.662947 0.207493 -0.719339
      outer loop
         vertex 0.076271 -0.0320922 -0.0145132
         vertex 0.0761346 -0.0322029 -0.0146104
         vertex 0.0723706 -0.0304062 -0.0167314
      endloop
   endfacet
   facet normal 0.381875 -0.0257661 -0.923855
      outer loop
         vertex 0.0723706 -0.0304062 -0.0167314
         vertex 0.071949 -0.0300128 -0.0169531
         vertex 0.076271 -0.0320922 -0.0145132
      endloop
   endfacet
   facet normal 0.662947 0.207493 -0.719339
      outer loop
         vertex 0.076271 -0.0320922 -0.0145132
         vertex 0.076232 -0.0322494 -0.0145555
         vertex 0.0761346 -0.0322029 -0.0146104
      endloop
   endfacet
   facet normal 0.651234 0.694296 -0.306346
      outer loop
         vertex 0.0788726 -0.0329103 -0.0115735
         vertex 0.0762373 -0.0318291 -0.0143168
         vertex 0.0767791 -0.0320297 -0.0136822
      endloop
   endfacet
   facet normal 0.595709 0.73376 -0.326691
      outer loop
         vertex 0.0762373 -0.0318291 -0.0143168
         vertex 0.0761199 -0.0317134 -0.0140704
         vertex 0.0767791 -0.0320297 -0.0136822
      endloop
   endfacet
   facet normal 0.666679 0.498558 -0.554056
      outer loop
         vertex 0.0762728 -0.0319467 -0.0144305
         vertex 0.0762373 -0.0318291 -0.0143168
         vertex 0.0788726 -0.0329103 -0.0115735
      endloop
   endfacet
   facet normal 0.662947 0.207493 -0.719339
      outer loop
         vertex 0.076271 -0.0320922 -0.0145132
         vertex 0.0762728 -0.0319467 -0.0144305
         vertex 0.0789339 -0.0330338 -0.0116446
      endloop
   endfacet
   facet normal 0.58493 -0.106823 -0.804019
      outer loop
         vertex 0.076232 -0.0322494 -0.0145555
         vertex 0.076271 -0.0320922 -0.0145132
         vertex 0.078958 -0.0331789 -0.011694
      endloop
   endfacet
   facet normal 0.687071 0.666727 -0.288805
      outer loop
         vertex 0.0806742 -0.0331469 -0.0080472
         vertex 0.0792161 -0.0329468 -0.0108401
         vertex 0.0795594 -0.0329523 -0.0100659
      endloop
   endfacet
   facet normal 0.687071 0.666727 -0.288805
      outer loop
         vertex 0.0806742 -0.0331469 -0.0080472
         vertex 0.0788726 -0.0329103 -0.0115735
         vertex 0.0792161 -0.0329468 -0.0108401
      endloop
   endfacet
   facet normal 0.773873 0.447201 -0.448477
      outer loop
         vertex 0.0789339 -0.0330338 -0.0116446
         vertex 0.0788726 -0.0329103 -0.0115735
         vertex 0.0806742 -0.0331469 -0.0080472
      endloop
   endfacet
   facet normal 0.82199 0.157041 -0.547421
      outer loop
         vertex 0.078958 -0.0331789 -0.011694
         vertex 0.0789339 -0.0330338 -0.0116446
         vertex 0.080755 -0.0332712 -0.00806501
      endloop
   endfacet
   facet normal 0.790951 -0.148242 -0.59365
      outer loop
         vertex 0.0789425 -0.0333315 -0.0117172
         vertex 0.078958 -0.0331789 -0.011694
         vertex 0.0807978 -0.0334142 -0.00806836
      endloop
   endfacet
   facet normal 0.687071 0.666727 -0.288805
      outer loop
         vertex 0.0806742 -0.0331469 -0.0080472
         vertex 0.0804839 -0.0329674 -0.00798087
         vertex 0.0808027 -0.0329725 -0.00726173
      endloop
   endfacet
   facet normal 0.84851 0.418056 -0.324438
      outer loop
         vertex 0.080755 -0.0332712 -0.00806501
         vertex 0.0806742 -0.0331469 -0.0080472
         vertex 0.0814563 -0.0325074 -0.00472247
      endloop
   endfacet
   facet normal 0.934287 0.132108 -0.331142
      outer loop
         vertex 0.0807978 -0.0334142 -0.00806836
         vertex 0.080755 -0.0332712 -0.00806501
         vertex 0.0815461 -0.0326282 -0.00469826
      endloop
   endfacet
   facet normal 0.97591 0.131031 -0.174443
      outer loop
         vertex 0.081595 -0.0327681 -0.00466263
         vertex 0.0815986 -0.0329141 -0.0046189
         vertex 0.08094 -0.0334487 -0.00745117
      endloop
   endfacet
   facet normal 0.957845 -0.0594356 -0.281071
      outer loop
         vertex 0.08094 -0.0334487 -0.00745117
         vertex 0.0807978 -0.0334142 -0.00806836
         vertex 0.081595 -0.0327681 -0.00466263
      endloop
   endfacet
   facet normal 0.408486 0.757908 -0.508641
      outer loop
         vertex 0.0818859 -0.0285813 0.00216932
         vertex 0.0821589 -0.0291315 0.00252946
         vertex 0.081884 -0.0310697 -0.000986989
      endloop
   endfacet
   facet normal 0.698433 0.652447 -0.294116
      outer loop
         vertex 0.0814563 -0.0325074 -0.00472247
         vertex 0.0808027 -0.0329725 -0.00726173
         vertex 0.0816736 -0.0313645 -0.00186117
      endloop
   endfacet
   facet normal 0.439308 0.808275 -0.392046
      outer loop
         vertex 0.0816736 -0.0313645 -0.00186117
         vertex 0.081884 -0.0310697 -0.000986989
         vertex 0.0814563 -0.0325074 -0.00472247
      endloop
   endfacet
   facet normal 0.871277 0.38736 -0.301379
      outer loop
         vertex 0.0822575 -0.0292394 0.00259207
         vertex 0.0815461 -0.0326282 -0.00469826
         vertex 0.081884 -0.0310697 -0.000986989
      endloop
   endfacet
   facet normal 0.877979 0.410834 -0.245699
      outer loop
         vertex 0.0815461 -0.0326282 -0.00469826
         vertex 0.0814563 -0.0325074 -0.00472247
         vertex 0.081884 -0.0310697 -0.000986989
      endloop
   endfacet
   facet normal 0.97591 0.131031 -0.174443
      outer loop
         vertex 0.081595 -0.0327681 -0.00466263
         vertex 0.0815461 -0.0326282 -0.00469826
         vertex 0.0822575 -0.0292394 0.00259207
      endloop
   endfacet
   facet normal 0.980434 0.132388 -0.14568
      outer loop
         vertex 0.0823121 -0.0293669 0.00266992
         vertex 0.0823171 -0.0295011 0.00275514
         vertex 0.0818336 -0.031798 -0.00220744
      endloop
   endfacet
   facet normal 0.91568 0.327007 -0.233658
      outer loop
         vertex 0.0818336 -0.031798 -0.00220744
         vertex 0.081595 -0.0327681 -0.00466263
         vertex 0.0823121 -0.0293669 0.00266992
      endloop
   endfacet
   facet normal 0.643227 0.538047 -0.544761
      outer loop
         vertex 0.0823559 -0.0244146 0.00835229
         vertex 0.0821589 -0.0291315 0.00252946
         vertex 0.0819229 -0.0280972 0.00287045
      endloop
   endfacet
   facet normal 0.673973 0.603143 -0.426589
      outer loop
         vertex 0.0821589 -0.0291315 0.00252946
         vertex 0.0818859 -0.0285813 0.00216932
         vertex 0.0819229 -0.0280972 0.00287045
      endloop
   endfacet
   facet normal 0.644755 0.53713 -0.543858
      outer loop
         vertex 0.0823565 -0.0244151 0.00835283
         vertex 0.0822575 -0.0292394 0.00259207
         vertex 0.0821589 -0.0291315 0.00252946
      endloop
   endfacet
   facet normal 0.673973 0.603143 -0.426589
      outer loop
         vertex 0.0821589 -0.0291315 0.00252946
         vertex 0.0823559 -0.0244146 0.00835229
         vertex 0.0823565 -0.0244151 0.00835283
      endloop
   endfacet
   facet normal 0.865117 0.350199 -0.359073
      outer loop
         vertex 0.0824665 -0.0245086 0.00844525
         vertex 0.0823121 -0.0293669 0.00266992
         vertex 0.0822575 -0.0292394 0.00259207
      endloop
   endfacet
   facet normal 0.871277 0.38736 -0.301379
      outer loop
         vertex 0.0822575 -0.0292394 0.00259207
         vertex 0.0824658 -0.0245073 0.00844391
         vertex 0.0824665 -0.0245086 0.00844525
      endloop
   endfacet
   facet normal 0.9837 0.122067 -0.132041
      outer loop
         vertex 0.0825256 -0.0246226 0.00855871
         vertex 0.0823171 -0.0295011 0.00275514
         vertex 0.0823121 -0.0293669 0.00266992
      endloop
   endfacet
   facet normal 0.980434 0.132388 -0.14568
      outer loop
         vertex 0.0823121 -0.0293669 0.00266992
         vertex 0.0825256 -0.0246205 0.00855656
         vertex 0.0825256 -0.0246226 0.00855871
      endloop
   endfacet
   facet normal 0.9837 0.122067 -0.132041
      outer loop
         vertex 0.0825256 -0.0246226 0.00855871
         vertex 0.0825282 -0.024741 0.00867713
         vertex 0.0823171 -0.0295011 0.00275514
      endloop
   endfacet
   facet normal 0.865117 0.350199 -0.359073
      outer loop
         vertex 0.0824665 -0.0245086 0.00844525
         vertex 0.0825256 -0.0246205 0.00855656
         vertex 0.0823121 -0.0293669 0.00266992
      endloop
   endfacet
   facet normal 0.644755 0.53713 -0.543858
      outer loop
         vertex 0.0823565 -0.0244151 0.00835283
         vertex 0.0824658 -0.0245073 0.00844391
         vertex 0.0822575 -0.0292394 0.00259207
      endloop
   endfacet
   facet normal 0.0558554 0.82606 -0.560808
      outer loop
         vertex 0.0819229 -0.0280972 0.00287045
         vertex 0.0822086 -0.0243532 0.00829234
         vertex 0.0823559 -0.0244146 0.00835229
      endloop
   endfacet
   facet normal 0.91568 0.327007 -0.233658
      outer loop
         vertex 0.0818336 -0.031798 -0.00220744
         vertex 0.0815986 -0.0329141 -0.0046189
         vertex 0.081595 -0.0327681 -0.00466263
      endloop
   endfacet
   facet normal 0.871277 0.38736 -0.301379
      outer loop
         vertex 0.0822575 -0.0292394 0.00259207
         vertex 0.0823121 -0.0293669 0.00266992
         vertex 0.081595 -0.0327681 -0.00466263
      endloop
   endfacet
   facet normal 0.687505 0.630497 -0.360291
      outer loop
         vertex 0.081884 -0.0310697 -0.000986989
         vertex 0.0821589 -0.0291315 0.00252946
         vertex 0.0822575 -0.0292394 0.00259207
      endloop
   endfacet
   facet normal 0.687505 0.630497 -0.360291
      outer loop
         vertex 0.081884 -0.0310697 -0.000986989
         vertex 0.0816736 -0.0313645 -0.00186117
         vertex 0.0818859 -0.0285813 0.00216932
      endloop
   endfacet
   facet normal 0.957845 -0.0594356 -0.281071
      outer loop
         vertex 0.08094 -0.0334487 -0.00745117
         vertex 0.0807991 -0.0335631 -0.00805695
         vertex 0.0807978 -0.0334142 -0.00806836
      endloop
   endfacet
   facet normal 0.877979 0.410834 -0.245699
      outer loop
         vertex 0.0815461 -0.0326282 -0.00469826
         vertex 0.081595 -0.0327681 -0.00466263
         vertex 0.0807978 -0.0334142 -0.00806836
      endloop
   endfacet
   facet normal 0.698433 0.652447 -0.294116
      outer loop
         vertex 0.0814563 -0.0325074 -0.00472247
         vertex 0.0815461 -0.0326282 -0.00469826
         vertex 0.080755 -0.0332712 -0.00806501
      endloop
   endfacet
   facet normal 0.462681 0.85125 -0.247587
      outer loop
         vertex 0.0808027 -0.0329725 -0.00726173
         vertex 0.0814563 -0.0325074 -0.00472247
         vertex 0.0806742 -0.0331469 -0.0080472
      endloop
   endfacet
   facet normal 0.934287 0.132108 -0.331142
      outer loop
         vertex 0.0807978 -0.0334142 -0.00806836
         vertex 0.0807991 -0.0335631 -0.00805695
         vertex 0.0789425 -0.0333315 -0.0117172
      endloop
   endfacet
   facet normal 0.84851 0.418056 -0.324438
      outer loop
         vertex 0.080755 -0.0332712 -0.00806501
         vertex 0.0807978 -0.0334142 -0.00806836
         vertex 0.078958 -0.0331789 -0.011694
      endloop
   endfacet
   facet normal 0.687071 0.666727 -0.288805
      outer loop
         vertex 0.0806742 -0.0331469 -0.0080472
         vertex 0.080755 -0.0332712 -0.00806501
         vertex 0.0789339 -0.0330338 -0.0116446
      endloop
   endfacet
   facet normal 0.281237 0.957523 -0.0636763
      outer loop
         vertex 0.0795594 -0.0329523 -0.0100659
         vertex 0.0804839 -0.0329674 -0.00798087
         vertex 0.0806742 -0.0331469 -0.0080472
      endloop
   endfacet
   facet normal 0.82199 0.157041 -0.547421
      outer loop
         vertex 0.078958 -0.0331789 -0.011694
         vertex 0.0789425 -0.0333315 -0.0117172
         vertex 0.076232 -0.0322494 -0.0145555
      endloop
   endfacet
   facet normal 0.773873 0.447201 -0.448477
      outer loop
         vertex 0.0789339 -0.0330338 -0.0116446
         vertex 0.078958 -0.0331789 -0.011694
         vertex 0.076271 -0.0320922 -0.0145132
      endloop
   endfacet
   facet normal 0.651234 0.694296 -0.306346
      outer loop
         vertex 0.0788726 -0.0329103 -0.0115735
         vertex 0.0789339 -0.0330338 -0.0116446
         vertex 0.0762728 -0.0319467 -0.0144305
      endloop
   endfacet
   facet normal 0.460249 0.884519 -0.0761366
      outer loop
         vertex 0.0767791 -0.0320297 -0.0136822
         vertex 0.0792161 -0.0329468 -0.0108401
         vertex 0.0788726 -0.0329103 -0.0115735
      endloop
   endfacet
   facet normal 0.381875 -0.0257661 -0.923855
      outer loop
         vertex 0.0723706 -0.0304062 -0.0167314
         vertex 0.0718888 -0.0301761 -0.017003
         vertex 0.071949 -0.0300128 -0.0169531
      endloop
   endfacet
   facet normal 0.666679 0.498558 -0.554056
      outer loop
         vertex 0.0762728 -0.0319467 -0.0144305
         vertex 0.076271 -0.0320922 -0.0145132
         vertex 0.071949 -0.0300128 -0.0169531
      endloop
   endfacet
   facet normal 0.595709 0.73376 -0.326691
      outer loop
         vertex 0.0762373 -0.0318291 -0.0143168
         vertex 0.0762728 -0.0319467 -0.0144305
         vertex 0.0719785 -0.029868 -0.0168485
      endloop
   endfacet
   facet normal 0.439833 0.89808 0
      outer loop
         vertex 0.0719341 -0.029705 -0.016535
         vertex 0.0761199 -0.0317134 -0.0140704
         vertex 0.0762373 -0.0318291 -0.0143168
      endloop
   endfacet
   facet normal 0.11122 0.993796 0
      outer loop
         vertex -0.000488327 -0.00861031 -0.016535
         vertex 0.0307078 -0.0163445 -0.0171275
         vertex 0.0270941 -0.0134883 -0.0172999
      endloop
   endfacet
   facet normal 0.110798 0.993843 0
      outer loop
         vertex -0.000581467 -0.00859991 -0.0175672
         vertex -0.00748969 -0.00793969 -0.016535
         vertex -0.000488327 -0.00861031 -0.016535
      endloop
   endfacet
   facet normal 0.264196 0.964469 0
      outer loop
         vertex 0.0331124 -0.0154874 -0.0175212
         vertex 0.0270941 -0.0134883 -0.0172999
         vertex 0.0307078 -0.0163445 -0.0171275
      endloop
   endfacet
   facet normal 0.254947 0.966955 0
      outer loop
         vertex 0.0307078 -0.0163445 -0.0171275
         vertex 0.0328053 -0.0168646 -0.0171673
         vertex 0.0331124 -0.0154874 -0.0175212
      endloop
   endfacet
   facet normal 0.391978 0.919975 0
      outer loop
         vertex 0.0613874 -0.0248796 -0.018561
         vertex 0.0640256 -0.0261327 -0.016902
         vertex 0.0684291 -0.0280267 -0.016535
      endloop
   endfacet
   facet normal 0.391978 0.919975 0
      outer loop
         vertex 0.0613874 -0.0248796 -0.018561
         vertex 0.055639 -0.0225255 -0.017601
         vertex 0.0581683 -0.0236134 -0.0173902
      endloop
   endfacet
   facet normal 0.377491 0.926013 0
      outer loop
         vertex 0.0581683 -0.0236134 -0.0173902
         vertex 0.0640256 -0.0261327 -0.016902
         vertex 0.0613874 -0.0248796 -0.018561
      endloop
   endfacet
   facet normal 0.264196 0.964469 0
      outer loop
         vertex 0.0331124 -0.0154874 -0.0175212
         vertex 0.0328053 -0.0168646 -0.0171673
         vertex 0.0538581 -0.022084 -0.0175672
      endloop
   endfacet
   facet normal 0.358193 0.933647 0
      outer loop
         vertex 0.0538581 -0.022084 -0.0175672
         vertex 0.0613874 -0.0248796 -0.018561
         vertex 0.0331124 -0.0154874 -0.0175212
      endloop
   endfacet
   facet normal 0.358193 0.933647 0
      outer loop
         vertex 0.0538581 -0.022084 -0.0175672
         vertex 0.055639 -0.0225255 -0.017601
         vertex 0.0613874 -0.0248796 -0.018561
      endloop
   endfacet
   facet normal 0.42393 0.905695 0
      outer loop
         vertex 0.0684291 -0.0280267 -0.016535
         vertex 0.0719341 -0.029705 -0.016535
         vertex 0.0613874 -0.0248796 -0.018561
      endloop
   endfacet
   facet normal 0.236374 0.971662 0
      outer loop
         vertex 0.0270941 -0.0134883 -0.0172999
         vertex -0.000581467 -0.00859991 -0.0175672
         vertex -0.000488327 -0.00861031 -0.016535
      endloop
   endfacet
   facet normal 0.0742127 0.927801 -0.36562
      outer loop
         vertex -0.000599759 -0.00863293 -0.01775
         vertex -0.00753659 -0.0079713 -0.016714
         vertex -0.00748969 -0.00793969 -0.016535
      endloop
   endfacet
   facet normal 0.027284 0.732443 -0.680281
      outer loop
         vertex -0.000623224 -0.00873061 -0.0179074
         vertex -0.00758248 -0.00806872 -0.0168677
         vertex -0.00753659 -0.0079713 -0.016714
      endloop
   endfacet
   facet normal -0.0234475 0.434999 -0.900126
      outer loop
         vertex -0.00064859 -0.00887933 -0.0180173
         vertex -0.00762089 -0.0082182 -0.0169746
         vertex -0.00758248 -0.00806872 -0.0168677
      endloop
   endfacet
   facet normal -0.0709109 0.076925 -0.994512
      outer loop
         vertex -0.000672321 -0.00905837 -0.0180645
         vertex -0.00764641 -0.00839869 -0.0170195
         vertex -0.00762089 -0.0082182 -0.0169746
      endloop
   endfacet
   facet normal 0.229213 0.903832 -0.361316
      outer loop
         vertex 0.0270905 -0.0135222 -0.0174806
         vertex -0.000599759 -0.00863293 -0.01775
         vertex -0.000581467 -0.00859991 -0.0175672
      endloop
   endfacet
   facet normal 0.027284 0.732443 -0.680281
      outer loop
         vertex -0.000623224 -0.00873061 -0.0179074
         vertex -0.000599759 -0.00863293 -0.01775
         vertex 0.0270905 -0.0135222 -0.0174806
      endloop
   endfacet
   facet normal -0.0234475 0.434999 -0.900126
      outer loop
         vertex -0.00064859 -0.00887933 -0.0180173
         vertex -0.000623224 -0.00873061 -0.0179074
         vertex 0.0270715 -0.0136172 -0.0176368
      endloop
   endfacet
   facet normal 0.127078 0.427266 -0.895151
      outer loop
         vertex 0.0270395 -0.0137605 -0.0177475
         vertex 0.0269989 -0.0139327 -0.0177977
         vertex 0.00635012 -0.0102954 -0.0179968
      endloop
   endfacet
   facet normal -0.135201 -0.906945 -0.398963
      outer loop
         vertex 0.00635012 -0.0102954 -0.0179968
         vertex -0.00064859 -0.00887933 -0.0180173
         vertex 0.0270395 -0.0137605 -0.0177475
      endloop
   endfacet
   facet normal 0.384021 0.849468 -0.361845
      outer loop
         vertex 0.0613834 -0.0249149 -0.0187419
         vertex 0.0270905 -0.0135222 -0.0174806
         vertex 0.0331124 -0.0154874 -0.0175212
      endloop
   endfacet
   facet normal 0.229213 0.903832 -0.361316
      outer loop
         vertex 0.0270905 -0.0135222 -0.0174806
         vertex 0.0270941 -0.0134883 -0.0172999
         vertex 0.0331124 -0.0154874 -0.0175212
      endloop
   endfacet
   facet normal 0.191062 0.713803 -0.673781
      outer loop
         vertex 0.0270715 -0.0136172 -0.0176368
         vertex 0.0270905 -0.0135222 -0.0174806
         vertex 0.0613834 -0.0249149 -0.0187419
      endloop
   endfacet
   facet normal 0.127078 0.427266 -0.895151
      outer loop
         vertex 0.0270395 -0.0137605 -0.0177475
         vertex 0.0270715 -0.0136172 -0.0176368
         vertex 0.0613533 -0.0250079 -0.0188982
      endloop
   endfacet
   facet normal 0.127078 0.427266 -0.895151
      outer loop
         vertex 0.0270395 -0.0137605 -0.0177475
         vertex 0.0613012 -0.025146 -0.0190087
         vertex 0.0531033 -0.0226082 -0.0187589
      endloop
   endfacet
   facet normal 0.219646 0.387248 -0.89543
      outer loop
         vertex 0.0613012 -0.025146 -0.0190087
         vertex 0.0612342 -0.0253104 -0.0190583
         vertex 0.0531033 -0.0226082 -0.0187589
      endloop
   endfacet
   facet normal -0.347906 -0.866611 -0.357696
      outer loop
         vertex 0.0531033 -0.0226082 -0.0187589
         vertex 0.0309163 -0.0152346 -0.0179419
         vertex 0.0270395 -0.0137605 -0.0177475
      endloop
   endfacet
   facet normal 0.384021 0.849468 -0.361845
      outer loop
         vertex 0.0613834 -0.0249149 -0.0187419
         vertex 0.0613874 -0.0248796 -0.018561
         vertex 0.0719341 -0.029705 -0.016535
      endloop
   endfacet
   facet normal 0.32385 0.663462 -0.674492
      outer loop
         vertex 0.0613533 -0.0250079 -0.0188982
         vertex 0.0613834 -0.0249149 -0.0187419
         vertex 0.0719733 -0.0297607 -0.0167027
      endloop
   endfacet
   facet normal 0.219646 0.387248 -0.89543
      outer loop
         vertex 0.0613012 -0.025146 -0.0190087
         vertex 0.0613533 -0.0250079 -0.0188982
         vertex 0.0719785 -0.029868 -0.0168485
      endloop
   endfacet
   facet normal 0.469777 0.282515 -0.836358
      outer loop
         vertex 0.071949 -0.0300128 -0.0169531
         vertex 0.0718888 -0.0301761 -0.017003
         vertex 0.0631081 -0.0261662 -0.0186968
      endloop
   endfacet
   facet normal 0.0802119 -0.0320831 -0.996261
      outer loop
         vertex 0.0631081 -0.0261662 -0.0186968
         vertex 0.0613012 -0.025146 -0.0190087
         vertex 0.071949 -0.0300128 -0.0169531
      endloop
   endfacet
   facet normal 0.0802119 -0.0320831 -0.996261
      outer loop
         vertex 0.0631081 -0.0261662 -0.0186968
         vertex 0.0612342 -0.0253104 -0.0190583
         vertex 0.0613012 -0.025146 -0.0190087
      endloop
   endfacet
   facet normal 0.528668 0.572107 -0.62706
      outer loop
         vertex 0.0719785 -0.029868 -0.0168485
         vertex 0.071949 -0.0300128 -0.0169531
         vertex 0.0613012 -0.025146 -0.0190087
      endloop
   endfacet
   facet normal 0.51823 0.786675 -0.33553
      outer loop
         vertex 0.0719733 -0.0297607 -0.0167027
         vertex 0.0719785 -0.029868 -0.0168485
         vertex 0.0613533 -0.0250079 -0.0188982
      endloop
   endfacet
   facet normal 0.439833 0.89808 0
      outer loop
         vertex 0.0719341 -0.029705 -0.016535
         vertex 0.0719733 -0.0297607 -0.0167027
         vertex 0.0613834 -0.0249149 -0.0187419
      endloop
   endfacet
   facet normal -0.0839271 -0.32971 -0.940345
      outer loop
         vertex 0.0309163 -0.0152346 -0.0179419
         vertex 0.0269989 -0.0139327 -0.0177977
         vertex 0.0270395 -0.0137605 -0.0177475
      endloop
   endfacet
   facet normal 0.32385 0.663462 -0.674492
      outer loop
         vertex 0.0613533 -0.0250079 -0.0188982
         vertex 0.0613012 -0.025146 -0.0190087
         vertex 0.0270395 -0.0137605 -0.0177475
      endloop
   endfacet
   facet normal 0.384021 0.849468 -0.361845
      outer loop
         vertex 0.0613834 -0.0249149 -0.0187419
         vertex 0.0613533 -0.0250079 -0.0188982
         vertex 0.0270715 -0.0136172 -0.0176368
      endloop
   endfacet
   facet normal 0.0542278 0.246614 -0.967595
      outer loop
         vertex 0.0331124 -0.0154874 -0.0175212
         vertex 0.0613874 -0.0248796 -0.018561
         vertex 0.0613834 -0.0249149 -0.0187419
      endloop
   endfacet
   facet normal -0.135201 -0.906945 -0.398963
      outer loop
         vertex 0.00635012 -0.0102954 -0.0179968
         vertex -0.000672321 -0.00905837 -0.0180645
         vertex -0.00064859 -0.00887933 -0.0180173
      endloop
   endfacet
   facet normal 0.191062 0.713803 -0.673781
      outer loop
         vertex 0.0270715 -0.0136172 -0.0176368
         vertex 0.0270395 -0.0137605 -0.0177475
         vertex -0.00064859 -0.00887933 -0.0180173
      endloop
   endfacet
   facet normal 0.229213 0.903832 -0.361316
      outer loop
         vertex 0.0270905 -0.0135222 -0.0174806
         vertex 0.0270715 -0.0136172 -0.0176368
         vertex -0.000623224 -0.00873061 -0.0179074
      endloop
   endfacet
   facet normal 0.110798 0.993843 0
      outer loop
         vertex -0.000581467 -0.00859991 -0.0175672
         vertex 0.0270941 -0.0134883 -0.0172999
         vertex 0.0270905 -0.0135222 -0.0174806
      endloop
   endfacet
   facet normal -0.182951 0.439809 -0.879259
      outer loop
         vertex -0.00762089 -0.0082182 -0.0169746
         vertex -0.00064859 -0.00887933 -0.0180173
         vertex -0.000672321 -0.00905837 -0.0180645
      endloop
   endfacet
   facet normal -0.106131 0.73878 -0.665538
      outer loop
         vertex -0.00758248 -0.00806872 -0.0168677
         vertex -0.000623224 -0.00873061 -0.0179074
         vertex -0.00064859 -0.00887933 -0.0180173
      endloop
   endfacet
   facet normal -0.0143511 0.933611 -0.358001
      outer loop
         vertex -0.00753659 -0.0079713 -0.016714
         vertex -0.000599759 -0.00863293 -0.01775
         vertex -0.000623224 -0.00873061 -0.0179074
      endloop
   endfacet
   facet normal 0.0794521 0.996839 0
      outer loop
         vertex -0.00748969 -0.00793969 -0.016535
         vertex -0.000581467 -0.00859991 -0.0175672
         vertex -0.000599759 -0.00863293 -0.01775
      endloop
   endfacet
   facet normal -0.182951 0.439809 -0.879259
      outer loop
         vertex -0.00762089 -0.0082182 -0.0169746
         vertex -0.00764641 -0.00839869 -0.0170195
         vertex -0.0119802 -0.00806929 -0.0154381
      endloop
   endfacet
   facet normal -0.436026 0.089779 -0.895445
      outer loop
         vertex -0.0119802 -0.00806929 -0.0154381
         vertex -0.0122522 -0.00786977 -0.0152892
         vertex -0.00762089 -0.0082182 -0.0169746
      endloop
   endfacet
   facet normal -0.182951 0.439809 -0.879259
      outer loop
         vertex -0.00762089 -0.0082182 -0.0169746
         vertex -0.0122522 -0.00786977 -0.0152892
         vertex -0.0121925 -0.00772284 -0.0151973
      endloop
   endfacet
   facet normal -0.106131 0.73878 -0.665538
      outer loop
         vertex -0.00758248 -0.00806872 -0.0168677
         vertex -0.0121925 -0.00772284 -0.0151973
         vertex -0.0121147 -0.00762502 -0.0150631
      endloop
   endfacet
   facet normal -0.111681 0.926165 -0.360203
      outer loop
         vertex -0.0121147 -0.00762502 -0.0150631
         vertex -0.0119402 -0.00758464 -0.0146904
         vertex -0.00748969 -0.00793969 -0.016535
      endloop
   endfacet
   facet normal -0.386684 0.436664 -0.81228
      outer loop
         vertex -0.0122522 -0.00786977 -0.0152892
         vertex -0.012286 -0.00804604 -0.0153265
         vertex -0.0147885 -0.00776388 -0.013361
      endloop
   endfacet
   facet normal -0.609332 0.275468 -0.743527
      outer loop
         vertex -0.0147885 -0.00776388 -0.013361
         vertex -0.0162193 -0.00742726 -0.012183
         vertex -0.0122522 -0.00786977 -0.0152892
      endloop
   endfacet
   facet normal -0.267137 0.730512 -0.628482
      outer loop
         vertex -0.0121925 -0.00772284 -0.0151973
         vertex -0.0122522 -0.00786977 -0.0152892
         vertex -0.0162193 -0.00742726 -0.012183
      endloop
   endfacet
   facet normal -0.474222 0.718951 -0.508156
      outer loop
         vertex -0.0161276 -0.00728501 -0.0121293
         vertex -0.0160061 -0.00718808 -0.0120436
         vertex -0.0142136 -0.00743587 -0.013746
      endloop
   endfacet
   facet normal -0.171749 0.919906 -0.352528
      outer loop
         vertex -0.0142136 -0.00743587 -0.013746
         vertex -0.0121925 -0.00772284 -0.0151973
         vertex -0.0161276 -0.00728501 -0.0121293
      endloop
   endfacet
   facet normal -0.111681 0.926165 -0.360203
      outer loop
         vertex -0.0121147 -0.00762502 -0.0150631
         vertex -0.0142136 -0.00743587 -0.013746
         vertex -0.0134889 -0.00746109 -0.0140485
      endloop
   endfacet
   facet normal -0.231152 0.912812 -0.336665
      outer loop
         vertex -0.0160061 -0.00718808 -0.0120436
         vertex -0.0165225 -0.00700631 -0.0110782
         vertex -0.0147485 -0.00727226 -0.0128152
      endloop
   endfacet
   facet normal 0.283563 0.943929 0.169086
      outer loop
         vertex -0.0147485 -0.00727226 -0.0128152
         vertex -0.0142136 -0.00743587 -0.013746
         vertex -0.0160061 -0.00718808 -0.0120436
      endloop
   endfacet
   facet normal 0.283563 0.943929 0.169086
      outer loop
         vertex -0.0147485 -0.00727226 -0.0128152
         vertex -0.0134889 -0.00746109 -0.0140485
         vertex -0.0142136 -0.00743587 -0.013746
      endloop
   endfacet
   facet normal -0.81974 0.436223 -0.371128
      outer loop
         vertex -0.0182784 -0.00672787 -0.00844831
         vertex -0.0162193 -0.00742726 -0.012183
         vertex -0.0170312 -0.00733798 -0.0108096
      endloop
   endfacet
   facet normal -0.657505 0.434449 -0.615582
      outer loop
         vertex -0.0162193 -0.00742726 -0.012183
         vertex -0.0162695 -0.0075969 -0.012198
         vertex -0.0170312 -0.00733798 -0.0108096
      endloop
   endfacet
   facet normal -0.474222 0.718951 -0.508156
      outer loop
         vertex -0.0161276 -0.00728501 -0.0121293
         vertex -0.0162193 -0.00742726 -0.012183
         vertex -0.0182784 -0.00672787 -0.00844831
      endloop
   endfacet
   facet normal -0.231152 0.912812 -0.336665
      outer loop
         vertex -0.0160061 -0.00718808 -0.0120436
         vertex -0.0161276 -0.00728501 -0.0121293
         vertex -0.018168 -0.0065892 -0.00844452
      endloop
   endfacet
   facet normal -0.302714 0.901173 -0.310245
      outer loop
         vertex -0.0180199 -0.0064954 -0.00841787
         vertex -0.0177503 -0.00642437 -0.00833306
         vertex -0.0165225 -0.00700631 -0.0110782
      endloop
   endfacet
   facet normal -0.878112 0.437759 -0.193098
      outer loop
         vertex -0.0190234 -0.00537605 -0.00378349
         vertex -0.0182784 -0.00672787 -0.00844831
         vertex -0.0185217 -0.00655768 -0.00726095
      endloop
   endfacet
   facet normal -0.81974 0.436223 -0.371128
      outer loop
         vertex -0.0182784 -0.00672787 -0.00844831
         vertex -0.0183373 -0.00689397 -0.00842876
         vertex -0.0185217 -0.00655768 -0.00726095
      endloop
   endfacet
   facet normal -0.598883 0.713564 -0.363545
      outer loop
         vertex -0.018168 -0.0065892 -0.00844452
         vertex -0.0182784 -0.00672787 -0.00844831
         vertex -0.0190234 -0.00537605 -0.00378349
      endloop
   endfacet
   facet normal -0.302714 0.901173 -0.310245
      outer loop
         vertex -0.0180199 -0.0064954 -0.00841787
         vertex -0.018168 -0.0065892 -0.00844452
         vertex -0.0189087 -0.00524132 -0.00382758
      endloop
   endfacet
   facet normal -0.332874 0.882573 -0.332054
      outer loop
         vertex -0.0187508 -0.00515364 -0.00385297
         vertex -0.0183312 -0.00492263 -0.00391439
         vertex -0.0180885 -0.00626408 -0.00757691
      endloop
   endfacet
   facet normal 0.0303011 0.970506 -0.239166
      outer loop
         vertex -0.0180885 -0.00626408 -0.00757691
         vertex -0.0180199 -0.0064954 -0.00841787
         vertex -0.0187508 -0.00515364 -0.00385297
      endloop
   endfacet
   facet normal -0.888755 0.424116 -0.173898
      outer loop
         vertex -0.0188653 -0.00214031 0.00302826
         vertex -0.0190234 -0.00537605 -0.00378349
         vertex -0.0190486 -0.00491764 -0.00241418
      endloop
   endfacet
   facet normal -0.922839 0.351876 -0.156691
      outer loop
         vertex -0.0190486 -0.00491764 -0.00241418
         vertex -0.0189172 -0.00229154 0.00312438
         vertex -0.0188662 -0.00214301 0.00302997
      endloop
   endfacet
   facet normal -0.878112 0.437759 -0.193098
      outer loop
         vertex -0.0190234 -0.00537605 -0.00378349
         vertex -0.0190797 -0.00553989 -0.00372655
         vertex -0.0190486 -0.00491764 -0.00241418
      endloop
   endfacet
   facet normal -0.664657 0.665188 -0.340228
      outer loop
         vertex -0.018753 -0.00202005 0.00294523
         vertex -0.0187517 -0.00201861 0.00294423
         vertex -0.0189087 -0.00524132 -0.00382758
      endloop
   endfacet
   facet normal -0.878112 0.437759 -0.193098
      outer loop
         vertex -0.0190234 -0.00537605 -0.00378349
         vertex -0.0188653 -0.00214031 0.00302826
         vertex -0.018753 -0.00202005 0.00294523
      endloop
   endfacet
   facet normal -0.344065 0.81749 -0.461876
      outer loop
         vertex -0.0185929 -0.0019438 0.00288436
         vertex -0.018592 -0.00194335 0.002884
         vertex -0.0187508 -0.00515364 -0.00385297
      endloop
   endfacet
   facet normal -0.64864 0.707209 -0.281287
      outer loop
         vertex -0.0189087 -0.00524132 -0.00382758
         vertex -0.0187517 -0.00201861 0.00294423
         vertex -0.0185929 -0.0019438 0.00288436
      endloop
   endfacet
   facet normal -0.342029 0.818047 -0.462401
      outer loop
         vertex -0.018592 -0.00194335 0.002884
         vertex -0.0184085 -0.00192502 0.00285595
         vertex -0.0185746 -0.00337292 0.000204441
      endloop
   endfacet
   facet normal 0.0372045 0.893413 -0.447694
      outer loop
         vertex -0.0185746 -0.00337292 0.000204441
         vertex -0.018589 -0.00349782 -2.42919e-05
         vertex -0.018592 -0.00194335 0.002884
      endloop
   endfacet
   facet normal 0.0256579 0.897015 -0.441254
      outer loop
         vertex -0.018589 -0.00349782 -2.42919e-05
         vertex -0.0187508 -0.00515364 -0.00385297
         vertex -0.018592 -0.00194335 0.002884
      endloop
   endfacet
   facet normal 0.0256579 0.897015 -0.441254
      outer loop
         vertex -0.018589 -0.00349782 -2.42919e-05
         vertex -0.0183312 -0.00492263 -0.00391439
         vertex -0.0187508 -0.00515364 -0.00385297
      endloop
   endfacet
   facet normal -0.332874 0.882573 -0.332054
      outer loop
         vertex -0.0187508 -0.00515364 -0.00385297
         vertex -0.0189087 -0.00524132 -0.00382758
         vertex -0.0185929 -0.0019438 0.00288436
      endloop
   endfacet
   facet normal -0.64864 0.707209 -0.281287
      outer loop
         vertex -0.0189087 -0.00524132 -0.00382758
         vertex -0.0190234 -0.00537605 -0.00378349
         vertex -0.018753 -0.00202005 0.00294523
      endloop
   endfacet
   facet normal -0.922839 0.351876 -0.156691
      outer loop
         vertex -0.0190486 -0.00491764 -0.00241418
         vertex -0.0188662 -0.00214301 0.00302997
         vertex -0.0188653 -0.00214031 0.00302826
      endloop
   endfacet
   facet normal 0.0303011 0.970506 -0.239166
      outer loop
         vertex -0.0180885 -0.00626408 -0.00757691
         vertex -0.0177503 -0.00642437 -0.00833306
         vertex -0.0180199 -0.0064954 -0.00841787
      endloop
   endfacet
   facet normal -0.64864 0.707209 -0.281287
      outer loop
         vertex -0.0189087 -0.00524132 -0.00382758
         vertex -0.0187508 -0.00515364 -0.00385297
         vertex -0.0180199 -0.0064954 -0.00841787
      endloop
   endfacet
   facet normal -0.878112 0.437759 -0.193098
      outer loop
         vertex -0.0190234 -0.00537605 -0.00378349
         vertex -0.0189087 -0.00524132 -0.00382758
         vertex -0.018168 -0.0065892 -0.00844452
      endloop
   endfacet
   facet normal -0.909484 0.298427 -0.289449
      outer loop
         vertex -0.0185217 -0.00655768 -0.00726095
         vertex -0.0190797 -0.00553989 -0.00372655
         vertex -0.0190234 -0.00537605 -0.00378349
      endloop
   endfacet
   facet normal 0.0379878 0.988607 -0.145649
      outer loop
         vertex -0.0165225 -0.00700631 -0.0110782
         vertex -0.0160061 -0.00718808 -0.0120436
         vertex -0.0180199 -0.0064954 -0.00841787
      endloop
   endfacet
   facet normal -0.598883 0.713564 -0.363545
      outer loop
         vertex -0.018168 -0.0065892 -0.00844452
         vertex -0.0180199 -0.0064954 -0.00841787
         vertex -0.0160061 -0.00718808 -0.0120436
      endloop
   endfacet
   facet normal -0.81974 0.436223 -0.371128
      outer loop
         vertex -0.0182784 -0.00672787 -0.00844831
         vertex -0.018168 -0.0065892 -0.00844452
         vertex -0.0161276 -0.00728501 -0.0121293
      endloop
   endfacet
   facet normal -0.78727 0.302965 -0.537046
      outer loop
         vertex -0.0170312 -0.00733798 -0.0108096
         vertex -0.0183373 -0.00689397 -0.00842876
         vertex -0.0182784 -0.00672787 -0.00844831
      endloop
   endfacet
   facet normal 0.0520964 0.996435 -0.0663577
      outer loop
         vertex -0.0134889 -0.00746109 -0.0140485
         vertex -0.0119402 -0.00758464 -0.0146904
         vertex -0.0121147 -0.00762502 -0.0150631
      endloop
   endfacet
   facet normal -0.171749 0.919906 -0.352528
      outer loop
         vertex -0.0142136 -0.00743587 -0.013746
         vertex -0.0121147 -0.00762502 -0.0150631
         vertex -0.0121925 -0.00772284 -0.0151973
      endloop
   endfacet
   facet normal -0.657505 0.434449 -0.615582
      outer loop
         vertex -0.0162193 -0.00742726 -0.012183
         vertex -0.0161276 -0.00728501 -0.0121293
         vertex -0.0121925 -0.00772284 -0.0151973
      endloop
   endfacet
   facet normal -0.609332 0.275468 -0.743527
      outer loop
         vertex -0.0147885 -0.00776388 -0.013361
         vertex -0.0162695 -0.0075969 -0.012198
         vertex -0.0162193 -0.00742726 -0.012183
      endloop
   endfacet
   facet normal 0.0794521 0.996839 0
      outer loop
         vertex -0.00748969 -0.00793969 -0.016535
         vertex -0.00753659 -0.0079713 -0.016714
         vertex -0.0121147 -0.00762502 -0.0150631
      endloop
   endfacet
   facet normal -0.111681 0.926165 -0.360203
      outer loop
         vertex -0.0121147 -0.00762502 -0.0150631
         vertex -0.00753659 -0.0079713 -0.016714
         vertex -0.00758248 -0.00806872 -0.0168677
      endloop
   endfacet
   facet normal -0.267137 0.730512 -0.628482
      outer loop
         vertex -0.0121925 -0.00772284 -0.0151973
         vertex -0.00758248 -0.00806872 -0.0168677
         vertex -0.00762089 -0.0082182 -0.0169746
      endloop
   endfacet
   facet normal -0.436026 0.089779 -0.895445
      outer loop
         vertex -0.0119802 -0.00806929 -0.0154381
         vertex -0.012286 -0.00804604 -0.0153265
         vertex -0.0122522 -0.00786977 -0.0152892
      endloop
   endfacet
   facet normal 0.939693 3.91857e-16 -0.34202
      outer loop
         vertex 0.014261 -0.0945388 -0.0457273
         vertex 0.0144475 -0.0949409 -0.0452149
         vertex 0.0144367 -0.0949356 -0.0452445
      endloop
   endfacet
   facet normal 0.939693 3.91857e-16 -0.34202
      outer loop
         vertex 0.0156764 -0.084614 -0.0418383
         vertex 0.0148513 -0.095 -0.0441055
         vertex 0.0141982 -0.0939174 -0.0458997
      endloop
   endfacet
   facet normal 0.939693 3.91857e-16 -0.34202
      outer loop
         vertex 0.0148513 -0.095 -0.0441055
         vertex 0.0142127 -0.0942416 -0.0458599
         vertex 0.0142005 -0.0941389 -0.0458934
      endloop
   endfacet
   facet normal 0.939693 3.91857e-16 -0.34202
      outer loop
         vertex 0.0144367 -0.0949356 -0.0452445
         vertex 0.0143205 -0.0947455 -0.0455637
         vertex 0.014261 -0.0945388 -0.0457273
      endloop
   endfacet
   facet normal 0.939693 3.91857e-16 -0.34202
      outer loop
         vertex 0.0156764 -0.084614 -0.0418383
         vertex 0.0150344 -0.0837753 -0.0436023
         vertex 0.0157116 -0.0755616 -0.0417416
      endloop
   endfacet
   facet normal 0.939693 3.91857e-16 -0.34202
      outer loop
         vertex 0.0142005 -0.0941389 -0.0458934
         vertex 0.0141982 -0.0939174 -0.0458997
         vertex 0.0148513 -0.095 -0.0441055
      endloop
   endfacet
   facet normal 0.939693 3.91857e-16 -0.34202
      outer loop
         vertex 0.014261 -0.0945388 -0.0457273
         vertex 0.0142127 -0.0942416 -0.0458599
         vertex 0.0144475 -0.0949409 -0.0452149
      endloop
   endfacet
   facet normal 0.939693 3.91857e-16 -0.34202
      outer loop
         vertex 0.0142127 -0.0942416 -0.0458599
         vertex 0.0148513 -0.095 -0.0441055
         vertex 0.0145678 -0.095 -0.0448843
      endloop
   endfacet
   facet normal 0.939693 3.91857e-16 -0.34202
      outer loop
         vertex 0.0141982 -0.0939174 -0.0458997
         vertex 0.0150344 -0.0837753 -0.0436023
         vertex 0.0156764 -0.084614 -0.0418383
      endloop
   endfacet
   facet normal 0.939693 3.91857e-16 -0.34202
      outer loop
         vertex 0.0145678 -0.095 -0.0448843
         vertex 0.0144475 -0.0949409 -0.0452149
         vertex 0.0142127 -0.0942416 -0.0458599
      endloop
   endfacet
   facet normal 0.939693 3.91857e-16 -0.34202
      outer loop
         vertex 0.014261 -0.0945388 -0.0457273
         vertex 0.0142387 -0.0944615 -0.0457884
         vertex 0.0142127 -0.0942416 -0.0458599
      endloop
   endfacet
   facet normal 0.939693 3.91857e-16 -0.34202
      outer loop
         vertex 0.0157116 -0.0755616 -0.0417416
         vertex 0.0163957 -0.0755616 -0.0398622
         vertex 0.0156764 -0.084614 -0.0418383
      endloop
   endfacet
   facet normal 0.934124 -0.108704 -0.339993
      outer loop
         vertex 0.017704 -0.0715575 -0.0375192
         vertex 0.016662 -0.0747464 -0.0393852
         vertex 0.0166888 -0.0725709 -0.0399916
      endloop
   endfacet
   facet normal 0.936517 -0.08214 -0.340864
      outer loop
         vertex 0.0157116 -0.0755616 -0.0417416
         vertex 0.0166888 -0.0725709 -0.0399916
         vertex 0.016662 -0.0747464 -0.0393852
      endloop
   endfacet
   facet normal 0.936049 -0.0879805 -0.340694
      outer loop
         vertex 0.016662 -0.0747464 -0.0393852
         vertex 0.0163957 -0.0755616 -0.0398622
         vertex 0.0157116 -0.0755616 -0.0417416
      endloop
   endfacet
   facet normal 0.932562 -0.122963 -0.339425
      outer loop
         vertex 0.0182856 -0.0676844 -0.0371322
         vertex 0.0189696 -0.0676844 -0.0352528
         vertex 0.017704 -0.0715575 -0.0375192
      endloop
   endfacet
   facet normal 0.934124 -0.108704 -0.339993
      outer loop
         vertex 0.017704 -0.0715575 -0.0375192
         vertex 0.01702 -0.0715575 -0.0393986
         vertex 0.0182856 -0.0676844 -0.0371322
      endloop
   endfacet
   facet normal 0.934741 -0.102519 -0.340218
      outer loop
         vertex 0.0166888 -0.0725709 -0.0399916
         vertex 0.01702 -0.0715575 -0.0393986
         vertex 0.017704 -0.0715575 -0.0375192
      endloop
   endfacet
   facet normal 0.933711 0.112649 -0.339843
      outer loop
         vertex 0.0188135 -0.0648296 -0.0353311
         vertex 0.0194976 -0.0648296 -0.0334517
         vertex 0.0189696 -0.0676844 -0.0352528
      endloop
   endfacet
   facet normal 0.918632 0.210527 -0.334355
      outer loop
         vertex 0.0197072 -0.0636957 -0.0327363
         vertex 0.0190232 -0.0636957 -0.0346157
         vertex 0.0184537 -0.0608326 -0.0330418
      endloop
   endfacet
   facet normal 0.834272 0.460204 -0.30365
      outer loop
         vertex 0.0184537 -0.0608326 -0.0330418
         vertex 0.0191378 -0.0608326 -0.0311624
         vertex 0.0197072 -0.0636957 -0.0327363
      endloop
   endfacet
   facet normal 0.933711 0.112649 -0.339843
      outer loop
         vertex 0.0194976 -0.0648296 -0.0334517
         vertex 0.0188135 -0.0648296 -0.0353311
         vertex 0.0190232 -0.0636957 -0.0346157
      endloop
   endfacet
   facet normal 0.651499 0.720639 -0.237126
      outer loop
         vertex 0.0172696 -0.0577072 -0.0295863
         vertex 0.0165856 -0.0577072 -0.0314657
         vertex 0.0161188 -0.0573421 -0.031279
      endloop
   endfacet
   facet normal 0.651499 0.720639 -0.237126
      outer loop
         vertex 0.0165856 -0.0577072 -0.0314657
         vertex 0.0172696 -0.0577072 -0.0295863
         vertex 0.0190812 -0.0605481 -0.0310061
      endloop
   endfacet
   facet normal 0.822559 0.483493 -0.299387
      outer loop
         vertex 0.0190812 -0.0605481 -0.0310061
         vertex 0.0183972 -0.0605481 -0.0328855
         vertex 0.0165856 -0.0577072 -0.0314657
      endloop
   endfacet
   facet normal 0.822559 0.483493 -0.299387
      outer loop
         vertex 0.0190812 -0.0605481 -0.0310061
         vertex 0.0191378 -0.0608326 -0.0311624
         vertex 0.0183972 -0.0605481 -0.0328855
      endloop
   endfacet
   facet normal 0.834272 0.460204 -0.30365
      outer loop
         vertex 0.0191378 -0.0608326 -0.0311624
         vertex 0.0184537 -0.0608326 -0.0330418
         vertex 0.0183972 -0.0605481 -0.0328855
      endloop
   endfacet
   facet normal 0.329084 0.936674 -0.119777
      outer loop
         vertex 0.0129635 -0.0550193 -0.0281271
         vertex 0.0146499 -0.0556579 -0.0285387
         vertex 0.0139659 -0.0556579 -0.030418
      endloop
   endfacet
   facet normal 0.445479 0.880488 -0.162141
      outer loop
         vertex 0.0139659 -0.0556579 -0.030418
         vertex 0.0146499 -0.0556579 -0.0285387
         vertex 0.0168029 -0.0573421 -0.0293997
      endloop
   endfacet
   facet normal 0.616762 0.754461 -0.224483
      outer loop
         vertex 0.0168029 -0.0573421 -0.0293997
         vertex 0.0161188 -0.0573421 -0.031279
         vertex 0.0139659 -0.0556579 -0.030418
      endloop
   endfacet
   facet normal 2.53146e-16 1 6.95512e-16
      outer loop
         vertex 0.00731806 -0.054 -0.0290871
         vertex 0.0080021 -0.054 -0.0272077
         vertex 0.00930511 -0.0541403 -0.0274059
      endloop
   endfacet
   facet normal 0.0829037 0.996101 -0.0301745
      outer loop
         vertex 0.00930511 -0.0541403 -0.0274059
         vertex 0.0104893 -0.0543415 -0.0295695
         vertex 0.00731806 -0.054 -0.0290871
      endloop
   endfacet
   facet normal 0.203067 0.976371 -0.0739102
      outer loop
         vertex 0.0111733 -0.0543415 -0.0276901
         vertex 0.0129635 -0.0550193 -0.0281271
         vertex 0.0117659 -0.0548249 -0.0298811
      endloop
   endfacet
   facet normal 0.329084 0.936674 -0.119777
      outer loop
         vertex 0.0129635 -0.0550193 -0.0281271
         vertex 0.0122795 -0.0550193 -0.0300064
         vertex 0.0117659 -0.0548249 -0.0298811
      endloop
   endfacet
   facet normal 0.292849 0.950199 -0.106588
      outer loop
         vertex 0.0117659 -0.0548249 -0.0298811
         vertex 0.0104893 -0.0543415 -0.0295695
         vertex 0.0111733 -0.0543415 -0.0276901
      endloop
   endfacet
   facet normal 0.0829037 0.996101 -0.0301745
      outer loop
         vertex 0.00930511 -0.0541403 -0.0274059
         vertex 0.0111733 -0.0543415 -0.0276901
         vertex 0.0104893 -0.0543415 -0.0295695
      endloop
   endfacet
   facet normal 0.445479 0.880488 -0.162141
      outer loop
         vertex 0.0139659 -0.0556579 -0.030418
         vertex 0.0122795 -0.0550193 -0.0300064
         vertex 0.0129635 -0.0550193 -0.0281271
      endloop
   endfacet
   facet normal 0.616762 0.754461 -0.224483
      outer loop
         vertex 0.0161188 -0.0573421 -0.031279
         vertex 0.0168029 -0.0573421 -0.0293997
         vertex 0.0172696 -0.0577072 -0.0295863
      endloop
   endfacet
   facet normal 0.918632 0.210527 -0.334355
      outer loop
         vertex 0.0197072 -0.0636957 -0.0327363
         vertex 0.0194976 -0.0648296 -0.0334517
         vertex 0.0190232 -0.0636957 -0.0346157
      endloop
   endfacet
   facet normal 0.932562 -0.122963 -0.339425
      outer loop
         vertex 0.0189696 -0.0676844 -0.0352528
         vertex 0.0182856 -0.0676844 -0.0371322
         vertex 0.0188135 -0.0648296 -0.0353311
      endloop
   endfacet
   facet normal -2.03706e-15 1 1.52908e-15
      outer loop
         vertex 0.00731806 -0.054 -0.0290871
         vertex 0.00219316 -0.054 -0.0281567
         vertex 0.00391264 -0.054 -0.0264653
      endloop
   endfacet
   facet normal -2.03706e-15 1 1.52908e-15
      outer loop
         vertex 0.00219316 -0.054 -0.0281567
         vertex 0.00161171 -0.054 -0.0260475
         vertex 0.00391264 -0.054 -0.0264653
      endloop
   endfacet
   facet normal -2.03706e-15 1 1.52908e-15
      outer loop
         vertex 0.00391264 -0.054 -0.0264653
         vertex 0.0080021 -0.054 -0.0272077
         vertex 0.00731806 -0.054 -0.0290871
      endloop
   endfacet
   facet normal -2.03706e-15 1 1.52908e-15
      outer loop
         vertex 0.00219316 -0.054 -0.0281567
         vertex 0.000927665 -0.054 -0.0279269
         vertex 0.00161171 -0.054 -0.0260475
      endloop
   endfacet
   facet normal -0.170199 0.983461 0.0619475
      outer loop
         vertex -0.000741034 -0.0543952 -0.025592
         vertex 0.00161171 -0.054 -0.0260475
         vertex 0.000927665 -0.054 -0.0279269
      endloop
   endfacet
   facet normal -0.3073 0.945017 0.111848
      outer loop
         vertex -0.0033478 -0.0547182 -0.0270992
         vertex -0.00603302 -0.0561624 -0.0267615
         vertex -0.00534897 -0.0561624 -0.0248821
      endloop
   endfacet
   facet normal -0.170199 0.983461 0.0619475
      outer loop
         vertex -0.00142507 -0.0543952 -0.0274714
         vertex -0.0033478 -0.0547182 -0.0270992
         vertex -0.00266376 -0.0547182 -0.0252198
      endloop
   endfacet
   facet normal -0.3073 0.945017 0.111848
      outer loop
         vertex -0.00266376 -0.0547182 -0.0252198
         vertex -0.00121351 -0.0544746 -0.0255006
         vertex -0.00142507 -0.0543952 -0.0274714
      endloop
   endfacet
   facet normal -0.20464 0.975999 0.0744829
      outer loop
         vertex -0.00121351 -0.0544746 -0.0255006
         vertex -0.000741034 -0.0543952 -0.025592
         vertex -0.00142507 -0.0543952 -0.0274714
      endloop
   endfacet
   facet normal -0.54753 0.812709 0.199285
      outer loop
         vertex -0.00598673 -0.0565054 -0.0248019
         vertex -0.00534897 -0.0561624 -0.0248821
         vertex -0.00603302 -0.0561624 -0.0267615
      endloop
   endfacet
   facet normal -0.532452 0.823976 0.193797
      outer loop
         vertex -0.00644188 -0.0563823 -0.02671
         vertex -0.00720638 -0.0567935 -0.0266139
         vertex -0.00652234 -0.0567935 -0.0247345
      endloop
   endfacet
   facet normal -0.581584 0.785463 0.211679
      outer loop
         vertex -0.00652234 -0.0567935 -0.0247345
         vertex -0.00598673 -0.0565054 -0.0248019
         vertex -0.00644188 -0.0563823 -0.02671
      endloop
   endfacet
   facet normal -0.581584 0.785463 0.211679
      outer loop
         vertex -0.00720638 -0.0567935 -0.0266139
         vertex -0.0090945 -0.0588715 -0.0263177
         vertex -0.00831431 -0.0587657 -0.0244534
      endloop
   endfacet
   facet normal -0.723461 0.638175 0.263318
      outer loop
         vertex -0.0090945 -0.0588715 -0.0263177
         vertex -0.00841046 -0.0588715 -0.0244383
         vertex -0.00831431 -0.0587657 -0.0244534
      endloop
   endfacet
   facet normal -0.71729 0.646016 0.261072
      outer loop
         vertex -0.00831431 -0.0587657 -0.0244534
         vertex -0.00652234 -0.0567935 -0.0247345
         vertex -0.00720638 -0.0567935 -0.0266139
      endloop
   endfacet
   facet normal -0.792617 0.537152 0.288489
      outer loop
         vertex -0.00954651 -0.0601218 -0.02426
         vertex -0.00841046 -0.0588715 -0.0244383
         vertex -0.0090945 -0.0588715 -0.0263177
      endloop
   endfacet
   facet normal -0.884422 0.337898 0.321903
      outer loop
         vertex -0.0113673 -0.0628479 -0.025858
         vertex -0.010725 -0.062948 -0.0239683
         vertex -0.00988771 -0.0609401 -0.0241755
      endloop
   endfacet
   facet normal -0.82413 0.480453 0.299959
      outer loop
         vertex -0.00988771 -0.0609401 -0.0241755
         vertex -0.0102388 -0.0601417 -0.0261374
         vertex -0.0113673 -0.0628479 -0.025858
      endloop
   endfacet
   facet normal -0.884422 0.337898 0.321903
      outer loop
         vertex -0.0113673 -0.0628479 -0.025858
         vertex -0.011409 -0.062948 -0.0258476
         vertex -0.010725 -0.062948 -0.0239683
      endloop
   endfacet
   facet normal -0.792617 0.537152 0.288489
      outer loop
         vertex -0.00954651 -0.0601218 -0.02426
         vertex -0.0099961 -0.0598638 -0.0261762
         vertex -0.0102306 -0.0601218 -0.0261394
      endloop
   endfacet
   facet normal -0.792617 0.537152 0.288489
      outer loop
         vertex -0.0102306 -0.0601218 -0.0261394
         vertex -0.0102388 -0.0601417 -0.0261374
         vertex -0.00954651 -0.0601218 -0.02426
      endloop
   endfacet
   facet normal -0.82413 0.480453 0.299959
      outer loop
         vertex -0.00988771 -0.0609401 -0.0241755
         vertex -0.00954651 -0.0601218 -0.02426
         vertex -0.0102388 -0.0601417 -0.0261374
      endloop
   endfacet
   facet normal -0.913217 0.235704 0.332384
      outer loop
         vertex -0.0112189 -0.0641326 -0.023846
         vertex -0.011903 -0.0641326 -0.0257253
         vertex -0.0121311 -0.0659338 -0.0258167
      endloop
   endfacet
   facet normal -0.935473 0.0946646 0.340484
      outer loop
         vertex -0.0121311 -0.0659338 -0.0258167
         vertex -0.0116527 -0.0675569 -0.0240196
         vertex -0.0112189 -0.0641326 -0.023846
      endloop
   endfacet
   facet normal -0.886801 0.330761 0.322769
      outer loop
         vertex -0.011409 -0.062948 -0.0258476
         vertex -0.011903 -0.0641326 -0.0257253
         vertex -0.01107 -0.0637756 -0.0238828
      endloop
   endfacet
   facet normal -0.913217 0.235704 0.332384
      outer loop
         vertex -0.011903 -0.0641326 -0.0257253
         vertex -0.0112189 -0.0641326 -0.023846
         vertex -0.01107 -0.0637756 -0.0238828
      endloop
   endfacet
   facet normal -0.906224 0.264506 0.329839
      outer loop
         vertex -0.01107 -0.0637756 -0.0238828
         vertex -0.010725 -0.062948 -0.0239683
         vertex -0.011409 -0.062948 -0.0258476
      endloop
   endfacet
   facet normal -0.935473 0.0946646 0.340484
      outer loop
         vertex -0.0121311 -0.0659338 -0.0258167
         vertex -0.0123367 -0.0675569 -0.025899
         vertex -0.0116527 -0.0675569 -0.0240196
      endloop
   endfacet
   facet normal -0.723461 0.638175 0.263318
      outer loop
         vertex -0.0090945 -0.0588715 -0.0263177
         vertex -0.0099961 -0.0598638 -0.0261762
         vertex -0.00954651 -0.0601218 -0.02426
      endloop
   endfacet
   facet normal -0.504075 0.843948 0.183468
      outer loop
         vertex -0.00603302 -0.0561624 -0.0267615
         vertex -0.00644188 -0.0563823 -0.02671
         vertex -0.00598673 -0.0565054 -0.0248019
      endloop
   endfacet
   facet normal -0.504075 0.843948 0.183468
      outer loop
         vertex -0.00534897 -0.0561624 -0.0248821
         vertex -0.00266376 -0.0547182 -0.0252198
         vertex -0.0033478 -0.0547182 -0.0270992
      endloop
   endfacet
   facet normal -2.03706e-15 1 1.52908e-15
      outer loop
         vertex 0.000927665 -0.054 -0.0279269
         vertex -0.00142507 -0.0543952 -0.0274714
         vertex -0.000741034 -0.0543952 -0.025592
      endloop
   endfacet
   facet normal -0.939025 -0.0376827 0.341777
      outer loop
         vertex -0.0116527 -0.0675569 -0.0240196
         vertex -0.0123367 -0.0675569 -0.025899
         vertex -0.0123372 -0.0685062 -0.0259488
      endloop
   endfacet
   facet normal -0.939186 -0.0328263 0.341836
      outer loop
         vertex -0.0123372 -0.0685062 -0.0259488
         vertex -0.0123391 -0.0718815 -0.026126
         vertex -0.0116971 -0.071517 -0.0244619
      endloop
   endfacet
   facet normal -0.93955 -0.0174136 0.341968
      outer loop
         vertex -0.0116971 -0.071517 -0.0244619
         vertex -0.0116684 -0.0689554 -0.0241758
         vertex -0.0123372 -0.0685062 -0.0259488
      endloop
   endfacet
   facet normal -0.939579 -0.0155514 0.341979
      outer loop
         vertex -0.0123391 -0.0718815 -0.026126
         vertex -0.0123411 -0.0754987 -0.0263158
         vertex -0.0116701 -0.074198 -0.0244448
      endloop
   endfacet
   facet normal -0.939688 0.00296607 0.342019
      outer loop
         vertex -0.0123411 -0.0754987 -0.0263158
         vertex -0.011657 -0.0754987 -0.0244364
         vertex -0.0116701 -0.074198 -0.0244448
      endloop
   endfacet
   facet normal -0.939686 -0.00369167 0.342018
      outer loop
         vertex -0.0116701 -0.074198 -0.0244448
         vertex -0.0116971 -0.071517 -0.0244619
         vertex -0.0123391 -0.0718815 -0.026126
      endloop
   endfacet
   facet normal -0.939186 -0.0328263 0.341836
      outer loop
         vertex -0.0123372 -0.0685062 -0.0259488
         vertex -0.0116684 -0.0689554 -0.0241758
         vertex -0.0116527 -0.0675569 -0.0240196
      endloop
   endfacet
   facet normal -0.939693 -3.91857e-16 0.34202
      outer loop
         vertex -0.01112 -0.0945539 -0.0229619
         vertex -0.0104074 -0.095 -0.021004
         vertex -0.0115495 -0.0771775 -0.0241409
      endloop
   endfacet
   facet normal -0.939693 -3.91857e-16 0.34202
      outer loop
         vertex -0.0115495 -0.0771775 -0.0241409
         vertex -0.0123411 -0.0754987 -0.0263158
         vertex -0.01112 -0.0945539 -0.0229619
      endloop
   endfacet
   facet normal -0.939693 -3.91857e-16 0.34202
      outer loop
         vertex -0.01112 -0.0945539 -0.0229619
         vertex -0.0110915 -0.095 -0.0228834
         vertex -0.0104074 -0.095 -0.021004
      endloop
   endfacet
   facet normal -0.939693 -3.91857e-16 0.34202
      outer loop
         vertex -0.0115495 -0.0771775 -0.0241409
         vertex -0.011657 -0.0754987 -0.0244364
         vertex -0.0123411 -0.0754987 -0.0263158
      endloop
   endfacet
   facet normal 0.906538 -0.0424812 0.419981
      outer loop
         vertex -0.0155627 -0.053763 -0.0162299
         vertex -0.0131672 -0.0539759 -0.0201702
         vertex -0.0132991 -0.0480133 -0.0183687
      endloop
   endfacet
   facet normal 0.688231 -0.173815 0.704363
      outer loop
         vertex -0.0132991 -0.0480133 -0.0183687
         vertex -0.0146561 -0.0478959 -0.0168229
         vertex -0.0155627 -0.053763 -0.0162299
      endloop
   endfacet
   facet normal 0.321211 -0.364843 0.873907
      outer loop
         vertex -0.00616759 -0.0483938 -0.0227436
         vertex -0.0100526 -0.0482317 -0.0208835
         vertex -0.0100938 -0.0541994 -0.0232523
      endloop
   endfacet
   facet normal 0.7655 -0.190713 0.614522
      outer loop
         vertex -0.0131672 -0.0539759 -0.0201702
         vertex -0.0100938 -0.0541994 -0.0232523
         vertex -0.0100526 -0.0482317 -0.0208835
      endloop
   endfacet
   facet normal 0.96879 0.175848 -0.17471
      outer loop
         vertex -0.0143251 -0.0715736 0.0115472
         vertex -0.0155476 -0.0715745 0.00110601
         vertex -0.0174258 -0.059535 0.000810399
      endloop
   endfacet
   facet normal 0.990986 0.128995 -0.0361478
      outer loop
         vertex -0.0174258 -0.059535 0.000810399
         vertex -0.0176856 -0.0475048 0.0112269
         vertex -0.0143251 -0.0715736 0.0115472
      endloop
   endfacet
   facet normal 0.980954 0.0801954 0.176912
      outer loop
         vertex -0.0166641 -0.0595967 -0.0120009
         vertex -0.0175974 -0.0476164 -0.0107794
         vertex -0.0185122 -0.04754 -0.00544424
      endloop
   endfacet
   facet normal 0.994854 0.0644088 0.0782116
      outer loop
         vertex -0.0185122 -0.04754 -0.00544424
         vertex -0.0174258 -0.059535 0.000810399
         vertex -0.0166641 -0.0595967 -0.0120009
      endloop
   endfacet
   facet normal 0.923576 -0.00931438 0.383301
      outer loop
         vertex -0.0168144 -0.0476902 -0.013048
         vertex -0.0166641 -0.0595967 -0.0120009
         vertex -0.0155627 -0.053763 -0.0162299
      endloop
   endfacet
   facet normal 0.906538 -0.0424812 0.419981
      outer loop
         vertex -0.0155627 -0.053763 -0.0162299
         vertex -0.0158301 -0.0477852 -0.015057
         vertex -0.0168144 -0.0476902 -0.013048
      endloop
   endfacet
   facet normal 0.980954 0.0801954 0.176912
      outer loop
         vertex -0.0166641 -0.0595967 -0.0120009
         vertex -0.015165 -0.0597163 -0.0177059
         vertex -0.0155627 -0.053763 -0.0162299
      endloop
   endfacet
   facet normal 0.941422 -0.0165203 0.336826
      outer loop
         vertex -0.015165 -0.0597163 -0.0177059
         vertex -0.0129178 -0.0599207 -0.0225181
         vertex -0.0131672 -0.0539759 -0.0201702
      endloop
   endfacet
   facet normal 0.983141 0.174746 -0.0538219
      outer loop
         vertex -0.0155476 -0.0715745 0.00110601
         vertex -0.0151756 -0.071643 -0.0132887
         vertex -0.0166641 -0.0595967 -0.0120009
      endloop
   endfacet
   facet normal 0.986091 0.130851 0.102482
      outer loop
         vertex -0.0151756 -0.071643 -0.0132887
         vertex -0.0140161 -0.0717411 -0.0206023
         vertex -0.015165 -0.0597163 -0.0177059
      endloop
   endfacet
   facet normal -0.546936 0.0541624 0.835421
      outer loop
         vertex 0.0654193 -0.0599653 -0.0161025
         vertex 0.069053 -0.0474784 -0.0151251
         vertex 0.0590255 -0.0477052 -0.0189151
      endloop
   endfacet
   facet normal -0.9408 0.334725 0.0534304
      outer loop
         vertex 0.0706487 -0.0714526 0.000429054
         vertex 0.0775871 -0.0472611 0.000164012
         vertex 0.0770744 -0.0472465 -0.0052279
      endloop
   endfacet
   facet normal -0.9408 0.334725 0.0534304
      outer loop
         vertex 0.0706487 -0.0714526 0.000429054
         vertex 0.0701066 -0.0713842 0.0113999
         vertex 0.0769509 -0.047279 0.0111828
      endloop
   endfacet
   facet normal -0.863023 0.268364 0.427985
      outer loop
         vertex 0.0681959 -0.0715736 -0.0103629
         vertex 0.0755317 -0.047277 -0.00936758
         vertex 0.0728177 -0.0473635 -0.0125743
      endloop
   endfacet
   facet normal -0.92683 0.324916 0.188189
      outer loop
         vertex 0.0699712 -0.07148 -0.00530313
         vertex 0.0764601 -0.047254 -0.00743877
         vertex 0.0755317 -0.047277 -0.00936758
      endloop
   endfacet
   facet normal -0.92683 0.324916 0.188189
      outer loop
         vertex 0.0699712 -0.07148 -0.00530313
         vertex 0.0770744 -0.0472465 -0.0052279
         vertex 0.0764601 -0.047254 -0.00743877
      endloop
   endfacet
   facet normal -0.651918 0.165366 0.740038
      outer loop
         vertex 0.0728177 -0.0473635 -0.0125743
         vertex 0.069053 -0.0474784 -0.0151251
         vertex 0.0654193 -0.0599653 -0.0161025
      endloop
   endfacet
   facet normal -0.546936 0.0541624 0.835421
      outer loop
         vertex 0.0654193 -0.0599653 -0.0161025
         vertex 0.0652356 -0.0717698 -0.0148576
         vertex 0.0728177 -0.0473635 -0.0125743
      endloop
   endfacet
   facet normal -0.913648 0.404434 0.0409913
      outer loop
         vertex 0.066219 -0.0825613 0.000636625
         vertex 0.0706487 -0.0714526 0.000429054
         vertex 0.0699712 -0.07148 -0.00530313
      endloop
   endfacet
   facet normal -0.881581 0.328364 0.339103
      outer loop
         vertex 0.0639485 -0.0823666 -0.0116238
         vertex 0.0681959 -0.0715736 -0.0103629
         vertex 0.0652356 -0.0717698 -0.0148576
      endloop
   endfacet
   facet normal -0.906659 0.390903 0.158631
      outer loop
         vertex 0.0656614 -0.0824387 -0.00544427
         vertex 0.0699712 -0.07148 -0.00530313
         vertex 0.0681959 -0.0715736 -0.0103629
      endloop
   endfacet
   facet normal -0.843461 0.202048 0.497746
      outer loop
         vertex 0.061049 -0.0822278 -0.0176833
         vertex 0.0652356 -0.0717698 -0.0148576
         vertex 0.0613527 -0.0720257 -0.0188575
      endloop
   endfacet
   facet normal -0.775169 0.0316535 0.630961
      outer loop
         vertex 0.0571932 -0.0820938 -0.0232388
         vertex 0.0613527 -0.0720257 -0.0188575
         vertex 0.0568613 -0.0722723 -0.0223901
      endloop
   endfacet
   facet normal -0.0640667 -0.414103 0.907973
      outer loop
         vertex 0.0230123 -0.0483907 -0.0262345
         vertex 0.0255717 -0.0725851 -0.0376736
         vertex 0.0436221 -0.0726023 -0.0301459
      endloop
   endfacet
   facet normal -0.409518 -0.37914 0.829788
      outer loop
         vertex 0.0436221 -0.0726023 -0.0301459
         vertex 0.0521493 -0.0724528 -0.0254464
         vertex 0.0557207 -0.0602269 -0.0210215
      endloop
   endfacet
   facet normal -0.387003 -0.116207 0.914726
      outer loop
         vertex 0.0557207 -0.0602269 -0.0210215
         vertex 0.0471369 -0.047916 -0.0220735
         vertex 0.0436221 -0.0726023 -0.0301459
      endloop
   endfacet
   facet normal -0.387003 -0.116207 0.914726
      outer loop
         vertex 0.0557207 -0.0602269 -0.0210215
         vertex 0.0568613 -0.0722723 -0.0223901
         vertex 0.0613527 -0.0720257 -0.0188575
      endloop
   endfacet
   facet normal -0.387003 -0.116207 0.914726
      outer loop
         vertex 0.0557207 -0.0602269 -0.0210215
         vertex 0.0521493 -0.0724528 -0.0254464
         vertex 0.0568613 -0.0722723 -0.0223901
      endloop
   endfacet
   facet normal -0.28865 -0.425434 0.857722
      outer loop
         vertex 0.0255717 -0.0725851 -0.0376736
         vertex 0.0243795 -0.0832425 -0.0423543
         vertex 0.0402485 -0.0822487 -0.0366374
      endloop
   endfacet
   facet normal -0.409518 -0.37914 0.829788
      outer loop
         vertex 0.0436221 -0.0726023 -0.0301459
         vertex 0.0402485 -0.0822487 -0.0366374
         vertex 0.0480945 -0.081974 -0.0318432
      endloop
   endfacet
   facet normal -0.676361 -0.136614 0.723791
      outer loop
         vertex 0.0527093 -0.0819965 -0.0280269
         vertex 0.0568613 -0.0722723 -0.0223901
         vertex 0.0521493 -0.0724528 -0.0254464
      endloop
   endfacet
   facet normal -0.0305712 -0.18304 0.98263
      outer loop
         vertex 0.0299702 -0.0237061 -0.017446
         vertex 0.0230123 -0.0483907 -0.0262345
         vertex 0.0471369 -0.047916 -0.0220735
      endloop
   endfacet
   facet normal 0.0190757 -0.139033 0.990104
      outer loop
         vertex 0.00533835 -0.0235978 -0.0182723
         vertex 0.0123606 -0.0485196 -0.0263802
         vertex 0.0230123 -0.0483907 -0.0262345
      endloop
   endfacet
   facet normal 0.0190757 -0.139033 0.990104
      outer loop
         vertex 0.00533835 -0.0235978 -0.0182723
         vertex 0.00271301 -0.0485343 -0.0251502
         vertex 0.0123606 -0.0485196 -0.0263802
      endloop
   endfacet
   facet normal 0.0190757 -0.139033 0.990104
      outer loop
         vertex 0.00533835 -0.0235978 -0.0182723
         vertex -0.00519767 -0.0235635 -0.0174081
         vertex -0.00616759 -0.0483938 -0.0227436
      endloop
   endfacet
   facet normal 0.321211 -0.364843 0.873907
      outer loop
         vertex -0.00616759 -0.0483938 -0.0227436
         vertex -0.00519767 -0.0235635 -0.0174081
         vertex -0.00977477 -0.0358403 -0.0179126
      endloop
   endfacet
   facet normal 0.171048 -0.113652 0.978686
      outer loop
         vertex -0.00519767 -0.0235635 -0.0174081
         vertex -0.0094993 -0.0235596 -0.016341
         vertex -0.00977477 -0.0358403 -0.0179126
      endloop
   endfacet
   facet normal 0.319603 -0.102645 0.941975
      outer loop
         vertex -0.0094993 -0.0235596 -0.016341
         vertex -0.0130209 -0.0235555 -0.0147268
         vertex -0.0132802 -0.0357466 -0.0160275
      endloop
   endfacet
   facet normal 0.36783 -0.161245 0.915806
      outer loop
         vertex -0.00977477 -0.0358403 -0.0179126
         vertex -0.0132802 -0.0357466 -0.0160275
         vertex -0.0132991 -0.0480133 -0.0183687
      endloop
   endfacet
   facet normal 0.631329 -0.0806718 0.771308
      outer loop
         vertex -0.0144816 -0.0235512 -0.0136934
         vertex -0.0146561 -0.0478959 -0.0168229
         vertex -0.0132802 -0.0357466 -0.0160275
      endloop
   endfacet
   facet normal 0.784625 -0.11371 0.609453
      outer loop
         vertex -0.0146561 -0.0478959 -0.0168229
         vertex -0.0132991 -0.0480133 -0.0183687
         vertex -0.0132802 -0.0357466 -0.0160275
      endloop
   endfacet
   facet normal 0.631329 -0.0806718 0.771308
      outer loop
         vertex -0.0144816 -0.0235512 -0.0136934
         vertex -0.0157459 -0.0235449 -0.0124897
         vertex -0.0158301 -0.0477852 -0.015057
      endloop
   endfacet
   facet normal 0.740942 -0.071205 0.667784
      outer loop
         vertex -0.0157459 -0.0235449 -0.0124897
         vertex -0.0168171 -0.0235373 -0.0110897
         vertex -0.0168144 -0.0476902 -0.013048
      endloop
   endfacet
   facet normal 0.838517 -0.0613721 0.541408
      outer loop
         vertex -0.0168171 -0.0235373 -0.0110897
         vertex -0.0176941 -0.0235294 -0.00945222
         vertex -0.0175974 -0.0476164 -0.0107794
      endloop
   endfacet
   facet normal -0.78804 0.0263254 0.61506
      outer loop
         vertex 0.0513897 -0.0940263 -0.0301023
         vertex 0.0527093 -0.0819965 -0.0280269
         vertex 0.0480945 -0.081974 -0.0318432
      endloop
   endfacet
   facet normal -0.676361 -0.136614 0.723791
      outer loop
         vertex 0.0527093 -0.0819965 -0.0280269
         vertex 0.0513897 -0.0940263 -0.0301023
         vertex 0.0535267 -0.0941096 -0.0260841
      endloop
   endfacet
   facet normal -0.913713 0.244491 0.32458
      outer loop
         vertex 0.056986 -0.0942445 -0.0195795
         vertex 0.061049 -0.0822278 -0.0176833
         vertex 0.0571932 -0.0820938 -0.0232388
      endloop
   endfacet
   facet normal -0.907957 0.368183 0.20014
      outer loop
         vertex 0.0584526 -0.0943354 -0.0126526
         vertex 0.0639485 -0.0823666 -0.0116238
         vertex 0.061049 -0.0822278 -0.0176833
      endloop
   endfacet
   facet normal -0.906659 0.390903 0.158631
      outer loop
         vertex 0.0656614 -0.0824387 -0.00544427
         vertex 0.0601816 -0.0944426 -0.00448588
         vertex 0.0605333 -0.0944494 0.000276997
      endloop
   endfacet
   facet normal -0.891418 0.442597 0.0973744
      outer loop
         vertex 0.0601816 -0.0944426 -0.00448588
         vertex 0.0656614 -0.0824387 -0.00544427
         vertex 0.0639485 -0.0823666 -0.0116238
      endloop
   endfacet
   facet normal -0.881581 0.328364 0.339103
      outer loop
         vertex 0.0639485 -0.0823666 -0.0116238
         vertex 0.0584526 -0.0943354 -0.0126526
         vertex 0.0601816 -0.0944426 -0.00448588
      endloop
   endfacet
   facet normal -0.892605 0.449432 0.035606
      outer loop
         vertex 0.0605333 -0.0944494 0.000276997
         vertex 0.066219 -0.0825613 0.000636625
         vertex 0.0656614 -0.0824387 -0.00544427
      endloop
   endfacet
   facet normal -0.889061 0.443102 -0.115031
      outer loop
         vertex 0.0599246 -0.0944408 0.0117064
         vertex 0.0701066 -0.0713842 0.0113999
         vertex 0.066219 -0.0825613 0.000636625
      endloop
   endfacet
   facet normal -0.93127 0.331914 -0.150231
      outer loop
         vertex 0.0701066 -0.0713842 0.0113999
         vertex 0.0706487 -0.0714526 0.000429054
         vertex 0.066219 -0.0825613 0.000636625
      endloop
   endfacet
   facet normal -0.889061 0.443102 -0.115031
      outer loop
         vertex 0.0599246 -0.0944408 0.0117064
         vertex 0.0598557 -0.0944399 0.013
         vertex 0.0686193 -0.0709281 0.013
      endloop
   endfacet
   facet normal -0.93127 0.331914 -0.150231
      outer loop
         vertex 0.0701066 -0.0713842 0.0113999
         vertex 0.0686193 -0.0709281 0.013
         vertex 0.0753041 -0.0529936 0.013
      endloop
   endfacet
   facet normal -0.95372 0.235343 -0.187168
      outer loop
         vertex 0.0753041 -0.0529936 0.013
         vertex 0.0769509 -0.047279 0.0111828
         vertex 0.0701066 -0.0713842 0.0113999
      endloop
   endfacet
   facet normal -0.96027 0.209881 -0.183936
      outer loop
         vertex 0.0763262 -0.0472242 0.013
         vertex 0.080603 -0.0231805 0.012881
         vertex 0.0807501 -0.0237709 0.0111588
      endloop
   endfacet
   facet normal -0.96027 0.209881 -0.183936
      outer loop
         vertex 0.0763262 -0.0472242 0.013
         vertex 0.0805854 -0.0231817 0.013
         vertex 0.080603 -0.0231805 0.012881
      endloop
   endfacet
   facet normal -0.965748 0.209778 -0.15272
      outer loop
         vertex 0.0769509 -0.047279 0.0111828
         vertex 0.0809066 -0.0277411 0.00298797
         vertex 0.0807381 -0.029573 0.000203212
      endloop
   endfacet
   facet normal -0.965748 0.209778 -0.15272
      outer loop
         vertex 0.0769509 -0.047279 0.0111828
         vertex 0.0807501 -0.0237709 0.0111588
         vertex 0.0811311 -0.0253 0.00669878
      endloop
   endfacet
   facet normal -0.989742 0.118076 -0.0804291
      outer loop
         vertex 0.0811311 -0.0253 0.00669878
         vertex 0.0809066 -0.0277411 0.00298797
         vertex 0.0769509 -0.047279 0.0111828
      endloop
   endfacet
   facet normal -0.974589 0.220089 0.041682
      outer loop
         vertex 0.0775871 -0.0472611 0.000164012
         vertex 0.080657 -0.0304555 -0.00113826
         vertex 0.0799861 -0.0317402 -0.00527379
      endloop
   endfacet
   facet normal -0.974589 0.220089 0.041682
      outer loop
         vertex 0.0775871 -0.0472611 0.000164012
         vertex 0.0807381 -0.029573 0.000203212
         vertex 0.080657 -0.0304555 -0.00113826
      endloop
   endfacet
   facet normal -0.956539 0.229632 0.179728
      outer loop
         vertex 0.0770744 -0.0472465 -0.0052279
         vertex 0.0796637 -0.0323577 -0.0072614
         vertex 0.0795362 -0.0323728 -0.00758272
      endloop
   endfacet
   facet normal -0.956539 0.229632 0.179728
      outer loop
         vertex 0.0770744 -0.0472465 -0.0052279
         vertex 0.0799861 -0.0317402 -0.00527379
         vertex 0.0796637 -0.0323577 -0.0072614
      endloop
   endfacet
   facet normal -0.912042 0.226212 0.342064
      outer loop
         vertex 0.0764601 -0.047254 -0.00743877
         vertex 0.0795362 -0.0323728 -0.00758272
         vertex 0.0789264 -0.0324452 -0.00911923
      endloop
   endfacet
   facet normal -0.692777 0.125537 0.710141
      outer loop
         vertex 0.0768144 -0.031881 -0.0121544
         vertex 0.0728177 -0.0473635 -0.0125743
         vertex 0.0755317 -0.047277 -0.00936758
      endloop
   endfacet
   facet normal -0.840649 0.213937 0.497534
      outer loop
         vertex 0.0755317 -0.047277 -0.00936758
         vertex 0.0789264 -0.0324452 -0.00911923
         vertex 0.0782695 -0.0322698 -0.0100632
      endloop
   endfacet
   facet normal -0.840649 0.213937 0.497534
      outer loop
         vertex 0.0755317 -0.047277 -0.00936758
         vertex 0.0782695 -0.0322698 -0.0100632
         vertex 0.0768144 -0.031881 -0.0121544
      endloop
   endfacet
   facet normal -0.485598 0.0790161 0.870604
      outer loop
         vertex 0.0740598 -0.0306876 -0.0143291
         vertex 0.069053 -0.0474784 -0.0151251
         vertex 0.0728177 -0.0473635 -0.0125743
      endloop
   endfacet
   facet normal -0.23349 0.00412463 0.97235
      outer loop
         vertex 0.0684291 -0.0280267 -0.016535
         vertex 0.0590255 -0.0477052 -0.0189151
         vertex 0.069053 -0.0474784 -0.0151251
      endloop
   endfacet
   facet normal -0.472907 0.0996361 0.875461
      outer loop
         vertex 0.069053 -0.0474784 -0.0151251
         vertex 0.0740598 -0.0306876 -0.0143291
         vertex 0.0684291 -0.0280267 -0.016535
      endloop
   endfacet
   facet normal -0.277788 -0.0360744 0.959965
      outer loop
         vertex 0.0590255 -0.0477052 -0.0189151
         vertex 0.0581683 -0.0236134 -0.0173902
         vertex 0.0536036 -0.023643 -0.0177271
      endloop
   endfacet
   facet normal -0.277788 -0.0360744 0.959965
      outer loop
         vertex 0.0590255 -0.0477052 -0.0189151
         vertex 0.0640256 -0.0261327 -0.016902
         vertex 0.0581683 -0.0236134 -0.0173902
      endloop
   endfacet
   facet normal -0.00180742 -0.109003 0.99404
      outer loop
         vertex 0.0536036 -0.023643 -0.0177271
         vertex 0.0581683 -0.0236134 -0.0173902
         vertex 0.055639 -0.0225255 -0.017601
      endloop
   endfacet
   facet normal -0.0147208 -0.108351 0.994004
      outer loop
         vertex 0.0328053 -0.0168646 -0.0171673
         vertex 0.0299702 -0.0237061 -0.017446
         vertex 0.0536036 -0.023643 -0.0177271
      endloop
   endfacet
   facet normal -0.00180742 -0.109003 0.99404
      outer loop
         vertex 0.0536036 -0.023643 -0.0177271
         vertex 0.0538581 -0.022084 -0.0175672
         vertex 0.0328053 -0.0168646 -0.0171673
      endloop
   endfacet
   facet normal -0.0280792 -0.100312 0.99456
      outer loop
         vertex 0.0307078 -0.0163445 -0.0171275
         vertex -0.000488327 -0.00861031 -0.016535
         vertex 0.00533835 -0.0235978 -0.0182723
      endloop
   endfacet
   facet normal 0.171048 -0.113652 0.978686
      outer loop
         vertex -0.00519767 -0.0235635 -0.0174081
         vertex 0.00533835 -0.0235978 -0.0182723
         vertex -0.000488327 -0.00861031 -0.016535
      endloop
   endfacet
   facet normal 0.45534 -0.0841983 0.886327
      outer loop
         vertex -0.0115816 -0.00756241 -0.01395
         vertex -0.0130209 -0.0235555 -0.0147268
         vertex -0.0094993 -0.0235596 -0.016341
      endloop
   endfacet
   facet normal 0.171048 -0.113652 0.978686
      outer loop
         vertex -0.00519767 -0.0235635 -0.0174081
         vertex -0.00495085 -0.00815905 -0.0159674
         vertex -0.00565411 -0.00808793 -0.015878
      endloop
   endfacet
   facet normal 0.179619 -0.0773565 0.98069
      outer loop
         vertex -0.00565411 -0.00808793 -0.015878
         vertex -0.0094993 -0.0235596 -0.016341
         vertex -0.00519767 -0.0235635 -0.0174081
      endloop
   endfacet
   facet normal 0.319603 -0.102645 0.941975
      outer loop
         vertex -0.0094993 -0.0235596 -0.016341
         vertex -0.00565411 -0.00808793 -0.015878
         vertex -0.0115816 -0.00756241 -0.01395
      endloop
   endfacet
   facet normal 0.631329 -0.0806718 0.771308
      outer loop
         vertex -0.0144816 -0.0235512 -0.0136934
         vertex -0.0130209 -0.0235555 -0.0147268
         vertex -0.0121477 -0.007493 -0.0135483
      endloop
   endfacet
   facet normal 0.584591 -0.088955 0.806437
      outer loop
         vertex -0.0131833 -0.00736604 -0.0128135
         vertex -0.0157459 -0.0235449 -0.0124897
         vertex -0.0144816 -0.0235512 -0.0136934
      endloop
   endfacet
   facet normal 0.499136 -0.0857172 0.862274
      outer loop
         vertex -0.0121477 -0.007493 -0.0135483
         vertex -0.0131833 -0.00736604 -0.0128135
         vertex -0.0144816 -0.0235512 -0.0136934
      endloop
   endfacet
   facet normal 0.584591 -0.088955 0.806437
      outer loop
         vertex -0.0131833 -0.00736604 -0.0128135
         vertex -0.0143435 -0.0072238 -0.0119902
         vertex -0.0157459 -0.0235449 -0.0124897
      endloop
   endfacet
   facet normal 0.838517 -0.0613721 0.541408
      outer loop
         vertex -0.0168171 -0.0235373 -0.0110897
         vertex -0.0157459 -0.0235449 -0.0124897
         vertex -0.0146175 -0.00715122 -0.0116118
      endloop
   endfacet
   facet normal 0.88587 -0.103003 0.452355
      outer loop
         vertex -0.0163237 -0.00669929 -0.00925553
         vertex -0.0176941 -0.0235294 -0.00945222
         vertex -0.0168171 -0.0235373 -0.0110897
      endloop
   endfacet
   facet normal 0.717333 -0.0945925 0.69028
      outer loop
         vertex -0.0146175 -0.00715122 -0.0116118
         vertex -0.0163237 -0.00669929 -0.00925553
         vertex -0.0168171 -0.0235373 -0.0110897
      endloop
   endfacet
   facet normal 0.92173 -0.105185 0.373297
      outer loop
         vertex -0.0166929 -0.00650443 -0.00839701
         vertex -0.0185122 -0.04754 -0.00544424
         vertex -0.0176941 -0.0235294 -0.00945222
      endloop
   endfacet
   facet normal 0.994854 0.0644088 0.0782116
      outer loop
         vertex -0.0185122 -0.04754 -0.00544424
         vertex -0.0175974 -0.0476164 -0.0107794
         vertex -0.0176941 -0.0235294 -0.00945222
      endloop
   endfacet
   facet normal 0.914677 -0.0522432 0.400796
      outer loop
         vertex -0.0176941 -0.0235294 -0.00945222
         vertex -0.0164426 -0.00663653 -0.00897901
         vertex -0.0166929 -0.00650443 -0.00839701
      endloop
   endfacet
   facet normal 0.997173 0.0731057 -0.0173812
      outer loop
         vertex -0.0186597 -0.047526 0.000520996
         vertex -0.01749 -0.00532182 -0.00431923
         vertex -0.0174689 -0.00331888 0.000165761
      endloop
   endfacet
   facet normal 0.997173 0.0731057 -0.0173812
      outer loop
         vertex -0.0186597 -0.047526 0.000520996
         vertex -0.0185122 -0.04754 -0.00544424
         vertex -0.0173275 -0.00556292 -0.0051506
      endloop
   endfacet
   facet normal 0.984454 -0.111047 0.136085
      outer loop
         vertex -0.0173275 -0.00556292 -0.0051506
         vertex -0.01749 -0.00532182 -0.00431923
         vertex -0.0186597 -0.047526 0.000520996
      endloop
   endfacet
   facet normal 0.982914 0.0853611 -0.163077
      outer loop
         vertex -0.0176856 -0.0475048 0.0112269
         vertex -0.0186597 -0.047526 0.000520996
         vertex -0.0174619 -0.00265707 0.00164769
      endloop
   endfacet
   facet normal 0.978628 0.0870331 -0.186314
      outer loop
         vertex -0.0158435 -0.04749 0.013
         vertex -0.0176856 -0.0475048 0.0112269
         vertex -0.0164131 -0.000788954 0.0111574
      endloop
   endfacet
   facet normal 0.96879 0.175848 -0.17471
      outer loop
         vertex -0.0143251 -0.0715736 0.0115472
         vertex -0.0176856 -0.0475048 0.0112269
         vertex -0.0157362 -0.0612811 0.013
      endloop
   endfacet
   facet normal 0.982914 0.0853611 -0.163077
      outer loop
         vertex -0.0176856 -0.0475048 0.0112269
         vertex -0.0158435 -0.04749 0.013
         vertex -0.0157362 -0.0612811 0.013
      endloop
   endfacet
   facet normal 0.96106 0.227984 -0.156166
      outer loop
         vertex -0.00924409 -0.095 0.0117744
         vertex -0.0143251 -0.0715736 0.0115472
         vertex -0.0137236 -0.0715117 0.013
      endloop
   endfacet
   facet normal 0.96106 0.227984 -0.156166
      outer loop
         vertex -0.00924409 -0.095 0.0117744
         vertex -0.0111252 -0.095 -0.00456703
         vertex -0.0155476 -0.0715745 0.00110601
      endloop
   endfacet
   facet normal 0.986091 0.130851 0.102482
      outer loop
         vertex -0.0151756 -0.071643 -0.0132887
         vertex -0.0155476 -0.0715745 0.00110601
         vertex -0.0111252 -0.095 -0.00456703
      endloop
   endfacet
   facet normal 0.986895 0.161364 -0.00026954
      outer loop
         vertex -0.0111071 -0.095 -0.014378
         vertex -0.01112 -0.0945539 -0.0229619
         vertex -0.0140161 -0.0717411 -0.0206023
      endloop
   endfacet
   facet normal 0.986895 0.161364 -0.00026954
      outer loop
         vertex -0.0111071 -0.095 -0.014378
         vertex -0.0110915 -0.095 -0.0228834
         vertex -0.01112 -0.0945539 -0.0229619
      endloop
   endfacet
   facet normal 0.974617 0.0691786 0.212924
      outer loop
         vertex -0.0140161 -0.0717411 -0.0206023
         vertex -0.01112 -0.0945539 -0.0229619
         vertex -0.0123411 -0.0754987 -0.0263158
      endloop
   endfacet
   facet normal 0.941422 -0.0165203 0.336826
      outer loop
         vertex -0.015165 -0.0597163 -0.0177059
         vertex -0.0140161 -0.0717411 -0.0206023
         vertex -0.0125488 -0.0658912 -0.0250434
      endloop
   endfacet
   facet normal 0.974617 0.0691786 0.212924
      outer loop
         vertex -0.0140161 -0.0717411 -0.0206023
         vertex -0.0123391 -0.0718815 -0.026126
         vertex -0.0123372 -0.0685062 -0.0259488
      endloop
   endfacet
   facet normal 0.916817 -0.071814 0.392796
      outer loop
         vertex -0.0123372 -0.0685062 -0.0259488
         vertex -0.0125488 -0.0658912 -0.0250434
         vertex -0.0140161 -0.0717411 -0.0206023
      endloop
   endfacet
   facet normal 0.899433 -0.107166 0.423717
      outer loop
         vertex -0.0125488 -0.0658912 -0.0250434
         vertex -0.0123372 -0.0685062 -0.0259488
         vertex -0.0123367 -0.0675569 -0.025899
      endloop
   endfacet
   facet normal 0.841166 -0.174104 0.511983
      outer loop
         vertex -0.0129178 -0.0599207 -0.0225181
         vertex -0.011409 -0.062948 -0.0258476
         vertex -0.0113673 -0.0628479 -0.025858
      endloop
   endfacet
   facet normal 0.841166 -0.174104 0.511983
      outer loop
         vertex -0.0129178 -0.0599207 -0.0225181
         vertex -0.011903 -0.0641326 -0.0257253
         vertex -0.011409 -0.062948 -0.0258476
      endloop
   endfacet
   facet normal 0.899433 -0.107166 0.423717
      outer loop
         vertex -0.0125488 -0.0658912 -0.0250434
         vertex -0.0121311 -0.0659338 -0.0258167
         vertex -0.011903 -0.0641326 -0.0257253
      endloop
   endfacet
   facet normal 0.8485 -0.181483 0.497103
      outer loop
         vertex -0.011903 -0.0641326 -0.0257253
         vertex -0.0129178 -0.0599207 -0.0225181
         vertex -0.0125488 -0.0658912 -0.0250434
      endloop
   endfacet
   facet normal 0.7655 -0.190713 0.614522
      outer loop
         vertex -0.0131672 -0.0539759 -0.0201702
         vertex -0.0102306 -0.0601218 -0.0261394
         vertex -0.0099961 -0.0598638 -0.0261762
      endloop
   endfacet
   facet normal 0.682183 -0.341687 0.646433
      outer loop
         vertex -0.0102306 -0.0601218 -0.0261394
         vertex -0.0131672 -0.0539759 -0.0201702
         vertex -0.0115394 -0.060041 -0.0245719
      endloop
   endfacet
   facet normal 0.7655 -0.190713 0.614522
      outer loop
         vertex -0.0131672 -0.0539759 -0.0201702
         vertex -0.0129178 -0.0599207 -0.0225181
         vertex -0.0115394 -0.060041 -0.0245719
      endloop
   endfacet
   facet normal 0.762389 -0.265179 0.590291
      outer loop
         vertex -0.0115394 -0.060041 -0.0245719
         vertex -0.0102388 -0.0601417 -0.0261374
         vertex -0.0102306 -0.0601218 -0.0261394
      endloop
   endfacet
   facet normal 0.570504 -0.345889 0.744907
      outer loop
         vertex -0.0100938 -0.0541994 -0.0232523
         vertex -0.00720638 -0.0567935 -0.0266139
         vertex -0.00644188 -0.0563823 -0.02671
      endloop
   endfacet
   facet normal 0.570504 -0.345889 0.744907
      outer loop
         vertex -0.0100938 -0.0541994 -0.0232523
         vertex -0.0099961 -0.0598638 -0.0261762
         vertex -0.0090945 -0.0588715 -0.0263177
      endloop
   endfacet
   facet normal 0.59352 -0.400848 0.697893
      outer loop
         vertex -0.0090945 -0.0588715 -0.0263177
         vertex -0.00720638 -0.0567935 -0.0266139
         vertex -0.0100938 -0.0541994 -0.0232523
      endloop
   endfacet
   facet normal 0.171059 -0.448839 0.877087
      outer loop
         vertex 0.00271301 -0.0485343 -0.0251502
         vertex -0.00616759 -0.0483938 -0.0227436
         vertex -0.00142507 -0.0543952 -0.0274714
      endloop
   endfacet
   facet normal 0.321211 -0.364843 0.873907
      outer loop
         vertex -0.00616759 -0.0483938 -0.0227436
         vertex -0.0033478 -0.0547182 -0.0270992
         vertex -0.00142507 -0.0543952 -0.0274714
      endloop
   endfacet
   facet normal 0.249079 -0.529285 0.811059
      outer loop
         vertex -0.00142507 -0.0543952 -0.0274714
         vertex 0.000927665 -0.054 -0.0279269
         vertex 0.00271301 -0.0485343 -0.0251502
      endloop
   endfacet
   facet normal 0.293225 -0.516511 0.80451
      outer loop
         vertex -0.0033478 -0.0547182 -0.0270992
         vertex -0.00616759 -0.0483938 -0.0227436
         vertex -0.00640862 -0.0543635 -0.0255917
      endloop
   endfacet
   facet normal 0.389826 -0.460212 0.797647
      outer loop
         vertex -0.00640862 -0.0543635 -0.0255917
         vertex -0.00644188 -0.0563823 -0.02671
         vertex -0.00603302 -0.0561624 -0.0267615
      endloop
   endfacet
   facet normal 0.389826 -0.460212 0.797647
      outer loop
         vertex -0.00640862 -0.0543635 -0.0255917
         vertex -0.00603302 -0.0561624 -0.0267615
         vertex -0.0033478 -0.0547182 -0.0270992
      endloop
   endfacet
   facet normal 0.171059 -0.448839 0.877087
      outer loop
         vertex 0.00271301 -0.0485343 -0.0251502
         vertex 0.00219316 -0.054 -0.0281567
         vertex 0.00731806 -0.054 -0.0290871
      endloop
   endfacet
   facet normal 0.0975199 -0.53501 0.839198
      outer loop
         vertex 0.00731806 -0.054 -0.0290871
         vertex 0.0123606 -0.0485196 -0.0263802
         vertex 0.00271301 -0.0485343 -0.0251502
      endloop
   endfacet
   facet normal 0.0975199 -0.53501 0.839198
      outer loop
         vertex 0.00731806 -0.054 -0.0290871
         vertex 0.0104893 -0.0543415 -0.0295695
         vertex 0.0123606 -0.0485196 -0.0263802
      endloop
   endfacet
   facet normal -0.28865 -0.425434 0.857722
      outer loop
         vertex 0.0255717 -0.0725851 -0.0376736
         vertex 0.0182856 -0.0676844 -0.0371322
         vertex 0.01702 -0.0715575 -0.0393986
      endloop
   endfacet
   facet normal -0.28865 -0.425434 0.857722
      outer loop
         vertex 0.0255717 -0.0725851 -0.0376736
         vertex 0.0190232 -0.0636957 -0.0346157
         vertex 0.0188135 -0.0648296 -0.0353311
      endloop
   endfacet
   facet normal -0.178736 -0.501689 0.846381
      outer loop
         vertex 0.0188135 -0.0648296 -0.0353311
         vertex 0.0182856 -0.0676844 -0.0371322
         vertex 0.0255717 -0.0725851 -0.0376736
      endloop
   endfacet
   facet normal -0.0640667 -0.414103 0.907973
      outer loop
         vertex 0.0230123 -0.0483907 -0.0262345
         vertex 0.0184537 -0.0608326 -0.0330418
         vertex 0.0190232 -0.0636957 -0.0346157
      endloop
   endfacet
   facet normal -0.0640667 -0.414103 0.907973
      outer loop
         vertex 0.0230123 -0.0483907 -0.0262345
         vertex 0.0183972 -0.0605481 -0.0328855
         vertex 0.0184537 -0.0608326 -0.0330418
      endloop
   endfacet
   facet normal -0.171062 -0.500123 0.848891
      outer loop
         vertex 0.0190232 -0.0636957 -0.0346157
         vertex 0.0255717 -0.0725851 -0.0376736
         vertex 0.0230123 -0.0483907 -0.0262345
      endloop
   endfacet
   facet normal -0.0640667 -0.414103 0.907973
      outer loop
         vertex 0.0230123 -0.0483907 -0.0262345
         vertex 0.0139659 -0.0556579 -0.030418
         vertex 0.0161188 -0.0573421 -0.031279
      endloop
   endfacet
   facet normal -0.0640667 -0.414103 0.907973
      outer loop
         vertex 0.0230123 -0.0483907 -0.0262345
         vertex 0.0123606 -0.0485196 -0.0263802
         vertex 0.0122795 -0.0550193 -0.0300064
      endloop
   endfacet
   facet normal 0.0543286 -0.462543 0.884931
      outer loop
         vertex 0.0123606 -0.0485196 -0.0263802
         vertex 0.0117659 -0.0548249 -0.0298811
         vertex 0.0122795 -0.0550193 -0.0300064
      endloop
   endfacet
   facet normal 0.0121268 -0.517215 0.85577
      outer loop
         vertex 0.0122795 -0.0550193 -0.0300064
         vertex 0.0139659 -0.0556579 -0.030418
         vertex 0.0230123 -0.0483907 -0.0262345
      endloop
   endfacet
   facet normal -0.0680428 -0.500031 0.863331
      outer loop
         vertex 0.0161188 -0.0573421 -0.031279
         vertex 0.0165856 -0.0577072 -0.0314657
         vertex 0.0230123 -0.0483907 -0.0262345
      endloop
   endfacet
   facet normal -0.0784343 -0.49796 0.863646
      outer loop
         vertex 0.0165856 -0.0577072 -0.0314657
         vertex 0.0183972 -0.0605481 -0.0328855
         vertex 0.0230123 -0.0483907 -0.0262345
      endloop
   endfacet
   facet normal -0.234757 -0.286742 0.928799
      outer loop
         vertex 0.0243795 -0.0832425 -0.0423543
         vertex 0.0255717 -0.0725851 -0.0376736
         vertex 0.0166888 -0.0725709 -0.0399916
      endloop
   endfacet
   facet normal -0.198308 -0.4365 0.877577
      outer loop
         vertex 0.0166888 -0.0725709 -0.0399916
         vertex 0.0157116 -0.0755616 -0.0417416
         vertex 0.0243795 -0.0832425 -0.0423543
      endloop
   endfacet
   facet normal -0.139678 -0.215411 0.966482
      outer loop
         vertex 0.0150344 -0.0837753 -0.0436023
         vertex 0.0141982 -0.0939174 -0.0458997
         vertex 0.0212483 -0.0939115 -0.0447554
      endloop
   endfacet
   facet normal -0.395811 -0.362766 0.843643
      outer loop
         vertex 0.0402485 -0.0822487 -0.0366374
         vertex 0.0243795 -0.0832425 -0.0423543
         vertex 0.0296247 -0.0939044 -0.0433957
      endloop
   endfacet
   facet normal -0.234757 -0.286742 0.928799
      outer loop
         vertex 0.0243795 -0.0832425 -0.0423543
         vertex 0.0212483 -0.0939115 -0.0447554
         vertex 0.0296247 -0.0939044 -0.0433957
      endloop
   endfacet
   facet normal -0.395811 -0.362766 0.843643
      outer loop
         vertex 0.0402485 -0.0822487 -0.0366374
         vertex 0.0439189 -0.0939549 -0.0370442
         vertex 0.0455778 -0.0939707 -0.0355027
      endloop
   endfacet
   facet normal -0.395811 -0.362766 0.843643
      outer loop
         vertex 0.0402485 -0.0822487 -0.0366374
         vertex 0.0370869 -0.0939315 -0.0402404
         vertex 0.0425377 -0.0939513 -0.0379356
      endloop
   endfacet
   facet normal -0.523632 -0.0486739 0.850553
      outer loop
         vertex 0.0425377 -0.0939513 -0.0379356
         vertex 0.0439189 -0.0939549 -0.0370442
         vertex 0.0402485 -0.0822487 -0.0366374
      endloop
   endfacet
   facet normal -0.613566 -0.0381527 0.788721
      outer loop
         vertex 0.0455778 -0.0939707 -0.0355027
         vertex 0.0480945 -0.081974 -0.0318432
         vertex 0.0402485 -0.0822487 -0.0366374
      endloop
   endfacet
   facet normal -0.26776 -0.095553 0.958736
      outer loop
         vertex 0.0296247 -0.0939044 -0.0433957
         vertex 0.0370869 -0.0939315 -0.0402404
         vertex 0.0402485 -0.0822487 -0.0366374
      endloop
   endfacet
   facet normal -0.150798 -0.108973 0.98254
      outer loop
         vertex 0.0212483 -0.0939115 -0.0447554
         vertex 0.0243795 -0.0832425 -0.0423543
         vertex 0.0150344 -0.0837753 -0.0436023
      endloop
   endfacet
   facet normal -0.181833 -0.372039 0.910233
      outer loop
         vertex 0.0157116 -0.0755616 -0.0417416
         vertex 0.0150344 -0.0837753 -0.0436023
         vertex 0.0243795 -0.0832425 -0.0423543
      endloop
   endfacet
   facet normal -0.197407 -0.455354 0.868149
      outer loop
         vertex 0.01702 -0.0715575 -0.0393986
         vertex 0.0166888 -0.0725709 -0.0399916
         vertex 0.0255717 -0.0725851 -0.0376736
      endloop
   endfacet
   facet normal 0.0454564 -0.523635 0.850729
      outer loop
         vertex 0.0104893 -0.0543415 -0.0295695
         vertex 0.0117659 -0.0548249 -0.0298811
         vertex 0.0123606 -0.0485196 -0.0263802
      endloop
   endfacet
   facet normal 0.204666 -0.536161 0.818928
      outer loop
         vertex 0.000927665 -0.054 -0.0279269
         vertex 0.00219316 -0.054 -0.0281567
         vertex 0.00271301 -0.0485343 -0.0251502
      endloop
   endfacet
   facet normal 0.415173 -0.482813 0.771053
      outer loop
         vertex -0.00644188 -0.0563823 -0.02671
         vertex -0.00640862 -0.0543635 -0.0255917
         vertex -0.0100938 -0.0541994 -0.0232523
      endloop
   endfacet
   facet normal 0.663572 -0.35547 0.658266
      outer loop
         vertex -0.0099961 -0.0598638 -0.0261762
         vertex -0.0100938 -0.0541994 -0.0232523
         vertex -0.0131672 -0.0539759 -0.0201702
      endloop
   endfacet
   facet normal 0.68313 -0.341014 0.645789
      outer loop
         vertex -0.0102388 -0.0601417 -0.0261374
         vertex -0.0115394 -0.060041 -0.0245719
         vertex -0.0113673 -0.0628479 -0.025858
      endloop
   endfacet
   facet normal 0.802465 -0.235932 0.548075
      outer loop
         vertex -0.0113673 -0.0628479 -0.025858
         vertex -0.0115394 -0.060041 -0.0245719
         vertex -0.0129178 -0.0599207 -0.0225181
      endloop
   endfacet
   facet normal 0.907728 -0.0903437 0.409717
      outer loop
         vertex -0.0123367 -0.0675569 -0.025899
         vertex -0.0121311 -0.0659338 -0.0258167
         vertex -0.0125488 -0.0658912 -0.0250434
      endloop
   endfacet
   facet normal 0.899433 -0.107166 0.423717
      outer loop
         vertex -0.0125488 -0.0658912 -0.0250434
         vertex -0.0129178 -0.0599207 -0.0225181
         vertex -0.015165 -0.0597163 -0.0177059
      endloop
   endfacet
   facet normal 0.956787 0.0360829 0.288541
      outer loop
         vertex -0.0123411 -0.0754987 -0.0263158
         vertex -0.0123391 -0.0718815 -0.026126
         vertex -0.0140161 -0.0717411 -0.0206023
      endloop
   endfacet
   facet normal 0.974617 0.0691786 0.212924
      outer loop
         vertex -0.0140161 -0.0717411 -0.0206023
         vertex -0.0151756 -0.071643 -0.0132887
         vertex -0.0111071 -0.095 -0.014378
      endloop
   endfacet
   facet normal 0.977604 0.201795 -0.0597507
      outer loop
         vertex -0.0111252 -0.095 -0.00456703
         vertex -0.0111071 -0.095 -0.014378
         vertex -0.0151756 -0.071643 -0.0132887
      endloop
   endfacet
   facet normal 0.983141 0.174746 -0.0538219
      outer loop
         vertex -0.0155476 -0.0715745 0.00110601
         vertex -0.0143251 -0.0715736 0.0115472
         vertex -0.00924409 -0.095 0.0117744
      endloop
   endfacet
   facet normal 0.965841 0.174436 -0.191631
      outer loop
         vertex -0.0137236 -0.0715117 0.013
         vertex -0.00910301 -0.095 0.013
         vertex -0.00924409 -0.095 0.0117744
      endloop
   endfacet
   facet normal 0.970399 0.141654 -0.195603
      outer loop
         vertex -0.0157362 -0.0612811 0.013
         vertex -0.0137236 -0.0715117 0.013
         vertex -0.0143251 -0.0715736 0.0115472
      endloop
   endfacet
   facet normal 0.980852 -0.131365 -0.14378
      outer loop
         vertex -0.0164131 -0.000788954 0.0111574
         vertex -0.0162099 -0.00042699 0.013
         vertex -0.0158435 -0.04749 0.013
      endloop
   endfacet
   facet normal 0.992668 -0.120831 0.00330286
      outer loop
         vertex -0.0174619 -0.00265707 0.00164769
         vertex -0.0164131 -0.000788954 0.0111574
         vertex -0.0176856 -0.0475048 0.0112269
      endloop
   endfacet
   facet normal 0.992646 -0.118299 0.0256751
      outer loop
         vertex -0.0174689 -0.00331888 0.000165761
         vertex -0.0174619 -0.00265707 0.00164769
         vertex -0.0186597 -0.047526 0.000520996
      endloop
   endfacet
   facet normal 0.92173 -0.105185 0.373297
      outer loop
         vertex -0.0166929 -0.00650443 -0.00839701
         vertex -0.0173275 -0.00556292 -0.0051506
         vertex -0.0185122 -0.04754 -0.00544424
      endloop
   endfacet
   facet normal 0.88587 -0.103003 0.452355
      outer loop
         vertex -0.0163237 -0.00669929 -0.00925553
         vertex -0.0164426 -0.00663653 -0.00897901
         vertex -0.0176941 -0.0235294 -0.00945222
      endloop
   endfacet
   facet normal 0.684717 -0.0931154 0.722836
      outer loop
         vertex -0.0143435 -0.0072238 -0.0119902
         vertex -0.0146175 -0.00715122 -0.0116118
         vertex -0.0157459 -0.0235449 -0.0124897
      endloop
   endfacet
   facet normal 0.45534 -0.0841983 0.886327
      outer loop
         vertex -0.0115816 -0.00756241 -0.01395
         vertex -0.0121477 -0.007493 -0.0135483
         vertex -0.0130209 -0.0235555 -0.0147268
      endloop
   endfacet
   facet normal 0.0701382 -0.0757793 0.994655
      outer loop
         vertex -0.000488327 -0.00861031 -0.016535
         vertex -0.00495085 -0.00815905 -0.0159674
         vertex -0.00519767 -0.0235635 -0.0174081
      endloop
   endfacet
   facet normal 0.0190757 -0.139033 0.990104
      outer loop
         vertex 0.00533835 -0.0235978 -0.0182723
         vertex 0.0299702 -0.0237061 -0.017446
         vertex 0.0307078 -0.0163445 -0.0171275
      endloop
   endfacet
   facet normal -0.0147208 -0.108351 0.994004
      outer loop
         vertex 0.0328053 -0.0168646 -0.0171673
         vertex 0.0307078 -0.0163445 -0.0171275
         vertex 0.0299702 -0.0237061 -0.017446
      endloop
   endfacet
   facet normal -0.0109816 -0.0933074 0.995577
      outer loop
         vertex 0.055639 -0.0225255 -0.017601
         vertex 0.0538581 -0.022084 -0.0175672
         vertex 0.0536036 -0.023643 -0.0177271
      endloop
   endfacet
   facet normal -0.00180742 -0.109003 0.99404
      outer loop
         vertex 0.0536036 -0.023643 -0.0177271
         vertex 0.0471369 -0.047916 -0.0220735
         vertex 0.0590255 -0.0477052 -0.0189151
      endloop
   endfacet
   facet normal -0.23349 0.00412463 0.97235
      outer loop
         vertex 0.0684291 -0.0280267 -0.016535
         vertex 0.0640256 -0.0261327 -0.016902
         vertex 0.0590255 -0.0477052 -0.0189151
      endloop
   endfacet
   facet normal -0.651918 0.165366 0.740038
      outer loop
         vertex 0.0728177 -0.0473635 -0.0125743
         vertex 0.0762855 -0.0316519 -0.012572
         vertex 0.0740598 -0.0306876 -0.0143291
      endloop
   endfacet
   facet normal -0.692777 0.125537 0.710141
      outer loop
         vertex 0.0768144 -0.031881 -0.0121544
         vertex 0.0762855 -0.0316519 -0.012572
         vertex 0.0728177 -0.0473635 -0.0125743
      endloop
   endfacet
   facet normal -0.885727 0.156617 0.436989
      outer loop
         vertex 0.0789264 -0.0324452 -0.00911923
         vertex 0.0755317 -0.047277 -0.00936758
         vertex 0.0764601 -0.047254 -0.00743877
      endloop
   endfacet
   facet normal -0.938504 0.160644 0.305621
      outer loop
         vertex 0.0795362 -0.0323728 -0.00758272
         vertex 0.0764601 -0.047254 -0.00743877
         vertex 0.0770744 -0.0472465 -0.0052279
      endloop
   endfacet
   facet normal -0.978017 0.157079 0.137148
      outer loop
         vertex 0.0799861 -0.0317402 -0.00527379
         vertex 0.0770744 -0.0472465 -0.0052279
         vertex 0.0775871 -0.0472611 0.000164012
      endloop
   endfacet
   facet normal -0.990188 0.139345 0.0105532
      outer loop
         vertex 0.0807381 -0.029573 0.000203212
         vertex 0.0775871 -0.0472611 0.000164012
         vertex 0.0769509 -0.047279 0.0111828
      endloop
   endfacet
   facet normal -0.98374 0.111436 -0.140848
      outer loop
         vertex 0.0807501 -0.0237709 0.0111588
         vertex 0.0769509 -0.047279 0.0111828
         vertex 0.0763262 -0.0472242 0.013
      endloop
   endfacet
   facet normal -0.980441 0.108631 -0.164121
      outer loop
         vertex 0.080603 -0.0231805 0.012881
         vertex 0.0805854 -0.0231817 0.013
         vertex 0.0805929 -0.0231397 0.013
      endloop
   endfacet
   facet normal -0.95372 0.235343 -0.187168
      outer loop
         vertex 0.0753041 -0.0529936 0.013
         vertex 0.0763262 -0.0472242 0.013
         vertex 0.0769509 -0.047279 0.0111828
      endloop
   endfacet
   facet normal -0.926972 0.329447 -0.179409
      outer loop
         vertex 0.0686193 -0.0709281 0.013
         vertex 0.0701066 -0.0713842 0.0113999
         vertex 0.0599246 -0.0944408 0.0117064
      endloop
   endfacet
   facet normal -0.913648 0.404434 0.0409913
      outer loop
         vertex 0.066219 -0.0825613 0.000636625
         vertex 0.0605034 -0.094449 0.000838914
         vertex 0.0599246 -0.0944408 0.0117064
      endloop
   endfacet
   facet normal -0.892605 0.449432 0.035606
      outer loop
         vertex 0.0605333 -0.0944494 0.000276997
         vertex 0.0605034 -0.094449 0.000838914
         vertex 0.066219 -0.0825613 0.000636625
      endloop
   endfacet
   facet normal -0.843461 0.202048 0.497746
      outer loop
         vertex 0.061049 -0.0822278 -0.0176833
         vertex 0.056986 -0.0942445 -0.0195795
         vertex 0.0584526 -0.0943354 -0.0126526
      endloop
   endfacet
   facet normal -0.775169 0.0316535 0.630961
      outer loop
         vertex 0.0571932 -0.0820938 -0.0232388
         vertex 0.0535267 -0.0941096 -0.0260841
         vertex 0.056986 -0.0942445 -0.0195795
      endloop
   endfacet
   facet normal -0.861399 0.0991313 0.498161
      outer loop
         vertex 0.0535267 -0.0941096 -0.0260841
         vertex 0.0571932 -0.0820938 -0.0232388
         vertex 0.0527093 -0.0819965 -0.0280269
      endloop
   endfacet
   facet normal -0.570005 -0.260644 0.779204
      outer loop
         vertex 0.0480945 -0.081974 -0.0318432
         vertex 0.0455778 -0.0939707 -0.0355027
         vertex 0.0513897 -0.0940263 -0.0301023
      endloop
   endfacet
   facet normal 0.962191 0.0271372 0.271022
      outer loop
         vertex -0.0175974 -0.0476164 -0.0107794
         vertex -0.0168144 -0.0476902 -0.013048
         vertex -0.0168171 -0.0235373 -0.0110897
      endloop
   endfacet
   facet normal 0.923576 -0.00931438 0.383301
      outer loop
         vertex -0.0168144 -0.0476902 -0.013048
         vertex -0.0158301 -0.0477852 -0.015057
         vertex -0.0157459 -0.0235449 -0.0124897
      endloop
   endfacet
   facet normal 0.864672 -0.0572115 0.499068
      outer loop
         vertex -0.0158301 -0.0477852 -0.015057
         vertex -0.0146561 -0.0478959 -0.0168229
         vertex -0.0144816 -0.0235512 -0.0136934
      endloop
   endfacet
   facet normal 0.572386 -0.117934 0.811459
      outer loop
         vertex -0.0132802 -0.0357466 -0.0160275
         vertex -0.0130209 -0.0235555 -0.0147268
         vertex -0.0144816 -0.0235512 -0.0136934
      endloop
   endfacet
   facet normal 0.688231 -0.173815 0.704363
      outer loop
         vertex -0.0132991 -0.0480133 -0.0183687
         vertex -0.0100526 -0.0482317 -0.0208835
         vertex -0.00977477 -0.0358403 -0.0179126
      endloop
   endfacet
   facet normal 0.572386 -0.117934 0.811459
      outer loop
         vertex -0.0132802 -0.0357466 -0.0160275
         vertex -0.00977477 -0.0358403 -0.0179126
         vertex -0.0094993 -0.0235596 -0.016341
      endloop
   endfacet
   facet normal 0.36783 -0.161245 0.915806
      outer loop
         vertex -0.00977477 -0.0358403 -0.0179126
         vertex -0.0100526 -0.0482317 -0.0208835
         vertex -0.00616759 -0.0483938 -0.0227436
      endloop
   endfacet
   facet normal 0.321211 -0.364843 0.873907
      outer loop
         vertex -0.00616759 -0.0483938 -0.0227436
         vertex 0.00271301 -0.0485343 -0.0251502
         vertex 0.00533835 -0.0235978 -0.0182723
      endloop
   endfacet
   facet normal -0.0640667 -0.414103 0.907973
      outer loop
         vertex 0.0230123 -0.0483907 -0.0262345
         vertex 0.0299702 -0.0237061 -0.017446
         vertex 0.00533835 -0.0235978 -0.0182723
      endloop
   endfacet
   facet normal -0.230799 -0.167121 0.958542
      outer loop
         vertex 0.0471369 -0.047916 -0.0220735
         vertex 0.0536036 -0.023643 -0.0177271
         vertex 0.0299702 -0.0237061 -0.017446
      endloop
   endfacet
   facet normal -0.490561 -0.272766 0.827616
      outer loop
         vertex 0.0521493 -0.0724528 -0.0254464
         vertex 0.0480945 -0.081974 -0.0318432
         vertex 0.0527093 -0.0819965 -0.0280269
      endloop
   endfacet
   facet normal -0.570005 -0.260644 0.779204
      outer loop
         vertex 0.0480945 -0.081974 -0.0318432
         vertex 0.0521493 -0.0724528 -0.0254464
         vertex 0.0436221 -0.0726023 -0.0301459
      endloop
   endfacet
   facet normal -0.395811 -0.362766 0.843643
      outer loop
         vertex 0.0402485 -0.0822487 -0.0366374
         vertex 0.0436221 -0.0726023 -0.0301459
         vertex 0.0255717 -0.0725851 -0.0376736
      endloop
   endfacet
   facet normal -0.663335 -0.0077302 0.748283
      outer loop
         vertex 0.0613527 -0.0720257 -0.0188575
         vertex 0.0654193 -0.0599653 -0.0161025
         vertex 0.0557207 -0.0602269 -0.0210215
      endloop
   endfacet
   facet normal -0.387003 -0.116207 0.914726
      outer loop
         vertex 0.0557207 -0.0602269 -0.0210215
         vertex 0.0590255 -0.0477052 -0.0189151
         vertex 0.0471369 -0.047916 -0.0220735
      endloop
   endfacet
   facet normal -0.409518 -0.37914 0.829788
      outer loop
         vertex 0.0436221 -0.0726023 -0.0301459
         vertex 0.0471369 -0.047916 -0.0220735
         vertex 0.0230123 -0.0483907 -0.0262345
      endloop
   endfacet
   facet normal -0.564036 -0.159784 0.810144
      outer loop
         vertex 0.0568613 -0.0722723 -0.0223901
         vertex 0.0527093 -0.0819965 -0.0280269
         vertex 0.0571932 -0.0820938 -0.0232388
      endloop
   endfacet
   facet normal -0.663335 -0.0077302 0.748283
      outer loop
         vertex 0.0613527 -0.0720257 -0.0188575
         vertex 0.0571932 -0.0820938 -0.0232388
         vertex 0.061049 -0.0822278 -0.0176833
      endloop
   endfacet
   facet normal -0.863023 0.268364 0.427985
      outer loop
         vertex 0.0681959 -0.0715736 -0.0103629
         vertex 0.0639485 -0.0823666 -0.0116238
         vertex 0.0656614 -0.0824387 -0.00544427
      endloop
   endfacet
   facet normal -0.769264 0.149181 0.621271
      outer loop
         vertex 0.0652356 -0.0717698 -0.0148576
         vertex 0.061049 -0.0822278 -0.0176833
         vertex 0.0639485 -0.0823666 -0.0116238
      endloop
   endfacet
   facet normal -0.92683 0.324916 0.188189
      outer loop
         vertex 0.0699712 -0.07148 -0.00530313
         vertex 0.0656614 -0.0824387 -0.00544427
         vertex 0.066219 -0.0825613 0.000636625
      endloop
   endfacet
   facet normal -0.546936 0.0541624 0.835421
      outer loop
         vertex 0.0654193 -0.0599653 -0.0161025
         vertex 0.0613527 -0.0720257 -0.0188575
         vertex 0.0652356 -0.0717698 -0.0148576
      endloop
   endfacet
   facet normal -0.840649 0.213937 0.497534
      outer loop
         vertex 0.0755317 -0.047277 -0.00936758
         vertex 0.0681959 -0.0715736 -0.0103629
         vertex 0.0699712 -0.07148 -0.00530313
      endloop
   endfacet
   facet normal -0.651918 0.165366 0.740038
      outer loop
         vertex 0.0728177 -0.0473635 -0.0125743
         vertex 0.0652356 -0.0717698 -0.0148576
         vertex 0.0681959 -0.0715736 -0.0103629
      endloop
   endfacet
   facet normal -0.965748 0.209778 -0.15272
      outer loop
         vertex 0.0769509 -0.047279 0.0111828
         vertex 0.0775871 -0.0472611 0.000164012
         vertex 0.0706487 -0.0714526 0.000429054
      endloop
   endfacet
   facet normal -0.956539 0.229632 0.179728
      outer loop
         vertex 0.0770744 -0.0472465 -0.0052279
         vertex 0.0699712 -0.07148 -0.00530313
         vertex 0.0706487 -0.0714526 0.000429054
      endloop
   endfacet
   facet normal -0.277788 -0.0360744 0.959965
      outer loop
         vertex 0.0590255 -0.0477052 -0.0189151
         vertex 0.0557207 -0.0602269 -0.0210215
         vertex 0.0654193 -0.0599653 -0.0161025
      endloop
   endfacet
   facet normal 0.941422 -0.0165203 0.336826
      outer loop
         vertex -0.015165 -0.0597163 -0.0177059
         vertex -0.0166641 -0.0595967 -0.0120009
         vertex -0.0151756 -0.071643 -0.0132887
      endloop
   endfacet
   facet normal 0.980954 0.0801954 0.176912
      outer loop
         vertex -0.0166641 -0.0595967 -0.0120009
         vertex -0.0174258 -0.059535 0.000810399
         vertex -0.0155476 -0.0715745 0.00110601
      endloop
   endfacet
   facet normal 0.7655 -0.190713 0.614522
      outer loop
         vertex -0.0131672 -0.0539759 -0.0201702
         vertex -0.0155627 -0.053763 -0.0162299
         vertex -0.015165 -0.0597163 -0.0177059
      endloop
   endfacet
   facet normal 0.923576 -0.00931438 0.383301
      outer loop
         vertex -0.0168144 -0.0476902 -0.013048
         vertex -0.0175974 -0.0476164 -0.0107794
         vertex -0.0166641 -0.0595967 -0.0120009
      endloop
   endfacet
   facet normal 0.994854 0.0644088 0.0782116
      outer loop
         vertex -0.0185122 -0.04754 -0.00544424
         vertex -0.0186597 -0.047526 0.000520996
         vertex -0.0174258 -0.059535 0.000810399
      endloop
   endfacet
   facet normal 0.990986 0.128995 -0.0361478
      outer loop
         vertex -0.0174258 -0.059535 0.000810399
         vertex -0.0186597 -0.047526 0.000520996
         vertex -0.0176856 -0.0475048 0.0112269
      endloop
   endfacet
   facet normal 0.484122 -0.284295 0.827528
      outer loop
         vertex -0.0100526 -0.0482317 -0.0208835
         vertex -0.0132991 -0.0480133 -0.0183687
         vertex -0.0131672 -0.0539759 -0.0201702
      endloop
   endfacet
   facet normal 0.570504 -0.345889 0.744907
      outer loop
         vertex -0.0100938 -0.0541994 -0.0232523
         vertex -0.00640862 -0.0543635 -0.0255917
         vertex -0.00616759 -0.0483938 -0.0227436
      endloop
   endfacet
   facet normal 0.784625 -0.11371 0.609453
      outer loop
         vertex -0.0146561 -0.0478959 -0.0168229
         vertex -0.0158301 -0.0477852 -0.015057
         vertex -0.0155627 -0.053763 -0.0162299
      endloop
   endfacet
   facet normal -0.664657 0.665188 -0.340228
      outer loop
         vertex -0.018753 -0.00202005 0.00294523
         vertex -0.0188653 -0.00214031 0.00302826
         vertex -0.0188048 -0.00204312 0.00303149
      endloop
   endfacet
   facet normal -0.872388 0.485134 -0.0598688
      outer loop
         vertex -0.0188523 -0.00211247 0.0030856
         vertex -0.0188048 -0.00204312 0.00303149
         vertex -0.0188653 -0.00214031 0.00302826
      endloop
   endfacet
   facet normal -0.888755 0.424116 -0.173898
      outer loop
         vertex -0.0188653 -0.00214031 0.00302826
         vertex -0.0188662 -0.00214301 0.00302997
         vertex -0.0188523 -0.00211247 0.0030856
      endloop
   endfacet
   facet normal -0.344065 0.81749 -0.461876
      outer loop
         vertex -0.0185929 -0.0019438 0.00288436
         vertex -0.0187517 -0.00201861 0.00294423
         vertex -0.0186945 -0.00196541 0.00295579
      endloop
   endfacet
   facet normal -0.649736 0.7155 -0.256716
      outer loop
         vertex -0.018742 -0.00199884 0.00298836
         vertex -0.0186945 -0.00196541 0.00295579
         vertex -0.0187517 -0.00201861 0.00294423
      endloop
   endfacet
   facet normal -0.661418 0.667533 -0.341944
      outer loop
         vertex -0.0187517 -0.00201861 0.00294423
         vertex -0.018753 -0.00202005 0.00294523
         vertex -0.018742 -0.00199884 0.00298836
      endloop
   endfacet
   facet normal -0.335488 0.844645 -0.417161
      outer loop
         vertex -0.0185873 -0.00193347 0.00290831
         vertex -0.0185581 -0.00192475 0.00289535
         vertex -0.018592 -0.00194335 0.002884
      endloop
   endfacet
   facet normal -0.342029 0.818047 -0.462401
      outer loop
         vertex -0.018592 -0.00194335 0.002884
         vertex -0.0185929 -0.0019438 0.00288436
         vertex -0.0185873 -0.00193347 0.00290831
      endloop
   endfacet
   facet normal -0.891685 0.419243 -0.170684
      outer loop
         vertex -0.0188662 -0.00214301 0.00302997
         vertex -0.018903 -0.00221954 0.00311984
         vertex -0.0188784 -0.00215042 0.0031152
      endloop
   endfacet
   facet normal -0.891685 0.419243 -0.170684
      outer loop
         vertex -0.0188662 -0.00214301 0.00302997
         vertex -0.0189172 -0.00229154 0.00312438
         vertex -0.018903 -0.00221954 0.00311984
      endloop
   endfacet
   facet normal -0.914803 0.4039 2.94903e-14
      outer loop
         vertex -0.0188784 -0.00215042 0.0031152
         vertex -0.0188523 -0.00211247 0.0030856
         vertex -0.0188662 -0.00214301 0.00302997
      endloop
   endfacet
   facet normal -0.274227 0.85525 -0.439712
      outer loop
         vertex -0.0185581 -0.00192475 0.00289535
         vertex -0.0184085 -0.00192502 0.00285595
         vertex -0.018592 -0.00194335 0.002884
      endloop
   endfacet
   facet normal -0.547166 0.773923 -0.31883
      outer loop
         vertex -0.0186945 -0.00196541 0.00295579
         vertex -0.0185873 -0.00193347 0.00290831
         vertex -0.0185929 -0.0019438 0.00288436
      endloop
   endfacet
   facet normal -0.767729 0.618514 -0.167428
      outer loop
         vertex -0.0188048 -0.00204312 0.00303149
         vertex -0.018742 -0.00199884 0.00298836
         vertex -0.018753 -0.00202005 0.00294523
      endloop
   endfacet
   facet normal 0.0794521 0.996839 2.52974e-16
      outer loop
         vertex -0.00748969 -0.00793969 -0.016535
         vertex -0.00565411 -0.00808793 -0.015878
         vertex -0.00495085 -0.00815905 -0.0159674
      endloop
   endfacet
   facet normal 0.0607154 0.995768 -0.0689859
      outer loop
         vertex -0.0115816 -0.00756241 -0.01395
         vertex -0.00565411 -0.00808793 -0.015878
         vertex -0.00748969 -0.00793969 -0.016535
      endloop
   endfacet
   facet normal 0.0794521 0.996839 2.52974e-16
      outer loop
         vertex -0.00748969 -0.00793969 -0.016535
         vertex -0.0119402 -0.00758464 -0.0146904
         vertex -0.0115816 -0.00756241 -0.01395
      endloop
   endfacet
   facet normal 0.0591739 0.997033 -0.0492274
      outer loop
         vertex -0.0119402 -0.00758464 -0.0146904
         vertex -0.0134889 -0.00746109 -0.0140485
         vertex -0.0121477 -0.007493 -0.0135483
      endloop
   endfacet
   facet normal 0.0520964 0.996435 -0.0663577
      outer loop
         vertex -0.0134889 -0.00746109 -0.0140485
         vertex -0.0147485 -0.00727226 -0.0128152
         vertex -0.0131833 -0.00736604 -0.0128135
      endloop
   endfacet
   facet normal 0.0533043 0.993626 -0.0993309
      outer loop
         vertex -0.0131833 -0.00736604 -0.0128135
         vertex -0.0121477 -0.007493 -0.0135483
         vertex -0.0134889 -0.00746109 -0.0140485
      endloop
   endfacet
   facet normal 0.058098 0.995123 -0.0797191
      outer loop
         vertex -0.0121477 -0.007493 -0.0135483
         vertex -0.0115816 -0.00756241 -0.01395
         vertex -0.0119402 -0.00758464 -0.0146904
      endloop
   endfacet
   facet normal 0.0379872 0.988607 -0.145647
      outer loop
         vertex -0.0165225 -0.00700631 -0.0110782
         vertex -0.0163237 -0.00669929 -0.00925553
         vertex -0.0146175 -0.00715122 -0.0116118
      endloop
   endfacet
   facet normal 0.0466302 0.990227 -0.13144
      outer loop
         vertex -0.0146175 -0.00715122 -0.0116118
         vertex -0.0147485 -0.00727226 -0.0128152
         vertex -0.0165225 -0.00700631 -0.0110782
      endloop
   endfacet
   facet normal 0.0319596 0.975173 -0.219125
      outer loop
         vertex -0.0177503 -0.00642437 -0.00833306
         vertex -0.0164426 -0.00663653 -0.00897901
         vertex -0.0163237 -0.00669929 -0.00925553
      endloop
   endfacet
   facet normal 0.0319596 0.975173 -0.219125
      outer loop
         vertex -0.0177503 -0.00642437 -0.00833306
         vertex -0.0166929 -0.00650443 -0.00839701
         vertex -0.0164426 -0.00663653 -0.00897901
      endloop
   endfacet
   facet normal 0.0366441 0.975427 -0.217254
      outer loop
         vertex -0.0166929 -0.00650443 -0.00839701
         vertex -0.0177503 -0.00642437 -0.00833306
         vertex -0.0180885 -0.00626408 -0.00757691
      endloop
   endfacet
   facet normal 0.0281577 0.940346 -0.339053
      outer loop
         vertex -0.0183312 -0.00492263 -0.00391439
         vertex -0.01749 -0.00532182 -0.00431923
         vertex -0.0173275 -0.00556292 -0.0051506
      endloop
   endfacet
   facet normal 0.0328917 0.951996 -0.304339
      outer loop
         vertex -0.0173275 -0.00556292 -0.0051506
         vertex -0.0180885 -0.00626408 -0.00757691
         vertex -0.0183312 -0.00492263 -0.00391439
      endloop
   endfacet
   facet normal 0.0300493 0.893769 -0.44752
      outer loop
         vertex -0.0174689 -0.00331888 0.000165761
         vertex -0.01749 -0.00532182 -0.00431923
         vertex -0.0183312 -0.00492263 -0.00391439
      endloop
   endfacet
   facet normal 0.0281577 0.940346 -0.339053
      outer loop
         vertex -0.0183312 -0.00492263 -0.00391439
         vertex -0.018589 -0.00349782 -2.42919e-05
         vertex -0.0174689 -0.00331888 0.000165761
      endloop
   endfacet
   facet normal 0.0256579 0.897015 -0.441254
      outer loop
         vertex -0.018589 -0.00349782 -2.42919e-05
         vertex -0.0185746 -0.00337292 0.000204441
         vertex -0.0174689 -0.00331888 0.000165761
      endloop
   endfacet
   facet normal 0.0303009 0.970506 -0.239165
      outer loop
         vertex -0.0180885 -0.00626408 -0.00757691
         vertex -0.0173275 -0.00556292 -0.0051506
         vertex -0.0166929 -0.00650443 -0.00839701
      endloop
   endfacet
   facet normal 0.0384929 0.980183 -0.194321
      outer loop
         vertex -0.0163237 -0.00669929 -0.00925553
         vertex -0.0165225 -0.00700631 -0.0110782
         vertex -0.0177503 -0.00642437 -0.00833306
      endloop
   endfacet
   facet normal 0.0466302 0.990227 -0.13144
      outer loop
         vertex -0.0146175 -0.00715122 -0.0116118
         vertex -0.0143435 -0.0072238 -0.0119902
         vertex -0.0147485 -0.00727226 -0.0128152
      endloop
   endfacet
   facet normal 0.0256154 0.893907 -0.44752
      outer loop
         vertex -0.0185746 -0.00337292 0.000204441
         vertex -0.0184085 -0.00192502 0.00285595
         vertex -0.0174619 -0.00265707 0.00164769
      endloop
   endfacet
   facet normal 0.024961 0.854711 -0.518504
      outer loop
         vertex -0.0184085 -0.00192502 0.00285595
         vertex -0.0168019 0.000434522 0.00605697
         vertex -0.0163029 -0.000564695 0.00503879
      endloop
   endfacet
   facet normal 0.0350008 0.759686 -0.649348
      outer loop
         vertex -0.0144431 0.00150342 0.00767513
         vertex -0.0163029 -0.000564695 0.00503879
         vertex -0.0168019 0.000434522 0.00605697
      endloop
   endfacet
   facet normal 0.0305772 0.7326 -0.679973
      outer loop
         vertex -0.0153947 0.00250132 0.00886086
         vertex -0.014425 0.00325283 0.00963634
         vertex -0.0135204 0.00252954 0.00898318
      endloop
   endfacet
   facet normal 0.0363729 0.729261 -0.683268
      outer loop
         vertex -0.0135204 0.00252954 0.00898318
         vertex -0.0144431 0.00150342 0.00767513
         vertex -0.0153947 0.00250132 0.00886086
      endloop
   endfacet
   facet normal 0.0285329 0.79377 -0.607548
      outer loop
         vertex -0.0168019 0.000434522 0.00605697
         vertex -0.0153947 0.00250132 0.00886086
         vertex -0.0144431 0.00150342 0.00767513
      endloop
   endfacet
   facet normal 0.039793 0.691126 -0.721638
      outer loop
         vertex -0.0116727 0.00383819 0.0104066
         vertex -0.0115069 0.00522836 0.0116804
         vertex -0.0114687 0.00523129 0.0116848
      endloop
   endfacet
   facet normal 0.039793 0.691126 -0.721638
      outer loop
         vertex -0.0116727 0.00383819 0.0104066
         vertex -0.0117904 0.00519749 0.0116395
         vertex -0.0117612 0.00520887 0.0116509
      endloop
   endfacet
   facet normal 0.0372097 0.654431 -0.755206
      outer loop
         vertex -0.0117612 0.00520887 0.0116509
         vertex -0.0115069 0.00522836 0.0116804
         vertex -0.0116727 0.00383819 0.0104066
      endloop
   endfacet
   facet normal 0.0326039 0.711841 -0.701583
      outer loop
         vertex -0.014425 0.00325283 0.00963634
         vertex -0.0120424 0.00509932 0.0115417
         vertex -0.0116727 0.00383819 0.0104066
      endloop
   endfacet
   facet normal 0.039793 0.691126 -0.721638
      outer loop
         vertex -0.0116727 0.00383819 0.0104066
         vertex -0.0135204 0.00252954 0.00898318
         vertex -0.014425 0.00325283 0.00963634
      endloop
   endfacet
   facet normal 0.0366267 0.657847 -0.75226
      outer loop
         vertex -0.0120424 0.00509932 0.0115417
         vertex -0.0117904 0.00519749 0.0116395
         vertex -0.0116727 0.00383819 0.0104066
      endloop
   endfacet
   facet normal 0.0379639 0.653329 -0.756122
      outer loop
         vertex -0.0114687 0.00523129 0.0116848
         vertex -0.0114435 0.00522924 0.0116843
         vertex -0.0116727 0.00383819 0.0104066
      endloop
   endfacet
   facet normal 0.0312564 0.816053 -0.577131
      outer loop
         vertex -0.0163029 -0.000564695 0.00503879
         vertex -0.0174619 -0.00265707 0.00164769
         vertex -0.0184085 -0.00192502 0.00285595
      endloop
   endfacet
   facet normal 0.0292653 0.873422 -0.486084
      outer loop
         vertex -0.0174619 -0.00265707 0.00164769
         vertex -0.0174689 -0.00331888 0.000165761
         vertex -0.0185746 -0.00337292 0.000204441
      endloop
   endfacet
   facet normal 0.0479363 0.991458 -0.121298
      outer loop
         vertex -0.0143435 -0.0072238 -0.0119902
         vertex -0.0131833 -0.00736604 -0.0128135
         vertex -0.0147485 -0.00727226 -0.0128152
      endloop
   endfacet
   facet normal 0.0909624 0.995739 -0.0151428
      outer loop
         vertex -0.00495085 -0.00815905 -0.0159674
         vertex -0.000488327 -0.00861031 -0.016535
         vertex -0.00748969 -0.00793969 -0.016535
      endloop
   endfacet
   facet normal -0.832408 0.554163 0
      outer loop
         vertex -0.01756 0.000253792 0.00657242
         vertex -0.0174853 0.000329473 0.00647795
         vertex -0.0188048 -0.00204312 0.00303149
      endloop
   endfacet
   facet normal -0.767729 0.618514 -0.167428
      outer loop
         vertex -0.0188048 -0.00204312 0.00303149
         vertex -0.0188523 -0.00211247 0.0030856
         vertex -0.01756 0.000253792 0.00657242
      endloop
   endfacet
   facet normal -0.683035 0.705527 -0.188929
      outer loop
         vertex -0.0174853 0.000329473 0.00647795
         vertex -0.017383 0.000376611 0.00639113
         vertex -0.0186945 -0.00196541 0.00295579
      endloop
   endfacet
   facet normal -0.547166 0.773923 -0.31883
      outer loop
         vertex -0.0186945 -0.00196541 0.00295579
         vertex -0.018742 -0.00199884 0.00298836
         vertex -0.0174853 0.000329473 0.00647795
      endloop
   endfacet
   facet normal -0.478393 0.799802 -0.36257
      outer loop
         vertex -0.017383 0.000376611 0.00639113
         vertex -0.0172613 0.000391389 0.00631898
         vertex -0.0185581 -0.00192475 0.00289535
      endloop
   endfacet
   facet normal -0.274227 0.85525 -0.439712
      outer loop
         vertex -0.0185581 -0.00192475 0.00289535
         vertex -0.0185873 -0.00193347 0.00290831
         vertex -0.017383 0.000376611 0.00639113
      endloop
   endfacet
   facet normal -0.235041 0.829358 -0.506873
      outer loop
         vertex -0.0172613 0.000391389 0.00631898
         vertex -0.0168019 0.000434522 0.00605697
         vertex -0.0184085 -0.00192502 0.00285595
      endloop
   endfacet
   facet normal -0.683035 0.705527 -0.188929
      outer loop
         vertex -0.0174853 0.000329473 0.00647795
         vertex -0.01756 0.000253792 0.00657242
         vertex -0.0160991 0.00193729 0.00850122
      endloop
   endfacet
   facet normal -0.538109 0.795864 -0.27756
      outer loop
         vertex -0.0160991 0.00193729 0.00850122
         vertex -0.0148297 0.00336046 0.00998484
         vertex -0.0174853 0.000329473 0.00647795
      endloop
   endfacet
   facet normal -0.478393 0.799802 -0.36257
      outer loop
         vertex -0.017383 0.000376611 0.00639113
         vertex -0.0174853 0.000329473 0.00647795
         vertex -0.0148297 0.00336046 0.00998484
      endloop
   endfacet
   facet normal -0.364918 0.838278 -0.405123
      outer loop
         vertex -0.0147456 0.00336981 0.00988706
         vertex -0.0146492 0.00335111 0.00980284
         vertex -0.0161148 0.00187952 0.00816879
      endloop
   endfacet
   facet normal -0.205934 0.814508 -0.542372
      outer loop
         vertex -0.0161148 0.00187952 0.00816879
         vertex -0.017383 0.000376611 0.00639113
         vertex -0.0147456 0.00336981 0.00988706
      endloop
   endfacet
   facet normal 0.0273302 0.791806 -0.610161
      outer loop
         vertex -0.0168019 0.000434522 0.00605697
         vertex -0.0172613 0.000391389 0.00631898
         vertex -0.0161148 0.00187952 0.00816879
      endloop
   endfacet
   facet normal -0.172155 0.800871 -0.573557
      outer loop
         vertex -0.0146492 0.00335111 0.00980284
         vertex -0.014425 0.00325283 0.00963634
         vertex -0.0153947 0.00250132 0.00886086
      endloop
   endfacet
   facet normal 0.0305774 0.7326 -0.679972
      outer loop
         vertex -0.0153947 0.00250132 0.00886086
         vertex -0.0161148 0.00187952 0.00816879
         vertex -0.0146492 0.00335111 0.00980284
      endloop
   endfacet
   facet normal -0.504462 0.863434 0
      outer loop
         vertex -0.0123129 0.00520211 0.0119179
         vertex -0.012257 0.00521133 0.0118084
         vertex -0.0148297 0.00336046 0.00998484
      endloop
   endfacet
   facet normal -0.355691 0.887988 -0.291483
      outer loop
         vertex -0.0122385 0.00521439 0.0117721
         vertex -0.0121917 0.00519662 0.0117071
         vertex -0.0147456 0.00336981 0.00988706
      endloop
   endfacet
   facet normal -0.533259 0.819581 -0.209574
      outer loop
         vertex -0.0148297 0.00336046 0.00998484
         vertex -0.012257 0.00521133 0.0118084
         vertex -0.0122385 0.00521439 0.0117721
      endloop
   endfacet
   facet normal -0.168611 0.816907 -0.551573
      outer loop
         vertex -0.012145 0.00517885 0.0116421
         vertex -0.0121194 0.00515904 0.0116171
         vertex -0.0146492 0.00335111 0.00980284
      endloop
   endfacet
   facet normal -0.364918 0.838278 -0.405123
      outer loop
         vertex -0.0147456 0.00336981 0.00988706
         vertex -0.0121917 0.00519662 0.0117071
         vertex -0.012145 0.00517885 0.0116421
      endloop
   endfacet
   facet normal -0.172155 0.800871 -0.573557
      outer loop
         vertex -0.0146492 0.00335111 0.00980284
         vertex -0.0121194 0.00515904 0.0116171
         vertex -0.0120424 0.00509932 0.0115417
      endloop
   endfacet
   facet normal 0.0366267 0.657847 -0.75226
      outer loop
         vertex -0.0120424 0.00509932 0.0115417
         vertex -0.014425 0.00325283 0.00963634
         vertex -0.0146492 0.00335111 0.00980284
      endloop
   endfacet
   facet normal -0.172155 0.800871 -0.573557
      outer loop
         vertex -0.0146492 0.00335111 0.00980284
         vertex -0.0147456 0.00336981 0.00988706
         vertex -0.012145 0.00517885 0.0116421
      endloop
   endfacet
   facet normal -0.364918 0.838278 -0.405123
      outer loop
         vertex -0.0147456 0.00336981 0.00988706
         vertex -0.0148297 0.00336046 0.00998484
         vertex -0.0122385 0.00521439 0.0117721
      endloop
   endfacet
   facet normal -0.533259 0.819581 -0.209574
      outer loop
         vertex -0.0148297 0.00336046 0.00998484
         vertex -0.0148961 0.00332369 0.0100896
         vertex -0.0123129 0.00520211 0.0119179
      endloop
   endfacet
   facet normal -0.205934 0.814508 -0.542372
      outer loop
         vertex -0.0161148 0.00187952 0.00816879
         vertex -0.0153947 0.00250132 0.00886086
         vertex -0.0168019 0.000434522 0.00605697
      endloop
   endfacet
   facet normal -0.205934 0.814508 -0.542372
      outer loop
         vertex -0.0161148 0.00187952 0.00816879
         vertex -0.0172613 0.000391389 0.00631898
         vertex -0.017383 0.000376611 0.00639113
      endloop
   endfacet
   facet normal -0.533259 0.819581 -0.209574
      outer loop
         vertex -0.0148297 0.00336046 0.00998484
         vertex -0.0147456 0.00336981 0.00988706
         vertex -0.017383 0.000376611 0.00639113
      endloop
   endfacet
   facet normal -0.538109 0.795864 -0.27756
      outer loop
         vertex -0.0160991 0.00193729 0.00850122
         vertex -0.0148961 0.00332369 0.0100896
         vertex -0.0148297 0.00336046 0.00998484
      endloop
   endfacet
   facet normal 0.024961 0.854711 -0.518504
      outer loop
         vertex -0.0184085 -0.00192502 0.00285595
         vertex -0.0185581 -0.00192475 0.00289535
         vertex -0.0172613 0.000391389 0.00631898
      endloop
   endfacet
   facet normal -0.335488 0.844645 -0.417161
      outer loop
         vertex -0.0185873 -0.00193347 0.00290831
         vertex -0.0186945 -0.00196541 0.00295579
         vertex -0.017383 0.000376611 0.00639113
      endloop
   endfacet
   facet normal -0.649736 0.7155 -0.256716
      outer loop
         vertex -0.018742 -0.00199884 0.00298836
         vertex -0.0188048 -0.00204312 0.00303149
         vertex -0.0174853 0.000329473 0.00647795
      endloop
   endfacet
   facet normal -0.872388 0.485134 -0.0598688
      outer loop
         vertex -0.0188523 -0.00211247 0.0030856
         vertex -0.0188784 -0.00215042 0.0031152
         vertex -0.01756 0.000253792 0.00657242
      endloop
   endfacet
   facet normal -0.925254 0.366868 0.0965057
      outer loop
         vertex -0.0174028 0.000458436 0.0141232
         vertex -0.0173498 0.000561706 0.014075
         vertex -0.0181635 -0.000727484 0.0102166
      endloop
   endfacet
   facet normal -0.972757 0.13714 0.186912
      outer loop
         vertex -0.0174266 0.000343572 0.0141684
         vertex -0.0174028 0.000458436 0.0141232
         vertex -0.0182014 -0.000815056 0.0102489
      endloop
   endfacet
   facet normal -0.946003 0.317689 0.0644337
      outer loop
         vertex -0.0182014 -0.000815056 0.0102489
         vertex -0.0181635 -0.000727484 0.0102166
         vertex -0.0188784 -0.00215042 0.0031152
      endloop
   endfacet
   facet normal -0.964023 0.265658 0.00927572
      outer loop
         vertex -0.018903 -0.00221954 0.00311984
         vertex -0.0189172 -0.00229154 0.00312438
         vertex -0.0183865 -0.00123909 0.00857167
      endloop
   endfacet
   facet normal -0.90324 0.428991 0.0111837
      outer loop
         vertex -0.0183865 -0.00123909 0.00857167
         vertex -0.0182014 -0.000815056 0.0102489
         vertex -0.018903 -0.00221954 0.00311984
      endloop
   endfacet
   facet normal -0.903434 0.34518 0.254279
      outer loop
         vertex -0.0164913 0.00161245 0.017
         vertex -0.0174028 0.000458436 0.0141232
         vertex -0.0170899 0.000804506 0.0155
      endloop
   endfacet
   facet normal -0.925254 0.366868 0.0965057
      outer loop
         vertex -0.0174028 0.000458436 0.0141232
         vertex -0.0174266 0.000343572 0.0141684
         vertex -0.0170899 0.000804506 0.0155
      endloop
   endfacet
   facet normal -0.968049 0.13991 0.208101
      outer loop
         vertex -0.0170899 0.000804506 0.0155
         vertex -0.0165284 0.00147249 0.017
         vertex -0.0164913 0.00161245 0.017
      endloop
   endfacet
   facet normal -0.81927 0.573408 0
      outer loop
         vertex -0.0173498 0.000561706 0.014075
         vertex -0.0174028 0.000458436 0.0141232
         vertex -0.0164622 0.00166063 0.017
      endloop
   endfacet
   facet normal -0.885579 0.416836 0.204934
      outer loop
         vertex -0.0164622 0.00166063 0.017
         vertex -0.0164555 0.00167169 0.017
         vertex -0.0173498 0.000561706 0.014075
      endloop
   endfacet
   facet normal -0.756881 0.653553 8.22829e-15
      outer loop
         vertex -0.0163516 0.00184402 0.017
         vertex -0.0164026 0.00178465 0.0169059
         vertex -0.0164555 0.00167169 0.017
      endloop
   endfacet
   facet normal -0.880537 0.432759 0.193326
      outer loop
         vertex -0.0164555 0.00167169 0.017
         vertex -0.0164026 0.00178465 0.0169059
         vertex -0.0173498 0.000561706 0.014075
      endloop
   endfacet
   facet normal -0.903434 0.34518 0.254279
      outer loop
         vertex -0.0164913 0.00161245 0.017
         vertex -0.0164622 0.00166063 0.017
         vertex -0.0174028 0.000458436 0.0141232
      endloop
   endfacet
   facet normal -0.90324 0.428991 0.0111837
      outer loop
         vertex -0.0183865 -0.00123909 0.00857167
         vertex -0.0182202 -0.000909075 0.0102798
         vertex -0.0182014 -0.000815056 0.0102489
      endloop
   endfacet
   facet normal -0.914803 0.4039 0
      outer loop
         vertex -0.0188784 -0.00215042 0.0031152
         vertex -0.018903 -0.00221954 0.00311984
         vertex -0.0182014 -0.000815056 0.0102489
      endloop
   endfacet
   facet normal -0.946003 0.317689 0.0644337
      outer loop
         vertex -0.0182014 -0.000815056 0.0102489
         vertex -0.0182202 -0.000909075 0.0102798
         vertex -0.0174266 0.000343572 0.0141684
      endloop
   endfacet
   facet normal -0.870124 0.492834 0
      outer loop
         vertex -0.0181635 -0.000727484 0.0102166
         vertex -0.0182014 -0.000815056 0.0102489
         vertex -0.0174028 0.000458436 0.0141232
      endloop
   endfacet
   facet normal -0.747153 0.664652 4.61195e-16
      outer loop
         vertex -0.016196 0.00202161 0.017
         vertex -0.0123129 0.00520211 0.017
         vertex -0.0123129 0.00520211 0.0119179
      endloop
   endfacet
   facet normal -0.504462 0.863434 6.50521e-16
      outer loop
         vertex -0.0123129 0.00520211 0.0119179
         vertex -0.0148961 0.00332369 0.0100896
         vertex -0.016196 0.00202161 0.017
      endloop
   endfacet
   facet normal -0.747096 0.664716 4.33681e-16
      outer loop
         vertex -0.0160991 0.00193729 0.00850122
         vertex -0.0173498 0.000561706 0.014075
         vertex -0.0164026 0.00178465 0.0169059
      endloop
   endfacet
   facet normal -0.760069 0.649842 4.33681e-16
      outer loop
         vertex -0.0164026 0.00178465 0.0169059
         vertex -0.016196 0.00202161 0.017
         vertex -0.0160991 0.00193729 0.00850122
      endloop
   endfacet
   facet normal -0.747096 0.664716 4.33681e-16
      outer loop
         vertex -0.0160991 0.00193729 0.00850122
         vertex -0.01756 0.000253792 0.00657242
         vertex -0.0181635 -0.000727484 0.0102166
      endloop
   endfacet
   facet normal -0.870124 0.492834 4.33681e-16
      outer loop
         vertex -0.0181635 -0.000727484 0.0102166
         vertex -0.0173498 0.000561706 0.014075
         vertex -0.0160991 0.00193729 0.00850122
      endloop
   endfacet
   facet normal -0.760069 0.649842 4.33681e-16
      outer loop
         vertex -0.0164026 0.00178465 0.0169059
         vertex -0.0163516 0.00184402 0.017
         vertex -0.016196 0.00202161 0.017
      endloop
   endfacet
   facet normal -0.832408 0.554163 4.33681e-16
      outer loop
         vertex -0.01756 0.000253792 0.00657242
         vertex -0.0188784 -0.00215042 0.0031152
         vertex -0.0181635 -0.000727484 0.0102166
      endloop
   endfacet
   facet normal -0.66591 0.746032 4.33681e-16
      outer loop
         vertex -0.0148961 0.00332369 0.0100896
         vertex -0.0160991 0.00193729 0.00850122
         vertex -0.016196 0.00202161 0.017
      endloop
   endfacet
   facet normal 0.710338 -0.70386 -4.88401e-16
      outer loop
         vertex -0.0145414 0.00159315 0.013
         vertex -0.010237 0.00458959 0.0121602
         vertex -0.0102237 0.00459565 0.0122463
      endloop
   endfacet
   facet normal 0.710338 -0.70386 -4.88401e-16
      outer loop
         vertex -0.0145414 0.00159315 0.013
         vertex -0.0107086 0.00435789 0.011395
         vertex -0.0102865 0.00456703 0.011981
      endloop
   endfacet
   facet normal 0.416894 -0.908955 -7.17817e-16
      outer loop
         vertex -0.0102865 0.00456703 0.011981
         vertex -0.0102516 0.00458296 0.012066
         vertex -0.0145414 0.00159315 0.013
      endloop
   endfacet
   facet normal 0.41449 -0.910054 -7.17817e-16
      outer loop
         vertex -0.0102516 0.00458296 0.012066
         vertex -0.010251 0.00458322 0.0120698
         vertex -0.0145414 0.00159315 0.013
      endloop
   endfacet
   facet normal 0.710338 -0.70386 -4.88401e-16
      outer loop
         vertex -0.0145414 0.00159315 0.013
         vertex -0.0111521 0.00413209 0.01083
         vertex -0.0110642 0.00418176 0.0109016
      endloop
   endfacet
   facet normal 0.710338 -0.70386 -4.88401e-16
      outer loop
         vertex -0.0145414 0.00159315 0.013
         vertex -0.0135204 0.00252954 0.00898318
         vertex -0.0116727 0.00383819 0.0104066
      endloop
   endfacet
   facet normal 0.512495 -0.85869 -4.78544e-16
      outer loop
         vertex -0.0116727 0.00383819 0.0104066
         vertex -0.0111521 0.00413209 0.01083
         vertex -0.0145414 0.00159315 0.013
      endloop
   endfacet
   facet normal 0.470528 -0.882385 -7.17817e-16
      outer loop
         vertex -0.0110642 0.00418176 0.0109016
         vertex -0.0107086 0.00435789 0.011395
         vertex -0.0145414 0.00159315 0.013
      endloop
   endfacet
   facet normal 0.41445 -0.910072 -7.17817e-16
      outer loop
         vertex -0.010251 0.00458322 0.0120698
         vertex -0.010237 0.00458959 0.0121602
         vertex -0.0145414 0.00159315 0.013
      endloop
   endfacet
   facet normal 0.710338 -0.70386 -4.88401e-16
      outer loop
         vertex -0.0145414 0.00159315 0.013
         vertex -0.0144431 0.00150342 0.00767513
         vertex -0.0135204 0.00252954 0.00898318
      endloop
   endfacet
   facet normal 0.841201 -0.540722 -4.78544e-16
      outer loop
         vertex -0.0164131 -0.000788954 0.0111574
         vertex -0.0163029 -0.000564695 0.00503879
         vertex -0.0144431 0.00150342 0.00767513
      endloop
   endfacet
   facet normal 0.710338 -0.70386 -4.88401e-16
      outer loop
         vertex -0.0145414 0.00159315 0.013
         vertex -0.0162099 -0.00042699 0.013
         vertex -0.0164131 -0.000788954 0.0111574
      endloop
   endfacet
   facet normal 0.841201 -0.540722 -4.78544e-16
      outer loop
         vertex -0.0164131 -0.000788954 0.0111574
         vertex -0.0174619 -0.00265707 0.00164769
         vertex -0.0163029 -0.000564695 0.00503879
      endloop
   endfacet
   facet normal 0.710073 -0.704128 -4.78544e-16
      outer loop
         vertex -0.0144431 0.00150342 0.00767513
         vertex -0.0145414 0.00159315 0.013
         vertex -0.0164131 -0.000788954 0.0111574
      endloop
   endfacet
   facet normal 0.412562 -0.91093 -7.17817e-16
      outer loop
         vertex -0.0102237 0.00459565 0.0122463
         vertex -0.0102237 0.00459565 0.013
         vertex -0.0145414 0.00159315 0.013
      endloop
   endfacet
   facet normal -0.255371 0.966843 0
      outer loop
         vertex -0.0119393 0.00535723 0.0120201
         vertex -0.0118966 0.00534553 0.0118778
         vertex -0.0122385 0.00521439 0.0117721
      endloop
   endfacet
   facet normal -0.355691 0.887988 -0.291483
      outer loop
         vertex -0.0122385 0.00521439 0.0117721
         vertex -0.012257 0.00521133 0.0118084
         vertex -0.0119393 0.00535723 0.0120201
      endloop
   endfacet
   facet normal -0.169997 0.943444 -0.284632
      outer loop
         vertex -0.0118966 0.00534553 0.0118778
         vertex -0.0118463 0.00529192 0.0117481
         vertex -0.012145 0.00517885 0.0116421
      endloop
   endfacet
   facet normal -0.168611 0.816907 -0.551573
      outer loop
         vertex -0.012145 0.00517885 0.0116421
         vertex -0.0121917 0.00519662 0.0117071
         vertex -0.0118966 0.00534553 0.0118778
      endloop
   endfacet
   facet normal -0.0695189 0.836218 -0.543974
      outer loop
         vertex -0.0118463 0.00529192 0.0117481
         vertex -0.0117904 0.00519749 0.0116395
         vertex -0.0120424 0.00509932 0.0115417
      endloop
   endfacet
   facet normal 0.0366267 0.657847 -0.75226
      outer loop
         vertex -0.0120424 0.00509932 0.0115417
         vertex -0.0121194 0.00515904 0.0116171
         vertex -0.0118463 0.00529192 0.0117481
      endloop
   endfacet
   facet normal 0.0352486 0.958785 -0.281937
      outer loop
         vertex -0.011509 0.00538592 0.0119216
         vertex -0.0118966 0.00534553 0.0118778
         vertex -0.0117818 0.00537531 0.0120358
      endloop
   endfacet
   facet normal -0.169997 0.943444 -0.284632
      outer loop
         vertex -0.0118966 0.00534553 0.0118778
         vertex -0.0119393 0.00535723 0.0120201
         vertex -0.0117818 0.00537531 0.0120358
      endloop
   endfacet
   facet normal -0.0695189 0.836218 -0.543974
      outer loop
         vertex -0.0118463 0.00529192 0.0117481
         vertex -0.0118966 0.00534553 0.0118778
         vertex -0.011509 0.00538592 0.0119216
      endloop
   endfacet
   facet normal 0.0380983 0.840169 -0.540985
      outer loop
         vertex -0.0115076 0.00532661 0.0117921
         vertex -0.0115069 0.00522836 0.0116804
         vertex -0.0117612 0.00520887 0.0116509
      endloop
   endfacet
   facet normal 0.0372097 0.654431 -0.755206
      outer loop
         vertex -0.0117612 0.00520887 0.0116509
         vertex -0.0118463 0.00529192 0.0117481
         vertex -0.0115076 0.00532661 0.0117921
      endloop
   endfacet
   facet normal 0.0295373 0.999564 0
      outer loop
         vertex -0.0115119 0.00540631 0.0120626
         vertex -0.0114157 0.00540037 0.0120624
         vertex -0.0114219 0.00538056 0.0119214
      endloop
   endfacet
   facet normal 0.0352486 0.958785 -0.281937
      outer loop
         vertex -0.011509 0.00538592 0.0119216
         vertex -0.0114219 0.00538056 0.0119214
         vertex -0.0114315 0.00532193 0.0117919
      endloop
   endfacet
   facet normal 0.0621465 0.838724 -0.540999
      outer loop
         vertex -0.0114315 0.00532193 0.0117919
         vertex -0.0114435 0.00522924 0.0116843
         vertex -0.0114687 0.00523129 0.0116848
      endloop
   endfacet
   facet normal 0.0379639 0.653329 -0.756122
      outer loop
         vertex -0.0114687 0.00523129 0.0116848
         vertex -0.0115076 0.00532661 0.0117921
         vertex -0.0114315 0.00532193 0.0117919
      endloop
   endfacet
   facet normal 0.0379639 0.653329 -0.756122
      outer loop
         vertex -0.0114687 0.00523129 0.0116848
         vertex -0.0115069 0.00522836 0.0116804
         vertex -0.0115076 0.00532661 0.0117921
      endloop
   endfacet
   facet normal 0.0621465 0.838724 -0.540999
      outer loop
         vertex -0.0114315 0.00532193 0.0117919
         vertex -0.0115076 0.00532661 0.0117921
         vertex -0.011509 0.00538592 0.0119216
      endloop
   endfacet
   facet normal 0.0812098 0.955986 -0.281949
      outer loop
         vertex -0.0114219 0.00538056 0.0119214
         vertex -0.011509 0.00538592 0.0119216
         vertex -0.0115119 0.00540631 0.0120626
      endloop
   endfacet
   facet normal 0.0372097 0.654431 -0.755206
      outer loop
         vertex -0.0117612 0.00520887 0.0116509
         vertex -0.0117904 0.00519749 0.0116395
         vertex -0.0118463 0.00529192 0.0117481
      endloop
   endfacet
   facet normal 0.0352486 0.958785 -0.281937
      outer loop
         vertex -0.011509 0.00538592 0.0119216
         vertex -0.0115076 0.00532661 0.0117921
         vertex -0.0118463 0.00529192 0.0117481
      endloop
   endfacet
   facet normal -0.149875 0.988569 -0.0163945
      outer loop
         vertex -0.0117818 0.00537531 0.0120358
         vertex -0.0115119 0.00540631 0.0120626
         vertex -0.011509 0.00538592 0.0119216
      endloop
   endfacet
   facet normal -0.118678 0.785228 -0.607727
      outer loop
         vertex -0.0121194 0.00515904 0.0116171
         vertex -0.012145 0.00517885 0.0116421
         vertex -0.0118463 0.00529192 0.0117481
      endloop
   endfacet
   facet normal -0.265753 0.86416 -0.42732
      outer loop
         vertex -0.0121917 0.00519662 0.0117071
         vertex -0.0122385 0.00521439 0.0117721
         vertex -0.0118966 0.00534553 0.0118778
      endloop
   endfacet
   facet normal -0.396774 0.89089 -0.221099
      outer loop
         vertex -0.012257 0.00521133 0.0118084
         vertex -0.0123129 0.00520211 0.0119179
         vertex -0.0119393 0.00535723 0.0120201
      endloop
   endfacet
   facet normal 0.839395 0.413818 -0.352378
      outer loop
         vertex -0.0103026 0.00466579 0.0120323
         vertex -0.0103241 0.00461934 0.0119522
         vertex -0.0106013 0.00487469 0.0118206
      endloop
   endfacet
   facet normal 0.61124 0.453918 -0.648339
      outer loop
         vertex -0.0106013 0.00487469 0.0118206
         vertex -0.0106819 0.00504759 0.0118695
         vertex -0.0103026 0.00466579 0.0120323
      endloop
   endfacet
   facet normal 0.852046 0.491754 -0.179432
      outer loop
         vertex -0.0102963 0.00470476 0.0121187
         vertex -0.0103026 0.00466579 0.0120323
         vertex -0.0106819 0.00504759 0.0118695
      endloop
   endfacet
   facet normal 0.603234 0.758272 -0.247249
      outer loop
         vertex -0.0106734 0.00509986 0.0119852
         vertex -0.0106844 0.00512761 0.0121088
         vertex -0.0103138 0.0047436 0.0122062
      endloop
   endfacet
   facet normal 0.829358 0.558717 0.000838063
      outer loop
         vertex -0.0103138 0.0047436 0.0122062
         vertex -0.0102963 0.00470476 0.0121187
         vertex -0.0106734 0.00509986 0.0119852
      endloop
   endfacet
   facet normal 0.586245 0.653722 -0.478503
      outer loop
         vertex -0.0106819 0.00504759 0.0118695
         vertex -0.0107093 0.00497417 0.0117694
         vertex -0.0109958 0.0051012 0.0117189
      endloop
   endfacet
   facet normal 0.340286 0.576413 -0.742935
      outer loop
         vertex -0.0109958 0.0051012 0.0117189
         vertex -0.0111499 0.00526892 0.0117955
         vertex -0.0106819 0.00504759 0.0118695
      endloop
   endfacet
   facet normal 0.603234 0.758272 -0.247249
      outer loop
         vertex -0.0106734 0.00509986 0.0119852
         vertex -0.0106819 0.00504759 0.0118695
         vertex -0.0111499 0.00526892 0.0117955
      endloop
   endfacet
   facet normal 0.27956 0.918303 -0.280295
      outer loop
         vertex -0.0111404 0.00532726 0.0119244
         vertex -0.0111421 0.00534868 0.0120645
         vertex -0.0107097 0.00513983 0.0121063
      endloop
   endfacet
   facet normal 0.565769 0.82456 0.00244503
      outer loop
         vertex -0.0107097 0.00513983 0.0121063
         vertex -0.0106734 0.00509986 0.0119852
         vertex -0.0111404 0.00532726 0.0119244
      endloop
   endfacet
   facet normal 0.0621465 0.838724 -0.540999
      outer loop
         vertex -0.0114315 0.00532193 0.0117919
         vertex -0.0111499 0.00526892 0.0117955
         vertex -0.0111698 0.00517835 0.0116883
      endloop
   endfacet
   facet normal 0.0621465 0.838724 -0.540999
      outer loop
         vertex -0.0114315 0.00532193 0.0117919
         vertex -0.0114219 0.00538056 0.0119214
         vertex -0.0111404 0.00532726 0.0119244
      endloop
   endfacet
   facet normal 0.0812098 0.955986 -0.281949
      outer loop
         vertex -0.0114219 0.00538056 0.0119214
         vertex -0.0114157 0.00540037 0.0120624
         vertex -0.0112232 0.00536399 0.0120639
      endloop
   endfacet
   facet normal 0.222752 0.974869 0.00332739
      outer loop
         vertex -0.0112232 0.00536399 0.0120639
         vertex -0.0111404 0.00532726 0.0119244
         vertex -0.0114219 0.00538056 0.0119214
      endloop
   endfacet
   facet normal 0.8339 0.551915 0
      outer loop
         vertex -0.0103054 0.00473484 0.0122084
         vertex -0.0102237 0.00459565 0.0122463
         vertex -0.010237 0.00458959 0.0121602
      endloop
   endfacet
   facet normal 0.852046 0.491754 -0.179432
      outer loop
         vertex -0.0102963 0.00470476 0.0121187
         vertex -0.010237 0.00458959 0.0121602
         vertex -0.010251 0.00458322 0.0120698
      endloop
   endfacet
   facet normal 0.839395 0.413818 -0.352378
      outer loop
         vertex -0.0103026 0.00466579 0.0120323
         vertex -0.0102516 0.00458296 0.012066
         vertex -0.0102865 0.00456703 0.011981
      endloop
   endfacet
   facet normal 0.839395 0.413818 -0.352378
      outer loop
         vertex -0.0103026 0.00466579 0.0120323
         vertex -0.010251 0.00458322 0.0120698
         vertex -0.0102516 0.00458296 0.012066
      endloop
   endfacet
   facet normal 0.822795 0.293996 -0.486389
      outer loop
         vertex -0.0102865 0.00456703 0.011981
         vertex -0.0103241 0.00461934 0.0119522
         vertex -0.0103026 0.00466579 0.0120323
      endloop
   endfacet
   facet normal 0.873085 0.364194 -0.324169
      outer loop
         vertex -0.010251 0.00458322 0.0120698
         vertex -0.0103026 0.00466579 0.0120323
         vertex -0.0102963 0.00470476 0.0121187
      endloop
   endfacet
   facet normal 0.893702 0.419127 -0.160093
      outer loop
         vertex -0.010237 0.00458959 0.0121602
         vertex -0.0102963 0.00470476 0.0121187
         vertex -0.0103054 0.00473484 0.0122084
      endloop
   endfacet
   facet normal 0.222752 0.974869 0.00332739
      outer loop
         vertex -0.0112232 0.00536399 0.0120639
         vertex -0.0111421 0.00534868 0.0120645
         vertex -0.0111404 0.00532726 0.0119244
      endloop
   endfacet
   facet normal 0.27956 0.918303 -0.280295
      outer loop
         vertex -0.0111404 0.00532726 0.0119244
         vertex -0.0111499 0.00526892 0.0117955
         vertex -0.0114315 0.00532193 0.0117919
      endloop
   endfacet
   facet normal 0.220667 0.620474 -0.752541
      outer loop
         vertex -0.0111698 0.00517835 0.0116883
         vertex -0.0114435 0.00522924 0.0116843
         vertex -0.0114315 0.00532193 0.0117919
      endloop
   endfacet
   facet normal 0.565769 0.82456 0.00244503
      outer loop
         vertex -0.0107097 0.00513983 0.0121063
         vertex -0.0106844 0.00512761 0.0121088
         vertex -0.0106734 0.00509986 0.0119852
      endloop
   endfacet
   facet normal 0.260591 0.801619 -0.538051
      outer loop
         vertex -0.0111499 0.00526892 0.0117955
         vertex -0.0111404 0.00532726 0.0119244
         vertex -0.0106734 0.00509986 0.0119852
      endloop
   endfacet
   facet normal 0.340286 0.576413 -0.742935
      outer loop
         vertex -0.0109958 0.0051012 0.0117189
         vertex -0.0111698 0.00517835 0.0116883
         vertex -0.0111499 0.00526892 0.0117955
      endloop
   endfacet
   facet normal 0.829358 0.558717 0.000838063
      outer loop
         vertex -0.0103138 0.0047436 0.0122062
         vertex -0.0103054 0.00473484 0.0122084
         vertex -0.0102963 0.00470476 0.0121187
      endloop
   endfacet
   facet normal 0.586245 0.653722 -0.478503
      outer loop
         vertex -0.0106819 0.00504759 0.0118695
         vertex -0.0106734 0.00509986 0.0119852
         vertex -0.0102963 0.00470476 0.0121187
      endloop
   endfacet
   facet normal 0.61124 0.453918 -0.648339
      outer loop
         vertex -0.0106013 0.00487469 0.0118206
         vertex -0.0107093 0.00497417 0.0117694
         vertex -0.0106819 0.00504759 0.0118695
      endloop
   endfacet
   facet normal 0.615537 0.47336 -0.630114
      outer loop
         vertex -0.0107086 0.00435789 0.011395
         vertex -0.0106013 0.00487469 0.0118206
         vertex -0.0103241 0.00461934 0.0119522
      endloop
   endfacet
   facet normal 0.531328 0.506877 -0.678798
      outer loop
         vertex -0.0107093 0.00497417 0.0117694
         vertex -0.0106013 0.00487469 0.0118206
         vertex -0.0107086 0.00435789 0.011395
      endloop
   endfacet
   facet normal 0.393753 0.592805 -0.702525
      outer loop
         vertex -0.0110642 0.00418176 0.0109016
         vertex -0.0109958 0.0051012 0.0117189
         vertex -0.0107093 0.00497417 0.0117694
      endloop
   endfacet
   facet normal 0.615537 0.47336 -0.630114
      outer loop
         vertex -0.0107086 0.00435789 0.011395
         vertex -0.0110642 0.00418176 0.0109016
         vertex -0.0107093 0.00497417 0.0117694
      endloop
   endfacet
   facet normal 0.220667 0.620474 -0.752541
      outer loop
         vertex -0.0111698 0.00517835 0.0116883
         vertex -0.0109958 0.0051012 0.0117189
         vertex -0.0111521 0.00413209 0.01083
      endloop
   endfacet
   facet normal 0.039793 0.691126 -0.721638
      outer loop
         vertex -0.0116727 0.00383819 0.0104066
         vertex -0.0114435 0.00522924 0.0116843
         vertex -0.0111698 0.00517835 0.0116883
      endloop
   endfacet
   facet normal 0.344671 0.612427 -0.711432
      outer loop
         vertex -0.0111521 0.00413209 0.01083
         vertex -0.0116727 0.00383819 0.0104066
         vertex -0.0111698 0.00517835 0.0116883
      endloop
   endfacet
   facet normal 0.393753 0.592805 -0.702525
      outer loop
         vertex -0.0110642 0.00418176 0.0109016
         vertex -0.0111521 0.00413209 0.01083
         vertex -0.0109958 0.0051012 0.0117189
      endloop
   endfacet
   facet normal 0.796405 0.320925 -0.512587
      outer loop
         vertex -0.0103241 0.00461934 0.0119522
         vertex -0.0102865 0.00456703 0.011981
         vertex -0.0107086 0.00435789 0.011395
      endloop
   endfacet
   facet normal 0.976711 0.214561 1.48881e-16
      outer loop
         vertex -0.0100911 0.00422881 0.013
         vertex -0.0100911 0.00422881 0.017
         vertex -0.0100755 0.00366736 0.0155
      endloop
   endfacet
   facet normal 0.976711 0.214561 1.48881e-16
      outer loop
         vertex -0.0100911 0.00422881 0.017
         vertex -0.0100755 0.00366736 0.017
         vertex -0.0100755 0.00366736 0.0155
      endloop
   endfacet
   facet normal 0.888371 0.459127 2.89121e-16
      outer loop
         vertex -0.0102237 0.00459565 0.013
         vertex -0.0102237 0.00459565 0.0122463
         vertex -0.0103054 0.00473484 0.0122084
      endloop
   endfacet
   facet normal 0.829462 0.558563 2.89121e-16
      outer loop
         vertex -0.0103138 0.0047436 0.0122062
         vertex -0.0103122 0.00474512 0.017
         vertex -0.0102237 0.00459565 0.013
      endloop
   endfacet
   facet normal 0.976711 0.214561 1.48881e-16
      outer loop
         vertex -0.0100911 0.00422881 0.017
         vertex -0.0100911 0.00422881 0.013
         vertex -0.0102237 0.00459565 0.013
      endloop
   endfacet
   facet normal 0.888371 0.459127 2.89121e-16
      outer loop
         vertex -0.0102237 0.00459565 0.013
         vertex -0.0103122 0.00474512 0.017
         vertex -0.0100911 0.00422881 0.017
      endloop
   endfacet
   facet normal 0.565656 0.824641 5.7221e-16
      outer loop
         vertex -0.0107077 0.00514393 0.017
         vertex -0.0103122 0.00474512 0.017
         vertex -0.0103138 0.0047436 0.0122062
      endloop
   endfacet
   facet normal 0.829462 0.558563 2.89121e-16
      outer loop
         vertex -0.0103138 0.0047436 0.0122062
         vertex -0.0106844 0.00512761 0.0121088
         vertex -0.0107077 0.00514393 0.017
      endloop
   endfacet
   facet normal 0.222683 0.974891 6.76466e-16
      outer loop
         vertex -0.0112222 0.0053693 0.017
         vertex -0.0107077 0.00514393 0.017
         vertex -0.0107097 0.00513983 0.0121063
      endloop
   endfacet
   facet normal 0.566034 0.824382 5.78241e-16
      outer loop
         vertex -0.0107097 0.00513983 0.0121063
         vertex -0.0111421 0.00534868 0.0120645
         vertex -0.0112222 0.0053693 0.017
      endloop
   endfacet
   facet normal 0.222683 0.974891 6.76466e-16
      outer loop
         vertex -0.0112222 0.0053693 0.017
         vertex -0.0114157 0.00540037 0.0120624
         vertex -0.0115119 0.00540631 0.0120626
      endloop
   endfacet
   facet normal 0.222683 0.974891 6.76466e-16
      outer loop
         vertex -0.0112222 0.0053693 0.017
         vertex -0.0112232 0.00536399 0.0120639
         vertex -0.0114157 0.00540037 0.0120624
      endloop
   endfacet
   facet normal 0.0295373 0.999564 5.78241e-16
      outer loop
         vertex -0.0115119 0.00540631 0.0120626
         vertex -0.0117835 0.00538965 0.017
         vertex -0.0112222 0.0053693 0.017
      endloop
   endfacet
   facet normal -0.504462 0.863434 5.78241e-16
      outer loop
         vertex -0.0123129 0.00520211 0.017
         vertex -0.0117835 0.00538965 0.017
         vertex -0.0117818 0.00537531 0.0120358
      endloop
   endfacet
   facet normal -0.151872 0.9884 5.78241e-16
      outer loop
         vertex -0.0117818 0.00537531 0.0120358
         vertex -0.0119393 0.00535723 0.0120201
         vertex -0.0123129 0.00520211 0.017
      endloop
   endfacet
   facet normal -0.255371 0.966843 5.78241e-16
      outer loop
         vertex -0.0119393 0.00535723 0.0120201
         vertex -0.0123129 0.00520211 0.0119179
         vertex -0.0123129 0.00520211 0.017
      endloop
   endfacet
   facet normal 0.0295373 0.999564 5.78241e-16
      outer loop
         vertex -0.0115119 0.00540631 0.0120626
         vertex -0.0117818 0.00537531 0.0120358
         vertex -0.0117835 0.00538965 0.017
      endloop
   endfacet
   facet normal 0.276049 0.961144 5.78241e-16
      outer loop
         vertex -0.0111421 0.00534868 0.0120645
         vertex -0.0112232 0.00536399 0.0120639
         vertex -0.0112222 0.0053693 0.017
      endloop
   endfacet
   facet normal 0.581195 0.813765 5.78241e-16
      outer loop
         vertex -0.0106844 0.00512761 0.0121088
         vertex -0.0107097 0.00513983 0.0121063
         vertex -0.0107077 0.00514393 0.017
      endloop
   endfacet
   facet normal 0.8339 0.551915 2.89121e-16
      outer loop
         vertex -0.0103054 0.00473484 0.0122084
         vertex -0.0103138 0.0047436 0.0122062
         vertex -0.0102237 0.00459565 0.013
      endloop
   endfacet
   facet normal 0.98716 -0.159734 -1.0842e-16
      outer loop
         vertex -0.0100755 0.00366736 0.0155
         vertex -0.0100755 0.00366736 0.013
         vertex -0.0100911 0.00422881 0.013
      endloop
   endfacet
   facet normal 0.987166 -0.1597 -1.10814e-16
      outer loop
         vertex -0.0100755 0.00366736 0.013
         vertex -0.0100755 0.00366736 0.0155
         vertex -0.0104303 0.00140314 0.0155
      endloop
   endfacet
   facet normal 0.988686 -0.149999 -1.04046e-16
      outer loop
         vertex -0.0104303 0.00140314 0.0155
         vertex -0.0104304 0.00140309 0.013
         vertex -0.0100755 0.00366736 0.013
      endloop
   endfacet
   facet normal 1 0 0
      outer loop
         vertex -0.0015 -0.092068 0.017
         vertex -0.0015 -0.0975 0.017
         vertex -0.0015 -0.095 0.0155
      endloop
   endfacet
   facet normal 1 0 0
      outer loop
         vertex -0.0015 -0.0975 -0.0115
         vertex -0.0015 -0.095 -0.0115
         vertex -0.0015 -0.095 0.0155
      endloop
   endfacet
   facet normal 1 0 0
      outer loop
         vertex -0.0015 -0.095 0.0155
         vertex -0.0015 -0.0975 0.017
         vertex -0.0015 -0.0975 -0.0115
      endloop
   endfacet
   facet normal 1 0 0
      outer loop
         vertex -0.0015 -0.095 0.0155
         vertex -0.0015 -0.092068 0.0155
         vertex -0.0015 -0.092068 0.017
      endloop
   endfacet
   facet normal 0.961814 -0.273706 -1.89921e-16
      outer loop
         vertex -0.0144654 -0.00511241 0.0155
         vertex -0.015 -0.00894429 0.0155
         vertex -0.015 -0.00894429 0.013
      endloop
   endfacet
   facet normal 0.85017 -0.526507 -3.65338e-16
      outer loop
         vertex -0.0129024 -0.00157319 0.0155
         vertex -0.0144654 -0.00511241 0.0155
         vertex -0.0144654 -0.00511241 0.013
      endloop
   endfacet
   facet normal 0.673593 -0.739102 -5.26612e-16
      outer loop
         vertex -0.0104303 0.00140314 0.0155
         vertex -0.0129024 -0.00157319 0.0155
         vertex -0.0129024 -0.00157319 0.013
      endloop
   endfacet
   facet normal 0.85017 -0.526507 -3.65338e-16
      outer loop
         vertex -0.0129024 -0.00157319 0.013
         vertex -0.0104304 0.00140309 0.013
         vertex -0.0104303 0.00140314 0.0155
      endloop
   endfacet
   facet normal 0.961814 -0.273706 -1.89921e-16
      outer loop
         vertex -0.0144654 -0.00511241 0.013
         vertex -0.0129024 -0.00157319 0.013
         vertex -0.0129024 -0.00157319 0.0155
      endloop
   endfacet
   facet normal 1 0 0
      outer loop
         vertex -0.015 -0.00894429 0.013
         vertex -0.0144654 -0.00511241 0.013
         vertex -0.0144654 -0.00511241 0.0155
      endloop
   endfacet
   facet normal 1 1.26267e-16 8.76153e-32
      outer loop
         vertex -0.015 -0.00894429 0.0155
         vertex -0.015 -0.0487992 0.0155
         vertex -0.015 -0.0288718 0.013
      endloop
   endfacet
   facet normal 1 1.26267e-16 8.76153e-32
      outer loop
         vertex -0.015 -0.0487992 0.0155
         vertex -0.015 -0.0487992 0.013
         vertex -0.015 -0.0288718 0.013
      endloop
   endfacet
   facet normal 1 1.26267e-16 8.76153e-32
      outer loop
         vertex -0.015 -0.0288718 0.013
         vertex -0.015 -0.00894429 0.013
         vertex -0.015 -0.00894429 0.0155
      endloop
   endfacet
   facet normal 0 6.93889e-16 -1
      outer loop
         vertex -0.015 -0.0487992 0.013
         vertex -0.0137236 -0.0715117 0.013
         vertex -0.0157362 -0.0612811 0.013
      endloop
   endfacet
   facet normal 0 6.93889e-16 -1
      outer loop
         vertex -0.0162099 -0.00042699 0.013
         vertex -0.015 -0.00894429 0.013
         vertex -0.015 -0.0288718 0.013
      endloop
   endfacet
   facet normal 0 6.93889e-16 -1
      outer loop
         vertex -0.015 -0.0487992 0.013
         vertex -0.009 -0.085 0.013
         vertex -0.0137236 -0.0715117 0.013
      endloop
   endfacet
   facet normal 0 6.93889e-16 -1
      outer loop
         vertex -0.00910301 -0.095 0.013
         vertex -0.0137236 -0.0715117 0.013
         vertex -0.009 -0.085 0.013
      endloop
   endfacet
   facet normal 0 6.93889e-16 -1
      outer loop
         vertex -0.015 -0.0288718 0.013
         vertex -0.0158435 -0.04749 0.013
         vertex -0.0162099 -0.00042699 0.013
      endloop
   endfacet
   facet normal 0 6.93889e-16 -1
      outer loop
         vertex -0.009 -0.085 0.013
         vertex -0.009 -0.095 0.013
         vertex -0.00910301 -0.095 0.013
      endloop
   endfacet
   facet normal 0 6.93889e-16 -1
      outer loop
         vertex -0.0162099 -0.00042699 0.013
         vertex -0.0144654 -0.00511241 0.013
         vertex -0.015 -0.00894429 0.013
      endloop
   endfacet
   facet normal 0 6.93889e-16 -1
      outer loop
         vertex -0.0145414 0.00159315 0.013
         vertex -0.0100755 0.00366736 0.013
         vertex -0.0104304 0.00140309 0.013
      endloop
   endfacet
   facet normal 0 6.93889e-16 -1
      outer loop
         vertex -0.015 -0.0288718 0.013
         vertex -0.015 -0.0487992 0.013
         vertex -0.0158435 -0.04749 0.013
      endloop
   endfacet
   facet normal 0 6.93889e-16 -1
      outer loop
         vertex -0.0129024 -0.00157319 0.013
         vertex -0.0162099 -0.00042699 0.013
         vertex -0.0145414 0.00159315 0.013
      endloop
   endfacet
   facet normal 0 6.93889e-16 -1
      outer loop
         vertex -0.0145414 0.00159315 0.013
         vertex -0.0102237 0.00459565 0.013
         vertex -0.0100911 0.00422881 0.013
      endloop
   endfacet
   facet normal 0 6.93889e-16 -1
      outer loop
         vertex -0.0162099 -0.00042699 0.013
         vertex -0.0129024 -0.00157319 0.013
         vertex -0.0144654 -0.00511241 0.013
      endloop
   endfacet
   facet normal 0 6.93889e-16 -1
      outer loop
         vertex -0.0100911 0.00422881 0.013
         vertex -0.0100755 0.00366736 0.013
         vertex -0.0145414 0.00159315 0.013
      endloop
   endfacet
   facet normal 0 6.93889e-16 -1
      outer loop
         vertex -0.0104304 0.00140309 0.013
         vertex -0.0129024 -0.00157319 0.013
         vertex -0.0145414 0.00159315 0.013
      endloop
   endfacet
   facet normal 0 6.93889e-16 -1
      outer loop
         vertex -0.0157362 -0.0612811 0.013
         vertex -0.0158435 -0.04749 0.013
         vertex -0.015 -0.0487992 0.013
      endloop
   endfacet
   facet normal 0.986541 0.163512 1.13459e-16
      outer loop
         vertex -0.015 -0.0487992 0.013
         vertex -0.015 -0.0487992 0.0155
         vertex -0.009 -0.085 0.0155
      endloop
   endfacet
   facet normal 0.986541 0.163512 1.13459e-16
      outer loop
         vertex -0.009 -0.085 0.0155
         vertex -0.009 -0.085 0.013
         vertex -0.015 -0.0487992 0.013
      endloop
   endfacet
   facet normal 1 0 0
      outer loop
         vertex -0.009 -0.085 0.013
         vertex -0.009 -0.085 0.0155
         vertex -0.009 -0.0934671 0.0155
      endloop
   endfacet
   facet normal 1 0 0
      outer loop
         vertex -0.009 -0.0934671 0.0155
         vertex -0.009 -0.095 0.0135962
         vertex -0.009 -0.085 0.013
      endloop
   endfacet
   facet normal 1 0 0
      outer loop
         vertex -0.009 -0.095 0.0135962
         vertex -0.009 -0.095 0.013
         vertex -0.009 -0.085 0.013
      endloop
   endfacet
   facet normal 0.947505 0.217144 -0.234697
      outer loop
         vertex -0.009 -0.0934671 0.0155
         vertex -0.00864672 -0.095 0.0155
         vertex -0.00868717 -0.095 0.0153202
      endloop
   endfacet
   facet normal 0.955123 0.221745 -0.196389
      outer loop
         vertex -0.00868717 -0.095 0.0153202
         vertex -0.009 -0.095 0.0135962
         vertex -0.009 -0.0934671 0.0155
      endloop
   endfacet
   facet normal 1 3.29597e-15 0
      outer loop
         vertex -0.0015 -0.092068 0.017
         vertex -0.0015 -0.092068 0.0155
         vertex -0.00157026 -0.0914226 0.0155
      endloop
   endfacet
   facet normal 0.976581 0.215148 0
      outer loop
         vertex -0.00157026 -0.0914226 0.0155
         vertex -0.00157026 -0.0914226 0.017
         vertex -0.0015 -0.092068 0.017
      endloop
   endfacet
   facet normal 0.976581 0.215148 0
      outer loop
         vertex -0.00157026 -0.0914226 0.017
         vertex -0.00157026 -0.0914226 0.0155
         vertex -0.00292974 -0.0852517 0.0155
      endloop
   endfacet
   facet normal 0.976581 0.215148 0
      outer loop
         vertex -0.00292974 -0.0852517 0.0155
         vertex -0.00292974 -0.0852517 0.017
         vertex -0.00157026 -0.0914226 0.017
      endloop
   endfacet
   facet normal 0.976581 0.215148 0
      outer loop
         vertex -0.00292974 -0.0852517 0.0155
         vertex -0.003 -0.0846063 0.0155
         vertex -0.003 -0.0846063 0.017
      endloop
   endfacet
   facet normal 1 3.29597e-15 0
      outer loop
         vertex -0.003 -0.0846063 0.017
         vertex -0.00292974 -0.0852517 0.017
         vertex -0.00292974 -0.0852517 0.0155
      endloop
   endfacet
   facet normal 1 3.29597e-15 0
      outer loop
         vertex -0.003 -0.059455 0.0155
         vertex -0.003 -0.059455 0.017
         vertex -0.003 -0.0846063 0.017
      endloop
   endfacet
   facet normal 1 3.29597e-15 0
      outer loop
         vertex -0.003 -0.0846063 0.017
         vertex -0.003 -0.0846063 0.0155
         vertex -0.003 -0.059455 0.0155
      endloop
   endfacet
   facet normal 0.751218 0.660054 5.78241e-16
      outer loop
         vertex -0.00374634 -0.0574749 0.0155
         vertex -0.00374634 -0.0574749 0.017
         vertex -0.00319278 -0.0583969 0.017
      endloop
   endfacet
   facet normal 0.93574 0.352691 2.44728e-16
      outer loop
         vertex -0.00319278 -0.0583969 0.0155
         vertex -0.00319278 -0.0583969 0.017
         vertex -0.003 -0.059455 0.017
      endloop
   endfacet
   facet normal 1 1.38778e-15 0
      outer loop
         vertex -0.003 -0.059455 0.017
         vertex -0.003 -0.059455 0.0155
         vertex -0.00319278 -0.0583969 0.0155
      endloop
   endfacet
   facet normal 0.93574 0.352691 2.44728e-16
      outer loop
         vertex -0.00319278 -0.0583969 0.017
         vertex -0.00319278 -0.0583969 0.0155
         vertex -0.00374634 -0.0574749 0.0155
      endloop
   endfacet
   facet normal 0.751218 0.660054 4.58004e-16
      outer loop
         vertex -0.0111411 -0.0490588 0.0155
         vertex -0.0111411 -0.0490588 0.017
         vertex -0.00374634 -0.0574749 0.017
      endloop
   endfacet
   facet normal 0.751218 0.660054 4.58004e-16
      outer loop
         vertex -0.00374634 -0.0574749 0.017
         vertex -0.00374634 -0.0574749 0.0155
         vertex -0.0111411 -0.0490588 0.0155
      endloop
   endfacet
   facet normal 0.918368 0.395726 2.7459e-16
      outer loop
         vertex -0.0116426 -0.0482658 0.017
         vertex -0.0111411 -0.0490588 0.017
         vertex -0.0111411 -0.0490588 0.0155
      endloop
   endfacet
   facet normal 0.995695 0.0926939 7.22801e-17
      outer loop
         vertex -0.0118745 -0.0473567 0.017
         vertex -0.0116426 -0.0482658 0.017
         vertex -0.0116426 -0.0482658 0.0155
      endloop
   endfacet
   facet normal 0.918368 0.395726 2.7459e-16
      outer loop
         vertex -0.0116426 -0.0482658 0.0155
         vertex -0.0118745 -0.0473567 0.0155
         vertex -0.0118745 -0.0473567 0.017
      endloop
   endfacet
   facet normal 0.751218 0.660054 4.58004e-16
      outer loop
         vertex -0.0111411 -0.0490588 0.0155
         vertex -0.0116426 -0.0482658 0.0155
         vertex -0.0116426 -0.0482658 0.017
      endloop
   endfacet
   facet normal 0 6.93889e-16 -1
      outer loop
         vertex -0.0126857 -0.0231677 0.0155
         vertex -0.0144654 -0.00511241 0.0155
         vertex -0.0129024 -0.00157319 0.0155
      endloop
   endfacet
   facet normal 0 6.93889e-16 -1
      outer loop
         vertex -0.00689197 -0.059994 0.0155
         vertex -0.015 -0.0487992 0.0155
         vertex -0.0116426 -0.0482658 0.0155
      endloop
   endfacet
   facet normal 0 6.93889e-16 -1
      outer loop
         vertex -0.015 -0.0487992 0.0155
         vertex -0.015 -0.00894429 0.0155
         vertex -0.0126857 -0.0231677 0.0155
      endloop
   endfacet
   facet normal 0 6.93889e-16 -1
      outer loop
         vertex -0.0126857 -0.0231677 0.0155
         vertex -0.015 -0.00894429 0.0155
         vertex -0.0144654 -0.00511241 0.0155
      endloop
   endfacet
   facet normal 0 6.93889e-16 -1
      outer loop
         vertex -0.00374634 -0.0574749 0.0155
         vertex -0.00552973 -0.0597231 0.0155
         vertex -0.00600808 -0.0596279 0.0155
      endloop
   endfacet
   facet normal 0 6.93889e-16 -1
      outer loop
         vertex -0.00374634 -0.0574749 0.0155
         vertex -0.00319278 -0.0583969 0.0155
         vertex -0.0051242 -0.059994 0.0155
      endloop
   endfacet
   facet normal 0 6.93889e-16 -1
      outer loop
         vertex -0.0051242 -0.059994 0.0155
         vertex -0.00319278 -0.0583969 0.0155
         vertex -0.003 -0.059455 0.0155
      endloop
   endfacet
   facet normal 0 6.93889e-16 -1
      outer loop
         vertex -0.00864672 -0.095 0.0155
         vertex -0.00157026 -0.0914226 0.0155
         vertex -0.0015 -0.092068 0.0155
      endloop
   endfacet
   facet normal 0 6.93889e-16 -1
      outer loop
         vertex -0.00600808 -0.0621279 0.0155
         vertex -0.00552973 -0.0620328 0.0155
         vertex -0.003 -0.0846063 0.0155
      endloop
   endfacet
   facet normal 0 6.93889e-16 -1
      outer loop
         vertex -0.00600808 -0.0621279 0.0155
         vertex -0.00864672 -0.095 0.0155
         vertex -0.009 -0.085 0.0155
      endloop
   endfacet
   facet normal 0 6.93889e-16 -1
      outer loop
         vertex -0.015 -0.0487992 0.0155
         vertex -0.0118745 -0.0473567 0.0155
         vertex -0.0116426 -0.0482658 0.0155
      endloop
   endfacet
   facet normal 0 6.93889e-16 -1
      outer loop
         vertex -0.0129024 -0.00157319 0.0155
         vertex -0.0104303 0.00140314 0.0155
         vertex -0.0126857 -0.0231677 0.0155
      endloop
   endfacet
   facet normal 0 6.93889e-16 -1
      outer loop
         vertex -0.00600808 -0.0596279 0.0155
         vertex -0.0116426 -0.0482658 0.0155
         vertex -0.0111411 -0.0490588 0.0155
      endloop
   endfacet
   facet normal 0 6.93889e-16 -1
      outer loop
         vertex -0.003 -0.059455 0.0155
         vertex -0.00485323 -0.0603996 0.0155
         vertex -0.0051242 -0.059994 0.0155
      endloop
   endfacet
   facet normal 0 6.93889e-16 -1
      outer loop
         vertex -0.003 -0.059455 0.0155
         vertex -0.003 -0.0846063 0.0155
         vertex -0.00485323 -0.0613563 0.0155
      endloop
   endfacet
   facet normal 0 6.93889e-16 -1
      outer loop
         vertex -0.00864672 -0.095 0.0155
         vertex -0.00292974 -0.0852517 0.0155
         vertex -0.00157026 -0.0914226 0.0155
      endloop
   endfacet
   facet normal 0 6.93889e-16 -1
      outer loop
         vertex -0.003 -0.0846063 0.0155
         vertex -0.00864672 -0.095 0.0155
         vertex -0.00600808 -0.0621279 0.0155
      endloop
   endfacet
   facet normal 0 6.93889e-16 -1
      outer loop
         vertex -0.00864672 -0.095 0.0155
         vertex -0.009 -0.0934671 0.0155
         vertex -0.009 -0.085 0.0155
      endloop
   endfacet
   facet normal 0 6.93889e-16 -1
      outer loop
         vertex -0.009 -0.085 0.0155
         vertex -0.00716293 -0.0613563 0.0155
         vertex -0.00689197 -0.0617618 0.0155
      endloop
   endfacet
   facet normal 0 6.93889e-16 -1
      outer loop
         vertex -0.015 -0.0487992 0.0155
         vertex -0.00725808 -0.0608779 0.0155
         vertex -0.00716293 -0.0613563 0.0155
      endloop
   endfacet
   facet normal 0 6.93889e-16 -1
      outer loop
         vertex -0.0126857 -0.0231677 0.0155
         vertex -0.0118745 -0.0473567 0.0155
         vertex -0.015 -0.0487992 0.0155
      endloop
   endfacet
   facet normal 0 6.93889e-16 -1
      outer loop
         vertex -0.0051242 -0.059994 0.0155
         vertex -0.00552973 -0.0597231 0.0155
         vertex -0.00374634 -0.0574749 0.0155
      endloop
   endfacet
   facet normal 0 6.93889e-16 -1
      outer loop
         vertex -0.00485323 -0.0613563 0.0155
         vertex -0.00475808 -0.0608779 0.0155
         vertex -0.003 -0.059455 0.0155
      endloop
   endfacet
   facet normal 0 6.93889e-16 -1
      outer loop
         vertex -0.003 -0.0846063 0.0155
         vertex -0.00552973 -0.0620328 0.0155
         vertex -0.0051242 -0.0617618 0.0155
      endloop
   endfacet
   facet normal 0 6.93889e-16 -1
      outer loop
         vertex -0.003 -0.0846063 0.0155
         vertex -0.00292974 -0.0852517 0.0155
         vertex -0.00864672 -0.095 0.0155
      endloop
   endfacet
   facet normal 0 6.93889e-16 -1
      outer loop
         vertex -0.00689197 -0.0617618 0.0155
         vertex -0.00648644 -0.0620328 0.0155
         vertex -0.009 -0.085 0.0155
      endloop
   endfacet
   facet normal 0 6.93889e-16 -1
      outer loop
         vertex -0.015 -0.0487992 0.0155
         vertex -0.00716293 -0.0603996 0.0155
         vertex -0.00725808 -0.0608779 0.0155
      endloop
   endfacet
   facet normal 0 6.93889e-16 -1
      outer loop
         vertex -0.0116426 -0.0482658 0.0155
         vertex -0.00648644 -0.0597231 0.0155
         vertex -0.00689197 -0.059994 0.0155
      endloop
   endfacet
   facet normal 0 6.93889e-16 -1
      outer loop
         vertex -0.00475808 -0.0608779 0.0155
         vertex -0.00485323 -0.0603996 0.0155
         vertex -0.003 -0.059455 0.0155
      endloop
   endfacet
   facet normal 0 6.93889e-16 -1
      outer loop
         vertex -0.0015 -0.092068 0.0155
         vertex -0.0015 -0.095 0.0155
         vertex -0.00864672 -0.095 0.0155
      endloop
   endfacet
   facet normal 0 6.93889e-16 -1
      outer loop
         vertex -0.00716293 -0.0613563 0.0155
         vertex -0.009 -0.085 0.0155
         vertex -0.015 -0.0487992 0.0155
      endloop
   endfacet
   facet normal 0 6.93889e-16 -1
      outer loop
         vertex -0.0116426 -0.0482658 0.0155
         vertex -0.00600808 -0.0596279 0.0155
         vertex -0.00648644 -0.0597231 0.0155
      endloop
   endfacet
   facet normal 0 6.93889e-16 -1
      outer loop
         vertex -0.0051242 -0.0617618 0.0155
         vertex -0.00485323 -0.0613563 0.0155
         vertex -0.003 -0.0846063 0.0155
      endloop
   endfacet
   facet normal 0 6.93889e-16 -1
      outer loop
         vertex -0.00689197 -0.059994 0.0155
         vertex -0.00716293 -0.0603996 0.0155
         vertex -0.015 -0.0487992 0.0155
      endloop
   endfacet
   facet normal 0 6.93889e-16 -1
      outer loop
         vertex -0.009 -0.085 0.0155
         vertex -0.00648644 -0.0620328 0.0155
         vertex -0.00600808 -0.0621279 0.0155
      endloop
   endfacet
   facet normal 0 6.93889e-16 -1
      outer loop
         vertex -0.00600808 -0.0596279 0.0155
         vertex -0.0111411 -0.0490588 0.0155
         vertex -0.00374634 -0.0574749 0.0155
      endloop
   endfacet
   facet normal 0.382683 -0.92388 -6.4107e-16
      outer loop
         vertex -0.00648644 -0.0597231 0.0155
         vertex -0.00600808 -0.0596279 0.0155
         vertex -0.00600808 -0.0596279 0.017
      endloop
   endfacet
   facet normal 0.707107 -0.707107 -4.90654e-16
      outer loop
         vertex -0.00689197 -0.059994 0.0155
         vertex -0.00648644 -0.0597231 0.0155
         vertex -0.00648644 -0.0597231 0.017
      endloop
   endfacet
   facet normal 0.92388 -0.382683 -2.6554e-16
      outer loop
         vertex -0.00716293 -0.0603996 0.0155
         vertex -0.00689197 -0.059994 0.0155
         vertex -0.00689197 -0.059994 0.017
      endloop
   endfacet
   facet normal 1 1.83697e-16 1.27465e-31
      outer loop
         vertex -0.00725808 -0.0608779 0.0155
         vertex -0.00716293 -0.0603996 0.0155
         vertex -0.00716293 -0.0603996 0.017
      endloop
   endfacet
   facet normal 0.92388 0.382683 2.6554e-16
      outer loop
         vertex -0.00716293 -0.0613563 0.0155
         vertex -0.00725808 -0.0608779 0.0155
         vertex -0.00725808 -0.0608779 0.017
      endloop
   endfacet
   facet normal 0.707107 0.707107 4.90654e-16
      outer loop
         vertex -0.00689197 -0.0617618 0.0155
         vertex -0.00716293 -0.0613563 0.0155
         vertex -0.00716293 -0.0613563 0.017
      endloop
   endfacet
   facet normal 0.382683 0.92388 6.4107e-16
      outer loop
         vertex -0.00648644 -0.0620328 0.0155
         vertex -0.00689197 -0.0617618 0.0155
         vertex -0.00689197 -0.0617618 0.017
      endloop
   endfacet
   facet normal -6.93889e-16 1 6.93889e-16
      outer loop
         vertex -0.00600808 -0.0621279 0.0155
         vertex -0.00648644 -0.0620328 0.0155
         vertex -0.00648644 -0.0620328 0.017
      endloop
   endfacet
   facet normal -0.382683 0.92388 6.4107e-16
      outer loop
         vertex -0.00552973 -0.0620328 0.0155
         vertex -0.00600808 -0.0621279 0.0155
         vertex -0.00600808 -0.0621279 0.017
      endloop
   endfacet
   facet normal -0.707107 0.707107 4.90654e-16
      outer loop
         vertex -0.0051242 -0.0617618 0.0155
         vertex -0.00552973 -0.0620328 0.0155
         vertex -0.00552973 -0.0620328 0.017
      endloop
   endfacet
   facet normal -0.92388 0.382683 2.6554e-16
      outer loop
         vertex -0.00485323 -0.0613563 0.0155
         vertex -0.0051242 -0.0617618 0.0155
         vertex -0.0051242 -0.0617618 0.017
      endloop
   endfacet
   facet normal -1 -6.12323e-17 -4.24885e-32
      outer loop
         vertex -0.00475808 -0.0608779 0.0155
         vertex -0.00485323 -0.0613563 0.0155
         vertex -0.00485323 -0.0613563 0.017
      endloop
   endfacet
   facet normal -0.92388 -0.382683 -2.6554e-16
      outer loop
         vertex -0.00485323 -0.0603996 0.0155
         vertex -0.00475808 -0.0608779 0.0155
         vertex -0.00475808 -0.0608779 0.017
      endloop
   endfacet
   facet normal -0.707107 -0.707107 -4.90654e-16
      outer loop
         vertex -0.0051242 -0.059994 0.0155
         vertex -0.00485323 -0.0603996 0.0155
         vertex -0.00485323 -0.0603996 0.017
      endloop
   endfacet
   facet normal -0.382683 -0.92388 -6.4107e-16
      outer loop
         vertex -0.00552973 -0.0597231 0.0155
         vertex -0.0051242 -0.059994 0.0155
         vertex -0.0051242 -0.059994 0.017
      endloop
   endfacet
   facet normal 2.44929e-16 -1 -6.93889e-16
      outer loop
         vertex -0.00600808 -0.0596279 0.0155
         vertex -0.00552973 -0.0597231 0.0155
         vertex -0.00552973 -0.0597231 0.017
      endloop
   endfacet
   facet normal -0.382683 -0.92388 -6.4107e-16
      outer loop
         vertex -0.00552973 -0.0597231 0.017
         vertex -0.00600808 -0.0596279 0.017
         vertex -0.00600808 -0.0596279 0.0155
      endloop
   endfacet
   facet normal -0.707107 -0.707107 -4.90654e-16
      outer loop
         vertex -0.0051242 -0.059994 0.017
         vertex -0.00552973 -0.0597231 0.017
         vertex -0.00552973 -0.0597231 0.0155
      endloop
   endfacet
   facet normal -0.92388 -0.382683 -2.6554e-16
      outer loop
         vertex -0.00485323 -0.0603996 0.017
         vertex -0.0051242 -0.059994 0.017
         vertex -0.0051242 -0.059994 0.0155
      endloop
   endfacet
   facet normal -1 -6.12323e-17 -4.24885e-32
      outer loop
         vertex -0.00475808 -0.0608779 0.017
         vertex -0.00485323 -0.0603996 0.017
         vertex -0.00485323 -0.0603996 0.0155
      endloop
   endfacet
   facet normal -0.92388 0.382683 2.6554e-16
      outer loop
         vertex -0.00485323 -0.0613563 0.017
         vertex -0.00475808 -0.0608779 0.017
         vertex -0.00475808 -0.0608779 0.0155
      endloop
   endfacet
   facet normal -0.707107 0.707107 4.90654e-16
      outer loop
         vertex -0.0051242 -0.0617618 0.017
         vertex -0.00485323 -0.0613563 0.017
         vertex -0.00485323 -0.0613563 0.0155
      endloop
   endfacet
   facet normal -0.382683 0.92388 6.4107e-16
      outer loop
         vertex -0.00552973 -0.0620328 0.017
         vertex -0.0051242 -0.0617618 0.017
         vertex -0.0051242 -0.0617618 0.0155
      endloop
   endfacet
   facet normal -1.22465e-16 1 6.93889e-16
      outer loop
         vertex -0.00600808 -0.0621279 0.017
         vertex -0.00552973 -0.0620328 0.017
         vertex -0.00552973 -0.0620328 0.0155
      endloop
   endfacet
   facet normal 0.382683 0.92388 6.4107e-16
      outer loop
         vertex -0.00648644 -0.0620328 0.017
         vertex -0.00600808 -0.0621279 0.017
         vertex -0.00600808 -0.0621279 0.0155
      endloop
   endfacet
   facet normal 0.707107 0.707107 4.90654e-16
      outer loop
         vertex -0.00689197 -0.0617618 0.017
         vertex -0.00648644 -0.0620328 0.017
         vertex -0.00648644 -0.0620328 0.0155
      endloop
   endfacet
   facet normal 0.92388 0.382683 2.6554e-16
      outer loop
         vertex -0.00716293 -0.0613563 0.017
         vertex -0.00689197 -0.0617618 0.017
         vertex -0.00689197 -0.0617618 0.0155
      endloop
   endfacet
   facet normal 1 1.83697e-16 1.27465e-31
      outer loop
         vertex -0.00725808 -0.0608779 0.017
         vertex -0.00716293 -0.0613563 0.017
         vertex -0.00716293 -0.0613563 0.0155
      endloop
   endfacet
   facet normal 0.92388 -0.382683 -2.6554e-16
      outer loop
         vertex -0.00716293 -0.0603996 0.017
         vertex -0.00725808 -0.0608779 0.017
         vertex -0.00725808 -0.0608779 0.0155
      endloop
   endfacet
   facet normal 0.707107 -0.707107 -4.90654e-16
      outer loop
         vertex -0.00689197 -0.059994 0.017
         vertex -0.00716293 -0.0603996 0.017
         vertex -0.00716293 -0.0603996 0.0155
      endloop
   endfacet
   facet normal 0.382683 -0.92388 -6.4107e-16
      outer loop
         vertex -0.00648644 -0.0597231 0.017
         vertex -0.00689197 -0.059994 0.017
         vertex -0.00689197 -0.059994 0.0155
      endloop
   endfacet
   facet normal 2.44929e-16 -1 -6.93889e-16
      outer loop
         vertex -0.00600808 -0.0596279 0.017
         vertex -0.00648644 -0.0597231 0.017
         vertex -0.00648644 -0.0597231 0.0155
      endloop
   endfacet
   facet normal 0.999579 -0.0290279 -2.01421e-17
      outer loop
         vertex -0.0126857 -0.0231677 0.019
         vertex -0.0118745 -0.0473567 0.019
         vertex -0.0118745 -0.0473567 0.017
      endloop
   endfacet
   facet normal 0.995695 0.0926939 6.43193e-17
      outer loop
         vertex -0.0118745 -0.0473567 0.017
         vertex -0.0126857 -0.0231677 0.0155
         vertex -0.0126857 -0.0231677 0.019
      endloop
   endfacet
   facet normal 0.999579 -0.0290279 -2.01421e-17
      outer loop
         vertex -0.0126857 -0.0231677 0.0155
         vertex -0.0104303 0.00140314 0.0155
         vertex -0.0116802 -0.00830131 0.019
      endloop
   endfacet
   facet normal 0.99449 -0.104828 -7.27393e-17
      outer loop
         vertex -0.0116802 -0.00830131 0.019
         vertex -0.0104303 0.00140314 0.0155
         vertex -0.0102259 0.00272519 0.017
      endloop
   endfacet
   facet normal 0.98781 -0.155662 -1.08012e-16
      outer loop
         vertex -0.0102259 0.00272519 0.017
         vertex -0.0102259 0.00272518 0.019
         vertex -0.0116802 -0.00830131 0.019
      endloop
   endfacet
   facet normal 0.98716 -0.159734 -1.10837e-16
      outer loop
         vertex -0.0100755 0.00366736 0.0155
         vertex -0.0100755 0.00366736 0.017
         vertex -0.0102259 0.00272519 0.017
      endloop
   endfacet
   facet normal 0.98781 -0.155662 -1.08012e-16
      outer loop
         vertex -0.0102259 0.00272519 0.017
         vertex -0.0104303 0.00140314 0.0155
         vertex -0.0100755 0.00366736 0.0155
      endloop
   endfacet
   facet normal 0.99449 -0.104828 -7.27393e-17
      outer loop
         vertex -0.0116802 -0.00830131 0.019
         vertex -0.0126857 -0.0231677 0.019
         vertex -0.0126857 -0.0231677 0.0155
      endloop
   endfacet
   facet normal 0.995695 0.0926939 6.43193e-17
      outer loop
         vertex -0.0118745 -0.0473567 0.017
         vertex -0.0118745 -0.0473567 0.0155
         vertex -0.0126857 -0.0231677 0.0155
      endloop
   endfacet
   facet normal 0.984477 0.175516 1.21789e-16
      outer loop
         vertex -0.00865877 -0.0705368 0.019
         vertex -0.00865877 -0.0705368 0.017
         vertex -0.0118745 -0.0473567 0.017
      endloop
   endfacet
   facet normal 0.9791 0.203381 1.41124e-16
      outer loop
         vertex -0.00651154 -0.0816312 0.019
         vertex -0.00651154 -0.0816312 0.017
         vertex -0.00865877 -0.0705368 0.017
      endloop
   endfacet
   facet normal 0.9791 0.203381 1.41124e-16
      outer loop
         vertex -0.00651154 -0.0816312 0.017
         vertex -0.00651154 -0.0816312 0.019
         vertex -0.00471467 -0.0899157 0.019
      endloop
   endfacet
   facet normal 0.975519 0.219913 1.52595e-16
      outer loop
         vertex -0.00471467 -0.0899157 0.019
         vertex -0.00426009 -0.0919157 0.017
         vertex -0.00651154 -0.0816312 0.017
      endloop
   endfacet
   facet normal 0.984477 0.175516 1.21789e-16
      outer loop
         vertex -0.00865877 -0.0705368 0.017
         vertex -0.00865877 -0.0705368 0.019
         vertex -0.00651154 -0.0816312 0.019
      endloop
   endfacet
   facet normal 0.995695 0.0926939 6.43193e-17
      outer loop
         vertex -0.0118745 -0.0473567 0.017
         vertex -0.0118745 -0.0473567 0.019
         vertex -0.00865877 -0.0705368 0.019
      endloop
   endfacet
   facet normal 0 -6.93889e-16 1
      outer loop
         vertex -0.014111 -0.0209847 0.019
         vertex -0.0126857 -0.0231677 0.019
         vertex -0.0116802 -0.00830131 0.019
      endloop
   endfacet
   facet normal 0 -6.93889e-16 1
      outer loop
         vertex -0.0102726 -0.0700261 0.019
         vertex -0.0075788 -0.0838482 0.019
         vertex -0.00651154 -0.0816312 0.019
      endloop
   endfacet
   facet normal 0 -6.93889e-16 1
      outer loop
         vertex -0.00471467 -0.0899157 0.019
         vertex -0.00651154 -0.0816312 0.019
         vertex -0.0075788 -0.0838482 0.019
      endloop
   endfacet
   facet normal 0 -6.93889e-16 1
      outer loop
         vertex -0.0116802 -0.00830131 0.019
         vertex -0.0119081 0.00166275 0.019
         vertex -0.014111 -0.0209847 0.019
      endloop
   endfacet
   facet normal 0 -6.93889e-16 1
      outer loop
         vertex -0.0133078 -0.0481339 0.019
         vertex -0.0118745 -0.0473567 0.019
         vertex -0.0126857 -0.0231677 0.019
      endloop
   endfacet
   facet normal 0 -6.93889e-16 1
      outer loop
         vertex -0.0118745 -0.0473567 0.019
         vertex -0.0133078 -0.0481339 0.019
         vertex -0.0102726 -0.0700261 0.019
      endloop
   endfacet
   facet normal 0 -6.93889e-16 1
      outer loop
         vertex -0.0075788 -0.0838482 0.019
         vertex -0.0062522 -0.0899157 0.019
         vertex -0.00471467 -0.0899157 0.019
      endloop
   endfacet
   facet normal 0 -6.93889e-16 1
      outer loop
         vertex -0.0126857 -0.0231677 0.019
         vertex -0.014111 -0.0209847 0.019
         vertex -0.0133078 -0.0481339 0.019
      endloop
   endfacet
   facet normal 0 -6.93889e-16 1
      outer loop
         vertex -0.00651154 -0.0816312 0.019
         vertex -0.00865877 -0.0705368 0.019
         vertex -0.0102726 -0.0700261 0.019
      endloop
   endfacet
   facet normal 0 -6.93889e-16 1
      outer loop
         vertex -0.0102726 -0.0700261 0.019
         vertex -0.00865877 -0.0705368 0.019
         vertex -0.0118745 -0.0473567 0.019
      endloop
   endfacet
   facet normal 0 -6.93889e-16 1
      outer loop
         vertex -0.0116802 -0.00830131 0.019
         vertex -0.0102259 0.00272518 0.019
         vertex -0.0119081 0.00166275 0.019
      endloop
   endfacet
   facet normal -0.597997 0.801498 5.41237e-16
      outer loop
         vertex -0.0119081 0.00166275 0.017
         vertex -0.0119081 0.00166275 0.019
         vertex -0.0102259 0.00272518 0.019
      endloop
   endfacet
   facet normal -0.466788 0.884369 6.13654e-16
      outer loop
         vertex -0.0102259 0.00272518 0.019
         vertex -0.0102259 0.00272519 0.017
         vertex -0.0119081 0.00166275 0.017
      endloop
   endfacet
   facet normal -0.984863 -0.173335 -1.20276e-16
      outer loop
         vertex -0.0102726 -0.0700261 0.019
         vertex -0.0102726 -0.0700261 0.017
         vertex -0.0075788 -0.0838482 0.017
      endloop
   endfacet
   facet normal -0.995429 -0.0955019 -6.62677e-17
      outer loop
         vertex -0.0133078 -0.0481339 0.019
         vertex -0.0133078 -0.0481339 0.017
         vertex -0.0102726 -0.0700261 0.017
      endloop
   endfacet
   facet normal -0.995429 -0.0955019 -6.62677e-17
      outer loop
         vertex -0.0133078 -0.0481339 0.017
         vertex -0.0133078 -0.0481339 0.019
         vertex -0.014111 -0.0209847 0.019
      endloop
   endfacet
   facet normal -0.999193 0.0401639 2.78693e-17
      outer loop
         vertex -0.014111 -0.0209847 0.019
         vertex -0.0119081 0.00166275 0.017
         vertex -0.0133078 -0.0481339 0.017
      endloop
   endfacet
   facet normal -0.978233 -0.207511 -1.4399e-16
      outer loop
         vertex -0.0075788 -0.0838482 0.017
         vertex -0.00579885 -0.0919157 0.017
         vertex -0.0062522 -0.0899157 0.019
      endloop
   endfacet
   facet normal -0.975649 -0.219337 -1.52196e-16
      outer loop
         vertex -0.0062522 -0.0899157 0.019
         vertex -0.0075788 -0.0838482 0.019
         vertex -0.0075788 -0.0838482 0.017
      endloop
   endfacet
   facet normal -0.999193 0.0401639 2.78693e-17
      outer loop
         vertex -0.014111 -0.0209847 0.019
         vertex -0.0119081 0.00166275 0.019
         vertex -0.0119081 0.00166275 0.017
      endloop
   endfacet
   facet normal -0.984863 -0.173335 -1.20276e-16
      outer loop
         vertex -0.0102726 -0.0700261 0.017
         vertex -0.0102726 -0.0700261 0.019
         vertex -0.0133078 -0.0481339 0.019
      endloop
   endfacet
   facet normal -0.978233 -0.207511 -1.4399e-16
      outer loop
         vertex -0.0075788 -0.0838482 0.017
         vertex -0.0075788 -0.0838482 0.019
         vertex -0.0102726 -0.0700261 0.019
      endloop
   endfacet
   facet normal 0 -0.707107 0.707107
      outer loop
         vertex -0.00579885 -0.0919157 0.017
         vertex -0.00426009 -0.0919157 0.017
         vertex -0.00471467 -0.0899157 0.019
      endloop
   endfacet
   facet normal 0 -0.707107 0.707107
      outer loop
         vertex -0.00471467 -0.0899157 0.019
         vertex -0.0062522 -0.0899157 0.019
         vertex -0.00579885 -0.0919157 0.017
      endloop
   endfacet
   facet normal 0 -6.93889e-16 1
      outer loop
         vertex -0.0119081 0.00166275 0.017
         vertex -0.0164622 0.00166063 0.017
         vertex -0.0165284 0.00147249 0.017
      endloop
   endfacet
   facet normal 0 -6.93889e-16 1
      outer loop
         vertex -0.0123129 0.00520211 0.017
         vertex -0.0103122 0.00474512 0.017
         vertex -0.0107077 0.00514393 0.017
      endloop
   endfacet
   facet normal 0 -6.93889e-16 1
      outer loop
         vertex -0.0119081 0.00166275 0.017
         vertex -0.0164555 0.00167169 0.017
         vertex -0.0164622 0.00166063 0.017
      endloop
   endfacet
   facet normal 0 -6.93889e-16 1
      outer loop
         vertex -0.00552973 -0.0620328 0.017
         vertex -0.00600808 -0.0621279 0.017
         vertex -0.00865877 -0.0705368 0.017
      endloop
   endfacet
   facet normal 0 -6.93889e-16 1
      outer loop
         vertex -0.0107077 0.00514393 0.017
         vertex -0.0112222 0.0053693 0.017
         vertex -0.0123129 0.00520211 0.017
      endloop
   endfacet
   facet normal 0 -6.93889e-16 1
      outer loop
         vertex -0.0165284 0.00147249 0.017
         vertex -0.0178111 -0.00865514 0.017
         vertex -0.0119081 0.00166275 0.017
      endloop
   endfacet
   facet normal 0 -6.93889e-16 1
      outer loop
         vertex -0.00579885 -0.0919157 0.017
         vertex -0.0075788 -0.0838482 0.017
         vertex -0.0097229 -0.0951198 0.017
      endloop
   endfacet
   facet normal 0 -6.93889e-16 1
      outer loop
         vertex -0.00865877 -0.0705368 0.017
         vertex -0.003 -0.0846063 0.017
         vertex -0.00552973 -0.0620328 0.017
      endloop
   endfacet
   facet normal 0 -6.93889e-16 1
      outer loop
         vertex -0.00426009 -0.0919157 0.017
         vertex -0.00157026 -0.0914226 0.017
         vertex -0.00292974 -0.0852517 0.017
      endloop
   endfacet
   facet normal 0 -6.93889e-16 1
      outer loop
         vertex -0.00426009 -0.0919157 0.017
         vertex -0.0015 -0.0975 0.017
         vertex -0.0015 -0.092068 0.017
      endloop
   endfacet
   facet normal 0 -6.93889e-16 1
      outer loop
         vertex -0.00600808 -0.0596279 0.017
         vertex -0.003 -0.059455 0.017
         vertex -0.00319278 -0.0583969 0.017
      endloop
   endfacet
   facet normal 0 -6.93889e-16 1
      outer loop
         vertex -0.0123129 0.00520211 0.017
         vertex -0.0100911 0.00422881 0.017
         vertex -0.0103122 0.00474512 0.017
      endloop
   endfacet
   facet normal 0 -6.93889e-16 1
      outer loop
         vertex -0.0178111 -0.00865514 0.017
         vertex -0.0180725 -0.0225681 0.017
         vertex -0.0119081 0.00166275 0.017
      endloop
   endfacet
   facet normal 0 -6.93889e-16 1
      outer loop
         vertex -0.0119081 0.00166275 0.017
         vertex -0.016196 0.00202161 0.017
         vertex -0.0163516 0.00184402 0.017
      endloop
   endfacet
   facet normal 0 -6.93889e-16 1
      outer loop
         vertex -0.0149577 -0.0694609 0.017
         vertex -0.0102726 -0.0700261 0.017
         vertex -0.0133078 -0.0481339 0.017
      endloop
   endfacet
   facet normal 0 -6.93889e-16 1
      outer loop
         vertex -0.0144614 -0.0718936 0.017
         vertex -0.0097229 -0.0951198 0.017
         vertex -0.0075788 -0.0838482 0.017
      endloop
   endfacet
   facet normal 0 -6.93889e-16 1
      outer loop
         vertex -0.0097229 -0.0951198 0.017
         vertex -0.0094032 -0.0958769 0.017
         vertex -0.00579885 -0.0919157 0.017
      endloop
   endfacet
   facet normal 0 -6.93889e-16 1
      outer loop
         vertex -0.00651154 -0.0816312 0.017
         vertex -0.00292974 -0.0852517 0.017
         vertex -0.003 -0.0846063 0.017
      endloop
   endfacet
   facet normal 0 -6.93889e-16 1
      outer loop
         vertex -0.0015 -0.092068 0.017
         vertex -0.00157026 -0.0914226 0.017
         vertex -0.00426009 -0.0919157 0.017
      endloop
   endfacet
   facet normal 0 -6.93889e-16 1
      outer loop
         vertex -0.00319278 -0.0583969 0.017
         vertex -0.00374634 -0.0574749 0.017
         vertex -0.00600808 -0.0596279 0.017
      endloop
   endfacet
   facet normal 0 -6.93889e-16 1
      outer loop
         vertex -0.00689197 -0.059994 0.017
         vertex -0.00648644 -0.0597231 0.017
         vertex -0.0111411 -0.0490588 0.017
      endloop
   endfacet
   facet normal 0 -6.93889e-16 1
      outer loop
         vertex -0.00865877 -0.0705368 0.017
         vertex -0.00716293 -0.0613563 0.017
         vertex -0.00725808 -0.0608779 0.017
      endloop
   endfacet
   facet normal 0 -6.93889e-16 1
      outer loop
         vertex -0.0123129 0.00520211 0.017
         vertex -0.0100755 0.00366736 0.017
         vertex -0.0100911 0.00422881 0.017
      endloop
   endfacet
   facet normal 0 -6.93889e-16 1
      outer loop
         vertex -0.0133078 -0.0481339 0.017
         vertex -0.0119081 0.00166275 0.017
         vertex -0.0180725 -0.0225681 0.017
      endloop
   endfacet
   facet normal 0 -6.93889e-16 1
      outer loop
         vertex -0.0163516 0.00184402 0.017
         vertex -0.0164555 0.00167169 0.017
         vertex -0.0119081 0.00166275 0.017
      endloop
   endfacet
   facet normal 0 -6.93889e-16 1
      outer loop
         vertex -0.0133078 -0.0481339 0.017
         vertex -0.0184238 -0.0412716 0.017
         vertex -0.0149577 -0.0694609 0.017
      endloop
   endfacet
   facet normal 0 -6.93889e-16 1
      outer loop
         vertex -0.0094032 -0.0958769 0.017
         vertex -0.00934789 -0.0960079 0.017
         vertex -0.00579885 -0.0919157 0.017
      endloop
   endfacet
   facet normal 0 -6.93889e-16 1
      outer loop
         vertex -0.00633117 -0.0975 0.017
         vertex -0.0015 -0.0975 0.017
         vertex -0.00426009 -0.0919157 0.017
      endloop
   endfacet
   facet normal 0 -6.93889e-16 1
      outer loop
         vertex -0.00292974 -0.0852517 0.017
         vertex -0.00651154 -0.0816312 0.017
         vertex -0.00426009 -0.0919157 0.017
      endloop
   endfacet
   facet normal 0 -6.93889e-16 1
      outer loop
         vertex -0.003 -0.0846063 0.017
         vertex -0.00485323 -0.0613563 0.017
         vertex -0.0051242 -0.0617618 0.017
      endloop
   endfacet
   facet normal 0 -6.93889e-16 1
      outer loop
         vertex -0.003 -0.059455 0.017
         vertex -0.00475808 -0.0608779 0.017
         vertex -0.00485323 -0.0613563 0.017
      endloop
   endfacet
   facet normal 0 -6.93889e-16 1
      outer loop
         vertex -0.0111411 -0.0490588 0.017
         vertex -0.00648644 -0.0597231 0.017
         vertex -0.00600808 -0.0596279 0.017
      endloop
   endfacet
   facet normal 0 -6.93889e-16 1
      outer loop
         vertex -0.0116426 -0.0482658 0.017
         vertex -0.00716293 -0.0603996 0.017
         vertex -0.00689197 -0.059994 0.017
      endloop
   endfacet
   facet normal 0 -6.93889e-16 1
      outer loop
         vertex -0.00725808 -0.0608779 0.017
         vertex -0.0116426 -0.0482658 0.017
         vertex -0.00865877 -0.0705368 0.017
      endloop
   endfacet
   facet normal 0 -6.93889e-16 1
      outer loop
         vertex -0.0112222 0.0053693 0.017
         vertex -0.0117835 0.00538965 0.017
         vertex -0.0123129 0.00520211 0.017
      endloop
   endfacet
   facet normal 0 -6.93889e-16 1
      outer loop
         vertex -0.0100755 0.00366736 0.017
         vertex -0.016196 0.00202161 0.017
         vertex -0.0119081 0.00166275 0.017
      endloop
   endfacet
   facet normal 0 -6.93889e-16 1
      outer loop
         vertex -0.0164622 0.00166063 0.017
         vertex -0.0164913 0.00161245 0.017
         vertex -0.0165284 0.00147249 0.017
      endloop
   endfacet
   facet normal 0 -6.93889e-16 1
      outer loop
         vertex -0.0075788 -0.0838482 0.017
         vertex -0.0102726 -0.0700261 0.017
         vertex -0.0144614 -0.0718936 0.017
      endloop
   endfacet
   facet normal 0 -6.93889e-16 1
      outer loop
         vertex -0.00579885 -0.0919157 0.017
         vertex -0.00694953 -0.0973875 0.017
         vertex -0.00633117 -0.0975 0.017
      endloop
   endfacet
   facet normal 0 -6.93889e-16 1
      outer loop
         vertex -0.00579885 -0.0919157 0.017
         vertex -0.00816763 -0.0970333 0.017
         vertex -0.00783345 -0.0972266 0.017
      endloop
   endfacet
   facet normal 0 -6.93889e-16 1
      outer loop
         vertex -0.00579885 -0.0919157 0.017
         vertex -0.00934789 -0.0960079 0.017
         vertex -0.00870376 -0.0967231 0.017
      endloop
   endfacet
   facet normal 0 -6.93889e-16 1
      outer loop
         vertex -0.0051242 -0.0617618 0.017
         vertex -0.00552973 -0.0620328 0.017
         vertex -0.003 -0.0846063 0.017
      endloop
   endfacet
   facet normal 0 -6.93889e-16 1
      outer loop
         vertex -0.003 -0.059455 0.017
         vertex -0.00485323 -0.0603996 0.017
         vertex -0.00475808 -0.0608779 0.017
      endloop
   endfacet
   facet normal 0 -6.93889e-16 1
      outer loop
         vertex -0.003 -0.059455 0.017
         vertex -0.00552973 -0.0597231 0.017
         vertex -0.0051242 -0.059994 0.017
      endloop
   endfacet
   facet normal 0 -6.93889e-16 1
      outer loop
         vertex -0.0111411 -0.0490588 0.017
         vertex -0.0116426 -0.0482658 0.017
         vertex -0.00689197 -0.059994 0.017
      endloop
   endfacet
   facet normal 0 -6.93889e-16 1
      outer loop
         vertex -0.0116426 -0.0482658 0.017
         vertex -0.0118745 -0.0473567 0.017
         vertex -0.00865877 -0.0705368 0.017
      endloop
   endfacet
   facet normal 0 -6.93889e-16 1
      outer loop
         vertex -0.00865877 -0.0705368 0.017
         vertex -0.00648644 -0.0620328 0.017
         vertex -0.00689197 -0.0617618 0.017
      endloop
   endfacet
   facet normal 0 -6.93889e-16 1
      outer loop
         vertex -0.0119081 0.00166275 0.017
         vertex -0.0102259 0.00272519 0.017
         vertex -0.0100755 0.00366736 0.017
      endloop
   endfacet
   facet normal 0 -6.93889e-16 1
      outer loop
         vertex -0.0149577 -0.0694609 0.017
         vertex -0.0144614 -0.0718936 0.017
         vertex -0.0102726 -0.0700261 0.017
      endloop
   endfacet
   facet normal 0 -6.93889e-16 1
      outer loop
         vertex -0.00579885 -0.0919157 0.017
         vertex -0.00728484 -0.0973265 0.017
         vertex -0.00694953 -0.0973875 0.017
      endloop
   endfacet
   facet normal 0 -6.93889e-16 1
      outer loop
         vertex -0.00870376 -0.0967231 0.017
         vertex -0.00816763 -0.0970333 0.017
         vertex -0.00579885 -0.0919157 0.017
      endloop
   endfacet
   facet normal 0 -6.93889e-16 1
      outer loop
         vertex -0.00485323 -0.0613563 0.017
         vertex -0.003 -0.0846063 0.017
         vertex -0.003 -0.059455 0.017
      endloop
   endfacet
   facet normal 0 -6.93889e-16 1
      outer loop
         vertex -0.003 -0.059455 0.017
         vertex -0.00600808 -0.0596279 0.017
         vertex -0.00552973 -0.0597231 0.017
      endloop
   endfacet
   facet normal 0 -6.93889e-16 1
      outer loop
         vertex -0.00725808 -0.0608779 0.017
         vertex -0.00716293 -0.0603996 0.017
         vertex -0.0116426 -0.0482658 0.017
      endloop
   endfacet
   facet normal 0 -6.93889e-16 1
      outer loop
         vertex -0.00865877 -0.0705368 0.017
         vertex -0.00600808 -0.0621279 0.017
         vertex -0.00648644 -0.0620328 0.017
      endloop
   endfacet
   facet normal 0 -6.93889e-16 1
      outer loop
         vertex -0.0180725 -0.0225681 0.017
         vertex -0.0184238 -0.0412716 0.017
         vertex -0.0133078 -0.0481339 0.017
      endloop
   endfacet
   facet normal 0 -6.93889e-16 1
      outer loop
         vertex -0.00783345 -0.0972266 0.017
         vertex -0.00728484 -0.0973265 0.017
         vertex -0.00579885 -0.0919157 0.017
      endloop
   endfacet
   facet normal 0 -6.93889e-16 1
      outer loop
         vertex -0.0051242 -0.059994 0.017
         vertex -0.00485323 -0.0603996 0.017
         vertex -0.003 -0.059455 0.017
      endloop
   endfacet
   facet normal 0 -6.93889e-16 1
      outer loop
         vertex -0.00689197 -0.0617618 0.017
         vertex -0.00716293 -0.0613563 0.017
         vertex -0.00865877 -0.0705368 0.017
      endloop
   endfacet
   facet normal 0 -6.93889e-16 1
      outer loop
         vertex -0.00426009 -0.0919157 0.017
         vertex -0.00579885 -0.0919157 0.017
         vertex -0.00633117 -0.0975 0.017
      endloop
   endfacet
   facet normal 0 -6.93889e-16 1
      outer loop
         vertex -0.00374634 -0.0574749 0.017
         vertex -0.0111411 -0.0490588 0.017
         vertex -0.00600808 -0.0596279 0.017
      endloop
   endfacet
   facet normal 0 -6.93889e-16 1
      outer loop
         vertex -0.00865877 -0.0705368 0.017
         vertex -0.00651154 -0.0816312 0.017
         vertex -0.003 -0.0846063 0.017
      endloop
   endfacet
   facet normal 0 -6.93889e-16 1
      outer loop
         vertex -0.0123129 0.00520211 0.017
         vertex -0.016196 0.00202161 0.017
         vertex -0.0100755 0.00366736 0.017
      endloop
   endfacet
   facet normal 0.205583 -0.972939 0.105477
      outer loop
         vertex 0.0579058 -0.0974188 0.0168138
         vertex 0.0572891 -0.0975 0.0164974
         vertex 0.0576204 -0.0975 0.0157183
      endloop
   endfacet
   facet normal 0.218317 -0.975857 0.00643577
      outer loop
         vertex 0.0595062 -0.0974276 0.00502045
         vertex 0.0582623 -0.0974225 0.0159348
         vertex 0.0577707 -0.0975 0.0151744
      endloop
   endfacet
   facet normal 0.213977 -0.97417 0.0721615
      outer loop
         vertex 0.0582623 -0.0974225 0.0159348
         vertex 0.0576204 -0.0975 0.0157183
         vertex 0.0577707 -0.0975 0.0151744
      endloop
   endfacet
   facet normal 0.416899 -0.898013 0.140595
      outer loop
         vertex 0.0588711 -0.097194 0.0161401
         vertex 0.0582623 -0.0974225 0.0159348
         vertex 0.0595062 -0.0974276 0.00502045
      endloop
   endfacet
   facet normal 0.598284 -0.775465 0.201766
      outer loop
         vertex 0.0594153 -0.0968264 0.0163236
         vertex 0.0588711 -0.097194 0.0161401
         vertex 0.0601296 -0.0972138 0.00503883
      endloop
   endfacet
   facet normal 0.748762 -0.612856 0.252513
      outer loop
         vertex 0.0598667 -0.0963386 0.0164758
         vertex 0.0594153 -0.0968264 0.0163236
         vertex 0.0606912 -0.0968689 0.00505538
      endloop
   endfacet
   facet normal 0.748762 -0.612856 0.252513
      outer loop
         vertex 0.0598667 -0.0963386 0.0164758
         vertex 0.0605123 -0.0958058 0.0140104
         vertex 0.0604604 -0.0958036 0.0155
      endloop
   endfacet
   facet normal 0.886185 -0.434525 0.160825
      outer loop
         vertex 0.0604604 -0.0958036 0.0155
         vertex 0.060416 -0.0957948 0.0157452
         vertex 0.0598667 -0.0963386 0.0164758
      endloop
   endfacet
   facet normal 0.748762 -0.612856 0.252513
      outer loop
         vertex 0.0598667 -0.0963386 0.0164758
         vertex 0.0608034 -0.0963609 0.00507935
         vertex 0.06067 -0.0958125 0.00948485
      endloop
   endfacet
   facet normal 0.843299 -0.531633 0.0788274
      outer loop
         vertex 0.06067 -0.0958125 0.00948485
         vertex 0.0605123 -0.0958058 0.0140104
         vertex 0.0598667 -0.0963386 0.0164758
      endloop
   endfacet
   facet normal 0.77088 -0.636574 0.0227248
      outer loop
         vertex 0.0608034 -0.0963609 0.00507935
         vertex 0.0608244 -0.0958191 0.00505549
         vertex 0.06067 -0.0958125 0.00948485
      endloop
   endfacet
   facet normal 0.218341 -0.97586 0.00489184
      outer loop
         vertex 0.0595188 -0.0974276 0.00453524
         vertex 0.0595062 -0.0974276 0.00502045
         vertex 0.0588513 -0.0975 0.00500115
      endloop
   endfacet
   facet normal 0.426093 -0.904592 0.0125608
      outer loop
         vertex 0.0601296 -0.0972138 0.00503883
         vertex 0.0595062 -0.0974276 0.00502045
         vertex 0.0595188 -0.0974276 0.00453524
      endloop
   endfacet
   facet normal 0.613294 -0.789648 0.0180793
      outer loop
         vertex 0.0606912 -0.0968689 0.00505538
         vertex 0.0601296 -0.0972138 0.00503883
         vertex 0.0601422 -0.0972138 0.00454921
      endloop
   endfacet
   facet normal 0.77088 -0.636574 0.0227248
      outer loop
         vertex 0.0608034 -0.0963609 0.00507935
         vertex 0.0606912 -0.0968689 0.00505538
         vertex 0.0607038 -0.096869 0.00456179
      endloop
   endfacet
   facet normal 0.891244 -0.452763 0.0262729
      outer loop
         vertex 0.0608244 -0.0958191 0.00505549
         vertex 0.0608034 -0.0963609 0.00507935
         vertex 0.0609268 -0.0963756 0.00456466
      endloop
   endfacet
   facet normal 0.218971 -0.975449 -0.0234824
      outer loop
         vertex 0.0591456 -0.0974263 -0.00437985
         vertex 0.0595188 -0.0974276 0.00453524
         vertex 0.0588638 -0.0975 0.00452057
      endloop
   endfacet
   facet normal 0.42614 -0.904607 0.00954751
      outer loop
         vertex 0.0601422 -0.0972138 0.00454921
         vertex 0.0595188 -0.0974276 0.00453524
         vertex 0.0591456 -0.0974263 -0.00437985
      endloop
   endfacet
   facet normal 0.613366 -0.789679 0.0137422
      outer loop
         vertex 0.0607038 -0.096869 0.00456179
         vertex 0.0601422 -0.0972138 0.00454921
         vertex 0.0597703 -0.097209 -0.00444684
      endloop
   endfacet
   facet normal 0.770979 -0.636626 0.0172735
      outer loop
         vertex 0.0609268 -0.0963756 0.00456466
         vertex 0.0607038 -0.096869 0.00456179
         vertex 0.060332 -0.0968586 -0.00450708
      endloop
   endfacet
   facet normal 0.770979 -0.636626 0.0172735
      outer loop
         vertex 0.0609268 -0.0963756 0.00456466
         vertex 0.0608032 -0.0963925 -0.00455762
         vertex 0.0610655 -0.0958293 -0.00186331
      endloop
   endfacet
   facet normal 0.771506 -0.630819 -0.0827361
      outer loop
         vertex 0.0608032 -0.0963925 -0.00455762
         vertex 0.0611608 -0.0958334 -0.00459596
         vertex 0.0610655 -0.0958293 -0.00186331
      endloop
   endfacet
   facet normal 0.218971 -0.975449 -0.0234824
      outer loop
         vertex 0.0591456 -0.0974263 -0.00437985
         vertex 0.0584887 -0.0975 -0.00430941
         vertex 0.0546681 -0.0975 -0.0212026
      endloop
   endfacet
   facet normal 0.42719 -0.903 -0.0458118
      outer loop
         vertex 0.0597703 -0.097209 -0.00444684
         vertex 0.0591456 -0.0974263 -0.00437985
         vertex 0.0554216 -0.0973881 -0.0215045
      endloop
   endfacet
   facet normal 0.614434 -0.786212 -0.0658916
      outer loop
         vertex 0.060332 -0.0968586 -0.00450708
         vertex 0.0597703 -0.097209 -0.00444684
         vertex 0.0561189 -0.0970607 -0.0217839
      endloop
   endfacet
   facet normal 0.771506 -0.630819 -0.0827361
      outer loop
         vertex 0.0608032 -0.0963925 -0.00455762
         vertex 0.060332 -0.0968586 -0.00450708
         vertex 0.056708 -0.0965423 -0.0220199
      endloop
   endfacet
   facet normal 0.825578 -0.457185 -0.330761
      outer loop
         vertex 0.0571448 -0.0958716 -0.0221949
         vertex 0.0573969 -0.0950985 -0.0222959
         vertex 0.0603523 -0.0956755 -0.0083979
      endloop
   endfacet
   facet normal 0.885868 -0.444837 -0.131748
      outer loop
         vertex 0.0603523 -0.0956755 -0.0083979
         vertex 0.0608032 -0.0963925 -0.00455762
         vertex 0.0571448 -0.0958716 -0.0221949
      endloop
   endfacet
   facet normal 0.251169 -0.962698 -0.100629
      outer loop
         vertex 0.0554216 -0.0973881 -0.0215045
         vertex 0.0540771 -0.0975 -0.0225995
         vertex 0.0519267 -0.0975 -0.0266702
      endloop
   endfacet
   facet normal 0.251169 -0.962698 -0.100629
      outer loop
         vertex 0.0554216 -0.0973881 -0.0215045
         vertex 0.0546681 -0.0975 -0.0212026
         vertex 0.0540771 -0.0975 -0.0225995
      endloop
   endfacet
   facet normal 0 -1 -1.15648e-15
      outer loop
         vertex 0.0519267 -0.0975 -0.0266702
         vertex 0.0498906 -0.097355 -0.0310071
         vertex 0.0554216 -0.0973881 -0.0215045
      endloop
   endfacet
   facet normal 0.483599 -0.853576 -0.19375
      outer loop
         vertex 0.0561189 -0.0970607 -0.0217839
         vertex 0.0554216 -0.0973881 -0.0215045
         vertex 0.0498906 -0.097355 -0.0310071
      endloop
   endfacet
   facet normal 0.679952 -0.680775 -0.272417
      outer loop
         vertex 0.056708 -0.0965423 -0.0220199
         vertex 0.0561189 -0.0970607 -0.0217839
         vertex 0.050522 -0.0969342 -0.0315493
      endloop
   endfacet
   facet normal 0.825578 -0.457185 -0.330761
      outer loop
         vertex 0.0571448 -0.0958716 -0.0221949
         vertex 0.056708 -0.0965423 -0.0220199
         vertex 0.0510248 -0.096278 -0.031981
      endloop
   endfacet
   facet normal 0.719636 -0.3167 -0.61792
      outer loop
         vertex 0.0513505 -0.0954501 -0.0322607
         vertex 0.0514675 -0.0945303 -0.0323612
         vertex 0.0572497 -0.0950844 -0.0225458
      endloop
   endfacet
   facet normal 0.907502 -0.197733 -0.370597
      outer loop
         vertex 0.0572497 -0.0950844 -0.0225458
         vertex 0.0571448 -0.0958716 -0.0221949
         vertex 0.0513505 -0.0954501 -0.0322607
      endloop
   endfacet
   facet normal 0.17756 -0.948671 -0.261717
      outer loop
         vertex 0.0436167 -0.097346 -0.036609
         vertex 0.0498906 -0.097355 -0.0310071
         vertex 0.0491916 -0.0975 -0.0304069
      endloop
   endfacet
   facet normal 0.44346 -0.811388 -0.38078
      outer loop
         vertex 0.050522 -0.0969342 -0.0315493
         vertex 0.0498906 -0.097355 -0.0310071
         vertex 0.0436167 -0.097346 -0.036609
      endloop
   endfacet
   facet normal 0.611076 -0.592682 -0.524704
      outer loop
         vertex 0.0510248 -0.096278 -0.031981
         vertex 0.050522 -0.0969342 -0.0315493
         vertex 0.0440947 -0.0968999 -0.0373135
      endloop
   endfacet
   facet normal 0.719636 -0.3167 -0.61792
      outer loop
         vertex 0.0513505 -0.0954501 -0.0322607
         vertex 0.0510248 -0.096278 -0.031981
         vertex 0.0444689 -0.0962073 -0.0378652
      endloop
   endfacet
   facet normal 0.538997 -0.279851 -0.79446
      outer loop
         vertex 0.044701 -0.0953396 -0.0382072
         vertex 0.0447671 -0.0943856 -0.0383046
         vertex 0.0500211 -0.0944991 -0.0336442
      endloop
   endfacet
   facet normal 0.718544 0.000327774 -0.695481
      outer loop
         vertex 0.0500211 -0.0944991 -0.0336442
         vertex 0.0513505 -0.0954501 -0.0322607
         vertex 0.044701 -0.0953396 -0.0382072
      endloop
   endfacet
   facet normal 0.0899468 -0.945759 -0.31217
      outer loop
         vertex 0.0298963 -0.0973373 -0.0428219
         vertex 0.0436167 -0.097346 -0.036609
         vertex 0.043084 -0.0975 -0.0358238
      endloop
   endfacet
   facet normal 0.336892 -0.799954 -0.496566
      outer loop
         vertex 0.0440947 -0.0968999 -0.0373135
         vertex 0.0436167 -0.097346 -0.036609
         vertex 0.0298963 -0.0973373 -0.0428219
      endloop
   endfacet
   facet normal 0.46164 -0.569114 -0.680439
      outer loop
         vertex 0.0444689 -0.0962073 -0.0378652
         vertex 0.0440947 -0.0968999 -0.0373135
         vertex 0.0301368 -0.0968668 -0.0436568
      endloop
   endfacet
   facet normal 0.538997 -0.279851 -0.79446
      outer loop
         vertex 0.044701 -0.0953396 -0.0382072
         vertex 0.0444689 -0.0962073 -0.0378652
         vertex 0.030322 -0.0961395 -0.0442996
      endloop
   endfacet
   facet normal 0.538997 -0.279851 -0.79446
      outer loop
         vertex 0.044701 -0.0953396 -0.0382072
         vertex 0.0304318 -0.0952344 -0.0446804
         vertex 0.0370242 -0.094312 -0.0417958
      endloop
   endfacet
   facet normal 0.268447 -0.244788 -0.931673
      outer loop
         vertex 0.0304318 -0.0952344 -0.0446804
         vertex 0.0304541 -0.0942496 -0.0447581
         vertex 0.0370242 -0.094312 -0.0417958
      endloop
   endfacet
   facet normal 0.0899468 -0.945759 -0.31217
      outer loop
         vertex 0.0298963 -0.0973373 -0.0428219
         vertex 0.0296264 -0.0975 -0.0418854
         vertex 0.00760099 -0.0975 -0.0442326
      endloop
   endfacet
   facet normal 0.170136 -0.788919 -0.590474
      outer loop
         vertex 0.0301368 -0.0968668 -0.0436568
         vertex 0.0298963 -0.0973373 -0.0428219
         vertex 0.00748854 -0.0973462 -0.0451743
      endloop
   endfacet
   facet normal 0.231868 -0.546496 -0.804723
      outer loop
         vertex 0.030322 -0.0961395 -0.0442996
         vertex 0.0301368 -0.0968668 -0.0436568
         vertex 0.00738762 -0.0969004 -0.0460194
      endloop
   endfacet
   facet normal 0.268447 -0.244788 -0.931673
      outer loop
         vertex 0.0304318 -0.0952344 -0.0446804
         vertex 0.030322 -0.0961395 -0.0442996
         vertex 0.00730858 -0.0962085 -0.0466812
      endloop
   endfacet
   facet normal -0.11382 -0.280455 -0.953095
      outer loop
         vertex 0.00725953 -0.0953414 -0.0470919
         vertex 0.0131497 -0.0943527 -0.0465858
         vertex 0.0213649 -0.0943038 -0.0457181
      endloop
   endfacet
   facet normal -0.11382 -0.280455 -0.953095
      outer loop
         vertex 0.00725953 -0.0953414 -0.0470919
         vertex 0.00724551 -0.0943879 -0.0472094
         vertex 0.0131497 -0.0943527 -0.0465858
      endloop
   endfacet
   facet normal 0.150138 0.0983907 -0.983757
      outer loop
         vertex 0.0213649 -0.0943038 -0.0457181
         vertex 0.0304318 -0.0952344 -0.0446804
         vertex 0.00725953 -0.0953414 -0.0470919
      endloop
   endfacet
   facet normal -0.0374847 -0.948721 -0.313885
      outer loop
         vertex 0.00748854 -0.0973462 -0.0451743
         vertex 0.00760099 -0.0975 -0.0442326
         vertex 0.00120171 -0.0975 -0.0426343
      endloop
   endfacet
   facet normal -0.0711251 -0.800142 -0.595578
      outer loop
         vertex 0.00738762 -0.0969004 -0.0460194
         vertex 0.00748854 -0.0973462 -0.0451743
         vertex 0.000840546 -0.0973524 -0.0434906
      endloop
   endfacet
   facet normal -0.0974709 -0.569502 -0.81619
      outer loop
         vertex 0.00730858 -0.0962085 -0.0466812
         vertex 0.00738762 -0.0969004 -0.0460194
         vertex 0.000514913 -0.0969242 -0.0442627
      endloop
   endfacet
   facet normal -0.11382 -0.280455 -0.953095
      outer loop
         vertex 0.00725953 -0.0953414 -0.0470919
         vertex 0.00730858 -0.0962085 -0.0466812
         vertex 0.000256857 -0.0962574 -0.0448745
      endloop
   endfacet
   facet normal -0.369983 -0.305912 -0.877229
      outer loop
         vertex 9.17661e-05 -0.0954177 -0.045266
         vertex 0.000113557 -0.0944867 -0.045418
         vertex 0.00451422 -0.0944258 -0.0465233
      endloop
   endfacet
   facet normal -0.205928 0.0268869 -0.978198
      outer loop
         vertex 0.00451422 -0.0944258 -0.0465233
         vertex 0.00725953 -0.0953414 -0.0470919
         vertex 9.17661e-05 -0.0954177 -0.045266
      endloop
   endfacet
   facet normal -0.369983 -0.305912 -0.877229
      outer loop
         vertex 9.17661e-05 -0.0954177 -0.045266
         vertex 3.58852e-05 -0.0944878 -0.0453985
         vertex 0.000113557 -0.0944867 -0.045418
      endloop
   endfacet
   facet normal -0.120389 -0.950804 -0.285443
      outer loop
         vertex 0.000840546 -0.0973524 -0.0434906
         vertex 0.00120171 -0.0975 -0.0426343
         vertex -0.00299355 -0.0975 -0.039983
      endloop
   endfacet
   facet normal -0.228933 -0.808057 -0.542801
      outer loop
         vertex 0.000514913 -0.0969242 -0.0442627
         vertex 0.000840546 -0.0973524 -0.0434906
         vertex -0.00361094 -0.0973561 -0.0406622
      endloop
   endfacet
   facet normal -0.314952 -0.585804 -0.746752
      outer loop
         vertex 0.000256857 -0.0962574 -0.0448745
         vertex 0.000514913 -0.0969242 -0.0442627
         vertex -0.00416912 -0.0969383 -0.0412762
      endloop
   endfacet
   facet normal -0.369983 -0.305912 -0.877229
      outer loop
         vertex 9.17661e-05 -0.0954177 -0.045266
         vertex 0.000256857 -0.0962574 -0.0448745
         vertex -0.00461456 -0.0962867 -0.0417663
      endloop
   endfacet
   facet normal -0.369983 -0.305912 -0.877229
      outer loop
         vertex 9.17661e-05 -0.0954177 -0.045266
         vertex -0.00490452 -0.0954637 -0.0420853
         vertex -0.00397771 -0.0945359 -0.042857
      endloop
   endfacet
   facet normal -0.63699 -0.32123 -0.700753
      outer loop
         vertex -0.00490452 -0.0954637 -0.0420853
         vertex -0.00501121 -0.0945483 -0.0422026
         vertex -0.00397771 -0.0945359 -0.042857
      endloop
   endfacet
   facet normal -0.262175 -0.953513 -0.148586
      outer loop
         vertex -0.0068501 -0.0973605 -0.0365275
         vertex -0.00361094 -0.0973561 -0.0406622
         vertex -0.00299355 -0.0975 -0.039983
      endloop
   endfacet
   facet normal -0.391858 -0.812782 -0.431083
      outer loop
         vertex -0.00416912 -0.0969383 -0.0412762
         vertex -0.00361094 -0.0973561 -0.0406622
         vertex -0.0068501 -0.0973605 -0.0365275
      endloop
   endfacet
   facet normal -0.540335 -0.595566 -0.594423
      outer loop
         vertex -0.00461456 -0.0962867 -0.0417663
         vertex -0.00416912 -0.0969383 -0.0412762
         vertex -0.0075635 -0.0969551 -0.0369318
      endloop
   endfacet
   facet normal -0.63699 -0.32123 -0.700753
      outer loop
         vertex -0.00490452 -0.0954637 -0.0420853
         vertex -0.00461456 -0.0962867 -0.0417663
         vertex -0.00813744 -0.0963214 -0.0372571
      endloop
   endfacet
   facet normal -0.63699 -0.32123 -0.700753
      outer loop
         vertex -0.00490452 -0.0954637 -0.0420853
         vertex -0.00851857 -0.0955184 -0.0374731
         vertex -0.00764311 -0.0946003 -0.0388642
      endloop
   endfacet
   facet normal -0.818331 -0.33947 -0.463783
      outer loop
         vertex -0.00851857 -0.0955184 -0.0374731
         vertex -0.00867145 -0.0946207 -0.0375598
         vertex -0.00764311 -0.0946003 -0.0388642
      endloop
   endfacet
   facet normal -0.285694 -0.956287 -0.0624083
      outer loop
         vertex -0.0096067 -0.0973689 -0.0288321
         vertex -0.0068501 -0.0973605 -0.0365275
         vertex -0.00606358 -0.0975 -0.0360818
      endloop
   endfacet
   facet normal -0.499974 -0.818374 -0.283357
      outer loop
         vertex -0.0075635 -0.0969551 -0.0369318
         vertex -0.0068501 -0.0973605 -0.0365275
         vertex -0.0096067 -0.0973689 -0.0288321
      endloop
   endfacet
   facet normal -0.691288 -0.607147 -0.391783
      outer loop
         vertex -0.00813744 -0.0963214 -0.0372571
         vertex -0.0075635 -0.0969551 -0.0369318
         vertex -0.0103888 -0.0969869 -0.029003
      endloop
   endfacet
   facet normal -0.818331 -0.33947 -0.463783
      outer loop
         vertex -0.00851857 -0.0955184 -0.0374731
         vertex -0.00813744 -0.0963214 -0.0372571
         vertex -0.0110277 -0.0963875 -0.0291425
      endloop
   endfacet
   facet normal -0.818331 -0.33947 -0.463783
      outer loop
         vertex -0.00851857 -0.0955184 -0.0374731
         vertex -0.0114674 -0.0956231 -0.0292386
         vertex -0.0102739 -0.0946954 -0.0331357
      endloop
   endfacet
   facet normal -0.905914 -0.374378 -0.197892
      outer loop
         vertex -0.0114674 -0.0956231 -0.0292386
         vertex -0.0116694 -0.0947605 -0.0292827
         vertex -0.0102739 -0.0946954 -0.0331357
      endloop
   endfacet
   facet normal -0.269629 -0.962827 0.0162382
      outer loop
         vertex -0.0105093 -0.0973885 -0.00462234
         vertex -0.0096067 -0.0973689 -0.0288321
         vertex -0.00874962 -0.0975 -0.0286449
      endloop
   endfacet
   facet normal -0.54641 -0.828969 -0.119361
      outer loop
         vertex -0.0103888 -0.0969869 -0.029003
         vertex -0.0096067 -0.0973689 -0.0288321
         vertex -0.0105093 -0.0973885 -0.00462234
      endloop
   endfacet
   facet normal -0.759356 -0.629177 -0.165877
      outer loop
         vertex -0.0110277 -0.0963875 -0.0291425
         vertex -0.0103888 -0.0969869 -0.029003
         vertex -0.0112581 -0.0970622 -0.00457724
      endloop
   endfacet
   facet normal -0.905914 -0.374378 -0.197892
      outer loop
         vertex -0.0114674 -0.0956231 -0.0292386
         vertex -0.0110277 -0.0963875 -0.0291425
         vertex -0.011891 -0.0965455 -0.00453912
      endloop
   endfacet
   facet normal -0.886891 -0.458881 0.0534123
      outer loop
         vertex -0.0123611 -0.0958766 -0.00451081
         vertex -0.0126334 -0.0951055 -0.00449442
         vertex -0.0121218 -0.0949224 -0.0176507
      endloop
   endfacet
   facet normal -0.980858 -0.192318 -0.0305155
      outer loop
         vertex -0.0121218 -0.0949224 -0.0176507
         vertex -0.0114674 -0.0956231 -0.0292386
         vertex -0.0123611 -0.0958766 -0.00451081
      endloop
   endfacet
   facet normal -0.980858 -0.192318 -0.0305155
      outer loop
         vertex -0.0121218 -0.0949224 -0.0176507
         vertex -0.0117988 -0.0948068 -0.0259565
         vertex -0.0114674 -0.0956231 -0.0292386
      endloop
   endfacet
   facet normal -0.261432 -0.964147 0.0455323
      outer loop
         vertex -0.00840518 -0.0973924 0.0133532
         vertex -0.0105093 -0.0973885 -0.00462234
         vertex -0.00918889 -0.0975 0.0017138
      endloop
   endfacet
   facet normal 0 -1 -7.22801e-16
      outer loop
         vertex -0.00918889 -0.0975 0.0017138
         vertex -0.00843987 -0.0975 0.00798054
         vertex -0.00840518 -0.0973924 0.0133532
      endloop
   endfacet
   facet normal -0.269629 -0.962827 0.0162382
      outer loop
         vertex -0.0105093 -0.0973885 -0.00462234
         vertex -0.00970042 -0.0975 -0.00467105
         vertex -0.00918889 -0.0975 0.0017138
      endloop
   endfacet
   facet normal -0.519213 -0.854073 0.0312692
      outer loop
         vertex -0.0112581 -0.0970622 -0.00457724
         vertex -0.0105093 -0.0973885 -0.00462234
         vertex -0.00840518 -0.0973924 0.0133532
      endloop
   endfacet
   facet normal -0.730195 -0.681822 0.0439754
      outer loop
         vertex -0.011891 -0.0965455 -0.00453912
         vertex -0.0112581 -0.0970622 -0.00457724
         vertex -0.00913324 -0.0970775 0.01348
      endloop
   endfacet
   facet normal -0.886891 -0.458881 0.0534123
      outer loop
         vertex -0.0123611 -0.0958766 -0.00451081
         vertex -0.011891 -0.0965455 -0.00453912
         vertex -0.00975285 -0.0965777 0.0135879
      endloop
   endfacet
   facet normal -0.886891 -0.458881 0.0534123
      outer loop
         vertex -0.0123611 -0.0958766 -0.00451081
         vertex -0.0102196 -0.0959289 0.0136692
         vertex -0.0109812 -0.0951614 0.00960987
      endloop
   endfacet
   facet normal -0.866236 -0.476313 0.150868
      outer loop
         vertex -0.0102196 -0.0959289 0.0136692
         vertex -0.0105 -0.0951777 0.013718
         vertex -0.0109812 -0.0951614 0.00960987
      endloop
   endfacet
   facet normal -0.261432 -0.964147 0.0455323
      outer loop
         vertex -0.00840518 -0.0973924 0.0133532
         vertex -0.00762088 -0.0975 0.0132166
         vertex -0.00728309 -0.0975 0.0150736
      endloop
   endfacet
   facet normal -0.504118 -0.85916 0.0877998
      outer loop
         vertex -0.00913324 -0.0970775 0.01348
         vertex -0.00840518 -0.0973924 0.0133532
         vertex -0.00806348 -0.0973916 0.015246
      endloop
   endfacet
   facet normal -0.710655 -0.692567 0.123772
      outer loop
         vertex -0.00975285 -0.0965777 0.0135879
         vertex -0.00913324 -0.0970775 0.01348
         vertex -0.00878746 -0.0970742 0.015406
      endloop
   endfacet
   facet normal -0.866236 -0.476313 0.150868
      outer loop
         vertex -0.0102196 -0.0959289 0.0136692
         vertex -0.00975285 -0.0965777 0.0135879
         vertex -0.00940271 -0.0965707 0.0155419
      endloop
   endfacet
   facet normal -0.866236 -0.476313 0.150868
      outer loop
         vertex -0.0102196 -0.0959289 0.0136692
         vertex -0.00986476 -0.0959176 0.015644
         vertex -0.0101807 -0.0951674 0.0155
      endloop
   endfacet
   facet normal -0.860557 -0.472533 0.190142
      outer loop
         vertex -0.00986476 -0.0959176 0.015644
         vertex -0.0101402 -0.095162 0.0157048
         vertex -0.0101807 -0.0951674 0.0155
      endloop
   endfacet
   facet normal 0.748762 -0.612856 0.252513
      outer loop
         vertex 0.0598667 -0.0963386 0.0164758
         vertex 0.0602021 -0.0957558 0.0165889
         vertex 0.0600624 -0.0957321 0.017
      endloop
   endfacet
   facet normal 0.598284 -0.775465 0.201766
      outer loop
         vertex 0.0594153 -0.0968264 0.0163236
         vertex 0.0598667 -0.0963386 0.0164758
         vertex 0.059639 -0.0962851 0.017
      endloop
   endfacet
   facet normal 0.401826 -0.893716 0.199516
      outer loop
         vertex 0.0585117 -0.0971463 0.017
         vertex 0.0588711 -0.097194 0.0161401
         vertex 0.0594153 -0.0968264 0.0163236
      endloop
   endfacet
   facet normal 0.213977 -0.97417 0.0721615
      outer loop
         vertex 0.0582623 -0.0974225 0.0159348
         vertex 0.0588711 -0.097194 0.0161401
         vertex 0.0585117 -0.0971463 0.017
      endloop
   endfacet
   facet normal 0.401826 -0.893716 0.199516
      outer loop
         vertex 0.0585117 -0.0971463 0.017
         vertex 0.0582714 -0.0972843 0.017
         vertex 0.0582623 -0.0974225 0.0159348
      endloop
   endfacet
   facet normal 0.205583 -0.972939 0.105477
      outer loop
         vertex 0.0579058 -0.0974188 0.0168138
         vertex 0.0582714 -0.0972843 0.017
         vertex 0.0582475 -0.097298 0.017
      endloop
   endfacet
   facet normal 0 -1 -1.15648e-15
      outer loop
         vertex 0.0572891 -0.0975 0.0164974
         vertex 0.0579058 -0.0974188 0.0168138
         vertex 0.0577879 -0.0973726 0.017
      endloop
   endfacet
   facet normal 0 -1 -5.78241e-16
      outer loop
         vertex -0.00728309 -0.0975 0.0150736
         vertex -0.00694953 -0.0973875 0.017
         vertex -0.00728484 -0.0973265 0.017
      endloop
   endfacet
   facet normal 0 -1 -5.78241e-16
      outer loop
         vertex -0.00728309 -0.0975 0.0150736
         vertex -0.00651641 -0.0975 0.0167413
         vertex -0.00694953 -0.0973875 0.017
      endloop
   endfacet
   facet normal -0.260128 -0.963862 0.0574758
      outer loop
         vertex -0.00806348 -0.0973916 0.015246
         vertex -0.00783345 -0.0972266 0.017
         vertex -0.00816763 -0.0970333 0.017
      endloop
   endfacet
   facet normal -0.260128 -0.963862 0.0574758
      outer loop
         vertex -0.00806348 -0.0973916 0.015246
         vertex -0.00728484 -0.0973265 0.017
         vertex -0.00783345 -0.0972266 0.017
      endloop
   endfacet
   facet normal -0.501455 -0.85806 0.110797
      outer loop
         vertex -0.00878746 -0.0970742 0.015406
         vertex -0.00816763 -0.0970333 0.017
         vertex -0.00870376 -0.0967231 0.017
      endloop
   endfacet
   facet normal -0.706539 -0.690241 0.156111
      outer loop
         vertex -0.00940271 -0.0965707 0.0155419
         vertex -0.00870376 -0.0967231 0.017
         vertex -0.00934789 -0.0960079 0.017
      endloop
   endfacet
   facet normal -0.784185 -0.502629 0.363892
      outer loop
         vertex -0.00934789 -0.0960079 0.017
         vertex -0.00986476 -0.0959176 0.015644
         vertex -0.00940271 -0.0965707 0.0155419
      endloop
   endfacet
   facet normal -0.860557 -0.472533 0.190142
      outer loop
         vertex -0.00986476 -0.0959176 0.015644
         vertex -0.0094032 -0.0958769 0.017
         vertex -0.0097229 -0.0951198 0.017
      endloop
   endfacet
   facet normal -0.895767 -0.206587 0.393604
      outer loop
         vertex -0.0097229 -0.0951198 0.017
         vertex -0.0101402 -0.095162 0.0157048
         vertex -0.00986476 -0.0959176 0.015644
      endloop
   endfacet
   facet normal -0.784185 -0.502629 0.363892
      outer loop
         vertex -0.00934789 -0.0960079 0.017
         vertex -0.0094032 -0.0958769 0.017
         vertex -0.00986476 -0.0959176 0.015644
      endloop
   endfacet
   facet normal -0.59786 -0.741017 0.305707
      outer loop
         vertex -0.00870376 -0.0967231 0.017
         vertex -0.00940271 -0.0965707 0.0155419
         vertex -0.00878746 -0.0970742 0.015406
      endloop
   endfacet
   facet normal -0.455474 -0.853204 0.254138
      outer loop
         vertex -0.00816763 -0.0970333 0.017
         vertex -0.00878746 -0.0970742 0.015406
         vertex -0.00806348 -0.0973916 0.015246
      endloop
   endfacet
   facet normal -0.228574 -0.962219 0.147946
      outer loop
         vertex -0.00728484 -0.0973265 0.017
         vertex -0.00806348 -0.0973916 0.015246
         vertex -0.00728309 -0.0975 0.0150736
      endloop
   endfacet
   facet normal -0.148241 -0.98375 0.101296
      outer loop
         vertex -0.00694953 -0.0973875 0.017
         vertex -0.00651641 -0.0975 0.0167413
         vertex -0.00633117 -0.0975 0.017
      endloop
   endfacet
   facet normal 0.203147 -0.972594 0.113106
      outer loop
         vertex 0.0577879 -0.0973726 0.017
         vertex 0.0570025 -0.0975 0.017
         vertex 0.0572891 -0.0975 0.0164974
      endloop
   endfacet
   facet normal 0.320741 -0.932669 0.16509
      outer loop
         vertex 0.0582475 -0.097298 0.017
         vertex 0.0577879 -0.0973726 0.017
         vertex 0.0579058 -0.0974188 0.0168138
      endloop
   endfacet
   facet normal 0.328222 -0.929469 0.168398
      outer loop
         vertex 0.0582714 -0.0972843 0.017
         vertex 0.0579058 -0.0974188 0.0168138
         vertex 0.0582623 -0.0974225 0.0159348
      endloop
   endfacet
   facet normal 0.598284 -0.775465 0.201766
      outer loop
         vertex 0.0594153 -0.0968264 0.0163236
         vertex 0.0593469 -0.0966665 0.017
         vertex 0.0585117 -0.0971463 0.017
      endloop
   endfacet
   facet normal 0.733491 -0.60506 0.309667
      outer loop
         vertex 0.059639 -0.0962851 0.017
         vertex 0.0593469 -0.0966665 0.017
         vertex 0.0594153 -0.0968264 0.0163236
      endloop
   endfacet
   facet normal 0.847076 -0.410703 0.33732
      outer loop
         vertex 0.0600624 -0.0957321 0.017
         vertex 0.059639 -0.0962851 0.017
         vertex 0.0598667 -0.0963386 0.0164758
      endloop
   endfacet
   facet normal -0.958344 -0.222479 0.17911
      outer loop
         vertex -0.0101807 -0.0951674 0.0155
         vertex -0.0105 -0.0951777 0.013718
         vertex -0.0102196 -0.0959289 0.0136692
      endloop
   endfacet
   facet normal -0.706539 -0.690241 0.156111
      outer loop
         vertex -0.00940271 -0.0965707 0.0155419
         vertex -0.00986476 -0.0959176 0.015644
         vertex -0.0102196 -0.0959289 0.0136692
      endloop
   endfacet
   facet normal -0.501455 -0.85806 0.110797
      outer loop
         vertex -0.00878746 -0.0970742 0.015406
         vertex -0.00940271 -0.0965707 0.0155419
         vertex -0.00975285 -0.0965777 0.0135879
      endloop
   endfacet
   facet normal -0.260128 -0.963862 0.0574758
      outer loop
         vertex -0.00806348 -0.0973916 0.015246
         vertex -0.00878746 -0.0970742 0.015406
         vertex -0.00913324 -0.0970775 0.01348
      endloop
   endfacet
   facet normal 0 -1 -5.78241e-16
      outer loop
         vertex -0.00728309 -0.0975 0.0150736
         vertex -0.00806348 -0.0973916 0.015246
         vertex -0.00840518 -0.0973924 0.0133532
      endloop
   endfacet
   facet normal -0.961845 -0.234118 0.14157
      outer loop
         vertex -0.0109812 -0.0951614 0.00960987
         vertex -0.0126334 -0.0951055 -0.00449442
         vertex -0.0123611 -0.0958766 -0.00451081
      endloop
   endfacet
   facet normal -0.710655 -0.692567 0.123772
      outer loop
         vertex -0.00975285 -0.0965777 0.0135879
         vertex -0.0102196 -0.0959289 0.0136692
         vertex -0.0123611 -0.0958766 -0.00451081
      endloop
   endfacet
   facet normal -0.504118 -0.85916 0.0877998
      outer loop
         vertex -0.00913324 -0.0970775 0.01348
         vertex -0.00975285 -0.0965777 0.0135879
         vertex -0.011891 -0.0965455 -0.00453912
      endloop
   endfacet
   facet normal -0.261432 -0.964147 0.0455323
      outer loop
         vertex -0.00840518 -0.0973924 0.0133532
         vertex -0.00913324 -0.0970775 0.01348
         vertex -0.0112581 -0.0970622 -0.00457724
      endloop
   endfacet
   facet normal 0 -1 -7.22801e-16
      outer loop
         vertex -0.00843987 -0.0975 0.00798054
         vertex -0.00762088 -0.0975 0.0132166
         vertex -0.00840518 -0.0973924 0.0133532
      endloop
   endfacet
   facet normal -0.982071 -0.120744 -0.144769
      outer loop
         vertex -0.0117988 -0.0948068 -0.0259565
         vertex -0.0116694 -0.0947605 -0.0292827
         vertex -0.0114674 -0.0956231 -0.0292386
      endloop
   endfacet
   facet normal -0.730195 -0.681822 0.0439754
      outer loop
         vertex -0.011891 -0.0965455 -0.00453912
         vertex -0.0123611 -0.0958766 -0.00451081
         vertex -0.0114674 -0.0956231 -0.0292386
      endloop
   endfacet
   facet normal -0.519213 -0.854073 0.0312692
      outer loop
         vertex -0.0112581 -0.0970622 -0.00457724
         vertex -0.011891 -0.0965455 -0.00453912
         vertex -0.0110277 -0.0963875 -0.0291425
      endloop
   endfacet
   facet normal -0.269629 -0.962827 0.0162382
      outer loop
         vertex -0.0105093 -0.0973885 -0.00462234
         vertex -0.0112581 -0.0970622 -0.00457724
         vertex -0.0103888 -0.0969869 -0.029003
      endloop
   endfacet
   facet normal 0 -1 -1.15648e-15
      outer loop
         vertex -0.00874962 -0.0975 -0.0286449
         vertex -0.00970042 -0.0975 -0.00467105
         vertex -0.0105093 -0.0973885 -0.00462234
      endloop
   endfacet
   facet normal -0.943547 -0.0730441 -0.323085
      outer loop
         vertex -0.0102739 -0.0946954 -0.0331357
         vertex -0.00867145 -0.0946207 -0.0375598
         vertex -0.00851857 -0.0955184 -0.0374731
      endloop
   endfacet
   facet normal -0.759356 -0.629177 -0.165877
      outer loop
         vertex -0.0110277 -0.0963875 -0.0291425
         vertex -0.0114674 -0.0956231 -0.0292386
         vertex -0.00851857 -0.0955184 -0.0374731
      endloop
   endfacet
   facet normal -0.54641 -0.828969 -0.119361
      outer loop
         vertex -0.0103888 -0.0969869 -0.029003
         vertex -0.0110277 -0.0963875 -0.0291425
         vertex -0.00813744 -0.0963214 -0.0372571
      endloop
   endfacet
   facet normal -0.285694 -0.956287 -0.0624083
      outer loop
         vertex -0.0096067 -0.0973689 -0.0288321
         vertex -0.0103888 -0.0969869 -0.029003
         vertex -0.0075635 -0.0969551 -0.0369318
      endloop
   endfacet
   facet normal 0 -1 0
      outer loop
         vertex -0.00606358 -0.0975 -0.0360818
         vertex -0.00874962 -0.0975 -0.0286449
         vertex -0.0096067 -0.0973689 -0.0288321
      endloop
   endfacet
   facet normal -0.827266 -0.0356776 -0.560676
      outer loop
         vertex -0.00764311 -0.0946003 -0.0388642
         vertex -0.00501121 -0.0945483 -0.0422026
         vertex -0.00490452 -0.0954637 -0.0420853
      endloop
   endfacet
   facet normal -0.691288 -0.607147 -0.391783
      outer loop
         vertex -0.00813744 -0.0963214 -0.0372571
         vertex -0.00851857 -0.0955184 -0.0374731
         vertex -0.00490452 -0.0954637 -0.0420853
      endloop
   endfacet
   facet normal -0.499974 -0.818374 -0.283357
      outer loop
         vertex -0.0075635 -0.0969551 -0.0369318
         vertex -0.00813744 -0.0963214 -0.0372571
         vertex -0.00461456 -0.0962867 -0.0417663
      endloop
   endfacet
   facet normal -0.262175 -0.953513 -0.148586
      outer loop
         vertex -0.0068501 -0.0973605 -0.0365275
         vertex -0.0075635 -0.0969551 -0.0369318
         vertex -0.00416912 -0.0969383 -0.0412762
      endloop
   endfacet
   facet normal 0 -1 0
      outer loop
         vertex -0.00299355 -0.0975 -0.039983
         vertex -0.00606358 -0.0975 -0.0360818
         vertex -0.0068501 -0.0973605 -0.0365275
      endloop
   endfacet
   facet normal -0.618118 -0.0126659 -0.785983
      outer loop
         vertex -0.00397771 -0.0945359 -0.042857
         vertex 3.58852e-05 -0.0944878 -0.0453985
         vertex 9.17661e-05 -0.0954177 -0.045266
      endloop
   endfacet
   facet normal -0.540335 -0.595566 -0.594423
      outer loop
         vertex -0.00461456 -0.0962867 -0.0417663
         vertex -0.00490452 -0.0954637 -0.0420853
         vertex 9.17661e-05 -0.0954177 -0.045266
      endloop
   endfacet
   facet normal -0.391858 -0.812782 -0.431083
      outer loop
         vertex -0.00416912 -0.0969383 -0.0412762
         vertex -0.00461456 -0.0962867 -0.0417663
         vertex 0.000256857 -0.0962574 -0.0448745
      endloop
   endfacet
   facet normal -0.205798 -0.952046 -0.226398
      outer loop
         vertex -0.00361094 -0.0973561 -0.0406622
         vertex -0.00416912 -0.0969383 -0.0412762
         vertex 0.000514913 -0.0969242 -0.0442627
      endloop
   endfacet
   facet normal 0 -1 0
      outer loop
         vertex -0.00299355 -0.0975 -0.039983
         vertex -0.00361094 -0.0973561 -0.0406622
         vertex 0.000840546 -0.0973524 -0.0434906
      endloop
   endfacet
   facet normal -0.205928 0.0268869 -0.978198
      outer loop
         vertex 0.00451422 -0.0944258 -0.0465233
         vertex 0.00724551 -0.0943879 -0.0472094
         vertex 0.00725953 -0.0953414 -0.0470919
      endloop
   endfacet
   facet normal -0.314952 -0.585804 -0.746752
      outer loop
         vertex 0.000256857 -0.0962574 -0.0448745
         vertex 9.17661e-05 -0.0954177 -0.045266
         vertex 0.00725953 -0.0953414 -0.0470919
      endloop
   endfacet
   facet normal -0.228933 -0.808057 -0.542801
      outer loop
         vertex 0.000514913 -0.0969242 -0.0442627
         vertex 0.000256857 -0.0962574 -0.0448745
         vertex 0.00730858 -0.0962085 -0.0466812
      endloop
   endfacet
   facet normal -0.120389 -0.950804 -0.285443
      outer loop
         vertex 0.000840546 -0.0973524 -0.0434906
         vertex 0.000514913 -0.0969242 -0.0442627
         vertex 0.00738762 -0.0969004 -0.0460194
      endloop
   endfacet
   facet normal 0 -1 0
      outer loop
         vertex 0.00120171 -0.0975 -0.0426343
         vertex 0.000840546 -0.0973524 -0.0434906
         vertex 0.00748854 -0.0973462 -0.0451743
      endloop
   endfacet
   facet normal 0.150138 0.0983907 -0.983757
      outer loop
         vertex 0.0213649 -0.0943038 -0.0457181
         vertex 0.0304541 -0.0942496 -0.0447581
         vertex 0.0304318 -0.0952344 -0.0446804
      endloop
   endfacet
   facet normal -0.0974709 -0.569502 -0.81619
      outer loop
         vertex 0.00730858 -0.0962085 -0.0466812
         vertex 0.00725953 -0.0953414 -0.0470919
         vertex 0.0304318 -0.0952344 -0.0446804
      endloop
   endfacet
   facet normal -0.0711251 -0.800142 -0.595578
      outer loop
         vertex 0.00738762 -0.0969004 -0.0460194
         vertex 0.00730858 -0.0962085 -0.0466812
         vertex 0.030322 -0.0961395 -0.0442996
      endloop
   endfacet
   facet normal -0.0374847 -0.948721 -0.313885
      outer loop
         vertex 0.00748854 -0.0973462 -0.0451743
         vertex 0.00738762 -0.0969004 -0.0460194
         vertex 0.0301368 -0.0968668 -0.0436568
      endloop
   endfacet
   facet normal 0 -1 0
      outer loop
         vertex 0.00760099 -0.0975 -0.0442326
         vertex 0.00748854 -0.0973462 -0.0451743
         vertex 0.0298963 -0.0973373 -0.0428219
      endloop
   endfacet
   facet normal 0.392776 0.0785841 -0.91627
      outer loop
         vertex 0.0370242 -0.094312 -0.0417958
         vertex 0.0447671 -0.0943856 -0.0383046
         vertex 0.044701 -0.0953396 -0.0382072
      endloop
   endfacet
   facet normal 0.231868 -0.546496 -0.804723
      outer loop
         vertex 0.030322 -0.0961395 -0.0442996
         vertex 0.0304318 -0.0952344 -0.0446804
         vertex 0.044701 -0.0953396 -0.0382072
      endloop
   endfacet
   facet normal 0.170136 -0.788919 -0.590474
      outer loop
         vertex 0.0301368 -0.0968668 -0.0436568
         vertex 0.030322 -0.0961395 -0.0442996
         vertex 0.0444689 -0.0962073 -0.0378652
      endloop
   endfacet
   facet normal 0.0899468 -0.945759 -0.31217
      outer loop
         vertex 0.0298963 -0.0973373 -0.0428219
         vertex 0.0301368 -0.0968668 -0.0436568
         vertex 0.0440947 -0.0968999 -0.0373135
      endloop
   endfacet
   facet normal 0 -1 0
      outer loop
         vertex 0.043084 -0.0975 -0.0358238
         vertex 0.0296264 -0.0975 -0.0418854
         vertex 0.0298963 -0.0973373 -0.0428219
      endloop
   endfacet
   facet normal 0.718544 0.000327774 -0.695481
      outer loop
         vertex 0.0500211 -0.0944991 -0.0336442
         vertex 0.0514675 -0.0945303 -0.0323612
         vertex 0.0513505 -0.0954501 -0.0322607
      endloop
   endfacet
   facet normal 0.46164 -0.569114 -0.680439
      outer loop
         vertex 0.0444689 -0.0962073 -0.0378652
         vertex 0.044701 -0.0953396 -0.0382072
         vertex 0.0513505 -0.0954501 -0.0322607
      endloop
   endfacet
   facet normal 0.336892 -0.799954 -0.496566
      outer loop
         vertex 0.0440947 -0.0968999 -0.0373135
         vertex 0.0444689 -0.0962073 -0.0378652
         vertex 0.0510248 -0.096278 -0.031981
      endloop
   endfacet
   facet normal 0.17756 -0.948671 -0.261717
      outer loop
         vertex 0.0436167 -0.097346 -0.036609
         vertex 0.0440947 -0.0968999 -0.0373135
         vertex 0.050522 -0.0969342 -0.0315493
      endloop
   endfacet
   facet normal 0 -1 -1.15648e-15
      outer loop
         vertex 0.0491916 -0.0975 -0.0304069
         vertex 0.043084 -0.0975 -0.0358238
         vertex 0.0436167 -0.097346 -0.036609
      endloop
   endfacet
   facet normal 0.907502 -0.197733 -0.370597
      outer loop
         vertex 0.0572497 -0.0950844 -0.0225458
         vertex 0.0573969 -0.0950985 -0.0222959
         vertex 0.0571448 -0.0958716 -0.0221949
      endloop
   endfacet
   facet normal 0.611076 -0.592682 -0.524704
      outer loop
         vertex 0.0510248 -0.096278 -0.031981
         vertex 0.0513505 -0.0954501 -0.0322607
         vertex 0.0571448 -0.0958716 -0.0221949
      endloop
   endfacet
   facet normal 0.44346 -0.811388 -0.38078
      outer loop
         vertex 0.050522 -0.0969342 -0.0315493
         vertex 0.0510248 -0.096278 -0.031981
         vertex 0.056708 -0.0965423 -0.0220199
      endloop
   endfacet
   facet normal 0.232988 -0.951679 -0.200057
      outer loop
         vertex 0.0498906 -0.097355 -0.0310071
         vertex 0.050522 -0.0969342 -0.0315493
         vertex 0.0561189 -0.0970607 -0.0217839
      endloop
   endfacet
   facet normal 0 -1 -1.15648e-15
      outer loop
         vertex 0.0519267 -0.0975 -0.0266702
         vertex 0.0491916 -0.0975 -0.0304069
         vertex 0.0498906 -0.097355 -0.0310071
      endloop
   endfacet
   facet normal 0.885868 -0.444837 -0.131748
      outer loop
         vertex 0.0603523 -0.0956755 -0.0083979
         vertex 0.0611608 -0.0958334 -0.00459596
         vertex 0.0608032 -0.0963925 -0.00455762
      endloop
   endfacet
   facet normal 0.679952 -0.680775 -0.272417
      outer loop
         vertex 0.056708 -0.0965423 -0.0220199
         vertex 0.0571448 -0.0958716 -0.0221949
         vertex 0.0608032 -0.0963925 -0.00455762
      endloop
   endfacet
   facet normal 0.483599 -0.853576 -0.19375
      outer loop
         vertex 0.0561189 -0.0970607 -0.0217839
         vertex 0.056708 -0.0965423 -0.0220199
         vertex 0.060332 -0.0968586 -0.00450708
      endloop
   endfacet
   facet normal 0.251169 -0.962698 -0.100629
      outer loop
         vertex 0.0554216 -0.0973881 -0.0215045
         vertex 0.0561189 -0.0970607 -0.0217839
         vertex 0.0597703 -0.097209 -0.00444684
      endloop
   endfacet
   facet normal 0 -1 -5.78241e-16
      outer loop
         vertex 0.0546681 -0.0975 -0.0212026
         vertex 0.0554216 -0.0973881 -0.0215045
         vertex 0.0591456 -0.0974263 -0.00437985
      endloop
   endfacet
   facet normal 0.868539 -0.491987 -0.0599112
      outer loop
         vertex 0.0610655 -0.0958293 -0.00186331
         vertex 0.0608418 -0.0958198 0.00455616
         vertex 0.0609268 -0.0963756 0.00456466
      endloop
   endfacet
   facet normal 0.614434 -0.786212 -0.0658916
      outer loop
         vertex 0.060332 -0.0968586 -0.00450708
         vertex 0.0608032 -0.0963925 -0.00455762
         vertex 0.0609268 -0.0963756 0.00456466
      endloop
   endfacet
   facet normal 0.42719 -0.903 -0.0458118
      outer loop
         vertex 0.0597703 -0.097209 -0.00444684
         vertex 0.060332 -0.0968586 -0.00450708
         vertex 0.0607038 -0.096869 0.00456179
      endloop
   endfacet
   facet normal 0.218971 -0.975449 -0.0234824
      outer loop
         vertex 0.0591456 -0.0974263 -0.00437985
         vertex 0.0597703 -0.097209 -0.00444684
         vertex 0.0601422 -0.0972138 0.00454921
      endloop
   endfacet
   facet normal 0 -1 -5.78241e-16
      outer loop
         vertex 0.0588638 -0.0975 0.00452057
         vertex 0.0584887 -0.0975 -0.00430941
         vertex 0.0591456 -0.0974263 -0.00437985
      endloop
   endfacet
   facet normal 0.770979 -0.636626 0.0172735
      outer loop
         vertex 0.0609268 -0.0963756 0.00456466
         vertex 0.0608418 -0.0958198 0.00455616
         vertex 0.0608244 -0.0958191 0.00505549
      endloop
   endfacet
   facet normal 0.613366 -0.789679 0.0137422
      outer loop
         vertex 0.0607038 -0.096869 0.00456179
         vertex 0.0609268 -0.0963756 0.00456466
         vertex 0.0608034 -0.0963609 0.00507935
      endloop
   endfacet
   facet normal 0.42614 -0.904607 0.00954751
      outer loop
         vertex 0.0601422 -0.0972138 0.00454921
         vertex 0.0607038 -0.096869 0.00456179
         vertex 0.0606912 -0.0968689 0.00505538
      endloop
   endfacet
   facet normal 0.218341 -0.97586 0.00489184
      outer loop
         vertex 0.0595188 -0.0974276 0.00453524
         vertex 0.0601422 -0.0972138 0.00454921
         vertex 0.0601296 -0.0972138 0.00503883
      endloop
   endfacet
   facet normal 0 -1 -5.78241e-16
      outer loop
         vertex 0.0588513 -0.0975 0.00500115
         vertex 0.0588638 -0.0975 0.00452057
         vertex 0.0595188 -0.0974276 0.00453524
      endloop
   endfacet
   facet normal 0.88177 -0.4316 0.19027
      outer loop
         vertex 0.060416 -0.0957948 0.0157452
         vertex 0.0602021 -0.0957558 0.0165889
         vertex 0.0598667 -0.0963386 0.0164758
      endloop
   endfacet
   facet normal 0.613294 -0.789648 0.0180793
      outer loop
         vertex 0.0606912 -0.0968689 0.00505538
         vertex 0.0608034 -0.0963609 0.00507935
         vertex 0.0598667 -0.0963386 0.0164758
      endloop
   endfacet
   facet normal 0.426093 -0.904592 0.0125608
      outer loop
         vertex 0.0601296 -0.0972138 0.00503883
         vertex 0.0606912 -0.0968689 0.00505538
         vertex 0.0594153 -0.0968264 0.0163236
      endloop
   endfacet
   facet normal 0.218317 -0.975857 0.00643577
      outer loop
         vertex 0.0595062 -0.0974276 0.00502045
         vertex 0.0601296 -0.0972138 0.00503883
         vertex 0.0588711 -0.097194 0.0161401
      endloop
   endfacet
   facet normal 1.2332e-14 -1 1.96714e-15
      outer loop
         vertex 0.0577707 -0.0975 0.0151744
         vertex 0.0588513 -0.0975 0.00500115
         vertex 0.0595062 -0.0974276 0.00502045
      endloop
   endfacet
   facet normal 0 -1 -1.15648e-15
      outer loop
         vertex 0.0576204 -0.0975 0.0157183
         vertex 0.0582623 -0.0974225 0.0159348
         vertex 0.0579058 -0.0974188 0.0168138
      endloop
   endfacet
   facet normal 0 -6.93889e-16 1
      outer loop
         vertex 0.0760175 -0.0166216 0.017
         vertex 0.0774674 -0.0160887 0.017
         vertex 0.0769294 -0.0160842 0.017
      endloop
   endfacet
   facet normal 0 -6.93889e-16 1
      outer loop
         vertex 0.0770007 -0.0196136 0.017
         vertex 0.0813853 -0.0211364 0.017
         vertex 0.0813828 -0.0210997 0.017
      endloop
   endfacet
   facet normal 0 -6.93889e-16 1
      outer loop
         vertex 0.0770007 -0.0196136 0.017
         vertex 0.0811489 -0.022208 0.017
         vertex 0.0813992 -0.0213354 0.017
      endloop
   endfacet
   facet normal 0 -6.93889e-16 1
      outer loop
         vertex 0.0760175 -0.0166216 0.017
         vertex 0.0779691 -0.0162828 0.017
         vertex 0.0774674 -0.0160887 0.017
      endloop
   endfacet
   facet normal 0 -6.93889e-16 1
      outer loop
         vertex 0.0551258 -0.0919157 0.017
         vertex 0.0519297 -0.0852517 0.017
         vertex 0.0505703 -0.0914226 0.017
      endloop
   endfacet
   facet normal 0 -6.93889e-16 1
      outer loop
         vertex 0.0549435 -0.0762059 0.017
         vertex 0.0544651 -0.0761108 0.017
         vertex 0.052 -0.0846063 0.017
      endloop
   endfacet
   facet normal 0 -6.93889e-16 1
      outer loop
         vertex 0.0813828 -0.0210997 0.017
         vertex 0.0813247 -0.020932 0.017
         vertex 0.0770007 -0.0196136 0.017
      endloop
   endfacet
   facet normal 0 -6.93889e-16 1
      outer loop
         vertex 0.0770007 -0.0196136 0.017
         vertex 0.075677 -0.030482 0.017
         vertex 0.0811489 -0.022208 0.017
      endloop
   endfacet
   facet normal 0 -6.93889e-16 1
      outer loop
         vertex 0.0769294 -0.0160842 0.017
         vertex 0.0764245 -0.0162698 0.017
         vertex 0.0760175 -0.0166216 0.017
      endloop
   endfacet
   facet normal 0 -6.93889e-16 1
      outer loop
         vertex 0.0554218 -0.0738011 0.017
         vertex 0.0558274 -0.074072 0.017
         vertex 0.067389 -0.0611364 0.017
      endloop
   endfacet
   facet normal 0 -6.93889e-16 1
      outer loop
         vertex 0.0554218 -0.0738011 0.017
         vertex 0.0672799 -0.0608595 0.017
         vertex 0.0665104 -0.0615847 0.017
      endloop
   endfacet
   facet normal 0 -6.93889e-16 1
      outer loop
         vertex 0.0544651 -0.0738011 0.017
         vertex 0.0526328 -0.0708423 0.017
         vertex 0.0521626 -0.071711 0.017
      endloop
   endfacet
   facet normal 0 -6.93889e-16 1
      outer loop
         vertex 0.0505703 -0.0914226 0.017
         vertex 0.0505 -0.092068 0.017
         vertex 0.0551258 -0.0919157 0.017
      endloop
   endfacet
   facet normal 0 -6.93889e-16 1
      outer loop
         vertex 0.052 -0.0846063 0.017
         vertex 0.0551258 -0.0919157 0.017
         vertex 0.0549435 -0.0762059 0.017
      endloop
   endfacet
   facet normal 0 -6.93889e-16 1
      outer loop
         vertex 0.0811489 -0.022208 0.017
         vertex 0.075677 -0.030482 0.017
         vertex 0.0737196 -0.0417624 0.017
      endloop
   endfacet
   facet normal 0 -6.93889e-16 1
      outer loop
         vertex 0.0813992 -0.0213354 0.017
         vertex 0.0813853 -0.0211364 0.017
         vertex 0.0770007 -0.0196136 0.017
      endloop
   endfacet
   facet normal 0 -6.93889e-16 1
      outer loop
         vertex 0.0757608 -0.0170943 0.017
         vertex 0.0782569 -0.0165118 0.017
         vertex 0.0779691 -0.0162828 0.017
      endloop
   endfacet
   facet normal 0 -6.93889e-16 1
      outer loop
         vertex 0.067389 -0.0611364 0.017
         vertex 0.0561935 -0.0749559 0.017
         vertex 0.0560983 -0.0754343 0.017
      endloop
   endfacet
   facet normal 0 -6.93889e-16 1
      outer loop
         vertex 0.067389 -0.0611364 0.017
         vertex 0.0677501 -0.0599125 0.017
         vertex 0.0672799 -0.0608595 0.017
      endloop
   endfacet
   facet normal 0 -6.93889e-16 1
      outer loop
         vertex 0.0665104 -0.0615847 0.017
         vertex 0.0549435 -0.0737059 0.017
         vertex 0.0554218 -0.0738011 0.017
      endloop
   endfacet
   facet normal 0 -6.93889e-16 1
      outer loop
         vertex 0.0544651 -0.0738011 0.017
         vertex 0.0533596 -0.0701735 0.017
         vertex 0.0526328 -0.0708423 0.017
      endloop
   endfacet
   facet normal 0 -6.93889e-16 1
      outer loop
         vertex 0.0540596 -0.074072 0.017
         vertex 0.0521626 -0.071711 0.017
         vertex 0.052 -0.0726852 0.017
      endloop
   endfacet
   facet normal 0 -6.93889e-16 1
      outer loop
         vertex 0.052 -0.0726852 0.017
         vertex 0.052 -0.0846063 0.017
         vertex 0.0537886 -0.0754343 0.017
      endloop
   endfacet
   facet normal 0 -6.93889e-16 1
      outer loop
         vertex 0.052 -0.0846063 0.017
         vertex 0.0519297 -0.0852517 0.017
         vertex 0.0551258 -0.0919157 0.017
      endloop
   endfacet
   facet normal 0 -6.93889e-16 1
      outer loop
         vertex 0.0567936 -0.0919157 0.017
         vertex 0.0577879 -0.0973726 0.017
         vertex 0.0582475 -0.097298 0.017
      endloop
   endfacet
   facet normal 0 -6.93889e-16 1
      outer loop
         vertex 0.0567936 -0.0919157 0.017
         vertex 0.059639 -0.0962851 0.017
         vertex 0.0600624 -0.0957321 0.017
      endloop
   endfacet
   facet normal 0 -6.93889e-16 1
      outer loop
         vertex 0.0742542 -0.0462484 0.017
         vertex 0.0737196 -0.0417624 0.017
         vertex 0.0686701 -0.0620858 0.017
      endloop
   endfacet
   facet normal 0 -6.93889e-16 1
      outer loop
         vertex 0.0813247 -0.020932 0.017
         vertex 0.080992 -0.0202625 0.017
         vertex 0.0770007 -0.0196136 0.017
      endloop
   endfacet
   facet normal 0 -6.93889e-16 1
      outer loop
         vertex 0.0760175 -0.0166216 0.017
         vertex 0.0757608 -0.0170943 0.017
         vertex 0.0779691 -0.0162828 0.017
      endloop
   endfacet
   facet normal 0 -6.93889e-16 1
      outer loop
         vertex 0.0551258 -0.0919157 0.017
         vertex 0.0558274 -0.0758398 0.017
         vertex 0.0554218 -0.0761108 0.017
      endloop
   endfacet
   facet normal 0 -6.93889e-16 1
      outer loop
         vertex 0.0560983 -0.0754343 0.017
         vertex 0.0551258 -0.0919157 0.017
         vertex 0.067389 -0.0611364 0.017
      endloop
   endfacet
   facet normal 0 -6.93889e-16 1
      outer loop
         vertex 0.067389 -0.0611364 0.017
         vertex 0.0558274 -0.074072 0.017
         vertex 0.0560983 -0.0744776 0.017
      endloop
   endfacet
   facet normal 0 -6.93889e-16 1
      outer loop
         vertex 0.0665104 -0.0615847 0.017
         vertex 0.0533596 -0.0701735 0.017
         vertex 0.0549435 -0.0737059 0.017
      endloop
   endfacet
   facet normal 0 -6.93889e-16 1
      outer loop
         vertex 0.0521626 -0.071711 0.017
         vertex 0.0540596 -0.074072 0.017
         vertex 0.0544651 -0.0738011 0.017
      endloop
   endfacet
   facet normal 0 -6.93889e-16 1
      outer loop
         vertex 0.052 -0.0726852 0.017
         vertex 0.0536935 -0.0749559 0.017
         vertex 0.0537886 -0.0744776 0.017
      endloop
   endfacet
   facet normal 0 -6.93889e-16 1
      outer loop
         vertex 0.052 -0.0846063 0.017
         vertex 0.0540596 -0.0758398 0.017
         vertex 0.0537886 -0.0754343 0.017
      endloop
   endfacet
   facet normal 0 -6.93889e-16 1
      outer loop
         vertex 0.0505 -0.092068 0.017
         vertex 0.0505 -0.0975 0.017
         vertex 0.0551258 -0.0919157 0.017
      endloop
   endfacet
   facet normal 0 -6.93889e-16 1
      outer loop
         vertex 0.0567936 -0.0919157 0.017
         vertex 0.0585117 -0.0971463 0.017
         vertex 0.0593469 -0.0966665 0.017
      endloop
   endfacet
   facet normal 0 -6.93889e-16 1
      outer loop
         vertex 0.0582475 -0.097298 0.017
         vertex 0.0582714 -0.0972843 0.017
         vertex 0.0567936 -0.0919157 0.017
      endloop
   endfacet
   facet normal 0 -6.93889e-16 1
      outer loop
         vertex 0.0570025 -0.0975 0.017
         vertex 0.0567936 -0.0919157 0.017
         vertex 0.0551258 -0.0919157 0.017
      endloop
   endfacet
   facet normal 0 -6.93889e-16 1
      outer loop
         vertex 0.0600624 -0.0957321 0.017
         vertex 0.0671366 -0.0710659 0.017
         vertex 0.0567936 -0.0919157 0.017
      endloop
   endfacet
   facet normal 0 -6.93889e-16 1
      outer loop
         vertex 0.0737196 -0.0417624 0.017
         vertex 0.0742542 -0.0462484 0.017
         vertex 0.0811489 -0.022208 0.017
      endloop
   endfacet
   facet normal 0 -6.93889e-16 1
      outer loop
         vertex 0.0756914 -0.0174348 0.017
         vertex 0.0756298 -0.0181427 0.017
         vertex 0.0770007 -0.0196136 0.017
      endloop
   endfacet
   facet normal 0 -6.93889e-16 1
      outer loop
         vertex 0.0756914 -0.0174348 0.017
         vertex 0.080992 -0.0202625 0.017
         vertex 0.0782569 -0.0165118 0.017
      endloop
   endfacet
   facet normal 0 -6.93889e-16 1
      outer loop
         vertex 0.0560983 -0.0754343 0.017
         vertex 0.0558274 -0.0758398 0.017
         vertex 0.0551258 -0.0919157 0.017
      endloop
   endfacet
   facet normal 0 -6.93889e-16 1
      outer loop
         vertex 0.067389 -0.0611364 0.017
         vertex 0.0672799 -0.0608595 0.017
         vertex 0.0554218 -0.0738011 0.017
      endloop
   endfacet
   facet normal 0 -6.93889e-16 1
      outer loop
         vertex 0.052 -0.0726852 0.017
         vertex 0.0537886 -0.0744776 0.017
         vertex 0.0540596 -0.074072 0.017
      endloop
   endfacet
   facet normal 0 -6.93889e-16 1
      outer loop
         vertex 0.0544651 -0.0761108 0.017
         vertex 0.0540596 -0.0758398 0.017
         vertex 0.052 -0.0846063 0.017
      endloop
   endfacet
   facet normal 0 -6.93889e-16 1
      outer loop
         vertex 0.0582714 -0.0972843 0.017
         vertex 0.0585117 -0.0971463 0.017
         vertex 0.0567936 -0.0919157 0.017
      endloop
   endfacet
   facet normal 0 -6.93889e-16 1
      outer loop
         vertex 0.0551258 -0.0919157 0.017
         vertex 0.0505 -0.0975 0.017
         vertex 0.0570025 -0.0975 0.017
      endloop
   endfacet
   facet normal 0 -6.93889e-16 1
      outer loop
         vertex 0.0686701 -0.0620858 0.017
         vertex 0.0671366 -0.0710659 0.017
         vertex 0.0742542 -0.0462484 0.017
      endloop
   endfacet
   facet normal 0 -6.93889e-16 1
      outer loop
         vertex 0.0757608 -0.0170943 0.017
         vertex 0.0756914 -0.0174348 0.017
         vertex 0.0782569 -0.0165118 0.017
      endloop
   endfacet
   facet normal 0 -6.93889e-16 1
      outer loop
         vertex 0.0560983 -0.0744776 0.017
         vertex 0.0561935 -0.0749559 0.017
         vertex 0.067389 -0.0611364 0.017
      endloop
   endfacet
   facet normal 0 -6.93889e-16 1
      outer loop
         vertex 0.0537886 -0.0754343 0.017
         vertex 0.0536935 -0.0749559 0.017
         vertex 0.052 -0.0726852 0.017
      endloop
   endfacet
   facet normal 0 -6.93889e-16 1
      outer loop
         vertex 0.0570025 -0.0975 0.017
         vertex 0.0577879 -0.0973726 0.017
         vertex 0.0567936 -0.0919157 0.017
      endloop
   endfacet
   facet normal 0 -6.93889e-16 1
      outer loop
         vertex 0.0770007 -0.0196136 0.017
         vertex 0.080992 -0.0202625 0.017
         vertex 0.0756914 -0.0174348 0.017
      endloop
   endfacet
   facet normal 0 -6.93889e-16 1
      outer loop
         vertex 0.0544651 -0.0738011 0.017
         vertex 0.0549435 -0.0737059 0.017
         vertex 0.0533596 -0.0701735 0.017
      endloop
   endfacet
   facet normal 0 -6.93889e-16 1
      outer loop
         vertex 0.0671366 -0.0710659 0.017
         vertex 0.0686701 -0.0620858 0.017
         vertex 0.0567936 -0.0919157 0.017
      endloop
   endfacet
   facet normal 0 -6.93889e-16 1
      outer loop
         vertex 0.0593469 -0.0966665 0.017
         vertex 0.059639 -0.0962851 0.017
         vertex 0.0567936 -0.0919157 0.017
      endloop
   endfacet
   facet normal 0 -6.93889e-16 1
      outer loop
         vertex 0.0554218 -0.0761108 0.017
         vertex 0.0549435 -0.0762059 0.017
         vertex 0.0551258 -0.0919157 0.017
      endloop
   endfacet
   facet normal -0.981255 0.192713 1.33721e-16
      outer loop
         vertex 0.0723784 -0.0408133 0.019
         vertex 0.0723784 -0.0408133 0.017
         vertex 0.0677501 -0.0599125 0.017
      endloop
   endfacet
   facet normal -0.960042 0.279857 1.9419e-16
      outer loop
         vertex 0.0677501 -0.0599125 0.017
         vertex 0.067389 -0.0611364 0.019
         vertex 0.0723784 -0.0408133 0.019
      endloop
   endfacet
   facet normal -0.981255 0.192713 1.33721e-16
      outer loop
         vertex 0.0723784 -0.0408133 0.019
         vertex 0.0727159 -0.0387994 0.017
         vertex 0.0725288 -0.0399158 0.017
      endloop
   endfacet
   facet normal -0.990531 0.137293 9.52659e-17
      outer loop
         vertex 0.0744647 -0.0283649 0.019
         vertex 0.0744647 -0.0283649 0.017
         vertex 0.0727159 -0.0387994 0.017
      endloop
   endfacet
   facet normal -0.982939 0.183932 1.27629e-16
      outer loop
         vertex 0.0727159 -0.0387994 0.017
         vertex 0.0723784 -0.0408133 0.019
         vertex 0.0744647 -0.0283649 0.019
      endloop
   endfacet
   facet normal -0.958199 0.286102 1.98523e-16
      outer loop
         vertex 0.067389 -0.0611364 0.017
         vertex 0.0551258 -0.0919157 0.017
         vertex 0.056093 -0.0899157 0.019
      endloop
   endfacet
   facet normal -0.990531 0.137293 9.52659e-17
      outer loop
         vertex 0.0744647 -0.0283649 0.017
         vertex 0.0744647 -0.0283649 0.019
         vertex 0.0756299 -0.0181427 0.019
      endloop
   endfacet
   facet normal -0.996082 0.0884326 6.13624e-17
      outer loop
         vertex 0.0756299 -0.0181427 0.019
         vertex 0.0756298 -0.0181427 0.017
         vertex 0.0744647 -0.0283649 0.017
      endloop
   endfacet
   facet normal -0.901583 0.432607 3.00181e-16
      outer loop
         vertex 0.056093 -0.0899157 0.019
         vertex 0.067389 -0.0611364 0.019
         vertex 0.067389 -0.0611364 0.017
      endloop
   endfacet
   facet normal -0.982015 0.188805 1.3101e-16
      outer loop
         vertex 0.0725288 -0.0399158 0.017
         vertex 0.0723784 -0.0408133 0.017
         vertex 0.0723784 -0.0408133 0.019
      endloop
   endfacet
   facet normal -0.960042 0.279857 1.9419e-16
      outer loop
         vertex 0.0677501 -0.0599125 0.017
         vertex 0.067389 -0.0611364 0.017
         vertex 0.067389 -0.0611364 0.019
      endloop
   endfacet
   facet normal 0.989292 -0.145948 -1.01272e-16
      outer loop
         vertex 0.075677 -0.030482 0.017
         vertex 0.0770007 -0.0196136 0.017
         vertex 0.0770007 -0.0196136 0.019
      endloop
   endfacet
   facet normal 0.980688 -0.195577 -1.35709e-16
      outer loop
         vertex 0.0737196 -0.0417624 0.019
         vertex 0.0737196 -0.0417624 0.017
         vertex 0.075677 -0.030482 0.017
      endloop
   endfacet
   facet normal 0.957395 -0.288781 -2.00382e-16
      outer loop
         vertex 0.0686701 -0.0620858 0.019
         vertex 0.0686701 -0.0620858 0.017
         vertex 0.0737196 -0.0417624 0.017
      endloop
   endfacet
   facet normal 0.957395 -0.288781 -2.00382e-16
      outer loop
         vertex 0.0686701 -0.0620858 0.017
         vertex 0.0686701 -0.0620858 0.019
         vertex 0.0577559 -0.0899157 0.019
      endloop
   endfacet
   facet normal 0.902525 -0.430638 -2.98815e-16
      outer loop
         vertex 0.0577559 -0.0899157 0.019
         vertex 0.0567936 -0.0919157 0.017
         vertex 0.0686701 -0.0620858 0.017
      endloop
   endfacet
   facet normal 0.980688 -0.195577 -1.35709e-16
      outer loop
         vertex 0.0737196 -0.0417624 0.017
         vertex 0.0737196 -0.0417624 0.019
         vertex 0.0686701 -0.0620858 0.019
      endloop
   endfacet
   facet normal 0.989292 -0.145948 -1.01272e-16
      outer loop
         vertex 0.075677 -0.030482 0.017
         vertex 0.075677 -0.030482 0.019
         vertex 0.0737196 -0.0417624 0.019
      endloop
   endfacet
   facet normal 0.995474 -0.0950365 -6.59448e-17
      outer loop
         vertex 0.0770007 -0.0196136 0.019
         vertex 0.075677 -0.030482 0.019
         vertex 0.075677 -0.030482 0.017
      endloop
   endfacet
   facet normal 0.782086 0.62317 4.33681e-16
      outer loop
         vertex 0.0770007 -0.0196136 0.017
         vertex 0.0756298 -0.0181427 0.017
         vertex 0.0756299 -0.0181427 0.019
      endloop
   endfacet
   facet normal 0.676638 0.736316 5.10922e-16
      outer loop
         vertex 0.0756299 -0.0181427 0.019
         vertex 0.0770007 -0.0196136 0.019
         vertex 0.0770007 -0.0196136 0.017
      endloop
   endfacet
   facet normal 0 -6.93889e-16 1
      outer loop
         vertex 0.0723784 -0.0408133 0.019
         vertex 0.0737196 -0.0417624 0.019
         vertex 0.075677 -0.030482 0.019
      endloop
   endfacet
   facet normal 0 -6.93889e-16 1
      outer loop
         vertex 0.0770007 -0.0196136 0.019
         vertex 0.0756299 -0.0181427 0.019
         vertex 0.0744647 -0.0283649 0.019
      endloop
   endfacet
   facet normal 0 -6.93889e-16 1
      outer loop
         vertex 0.0737196 -0.0417624 0.019
         vertex 0.0723784 -0.0408133 0.019
         vertex 0.067389 -0.0611364 0.019
      endloop
   endfacet
   facet normal 0 -6.93889e-16 1
      outer loop
         vertex 0.0744647 -0.0283649 0.019
         vertex 0.075677 -0.030482 0.019
         vertex 0.0770007 -0.0196136 0.019
      endloop
   endfacet
   facet normal 0 -6.93889e-16 1
      outer loop
         vertex 0.067389 -0.0611364 0.019
         vertex 0.056093 -0.0899157 0.019
         vertex 0.0577559 -0.0899157 0.019
      endloop
   endfacet
   facet normal 0 -6.93889e-16 1
      outer loop
         vertex 0.075677 -0.030482 0.019
         vertex 0.0744647 -0.0283649 0.019
         vertex 0.0723784 -0.0408133 0.019
      endloop
   endfacet
   facet normal 0 -6.93889e-16 1
      outer loop
         vertex 0.067389 -0.0611364 0.019
         vertex 0.0686701 -0.0620858 0.019
         vertex 0.0737196 -0.0417624 0.019
      endloop
   endfacet
   facet normal 0 -6.93889e-16 1
      outer loop
         vertex 0.0577559 -0.0899157 0.019
         vertex 0.0686701 -0.0620858 0.019
         vertex 0.067389 -0.0611364 0.019
      endloop
   endfacet
   facet normal 0 -0.707107 0.707107
      outer loop
         vertex 0.0567936 -0.0919157 0.017
         vertex 0.0577559 -0.0899157 0.019
         vertex 0.056093 -0.0899157 0.019
      endloop
   endfacet
   facet normal 0 -0.707107 0.707107
      outer loop
         vertex 0.056093 -0.0899157 0.019
         vertex 0.0551258 -0.0919157 0.017
         vertex 0.0567936 -0.0919157 0.017
      endloop
   endfacet
   facet normal 0 -1 -6.93889e-16
      outer loop
         vertex -0.00451126 -0.0975 -0.0248992
         vertex -0.00403291 -0.0975 -0.0249943
         vertex -0.0015 -0.0975 -0.0115
      endloop
   endfacet
   facet normal 0 -1 -6.93889e-16
      outer loop
         vertex 0.000479132 -0.0975 -0.0214498
         vertex -0.00362738 -0.0975 -0.0252653
         vertex -0.00335641 -0.0975 -0.0256708
      endloop
   endfacet
   facet normal 0 -1 -6.93889e-16
      outer loop
         vertex -0.0015 -0.0975 -0.0115
         vertex -0.00425 -0.0975 0.00408165
         vertex -0.00451126 -0.0975 -0.0248992
      endloop
   endfacet
   facet normal 0 -1 -6.93889e-16
      outer loop
         vertex -0.0055 -0.0975 0.00533165
         vertex -0.00728309 -0.0975 0.0150736
         vertex -0.00762088 -0.0975 0.0132166
      endloop
   endfacet
   facet normal 0 -1 -6.93889e-16
      outer loop
         vertex 0.0145502 -0.0975 -0.0355209
         vertex -0.00335641 -0.0975 -0.0266275
         vertex -0.00362738 -0.0975 -0.027033
      endloop
   endfacet
   facet normal 0 -1 -6.93889e-16
      outer loop
         vertex 0.00760099 -0.0975 -0.0442326
         vertex 0.0296264 -0.0975 -0.0418854
         vertex 0.0245 -0.0975 -0.0375
      endloop
   endfacet
   facet normal 0 -1 -6.93889e-16
      outer loop
         vertex 0.000479132 -0.0975 -0.0214498
         vertex -0.00403291 -0.0975 -0.0249943
         vertex -0.00362738 -0.0975 -0.0252653
      endloop
   endfacet
   facet normal 0 -1 -6.93889e-16
      outer loop
         vertex -0.0015 -0.0975 0.017
         vertex -0.00434515 -0.0975 0.00456001
         vertex -0.00425 -0.0975 0.00408165
      endloop
   endfacet
   facet normal 0 -1 -6.93889e-16
      outer loop
         vertex -0.0015 -0.0975 0.017
         vertex -0.00502165 -0.0975 0.0052365
         vertex -0.00461612 -0.0975 0.00496554
      endloop
   endfacet
   facet normal 0 -1 -6.93889e-16
      outer loop
         vertex -0.0015 -0.0975 0.017
         vertex -0.00633117 -0.0975 0.017
         vertex -0.0055 -0.0975 0.00533165
      endloop
   endfacet
   facet normal 0 -1 -6.93889e-16
      outer loop
         vertex -0.0055 -0.0975 0.00533165
         vertex -0.00651641 -0.0975 0.0167413
         vertex -0.00728309 -0.0975 0.0150736
      endloop
   endfacet
   facet normal 0 -1 -6.93889e-16
      outer loop
         vertex -0.0055 -0.0975 0.00283165
         vertex -0.00597835 -0.0975 0.0029268
         vertex -0.00970042 -0.0975 -0.00467105
      endloop
   endfacet
   facet normal 0 -1 -6.93889e-16
      outer loop
         vertex -0.00362738 -0.0975 -0.027033
         vertex -0.00403291 -0.0975 -0.027304
         vertex 0.00120171 -0.0975 -0.0426343
      endloop
   endfacet
   facet normal 0 -1 -6.93889e-16
      outer loop
         vertex 0.0245 -0.0975 -0.0375
         vertex 0.0145502 -0.0975 -0.0355209
         vertex 0.00760099 -0.0975 -0.0442326
      endloop
   endfacet
   facet normal 0 -1 -6.93889e-16
      outer loop
         vertex 0.0476302 -0.0975 -0.0264109
         vertex 0.0475351 -0.0975 -0.0259325
         vertex 0.0428848 -0.0975 -0.0298848
      endloop
   endfacet
   facet normal 0 -1 -6.93889e-16
      outer loop
         vertex -0.00335641 -0.0975 -0.0256708
         vertex 0.0145502 -0.0975 -0.0355209
         vertex 0.00611522 -0.0975 -0.0298848
      endloop
   endfacet
   facet normal 0 -1 -6.93889e-16
      outer loop
         vertex -0.00425 -0.0975 0.00408165
         vertex -0.00498962 -0.0975 -0.0249943
         vertex -0.00451126 -0.0975 -0.0248992
      endloop
   endfacet
   facet normal 0 -1 -6.93889e-16
      outer loop
         vertex -0.0055 -0.0975 0.00533165
         vertex -0.00502165 -0.0975 0.0052365
         vertex -0.0015 -0.0975 0.017
      endloop
   endfacet
   facet normal 0 -1 -6.93889e-16
      outer loop
         vertex -0.0055 -0.0975 0.00533165
         vertex -0.00633117 -0.0975 0.017
         vertex -0.00651641 -0.0975 0.0167413
      endloop
   endfacet
   facet normal 0 -1 -6.93889e-16
      outer loop
         vertex -0.00597835 -0.0975 0.0052365
         vertex -0.00762088 -0.0975 0.0132166
         vertex -0.00843987 -0.0975 0.00798054
      endloop
   endfacet
   facet normal 0 -1 -6.93889e-16
      outer loop
         vertex -0.00970042 -0.0975 -0.00467105
         vertex -0.00576126 -0.0975 -0.0261492
         vertex -0.0055 -0.0975 0.00283165
      endloop
   endfacet
   facet normal 0 -1 -6.93889e-16
      outer loop
         vertex 0.0492634 -0.0975 -0.0247776
         vertex 0.0505 -0.0975 -0.0115
         vertex 0.0485209 -0.0975 -0.0214498
      endloop
   endfacet
   facet normal 0 -1 -6.93889e-16
      outer loop
         vertex 0.0545 -0.0975 0.00283165
         vertex 0.0540216 -0.0975 0.0029268
         vertex 0.0505 -0.0975 -0.0115
      endloop
   endfacet
   facet normal 0 -1 -6.93889e-16
      outer loop
         vertex -0.00362738 -0.0975 -0.027033
         vertex 0.00760099 -0.0975 -0.0442326
         vertex 0.0145502 -0.0975 -0.0355209
      endloop
   endfacet
   facet normal 0 -1 -6.93889e-16
      outer loop
         vertex 0.0428848 -0.0975 -0.0298848
         vertex 0.0296264 -0.0975 -0.0418854
         vertex 0.0476302 -0.0975 -0.0264109
      endloop
   endfacet
   facet normal 0 -1 -6.93889e-16
      outer loop
         vertex -0.00335641 -0.0975 -0.0256708
         vertex 0.00611522 -0.0975 -0.0298848
         vertex 0.000479132 -0.0975 -0.0214498
      endloop
   endfacet
   facet normal 0 -1 -6.93889e-16
      outer loop
         vertex -0.00461612 -0.0975 0.00496554
         vertex -0.00434515 -0.0975 0.00456001
         vertex -0.0015 -0.0975 0.017
      endloop
   endfacet
   facet normal 0 -1 -6.93889e-16
      outer loop
         vertex -0.00576126 -0.0975 -0.0261492
         vertex -0.00461612 -0.0975 0.00319777
         vertex -0.00502165 -0.0975 0.0029268
      endloop
   endfacet
   facet normal 0 -1 -6.93889e-16
      outer loop
         vertex -0.00843987 -0.0975 0.00798054
         vertex -0.00638388 -0.0975 0.00496554
         vertex -0.00597835 -0.0975 0.0052365
      endloop
   endfacet
   facet normal 0 -1 -6.93889e-16
      outer loop
         vertex -0.00597835 -0.0975 0.0029268
         vertex -0.00638388 -0.0975 0.00319777
         vertex -0.00918889 -0.0975 0.0017138
      endloop
   endfacet
   facet normal 0 -1 -6.93889e-16
      outer loop
         vertex -0.00874962 -0.0975 -0.0286449
         vertex -0.00566611 -0.0975 -0.0266275
         vertex -0.00576126 -0.0975 -0.0261492
      endloop
   endfacet
   facet normal 0 -1 -6.93889e-16
      outer loop
         vertex 0.0545 -0.0975 0.00533165
         vertex 0.0549784 -0.0975 0.0052365
         vertex 0.0577707 -0.0975 0.0151744
      endloop
   endfacet
   facet normal 0 -1 -6.93889e-16
      outer loop
         vertex 0.0540771 -0.0975 -0.0225995
         vertex 0.0499399 -0.0975 -0.0254541
         vertex 0.0500351 -0.0975 -0.0259325
      endloop
   endfacet
   facet normal 0 -1 -6.93889e-16
      outer loop
         vertex 0.049669 -0.0975 -0.0250486
         vertex 0.0499399 -0.0975 -0.0254541
         vertex 0.0540771 -0.0975 -0.0225995
      endloop
   endfacet
   facet normal 0 -1 -6.93889e-16
      outer loop
         vertex 0.0505 -0.0975 -0.0115
         vertex 0.0492634 -0.0975 -0.0247776
         vertex 0.0545 -0.0975 0.00283165
      endloop
   endfacet
   facet normal 0 -1 -6.93889e-16
      outer loop
         vertex 0.0296264 -0.0975 -0.0418854
         vertex 0.0344498 -0.0975 -0.0355209
         vertex 0.0245 -0.0975 -0.0375
      endloop
   endfacet
   facet normal 0 -1 -6.93889e-16
      outer loop
         vertex 0.0296264 -0.0975 -0.0418854
         vertex 0.0479012 -0.0975 -0.0268164
         vertex 0.0476302 -0.0975 -0.0264109
      endloop
   endfacet
   facet normal 0 -1 -6.93889e-16
      outer loop
         vertex -0.0015 -0.0975 -0.0115
         vertex -0.0015 -0.0975 0.017
         vertex -0.00425 -0.0975 0.00408165
      endloop
   endfacet
   facet normal 0 -1 -6.93889e-16
      outer loop
         vertex -0.00425 -0.0975 0.00408165
         vertex -0.00566611 -0.0975 -0.0256708
         vertex -0.00539515 -0.0975 -0.0252653
      endloop
   endfacet
   facet normal 0 -1 -6.93889e-16
      outer loop
         vertex -0.00576126 -0.0975 -0.0261492
         vertex -0.00434515 -0.0975 0.0036033
         vertex -0.00461612 -0.0975 0.00319777
      endloop
   endfacet
   facet normal 0 -1 -6.93889e-16
      outer loop
         vertex -0.00434515 -0.0975 0.0036033
         vertex -0.00576126 -0.0975 -0.0261492
         vertex -0.00566611 -0.0975 -0.0256708
      endloop
   endfacet
   facet normal 0 -1 -6.93889e-16
      outer loop
         vertex -0.00843987 -0.0975 0.00798054
         vertex -0.00665485 -0.0975 0.00456001
         vertex -0.00638388 -0.0975 0.00496554
      endloop
   endfacet
   facet normal 0 -1 -6.93889e-16
      outer loop
         vertex -0.00843987 -0.0975 0.00798054
         vertex -0.00918889 -0.0975 0.0017138
         vertex -0.00675 -0.0975 0.00408165
      endloop
   endfacet
   facet normal 0 -1 -6.93889e-16
      outer loop
         vertex -0.00970042 -0.0975 -0.00467105
         vertex -0.00874962 -0.0975 -0.0286449
         vertex -0.00576126 -0.0975 -0.0261492
      endloop
   endfacet
   facet normal 0 -1 -6.93889e-16
      outer loop
         vertex 0.0588513 -0.0975 0.00500115
         vertex 0.0577707 -0.0975 0.0151744
         vertex 0.0553839 -0.0975 0.00496554
      endloop
   endfacet
   facet normal 0 -1 -6.93889e-16
      outer loop
         vertex 0.0577707 -0.0975 0.0151744
         vertex 0.0576204 -0.0975 0.0157183
         vertex 0.0545 -0.0975 0.00533165
      endloop
   endfacet
   facet normal 0 -1 -6.93889e-16
      outer loop
         vertex 0.0540771 -0.0975 -0.0225995
         vertex 0.0546681 -0.0975 -0.0212026
         vertex 0.049669 -0.0975 -0.0250486
      endloop
   endfacet
   facet normal 0 -1 -6.93889e-16
      outer loop
         vertex 0.0492634 -0.0975 -0.0247776
         vertex 0.049669 -0.0975 -0.0250486
         vertex 0.0546681 -0.0975 -0.0212026
      endloop
   endfacet
   facet normal 0 -1 -6.93889e-16
      outer loop
         vertex 0.0505 -0.0975 -0.0115
         vertex 0.0536161 -0.0975 0.00319777
         vertex 0.0533452 -0.0975 0.0036033
      endloop
   endfacet
   facet normal 0 -1 -6.93889e-16
      outer loop
         vertex 0.0485209 -0.0975 -0.0214498
         vertex 0.0487851 -0.0975 -0.0246825
         vertex 0.0492634 -0.0975 -0.0247776
      endloop
   endfacet
   facet normal 0 -1 -6.93889e-16
      outer loop
         vertex -0.00403291 -0.0975 -0.027304
         vertex -0.00451126 -0.0975 -0.0273992
         vertex -0.00299355 -0.0975 -0.039983
      endloop
   endfacet
   facet normal 0 -1 -6.93889e-16
      outer loop
         vertex 0.0428848 -0.0975 -0.0298848
         vertex 0.0344498 -0.0975 -0.0355209
         vertex 0.0296264 -0.0975 -0.0418854
      endloop
   endfacet
   facet normal 0 -1 -6.93889e-16
      outer loop
         vertex -0.00539515 -0.0975 -0.0252653
         vertex -0.00498962 -0.0975 -0.0249943
         vertex -0.00425 -0.0975 0.00408165
      endloop
   endfacet
   facet normal 0 -1 -6.93889e-16
      outer loop
         vertex -0.00566611 -0.0975 -0.0256708
         vertex -0.00425 -0.0975 0.00408165
         vertex -0.00434515 -0.0975 0.0036033
      endloop
   endfacet
   facet normal 0 -1 -6.93889e-16
      outer loop
         vertex -0.00675 -0.0975 0.00408165
         vertex -0.00665485 -0.0975 0.00456001
         vertex -0.00843987 -0.0975 0.00798054
      endloop
   endfacet
   facet normal 0 -1 -6.93889e-16
      outer loop
         vertex -0.00918889 -0.0975 0.0017138
         vertex -0.00638388 -0.0975 0.00319777
         vertex -0.00665485 -0.0975 0.0036033
      endloop
   endfacet
   facet normal 0 -1 -6.93889e-16
      outer loop
         vertex -0.00874962 -0.0975 -0.0286449
         vertex -0.00539515 -0.0975 -0.027033
         vertex -0.00566611 -0.0975 -0.0266275
      endloop
   endfacet
   facet normal 0 -1 -6.93889e-16
      outer loop
         vertex -0.00606358 -0.0975 -0.0360818
         vertex -0.00498962 -0.0975 -0.027304
         vertex -0.00539515 -0.0975 -0.027033
      endloop
   endfacet
   facet normal 0 -1 -6.93889e-16
      outer loop
         vertex 0.0556548 -0.0975 0.00456001
         vertex 0.05575 -0.0975 0.00408165
         vertex 0.0588638 -0.0975 0.00452057
      endloop
   endfacet
   facet normal 0 -1 -6.93889e-16
      outer loop
         vertex 0.0577707 -0.0975 0.0151744
         vertex 0.0549784 -0.0975 0.0052365
         vertex 0.0553839 -0.0975 0.00496554
      endloop
   endfacet
   facet normal 0 -1 -6.93889e-16
      outer loop
         vertex 0.0576204 -0.0975 0.0157183
         vertex 0.0572891 -0.0975 0.0164974
         vertex 0.0545 -0.0975 0.00533165
      endloop
   endfacet
   facet normal 0 -1 -6.93889e-16
      outer loop
         vertex 0.0505 -0.0975 0.017
         vertex 0.0540216 -0.0975 0.0052365
         vertex 0.0545 -0.0975 0.00533165
      endloop
   endfacet
   facet normal 0 -1 -6.93889e-16
      outer loop
         vertex 0.0505 -0.0975 0.017
         vertex 0.0505 -0.0975 -0.0115
         vertex 0.05325 -0.0975 0.00408165
      endloop
   endfacet
   facet normal 0 -1 -6.93889e-16
      outer loop
         vertex 0.0546681 -0.0975 -0.0212026
         vertex 0.0545 -0.0975 0.00283165
         vertex 0.0492634 -0.0975 -0.0247776
      endloop
   endfacet
   facet normal 0 -1 -6.93889e-16
      outer loop
         vertex 0.0540216 -0.0975 0.0029268
         vertex 0.0536161 -0.0975 0.00319777
         vertex 0.0505 -0.0975 -0.0115
      endloop
   endfacet
   facet normal 0 -1 -6.93889e-16
      outer loop
         vertex 0.0485209 -0.0975 -0.0214498
         vertex 0.0428848 -0.0975 -0.0298848
         vertex 0.0476302 -0.0975 -0.0254541
      endloop
   endfacet
   facet normal 0 -1 -6.93889e-16
      outer loop
         vertex 0.00120171 -0.0975 -0.0426343
         vertex 0.00760099 -0.0975 -0.0442326
         vertex -0.00362738 -0.0975 -0.027033
      endloop
   endfacet
   facet normal 0 -1 -6.93889e-16
      outer loop
         vertex 0.0145502 -0.0975 -0.0355209
         vertex -0.00335641 -0.0975 -0.0256708
         vertex -0.00326126 -0.0975 -0.0261492
      endloop
   endfacet
   facet normal 0 -1 -6.93889e-16
      outer loop
         vertex 0.0479012 -0.0975 -0.0268164
         vertex 0.0296264 -0.0975 -0.0418854
         vertex 0.043084 -0.0975 -0.0358238
      endloop
   endfacet
   facet normal 0 -1 -6.93889e-16
      outer loop
         vertex 0.0483067 -0.0975 -0.0270873
         vertex 0.043084 -0.0975 -0.0358238
         vertex 0.0491916 -0.0975 -0.0304069
      endloop
   endfacet
   facet normal 0 -1 -6.93889e-16
      outer loop
         vertex -0.00502165 -0.0975 0.0029268
         vertex -0.0055 -0.0975 0.00283165
         vertex -0.00576126 -0.0975 -0.0261492
      endloop
   endfacet
   facet normal 0 -1 -6.93889e-16
      outer loop
         vertex -0.00665485 -0.0975 0.0036033
         vertex -0.00675 -0.0975 0.00408165
         vertex -0.00918889 -0.0975 0.0017138
      endloop
   endfacet
   facet normal 0 -1 -6.93889e-16
      outer loop
         vertex -0.00539515 -0.0975 -0.027033
         vertex -0.00874962 -0.0975 -0.0286449
         vertex -0.00606358 -0.0975 -0.0360818
      endloop
   endfacet
   facet normal 0 -1 -6.93889e-16
      outer loop
         vertex -0.00451126 -0.0975 -0.0273992
         vertex -0.00498962 -0.0975 -0.027304
         vertex -0.00606358 -0.0975 -0.0360818
      endloop
   endfacet
   facet normal 0 -1 -6.93889e-16
      outer loop
         vertex 0.0545 -0.0975 0.00283165
         vertex 0.0546681 -0.0975 -0.0212026
         vertex 0.0584887 -0.0975 -0.00430941
      endloop
   endfacet
   facet normal 0 -1 -6.93889e-16
      outer loop
         vertex 0.0584887 -0.0975 -0.00430941
         vertex 0.0588638 -0.0975 0.00452057
         vertex 0.0556548 -0.0975 0.0036033
      endloop
   endfacet
   facet normal 0 -1 -6.93889e-16
      outer loop
         vertex 0.0553839 -0.0975 0.00496554
         vertex 0.0556548 -0.0975 0.00456001
         vertex 0.0588513 -0.0975 0.00500115
      endloop
   endfacet
   facet normal 0 -1 -6.93889e-16
      outer loop
         vertex 0.0545 -0.0975 0.00533165
         vertex 0.0570025 -0.0975 0.017
         vertex 0.0505 -0.0975 0.017
      endloop
   endfacet
   facet normal 0 -1 -6.93889e-16
      outer loop
         vertex 0.05325 -0.0975 0.00408165
         vertex 0.0533452 -0.0975 0.00456001
         vertex 0.0505 -0.0975 0.017
      endloop
   endfacet
   facet normal 0 -1 -6.93889e-16
      outer loop
         vertex 0.0533452 -0.0975 0.0036033
         vertex 0.05325 -0.0975 0.00408165
         vertex 0.0505 -0.0975 -0.0115
      endloop
   endfacet
   facet normal 0 -1 -6.93889e-16
      outer loop
         vertex 0.0476302 -0.0975 -0.0254541
         vertex 0.0479012 -0.0975 -0.0250486
         vertex 0.0485209 -0.0975 -0.0214498
      endloop
   endfacet
   facet normal 0 -1 -6.93889e-16
      outer loop
         vertex -0.00326126 -0.0975 -0.0261492
         vertex -0.00335641 -0.0975 -0.0266275
         vertex 0.0145502 -0.0975 -0.0355209
      endloop
   endfacet
   facet normal 0 -1 -6.93889e-16
      outer loop
         vertex 0.0491916 -0.0975 -0.0304069
         vertex 0.0487851 -0.0975 -0.0271825
         vertex 0.0483067 -0.0975 -0.0270873
      endloop
   endfacet
   facet normal 0 -1 -6.93889e-16
      outer loop
         vertex -0.00762088 -0.0975 0.0132166
         vertex -0.00597835 -0.0975 0.0052365
         vertex -0.0055 -0.0975 0.00533165
      endloop
   endfacet
   facet normal 0 -1 -6.93889e-16
      outer loop
         vertex -0.00606358 -0.0975 -0.0360818
         vertex -0.00299355 -0.0975 -0.039983
         vertex -0.00451126 -0.0975 -0.0273992
      endloop
   endfacet
   facet normal 0 -1 -6.93889e-16
      outer loop
         vertex 0.0491916 -0.0975 -0.0304069
         vertex 0.0519267 -0.0975 -0.0266702
         vertex 0.049669 -0.0975 -0.0268164
      endloop
   endfacet
   facet normal 0 -1 -6.93889e-16
      outer loop
         vertex 0.0584887 -0.0975 -0.00430941
         vertex 0.0553839 -0.0975 0.00319777
         vertex 0.0549784 -0.0975 0.0029268
      endloop
   endfacet
   facet normal 0 -1 -6.93889e-16
      outer loop
         vertex 0.0588638 -0.0975 0.00452057
         vertex 0.05575 -0.0975 0.00408165
         vertex 0.0556548 -0.0975 0.0036033
      endloop
   endfacet
   facet normal 0 -1 -6.93889e-16
      outer loop
         vertex 0.0572891 -0.0975 0.0164974
         vertex 0.0570025 -0.0975 0.017
         vertex 0.0545 -0.0975 0.00533165
      endloop
   endfacet
   facet normal 0 -1 -6.93889e-16
      outer loop
         vertex 0.0533452 -0.0975 0.00456001
         vertex 0.0536161 -0.0975 0.00496554
         vertex 0.0505 -0.0975 0.017
      endloop
   endfacet
   facet normal 0 -1 -6.93889e-16
      outer loop
         vertex 0.0485209 -0.0975 -0.0214498
         vertex 0.0483067 -0.0975 -0.0247776
         vertex 0.0487851 -0.0975 -0.0246825
      endloop
   endfacet
   facet normal 0 -1 -6.93889e-16
      outer loop
         vertex 0.0428848 -0.0975 -0.0298848
         vertex 0.0475351 -0.0975 -0.0259325
         vertex 0.0476302 -0.0975 -0.0254541
      endloop
   endfacet
   facet normal 0 -1 -6.93889e-16
      outer loop
         vertex 0.043084 -0.0975 -0.0358238
         vertex 0.0483067 -0.0975 -0.0270873
         vertex 0.0479012 -0.0975 -0.0268164
      endloop
   endfacet
   facet normal 0 -1 -6.93889e-16
      outer loop
         vertex -0.00918889 -0.0975 0.0017138
         vertex -0.00970042 -0.0975 -0.00467105
         vertex -0.00597835 -0.0975 0.0029268
      endloop
   endfacet
   facet normal 0 -1 -6.93889e-16
      outer loop
         vertex 0.0519267 -0.0975 -0.0266702
         vertex 0.0499399 -0.0975 -0.0264109
         vertex 0.049669 -0.0975 -0.0268164
      endloop
   endfacet
   facet normal 0 -1 -6.93889e-16
      outer loop
         vertex 0.0556548 -0.0975 0.0036033
         vertex 0.0553839 -0.0975 0.00319777
         vertex 0.0584887 -0.0975 -0.00430941
      endloop
   endfacet
   facet normal 0 -1 -6.93889e-16
      outer loop
         vertex 0.0536161 -0.0975 0.00496554
         vertex 0.0540216 -0.0975 0.0052365
         vertex 0.0505 -0.0975 0.017
      endloop
   endfacet
   facet normal 0 -1 -6.93889e-16
      outer loop
         vertex 0.0479012 -0.0975 -0.0250486
         vertex 0.0483067 -0.0975 -0.0247776
         vertex 0.0485209 -0.0975 -0.0214498
      endloop
   endfacet
   facet normal 0 -1 -6.93889e-16
      outer loop
         vertex 0.000479132 -0.0975 -0.0214498
         vertex -0.0015 -0.0975 -0.0115
         vertex -0.00403291 -0.0975 -0.0249943
      endloop
   endfacet
   facet normal 0 -1 -6.93889e-16
      outer loop
         vertex 0.0519267 -0.0975 -0.0266702
         vertex 0.0500351 -0.0975 -0.0259325
         vertex 0.0499399 -0.0975 -0.0264109
      endloop
   endfacet
   facet normal 0 -1 -6.93889e-16
      outer loop
         vertex 0.0588638 -0.0975 0.00452057
         vertex 0.0588513 -0.0975 0.00500115
         vertex 0.0556548 -0.0975 0.00456001
      endloop
   endfacet
   facet normal 0 -1 -6.93889e-16
      outer loop
         vertex -0.00299355 -0.0975 -0.039983
         vertex 0.00120171 -0.0975 -0.0426343
         vertex -0.00403291 -0.0975 -0.027304
      endloop
   endfacet
   facet normal 0 -1 -6.93889e-16
      outer loop
         vertex 0.049669 -0.0975 -0.0268164
         vertex 0.0492634 -0.0975 -0.0270873
         vertex 0.0491916 -0.0975 -0.0304069
      endloop
   endfacet
   facet normal 0 -1 -6.93889e-16
      outer loop
         vertex 0.0500351 -0.0975 -0.0259325
         vertex 0.0519267 -0.0975 -0.0266702
         vertex 0.0540771 -0.0975 -0.0225995
      endloop
   endfacet
   facet normal 0 -1 -6.93889e-16
      outer loop
         vertex 0.0584887 -0.0975 -0.00430941
         vertex 0.0549784 -0.0975 0.0029268
         vertex 0.0545 -0.0975 0.00283165
      endloop
   endfacet
   facet normal 0 -1 -6.93889e-16
      outer loop
         vertex 0.0492634 -0.0975 -0.0270873
         vertex 0.0487851 -0.0975 -0.0271825
         vertex 0.0491916 -0.0975 -0.0304069
      endloop
   endfacet
   facet normal 0.382683 6.4107e-16 -0.92388
      outer loop
         vertex 0.0483067 -0.095 -0.0247776
         vertex 0.0487851 -0.095 -0.0246825
         vertex 0.0487851 -0.0975 -0.0246825
      endloop
   endfacet
   facet normal 0.707107 4.90654e-16 -0.707107
      outer loop
         vertex 0.0479012 -0.095 -0.0250486
         vertex 0.0483067 -0.095 -0.0247776
         vertex 0.0483067 -0.0975 -0.0247776
      endloop
   endfacet
   facet normal 0.92388 2.6554e-16 -0.382683
      outer loop
         vertex 0.0476302 -0.095 -0.0254541
         vertex 0.0479012 -0.095 -0.0250486
         vertex 0.0479012 -0.0975 -0.0250486
      endloop
   endfacet
   facet normal 1 -1.27465e-31 1.83697e-16
      outer loop
         vertex 0.0475351 -0.095 -0.0259325
         vertex 0.0476302 -0.095 -0.0254541
         vertex 0.0476302 -0.0975 -0.0254541
      endloop
   endfacet
   facet normal 0.92388 -2.6554e-16 0.382683
      outer loop
         vertex 0.0476302 -0.095 -0.0264109
         vertex 0.0475351 -0.095 -0.0259325
         vertex 0.0475351 -0.0975 -0.0259325
      endloop
   endfacet
   facet normal 0.707107 -4.90654e-16 0.707107
      outer loop
         vertex 0.0479012 -0.095 -0.0268164
         vertex 0.0476302 -0.095 -0.0264109
         vertex 0.0476302 -0.0975 -0.0264109
      endloop
   endfacet
   facet normal 0.382683 -6.4107e-16 0.92388
      outer loop
         vertex 0.0483067 -0.095 -0.0270873
         vertex 0.0479012 -0.095 -0.0268164
         vertex 0.0479012 -0.0975 -0.0268164
      endloop
   endfacet
   facet normal 0 -6.93889e-16 1
      outer loop
         vertex 0.0487851 -0.095 -0.0271825
         vertex 0.0483067 -0.095 -0.0270873
         vertex 0.0483067 -0.0975 -0.0270873
      endloop
   endfacet
   facet normal -0.382683 -6.4107e-16 0.92388
      outer loop
         vertex 0.0492634 -0.095 -0.0270873
         vertex 0.0487851 -0.095 -0.0271825
         vertex 0.0487851 -0.0975 -0.0271825
      endloop
   endfacet
   facet normal -0.707107 -4.90654e-16 0.707107
      outer loop
         vertex 0.049669 -0.095 -0.0268164
         vertex 0.0492634 -0.095 -0.0270873
         vertex 0.0492634 -0.0975 -0.0270873
      endloop
   endfacet
   facet normal -0.92388 -2.6554e-16 0.382683
      outer loop
         vertex 0.0499399 -0.095 -0.0264109
         vertex 0.049669 -0.095 -0.0268164
         vertex 0.049669 -0.0975 -0.0268164
      endloop
   endfacet
   facet normal -1 4.24885e-32 -6.12323e-17
      outer loop
         vertex 0.0500351 -0.095 -0.0259325
         vertex 0.0499399 -0.095 -0.0264109
         vertex 0.0499399 -0.0975 -0.0264109
      endloop
   endfacet
   facet normal -0.92388 2.6554e-16 -0.382683
      outer loop
         vertex 0.0499399 -0.095 -0.0254541
         vertex 0.0500351 -0.095 -0.0259325
         vertex 0.0500351 -0.0975 -0.0259325
      endloop
   endfacet
   facet normal -0.707107 4.90654e-16 -0.707107
      outer loop
         vertex 0.049669 -0.095 -0.0250486
         vertex 0.0499399 -0.095 -0.0254541
         vertex 0.0499399 -0.0975 -0.0254541
      endloop
   endfacet
   facet normal -0.382683 6.4107e-16 -0.92388
      outer loop
         vertex 0.0492634 -0.095 -0.0247776
         vertex 0.049669 -0.095 -0.0250486
         vertex 0.049669 -0.0975 -0.0250486
      endloop
   endfacet
   facet normal 2.44929e-16 6.93889e-16 -1
      outer loop
         vertex 0.0487851 -0.095 -0.0246825
         vertex 0.0492634 -0.095 -0.0247776
         vertex 0.0492634 -0.0975 -0.0247776
      endloop
   endfacet
   facet normal -0.382683 6.4107e-16 -0.92388
      outer loop
         vertex 0.0492634 -0.0975 -0.0247776
         vertex 0.0487851 -0.0975 -0.0246825
         vertex 0.0487851 -0.095 -0.0246825
      endloop
   endfacet
   facet normal -0.707107 4.90654e-16 -0.707107
      outer loop
         vertex 0.049669 -0.0975 -0.0250486
         vertex 0.0492634 -0.0975 -0.0247776
         vertex 0.0492634 -0.095 -0.0247776
      endloop
   endfacet
   facet normal -0.92388 2.6554e-16 -0.382683
      outer loop
         vertex 0.0499399 -0.0975 -0.0254541
         vertex 0.049669 -0.0975 -0.0250486
         vertex 0.049669 -0.095 -0.0250486
      endloop
   endfacet
   facet normal -1 4.24885e-32 -6.12323e-17
      outer loop
         vertex 0.0500351 -0.0975 -0.0259325
         vertex 0.0499399 -0.0975 -0.0254541
         vertex 0.0499399 -0.095 -0.0254541
      endloop
   endfacet
   facet normal -0.92388 -2.6554e-16 0.382683
      outer loop
         vertex 0.0499399 -0.0975 -0.0264109
         vertex 0.0500351 -0.0975 -0.0259325
         vertex 0.0500351 -0.095 -0.0259325
      endloop
   endfacet
   facet normal -0.707107 -4.90654e-16 0.707107
      outer loop
         vertex 0.049669 -0.0975 -0.0268164
         vertex 0.0499399 -0.0975 -0.0264109
         vertex 0.0499399 -0.095 -0.0264109
      endloop
   endfacet
   facet normal -0.382683 -6.4107e-16 0.92388
      outer loop
         vertex 0.0492634 -0.0975 -0.0270873
         vertex 0.049669 -0.0975 -0.0268164
         vertex 0.049669 -0.095 -0.0268164
      endloop
   endfacet
   facet normal -1.22465e-16 -6.93889e-16 1
      outer loop
         vertex 0.0487851 -0.0975 -0.0271825
         vertex 0.0492634 -0.0975 -0.0270873
         vertex 0.0492634 -0.095 -0.0270873
      endloop
   endfacet
   facet normal 0.382683 -6.4107e-16 0.92388
      outer loop
         vertex 0.0483067 -0.0975 -0.0270873
         vertex 0.0487851 -0.0975 -0.0271825
         vertex 0.0487851 -0.095 -0.0271825
      endloop
   endfacet
   facet normal 0.707107 -4.90654e-16 0.707107
      outer loop
         vertex 0.0479012 -0.0975 -0.0268164
         vertex 0.0483067 -0.0975 -0.0270873
         vertex 0.0483067 -0.095 -0.0270873
      endloop
   endfacet
   facet normal 0.92388 -2.6554e-16 0.382683
      outer loop
         vertex 0.0476302 -0.0975 -0.0264109
         vertex 0.0479012 -0.0975 -0.0268164
         vertex 0.0479012 -0.095 -0.0268164
      endloop
   endfacet
   facet normal 1 -1.27465e-31 1.83697e-16
      outer loop
         vertex 0.0475351 -0.0975 -0.0259325
         vertex 0.0476302 -0.0975 -0.0264109
         vertex 0.0476302 -0.095 -0.0264109
      endloop
   endfacet
   facet normal 0.92388 2.6554e-16 -0.382683
      outer loop
         vertex 0.0476302 -0.0975 -0.0254541
         vertex 0.0475351 -0.0975 -0.0259325
         vertex 0.0475351 -0.095 -0.0259325
      endloop
   endfacet
   facet normal 0.707107 4.90654e-16 -0.707107
      outer loop
         vertex 0.0479012 -0.0975 -0.0250486
         vertex 0.0476302 -0.0975 -0.0254541
         vertex 0.0476302 -0.095 -0.0254541
      endloop
   endfacet
   facet normal 0.382683 6.4107e-16 -0.92388
      outer loop
         vertex 0.0483067 -0.0975 -0.0247776
         vertex 0.0479012 -0.0975 -0.0250486
         vertex 0.0479012 -0.095 -0.0250486
      endloop
   endfacet
   facet normal 2.44929e-16 6.93889e-16 -1
      outer loop
         vertex 0.0487851 -0.0975 -0.0246825
         vertex 0.0483067 -0.0975 -0.0247776
         vertex 0.0483067 -0.095 -0.0247776
      endloop
   endfacet
   facet normal 0.382683 6.4107e-16 -0.92388
      outer loop
         vertex 0.0540216 -0.095 0.0052365
         vertex 0.0545 -0.095 0.00533165
         vertex 0.0545 -0.0975 0.00533165
      endloop
   endfacet
   facet normal 0.707107 4.90654e-16 -0.707107
      outer loop
         vertex 0.0536161 -0.095 0.00496554
         vertex 0.0540216 -0.095 0.0052365
         vertex 0.0540216 -0.0975 0.0052365
      endloop
   endfacet
   facet normal 0.92388 2.6554e-16 -0.382683
      outer loop
         vertex 0.0533452 -0.095 0.00456001
         vertex 0.0536161 -0.095 0.00496554
         vertex 0.0536161 -0.0975 0.00496554
      endloop
   endfacet
   facet normal 1 -1.27465e-31 1.83697e-16
      outer loop
         vertex 0.05325 -0.095 0.00408165
         vertex 0.0533452 -0.095 0.00456001
         vertex 0.0533452 -0.0975 0.00456001
      endloop
   endfacet
   facet normal 0.92388 -2.6554e-16 0.382683
      outer loop
         vertex 0.0533452 -0.095 0.0036033
         vertex 0.05325 -0.095 0.00408165
         vertex 0.05325 -0.0975 0.00408165
      endloop
   endfacet
   facet normal 0.707107 -4.90654e-16 0.707107
      outer loop
         vertex 0.0536161 -0.095 0.00319777
         vertex 0.0533452 -0.095 0.0036033
         vertex 0.0533452 -0.0975 0.0036033
      endloop
   endfacet
   facet normal 0.382683 -6.4107e-16 0.92388
      outer loop
         vertex 0.0540216 -0.095 0.0029268
         vertex 0.0536161 -0.095 0.00319777
         vertex 0.0536161 -0.0975 0.00319777
      endloop
   endfacet
   facet normal 0 -6.93889e-16 1
      outer loop
         vertex 0.0545 -0.095 0.00283165
         vertex 0.0540216 -0.095 0.0029268
         vertex 0.0540216 -0.0975 0.0029268
      endloop
   endfacet
   facet normal -0.382683 -6.4107e-16 0.92388
      outer loop
         vertex 0.0549784 -0.095 0.0029268
         vertex 0.0545 -0.095 0.00283165
         vertex 0.0545 -0.0975 0.00283165
      endloop
   endfacet
   facet normal -0.707107 -4.90654e-16 0.707107
      outer loop
         vertex 0.0553839 -0.095 0.00319777
         vertex 0.0549784 -0.095 0.0029268
         vertex 0.0549784 -0.0975 0.0029268
      endloop
   endfacet
   facet normal -0.92388 -2.6554e-16 0.382683
      outer loop
         vertex 0.0556548 -0.095 0.0036033
         vertex 0.0553839 -0.095 0.00319777
         vertex 0.0553839 -0.0975 0.00319777
      endloop
   endfacet
   facet normal -1 4.24885e-32 -6.12323e-17
      outer loop
         vertex 0.05575 -0.095 0.00408165
         vertex 0.0556548 -0.095 0.0036033
         vertex 0.0556548 -0.0975 0.0036033
      endloop
   endfacet
   facet normal -0.92388 2.6554e-16 -0.382683
      outer loop
         vertex 0.0556548 -0.095 0.00456001
         vertex 0.05575 -0.095 0.00408165
         vertex 0.05575 -0.0975 0.00408165
      endloop
   endfacet
   facet normal -0.707107 4.90654e-16 -0.707107
      outer loop
         vertex 0.0553839 -0.095 0.00496554
         vertex 0.0556548 -0.095 0.00456001
         vertex 0.0556548 -0.0975 0.00456001
      endloop
   endfacet
   facet normal -0.382683 6.4107e-16 -0.92388
      outer loop
         vertex 0.0549784 -0.095 0.0052365
         vertex 0.0553839 -0.095 0.00496554
         vertex 0.0553839 -0.0975 0.00496554
      endloop
   endfacet
   facet normal 2.44929e-16 6.93889e-16 -1
      outer loop
         vertex 0.0545 -0.095 0.00533165
         vertex 0.0549784 -0.095 0.0052365
         vertex 0.0549784 -0.0975 0.0052365
      endloop
   endfacet
   facet normal -0.382683 6.4107e-16 -0.92388
      outer loop
         vertex 0.0549784 -0.0975 0.0052365
         vertex 0.0545 -0.0975 0.00533165
         vertex 0.0545 -0.095 0.00533165
      endloop
   endfacet
   facet normal -0.707107 4.90654e-16 -0.707107
      outer loop
         vertex 0.0553839 -0.0975 0.00496554
         vertex 0.0549784 -0.0975 0.0052365
         vertex 0.0549784 -0.095 0.0052365
      endloop
   endfacet
   facet normal -0.92388 2.6554e-16 -0.382683
      outer loop
         vertex 0.0556548 -0.0975 0.00456001
         vertex 0.0553839 -0.0975 0.00496554
         vertex 0.0553839 -0.095 0.00496554
      endloop
   endfacet
   facet normal -1 4.24885e-32 -6.12323e-17
      outer loop
         vertex 0.05575 -0.0975 0.00408165
         vertex 0.0556548 -0.0975 0.00456001
         vertex 0.0556548 -0.095 0.00456001
      endloop
   endfacet
   facet normal -0.92388 -2.6554e-16 0.382683
      outer loop
         vertex 0.0556548 -0.0975 0.0036033
         vertex 0.05575 -0.0975 0.00408165
         vertex 0.05575 -0.095 0.00408165
      endloop
   endfacet
   facet normal -0.707107 -4.90654e-16 0.707107
      outer loop
         vertex 0.0553839 -0.0975 0.00319777
         vertex 0.0556548 -0.0975 0.0036033
         vertex 0.0556548 -0.095 0.0036033
      endloop
   endfacet
   facet normal -0.382683 -6.4107e-16 0.92388
      outer loop
         vertex 0.0549784 -0.0975 0.0029268
         vertex 0.0553839 -0.0975 0.00319777
         vertex 0.0553839 -0.095 0.00319777
      endloop
   endfacet
   facet normal -1.22465e-16 -6.93889e-16 1
      outer loop
         vertex 0.0545 -0.0975 0.00283165
         vertex 0.0549784 -0.0975 0.0029268
         vertex 0.0549784 -0.095 0.0029268
      endloop
   endfacet
   facet normal 0.382683 -6.4107e-16 0.92388
      outer loop
         vertex 0.0540216 -0.0975 0.0029268
         vertex 0.0545 -0.0975 0.00283165
         vertex 0.0545 -0.095 0.00283165
      endloop
   endfacet
   facet normal 0.707107 -4.90654e-16 0.707107
      outer loop
         vertex 0.0536161 -0.0975 0.00319777
         vertex 0.0540216 -0.0975 0.0029268
         vertex 0.0540216 -0.095 0.0029268
      endloop
   endfacet
   facet normal 0.92388 -2.6554e-16 0.382683
      outer loop
         vertex 0.0533452 -0.0975 0.0036033
         vertex 0.0536161 -0.0975 0.00319777
         vertex 0.0536161 -0.095 0.00319777
      endloop
   endfacet
   facet normal 1 -1.27465e-31 1.83697e-16
      outer loop
         vertex 0.05325 -0.0975 0.00408165
         vertex 0.0533452 -0.0975 0.0036033
         vertex 0.0533452 -0.095 0.0036033
      endloop
   endfacet
   facet normal 0.92388 2.6554e-16 -0.382683
      outer loop
         vertex 0.0533452 -0.0975 0.00456001
         vertex 0.05325 -0.0975 0.00408165
         vertex 0.05325 -0.095 0.00408165
      endloop
   endfacet
   facet normal 0.707107 4.90654e-16 -0.707107
      outer loop
         vertex 0.0536161 -0.0975 0.00496554
         vertex 0.0533452 -0.0975 0.00456001
         vertex 0.0533452 -0.095 0.00456001
      endloop
   endfacet
   facet normal 0.382683 6.4107e-16 -0.92388
      outer loop
         vertex 0.0540216 -0.0975 0.0052365
         vertex 0.0536161 -0.0975 0.00496554
         vertex 0.0536161 -0.095 0.00496554
      endloop
   endfacet
   facet normal 2.44929e-16 6.93889e-16 -1
      outer loop
         vertex 0.0545 -0.0975 0.00533165
         vertex 0.0540216 -0.0975 0.0052365
         vertex 0.0540216 -0.095 0.0052365
      endloop
   endfacet
   facet normal 0.382683 6.4107e-16 -0.92388
      outer loop
         vertex -0.00597835 -0.095 0.0052365
         vertex -0.0055 -0.095 0.00533165
         vertex -0.0055 -0.0975 0.00533165
      endloop
   endfacet
   facet normal 0.707107 4.90654e-16 -0.707107
      outer loop
         vertex -0.00638388 -0.095 0.00496554
         vertex -0.00597835 -0.095 0.0052365
         vertex -0.00597835 -0.0975 0.0052365
      endloop
   endfacet
   facet normal 0.92388 2.6554e-16 -0.382683
      outer loop
         vertex -0.00665485 -0.095 0.00456001
         vertex -0.00638388 -0.095 0.00496554
         vertex -0.00638388 -0.0975 0.00496554
      endloop
   endfacet
   facet normal 1 -1.27465e-31 1.83697e-16
      outer loop
         vertex -0.00675 -0.095 0.00408165
         vertex -0.00665485 -0.095 0.00456001
         vertex -0.00665485 -0.0975 0.00456001
      endloop
   endfacet
   facet normal 0.92388 -2.6554e-16 0.382683
      outer loop
         vertex -0.00665485 -0.095 0.0036033
         vertex -0.00675 -0.095 0.00408165
         vertex -0.00675 -0.0975 0.00408165
      endloop
   endfacet
   facet normal 0.707107 -4.90654e-16 0.707107
      outer loop
         vertex -0.00638388 -0.095 0.00319777
         vertex -0.00665485 -0.095 0.0036033
         vertex -0.00665485 -0.0975 0.0036033
      endloop
   endfacet
   facet normal 0.382683 -6.4107e-16 0.92388
      outer loop
         vertex -0.00597835 -0.095 0.0029268
         vertex -0.00638388 -0.095 0.00319777
         vertex -0.00638388 -0.0975 0.00319777
      endloop
   endfacet
   facet normal -6.93889e-16 -6.93889e-16 1
      outer loop
         vertex -0.0055 -0.095 0.00283165
         vertex -0.00597835 -0.095 0.0029268
         vertex -0.00597835 -0.0975 0.0029268
      endloop
   endfacet
   facet normal -0.382683 -6.4107e-16 0.92388
      outer loop
         vertex -0.00502165 -0.095 0.0029268
         vertex -0.0055 -0.095 0.00283165
         vertex -0.0055 -0.0975 0.00283165
      endloop
   endfacet
   facet normal -0.707107 -4.90654e-16 0.707107
      outer loop
         vertex -0.00461612 -0.095 0.00319777
         vertex -0.00502165 -0.095 0.0029268
         vertex -0.00502165 -0.0975 0.0029268
      endloop
   endfacet
   facet normal -0.92388 -2.6554e-16 0.382683
      outer loop
         vertex -0.00434515 -0.095 0.0036033
         vertex -0.00461612 -0.095 0.00319777
         vertex -0.00461612 -0.0975 0.00319777
      endloop
   endfacet
   facet normal -1 4.24885e-32 -6.12323e-17
      outer loop
         vertex -0.00425 -0.095 0.00408165
         vertex -0.00434515 -0.095 0.0036033
         vertex -0.00434515 -0.0975 0.0036033
      endloop
   endfacet
   facet normal -0.92388 2.6554e-16 -0.382683
      outer loop
         vertex -0.00434515 -0.095 0.00456001
         vertex -0.00425 -0.095 0.00408165
         vertex -0.00425 -0.0975 0.00408165
      endloop
   endfacet
   facet normal -0.707107 4.90654e-16 -0.707107
      outer loop
         vertex -0.00461612 -0.095 0.00496554
         vertex -0.00434515 -0.095 0.00456001
         vertex -0.00434515 -0.0975 0.00456001
      endloop
   endfacet
   facet normal -0.382683 6.4107e-16 -0.92388
      outer loop
         vertex -0.00502165 -0.095 0.0052365
         vertex -0.00461612 -0.095 0.00496554
         vertex -0.00461612 -0.0975 0.00496554
      endloop
   endfacet
   facet normal 2.44929e-16 6.93889e-16 -1
      outer loop
         vertex -0.0055 -0.095 0.00533165
         vertex -0.00502165 -0.095 0.0052365
         vertex -0.00502165 -0.0975 0.0052365
      endloop
   endfacet
   facet normal -0.382683 6.4107e-16 -0.92388
      outer loop
         vertex -0.00502165 -0.0975 0.0052365
         vertex -0.0055 -0.0975 0.00533165
         vertex -0.0055 -0.095 0.00533165
      endloop
   endfacet
   facet normal -0.707107 4.90654e-16 -0.707107
      outer loop
         vertex -0.00461612 -0.0975 0.00496554
         vertex -0.00502165 -0.0975 0.0052365
         vertex -0.00502165 -0.095 0.0052365
      endloop
   endfacet
   facet normal -0.92388 2.6554e-16 -0.382683
      outer loop
         vertex -0.00434515 -0.0975 0.00456001
         vertex -0.00461612 -0.0975 0.00496554
         vertex -0.00461612 -0.095 0.00496554
      endloop
   endfacet
   facet normal -1 4.24885e-32 -6.12323e-17
      outer loop
         vertex -0.00425 -0.0975 0.00408165
         vertex -0.00434515 -0.0975 0.00456001
         vertex -0.00434515 -0.095 0.00456001
      endloop
   endfacet
   facet normal -0.92388 -2.6554e-16 0.382683
      outer loop
         vertex -0.00434515 -0.0975 0.0036033
         vertex -0.00425 -0.0975 0.00408165
         vertex -0.00425 -0.095 0.00408165
      endloop
   endfacet
   facet normal -0.707107 -4.90654e-16 0.707107
      outer loop
         vertex -0.00461612 -0.0975 0.00319777
         vertex -0.00434515 -0.0975 0.0036033
         vertex -0.00434515 -0.095 0.0036033
      endloop
   endfacet
   facet normal -0.382683 -6.4107e-16 0.92388
      outer loop
         vertex -0.00502165 -0.0975 0.0029268
         vertex -0.00461612 -0.0975 0.00319777
         vertex -0.00461612 -0.095 0.00319777
      endloop
   endfacet
   facet normal -1.22465e-16 -6.93889e-16 1
      outer loop
         vertex -0.0055 -0.0975 0.00283165
         vertex -0.00502165 -0.0975 0.0029268
         vertex -0.00502165 -0.095 0.0029268
      endloop
   endfacet
   facet normal 0.382683 -6.4107e-16 0.92388
      outer loop
         vertex -0.00597835 -0.0975 0.0029268
         vertex -0.0055 -0.0975 0.00283165
         vertex -0.0055 -0.095 0.00283165
      endloop
   endfacet
   facet normal 0.707107 -4.90654e-16 0.707107
      outer loop
         vertex -0.00638388 -0.0975 0.00319777
         vertex -0.00597835 -0.0975 0.0029268
         vertex -0.00597835 -0.095 0.0029268
      endloop
   endfacet
   facet normal 0.92388 -2.6554e-16 0.382683
      outer loop
         vertex -0.00665485 -0.0975 0.0036033
         vertex -0.00638388 -0.0975 0.00319777
         vertex -0.00638388 -0.095 0.00319777
      endloop
   endfacet
   facet normal 1 -1.27465e-31 1.83697e-16
      outer loop
         vertex -0.00675 -0.0975 0.00408165
         vertex -0.00665485 -0.0975 0.0036033
         vertex -0.00665485 -0.095 0.0036033
      endloop
   endfacet
   facet normal 0.92388 2.6554e-16 -0.382683
      outer loop
         vertex -0.00665485 -0.0975 0.00456001
         vertex -0.00675 -0.0975 0.00408165
         vertex -0.00675 -0.095 0.00408165
      endloop
   endfacet
   facet normal 0.707107 4.90654e-16 -0.707107
      outer loop
         vertex -0.00638388 -0.0975 0.00496554
         vertex -0.00665485 -0.0975 0.00456001
         vertex -0.00665485 -0.095 0.00456001
      endloop
   endfacet
   facet normal 0.382683 6.4107e-16 -0.92388
      outer loop
         vertex -0.00597835 -0.0975 0.0052365
         vertex -0.00638388 -0.0975 0.00496554
         vertex -0.00638388 -0.095 0.00496554
      endloop
   endfacet
   facet normal 2.44929e-16 6.93889e-16 -1
      outer loop
         vertex -0.0055 -0.0975 0.00533165
         vertex -0.00597835 -0.0975 0.0052365
         vertex -0.00597835 -0.095 0.0052365
      endloop
   endfacet
   facet normal 0.382683 6.4107e-16 -0.92388
      outer loop
         vertex -0.00498962 -0.095 -0.0249943
         vertex -0.00451126 -0.095 -0.0248992
         vertex -0.00451126 -0.0975 -0.0248992
      endloop
   endfacet
   facet normal 0.707107 4.90654e-16 -0.707107
      outer loop
         vertex -0.00539515 -0.095 -0.0252653
         vertex -0.00498962 -0.095 -0.0249943
         vertex -0.00498962 -0.0975 -0.0249943
      endloop
   endfacet
   facet normal 0.92388 2.6554e-16 -0.382683
      outer loop
         vertex -0.00566611 -0.095 -0.0256708
         vertex -0.00539515 -0.095 -0.0252653
         vertex -0.00539515 -0.0975 -0.0252653
      endloop
   endfacet
   facet normal 1 -1.27465e-31 1.83697e-16
      outer loop
         vertex -0.00576126 -0.095 -0.0261492
         vertex -0.00566611 -0.095 -0.0256708
         vertex -0.00566611 -0.0975 -0.0256708
      endloop
   endfacet
   facet normal 0.92388 -2.6554e-16 0.382683
      outer loop
         vertex -0.00566611 -0.095 -0.0266275
         vertex -0.00576126 -0.095 -0.0261492
         vertex -0.00576126 -0.0975 -0.0261492
      endloop
   endfacet
   facet normal 0.707107 -4.90654e-16 0.707107
      outer loop
         vertex -0.00539515 -0.095 -0.027033
         vertex -0.00566611 -0.095 -0.0266275
         vertex -0.00566611 -0.0975 -0.0266275
      endloop
   endfacet
   facet normal 0.382683 -6.4107e-16 0.92388
      outer loop
         vertex -0.00498962 -0.095 -0.027304
         vertex -0.00539515 -0.095 -0.027033
         vertex -0.00539515 -0.0975 -0.027033
      endloop
   endfacet
   facet normal -6.93889e-16 -6.93889e-16 1
      outer loop
         vertex -0.00451126 -0.095 -0.0273992
         vertex -0.00498962 -0.095 -0.027304
         vertex -0.00498962 -0.0975 -0.027304
      endloop
   endfacet
   facet normal -0.382683 -6.4107e-16 0.92388
      outer loop
         vertex -0.00403291 -0.095 -0.027304
         vertex -0.00451126 -0.095 -0.0273992
         vertex -0.00451126 -0.0975 -0.0273992
      endloop
   endfacet
   facet normal -0.707107 -4.90654e-16 0.707107
      outer loop
         vertex -0.00362738 -0.095 -0.027033
         vertex -0.00403291 -0.095 -0.027304
         vertex -0.00403291 -0.0975 -0.027304
      endloop
   endfacet
   facet normal -0.92388 -2.6554e-16 0.382683
      outer loop
         vertex -0.00335641 -0.095 -0.0266275
         vertex -0.00362738 -0.095 -0.027033
         vertex -0.00362738 -0.0975 -0.027033
      endloop
   endfacet
   facet normal -1 4.24885e-32 -6.12323e-17
      outer loop
         vertex -0.00326126 -0.095 -0.0261492
         vertex -0.00335641 -0.095 -0.0266275
         vertex -0.00335641 -0.0975 -0.0266275
      endloop
   endfacet
   facet normal -0.92388 2.6554e-16 -0.382683
      outer loop
         vertex -0.00335641 -0.095 -0.0256708
         vertex -0.00326126 -0.095 -0.0261492
         vertex -0.00326126 -0.0975 -0.0261492
      endloop
   endfacet
   facet normal -0.707107 4.90654e-16 -0.707107
      outer loop
         vertex -0.00362738 -0.095 -0.0252653
         vertex -0.00335641 -0.095 -0.0256708
         vertex -0.00335641 -0.0975 -0.0256708
      endloop
   endfacet
   facet normal -0.382683 6.4107e-16 -0.92388
      outer loop
         vertex -0.00403291 -0.095 -0.0249943
         vertex -0.00362738 -0.095 -0.0252653
         vertex -0.00362738 -0.0975 -0.0252653
      endloop
   endfacet
   facet normal 2.44929e-16 6.93889e-16 -1
      outer loop
         vertex -0.00451126 -0.095 -0.0248992
         vertex -0.00403291 -0.095 -0.0249943
         vertex -0.00403291 -0.0975 -0.0249943
      endloop
   endfacet
   facet normal -0.382683 6.4107e-16 -0.92388
      outer loop
         vertex -0.00403291 -0.0975 -0.0249943
         vertex -0.00451126 -0.0975 -0.0248992
         vertex -0.00451126 -0.095 -0.0248992
      endloop
   endfacet
   facet normal -0.707107 4.90654e-16 -0.707107
      outer loop
         vertex -0.00362738 -0.0975 -0.0252653
         vertex -0.00403291 -0.0975 -0.0249943
         vertex -0.00403291 -0.095 -0.0249943
      endloop
   endfacet
   facet normal -0.92388 2.6554e-16 -0.382683
      outer loop
         vertex -0.00335641 -0.0975 -0.0256708
         vertex -0.00362738 -0.0975 -0.0252653
         vertex -0.00362738 -0.095 -0.0252653
      endloop
   endfacet
   facet normal -1 4.24885e-32 -6.12323e-17
      outer loop
         vertex -0.00326126 -0.0975 -0.0261492
         vertex -0.00335641 -0.0975 -0.0256708
         vertex -0.00335641 -0.095 -0.0256708
      endloop
   endfacet
   facet normal -0.92388 -2.6554e-16 0.382683
      outer loop
         vertex -0.00335641 -0.0975 -0.0266275
         vertex -0.00326126 -0.0975 -0.0261492
         vertex -0.00326126 -0.095 -0.0261492
      endloop
   endfacet
   facet normal -0.707107 -4.90654e-16 0.707107
      outer loop
         vertex -0.00362738 -0.0975 -0.027033
         vertex -0.00335641 -0.0975 -0.0266275
         vertex -0.00335641 -0.095 -0.0266275
      endloop
   endfacet
   facet normal -0.382683 -6.4107e-16 0.92388
      outer loop
         vertex -0.00403291 -0.0975 -0.027304
         vertex -0.00362738 -0.0975 -0.027033
         vertex -0.00362738 -0.095 -0.027033
      endloop
   endfacet
   facet normal -1.22465e-16 -6.93889e-16 1
      outer loop
         vertex -0.00451126 -0.0975 -0.0273992
         vertex -0.00403291 -0.0975 -0.027304
         vertex -0.00403291 -0.095 -0.027304
      endloop
   endfacet
   facet normal 0.382683 -6.4107e-16 0.92388
      outer loop
         vertex -0.00498962 -0.0975 -0.027304
         vertex -0.00451126 -0.0975 -0.0273992
         vertex -0.00451126 -0.095 -0.0273992
      endloop
   endfacet
   facet normal 0.707107 -4.90654e-16 0.707107
      outer loop
         vertex -0.00539515 -0.0975 -0.027033
         vertex -0.00498962 -0.0975 -0.027304
         vertex -0.00498962 -0.095 -0.027304
      endloop
   endfacet
   facet normal 0.92388 -2.6554e-16 0.382683
      outer loop
         vertex -0.00566611 -0.0975 -0.0266275
         vertex -0.00539515 -0.0975 -0.027033
         vertex -0.00539515 -0.095 -0.027033
      endloop
   endfacet
   facet normal 1 -1.27465e-31 1.83697e-16
      outer loop
         vertex -0.00576126 -0.0975 -0.0261492
         vertex -0.00566611 -0.0975 -0.0266275
         vertex -0.00566611 -0.095 -0.0266275
      endloop
   endfacet
   facet normal 0.92388 2.6554e-16 -0.382683
      outer loop
         vertex -0.00566611 -0.0975 -0.0256708
         vertex -0.00576126 -0.0975 -0.0261492
         vertex -0.00576126 -0.095 -0.0261492
      endloop
   endfacet
   facet normal 0.707107 4.90654e-16 -0.707107
      outer loop
         vertex -0.00539515 -0.0975 -0.0252653
         vertex -0.00566611 -0.0975 -0.0256708
         vertex -0.00566611 -0.095 -0.0256708
      endloop
   endfacet
   facet normal 0.382683 6.4107e-16 -0.92388
      outer loop
         vertex -0.00498962 -0.0975 -0.0249943
         vertex -0.00539515 -0.0975 -0.0252653
         vertex -0.00539515 -0.095 -0.0252653
      endloop
   endfacet
   facet normal 2.44929e-16 6.93889e-16 -1
      outer loop
         vertex -0.00451126 -0.0975 -0.0248992
         vertex -0.00498962 -0.0975 -0.0249943
         vertex -0.00498962 -0.095 -0.0249943
      endloop
   endfacet
   facet normal 0 1 6.93889e-16
      outer loop
         vertex 0.0499399 -0.095 -0.0264109
         vertex 0.0592901 -0.095 -0.00438851
         vertex 0.0560723 -0.095 -0.0192549
      endloop
   endfacet
   facet normal 0 1 6.93889e-16
      outer loop
         vertex -0.00362738 -0.095 -0.027033
         vertex 0.00662773 -0.095 -0.0445898
         vertex 0.00108489 -0.095 -0.0431246
      endloop
   endfacet
   facet normal 0 1 6.93889e-16
      outer loop
         vertex 0.0132422 -0.095 -0.0441405
         vertex 0.0129501 -0.095 -0.0449431
         vertex 0.00662773 -0.095 -0.0445898
      endloop
   endfacet
   facet normal 0 1 6.93889e-16
      outer loop
         vertex -0.00403291 -0.095 -0.027304
         vertex 0.000982785 -0.095 -0.043082
         vertex -0.00342385 -0.095 -0.0402778
      endloop
   endfacet
   facet normal 0 1 6.93889e-16
      outer loop
         vertex -0.0100332 -0.095 -0.0243615
         vertex -0.00576126 -0.095 -0.0261492
         vertex -0.00566611 -0.095 -0.0266275
      endloop
   endfacet
   facet normal 0 1 6.93889e-16
      outer loop
         vertex 0.0499399 -0.095 -0.0264109
         vertex 0.0596407 -0.095 0.000312603
         vertex 0.0592901 -0.095 -0.00438851
      endloop
   endfacet
   facet normal 0 1 6.93889e-16
      outer loop
         vertex 0.058 -0.095 0.013
         vertex 0.0589476 -0.095 0.013
         vertex 0.0596407 -0.095 0.000312603
      endloop
   endfacet
   facet normal 0 1 6.93889e-16
      outer loop
         vertex 0.0545 -0.095 0.00283165
         vertex 0.0487851 -0.095 -0.0246825
         vertex 0.0505 -0.095 -0.0115
      endloop
   endfacet
   facet normal 0 1 6.93889e-16
      outer loop
         vertex 0.0487851 -0.095 -0.0246825
         vertex 0.0483067 -0.095 -0.0247776
         vertex 0.0485209 -0.095 -0.0214498
      endloop
   endfacet
   facet normal 0 1 6.93889e-16
      outer loop
         vertex 0.00662773 -0.095 -0.0445898
         vertex -0.00362738 -0.095 -0.027033
         vertex 0.0132422 -0.095 -0.0441405
      endloop
   endfacet
   facet normal 0 1 6.93889e-16
      outer loop
         vertex -0.00403291 -0.095 -0.027304
         vertex 0.00108489 -0.095 -0.0431246
         vertex 0.000982785 -0.095 -0.043082
      endloop
   endfacet
   facet normal 0 1 6.93889e-16
      outer loop
         vertex -0.00451126 -0.095 -0.0273992
         vertex -0.00342385 -0.095 -0.0402778
         vertex -0.00633437 -0.095 -0.0366504
      endloop
   endfacet
   facet normal 0 1 6.93889e-16
      outer loop
         vertex -0.00877871 -0.095 -0.0307682
         vertex -0.00539515 -0.095 -0.027033
         vertex -0.00498962 -0.095 -0.027304
      endloop
   endfacet
   facet normal 0 1 6.93889e-16
      outer loop
         vertex -0.00566611 -0.095 -0.0266275
         vertex -0.00877871 -0.095 -0.0307682
         vertex -0.0100332 -0.095 -0.0243615
      endloop
   endfacet
   facet normal 0 1 6.93889e-16
      outer loop
         vertex 0.0596407 -0.095 0.000312603
         vertex 0.0499399 -0.095 -0.0264109
         vertex 0.058 -0.095 0.013
      endloop
   endfacet
   facet normal 0 1 6.93889e-16
      outer loop
         vertex 0.0485209 -0.095 -0.0214498
         vertex 0.0505 -0.095 -0.0115
         vertex 0.0487851 -0.095 -0.0246825
      endloop
   endfacet
   facet normal 0 1 6.93889e-16
      outer loop
         vertex 0.00108489 -0.095 -0.0431246
         vertex -0.00403291 -0.095 -0.027304
         vertex -0.00362738 -0.095 -0.027033
      endloop
   endfacet
   facet normal 0 1 6.93889e-16
      outer loop
         vertex -0.00633437 -0.095 -0.0366504
         vertex -0.00498962 -0.095 -0.027304
         vertex -0.00451126 -0.095 -0.0273992
      endloop
   endfacet
   facet normal 0 1 6.93889e-16
      outer loop
         vertex -0.00566611 -0.095 -0.0266275
         vertex -0.00539515 -0.095 -0.027033
         vertex -0.00877871 -0.095 -0.0307682
      endloop
   endfacet
   facet normal 0 1 6.93889e-16
      outer loop
         vertex -0.0100332 -0.095 -0.0243615
         vertex -0.0100052 -0.095 -0.0242846
         vertex -0.00566611 -0.095 -0.0256708
      endloop
   endfacet
   facet normal 0 1 6.93889e-16
      outer loop
         vertex -0.0015 -0.095 0.0155
         vertex -0.00434515 -0.095 0.00456001
         vertex -0.00461612 -0.095 0.00496554
      endloop
   endfacet
   facet normal 0 1 6.93889e-16
      outer loop
         vertex -0.0055 -0.095 0.00283165
         vertex -0.00502165 -0.095 0.0029268
         vertex -0.0015 -0.095 -0.0115
      endloop
   endfacet
   facet normal 0 1 6.93889e-16
      outer loop
         vertex 0.0145502 -0.095 -0.0355209
         vertex 0.0245 -0.095 -0.0375
         vertex 0.0148513 -0.095 -0.0441055
      endloop
   endfacet
   facet normal 0 1 6.93889e-16
      outer loop
         vertex 0.0132422 -0.095 -0.0441405
         vertex -0.00362738 -0.095 -0.0252653
         vertex 0.00611522 -0.095 -0.0298848
      endloop
   endfacet
   facet normal 0 1 6.93889e-16
      outer loop
         vertex 0.0506016 -0.095 -0.0294873
         vertex 0.049669 -0.095 -0.0268164
         vertex 0.0499399 -0.095 -0.0264109
      endloop
   endfacet
   facet normal 0 1 6.93889e-16
      outer loop
         vertex 0.0479012 -0.095 -0.0268164
         vertex 0.0483067 -0.095 -0.0270873
         vertex 0.0433589 -0.095 -0.0362169
      endloop
   endfacet
   facet normal 0 1 6.93889e-16
      outer loop
         vertex 0.0479012 -0.095 -0.0268164
         vertex 0.0293569 -0.095 -0.042437
         vertex 0.0428848 -0.095 -0.0298848
      endloop
   endfacet
   facet normal 0 1 6.93889e-16
      outer loop
         vertex 0.0505 -0.095 -0.0115
         vertex 0.0540216 -0.095 0.0029268
         vertex 0.0545 -0.095 0.00283165
      endloop
   endfacet
   facet normal 0 1 6.93889e-16
      outer loop
         vertex -0.00342385 -0.095 -0.0402778
         vertex -0.00451126 -0.095 -0.0273992
         vertex -0.00403291 -0.095 -0.027304
      endloop
   endfacet
   facet normal 0 1 6.93889e-16
      outer loop
         vertex -0.00566611 -0.095 -0.0256708
         vertex -0.00576126 -0.095 -0.0261492
         vertex -0.0100332 -0.095 -0.0243615
      endloop
   endfacet
   facet normal 0 1 6.93889e-16
      outer loop
         vertex -0.0015 -0.095 0.0155
         vertex -0.00425 -0.095 0.00408165
         vertex -0.00434515 -0.095 0.00456001
      endloop
   endfacet
   facet normal 0 1 6.93889e-16
      outer loop
         vertex -0.0015 -0.095 -0.0115
         vertex -0.00434515 -0.095 0.0036033
         vertex -0.00425 -0.095 0.00408165
      endloop
   endfacet
   facet normal 0 1 6.93889e-16
      outer loop
         vertex -0.0015 -0.095 -0.0115
         vertex -0.00451126 -0.095 -0.0248992
         vertex -0.0055 -0.095 0.00283165
      endloop
   endfacet
   facet normal 0 1 6.93889e-16
      outer loop
         vertex 0.00611522 -0.095 -0.0298848
         vertex 0.0145502 -0.095 -0.0355209
         vertex 0.0132422 -0.095 -0.0441405
      endloop
   endfacet
   facet normal 0 1 6.93889e-16
      outer loop
         vertex 0.000479132 -0.095 -0.0214498
         vertex 0.00611522 -0.095 -0.0298848
         vertex -0.00362738 -0.095 -0.0252653
      endloop
   endfacet
   facet normal 0 1 6.93889e-16
      outer loop
         vertex 0.0506016 -0.095 -0.0294873
         vertex 0.0492634 -0.095 -0.0270873
         vertex 0.049669 -0.095 -0.0268164
      endloop
   endfacet
   facet normal 0 1 6.93889e-16
      outer loop
         vertex 0.0506016 -0.095 -0.0294873
         vertex 0.0433589 -0.095 -0.0362169
         vertex 0.0487851 -0.095 -0.0271825
      endloop
   endfacet
   facet normal 0 1 6.93889e-16
      outer loop
         vertex 0.0433589 -0.095 -0.0362169
         vertex 0.042014 -0.095 -0.0370851
         vertex 0.0479012 -0.095 -0.0268164
      endloop
   endfacet
   facet normal 0 1 6.93889e-16
      outer loop
         vertex 0.0293569 -0.095 -0.042437
         vertex 0.0344498 -0.095 -0.0355209
         vertex 0.0428848 -0.095 -0.0298848
      endloop
   endfacet
   facet normal 0 1 6.93889e-16
      outer loop
         vertex 0.0293569 -0.095 -0.042437
         vertex 0.0145678 -0.095 -0.0448843
         vertex 0.0148513 -0.095 -0.0441055
      endloop
   endfacet
   facet normal 0 1 6.93889e-16
      outer loop
         vertex 0.0485209 -0.095 -0.0214498
         vertex 0.0479012 -0.095 -0.0250486
         vertex 0.0476302 -0.095 -0.0254541
      endloop
   endfacet
   facet normal 0 1 6.93889e-16
      outer loop
         vertex 0.0545 -0.095 0.00283165
         vertex 0.0549784 -0.095 0.0029268
         vertex 0.0487851 -0.095 -0.0246825
      endloop
   endfacet
   facet normal 0 1 6.93889e-16
      outer loop
         vertex 0.0132422 -0.095 -0.0441405
         vertex -0.00335641 -0.095 -0.0266275
         vertex -0.00326126 -0.095 -0.0261492
      endloop
   endfacet
   facet normal 0 1 6.93889e-16
      outer loop
         vertex -0.00498962 -0.095 -0.027304
         vertex -0.00633437 -0.095 -0.0366504
         vertex -0.00877871 -0.095 -0.0307682
      endloop
   endfacet
   facet normal 0 1 6.93889e-16
      outer loop
         vertex -0.0100052 -0.095 -0.0242846
         vertex -0.00498962 -0.095 -0.0249943
         vertex -0.00539515 -0.095 -0.0252653
      endloop
   endfacet
   facet normal 0 1 6.93889e-16
      outer loop
         vertex -0.00425 -0.095 0.00408165
         vertex -0.0015 -0.095 0.0155
         vertex -0.0015 -0.095 -0.0115
      endloop
   endfacet
   facet normal 0 1 6.93889e-16
      outer loop
         vertex -0.0015 -0.095 -0.0115
         vertex -0.00502165 -0.095 0.0029268
         vertex -0.00461612 -0.095 0.00319777
      endloop
   endfacet
   facet normal 0 1 6.93889e-16
      outer loop
         vertex -0.00451126 -0.095 -0.0248992
         vertex -0.00597835 -0.095 0.0029268
         vertex -0.0055 -0.095 0.00283165
      endloop
   endfacet
   facet normal 0 1 6.93889e-16
      outer loop
         vertex -0.00362738 -0.095 -0.0252653
         vertex -0.00403291 -0.095 -0.0249943
         vertex 0.000479132 -0.095 -0.0214498
      endloop
   endfacet
   facet normal 0 1 6.93889e-16
      outer loop
         vertex 0.0487851 -0.095 -0.0271825
         vertex 0.0492634 -0.095 -0.0270873
         vertex 0.0506016 -0.095 -0.0294873
      endloop
   endfacet
   facet normal 0 1 6.93889e-16
      outer loop
         vertex 0.042014 -0.095 -0.0370851
         vertex 0.0293569 -0.095 -0.042437
         vertex 0.0479012 -0.095 -0.0268164
      endloop
   endfacet
   facet normal 0 1 6.93889e-16
      outer loop
         vertex 0.0428848 -0.095 -0.0298848
         vertex 0.0475351 -0.095 -0.0259325
         vertex 0.0476302 -0.095 -0.0264109
      endloop
   endfacet
   facet normal 0 1 6.93889e-16
      outer loop
         vertex 0.0148513 -0.095 -0.0441055
         vertex 0.0245 -0.095 -0.0375
         vertex 0.0293569 -0.095 -0.042437
      endloop
   endfacet
   facet normal 0 1 6.93889e-16
      outer loop
         vertex 0.0485209 -0.095 -0.0214498
         vertex 0.0483067 -0.095 -0.0247776
         vertex 0.0479012 -0.095 -0.0250486
      endloop
   endfacet
   facet normal 0 1 6.93889e-16
      outer loop
         vertex 0.0505 -0.095 -0.0115
         vertex 0.0536161 -0.095 0.00319777
         vertex 0.0540216 -0.095 0.0029268
      endloop
   endfacet
   facet normal 0 1 6.93889e-16
      outer loop
         vertex 0.0505 -0.095 -0.0115
         vertex 0.05325 -0.095 0.00408165
         vertex 0.0533452 -0.095 0.0036033
      endloop
   endfacet
   facet normal 0 1 6.93889e-16
      outer loop
         vertex 0.0545 -0.095 0.00533165
         vertex 0.058 -0.095 0.0155
         vertex 0.058 -0.095 0.013
      endloop
   endfacet
   facet normal 0 1 6.93889e-16
      outer loop
         vertex 0.058 -0.095 0.013
         vertex 0.0499399 -0.095 -0.0264109
         vertex 0.0500351 -0.095 -0.0259325
      endloop
   endfacet
   facet normal 0 1 6.93889e-16
      outer loop
         vertex -0.00675 -0.095 0.00408165
         vertex -0.0111071 -0.095 -0.014378
         vertex -0.0111252 -0.095 -0.00456703
      endloop
   endfacet
   facet normal 0 1 6.93889e-16
      outer loop
         vertex -0.0111071 -0.095 -0.014378
         vertex -0.00675 -0.095 0.00408165
         vertex -0.0104074 -0.095 -0.021004
      endloop
   endfacet
   facet normal 0 1 6.93889e-16
      outer loop
         vertex -0.00362738 -0.095 -0.027033
         vertex -0.00335641 -0.095 -0.0266275
         vertex 0.0132422 -0.095 -0.0441405
      endloop
   endfacet
   facet normal 0 1 6.93889e-16
      outer loop
         vertex -0.0100052 -0.095 -0.0242846
         vertex -0.00451126 -0.095 -0.0248992
         vertex -0.00498962 -0.095 -0.0249943
      endloop
   endfacet
   facet normal 0 1 6.93889e-16
      outer loop
         vertex -0.0015 -0.095 0.0155
         vertex -0.00502165 -0.095 0.0052365
         vertex -0.0055 -0.095 0.00533165
      endloop
   endfacet
   facet normal 0 1 6.93889e-16
      outer loop
         vertex -0.00461612 -0.095 0.00319777
         vertex -0.00434515 -0.095 0.0036033
         vertex -0.0015 -0.095 -0.0115
      endloop
   endfacet
   facet normal 0 1 6.93889e-16
      outer loop
         vertex -0.00451126 -0.095 -0.0248992
         vertex -0.00638388 -0.095 0.00319777
         vertex -0.00597835 -0.095 0.0029268
      endloop
   endfacet
   facet normal 0 1 6.93889e-16
      outer loop
         vertex -0.00403291 -0.095 -0.0249943
         vertex -0.0015 -0.095 -0.0115
         vertex 0.000479132 -0.095 -0.0214498
      endloop
   endfacet
   facet normal 0 1 6.93889e-16
      outer loop
         vertex 0.0483067 -0.095 -0.0270873
         vertex 0.0487851 -0.095 -0.0271825
         vertex 0.0433589 -0.095 -0.0362169
      endloop
   endfacet
   facet normal 0 1 6.93889e-16
      outer loop
         vertex 0.0245 -0.095 -0.0375
         vertex 0.0344498 -0.095 -0.0355209
         vertex 0.0293569 -0.095 -0.042437
      endloop
   endfacet
   facet normal 0 1 6.93889e-16
      outer loop
         vertex 0.0476302 -0.095 -0.0254541
         vertex 0.0428848 -0.095 -0.0298848
         vertex 0.0485209 -0.095 -0.0214498
      endloop
   endfacet
   facet normal 0 1 6.93889e-16
      outer loop
         vertex 0.0533452 -0.095 0.0036033
         vertex 0.0536161 -0.095 0.00319777
         vertex 0.0505 -0.095 -0.0115
      endloop
   endfacet
   facet normal 0 1 6.93889e-16
      outer loop
         vertex 0.0505 -0.095 0.0155
         vertex 0.0533452 -0.095 0.00456001
         vertex 0.05325 -0.095 0.00408165
      endloop
   endfacet
   facet normal 0 1 6.93889e-16
      outer loop
         vertex 0.0505 -0.095 0.0155
         vertex 0.058 -0.095 0.0155
         vertex 0.0545 -0.095 0.00533165
      endloop
   endfacet
   facet normal 0 1 6.93889e-16
      outer loop
         vertex 0.0553839 -0.095 0.00319777
         vertex 0.0500351 -0.095 -0.0259325
         vertex 0.0499399 -0.095 -0.0254541
      endloop
   endfacet
   facet normal 0 1 6.93889e-16
      outer loop
         vertex 0.058 -0.095 0.013
         vertex 0.0553839 -0.095 0.00496554
         vertex 0.0549784 -0.095 0.0052365
      endloop
   endfacet
   facet normal 0 1 6.93889e-16
      outer loop
         vertex 0.058 -0.095 0.013
         vertex 0.05575 -0.095 0.00408165
         vertex 0.0556548 -0.095 0.00456001
      endloop
   endfacet
   facet normal 0 1 6.93889e-16
      outer loop
         vertex 0.0500351 -0.095 -0.0259325
         vertex 0.0556548 -0.095 0.0036033
         vertex 0.058 -0.095 0.013
      endloop
   endfacet
   facet normal 0 1 6.93889e-16
      outer loop
         vertex -0.0104074 -0.095 -0.021004
         vertex -0.0110915 -0.095 -0.0228834
         vertex -0.0111071 -0.095 -0.014378
      endloop
   endfacet
   facet normal 0 1 6.93889e-16
      outer loop
         vertex -0.00597835 -0.095 0.0052365
         vertex -0.00638388 -0.095 0.00496554
         vertex -0.00924409 -0.095 0.0117744
      endloop
   endfacet
   facet normal 0 1 6.93889e-16
      outer loop
         vertex -0.00539515 -0.095 -0.0252653
         vertex -0.00566611 -0.095 -0.0256708
         vertex -0.0100052 -0.095 -0.0242846
      endloop
   endfacet
   facet normal 0 1 6.93889e-16
      outer loop
         vertex -0.00461612 -0.095 0.00496554
         vertex -0.00502165 -0.095 0.0052365
         vertex -0.0015 -0.095 0.0155
      endloop
   endfacet
   facet normal 0 1 6.93889e-16
      outer loop
         vertex 0.0148513 -0.095 -0.0441055
         vertex 0.0132422 -0.095 -0.0441405
         vertex 0.0145502 -0.095 -0.0355209
      endloop
   endfacet
   facet normal 0 1 6.93889e-16
      outer loop
         vertex 0.0428848 -0.095 -0.0298848
         vertex 0.0476302 -0.095 -0.0264109
         vertex 0.0479012 -0.095 -0.0268164
      endloop
   endfacet
   facet normal 0 1 6.93889e-16
      outer loop
         vertex 0.0549784 -0.095 0.0029268
         vertex 0.0553839 -0.095 0.00319777
         vertex 0.0487851 -0.095 -0.0246825
      endloop
   endfacet
   facet normal 0 1 6.93889e-16
      outer loop
         vertex 0.0505 -0.095 0.0155
         vertex 0.0536161 -0.095 0.00496554
         vertex 0.0533452 -0.095 0.00456001
      endloop
   endfacet
   facet normal 0 1 6.93889e-16
      outer loop
         vertex 0.0545 -0.095 0.00533165
         vertex 0.0540216 -0.095 0.0052365
         vertex 0.0505 -0.095 0.0155
      endloop
   endfacet
   facet normal 0 1 6.93889e-16
      outer loop
         vertex 0.0499399 -0.095 -0.0254541
         vertex 0.049669 -0.095 -0.0250486
         vertex 0.0553839 -0.095 0.00319777
      endloop
   endfacet
   facet normal 0 1 6.93889e-16
      outer loop
         vertex 0.0556548 -0.095 0.00456001
         vertex 0.0553839 -0.095 0.00496554
         vertex 0.058 -0.095 0.013
      endloop
   endfacet
   facet normal 0 1 6.93889e-16
      outer loop
         vertex 0.0500351 -0.095 -0.0259325
         vertex 0.0553839 -0.095 0.00319777
         vertex 0.0556548 -0.095 0.0036033
      endloop
   endfacet
   facet normal 0 1 6.93889e-16
      outer loop
         vertex -0.00924409 -0.095 0.0117744
         vertex -0.00665485 -0.095 0.00456001
         vertex -0.00675 -0.095 0.00408165
      endloop
   endfacet
   facet normal 0 1 6.93889e-16
      outer loop
         vertex -0.00924409 -0.095 0.0117744
         vertex -0.00910301 -0.095 0.013
         vertex -0.00597835 -0.095 0.0052365
      endloop
   endfacet
   facet normal 0 1 6.93889e-16
      outer loop
         vertex -0.00451126 -0.095 -0.0248992
         vertex -0.0100052 -0.095 -0.0242846
         vertex -0.0104074 -0.095 -0.021004
      endloop
   endfacet
   facet normal 0 1 6.93889e-16
      outer loop
         vertex -0.00326126 -0.095 -0.0261492
         vertex -0.00335641 -0.095 -0.0256708
         vertex 0.0132422 -0.095 -0.0441405
      endloop
   endfacet
   facet normal 0 1 6.93889e-16
      outer loop
         vertex -0.0015 -0.095 -0.0115
         vertex -0.00403291 -0.095 -0.0249943
         vertex -0.00451126 -0.095 -0.0248992
      endloop
   endfacet
   facet normal 0 1 6.93889e-16
      outer loop
         vertex -0.00451126 -0.095 -0.0248992
         vertex -0.00675 -0.095 0.00408165
         vertex -0.00665485 -0.095 0.0036033
      endloop
   endfacet
   facet normal 0 1 6.93889e-16
      outer loop
         vertex 0.0476302 -0.095 -0.0254541
         vertex 0.0475351 -0.095 -0.0259325
         vertex 0.0428848 -0.095 -0.0298848
      endloop
   endfacet
   facet normal 0 1 6.93889e-16
      outer loop
         vertex 0.0540216 -0.095 0.0052365
         vertex 0.0536161 -0.095 0.00496554
         vertex 0.0505 -0.095 0.0155
      endloop
   endfacet
   facet normal 0 1 6.93889e-16
      outer loop
         vertex 0.049669 -0.095 -0.0250486
         vertex 0.0492634 -0.095 -0.0247776
         vertex 0.0553839 -0.095 0.00319777
      endloop
   endfacet
   facet normal 0 1 6.93889e-16
      outer loop
         vertex 0.0556548 -0.095 0.0036033
         vertex 0.05575 -0.095 0.00408165
         vertex 0.058 -0.095 0.013
      endloop
   endfacet
   facet normal 0 1 6.93889e-16
      outer loop
         vertex -0.0055 -0.095 0.00533165
         vertex -0.009 -0.095 0.013
         vertex -0.009 -0.095 0.0135962
      endloop
   endfacet
   facet normal 0 1 6.93889e-16
      outer loop
         vertex -0.00638388 -0.095 0.00496554
         vertex -0.00665485 -0.095 0.00456001
         vertex -0.00924409 -0.095 0.0117744
      endloop
   endfacet
   facet normal 0 1 6.93889e-16
      outer loop
         vertex -0.00597835 -0.095 0.0052365
         vertex -0.00910301 -0.095 0.013
         vertex -0.009 -0.095 0.013
      endloop
   endfacet
   facet normal 0 1 6.93889e-16
      outer loop
         vertex -0.00335641 -0.095 -0.0256708
         vertex -0.00362738 -0.095 -0.0252653
         vertex 0.0132422 -0.095 -0.0441405
      endloop
   endfacet
   facet normal 0 1 6.93889e-16
      outer loop
         vertex -0.00665485 -0.095 0.0036033
         vertex -0.00638388 -0.095 0.00319777
         vertex -0.00451126 -0.095 -0.0248992
      endloop
   endfacet
   facet normal 0 1 6.93889e-16
      outer loop
         vertex 0.05325 -0.095 0.00408165
         vertex 0.0505 -0.095 -0.0115
         vertex 0.0505 -0.095 0.0155
      endloop
   endfacet
   facet normal 0 1 6.93889e-16
      outer loop
         vertex 0.058 -0.095 0.013
         vertex 0.0549784 -0.095 0.0052365
         vertex 0.0545 -0.095 0.00533165
      endloop
   endfacet
   facet normal 0 1 6.93889e-16
      outer loop
         vertex -0.009 -0.095 0.0135962
         vertex -0.00868717 -0.095 0.0153202
         vertex -0.0055 -0.095 0.00533165
      endloop
   endfacet
   facet normal 0 1 6.93889e-16
      outer loop
         vertex -0.009 -0.095 0.013
         vertex -0.0055 -0.095 0.00533165
         vertex -0.00597835 -0.095 0.0052365
      endloop
   endfacet
   facet normal 0 1 6.93889e-16
      outer loop
         vertex -0.0055 -0.095 0.00533165
         vertex -0.00864672 -0.095 0.0155
         vertex -0.0015 -0.095 0.0155
      endloop
   endfacet
   facet normal 0 1 6.93889e-16
      outer loop
         vertex 0.0492634 -0.095 -0.0247776
         vertex 0.0487851 -0.095 -0.0246825
         vertex 0.0553839 -0.095 0.00319777
      endloop
   endfacet
   facet normal 0 1 6.93889e-16
      outer loop
         vertex -0.0111252 -0.095 -0.00456703
         vertex -0.00924409 -0.095 0.0117744
         vertex -0.00675 -0.095 0.00408165
      endloop
   endfacet
   facet normal 0 1 6.93889e-16
      outer loop
         vertex 0.0560723 -0.095 -0.0192549
         vertex 0.0506016 -0.095 -0.0294873
         vertex 0.0499399 -0.095 -0.0264109
      endloop
   endfacet
   facet normal 0 1 6.93889e-16
      outer loop
         vertex -0.0104074 -0.095 -0.021004
         vertex -0.00675 -0.095 0.00408165
         vertex -0.00451126 -0.095 -0.0248992
      endloop
   endfacet
   facet normal 0 1 6.93889e-16
      outer loop
         vertex -0.00868717 -0.095 0.0153202
         vertex -0.00864672 -0.095 0.0155
         vertex -0.0055 -0.095 0.00533165
      endloop
   endfacet
   facet normal 0.283672 0.955561 0.0802127
      outer loop
         vertex -0.00906238 -0.0949556 -0.0308484
         vertex -0.00877871 -0.095 -0.0307682
         vertex -0.00633437 -0.095 -0.0366504
      endloop
   endfacet
   facet normal 0.283672 0.955561 0.0802127
      outer loop
         vertex -0.00906238 -0.0949556 -0.0308484
         vertex -0.00659369 -0.0949534 -0.0368049
         vertex -0.00682882 -0.0948178 -0.036945
      endloop
   endfacet
   facet normal 0.542131 0.826193 0.153296
      outer loop
         vertex -0.00932084 -0.0948262 -0.0309215
         vertex -0.00682882 -0.0948178 -0.036945
         vertex -0.00701781 -0.0946059 -0.0370576
      endloop
   endfacet
   facet normal 0.752406 0.623394 0.212755
      outer loop
         vertex -0.00953112 -0.0946234 -0.0309809
         vertex -0.00701781 -0.0946059 -0.0370576
         vertex -0.00714304 -0.0943374 -0.0371322
      endloop
   endfacet
   facet normal 0.808672 0.337445 0.48185
      outer loop
         vertex -0.00714304 -0.0943374 -0.0371322
         vertex -0.00728544 -0.0940389 -0.0369391
         vertex -0.00932385 -0.0940685 -0.0320364
      endloop
   endfacet
   facet normal 0.808672 0.337445 0.48185
      outer loop
         vertex -0.00714304 -0.0943374 -0.0371322
         vertex -0.00719283 -0.0940375 -0.0371619
         vertex -0.00728544 -0.0940389 -0.0369391
      endloop
   endfacet
   facet normal 0.949915 0.0769916 0.302875
      outer loop
         vertex -0.00932385 -0.0940685 -0.0320364
         vertex -0.00967452 -0.0943652 -0.0310215
         vertex -0.00714304 -0.0943374 -0.0371322
      endloop
   endfacet
   facet normal 0.259321 0.953351 0.154517
      outer loop
         vertex -0.00659369 -0.0949534 -0.0368049
         vertex -0.00633437 -0.095 -0.0366504
         vertex -0.00342385 -0.095 -0.0402778
      endloop
   endfacet
   facet normal 0.259321 0.953351 0.154517
      outer loop
         vertex -0.00659369 -0.0949534 -0.0368049
         vertex -0.00363113 -0.094952 -0.040503
         vertex -0.00381851 -0.0948126 -0.0407066
      endloop
   endfacet
   facet normal 0.494447 0.817755 0.294618
      outer loop
         vertex -0.00682882 -0.0948178 -0.036945
         vertex -0.00381851 -0.0948126 -0.0407066
         vertex -0.00396801 -0.0945952 -0.040869
      endloop
   endfacet
   facet normal 0.683442 0.605863 0.407231
      outer loop
         vertex -0.00701781 -0.0946059 -0.0370576
         vertex -0.00396801 -0.0945952 -0.040869
         vertex -0.00406527 -0.0943207 -0.0409747
      endloop
   endfacet
   facet normal 0.808672 0.337445 0.48185
      outer loop
         vertex -0.00714304 -0.0943374 -0.0371322
         vertex -0.00406527 -0.0943207 -0.0409747
         vertex -0.00450723 -0.0940183 -0.0405074
      endloop
   endfacet
   facet normal 0.641412 0.320706 0.696949
      outer loop
         vertex -0.00406527 -0.0943207 -0.0409747
         vertex -0.00410096 -0.0940154 -0.0410135
         vertex -0.00450723 -0.0940183 -0.0405074
      endloop
   endfacet
   facet normal 0.207277 0.952003 0.225224
      outer loop
         vertex -0.00363113 -0.094952 -0.040503
         vertex -0.00342385 -0.095 -0.0402778
         vertex 0.000982785 -0.095 -0.043082
      endloop
   endfacet
   facet normal -2.17507e-17 1 6.42241e-16
      outer loop
         vertex 0.000982785 -0.095 -0.043082
         vertex 0.000966278 -0.0949507 -0.0434112
         vertex -0.00363113 -0.094952 -0.040503
      endloop
   endfacet
   facet normal 0.207277 0.952003 0.225224
      outer loop
         vertex -0.00363113 -0.094952 -0.040503
         vertex 0.000966278 -0.0949507 -0.0434112
         vertex 0.000859367 -0.0948075 -0.0436696
      endloop
   endfacet
   facet normal 0.394656 0.812621 0.428828
      outer loop
         vertex -0.00381851 -0.0948126 -0.0407066
         vertex 0.000859367 -0.0948075 -0.0436696
         vertex 0.000774706 -0.0945848 -0.0438741
      endloop
   endfacet
   facet normal 0.544152 0.595233 0.591267
      outer loop
         vertex -0.00396801 -0.0945952 -0.040869
         vertex 0.000774706 -0.0945848 -0.0438741
         vertex 0.000720648 -0.0943043 -0.0440048
      endloop
   endfacet
   facet normal 0.641412 0.320706 0.696949
      outer loop
         vertex -0.00406527 -0.0943207 -0.0409747
         vertex 0.000720648 -0.0943043 -0.0440048
         vertex -0.00126964 -0.0940026 -0.0428164
      endloop
   endfacet
   facet normal 0.364243 0.304268 0.880198
      outer loop
         vertex 0.000720648 -0.0943043 -0.0440048
         vertex 0.000702526 -0.0939938 -0.0440486
         vertex 0.000594755 -0.0939943 -0.0440036
      endloop
   endfacet
   facet normal 0.38803 -0.00574872 0.921629
      outer loop
         vertex 0.000594755 -0.0939943 -0.0440036
         vertex -0.00126964 -0.0940026 -0.0428164
         vertex 0.000720648 -0.0943043 -0.0440048
      endloop
   endfacet
   facet normal 0.0457852 0.948874 0.312317
      outer loop
         vertex 0.00658194 -0.0949489 -0.0449022
         vertex 0.000966278 -0.0949507 -0.0434112
         vertex 0.00108489 -0.095 -0.0431246
      endloop
   endfacet
   facet normal 0.118613 0.95067 0.28663
      outer loop
         vertex 0.000966278 -0.0949507 -0.0434112
         vertex 0.00658194 -0.0949489 -0.0449022
         vertex 0.00654084 -0.0948007 -0.0451825
      endloop
   endfacet
   facet normal 0.225524 0.807548 0.544981
      outer loop
         vertex 0.000859367 -0.0948075 -0.0436696
         vertex 0.00654084 -0.0948007 -0.0451825
         vertex 0.00650862 -0.0945707 -0.0454023
      endloop
   endfacet
   facet normal 0.310185 0.584754 0.749565
      outer loop
         vertex 0.000774706 -0.0945848 -0.0438741
         vertex 0.00650862 -0.0945707 -0.0454023
         vertex 0.00648858 -0.0942823 -0.045539
      endloop
   endfacet
   facet normal 0.139148 0.282318 0.949176
      outer loop
         vertex 0.00648858 -0.0942823 -0.045539
         vertex 0.00557853 -0.0939696 -0.0453393
         vertex 0.0020115 -0.0939873 -0.0443951
      endloop
   endfacet
   facet normal 0.139148 0.282318 0.949176
      outer loop
         vertex 0.00648858 -0.0942823 -0.045539
         vertex 0.00648277 -0.0939651 -0.0455787
         vertex 0.00557853 -0.0939696 -0.0453393
      endloop
   endfacet
   facet normal 0.319707 -0.0147136 0.947402
      outer loop
         vertex 0.0020115 -0.0939873 -0.0443951
         vertex 0.000720648 -0.0943043 -0.0440048
         vertex 0.00648858 -0.0942823 -0.045539
      endloop
   endfacet
   facet normal 0 1 0
      outer loop
         vertex 0.00662773 -0.095 -0.0445898
         vertex 0.0129501 -0.095 -0.0449431
         vertex 0.0128321 -0.0949403 -0.0452674
      endloop
   endfacet
   facet normal 0.0457852 0.948874 0.312317
      outer loop
         vertex 0.00658194 -0.0949489 -0.0449022
         vertex 0.0128187 -0.0949336 -0.0453041
         vertex 0.0127271 -0.0947868 -0.045556
      endloop
   endfacet
   facet normal 0.0457852 0.948874 0.312317
      outer loop
         vertex 0.00658194 -0.0949489 -0.0449022
         vertex 0.0128321 -0.0949403 -0.0452674
         vertex 0.0128187 -0.0949336 -0.0453041
      endloop
   endfacet
   facet normal 0.0868889 0.800724 0.592698
      outer loop
         vertex 0.00654084 -0.0948007 -0.0451825
         vertex 0.0127158 -0.0947689 -0.0455868
         vertex 0.01264 -0.0945323 -0.0457951
      endloop
   endfacet
   facet normal 0.0868889 0.800724 0.592698
      outer loop
         vertex 0.00654084 -0.0948007 -0.0451825
         vertex 0.0127271 -0.0947868 -0.045556
         vertex 0.0127158 -0.0947689 -0.0455868
      endloop
   endfacet
   facet normal 0.119108 0.570698 0.812476
      outer loop
         vertex 0.00650862 -0.0945707 -0.0454023
         vertex 0.01264 -0.0945323 -0.0457951
         vertex 0.0125963 -0.0942524 -0.0459152
      endloop
   endfacet
   facet normal 0.139148 0.282318 0.949176
      outer loop
         vertex 0.00648858 -0.0942823 -0.045539
         vertex 0.0125963 -0.0942524 -0.0459152
         vertex 0.0125949 -0.0942435 -0.045919
      endloop
   endfacet
   facet normal -0.0124081 0.243534 0.969813
      outer loop
         vertex 0.0125949 -0.0942435 -0.045919
         vertex 0.00648277 -0.0939651 -0.0455787
         vertex 0.00648858 -0.0942823 -0.045539
      endloop
   endfacet
   facet normal 0.895809 0.365189 0.253305
      outer loop
         vertex -0.00967452 -0.0943652 -0.0310215
         vertex -0.00973831 -0.0940745 -0.0310395
         vertex -0.0107544 -0.0941017 -0.0263432
      endloop
   endfacet
   facet normal 0.982159 0.101688 0.158186
      outer loop
         vertex -0.0107544 -0.0941017 -0.0263432
         vertex -0.0107479 -0.0941694 -0.0263253
         vertex -0.00967452 -0.0943652 -0.0310215
      endloop
   endfacet
   facet normal 0.973054 0.169429 0.156395
      outer loop
         vertex -0.0107479 -0.0941694 -0.0263253
         vertex -0.0107133 -0.0943512 -0.0262301
         vertex -0.00967452 -0.0943652 -0.0310215
      endloop
   endfacet
   facet normal 0.752406 0.623394 0.212755
      outer loop
         vertex -0.00953112 -0.0946234 -0.0309809
         vertex -0.00967452 -0.0943652 -0.0310215
         vertex -0.0107007 -0.0943839 -0.0261954
      endloop
   endfacet
   facet normal 0.911164 0.38597 0.144245
      outer loop
         vertex -0.0107007 -0.0943839 -0.0261954
         vertex -0.0106184 -0.094597 -0.0259693
         vertex -0.00953112 -0.0946234 -0.0309809
      endloop
   endfacet
   facet normal 0.542131 0.826193 0.153296
      outer loop
         vertex -0.00932084 -0.0948262 -0.0309215
         vertex -0.00953112 -0.0946234 -0.0309809
         vertex -0.0105935 -0.0946341 -0.0259009
      endloop
   endfacet
   facet normal 0.283672 0.955561 0.0802127
      outer loop
         vertex -0.00906238 -0.0949556 -0.0308484
         vertex -0.00932084 -0.0948262 -0.0309215
         vertex -0.0105062 -0.094764 -0.0256612
      endloop
   endfacet
   facet normal 0 1 6.93889e-16
      outer loop
         vertex -0.00877871 -0.095 -0.0307682
         vertex -0.00906238 -0.0949556 -0.0308484
         vertex -0.01023 -0.0949018 -0.0249023
      endloop
   endfacet
   facet normal 0.285552 0.957586 0.0385945
      outer loop
         vertex -0.01023 -0.0949018 -0.0249023
         vertex -0.0100332 -0.095 -0.0243615
         vertex -0.00877871 -0.095 -0.0307682
      endloop
   endfacet
   facet normal 0.638213 0.764 0.0948118
      outer loop
         vertex -0.0105062 -0.094764 -0.0256612
         vertex -0.01023 -0.0949018 -0.0249023
         vertex -0.00906238 -0.0949556 -0.0308484
      endloop
   endfacet
   facet normal 0.761879 0.637158 0.116489
      outer loop
         vertex -0.0105935 -0.0946341 -0.0259009
         vertex -0.0105062 -0.094764 -0.0256612
         vertex -0.00932084 -0.0948262 -0.0309215
      endloop
   endfacet
   facet normal 0.792847 0.59704 0.122216
      outer loop
         vertex -0.0106184 -0.094597 -0.0259693
         vertex -0.0105935 -0.0946341 -0.0259009
         vertex -0.00953112 -0.0946234 -0.0309809
      endloop
   endfacet
   facet normal 0.9247 0.351177 0.146985
      outer loop
         vertex -0.0107133 -0.0943512 -0.0262301
         vertex -0.0107007 -0.0943839 -0.0261954
         vertex -0.00967452 -0.0943652 -0.0310215
      endloop
   endfacet
   facet normal -0.0124081 0.243534 0.969813
      outer loop
         vertex 0.0125949 -0.0942435 -0.045919
         vertex 0.0125849 -0.0939272 -0.0459466
         vertex 0.00648277 -0.0939651 -0.0455787
      endloop
   endfacet
   facet normal -0.0124058 0.253023 0.967381
      outer loop
         vertex 0.0125963 -0.0942524 -0.0459152
         vertex 0.00648858 -0.0942823 -0.045539
         vertex 0.00650862 -0.0945707 -0.0454023
      endloop
   endfacet
   facet normal -0.0116414 0.532304 0.846473
      outer loop
         vertex 0.01264 -0.0945323 -0.0457951
         vertex 0.00650862 -0.0945707 -0.0454023
         vertex 0.00654084 -0.0948007 -0.0451825
      endloop
   endfacet
   facet normal -0.00954315 0.791316 0.611333
      outer loop
         vertex 0.0127271 -0.0947868 -0.045556
         vertex 0.00654084 -0.0948007 -0.0451825
         vertex 0.00658194 -0.0949489 -0.0449022
      endloop
   endfacet
   facet normal -0.00577056 0.946347 0.3231
      outer loop
         vertex 0.0128321 -0.0949403 -0.0452674
         vertex 0.00658194 -0.0949489 -0.0449022
         vertex 0.00662773 -0.095 -0.0445898
      endloop
   endfacet
   facet normal 0.319707 -0.0147136 0.947402
      outer loop
         vertex 0.0020115 -0.0939873 -0.0443951
         vertex 0.000702526 -0.0939938 -0.0440486
         vertex 0.000720648 -0.0943043 -0.0440048
      endloop
   endfacet
   facet normal 0.139148 0.282318 0.949176
      outer loop
         vertex 0.00648858 -0.0942823 -0.045539
         vertex 0.000720648 -0.0943043 -0.0440048
         vertex 0.000774706 -0.0945848 -0.0438741
      endloop
   endfacet
   facet normal 0.119108 0.570698 0.812476
      outer loop
         vertex 0.00650862 -0.0945707 -0.0454023
         vertex 0.000774706 -0.0945848 -0.0438741
         vertex 0.000859367 -0.0948075 -0.0436696
      endloop
   endfacet
   facet normal 0.0868889 0.800724 0.592698
      outer loop
         vertex 0.00654084 -0.0948007 -0.0451825
         vertex 0.000859367 -0.0948075 -0.0436696
         vertex 0.000966278 -0.0949507 -0.0434112
      endloop
   endfacet
   facet normal 0 1 0
      outer loop
         vertex 0.00108489 -0.095 -0.0431246
         vertex 0.00662773 -0.095 -0.0445898
         vertex 0.00658194 -0.0949489 -0.0449022
      endloop
   endfacet
   facet normal 0.504366 0.00344338 0.863483
      outer loop
         vertex -0.00126964 -0.0940026 -0.0428164
         vertex -0.00410096 -0.0940154 -0.0410135
         vertex -0.00406527 -0.0943207 -0.0409747
      endloop
   endfacet
   facet normal 0.364243 0.304268 0.880198
      outer loop
         vertex 0.000720648 -0.0943043 -0.0440048
         vertex -0.00406527 -0.0943207 -0.0409747
         vertex -0.00396801 -0.0945952 -0.040869
      endloop
   endfacet
   facet normal 0.310185 0.584754 0.749565
      outer loop
         vertex 0.000774706 -0.0945848 -0.0438741
         vertex -0.00396801 -0.0945952 -0.040869
         vertex -0.00381851 -0.0948126 -0.0407066
      endloop
   endfacet
   facet normal 0.225524 0.807548 0.544981
      outer loop
         vertex 0.000859367 -0.0948075 -0.0436696
         vertex -0.00381851 -0.0948126 -0.0407066
         vertex -0.00363113 -0.094952 -0.040503
      endloop
   endfacet
   facet normal -2.17507e-17 1 6.42241e-16
      outer loop
         vertex 0.000982785 -0.095 -0.043082
         vertex 0.00108489 -0.095 -0.0431246
         vertex 0.000966278 -0.0949507 -0.0434112
      endloop
   endfacet
   facet normal 0.706424 0.0199856 0.707506
      outer loop
         vertex -0.00450723 -0.0940183 -0.0405074
         vertex -0.00719283 -0.0940375 -0.0371619
         vertex -0.00714304 -0.0943374 -0.0371322
      endloop
   endfacet
   facet normal 0.641412 0.320706 0.696949
      outer loop
         vertex -0.00406527 -0.0943207 -0.0409747
         vertex -0.00714304 -0.0943374 -0.0371322
         vertex -0.00701781 -0.0946059 -0.0370576
      endloop
   endfacet
   facet normal 0.544152 0.595233 0.591267
      outer loop
         vertex -0.00396801 -0.0945952 -0.040869
         vertex -0.00701781 -0.0946059 -0.0370576
         vertex -0.00682882 -0.0948178 -0.036945
      endloop
   endfacet
   facet normal 0.394656 0.812621 0.428828
      outer loop
         vertex -0.00381851 -0.0948126 -0.0407066
         vertex -0.00682882 -0.0948178 -0.036945
         vertex -0.00659369 -0.0949534 -0.0368049
      endloop
   endfacet
   facet normal 0 1 0
      outer loop
         vertex -0.00342385 -0.095 -0.0402778
         vertex -0.00363113 -0.094952 -0.040503
         vertex -0.00659369 -0.0949534 -0.0368049
      endloop
   endfacet
   facet normal 0.949915 0.0769916 0.302875
      outer loop
         vertex -0.00932385 -0.0940685 -0.0320364
         vertex -0.00973831 -0.0940745 -0.0310395
         vertex -0.00967452 -0.0943652 -0.0310215
      endloop
   endfacet
   facet normal 0.808672 0.337445 0.48185
      outer loop
         vertex -0.00714304 -0.0943374 -0.0371322
         vertex -0.00967452 -0.0943652 -0.0310215
         vertex -0.00953112 -0.0946234 -0.0309809
      endloop
   endfacet
   facet normal 0.683442 0.605863 0.407231
      outer loop
         vertex -0.00701781 -0.0946059 -0.0370576
         vertex -0.00953112 -0.0946234 -0.0309809
         vertex -0.00932084 -0.0948262 -0.0309215
      endloop
   endfacet
   facet normal 0.494447 0.817755 0.294618
      outer loop
         vertex -0.00682882 -0.0948178 -0.036945
         vertex -0.00932084 -0.0948262 -0.0309215
         vertex -0.00906238 -0.0949556 -0.0308484
      endloop
   endfacet
   facet normal 0 1 6.93889e-16
      outer loop
         vertex -0.00633437 -0.095 -0.0366504
         vertex -0.00659369 -0.0949534 -0.0368049
         vertex -0.00906238 -0.0949556 -0.0308484
      endloop
   endfacet
   facet normal -0.939693 -3.91857e-16 0.34202
      outer loop
         vertex 0.0140098 -0.0846927 -0.0420318
         vertex 0.0125963 -0.0942524 -0.0459152
         vertex 0.01264 -0.0945323 -0.0457951
      endloop
   endfacet
   facet normal -0.939693 -3.91857e-16 0.34202
      outer loop
         vertex 0.0140098 -0.0846927 -0.0420318
         vertex 0.0127271 -0.0947868 -0.045556
         vertex 0.0128187 -0.0949336 -0.0453041
      endloop
   endfacet
   facet normal -0.939693 -3.91857e-16 0.34202
      outer loop
         vertex 0.01264 -0.0945323 -0.0457951
         vertex 0.0127158 -0.0947689 -0.0455868
         vertex 0.0140098 -0.0846927 -0.0420318
      endloop
   endfacet
   facet normal -0.939693 -3.91857e-16 0.34202
      outer loop
         vertex 0.0140098 -0.0846927 -0.0420318
         vertex 0.0125849 -0.0939272 -0.0459466
         vertex 0.0125949 -0.0942435 -0.045919
      endloop
   endfacet
   facet normal -0.939693 -3.91857e-16 0.34202
      outer loop
         vertex 0.0140098 -0.0846927 -0.0420318
         vertex 0.0128321 -0.0949403 -0.0452674
         vertex 0.0129501 -0.095 -0.0449431
      endloop
   endfacet
   facet normal -0.939693 -3.91857e-16 0.34202
      outer loop
         vertex 0.0127158 -0.0947689 -0.0455868
         vertex 0.0127271 -0.0947868 -0.045556
         vertex 0.0140098 -0.0846927 -0.0420318
      endloop
   endfacet
   facet normal -0.939693 -3.91857e-16 0.34202
      outer loop
         vertex 0.0140098 -0.0846927 -0.0420318
         vertex 0.0133163 -0.084471 -0.043937
         vertex 0.0125849 -0.0939272 -0.0459466
      endloop
   endfacet
   facet normal -0.939693 -3.91857e-16 0.34202
      outer loop
         vertex 0.0140098 -0.0846927 -0.0420318
         vertex 0.0146943 -0.0755 -0.040151
         vertex 0.0140103 -0.0755 -0.0420304
      endloop
   endfacet
   facet normal -0.939693 -3.91857e-16 0.34202
      outer loop
         vertex 0.0128187 -0.0949336 -0.0453041
         vertex 0.0128321 -0.0949403 -0.0452674
         vertex 0.0140098 -0.0846927 -0.0420318
      endloop
   endfacet
   facet normal -0.939693 -3.91857e-16 0.34202
      outer loop
         vertex 0.0140103 -0.0755 -0.0420304
         vertex 0.0133163 -0.084471 -0.043937
         vertex 0.0140098 -0.0846927 -0.0420318
      endloop
   endfacet
   facet normal -0.939693 -3.91857e-16 0.34202
      outer loop
         vertex 0.0125949 -0.0942435 -0.045919
         vertex 0.0125963 -0.0942524 -0.0459152
         vertex 0.0140098 -0.0846927 -0.0420318
      endloop
   endfacet
   facet normal -0.939693 -3.91857e-16 0.34202
      outer loop
         vertex 0.0129501 -0.095 -0.0449431
         vertex 0.0132422 -0.095 -0.0441405
         vertex 0.0140098 -0.0846927 -0.0420318
      endloop
   endfacet
   facet normal 0.939693 3.91857e-16 -0.34202
      outer loop
         vertex -0.0103561 -0.0872949 -0.0252483
         vertex -0.0107007 -0.0943839 -0.0261954
         vertex -0.0107133 -0.0943512 -0.0262301
      endloop
   endfacet
   facet normal 0.939693 3.91857e-16 -0.34202
      outer loop
         vertex -0.0107133 -0.0943512 -0.0262301
         vertex -0.0107479 -0.0941694 -0.0263253
         vertex -0.0103561 -0.0872949 -0.0252483
      endloop
   endfacet
   facet normal 0.939693 3.91857e-16 -0.34202
      outer loop
         vertex -0.0103561 -0.0872949 -0.0252483
         vertex -0.0105935 -0.0946341 -0.0259009
         vertex -0.0106184 -0.094597 -0.0259693
      endloop
   endfacet
   facet normal 0.939693 3.91857e-16 -0.34202
      outer loop
         vertex -0.0106184 -0.094597 -0.0259693
         vertex -0.0107007 -0.0943839 -0.0261954
         vertex -0.0103561 -0.0872949 -0.0252483
      endloop
   endfacet
   facet normal 0.939693 3.91857e-16 -0.34202
      outer loop
         vertex -0.0103561 -0.0872949 -0.0252483
         vertex -0.01023 -0.0949018 -0.0249023
         vertex -0.0105062 -0.094764 -0.0256612
      endloop
   endfacet
   facet normal 0.939693 3.91857e-16 -0.34202
      outer loop
         vertex -0.0105062 -0.094764 -0.0256612
         vertex -0.0105935 -0.0946341 -0.0259009
         vertex -0.0103561 -0.0872949 -0.0252483
      endloop
   endfacet
   facet normal 0.939693 3.91857e-16 -0.34202
      outer loop
         vertex -0.0103561 -0.0872949 -0.0252483
         vertex -0.0100052 -0.095 -0.0242846
         vertex -0.0100332 -0.095 -0.0243615
      endloop
   endfacet
   facet normal 0.939693 3.91857e-16 -0.34202
      outer loop
         vertex -0.0115769 -0.0755335 -0.0286029
         vertex -0.0108933 -0.0755 -0.0267237
         vertex -0.0103561 -0.0872949 -0.0252483
      endloop
   endfacet
   facet normal 0.939693 3.91857e-16 -0.34202
      outer loop
         vertex -0.0100332 -0.095 -0.0243615
         vertex -0.01023 -0.0949018 -0.0249023
         vertex -0.0103561 -0.0872949 -0.0252483
      endloop
   endfacet
   facet normal 0.939693 3.91857e-16 -0.34202
      outer loop
         vertex -0.0103561 -0.0872949 -0.0252483
         vertex -0.0107544 -0.0941017 -0.0263432
         vertex -0.0115769 -0.0755335 -0.0286029
      endloop
   endfacet
   facet normal 0.939693 3.91857e-16 -0.34202
      outer loop
         vertex -0.0115769 -0.0755335 -0.0286029
         vertex -0.0115773 -0.0755 -0.0286031
         vertex -0.0108933 -0.0755 -0.0267237
      endloop
   endfacet
   facet normal 0.939693 3.91857e-16 -0.34202
      outer loop
         vertex -0.0107479 -0.0941694 -0.0263253
         vertex -0.0107544 -0.0941017 -0.0263432
         vertex -0.0103561 -0.0872949 -0.0252483
      endloop
   endfacet
   facet normal -0.104049 -0.192393 0.975786
      outer loop
         vertex 0.0133163 -0.084471 -0.043937
         vertex 0.0115146 -0.0807155 -0.044048
         vertex 0.00835562 -0.0839275 -0.0447833
      endloop
   endfacet
   facet normal 0.0189572 -0.163195 0.986412
      outer loop
         vertex 0.00835562 -0.0839275 -0.0447833
         vertex 0.00791239 -0.0843782 -0.0448865
         vertex 0.0133163 -0.084471 -0.043937
      endloop
   endfacet
   facet normal -0.104049 -0.192393 0.975786
      outer loop
         vertex 0.0133163 -0.084471 -0.043937
         vertex 0.0140103 -0.0755 -0.0420304
         vertex 0.0118279 -0.0800608 -0.0437947
      endloop
   endfacet
   facet normal -0.0940637 -0.259205 0.961231
      outer loop
         vertex 0.0118279 -0.0800608 -0.0437947
         vertex 0.0115146 -0.0807155 -0.044048
         vertex 0.0133163 -0.084471 -0.043937
      endloop
   endfacet
   facet normal -0.0125469 -0.0728054 0.997267
      outer loop
         vertex 0.0125849 -0.0939272 -0.0459466
         vertex 0.0133163 -0.084471 -0.043937
         vertex 0.00761912 -0.0845464 -0.0448756
      endloop
   endfacet
   facet normal 0.14496 -0.0349304 0.988821
      outer loop
         vertex 0.00648277 -0.0939651 -0.0455787
         vertex 0.00761912 -0.0845464 -0.0448756
         vertex 0.00531309 -0.0858689 -0.0447903
      endloop
   endfacet
   facet normal 0.134756 -0.110602 0.984687
      outer loop
         vertex 0.00531309 -0.0858689 -0.0447903
         vertex 0.00557853 -0.0939696 -0.0453393
         vertex 0.00648277 -0.0939651 -0.0455787
      endloop
   endfacet
   facet normal 0.175833 -0.0296862 0.983972
      outer loop
         vertex 0.00557853 -0.0939696 -0.0453393
         vertex 0.00401616 -0.0865651 -0.0447089
         vertex 0.00148657 -0.0872378 -0.0440674
      endloop
   endfacet
   facet normal 0.175833 -0.0296862 0.983972
      outer loop
         vertex 0.00557853 -0.0939696 -0.0453393
         vertex 0.00417079 -0.086524 -0.0447481
         vertex 0.00401616 -0.0865651 -0.0447089
      endloop
   endfacet
   facet normal 0.175833 -0.0296862 0.983972
      outer loop
         vertex 0.00557853 -0.0939696 -0.0453393
         vertex 0.00531309 -0.0858689 -0.0447903
         vertex 0.00417079 -0.086524 -0.0447481
      endloop
   endfacet
   facet normal 0.50481 0.00320042 0.863225
      outer loop
         vertex -0.00126964 -0.0940026 -0.0428164
         vertex 0.000594755 -0.0939943 -0.0440036
         vertex -0.000485196 -0.0875 -0.0433609
      endloop
   endfacet
   facet normal 0.348514 -0.057631 0.93553
      outer loop
         vertex 0.00080152 -0.08742 -0.0438937
         vertex -0.000485196 -0.0875 -0.0433609
         vertex 0.000594755 -0.0939943 -0.0440036
      endloop
   endfacet
   facet normal 0.38803 -0.00574872 0.921629
      outer loop
         vertex 0.000594755 -0.0939943 -0.0440036
         vertex 0.000702526 -0.0939938 -0.0440486
         vertex 0.00080152 -0.08742 -0.0438937
      endloop
   endfacet
   facet normal 0.382366 -0.00623664 0.92399
      outer loop
         vertex 0.000702526 -0.0939938 -0.0440486
         vertex 0.0020115 -0.0939873 -0.0443951
         vertex 0.00080152 -0.08742 -0.0438937
      endloop
   endfacet
   facet normal 0.31936 -0.0119416 0.947558
      outer loop
         vertex 0.0020115 -0.0939873 -0.0443951
         vertex 0.00148657 -0.0872378 -0.0440674
         vertex 0.00080152 -0.08742 -0.0438937
      endloop
   endfacet
   facet normal 0.706863 0.0178925 0.707124
      outer loop
         vertex -0.00450723 -0.0940183 -0.0405074
         vertex -0.00201342 -0.0875 -0.0425427
         vertex -0.00479509 -0.0870034 -0.0402844
      endloop
   endfacet
   facet normal 0.50481 0.00320042 0.863225
      outer loop
         vertex -0.00126964 -0.0940026 -0.0428164
         vertex -0.00200333 -0.0875 -0.0425481
         vertex -0.00201342 -0.0875 -0.0425427
      endloop
   endfacet
   facet normal 0.519518 -0.0367143 0.853671
      outer loop
         vertex -0.00201342 -0.0875 -0.0425427
         vertex -0.00450723 -0.0940183 -0.0405074
         vertex -0.00410096 -0.0940154 -0.0410135
      endloop
   endfacet
   facet normal 0.519518 -0.0367143 0.853671
      outer loop
         vertex -0.00201342 -0.0875 -0.0425427
         vertex -0.00410096 -0.0940154 -0.0410135
         vertex -0.00126964 -0.0940026 -0.0428164
      endloop
   endfacet
   facet normal 0.853684 0.00580214 0.520758
      outer loop
         vertex -0.00781141 -0.0852176 -0.0363988
         vertex -0.00728544 -0.0940389 -0.0369391
         vertex -0.00719283 -0.0940375 -0.0371619
      endloop
   endfacet
   facet normal 0.858455 0.0375444 0.511513
      outer loop
         vertex -0.00719283 -0.0940375 -0.0371619
         vertex -0.00526393 -0.0869197 -0.0399038
         vertex -0.00781141 -0.0852176 -0.0363988
      endloop
   endfacet
   facet normal 0.706863 0.0178925 0.707124
      outer loop
         vertex -0.00450723 -0.0940183 -0.0405074
         vertex -0.00525479 -0.0869214 -0.0399112
         vertex -0.00526393 -0.0869197 -0.0399038
      endloop
   endfacet
   facet normal 0.721727 -0.0145579 0.692024
      outer loop
         vertex -0.00526393 -0.0869197 -0.0399038
         vertex -0.00719283 -0.0940375 -0.0371619
         vertex -0.00450723 -0.0940183 -0.0405074
      endloop
   endfacet
   facet normal 0.950428 0.0683092 0.30335
      outer loop
         vertex -0.00932385 -0.0940685 -0.0320364
         vertex -0.00835162 -0.0848566 -0.0356556
         vertex -0.00994485 -0.0823019 -0.0323316
      endloop
   endfacet
   facet normal 0.950428 0.0683092 0.30335
      outer loop
         vertex -0.00932385 -0.0940685 -0.0320364
         vertex -0.00728544 -0.0940389 -0.0369391
         vertex -0.00816155 -0.0849836 -0.0359171
      endloop
   endfacet
   facet normal 0.866013 0.00901633 0.49994
      outer loop
         vertex -0.00816155 -0.0849836 -0.0359171
         vertex -0.00835162 -0.0848566 -0.0356556
         vertex -0.00932385 -0.0940685 -0.0320364
      endloop
   endfacet
   facet normal 0.922591 0.0257712 0.384919
      outer loop
         vertex -0.00994485 -0.0823019 -0.0323316
         vertex -0.0104587 -0.0814781 -0.0312596
         vertex -0.00932385 -0.0940685 -0.0320364
      endloop
   endfacet
   facet normal 0.982159 0.101688 0.158186
      outer loop
         vertex -0.0107544 -0.0941017 -0.0263432
         vertex -0.0111445 -0.0792743 -0.0295886
         vertex -0.0112353 -0.0786549 -0.0293775
      endloop
   endfacet
   facet normal 0.943112 0.0289 0.331217
      outer loop
         vertex -0.0112353 -0.0786549 -0.0293775
         vertex -0.0115404 -0.0765731 -0.0286681
         vertex -0.0107544 -0.0941017 -0.0263432
      endloop
   endfacet
   facet normal 0.982159 0.101688 0.158186
      outer loop
         vertex -0.0107544 -0.0941017 -0.0263432
         vertex -0.00973831 -0.0940745 -0.0310395
         vertex -0.0108271 -0.0802942 -0.0303619
      endloop
   endfacet
   facet normal 0.93894 0.0313849 0.342645
      outer loop
         vertex -0.0108271 -0.0802942 -0.0303619
         vertex -0.0111445 -0.0792743 -0.0295886
         vertex -0.0107544 -0.0941017 -0.0263432
      endloop
   endfacet
   facet normal 0.959594 0.0745259 0.271341
      outer loop
         vertex -0.00973831 -0.0940745 -0.0310395
         vertex -0.00932385 -0.0940685 -0.0320364
         vertex -0.0108271 -0.0802942 -0.0303619
      endloop
   endfacet
   facet normal 0.942151 0.0172076 0.334748
      outer loop
         vertex -0.0115404 -0.0765731 -0.0286681
         vertex -0.0115769 -0.0755335 -0.0286029
         vertex -0.0107544 -0.0941017 -0.0263432
      endloop
   endfacet
   facet normal 0.933245 0.0309812 0.357901
      outer loop
         vertex -0.0104587 -0.0814781 -0.0312596
         vertex -0.0108271 -0.0802942 -0.0303619
         vertex -0.00932385 -0.0940685 -0.0320364
      endloop
   endfacet
   facet normal 0.853684 0.00580214 0.520758
      outer loop
         vertex -0.00781141 -0.0852176 -0.0363988
         vertex -0.00816155 -0.0849836 -0.0359171
         vertex -0.00728544 -0.0940389 -0.0369391
      endloop
   endfacet
   facet normal 0.696726 -0.0180037 0.717111
      outer loop
         vertex -0.00479509 -0.0870034 -0.0402844
         vertex -0.00525479 -0.0869214 -0.0399112
         vertex -0.00450723 -0.0940183 -0.0405074
      endloop
   endfacet
   facet normal 0.422425 -0.0478773 0.905132
      outer loop
         vertex -0.000485196 -0.0875 -0.0433609
         vertex -0.00200333 -0.0875 -0.0425481
         vertex -0.00126964 -0.0940026 -0.0428164
      endloop
   endfacet
   facet normal 0.312364 -0.0644143 0.947776
      outer loop
         vertex 0.00148657 -0.0872378 -0.0440674
         vertex 0.0020115 -0.0939873 -0.0443951
         vertex 0.00557853 -0.0939696 -0.0453393
      endloop
   endfacet
   facet normal 0.0457632 -0.147622 0.987985
      outer loop
         vertex 0.00761912 -0.0845464 -0.0448756
         vertex 0.00648277 -0.0939651 -0.0455787
         vertex 0.0125849 -0.0939272 -0.0459466
      endloop
   endfacet
   facet normal 0.0354269 -0.152382 0.987686
      outer loop
         vertex 0.00791239 -0.0843782 -0.0448865
         vertex 0.00761912 -0.0845464 -0.0448756
         vertex 0.0133163 -0.084471 -0.043937
      endloop
   endfacet
   facet normal 0 1 6.93889e-16
      outer loop
         vertex -0.000485196 -0.0875 -0.0433609
         vertex -0.000986111 -0.0875 -0.0442561
         vertex -0.00221587 -0.0875 -0.043607
      endloop
   endfacet
   facet normal 0 1 6.93889e-16
      outer loop
         vertex -0.00221587 -0.0875 -0.043607
         vertex -0.00201342 -0.0875 -0.0425427
         vertex -0.00200333 -0.0875 -0.0425481
      endloop
   endfacet
   facet normal 0 1 6.93889e-16
      outer loop
         vertex -0.00221587 -0.0875 -0.043607
         vertex -0.00200333 -0.0875 -0.0425481
         vertex -0.000485196 -0.0875 -0.0433609
      endloop
   endfacet
   facet normal 0.978449 0.0894232 -0.18612
      outer loop
         vertex -0.0115404 -0.0765731 -0.0286681
         vertex -0.0112353 -0.0786549 -0.0293775
         vertex -0.0116168 -0.0778751 -0.0300826
      endloop
   endfacet
   facet normal 0.982385 -7.31192e-17 -0.186869
      outer loop
         vertex -0.011782 -0.0755 -0.0296808
         vertex -0.0115769 -0.0755335 -0.0286029
         vertex -0.0115404 -0.0765731 -0.0286681
      endloop
   endfacet
   facet normal 0.982385 -7.31192e-17 -0.186869
      outer loop
         vertex -0.011782 -0.0755 -0.0296808
         vertex -0.0115773 -0.0755 -0.0286031
         vertex -0.0115769 -0.0755335 -0.0286029
      endloop
   endfacet
   facet normal 0.947493 0.264148 -0.180232
      outer loop
         vertex -0.0112353 -0.0786549 -0.0293775
         vertex -0.0114558 -0.0786529 -0.0304844
         vertex -0.0116168 -0.0778751 -0.0300826
      endloop
   endfacet
   facet normal 0.94759 0.263785 -0.18025
      outer loop
         vertex -0.0114558 -0.0786529 -0.0304844
         vertex -0.0111445 -0.0792743 -0.0295886
         vertex -0.0108271 -0.0802942 -0.0303619
      endloop
   endfacet
   facet normal 0.94759 0.263785 -0.18025
      outer loop
         vertex -0.0114558 -0.0786529 -0.0304844
         vertex -0.0112353 -0.0786549 -0.0293775
         vertex -0.0111445 -0.0792743 -0.0295886
      endloop
   endfacet
   facet normal 0.803443 0.575432 -0.152831
      outer loop
         vertex -0.0102084 -0.0823565 -0.0334751
         vertex -0.011179 -0.0799899 -0.0311751
         vertex -0.0104587 -0.0814781 -0.0312596
      endloop
   endfacet
   facet normal 0.911028 0.374162 -0.173295
      outer loop
         vertex -0.011179 -0.0799899 -0.0311751
         vertex -0.0108271 -0.0802942 -0.0303619
         vertex -0.0104587 -0.0814781 -0.0312596
      endloop
   endfacet
   facet normal 0.851804 0.498173 -0.16203
      outer loop
         vertex -0.0104587 -0.0814781 -0.0312596
         vertex -0.00994485 -0.0823019 -0.0323316
         vertex -0.0102084 -0.0823565 -0.0334751
      endloop
   endfacet
   facet normal 0.5639 0.818847 -0.107265
      outer loop
         vertex -0.00791508 -0.0851015 -0.0375504
         vertex -0.00835162 -0.0848566 -0.0356556
         vertex -0.00816155 -0.0849836 -0.0359171
      endloop
   endfacet
   facet normal 0.615099 0.77972 -0.117004
      outer loop
         vertex -0.00835162 -0.0848566 -0.0356556
         vertex -0.00791508 -0.0851015 -0.0375504
         vertex -0.00994725 -0.0829933 -0.0340939
      endloop
   endfacet
   facet normal 0.767316 0.624438 -0.145959
      outer loop
         vertex -0.00994725 -0.0829933 -0.0340939
         vertex -0.00994485 -0.0823019 -0.0323316
         vertex -0.00835162 -0.0848566 -0.0356556
      endloop
   endfacet
   facet normal 0.598085 0.793317 -0.113767
      outer loop
         vertex -0.00816155 -0.0849836 -0.0359171
         vertex -0.00781141 -0.0852176 -0.0363988
         vertex -0.00791508 -0.0851015 -0.0375504
      endloop
   endfacet
   facet normal 0.258909 0.964645 -0.0492497
      outer loop
         vertex -0.00497128 -0.0869574 -0.0413411
         vertex -0.00526393 -0.0869197 -0.0399038
         vertex -0.00525479 -0.0869214 -0.0399112
      endloop
   endfacet
   facet normal 0.565668 0.817583 -0.107601
      outer loop
         vertex -0.00781141 -0.0852176 -0.0363988
         vertex -0.00526393 -0.0869197 -0.0399038
         vertex -0.00675712 -0.0863028 -0.0395199
      endloop
   endfacet
   facet normal 0.301786 0.951646 -0.0574057
      outer loop
         vertex -0.00526393 -0.0869197 -0.0399038
         vertex -0.00497128 -0.0869574 -0.0413411
         vertex -0.00675712 -0.0863028 -0.0395199
      endloop
   endfacet
   facet normal 0.427746 0.900229 -0.0813658
      outer loop
         vertex -0.00675712 -0.0863028 -0.0395199
         vertex -0.00791508 -0.0851015 -0.0375504
         vertex -0.00781141 -0.0852176 -0.0363988
      endloop
   endfacet
   facet normal 0.259813 0.964393 -0.0494216
      outer loop
         vertex -0.00479509 -0.0870034 -0.0402844
         vertex -0.00201342 -0.0875 -0.0425427
         vertex -0.0038856 -0.0873555 -0.0424482
      endloop
   endfacet
   facet normal 1.95156e-15 1 2.89121e-16
      outer loop
         vertex -0.00201342 -0.0875 -0.0425427
         vertex -0.00221587 -0.0875 -0.043607
         vertex -0.0038856 -0.0873555 -0.0424482
      endloop
   endfacet
   facet normal 0.152012 0.987956 -0.0289157
      outer loop
         vertex -0.0038856 -0.0873555 -0.0424482
         vertex -0.00497128 -0.0869574 -0.0413411
         vertex -0.00479509 -0.0870034 -0.0402844
      endloop
   endfacet
   facet normal 0.300979 0.951911 -0.0572521
      outer loop
         vertex -0.00525479 -0.0869214 -0.0399112
         vertex -0.00479509 -0.0870034 -0.0402844
         vertex -0.00497128 -0.0869574 -0.0413411
      endloop
   endfacet
   facet normal 0.767316 0.624438 -0.145959
      outer loop
         vertex -0.00994725 -0.0829933 -0.0340939
         vertex -0.0102084 -0.0823565 -0.0334751
         vertex -0.00994485 -0.0823019 -0.0323316
      endloop
   endfacet
   facet normal 0.899708 0.401543 -0.171142
      outer loop
         vertex -0.0108271 -0.0802942 -0.0303619
         vertex -0.011179 -0.0799899 -0.0311751
         vertex -0.0114558 -0.0786529 -0.0304844
      endloop
   endfacet
   facet normal 0.962951 0.197921 -0.183172
      outer loop
         vertex -0.0116168 -0.0778751 -0.0300826
         vertex -0.011782 -0.0755 -0.0296808
         vertex -0.0115404 -0.0765731 -0.0286681
      endloop
   endfacet
   facet normal 0.939689 -0.00295245 -0.342019
      outer loop
         vertex -0.0115773 -0.0755 -0.0286031
         vertex -0.010892 -0.0743377 -0.0267184
         vertex -0.0108932 -0.0753486 -0.026725
      endloop
   endfacet
   facet normal 0.939025 0.0376863 -0.341777
      outer loop
         vertex -0.011414 -0.0675 -0.0277469
         vertex -0.0107667 -0.0690447 -0.0260597
         vertex -0.0108898 -0.0742456 -0.0267069
      endloop
   endfacet
   facet normal 0.939687 0.0034195 -0.342018
      outer loop
         vertex -0.0108898 -0.0742456 -0.0267069
         vertex -0.0115773 -0.0755 -0.0286031
         vertex -0.011414 -0.0675 -0.0277469
      endloop
   endfacet
   facet normal 0.939025 0.0376863 -0.341777
      outer loop
         vertex -0.011414 -0.0675 -0.0277469
         vertex -0.0107301 -0.0675 -0.0258675
         vertex -0.0107667 -0.0690447 -0.0260597
      endloop
   endfacet
   facet normal 0.939687 0.0034195 -0.342018
      outer loop
         vertex -0.0108898 -0.0742456 -0.0267069
         vertex -0.010892 -0.0743377 -0.0267184
         vertex -0.0115773 -0.0755 -0.0286031
      endloop
   endfacet
   facet normal 0.93969 -0.0021832 -0.342019
      outer loop
         vertex -0.0108932 -0.0753486 -0.026725
         vertex -0.0108933 -0.0755 -0.0267237
         vertex -0.0115773 -0.0755 -0.0286031
      endloop
   endfacet
   facet normal -0.109822 0.975871 -0.18872
      outer loop
         vertex -0.0022698 -0.0875209 -0.0436997
         vertex -0.00221587 -0.0875 -0.043607
         vertex -0.000986111 -0.0875 -0.0442561
      endloop
   endfacet
   facet normal 0 1 0
      outer loop
         vertex -0.000986111 -0.0875 -0.0442561
         vertex -0.00104031 -0.0875162 -0.0443699
         vertex -0.0022698 -0.0875209 -0.0436997
      endloop
   endfacet
   facet normal -0.160408 0.927796 -0.336844
      outer loop
         vertex -0.00106566 -0.0875399 -0.0444232
         vertex -0.00231017 -0.0875365 -0.043769
         vertex -0.0022698 -0.0875209 -0.0436997
      endloop
   endfacet
   facet normal -0.188582 0.927049 -0.324063
      outer loop
         vertex -0.00231017 -0.0875365 -0.043769
         vertex -0.00106566 -0.0875399 -0.0444232
         vertex -0.00109102 -0.0875636 -0.0444764
      endloop
   endfacet
   facet normal -0.209808 0.872852 -0.440579
      outer loop
         vertex -0.00109102 -0.0875636 -0.0444764
         vertex -0.0023907 -0.0876406 -0.0439074
         vertex -0.00231017 -0.0875365 -0.043769
      endloop
   endfacet
   facet normal -0.366263 0.52374 -0.769121
      outer loop
         vertex -0.00116924 -0.0877381 -0.0446407
         vertex -0.00244573 -0.0877971 -0.044002
         vertex -0.0023907 -0.0876406 -0.0439074
      endloop
   endfacet
   facet normal -0.34965 0.71884 -0.600845
      outer loop
         vertex -0.0023907 -0.0876406 -0.0439074
         vertex -0.00113494 -0.0876392 -0.0445686
         vertex -0.00116924 -0.0877381 -0.0446407
      endloop
   endfacet
   facet normal -0.48688 0.250881 -0.836664
      outer loop
         vertex -0.00245493 -0.0878768 -0.0440178
         vertex -0.00244573 -0.0877971 -0.044002
         vertex -0.00118048 -0.0877961 -0.0446643
      endloop
   endfacet
   facet normal -0.429578 0.0414437 -0.902078
      outer loop
         vertex -0.0012009 -0.0879793 -0.0447071
         vertex -0.00246722 -0.0879833 -0.0440389
         vertex -0.00245493 -0.0878768 -0.0440178
      endloop
   endfacet
   facet normal -0.48688 0.250881 -0.836664
      outer loop
         vertex -0.00245493 -0.0878768 -0.0440178
         vertex -0.00119171 -0.087854 -0.0446879
         vertex -0.0012009 -0.0879793 -0.0447071
      endloop
   endfacet
   facet normal -0.391913 0.411219 -0.822984
      outer loop
         vertex -0.00118048 -0.0877961 -0.0446643
         vertex -0.00119171 -0.087854 -0.0446879
         vertex -0.00245493 -0.0878768 -0.0440178
      endloop
   endfacet
   facet normal -0.366263 0.52374 -0.769121
      outer loop
         vertex -0.00116924 -0.0877381 -0.0446407
         vertex -0.00118048 -0.0877961 -0.0446643
         vertex -0.00244573 -0.0877971 -0.044002
      endloop
   endfacet
   facet normal -0.209808 0.872852 -0.440579
      outer loop
         vertex -0.00109102 -0.0875636 -0.0444764
         vertex -0.00113494 -0.0876392 -0.0445686
         vertex -0.0023907 -0.0876406 -0.0439074
      endloop
   endfacet
   facet normal -0.108407 0.967691 -0.227645
      outer loop
         vertex -0.00104031 -0.0875162 -0.0443699
         vertex -0.00106566 -0.0875399 -0.0444232
         vertex -0.0022698 -0.0875209 -0.0436997
      endloop
   endfacet
   facet normal -0.334148 0.923788 0.186978
      outer loop
         vertex 0.00401616 -0.0865651 -0.0447089
         vertex 0.00349787 -0.0864898 -0.0455533
         vertex 0.00243104 -0.0869625 -0.0454215
      endloop
   endfacet
   facet normal -0.258246 0.95521 0.144506
      outer loop
         vertex 0.00243104 -0.0869625 -0.0454215
         vertex -0.000986111 -0.0875 -0.0442561
         vertex 0.00080152 -0.08742 -0.0438937
      endloop
   endfacet
   facet normal -0.100576 0.993336 0.0562789
      outer loop
         vertex 0.00080152 -0.08742 -0.0438937
         vertex 0.00148657 -0.0872378 -0.0440674
         vertex 0.00243104 -0.0869625 -0.0454215
      endloop
   endfacet
   facet normal -3.32489e-15 1 1.4456e-15
      outer loop
         vertex -0.000986111 -0.0875 -0.0442561
         vertex -0.000485196 -0.0875 -0.0433609
         vertex 0.00080152 -0.08742 -0.0438937
      endloop
   endfacet
   facet normal -0.482926 0.832922 0.270229
      outer loop
         vertex 0.00574251 -0.0854951 -0.0458306
         vertex 0.00531309 -0.0858689 -0.0447903
         vertex 0.00761912 -0.0845464 -0.0448756
      endloop
   endfacet
   facet normal -0.482926 0.832922 0.270229
      outer loop
         vertex 0.00574251 -0.0854951 -0.0458306
         vertex 0.00349787 -0.0864898 -0.0455533
         vertex 0.00417079 -0.086524 -0.0447481
      endloop
   endfacet
   facet normal -0.34474 0.918663 0.192904
      outer loop
         vertex 0.00417079 -0.086524 -0.0447481
         vertex 0.00531309 -0.0858689 -0.0447903
         vertex 0.00574251 -0.0854951 -0.0458306
      endloop
   endfacet
   facet normal -0.570361 0.756855 0.319155
      outer loop
         vertex 0.00761912 -0.0845464 -0.0448756
         vertex 0.00785867 -0.0838922 -0.0456516
         vertex 0.00574251 -0.0854951 -0.0458306
      endloop
   endfacet
   facet normal -0.570361 0.756855 0.319155
      outer loop
         vertex 0.00761912 -0.0845464 -0.0448756
         vertex 0.00791239 -0.0843782 -0.0448865
         vertex 0.00785867 -0.0838922 -0.0456516
      endloop
   endfacet
   facet normal -0.333602 0.924047 0.186672
      outer loop
         vertex 0.00349787 -0.0864898 -0.0455533
         vertex 0.00401616 -0.0865651 -0.0447089
         vertex 0.00417079 -0.086524 -0.0447481
      endloop
   endfacet
   facet normal -0.785935 0.434624 0.439782
      outer loop
         vertex 0.0115146 -0.0807155 -0.044048
         vertex 0.0113836 -0.0800423 -0.044665
         vertex 0.00898353 -0.0830402 -0.0455564
      endloop
   endfacet
   facet normal -0.678873 0.628353 0.379874
      outer loop
         vertex 0.00898353 -0.0830402 -0.0455564
         vertex 0.00835562 -0.0839275 -0.0447833
         vertex 0.0115146 -0.0807155 -0.044048
      endloop
   endfacet
   facet normal -0.678873 0.628353 0.379874
      outer loop
         vertex 0.00898353 -0.0830402 -0.0455564
         vertex 0.00785867 -0.0838922 -0.0456516
         vertex 0.00835562 -0.0839275 -0.0447833
      endloop
   endfacet
   facet normal -0.805661 0.38428 0.45082
      outer loop
         vertex 0.0118279 -0.0800608 -0.0437947
         vertex 0.0140103 -0.0755 -0.0420304
         vertex 0.0135337 -0.0755 -0.042882
      endloop
   endfacet
   facet normal -0.872667 -4.85921e-16 0.488315
      outer loop
         vertex 0.0135337 -0.0755 -0.042882
         vertex 0.011893 -0.079406 -0.0444759
         vertex 0.0118279 -0.0800608 -0.0437947
      endloop
   endfacet
   facet normal -0.825144 0.3255 0.461722
      outer loop
         vertex 0.011893 -0.079406 -0.0444759
         vertex 0.0113836 -0.0800423 -0.044665
         vertex 0.0118279 -0.0800608 -0.0437947
      endloop
   endfacet
   facet normal -0.785935 0.434624 0.439782
      outer loop
         vertex 0.0115146 -0.0807155 -0.044048
         vertex 0.0118279 -0.0800608 -0.0437947
         vertex 0.0113836 -0.0800423 -0.044665
      endloop
   endfacet
   facet normal -0.587106 0.739851 0.328524
      outer loop
         vertex 0.00791239 -0.0843782 -0.0448865
         vertex 0.00835562 -0.0839275 -0.0447833
         vertex 0.00785867 -0.0838922 -0.0456516
      endloop
   endfacet
   facet normal -0.258246 0.95521 0.144506
      outer loop
         vertex 0.00243104 -0.0869625 -0.0454215
         vertex 0.00148657 -0.0872378 -0.0440674
         vertex 0.00401616 -0.0865651 -0.0447089
      endloop
   endfacet
   facet normal -0.934123 0.10872 0.339993
      outer loop
         vertex 0.0160176 -0.0714262 -0.0377861
         vertex 0.017293 -0.0675 -0.0355069
         vertex 0.0166089 -0.0675 -0.0373863
      endloop
   endfacet
   facet normal -0.934123 0.10872 0.339993
      outer loop
         vertex 0.0153336 -0.0714262 -0.0396655
         vertex 0.0140103 -0.0755 -0.0420304
         vertex 0.0149357 -0.0747569 -0.0397197
      endloop
   endfacet
   facet normal -0.936549 0.081723 0.340876
      outer loop
         vertex 0.0140103 -0.0755 -0.0420304
         vertex 0.0146943 -0.0755 -0.040151
         vertex 0.0149357 -0.0747569 -0.0397197
      endloop
   endfacet
   facet normal -0.936146 0.0867962 0.340729
      outer loop
         vertex 0.0149357 -0.0747569 -0.0397197
         vertex 0.0160176 -0.0714262 -0.0377861
         vertex 0.0153336 -0.0714262 -0.0396655
      endloop
   endfacet
   facet normal -0.932562 0.122963 0.339425
      outer loop
         vertex 0.0166089 -0.0675 -0.0373863
         vertex 0.0153336 -0.0714262 -0.0396655
         vertex 0.0160176 -0.0714262 -0.0377861
      endloop
   endfacet
   facet normal 0.988291 0.120065 0.0941577
      outer loop
         vertex -0.0104074 -0.095 -0.021004
         vertex -0.0100052 -0.095 -0.0242846
         vertex -0.0103561 -0.0872949 -0.0252483
      endloop
   endfacet
   facet normal 0.938201 0.00540395 0.34605
      outer loop
         vertex -0.0108933 -0.0755 -0.0267237
         vertex -0.011657 -0.0754987 -0.0244364
         vertex -0.0115495 -0.0771775 -0.0241409
      endloop
   endfacet
   facet normal 0.956787 0.0360829 0.288541
      outer loop
         vertex -0.011657 -0.0754987 -0.0244364
         vertex -0.0108932 -0.0753486 -0.026725
         vertex -0.010892 -0.0743377 -0.0267184
      endloop
   endfacet
   facet normal 0.932286 -0.0107012 0.361564
      outer loop
         vertex -0.010892 -0.0743377 -0.0267184
         vertex -0.0116701 -0.074198 -0.0244448
         vertex -0.011657 -0.0754987 -0.0244364
      endloop
   endfacet
   facet normal 0.956787 0.0360829 0.288541
      outer loop
         vertex -0.011657 -0.0754987 -0.0244364
         vertex -0.0108933 -0.0755 -0.0267237
         vertex -0.0108932 -0.0753486 -0.026725
      endloop
   endfacet
   facet normal 0.932286 -0.0107012 0.361564
      outer loop
         vertex -0.010892 -0.0743377 -0.0267184
         vertex -0.0108898 -0.0742456 -0.0267069
         vertex -0.0116701 -0.074198 -0.0244448
      endloop
   endfacet
   facet normal 0.931764 -0.0121065 0.362862
      outer loop
         vertex -0.0108898 -0.0742456 -0.0267069
         vertex -0.0107667 -0.0690447 -0.0260597
         vertex -0.0116971 -0.071517 -0.0244619
      endloop
   endfacet
   facet normal 0.888574 -0.113331 0.444513
      outer loop
         vertex -0.0107667 -0.0690447 -0.0260597
         vertex -0.0116684 -0.0689554 -0.0241758
         vertex -0.0116971 -0.071517 -0.0244619
      endloop
   endfacet
   facet normal 0.86926 -0.148005 0.47168
      outer loop
         vertex -0.0107301 -0.0675 -0.0258675
         vertex -0.0100743 -0.0638637 -0.0254867
         vertex -0.0112189 -0.0641326 -0.023846
      endloop
   endfacet
   facet normal 0.782324 -0.259883 0.566065
      outer loop
         vertex -0.0100743 -0.0638637 -0.0254867
         vertex -0.01107 -0.0637756 -0.0238828
         vertex -0.0112189 -0.0641326 -0.023846
      endloop
   endfacet
   facet normal 0.86926 -0.148005 0.47168
      outer loop
         vertex -0.0107301 -0.0675 -0.0258675
         vertex -0.0116527 -0.0675569 -0.0240196
         vertex -0.0116684 -0.0689554 -0.0241758
      endloop
   endfacet
   facet normal 0.920742 -0.0632886 0.385006
      outer loop
         vertex -0.0116684 -0.0689554 -0.0241758
         vertex -0.0107667 -0.0690447 -0.0260597
         vertex -0.0107301 -0.0675 -0.0258675
      endloop
   endfacet
   facet normal 0.808351 -0.229333 0.542195
      outer loop
         vertex -0.010725 -0.062948 -0.0239683
         vertex -0.00986421 -0.0634158 -0.0254961
         vertex -0.00980375 -0.0632971 -0.0255007
      endloop
   endfacet
   facet normal 0.808351 -0.229333 0.542195
      outer loop
         vertex -0.010725 -0.062948 -0.0239683
         vertex -0.01107 -0.0637756 -0.0238828
         vertex -0.0100644 -0.063809 -0.025481
      endloop
   endfacet
   facet normal 0.780773 -0.261517 0.567452
      outer loop
         vertex -0.0100644 -0.063809 -0.025481
         vertex -0.00986421 -0.0634158 -0.0254961
         vertex -0.010725 -0.062948 -0.0239683
      endloop
   endfacet
   facet normal 0.836544 -0.196593 0.511415
      outer loop
         vertex -0.01107 -0.0637756 -0.0238828
         vertex -0.0100743 -0.0638637 -0.0254867
         vertex -0.0100644 -0.063809 -0.025481
      endloop
   endfacet
   facet normal 0.565361 -0.429732 0.704058
      outer loop
         vertex -0.00768227 -0.0597986 -0.0256717
         vertex -0.00670647 -0.0588416 -0.0257609
         vertex -0.00831431 -0.0587657 -0.0244534
      endloop
   endfacet
   facet normal 0.59352 -0.400848 0.697893
      outer loop
         vertex -0.00841046 -0.0588715 -0.0244383
         vertex -0.00954651 -0.0601218 -0.02426
         vertex -0.008362 -0.0604653 -0.0256096
      endloop
   endfacet
   facet normal 0.615611 -0.398297 0.679988
      outer loop
         vertex -0.008362 -0.0604653 -0.0256096
         vertex -0.00768227 -0.0597986 -0.0256717
         vertex -0.00841046 -0.0588715 -0.0244383
      endloop
   endfacet
   facet normal 0.615611 -0.398297 0.679988
      outer loop
         vertex -0.008362 -0.0604653 -0.0256096
         vertex -0.00954651 -0.0601218 -0.02426
         vertex -0.00988771 -0.0609401 -0.0241755
      endloop
   endfacet
   facet normal 0.720624 -0.312505 0.618904
      outer loop
         vertex -0.00988771 -0.0609401 -0.0241755
         vertex -0.00980375 -0.0632971 -0.0255007
         vertex -0.008362 -0.0604653 -0.0256096
      endloop
   endfacet
   facet normal 0.454695 -0.466562 0.758665
      outer loop
         vertex -0.00652234 -0.0567935 -0.0247345
         vertex -0.00831431 -0.0587657 -0.0244534
         vertex -0.00670647 -0.0588416 -0.0257609
      endloop
   endfacet
   facet normal 0.449134 -0.487237 0.748918
      outer loop
         vertex -0.00599879 -0.0581474 -0.0258255
         vertex -0.00598673 -0.0565054 -0.0248019
         vertex -0.00652234 -0.0567935 -0.0247345
      endloop
   endfacet
   facet normal 0.258746 -0.527295 0.809328
      outer loop
         vertex -0.00121351 -0.0544746 -0.0255006
         vertex -0.00266376 -0.0547182 -0.0252198
         vertex -0.0018588 -0.0559348 -0.0263161
      endloop
   endfacet
   facet normal 0.390988 -0.509416 0.766566
      outer loop
         vertex -0.00490248 -0.0573708 -0.0259438
         vertex -0.0018588 -0.0559348 -0.0263161
         vertex -0.00266376 -0.0547182 -0.0252198
      endloop
   endfacet
   facet normal 0.395849 -0.489482 0.776988
      outer loop
         vertex -0.00534897 -0.0561624 -0.0248821
         vertex -0.00598673 -0.0565054 -0.0248019
         vertex -0.00548911 -0.0576475 -0.0258721
      endloop
   endfacet
   facet normal 0.41866 -0.498463 0.759117
      outer loop
         vertex -0.00548911 -0.0576475 -0.0258721
         vertex -0.00490248 -0.0573708 -0.0259438
         vertex -0.00534897 -0.0561624 -0.0248821
      endloop
   endfacet
   facet normal 0.426611 -0.478337 0.767592
      outer loop
         vertex -0.00598673 -0.0565054 -0.0248019
         vertex -0.00599879 -0.0581474 -0.0258255
         vertex -0.00548911 -0.0576475 -0.0258721
      endloop
   endfacet
   facet normal 0.293225 -0.516511 0.80451
      outer loop
         vertex -0.00266376 -0.0547182 -0.0252198
         vertex -0.00534897 -0.0561624 -0.0248821
         vertex -0.00490248 -0.0573708 -0.0259438
      endloop
   endfacet
   facet normal 0.160924 -0.561384 0.811758
      outer loop
         vertex 0.00383371 -0.0555 -0.0274442
         vertex 0.00391264 -0.054 -0.0264653
         vertex 0.00161171 -0.054 -0.0260475
      endloop
   endfacet
   facet normal 0.249079 -0.529285 0.811059
      outer loop
         vertex -0.000741034 -0.0543952 -0.025592
         vertex -0.000798877 -0.0557878 -0.0265385
         vertex 0.00127469 -0.0555 -0.0269735
      endloop
   endfacet
   facet normal 0.254575 -0.549085 0.796051
      outer loop
         vertex -0.000798877 -0.0557878 -0.0265385
         vertex -0.000741034 -0.0543952 -0.025592
         vertex -0.00121351 -0.0544746 -0.0255006
      endloop
   endfacet
   facet normal 0.258746 -0.527295 0.809328
      outer loop
         vertex -0.00121351 -0.0544746 -0.0255006
         vertex -0.0012885 -0.0558557 -0.0264358
         vertex -0.000798877 -0.0557878 -0.0265385
      endloop
   endfacet
   facet normal 0.210335 -0.557004 0.803434
      outer loop
         vertex 0.00127469 -0.0555 -0.0269735
         vertex 0.00161171 -0.054 -0.0260475
         vertex -0.000741034 -0.0543952 -0.025592
      endloop
   endfacet
   facet normal 0.092093 -0.552699 0.828277
      outer loop
         vertex 0.00765988 -0.0555 -0.0281479
         vertex 0.00927342 -0.0557498 -0.0284196
         vertex 0.00930511 -0.0541403 -0.0274059
      endloop
   endfacet
   facet normal 0.164962 -0.541228 0.824536
      outer loop
         vertex 0.00391264 -0.054 -0.0264653
         vertex 0.00383371 -0.0555 -0.0274442
         vertex 0.00765988 -0.0555 -0.0281479
      endloop
   endfacet
   facet normal 0.092093 -0.552699 0.828277
      outer loop
         vertex 0.00765988 -0.0555 -0.0281479
         vertex 0.0080021 -0.054 -0.0272077
         vertex 0.00391264 -0.054 -0.0264653
      endloop
   endfacet
   facet normal -0.172021 -0.505202 0.845683
      outer loop
         vertex 0.017293 -0.0675 -0.0355069
         vertex 0.0160176 -0.0714262 -0.0377861
         vertex 0.017704 -0.0715575 -0.0375192
      endloop
   endfacet
   facet normal -0.173328 -0.461622 0.869979
      outer loop
         vertex 0.0160176 -0.0714262 -0.0377861
         vertex 0.0149357 -0.0747569 -0.0397197
         vertex 0.016662 -0.0747464 -0.0393852
      endloop
   endfacet
   facet normal -0.188032 -0.39082 0.901057
      outer loop
         vertex 0.016662 -0.0747464 -0.0393852
         vertex 0.017704 -0.0715575 -0.0375192
         vertex 0.0160176 -0.0714262 -0.0377861
      endloop
   endfacet
   facet normal -0.145381 -0.51433 0.84518
      outer loop
         vertex 0.0179113 -0.0632286 -0.0327925
         vertex 0.0176537 -0.0650082 -0.0339234
         vertex 0.0194976 -0.0648296 -0.0334517
      endloop
   endfacet
   facet normal -0.194147 -0.494533 0.847198
      outer loop
         vertex 0.0189696 -0.0676844 -0.0352528
         vertex 0.0194976 -0.0648296 -0.0334517
         vertex 0.0176537 -0.0650082 -0.0339234
      endloop
   endfacet
   facet normal -0.158063 -0.514964 0.842513
      outer loop
         vertex 0.0176537 -0.0650082 -0.0339234
         vertex 0.017293 -0.0675 -0.0355069
         vertex 0.0189696 -0.0676844 -0.0352528
      endloop
   endfacet
   facet normal -0.178736 -0.501689 0.846381
      outer loop
         vertex 0.0194976 -0.0648296 -0.0334517
         vertex 0.0197072 -0.0636957 -0.0327363
         vertex 0.0179113 -0.0632286 -0.0327925
      endloop
   endfacet
   facet normal -0.136176 -0.497234 0.856863
      outer loop
         vertex 0.0191378 -0.0608326 -0.0311624
         vertex 0.0174183 -0.0615517 -0.0318477
         vertex 0.0179113 -0.0632286 -0.0327925
      endloop
   endfacet
   facet normal -0.136176 -0.497234 0.856863
      outer loop
         vertex 0.0191378 -0.0608326 -0.0311624
         vertex 0.0171363 -0.0605924 -0.0313072
         vertex 0.0174183 -0.0615517 -0.0318477
      endloop
   endfacet
   facet normal -0.145381 -0.51433 0.84518
      outer loop
         vertex 0.0179113 -0.0632286 -0.0327925
         vertex 0.0197072 -0.0636957 -0.0327363
         vertex 0.0191378 -0.0608326 -0.0311624
      endloop
   endfacet
   facet normal -0.0784343 -0.49796 0.863646
      outer loop
         vertex 0.0172696 -0.0577072 -0.0295863
         vertex 0.015449 -0.0584752 -0.0301802
         vertex 0.0171363 -0.0605924 -0.0313072
      endloop
   endfacet
   facet normal -0.0622456 -0.519149 0.852414
      outer loop
         vertex 0.015449 -0.0584752 -0.0301802
         vertex 0.0172696 -0.0577072 -0.0295863
         vertex 0.0168029 -0.0573421 -0.0293997
      endloop
   endfacet
   facet normal -0.0680428 -0.500031 0.863331
      outer loop
         vertex 0.0168029 -0.0573421 -0.0293997
         vertex 0.0150804 -0.0580126 -0.029934
         vertex 0.015449 -0.0584752 -0.0301802
      endloop
   endfacet
   facet normal -0.108681 -0.514432 0.850616
      outer loop
         vertex 0.0171363 -0.0605924 -0.0313072
         vertex 0.0190812 -0.0605481 -0.0310061
         vertex 0.0172696 -0.0577072 -0.0295863
      endloop
   endfacet
   facet normal -0.136176 -0.497234 0.856863
      outer loop
         vertex 0.0191378 -0.0608326 -0.0311624
         vertex 0.0190812 -0.0605481 -0.0310061
         vertex 0.0171363 -0.0605924 -0.0313072
      endloop
   endfacet
   facet normal -0.0193859 -0.508614 0.860776
      outer loop
         vertex 0.0146499 -0.0556579 -0.0285387
         vertex 0.0121049 -0.0563757 -0.0289702
         vertex 0.0150804 -0.0580126 -0.029934
      endloop
   endfacet
   facet normal -0.0518364 -0.519658 0.852801
      outer loop
         vertex 0.0150804 -0.0580126 -0.029934
         vertex 0.0168029 -0.0573421 -0.0293997
         vertex 0.0146499 -0.0556579 -0.0285387
      endloop
   endfacet
   facet normal 0.0121268 -0.517215 0.85577
      outer loop
         vertex 0.0129635 -0.0550193 -0.0281271
         vertex 0.0116304 -0.0561147 -0.0288165
         vertex 0.0121049 -0.0563757 -0.0289702
      endloop
   endfacet
   facet normal 0.0629176 -0.547266 0.83459
      outer loop
         vertex 0.00927342 -0.0557498 -0.0284196
         vertex 0.0116304 -0.0561147 -0.0288165
         vertex 0.0111733 -0.0543415 -0.0276901
      endloop
   endfacet
   facet normal 0.0211093 -0.535129 0.844507
      outer loop
         vertex 0.0116304 -0.0561147 -0.0288165
         vertex 0.0129635 -0.0550193 -0.0281271
         vertex 0.0111733 -0.0543415 -0.0276901
      endloop
   endfacet
   facet normal 0.0454564 -0.523635 0.850729
      outer loop
         vertex 0.0111733 -0.0543415 -0.0276901
         vertex 0.00930511 -0.0541403 -0.0274059
         vertex 0.00927342 -0.0557498 -0.0284196
      endloop
   endfacet
   facet normal -0.0193859 -0.508614 0.860776
      outer loop
         vertex 0.0146499 -0.0556579 -0.0285387
         vertex 0.0129635 -0.0550193 -0.0281271
         vertex 0.0121049 -0.0563757 -0.0289702
      endloop
   endfacet
   facet normal -0.181833 -0.372039 0.910233
      outer loop
         vertex 0.0163957 -0.0755616 -0.0398622
         vertex 0.016662 -0.0747464 -0.0393852
         vertex 0.0149357 -0.0747569 -0.0397197
      endloop
   endfacet
   facet normal -0.1543 -0.370159 0.916064
      outer loop
         vertex 0.0146943 -0.0755 -0.040151
         vertex 0.0140098 -0.0846927 -0.0420318
         vertex 0.0156764 -0.084614 -0.0418383
      endloop
   endfacet
   facet normal -0.133415 -0.202815 0.970086
      outer loop
         vertex 0.0156764 -0.084614 -0.0418383
         vertex 0.0163957 -0.0755616 -0.0398622
         vertex 0.0146943 -0.0755 -0.040151
      endloop
   endfacet
   facet normal -0.0373412 -0.0717426 0.996724
      outer loop
         vertex 0.0148513 -0.095 -0.0441055
         vertex 0.0156764 -0.084614 -0.0418383
         vertex 0.0140098 -0.0846927 -0.0420318
      endloop
   endfacet
   facet normal -0.103142 -0.189386 0.976471
      outer loop
         vertex 0.0140098 -0.0846927 -0.0420318
         vertex 0.0132422 -0.095 -0.0441405
         vertex 0.0148513 -0.095 -0.0441055
      endloop
   endfacet
   facet normal -0.160767 -0.388646 0.907253
      outer loop
         vertex 0.0149357 -0.0747569 -0.0397197
         vertex 0.0146943 -0.0755 -0.040151
         vertex 0.0163957 -0.0755616 -0.0398622
      endloop
   endfacet
   facet normal -0.197407 -0.455354 0.868149
      outer loop
         vertex 0.017704 -0.0715575 -0.0375192
         vertex 0.0189696 -0.0676844 -0.0352528
         vertex 0.017293 -0.0675 -0.0355069
      endloop
   endfacet
   facet normal 0.0760162 -0.531476 0.843655
      outer loop
         vertex 0.00930511 -0.0541403 -0.0274059
         vertex 0.0080021 -0.054 -0.0272077
         vertex 0.00765988 -0.0555 -0.0281479
      endloop
   endfacet
   facet normal 0.204666 -0.536161 0.818928
      outer loop
         vertex 0.00161171 -0.054 -0.0260475
         vertex 0.00127469 -0.0555 -0.0269735
         vertex 0.00383371 -0.0555 -0.0274442
      endloop
   endfacet
   facet normal 0.27973 -0.541906 0.792521
      outer loop
         vertex -0.0018588 -0.0559348 -0.0263161
         vertex -0.0012885 -0.0558557 -0.0264358
         vertex -0.00121351 -0.0544746 -0.0255006
      endloop
   endfacet
   facet normal 0.494984 -0.467384 0.732491
      outer loop
         vertex -0.00670647 -0.0588416 -0.0257609
         vertex -0.00599879 -0.0581474 -0.0258255
         vertex -0.00652234 -0.0567935 -0.0247345
      endloop
   endfacet
   facet normal 0.584565 -0.406613 0.702103
      outer loop
         vertex -0.00831431 -0.0587657 -0.0244534
         vertex -0.00841046 -0.0588715 -0.0244383
         vertex -0.00768227 -0.0597986 -0.0256717
      endloop
   endfacet
   facet normal 0.75741 -0.285341 0.58729
      outer loop
         vertex -0.00980375 -0.0632971 -0.0255007
         vertex -0.00988771 -0.0609401 -0.0241755
         vertex -0.010725 -0.062948 -0.0239683
      endloop
   endfacet
   facet normal 0.8485 -0.181483 0.497103
      outer loop
         vertex -0.0112189 -0.0641326 -0.023846
         vertex -0.0116527 -0.0675569 -0.0240196
         vertex -0.0107301 -0.0675 -0.0258675
      endloop
   endfacet
   facet normal 0.939015 -0.0178925 0.34341
      outer loop
         vertex -0.0116971 -0.071517 -0.0244619
         vertex -0.0116701 -0.074198 -0.0244448
         vertex -0.0108898 -0.0742456 -0.0267069
      endloop
   endfacet
   facet normal 0.961972 0.0523986 0.268076
      outer loop
         vertex -0.0115495 -0.0771775 -0.0241409
         vertex -0.0103561 -0.0872949 -0.0252483
         vertex -0.0108933 -0.0755 -0.0267237
      endloop
   endfacet
   facet normal 0.971389 0.087213 0.220903
      outer loop
         vertex -0.0103561 -0.0872949 -0.0252483
         vertex -0.0115495 -0.0771775 -0.0241409
         vertex -0.0104074 -0.095 -0.021004
      endloop
   endfacet
   facet normal -0.329101 -0.936667 0.119783
      outer loop
         vertex 0.0114171 -0.0563831 -0.030852
         vertex 0.0121049 -0.0563757 -0.0289702
         vertex 0.0116304 -0.0561147 -0.0288165
      endloop
   endfacet
   facet normal -2.53146e-16 -1 -6.95512e-16
      outer loop
         vertex 0.00697584 -0.0555 -0.0300273
         vertex 0.0108655 -0.0560885 -0.0306771
         vertex 0.00927342 -0.0557498 -0.0284196
      endloop
   endfacet
   facet normal -0.282003 -0.953907 0.102641
      outer loop
         vertex 0.0108655 -0.0560885 -0.0306771
         vertex 0.0116304 -0.0561147 -0.0288165
         vertex 0.00927342 -0.0557498 -0.0284196
      endloop
   endfacet
   facet normal -0.116023 -0.992348 0.042229
      outer loop
         vertex 0.00927342 -0.0557498 -0.0284196
         vertex 0.00765988 -0.0555 -0.0281479
         vertex 0.00697584 -0.0555 -0.0300273
      endloop
   endfacet
   facet normal -0.563611 -0.800163 0.205138
      outer loop
         vertex 0.014268 -0.0579058 -0.0317558
         vertex 0.0147501 -0.0584883 -0.0320658
         vertex 0.015449 -0.0584752 -0.0301802
      endloop
   endfacet
   facet normal -0.329101 -0.936667 0.119783
      outer loop
         vertex 0.0121049 -0.0563757 -0.0289702
         vertex 0.0116697 -0.056518 -0.0309321
         vertex 0.014268 -0.0579058 -0.0317558
      endloop
   endfacet
   facet normal -0.329101 -0.936667 0.119783
      outer loop
         vertex 0.0121049 -0.0563757 -0.0289702
         vertex 0.0114171 -0.0563831 -0.030852
         vertex 0.0116697 -0.056518 -0.0309321
      endloop
   endfacet
   facet normal -0.563611 -0.800163 0.205138
      outer loop
         vertex 0.014268 -0.0579058 -0.0317558
         vertex 0.0150804 -0.0580126 -0.029934
         vertex 0.0121049 -0.0563757 -0.0289702
      endloop
   endfacet
   facet normal -0.777044 -0.56233 0.282821
      outer loop
         vertex 0.0163871 -0.0604661 -0.0331184
         vertex 0.0167282 -0.0615554 -0.0337296
         vertex 0.0174183 -0.0615517 -0.0318477
      endloop
   endfacet
   facet normal -0.784738 -0.550097 0.285621
      outer loop
         vertex 0.0171363 -0.0605924 -0.0313072
         vertex 0.015449 -0.0584752 -0.0301802
         vertex 0.0152638 -0.0591089 -0.0323961
      endloop
   endfacet
   facet normal -0.616809 -0.754418 0.2245
      outer loop
         vertex 0.015449 -0.0584752 -0.0301802
         vertex 0.0147501 -0.0584883 -0.0320658
         vertex 0.0152638 -0.0591089 -0.0323961
      endloop
   endfacet
   facet normal -0.670565 -0.700553 0.244066
      outer loop
         vertex 0.0152638 -0.0591089 -0.0323961
         vertex 0.0163871 -0.0604661 -0.0331184
         vertex 0.0171363 -0.0605924 -0.0313072
      endloop
   endfacet
   facet normal -0.896017 -0.301327 0.326123
      outer loop
         vertex 0.0172129 -0.0631035 -0.0345982
         vertex 0.017065 -0.0650147 -0.0357902
         vertex 0.0176537 -0.0650082 -0.0339234
      endloop
   endfacet
   facet normal -0.899651 -0.288804 0.327446
      outer loop
         vertex 0.0179113 -0.0632286 -0.0327925
         vertex 0.0174183 -0.0615517 -0.0318477
         vertex 0.0167282 -0.0615554 -0.0337296
      endloop
   endfacet
   facet normal -0.834424 -0.459891 0.303706
      outer loop
         vertex 0.0167282 -0.0615554 -0.0337296
         vertex 0.0171553 -0.0629195 -0.034495
         vertex 0.0179113 -0.0632286 -0.0327925
      endloop
   endfacet
   facet normal -0.890081 -0.32063 0.323963
      outer loop
         vertex 0.0171553 -0.0629195 -0.034495
         vertex 0.0172129 -0.0631035 -0.0345982
         vertex 0.0179113 -0.0632286 -0.0327925
      endloop
   endfacet
   facet normal -0.932562 0.122963 0.339425
      outer loop
         vertex 0.017293 -0.0675 -0.0355069
         vertex 0.0176537 -0.0650082 -0.0339234
         vertex 0.017065 -0.0650147 -0.0357902
      endloop
   endfacet
   facet normal -0.933749 -0.112296 0.339857
      outer loop
         vertex 0.017065 -0.0650147 -0.0357902
         vertex 0.0169564 -0.0664177 -0.0366652
         vertex 0.017293 -0.0675 -0.0355069
      endloop
   endfacet
   facet normal -0.939437 0.0233279 0.341927
      outer loop
         vertex 0.0169564 -0.0664177 -0.0366652
         vertex 0.0166089 -0.0675 -0.0373863
         vertex 0.017293 -0.0675 -0.0355069
      endloop
   endfacet
   facet normal -0.933749 -0.112296 0.339857
      outer loop
         vertex 0.0176537 -0.0650082 -0.0339234
         vertex 0.0179113 -0.0632286 -0.0327925
         vertex 0.0172129 -0.0631035 -0.0345982
      endloop
   endfacet
   facet normal -0.834424 -0.459891 0.303706
      outer loop
         vertex 0.0174183 -0.0615517 -0.0318477
         vertex 0.0171363 -0.0605924 -0.0313072
         vertex 0.0163871 -0.0604661 -0.0331184
      endloop
   endfacet
   facet normal -0.616809 -0.754418 0.2245
      outer loop
         vertex 0.015449 -0.0584752 -0.0301802
         vertex 0.0150804 -0.0580126 -0.029934
         vertex 0.014268 -0.0579058 -0.0317558
      endloop
   endfacet
   facet normal -0.288224 -0.951799 0.104905
      outer loop
         vertex 0.0116304 -0.0561147 -0.0288165
         vertex 0.0108655 -0.0560885 -0.0306771
         vertex 0.0114171 -0.0563831 -0.030852
      endloop
   endfacet
   facet normal -0.872667 -3.38837e-16 0.488315
      outer loop
         vertex 0.0135337 -0.0755 -0.042882
         vertex 0.0140103 -0.0755 -0.0420304
         vertex 0.0153336 -0.0714262 -0.0396655
      endloop
   endfacet
   facet normal -0.872667 -3.38837e-16 0.488315
      outer loop
         vertex 0.0153336 -0.0714262 -0.0396655
         vertex 0.0160732 -0.0675 -0.0383437
         vertex 0.0135337 -0.0755 -0.042882
      endloop
   endfacet
   facet normal -0.872667 -3.38837e-16 0.488315
      outer loop
         vertex 0.0153336 -0.0714262 -0.0396655
         vertex 0.0166089 -0.0675 -0.0373863
         vertex 0.0160732 -0.0675 -0.0383437
      endloop
   endfacet
   facet normal -0.314759 0.942607 -0.11144
      outer loop
         vertex 0.00240279 -0.0869688 -0.0455495
         vertex -0.00104031 -0.0875162 -0.0443699
         vertex -0.000986111 -0.0875 -0.0442561
      endloop
   endfacet
   facet normal -0.349596 0.865095 -0.359712
      outer loop
         vertex 0.00238537 -0.0870076 -0.0456736
         vertex -0.00106566 -0.0875399 -0.0444232
         vertex -0.00104031 -0.0875162 -0.0443699
      endloop
   endfacet
   facet normal -0.349596 0.865095 -0.359712
      outer loop
         vertex 0.00238537 -0.0870076 -0.0456736
         vertex -0.00109102 -0.0875636 -0.0444764
         vertex -0.00106566 -0.0875399 -0.0444232
      endloop
   endfacet
   facet normal -0.360361 0.728012 -0.583214
      outer loop
         vertex 0.00237999 -0.0870761 -0.0457854
         vertex -0.00113494 -0.0876392 -0.0445686
         vertex -0.00109102 -0.0875636 -0.0444764
      endloop
   endfacet
   facet normal -0.34631 0.540797 -0.766556
      outer loop
         vertex 0.00238701 -0.0871697 -0.0458771
         vertex -0.00116924 -0.0877381 -0.0446407
         vertex -0.00113494 -0.0876392 -0.0445686
      endloop
   endfacet
   facet normal -0.308412 0.316343 -0.897112
      outer loop
         vertex 0.00240596 -0.087282 -0.0459423
         vertex -0.00118048 -0.0877961 -0.0446643
         vertex -0.00116924 -0.0877381 -0.0446407
      endloop
   endfacet
   facet normal -0.308412 0.316343 -0.897112
      outer loop
         vertex 0.00240596 -0.087282 -0.0459423
         vertex -0.00119171 -0.087854 -0.0446879
         vertex -0.00118048 -0.0877961 -0.0446643
      endloop
   endfacet
   facet normal -0.308412 0.316343 -0.897112
      outer loop
         vertex 0.00240596 -0.087282 -0.0459423
         vertex 0.00243553 -0.0874051 -0.0459767
         vertex -0.000430751 -0.0878577 -0.044976
      endloop
   endfacet
   facet normal -0.387816 0.262106 -0.883685
      outer loop
         vertex -0.000430751 -0.0878577 -0.044976
         vertex -0.00119171 -0.087854 -0.0446879
         vertex 0.00240596 -0.087282 -0.0459423
      endloop
   endfacet
   facet normal -0.510157 0.860043 -0.00814272
      outer loop
         vertex 0.00572889 -0.0854815 -0.0459698
         vertex 0.00240279 -0.0869688 -0.0455495
         vertex 0.00349787 -0.0864898 -0.0455533
      endloop
   endfacet
   facet normal -0.314759 0.942607 -0.11144
      outer loop
         vertex 0.00240279 -0.0869688 -0.0455495
         vertex 0.00243104 -0.0869625 -0.0454215
         vertex 0.00349787 -0.0864898 -0.0455533
      endloop
   endfacet
   facet normal -0.349596 0.865095 -0.359712
      outer loop
         vertex 0.00238537 -0.0870076 -0.0456736
         vertex 0.00240279 -0.0869688 -0.0455495
         vertex 0.00572889 -0.0854815 -0.0459698
      endloop
   endfacet
   facet normal -0.360361 0.728012 -0.583214
      outer loop
         vertex 0.00237999 -0.0870761 -0.0457854
         vertex 0.00238537 -0.0870076 -0.0456736
         vertex 0.00573542 -0.0855019 -0.0461086
      endloop
   endfacet
   facet normal -0.34631 0.540797 -0.766556
      outer loop
         vertex 0.00238701 -0.0871697 -0.0458771
         vertex 0.00237999 -0.0870761 -0.0457854
         vertex 0.00576158 -0.0855546 -0.0462362
      endloop
   endfacet
   facet normal -0.308412 0.316343 -0.897112
      outer loop
         vertex 0.00240596 -0.087282 -0.0459423
         vertex 0.00238701 -0.0871697 -0.0458771
         vertex 0.00580529 -0.0856356 -0.0463424
      endloop
   endfacet
   facet normal -0.308412 0.316343 -0.897112
      outer loop
         vertex 0.00240596 -0.087282 -0.0459423
         vertex 0.00586312 -0.0857383 -0.0464189
         vertex 0.0041882 -0.0866276 -0.0462189
      endloop
   endfacet
   facet normal -0.241702 0.34647 -0.906388
      outer loop
         vertex 0.00586312 -0.0857383 -0.0464189
         vertex 0.00593049 -0.0858547 -0.0464596
         vertex 0.0041882 -0.0866276 -0.0462189
      endloop
   endfacet
   facet normal -0.510157 0.860043 -0.00814272
      outer loop
         vertex 0.00572889 -0.0854815 -0.0459698
         vertex 0.00574251 -0.0854951 -0.0458306
         vertex 0.00785867 -0.0838922 -0.0456516
      endloop
   endfacet
   facet normal -0.608173 0.687469 0.396877
      outer loop
         vertex 0.00785867 -0.0838922 -0.0456516
         vertex 0.0089723 -0.0830005 -0.0457039
         vertex 0.00572889 -0.0854815 -0.0459698
      endloop
   endfacet
   facet normal -0.497102 0.819248 -0.285872
      outer loop
         vertex 0.00573542 -0.0855019 -0.0461086
         vertex 0.00572889 -0.0854815 -0.0459698
         vertex 0.0089723 -0.0830005 -0.0457039
      endloop
   endfacet
   facet normal -0.444792 0.713759 -0.541026
      outer loop
         vertex 0.00576158 -0.0855546 -0.0462362
         vertex 0.00573542 -0.0855019 -0.0461086
         vertex 0.00899396 -0.082994 -0.0458553
      endloop
   endfacet
   facet normal -0.357357 0.551906 -0.753456
      outer loop
         vertex 0.00580529 -0.0856356 -0.0463424
         vertex 0.00576158 -0.0855546 -0.0462362
         vertex 0.00904647 -0.0830213 -0.0459965
      endloop
   endfacet
   facet normal -0.241702 0.34647 -0.906388
      outer loop
         vertex 0.00586312 -0.0857383 -0.0464189
         vertex 0.00580529 -0.0856356 -0.0463424
         vertex 0.0091249 -0.0830798 -0.0461143
      endloop
   endfacet
   facet normal -0.241702 0.34647 -0.906388
      outer loop
         vertex 0.00586312 -0.0857383 -0.0464189
         vertex 0.00922191 -0.0831641 -0.0461975
         vertex 0.00835194 -0.08401 -0.046302
      endloop
   endfacet
   facet normal -0.202101 0.380674 -0.902354
      outer loop
         vertex 0.00922191 -0.0831641 -0.0461975
         vertex 0.0093284 -0.0832662 -0.0462385
         vertex 0.00835194 -0.08401 -0.046302
      endloop
   endfacet
   facet normal -0.701325 0.707758 0.0849764
      outer loop
         vertex 0.0089723 -0.0830005 -0.0457039
         vertex 0.00898353 -0.0830402 -0.0455564
         vertex 0.0113836 -0.0800423 -0.044665
      endloop
   endfacet
   facet normal -0.806013 0.380879 0.453072
      outer loop
         vertex 0.0113836 -0.0800423 -0.044665
         vertex 0.0118681 -0.0793396 -0.0446284
         vertex 0.0089723 -0.0830005 -0.0457039
      endloop
   endfacet
   facet normal -0.658012 0.720794 -0.21789
      outer loop
         vertex 0.00899396 -0.082994 -0.0458553
         vertex 0.0089723 -0.0830005 -0.0457039
         vertex 0.0118681 -0.0793396 -0.0446284
      endloop
   endfacet
   facet normal -0.552995 0.666238 -0.500323
      outer loop
         vertex 0.00904647 -0.0830213 -0.0459965
         vertex 0.00899396 -0.082994 -0.0458553
         vertex 0.0118928 -0.0792992 -0.0447898
      endloop
   endfacet
   facet normal -0.396121 0.549207 -0.73584
      outer loop
         vertex 0.0091249 -0.0830798 -0.0461143
         vertex 0.00904647 -0.0830213 -0.0459965
         vertex 0.0119641 -0.0792892 -0.0449417
      endloop
   endfacet
   facet normal -0.202101 0.380674 -0.902354
      outer loop
         vertex 0.00922191 -0.0831641 -0.0461975
         vertex 0.0091249 -0.0830798 -0.0461143
         vertex 0.012074 -0.0793109 -0.0450671
      endloop
   endfacet
   facet normal 0.103103 0.265525 -0.958575
      outer loop
         vertex 0.0123571 -0.079436 -0.045186
         vertex 0.0093284 -0.0832662 -0.0462385
         vertex 0.00922191 -0.0831641 -0.0461975
      endloop
   endfacet
   facet normal -0.971405 0.158322 0.176939
      outer loop
         vertex 0.0134844 -0.0754208 -0.0430377
         vertex 0.0118681 -0.0793396 -0.0446284
         vertex 0.011893 -0.079406 -0.0444759
      endloop
   endfacet
   facet normal -0.94214 0.295782 -0.157753
      outer loop
         vertex 0.013499 -0.0753521 -0.043205
         vertex 0.0118928 -0.0792992 -0.0447898
         vertex 0.0118681 -0.0793396 -0.0446284
      endloop
   endfacet
   facet normal -0.788729 0.394267 -0.471657
      outer loop
         vertex 0.0135757 -0.0753029 -0.043362
         vertex 0.0119641 -0.0792892 -0.0449417
         vertex 0.0118928 -0.0792992 -0.0447898
      endloop
   endfacet
   facet normal -0.531387 0.440799 -0.723411
      outer loop
         vertex 0.0137044 -0.0752796 -0.0434878
         vertex 0.012074 -0.0793109 -0.0450671
         vertex 0.0119641 -0.0792892 -0.0449417
      endloop
   endfacet
   facet normal -0.204025 0.429247 -0.879841
      outer loop
         vertex 0.0138681 -0.0752854 -0.0435661
         vertex 0.0122102 -0.0793617 -0.0451517
         vertex 0.012074 -0.0793109 -0.0450671
      endloop
   endfacet
   facet normal -0.204025 0.429247 -0.879841
      outer loop
         vertex 0.0138681 -0.0752854 -0.0435661
         vertex 0.0140452 -0.0753194 -0.0435863
         vertex 0.0129838 -0.0779078 -0.0445921
      endloop
   endfacet
   facet normal -0.179605 0.417301 -0.890843
      outer loop
         vertex 0.0129838 -0.0779078 -0.0445921
         vertex 0.0122102 -0.0793617 -0.0451517
         vertex 0.0138681 -0.0752854 -0.0435661
      endloop
   endfacet
   facet normal -0.179605 0.417301 -0.890843
      outer loop
         vertex 0.0129838 -0.0779078 -0.0445921
         vertex 0.0123571 -0.079436 -0.045186
         vertex 0.0122102 -0.0793617 -0.0451517
      endloop
   endfacet
   facet normal -0.463105 0.515747 -0.72079
      outer loop
         vertex 0.012074 -0.0793109 -0.0450671
         vertex 0.0137044 -0.0752796 -0.0434878
         vertex 0.0138681 -0.0752854 -0.0435661
      endloop
   endfacet
   facet normal -0.683022 0.559086 -0.470003
      outer loop
         vertex 0.0119641 -0.0792892 -0.0449417
         vertex 0.0135757 -0.0753029 -0.043362
         vertex 0.0137044 -0.0752796 -0.0434878
      endloop
   endfacet
   facet normal -0.825665 0.539173 -0.166042
      outer loop
         vertex 0.0118928 -0.0792992 -0.0447898
         vertex 0.013499 -0.0753521 -0.043205
         vertex 0.0135757 -0.0753029 -0.043362
      endloop
   endfacet
   facet normal -0.874896 0.458259 0.156705
      outer loop
         vertex 0.0118681 -0.0793396 -0.0446284
         vertex 0.0134844 -0.0754208 -0.0430377
         vertex 0.013499 -0.0753521 -0.043205
      endloop
   endfacet
   facet normal -0.825144 0.3255 0.461722
      outer loop
         vertex 0.011893 -0.079406 -0.0444759
         vertex 0.0135337 -0.0755 -0.042882
         vertex 0.0134844 -0.0754208 -0.0430377
      endloop
   endfacet
   facet normal -0.202101 0.380674 -0.902354
      outer loop
         vertex 0.00922191 -0.0831641 -0.0461975
         vertex 0.0122102 -0.0793617 -0.0451517
         vertex 0.0123571 -0.079436 -0.045186
      endloop
   endfacet
   facet normal -0.463105 0.515747 -0.72079
      outer loop
         vertex 0.012074 -0.0793109 -0.0450671
         vertex 0.0122102 -0.0793617 -0.0451517
         vertex 0.00922191 -0.0831641 -0.0461975
      endloop
   endfacet
   facet normal -0.683022 0.559086 -0.470003
      outer loop
         vertex 0.0119641 -0.0792892 -0.0449417
         vertex 0.012074 -0.0793109 -0.0450671
         vertex 0.0091249 -0.0830798 -0.0461143
      endloop
   endfacet
   facet normal -0.825665 0.539173 -0.166042
      outer loop
         vertex 0.0118928 -0.0792992 -0.0447898
         vertex 0.0119641 -0.0792892 -0.0449417
         vertex 0.00904647 -0.0830213 -0.0459965
      endloop
   endfacet
   facet normal -0.874896 0.458259 0.156705
      outer loop
         vertex 0.0118681 -0.0793396 -0.0446284
         vertex 0.0118928 -0.0792992 -0.0447898
         vertex 0.00899396 -0.082994 -0.0458553
      endloop
   endfacet
   facet normal -0.806013 0.380879 0.453072
      outer loop
         vertex 0.0113836 -0.0800423 -0.044665
         vertex 0.011893 -0.079406 -0.0444759
         vertex 0.0118681 -0.0793396 -0.0446284
      endloop
   endfacet
   facet normal -0.176086 0.333832 -0.92604
      outer loop
         vertex 0.00835194 -0.08401 -0.046302
         vertex 0.00593049 -0.0858547 -0.0464596
         vertex 0.00586312 -0.0857383 -0.0464189
      endloop
   endfacet
   facet normal -0.396121 0.549207 -0.73584
      outer loop
         vertex 0.0091249 -0.0830798 -0.0461143
         vertex 0.00922191 -0.0831641 -0.0461975
         vertex 0.00586312 -0.0857383 -0.0464189
      endloop
   endfacet
   facet normal -0.552995 0.666238 -0.500323
      outer loop
         vertex 0.00904647 -0.0830213 -0.0459965
         vertex 0.0091249 -0.0830798 -0.0461143
         vertex 0.00580529 -0.0856356 -0.0463424
      endloop
   endfacet
   facet normal -0.658012 0.720794 -0.21789
      outer loop
         vertex 0.00899396 -0.082994 -0.0458553
         vertex 0.00904647 -0.0830213 -0.0459965
         vertex 0.00576158 -0.0855546 -0.0462362
      endloop
   endfacet
   facet normal -0.701325 0.707758 0.0849764
      outer loop
         vertex 0.0089723 -0.0830005 -0.0457039
         vertex 0.00899396 -0.082994 -0.0458553
         vertex 0.00573542 -0.0855019 -0.0461086
      endloop
   endfacet
   facet normal -0.608173 0.687469 0.396877
      outer loop
         vertex 0.00785867 -0.0838922 -0.0456516
         vertex 0.00898353 -0.0830402 -0.0455564
         vertex 0.0089723 -0.0830005 -0.0457039
      endloop
   endfacet
   facet normal -0.275354 0.342638 -0.898209
      outer loop
         vertex 0.0041882 -0.0866276 -0.0462189
         vertex 0.00243553 -0.0874051 -0.0459767
         vertex 0.00240596 -0.087282 -0.0459423
      endloop
   endfacet
   facet normal -0.357357 0.551906 -0.753456
      outer loop
         vertex 0.00580529 -0.0856356 -0.0463424
         vertex 0.00586312 -0.0857383 -0.0464189
         vertex 0.00240596 -0.087282 -0.0459423
      endloop
   endfacet
   facet normal -0.444792 0.713759 -0.541026
      outer loop
         vertex 0.00576158 -0.0855546 -0.0462362
         vertex 0.00580529 -0.0856356 -0.0463424
         vertex 0.00238701 -0.0871697 -0.0458771
      endloop
   endfacet
   facet normal -0.497102 0.819248 -0.285872
      outer loop
         vertex 0.00573542 -0.0855019 -0.0461086
         vertex 0.00576158 -0.0855546 -0.0462362
         vertex 0.00237999 -0.0870761 -0.0457854
      endloop
   endfacet
   facet normal -0.510157 0.860043 -0.00814272
      outer loop
         vertex 0.00572889 -0.0854815 -0.0459698
         vertex 0.00573542 -0.0855019 -0.0461086
         vertex 0.00238537 -0.0870076 -0.0456736
      endloop
   endfacet
   facet normal -0.313131 0.907996 0.278375
      outer loop
         vertex 0.00349787 -0.0864898 -0.0455533
         vertex 0.00574251 -0.0854951 -0.0458306
         vertex 0.00572889 -0.0854815 -0.0459698
      endloop
   endfacet
   facet normal -0.387816 0.262106 -0.883685
      outer loop
         vertex -0.000430751 -0.0878577 -0.044976
         vertex -0.0012009 -0.0879793 -0.0447071
         vertex -0.00119171 -0.087854 -0.0446879
      endloop
   endfacet
   facet normal -0.366263 0.52374 -0.769121
      outer loop
         vertex -0.00116924 -0.0877381 -0.0446407
         vertex 0.00238701 -0.0871697 -0.0458771
         vertex 0.00240596 -0.087282 -0.0459423
      endloop
   endfacet
   facet normal -0.297653 0.721611 -0.625045
      outer loop
         vertex -0.00113494 -0.0876392 -0.0445686
         vertex 0.00237999 -0.0870761 -0.0457854
         vertex 0.00238701 -0.0871697 -0.0458771
      endloop
   endfacet
   facet normal -0.209808 0.872852 -0.440579
      outer loop
         vertex -0.00109102 -0.0875636 -0.0444764
         vertex 0.00238537 -0.0870076 -0.0456736
         vertex 0.00237999 -0.0870761 -0.0457854
      endloop
   endfacet
   facet normal -0.108407 0.967691 -0.227645
      outer loop
         vertex -0.00104031 -0.0875162 -0.0443699
         vertex 0.00240279 -0.0869688 -0.0455495
         vertex 0.00238537 -0.0870076 -0.0456736
      endloop
   endfacet
   facet normal -2.60209e-15 1 0
      outer loop
         vertex -0.000986111 -0.0875 -0.0442561
         vertex 0.00243104 -0.0869625 -0.0454215
         vertex 0.00240279 -0.0869688 -0.0455495
      endloop
   endfacet
   facet normal -0.835737 -0.287833 0.46765
      outer loop
         vertex 0.0167808 -0.064046 -0.0360392
         vertex 0.0160732 -0.0675 -0.0383437
         vertex 0.0169564 -0.0664177 -0.0366652
      endloop
   endfacet
   facet normal -0.872667 -1.3584e-16 0.488315
      outer loop
         vertex 0.0160732 -0.0675 -0.0383437
         vertex 0.0166089 -0.0675 -0.0373863
         vertex 0.0169564 -0.0664177 -0.0366652
      endloop
   endfacet
   facet normal -0.811988 -0.366376 0.454361
      outer loop
         vertex 0.0172129 -0.0631035 -0.0345982
         vertex 0.016584 -0.0629464 -0.0353828
         vertex 0.0167808 -0.064046 -0.0360392
      endloop
   endfacet
   facet normal -0.835737 -0.287833 0.46765
      outer loop
         vertex 0.0167808 -0.064046 -0.0360392
         vertex 0.017065 -0.0650147 -0.0357902
         vertex 0.0172129 -0.0631035 -0.0345982
      endloop
   endfacet
   facet normal -0.811988 -0.366376 0.454361
      outer loop
         vertex 0.0172129 -0.0631035 -0.0345982
         vertex 0.0171553 -0.0629195 -0.034495
         vertex 0.016584 -0.0629464 -0.0353828
      endloop
   endfacet
   facet normal -0.744044 -0.522551 0.416341
      outer loop
         vertex 0.0162768 -0.0612294 -0.0343578
         vertex 0.016584 -0.0629464 -0.0353828
         vertex 0.0171553 -0.0629195 -0.034495
      endloop
   endfacet
   facet normal -0.61679 -0.707427 0.345135
      outer loop
         vertex 0.0148931 -0.0590499 -0.0331673
         vertex 0.0162768 -0.0612294 -0.0343578
         vertex 0.0163871 -0.0604661 -0.0331184
      endloop
   endfacet
   facet normal -0.744044 -0.522551 0.416341
      outer loop
         vertex 0.0162768 -0.0612294 -0.0343578
         vertex 0.0167282 -0.0615554 -0.0337296
         vertex 0.0163871 -0.0604661 -0.0331184
      endloop
   endfacet
   facet normal -0.707032 -0.586158 0.395631
      outer loop
         vertex 0.0163871 -0.0604661 -0.0331184
         vertex 0.0152638 -0.0591089 -0.0323961
         vertex 0.0148931 -0.0590499 -0.0331673
      endloop
   endfacet
   facet normal -0.617006 -0.707179 0.345256
      outer loop
         vertex 0.0152638 -0.0591089 -0.0323961
         vertex 0.0147501 -0.0584883 -0.0320658
         vertex 0.014663 -0.0586876 -0.0329694
      endloop
   endfacet
   facet normal -0.524161 -0.799518 0.293302
      outer loop
         vertex 0.014268 -0.0579058 -0.0317558
         vertex 0.0116697 -0.056518 -0.0309321
         vertex 0.0123394 -0.0569078 -0.0319911
      endloop
   endfacet
   facet normal -0.592324 -0.734368 0.331444
      outer loop
         vertex 0.014663 -0.0586876 -0.0329694
         vertex 0.0147501 -0.0584883 -0.0320658
         vertex 0.014268 -0.0579058 -0.0317558
      endloop
   endfacet
   facet normal -0.333271 -0.924204 0.186487
      outer loop
         vertex 0.0116697 -0.056518 -0.0309321
         vertex 0.0112485 -0.0565077 -0.0317243
         vertex 0.0123394 -0.0569078 -0.0319911
      endloop
   endfacet
   facet normal -0.410125 -0.882684 0.229492
      outer loop
         vertex 0.0123394 -0.0569078 -0.0319911
         vertex 0.014663 -0.0586876 -0.0329694
         vertex 0.014268 -0.0579058 -0.0317558
      endloop
   endfacet
   facet normal -0.334213 -0.923757 0.187014
      outer loop
         vertex 0.0112485 -0.0565077 -0.0317243
         vertex 0.0114171 -0.0563831 -0.030852
         vertex 0.0108655 -0.0560885 -0.0306771
      endloop
   endfacet
   facet normal -0.334213 -0.923757 0.187014
      outer loop
         vertex 0.0112485 -0.0565077 -0.0317243
         vertex 0.0116697 -0.056518 -0.0309321
         vertex 0.0114171 -0.0563831 -0.030852
      endloop
   endfacet
   facet normal -1.18286e-13 -1 6.57749e-14
      outer loop
         vertex 0.00697584 -0.0555 -0.0300273
         vertex 0.00651624 -0.0555 -0.0308487
         vertex 0.00928172 -0.0557864 -0.0312433
      endloop
   endfacet
   facet normal -0.189518 -0.976134 0.106048
      outer loop
         vertex 0.00928172 -0.0557864 -0.0312433
         vertex 0.0108655 -0.0560885 -0.0306771
         vertex 0.00697584 -0.0555 -0.0300273
      endloop
   endfacet
   facet normal -0.269925 -0.950961 0.151041
      outer loop
         vertex 0.0108655 -0.0560885 -0.0306771
         vertex 0.00928172 -0.0557864 -0.0312433
         vertex 0.0112485 -0.0565077 -0.0317243
      endloop
   endfacet
   facet normal -0.592324 -0.734368 0.331444
      outer loop
         vertex 0.014663 -0.0586876 -0.0329694
         vertex 0.0148931 -0.0590499 -0.0331673
         vertex 0.0152638 -0.0591089 -0.0323961
      endloop
   endfacet
   facet normal -0.806312 -0.382484 0.451184
      outer loop
         vertex 0.0171553 -0.0629195 -0.034495
         vertex 0.0167282 -0.0615554 -0.0337296
         vertex 0.0162768 -0.0612294 -0.0343578
      endloop
   endfacet
   facet normal -0.869111 -0.0901896 0.486325
      outer loop
         vertex 0.0169564 -0.0664177 -0.0366652
         vertex 0.017065 -0.0650147 -0.0357902
         vertex 0.0167808 -0.064046 -0.0360392
      endloop
   endfacet
   facet normal -0.953353 0.21517 0.211707
      outer loop
         vertex 0.0160329 -0.0673924 -0.038482
         vertex 0.0134844 -0.0754208 -0.0430377
         vertex 0.0135337 -0.0755 -0.042882
      endloop
   endfacet
   facet normal -0.910751 0.402514 -0.0922785
      outer loop
         vertex 0.0160542 -0.0672987 -0.038634
         vertex 0.013499 -0.0753521 -0.043205
         vertex 0.0134844 -0.0754208 -0.0430377
      endloop
   endfacet
   facet normal -0.750371 0.537805 -0.384331
      outer loop
         vertex 0.0161344 -0.0672311 -0.03878
         vertex 0.0135757 -0.0753029 -0.043362
         vertex 0.013499 -0.0753521 -0.043205
      endloop
   endfacet
   facet normal -0.492952 0.603547 -0.626681
      outer loop
         vertex 0.0162631 -0.0671982 -0.0389012
         vertex 0.0137044 -0.0752796 -0.0434878
         vertex 0.0135757 -0.0753029 -0.043362
      endloop
   endfacet
   facet normal -0.492952 0.603547 -0.626681
      outer loop
         vertex 0.0162631 -0.0671982 -0.0389012
         vertex 0.0164237 -0.0672044 -0.0389818
         vertex 0.0138681 -0.0752854 -0.0435661
      endloop
   endfacet
   facet normal -0.204025 0.429247 -0.879841
      outer loop
         vertex 0.0138681 -0.0752854 -0.0435661
         vertex 0.0150952 -0.0719964 -0.0417027
         vertex 0.0147229 -0.0731746 -0.0423705
      endloop
   endfacet
   facet normal -0.171785 0.591238 -0.787989
      outer loop
         vertex 0.0164237 -0.0672044 -0.0389818
         vertex 0.0165954 -0.0672488 -0.0390115
         vertex 0.0150952 -0.0719964 -0.0417027
      endloop
   endfacet
   facet normal 0.542871 0.273191 -0.79414
      outer loop
         vertex 0.0150952 -0.0719964 -0.0417027
         vertex 0.0138681 -0.0752854 -0.0435661
         vertex 0.0164237 -0.0672044 -0.0389818
      endloop
   endfacet
   facet normal 0.468672 0.293336 -0.833247
      outer loop
         vertex 0.0147229 -0.0731746 -0.0423705
         vertex 0.0140452 -0.0753194 -0.0435863
         vertex 0.0138681 -0.0752854 -0.0435661
      endloop
   endfacet
   facet normal -0.204025 0.429247 -0.879841
      outer loop
         vertex 0.0138681 -0.0752854 -0.0435661
         vertex 0.0137044 -0.0752796 -0.0434878
         vertex 0.0162631 -0.0671982 -0.0389012
      endloop
   endfacet
   facet normal -0.788729 0.394267 -0.471657
      outer loop
         vertex 0.0135757 -0.0753029 -0.043362
         vertex 0.0161344 -0.0672311 -0.03878
         vertex 0.0162631 -0.0671982 -0.0389012
      endloop
   endfacet
   facet normal -0.94214 0.295782 -0.157753
      outer loop
         vertex 0.013499 -0.0753521 -0.043205
         vertex 0.0160542 -0.0672987 -0.038634
         vertex 0.0161344 -0.0672311 -0.03878
      endloop
   endfacet
   facet normal -0.971405 0.158322 0.176939
      outer loop
         vertex 0.0134844 -0.0754208 -0.0430377
         vertex 0.0160329 -0.0673924 -0.038482
         vertex 0.0160542 -0.0672987 -0.038634
      endloop
   endfacet
   facet normal -0.872667 0 0.488315
      outer loop
         vertex 0.0135337 -0.0755 -0.042882
         vertex 0.0160732 -0.0675 -0.0383437
         vertex 0.0160329 -0.0673924 -0.038482
      endloop
   endfacet
   facet normal 0.886884 -0.33051 -0.322799
      outer loop
         vertex -0.010553 -0.0634137 -0.0273739
         vertex -0.0100644 -0.063809 -0.025481
         vertex -0.0100743 -0.0638637 -0.0254867
      endloop
   endfacet
   facet normal 0.886884 -0.33051 -0.322799
      outer loop
         vertex -0.010553 -0.0634137 -0.0273739
         vertex -0.00986421 -0.0634158 -0.0254961
         vertex -0.0100644 -0.063809 -0.025481
      endloop
   endfacet
   facet normal 0.896802 -0.298668 -0.326409
      outer loop
         vertex -0.0107323 -0.0637605 -0.0273601
         vertex -0.0100743 -0.0638637 -0.0254867
         vertex -0.0107301 -0.0675 -0.0258675
      endloop
   endfacet
   facet normal 0.939017 0.0379068 -0.341774
      outer loop
         vertex -0.0107301 -0.0675 -0.0258675
         vertex -0.011414 -0.0675 -0.0277469
         vertex -0.0107323 -0.0637605 -0.0273601
      endloop
   endfacet
   facet normal 0.88353 -0.340532 -0.321579
      outer loop
         vertex -0.00980375 -0.0632971 -0.0255007
         vertex -0.0103175 -0.0629581 -0.0273921
         vertex -0.00898633 -0.0603835 -0.0274947
      endloop
   endfacet
   facet normal 0.872804 -0.370534 -0.317675
      outer loop
         vertex -0.0103175 -0.0629581 -0.0273921
         vertex -0.00980375 -0.0632971 -0.0255007
         vertex -0.00986421 -0.0634158 -0.0254961
      endloop
   endfacet
   facet normal 0.886884 -0.33051 -0.322799
      outer loop
         vertex -0.00986421 -0.0634158 -0.0254961
         vertex -0.010553 -0.0634137 -0.0273739
         vertex -0.0103175 -0.0629581 -0.0273921
      endloop
   endfacet
   facet normal 0.76858 -0.575351 -0.27974
      outer loop
         vertex -0.008362 -0.0604653 -0.0256096
         vertex -0.00898633 -0.0603835 -0.0274947
         vertex -0.00837379 -0.0597928 -0.0275507
      endloop
   endfacet
   facet normal 0.723591 -0.638008 -0.263366
      outer loop
         vertex -0.00837379 -0.0597928 -0.0275507
         vertex -0.00768227 -0.0597986 -0.0256717
         vertex -0.008362 -0.0604653 -0.0256096
      endloop
   endfacet
   facet normal 0.540078 -0.818337 -0.196572
      outer loop
         vertex -0.00608914 -0.0575896 -0.0277595
         vertex -0.00599879 -0.0581474 -0.0258255
         vertex -0.00670647 -0.0588416 -0.0257609
      endloop
   endfacet
   facet normal 0.650849 -0.721304 -0.23689
      outer loop
         vertex -0.00670647 -0.0588416 -0.0257609
         vertex -0.00769223 -0.0591356 -0.027613
         vertex -0.00608914 -0.0575896 -0.0277595
      endloop
   endfacet
   facet normal 0.546704 -0.813339 -0.198984
      outer loop
         vertex -0.00548911 -0.0576475 -0.0258721
         vertex -0.00599879 -0.0581474 -0.0258255
         vertex -0.00608914 -0.0575896 -0.0277595
      endloop
   endfacet
   facet normal 0.540078 -0.818337 -0.196572
      outer loop
         vertex -0.00608914 -0.0575896 -0.0277595
         vertex -0.00559198 -0.0573602 -0.0278211
         vertex -0.00548911 -0.0576475 -0.0258721
      endloop
   endfacet
   facet normal 0.723591 -0.638008 -0.263366
      outer loop
         vertex -0.00768227 -0.0597986 -0.0256717
         vertex -0.00837379 -0.0597928 -0.0275507
         vertex -0.00769223 -0.0591356 -0.027613
      endloop
   endfacet
   facet normal 0.503167 -0.844561 -0.183138
      outer loop
         vertex -0.00559198 -0.0573602 -0.0278211
         vertex -0.00490248 -0.0573708 -0.0259438
         vertex -0.00548911 -0.0576475 -0.0258721
      endloop
   endfacet
   facet normal 0.246779 -0.9649 -0.0898203
      outer loop
         vertex -0.00244434 -0.0559077 -0.0282115
         vertex -0.00148348 -0.0557786 -0.0284146
         vertex -0.0012885 -0.0558557 -0.0264358
      endloop
   endfacet
   facet normal 0.168562 -0.98378 -0.0613515
      outer loop
         vertex -0.00148348 -0.0557786 -0.0284146
         vertex -0.000798877 -0.0557878 -0.0265385
         vertex -0.0012885 -0.0558557 -0.0264358
      endloop
   endfacet
   facet normal 0.2548 -0.962536 -0.0927396
      outer loop
         vertex -0.0018588 -0.0559348 -0.0263161
         vertex -0.00490248 -0.0573708 -0.0259438
         vertex -0.00385967 -0.0565608 -0.028036
      endloop
   endfacet
   facet normal 0.503167 -0.844561 -0.183138
      outer loop
         vertex -0.00490248 -0.0573708 -0.0259438
         vertex -0.00559198 -0.0573602 -0.0278211
         vertex -0.00385967 -0.0565608 -0.028036
      endloop
   endfacet
   facet normal 0.36609 -0.920991 -0.133246
      outer loop
         vertex -0.00385967 -0.0565608 -0.028036
         vertex -0.00244434 -0.0559077 -0.0282115
         vertex -0.0018588 -0.0559348 -0.0263161
      endloop
   endfacet
   facet normal -2.53146e-16 -1 -6.95512e-16
      outer loop
         vertex 0.000590653 -0.0555 -0.0288529
         vertex 0.00127469 -0.0555 -0.0269735
         vertex -0.000798877 -0.0557878 -0.0265385
      endloop
   endfacet
   facet normal 0.168562 -0.98378 -0.0613515
      outer loop
         vertex -0.000798877 -0.0557878 -0.0265385
         vertex -0.00148348 -0.0557786 -0.0284146
         vertex 0.000590653 -0.0555 -0.0288529
      endloop
   endfacet
   facet normal 0.208885 -0.97498 -0.0760278
      outer loop
         vertex -0.0012885 -0.0558557 -0.0264358
         vertex -0.0018588 -0.0559348 -0.0263161
         vertex -0.00244434 -0.0559077 -0.0282115
      endloop
   endfacet
   facet normal 0.650849 -0.721304 -0.23689
      outer loop
         vertex -0.00670647 -0.0588416 -0.0257609
         vertex -0.00768227 -0.0597986 -0.0256717
         vertex -0.00769223 -0.0591356 -0.027613
      endloop
   endfacet
   facet normal 0.764042 -0.582156 -0.278089
      outer loop
         vertex -0.00898633 -0.0603835 -0.0274947
         vertex -0.008362 -0.0604653 -0.0256096
         vertex -0.00980375 -0.0632971 -0.0255007
      endloop
   endfacet
   facet normal 0.899311 -0.289999 -0.327322
      outer loop
         vertex -0.0100743 -0.0638637 -0.0254867
         vertex -0.0107323 -0.0637605 -0.0273601
         vertex -0.010553 -0.0634137 -0.0273739
      endloop
   endfacet
   facet normal -2.53146e-16 -1 -6.95512e-16
      outer loop
         vertex 0.00383371 -0.0555 -0.0274442
         vertex 0.000427933 -0.0555 -0.0297083
         vertex 0.00651624 -0.0555 -0.0308487
      endloop
   endfacet
   facet normal -2.53146e-16 -1 -6.95512e-16
      outer loop
         vertex 0.00383371 -0.0555 -0.0274442
         vertex 0.00127469 -0.0555 -0.0269735
         vertex 0.000590653 -0.0555 -0.0288529
      endloop
   endfacet
   facet normal -2.53146e-16 -1 -6.95512e-16
      outer loop
         vertex 0.00651624 -0.0555 -0.0308487
         vertex 0.00697584 -0.0555 -0.0300273
         vertex 0.00383371 -0.0555 -0.0274442
      endloop
   endfacet
   facet normal -2.53146e-16 -1 -6.95512e-16
      outer loop
         vertex 0.00697584 -0.0555 -0.0300273
         vertex 0.00765988 -0.0555 -0.0281479
         vertex 0.00383371 -0.0555 -0.0274442
      endloop
   endfacet
   facet normal -2.53146e-16 -1 -6.95512e-16
      outer loop
         vertex 0.000590653 -0.0555 -0.0288529
         vertex 0.000427933 -0.0555 -0.0297083
         vertex 0.00383371 -0.0555 -0.0274442
      endloop
   endfacet
   facet normal -0.872667 0 0.488315
      outer loop
         vertex 0.0160732 -0.0675 -0.0383437
         vertex 0.0167808 -0.064046 -0.0360392
         vertex 0.0167083 -0.063954 -0.0361901
      endloop
   endfacet
   facet normal -0.953353 0.21517 0.211707
      outer loop
         vertex 0.0160329 -0.0673924 -0.038482
         vertex 0.0167083 -0.063954 -0.0361901
         vertex 0.0167075 -0.0638543 -0.0363531
      endloop
   endfacet
   facet normal -0.840805 0.280771 -0.462833
      outer loop
         vertex 0.0167783 -0.0637617 -0.0365044
         vertex 0.0161344 -0.0672311 -0.03878
         vertex 0.0160542 -0.0672987 -0.038634
      endloop
   endfacet
   facet normal -0.576406 0.425072 -0.697904
      outer loop
         vertex 0.0169105 -0.0636896 -0.036622
         vertex 0.0162631 -0.0671982 -0.0389012
         vertex 0.0161344 -0.0672311 -0.03878
      endloop
   endfacet
   facet normal -0.227857 0.507318 -0.831089
      outer loop
         vertex 0.0170848 -0.0636484 -0.0366885
         vertex 0.0164237 -0.0672044 -0.0389818
         vertex 0.0162631 -0.0671982 -0.0389012
      endloop
   endfacet
   facet normal 0.171597 0.502471 -0.847395
      outer loop
         vertex 0.0165954 -0.0672488 -0.0390115
         vertex 0.0164237 -0.0672044 -0.0389818
         vertex 0.0170848 -0.0636484 -0.0366885
      endloop
   endfacet
   facet normal -0.911227 -0.403395 0.0832962
      outer loop
         vertex 0.0161932 -0.0611698 -0.0345244
         vertex 0.0167083 -0.063954 -0.0361901
         vertex 0.016584 -0.0629464 -0.0353828
      endloop
   endfacet
   facet normal -0.980681 -0.10375 0.165833
      outer loop
         vertex 0.0167083 -0.063954 -0.0361901
         vertex 0.0167808 -0.064046 -0.0360392
         vertex 0.016584 -0.0629464 -0.0353828
      endloop
   endfacet
   facet normal -0.982457 0.0954802 -0.160193
      outer loop
         vertex 0.0167075 -0.0638543 -0.0363531
         vertex 0.0167083 -0.063954 -0.0361901
         vertex 0.0161932 -0.0611698 -0.0345244
      endloop
   endfacet
   facet normal -0.840805 0.280771 -0.462833
      outer loop
         vertex 0.0167783 -0.0637617 -0.0365044
         vertex 0.0167075 -0.0638543 -0.0363531
         vertex 0.0161793 -0.0610794 -0.0346973
      endloop
   endfacet
   facet normal -0.576406 0.425072 -0.697904
      outer loop
         vertex 0.0169105 -0.0636896 -0.036622
         vertex 0.0167783 -0.0637617 -0.0365044
         vertex 0.0162373 -0.0609719 -0.0348501
      endloop
   endfacet
   facet normal -0.227857 0.507318 -0.831089
      outer loop
         vertex 0.0170848 -0.0636484 -0.0366885
         vertex 0.0169105 -0.0636896 -0.036622
         vertex 0.0163583 -0.0608638 -0.0349594
      endloop
   endfacet
   facet normal 0.119134 0.516829 -0.847759
      outer loop
         vertex 0.0167084 -0.0607097 -0.0349899
         vertex 0.0172757 -0.0636443 -0.0366945
         vertex 0.0170848 -0.0636484 -0.0366885
      endloop
   endfacet
   facet normal -0.911227 -0.403395 0.0832962
      outer loop
         vertex 0.0161932 -0.0611698 -0.0345244
         vertex 0.0162768 -0.0612294 -0.0343578
         vertex 0.0148931 -0.0590499 -0.0331673
      endloop
   endfacet
   facet normal -0.660224 -0.702112 0.266725
      outer loop
         vertex 0.0148931 -0.0590499 -0.0331673
         vertex 0.0145915 -0.058659 -0.0331483
         vertex 0.0161932 -0.0611698 -0.0345244
      endloop
   endfacet
   facet normal -0.938931 -0.222493 -0.262499
      outer loop
         vertex 0.0161793 -0.0610794 -0.0346973
         vertex 0.0161932 -0.0611698 -0.0345244
         vertex 0.0145915 -0.058659 -0.0331483
      endloop
   endfacet
   facet normal -0.822915 -0.00753431 -0.568114
      outer loop
         vertex 0.0162373 -0.0609719 -0.0348501
         vertex 0.0161793 -0.0610794 -0.0346973
         vertex 0.0145758 -0.058579 -0.0333252
      endloop
   endfacet
   facet normal -0.580938 0.208577 -0.786769
      outer loop
         vertex 0.0163583 -0.0608638 -0.0349594
         vertex 0.0162373 -0.0609719 -0.0348501
         vertex 0.0146183 -0.0584597 -0.0334733
      endloop
   endfacet
   facet normal -0.250039 0.392763 -0.884996
      outer loop
         vertex 0.0165238 -0.0607717 -0.0350085
         vertex 0.0163583 -0.0608638 -0.0349594
         vertex 0.0147125 -0.0583193 -0.03357
      endloop
   endfacet
   facet normal 0.0681761 0.520193 -0.851323
      outer loop
         vertex 0.0149933 -0.0580603 -0.0335608
         vertex 0.0167084 -0.0607097 -0.0349899
         vertex 0.0165238 -0.0607717 -0.0350085
      endloop
   endfacet
   facet normal -0.410125 -0.882684 0.229492
      outer loop
         vertex 0.0123394 -0.0569078 -0.0319911
         vertex 0.0122889 -0.0568907 -0.0321741
         vertex 0.0145915 -0.058659 -0.0331483
      endloop
   endfacet
   facet normal -0.766826 -0.517126 -0.380208
      outer loop
         vertex 0.0145758 -0.058579 -0.0333252
         vertex 0.0145915 -0.058659 -0.0331483
         vertex 0.0122889 -0.0568907 -0.0321741
      endloop
   endfacet
   facet normal -0.681877 -0.278625 -0.676322
      outer loop
         vertex 0.0146183 -0.0584597 -0.0334733
         vertex 0.0145758 -0.058579 -0.0333252
         vertex 0.0122755 -0.056812 -0.0323471
      endloop
   endfacet
   facet normal -0.49343 0.00216621 -0.869783
      outer loop
         vertex 0.0147125 -0.0583193 -0.03357
         vertex 0.0146183 -0.0584597 -0.0334733
         vertex 0.0123011 -0.0566831 -0.0324851
      endloop
   endfacet
   facet normal -0.230089 0.282629 -0.931225
      outer loop
         vertex 0.0148442 -0.0581791 -0.0336007
         vertex 0.0147125 -0.0583193 -0.03357
         vertex 0.0123621 -0.0565227 -0.032568
      endloop
   endfacet
   facet normal 0.0129197 0.529115 -0.848452
      outer loop
         vertex 0.012551 -0.0562019 -0.0325301
         vertex 0.0149933 -0.0580603 -0.0335608
         vertex 0.0148442 -0.0581791 -0.0336007
      endloop
   endfacet
   facet normal -0.25159 -0.933585 -0.25519
      outer loop
         vertex 0.00925068 -0.0557651 -0.0314239
         vertex 0.0122889 -0.0568907 -0.0321741
         vertex 0.0112485 -0.0565077 -0.0317243
      endloop
   endfacet
   facet normal -0.511244 -0.848539 -0.136422
      outer loop
         vertex 0.0122889 -0.0568907 -0.0321741
         vertex 0.0123394 -0.0569078 -0.0319911
         vertex 0.0112485 -0.0565077 -0.0317243
      endloop
   endfacet
   facet normal -0.538088 -0.691115 -0.482515
      outer loop
         vertex 0.0122755 -0.056812 -0.0323471
         vertex 0.0122889 -0.0568907 -0.0321741
         vertex 0.00925068 -0.0557651 -0.0314239
      endloop
   endfacet
   facet normal -0.486757 -0.433283 -0.758507
      outer loop
         vertex 0.0123011 -0.0566831 -0.0324851
         vertex 0.0122755 -0.056812 -0.0323471
         vertex 0.00923678 -0.0556803 -0.0315871
      endloop
   endfacet
   facet normal -0.364707 -0.112502 -0.924301
      outer loop
         vertex 0.0123621 -0.0565227 -0.032568
         vertex 0.0123011 -0.0566831 -0.0324851
         vertex 0.00924189 -0.0555435 -0.0317108
      endloop
   endfacet
   facet normal -0.189672 0.224623 -0.955808
      outer loop
         vertex 0.0124497 -0.0563541 -0.0325838
         vertex 0.0123621 -0.0565227 -0.032568
         vertex 0.00926533 -0.0553732 -0.031778
      endloop
   endfacet
   facet normal -0.145159 0.211003 -0.966647
      outer loop
         vertex 0.0093039 -0.0551928 -0.0317796
         vertex 0.00935235 -0.0550268 -0.0317154
         vertex 0.0122707 -0.0560989 -0.0324587
      endloop
   endfacet
   facet normal -0.0350457 0.468658 -0.882684
      outer loop
         vertex 0.0122707 -0.0560989 -0.0324587
         vertex 0.0124497 -0.0563541 -0.0325838
         vertex 0.0093039 -0.0551928 -0.0317796
      endloop
   endfacet
   facet normal 0 -1 0
      outer loop
         vertex 0.00651624 -0.0555 -0.0308487
         vertex 0.00649553 -0.055468 -0.0310235
         vertex 0.00925068 -0.0557651 -0.0314239
      endloop
   endfacet
   facet normal -0.279407 -0.763922 -0.581683
      outer loop
         vertex 0.00923678 -0.0556803 -0.0315871
         vertex 0.00925068 -0.0557651 -0.0314239
         vertex 0.00649553 -0.055468 -0.0310235
      endloop
   endfacet
   facet normal -0.26918 -0.490247 -0.828975
      outer loop
         vertex 0.00924189 -0.0555435 -0.0317108
         vertex 0.00923678 -0.0556803 -0.0315871
         vertex 0.00647747 -0.055376 -0.0311759
      endloop
   endfacet
   facet normal -0.222304 -0.149822 -0.963397
      outer loop
         vertex 0.00926533 -0.0553732 -0.031778
         vertex 0.00924189 -0.0555435 -0.0317108
         vertex 0.00646438 -0.0552359 -0.0312864
      endloop
   endfacet
   facet normal -0.145159 0.211003 -0.966647
      outer loop
         vertex 0.0093039 -0.0551928 -0.0317796
         vertex 0.00926533 -0.0553732 -0.031778
         vertex 0.00645793 -0.0550656 -0.0313409
      endloop
   endfacet
   facet normal -0.0482496 0.543098 -0.838282
      outer loop
         vertex 0.00935235 -0.0550268 -0.0317154
         vertex 0.0093039 -0.0551928 -0.0317796
         vertex 0.00645895 -0.0548869 -0.0313323
      endloop
   endfacet
   facet normal -0.11459 0.226202 -0.967317
      outer loop
         vertex 0.00645895 -0.0548869 -0.0313323
         vertex 0.0064673 -0.0547227 -0.0312618
         vertex 0.00935235 -0.0550268 -0.0317154
      endloop
   endfacet
   facet normal -0.116621 -0.131238 -0.984467
      outer loop
         vertex 0.00645793 -0.0550656 -0.0313409
         vertex 0.00645895 -0.0548869 -0.0313323
         vertex 0.0093039 -0.0551928 -0.0317796
      endloop
   endfacet
   facet normal -0.103718 -0.471872 -0.875545
      outer loop
         vertex 0.00646438 -0.0552359 -0.0312864
         vertex 0.00645793 -0.0550656 -0.0313409
         vertex 0.00926533 -0.0553732 -0.031778
      endloop
   endfacet
   facet normal -0.0775329 -0.752076 -0.6545
      outer loop
         vertex 0.00647747 -0.055376 -0.0311759
         vertex 0.00646438 -0.0552359 -0.0312864
         vertex 0.00924189 -0.0555435 -0.0317108
      endloop
   endfacet
   facet normal -0.0414185 -0.935969 -0.349637
      outer loop
         vertex 0.00649553 -0.055468 -0.0310235
         vertex 0.00647747 -0.055376 -0.0311759
         vertex 0.00923678 -0.0556803 -0.0315871
      endloop
   endfacet
   facet normal -0.25159 -0.933585 -0.25519
      outer loop
         vertex 0.00925068 -0.0557651 -0.0314239
         vertex 0.00928172 -0.0557864 -0.0312433
         vertex 0.00651624 -0.0555 -0.0308487
      endloop
   endfacet
   facet normal -0.0350457 0.468658 -0.882684
      outer loop
         vertex 0.0122707 -0.0560989 -0.0324587
         vertex 0.012551 -0.0562019 -0.0325301
         vertex 0.0124497 -0.0563541 -0.0325838
      endloop
   endfacet
   facet normal -0.222304 -0.149822 -0.963397
      outer loop
         vertex 0.00926533 -0.0553732 -0.031778
         vertex 0.0093039 -0.0551928 -0.0317796
         vertex 0.0124497 -0.0563541 -0.0325838
      endloop
   endfacet
   facet normal -0.26918 -0.490247 -0.828975
      outer loop
         vertex 0.00924189 -0.0555435 -0.0317108
         vertex 0.00926533 -0.0553732 -0.031778
         vertex 0.0123621 -0.0565227 -0.032568
      endloop
   endfacet
   facet normal -0.279407 -0.763922 -0.581683
      outer loop
         vertex 0.00923678 -0.0556803 -0.0315871
         vertex 0.00924189 -0.0555435 -0.0317108
         vertex 0.0123011 -0.0566831 -0.0324851
      endloop
   endfacet
   facet normal -0.25159 -0.933585 -0.25519
      outer loop
         vertex 0.00925068 -0.0557651 -0.0314239
         vertex 0.00923678 -0.0556803 -0.0315871
         vertex 0.0122755 -0.056812 -0.0323471
      endloop
   endfacet
   facet normal -0.359364 -0.928103 0.0973749
      outer loop
         vertex 0.0112485 -0.0565077 -0.0317243
         vertex 0.00928172 -0.0557864 -0.0312433
         vertex 0.00925068 -0.0557651 -0.0314239
      endloop
   endfacet
   facet normal -0.230089 0.282629 -0.931225
      outer loop
         vertex 0.0148442 -0.0581791 -0.0336007
         vertex 0.0124497 -0.0563541 -0.0325838
         vertex 0.012551 -0.0562019 -0.0325301
      endloop
   endfacet
   facet normal -0.364707 -0.112502 -0.924301
      outer loop
         vertex 0.0123621 -0.0565227 -0.032568
         vertex 0.0124497 -0.0563541 -0.0325838
         vertex 0.0148442 -0.0581791 -0.0336007
      endloop
   endfacet
   facet normal -0.486757 -0.433283 -0.758507
      outer loop
         vertex 0.0123011 -0.0566831 -0.0324851
         vertex 0.0123621 -0.0565227 -0.032568
         vertex 0.0147125 -0.0583193 -0.03357
      endloop
   endfacet
   facet normal -0.538088 -0.691115 -0.482515
      outer loop
         vertex 0.0122755 -0.056812 -0.0323471
         vertex 0.0123011 -0.0566831 -0.0324851
         vertex 0.0146183 -0.0584597 -0.0334733
      endloop
   endfacet
   facet normal -0.511244 -0.848539 -0.136422
      outer loop
         vertex 0.0122889 -0.0568907 -0.0321741
         vertex 0.0122755 -0.056812 -0.0323471
         vertex 0.0145758 -0.058579 -0.0333252
      endloop
   endfacet
   facet normal -0.735385 -0.677136 -0.026384
      outer loop
         vertex 0.0145915 -0.058659 -0.0331483
         vertex 0.014663 -0.0586876 -0.0329694
         vertex 0.0123394 -0.0569078 -0.0319911
      endloop
   endfacet
   facet normal -0.250039 0.392763 -0.884996
      outer loop
         vertex 0.0165238 -0.0607717 -0.0350085
         vertex 0.0148442 -0.0581791 -0.0336007
         vertex 0.0149933 -0.0580603 -0.0335608
      endloop
   endfacet
   facet normal -0.49343 0.00216621 -0.869783
      outer loop
         vertex 0.0147125 -0.0583193 -0.03357
         vertex 0.0148442 -0.0581791 -0.0336007
         vertex 0.0165238 -0.0607717 -0.0350085
      endloop
   endfacet
   facet normal -0.681877 -0.278625 -0.676322
      outer loop
         vertex 0.0146183 -0.0584597 -0.0334733
         vertex 0.0147125 -0.0583193 -0.03357
         vertex 0.0163583 -0.0608638 -0.0349594
      endloop
   endfacet
   facet normal -0.766826 -0.517126 -0.380208
      outer loop
         vertex 0.0145758 -0.058579 -0.0333252
         vertex 0.0146183 -0.0584597 -0.0334733
         vertex 0.0162373 -0.0609719 -0.0348501
      endloop
   endfacet
   facet normal -0.735385 -0.677136 -0.026384
      outer loop
         vertex 0.0145915 -0.058659 -0.0331483
         vertex 0.0145758 -0.058579 -0.0333252
         vertex 0.0161793 -0.0610794 -0.0346973
      endloop
   endfacet
   facet normal -0.660224 -0.702112 0.266725
      outer loop
         vertex 0.0148931 -0.0590499 -0.0331673
         vertex 0.014663 -0.0586876 -0.0329694
         vertex 0.0145915 -0.058659 -0.0331483
      endloop
   endfacet
   facet normal -0.227857 0.507318 -0.831089
      outer loop
         vertex 0.0170848 -0.0636484 -0.0366885
         vertex 0.0165238 -0.0607717 -0.0350085
         vertex 0.0167084 -0.0607097 -0.0349899
      endloop
   endfacet
   facet normal -0.580938 0.208577 -0.786769
      outer loop
         vertex 0.0163583 -0.0608638 -0.0349594
         vertex 0.0165238 -0.0607717 -0.0350085
         vertex 0.0170848 -0.0636484 -0.0366885
      endloop
   endfacet
   facet normal -0.822915 -0.00753431 -0.568114
      outer loop
         vertex 0.0162373 -0.0609719 -0.0348501
         vertex 0.0163583 -0.0608638 -0.0349594
         vertex 0.0169105 -0.0636896 -0.036622
      endloop
   endfacet
   facet normal -0.938931 -0.222493 -0.262499
      outer loop
         vertex 0.0161793 -0.0610794 -0.0346973
         vertex 0.0162373 -0.0609719 -0.0348501
         vertex 0.0167783 -0.0637617 -0.0365044
      endloop
   endfacet
   facet normal -0.911227 -0.403395 0.0832962
      outer loop
         vertex 0.0161932 -0.0611698 -0.0345244
         vertex 0.0161793 -0.0610794 -0.0346973
         vertex 0.0167075 -0.0638543 -0.0363531
      endloop
   endfacet
   facet normal -0.885792 -0.321892 0.334301
      outer loop
         vertex 0.016584 -0.0629464 -0.0353828
         vertex 0.0162768 -0.0612294 -0.0343578
         vertex 0.0161932 -0.0611698 -0.0345244
      endloop
   endfacet
   facet normal -0.227857 0.507318 -0.831089
      outer loop
         vertex 0.0170848 -0.0636484 -0.0366885
         vertex 0.0172757 -0.0636443 -0.0366945
         vertex 0.0165954 -0.0672488 -0.0390115
      endloop
   endfacet
   facet normal -0.492952 0.603547 -0.626681
      outer loop
         vertex 0.0162631 -0.0671982 -0.0389012
         vertex 0.0169105 -0.0636896 -0.036622
         vertex 0.0170848 -0.0636484 -0.0366885
      endloop
   endfacet
   facet normal -0.750371 0.537805 -0.384331
      outer loop
         vertex 0.0161344 -0.0672311 -0.03878
         vertex 0.0167783 -0.0637617 -0.0365044
         vertex 0.0169105 -0.0636896 -0.036622
      endloop
   endfacet
   facet normal -0.910751 0.402514 -0.0922785
      outer loop
         vertex 0.0160542 -0.0672987 -0.038634
         vertex 0.0167075 -0.0638543 -0.0363531
         vertex 0.0167783 -0.0637617 -0.0365044
      endloop
   endfacet
   facet normal -0.982457 0.0954802 -0.160193
      outer loop
         vertex 0.0167075 -0.0638543 -0.0363531
         vertex 0.0160542 -0.0672987 -0.038634
         vertex 0.0160329 -0.0673924 -0.038482
      endloop
   endfacet
   facet normal -0.980681 -0.10375 0.165833
      outer loop
         vertex 0.0167083 -0.063954 -0.0361901
         vertex 0.0160329 -0.0673924 -0.038482
         vertex 0.0160732 -0.0675 -0.0383437
      endloop
   endfacet
   facet normal 0.982385 1.29666e-16 -0.186869
      outer loop
         vertex -0.0115773 -0.0755 -0.0286031
         vertex -0.011782 -0.0755 -0.0296808
         vertex -0.0115978 -0.0675 -0.0287126
      endloop
   endfacet
   facet normal 0.982385 1.29666e-16 -0.186869
      outer loop
         vertex -0.0115978 -0.0675 -0.0287126
         vertex -0.011414 -0.0675 -0.0277469
         vertex -0.0115773 -0.0755 -0.0286031
      endloop
   endfacet
   facet normal 0.962951 0.197921 -0.183172
      outer loop
         vertex -0.0116168 -0.0778751 -0.0300826
         vertex -0.0116911 -0.0778321 -0.0302441
         vertex -0.0118487 -0.0754987 -0.0298516
      endloop
   endfacet
   facet normal 0.81438 0.283744 -0.506236
      outer loop
         vertex -0.0116911 -0.0778321 -0.0302441
         vertex -0.0118199 -0.0778082 -0.0303718
         vertex -0.0119725 -0.0754976 -0.0299868
      endloop
   endfacet
   facet normal 0.556837 0.331599 -0.76156
      outer loop
         vertex -0.0118199 -0.0778082 -0.0303718
         vertex -0.0119859 -0.0778065 -0.0304485
         vertex -0.0121368 -0.0754968 -0.0300684
      endloop
   endfacet
   facet normal -0.092376 0.00703367 -0.995699
      outer loop
         vertex -0.0123194 -0.0754965 -0.0300852
         vertex -0.0121368 -0.0754968 -0.0300684
         vertex -0.0119859 -0.0778065 -0.0304485
      endloop
   endfacet
   facet normal -0.44515 0.00680346 -0.89543
      outer loop
         vertex -0.0124958 -0.0754966 -0.0300351
         vertex -0.0123194 -0.0754965 -0.0300852
         vertex -0.0121669 -0.0778271 -0.030464
      endloop
   endfacet
   facet normal -0.738049 0.00565816 -0.674723
      outer loop
         vertex -0.0126422 -0.0754972 -0.0299247
         vertex -0.0124958 -0.0754966 -0.0300351
         vertex -0.0123388 -0.0778675 -0.0304162
      endloop
   endfacet
   facet normal -0.931679 0.00375182 -0.363264
      outer loop
         vertex -0.012739 -0.0754981 -0.029769
         vertex -0.0126422 -0.0754972 -0.0299247
         vertex -0.0124785 -0.0779221 -0.0303115
      endloop
   endfacet
   facet normal 0.733757 0.509532 -0.449419
      outer loop
         vertex -0.0112676 -0.0799223 -0.0313132
         vertex -0.0116911 -0.0778321 -0.0302441
         vertex -0.0114558 -0.0786529 -0.0304844
      endloop
   endfacet
   facet normal 0.81438 0.283744 -0.506236
      outer loop
         vertex -0.0116911 -0.0778321 -0.0302441
         vertex -0.0116168 -0.0778751 -0.0300826
         vertex -0.0114558 -0.0786529 -0.0304844
      endloop
   endfacet
   facet normal 0.556837 0.331599 -0.76156
      outer loop
         vertex -0.0118199 -0.0778082 -0.0303718
         vertex -0.0116911 -0.0778321 -0.0302441
         vertex -0.0112676 -0.0799223 -0.0313132
      endloop
   endfacet
   facet normal 0.224785 0.335084 -0.914981
      outer loop
         vertex -0.0119859 -0.0778065 -0.0304485
         vertex -0.0118199 -0.0778082 -0.0303718
         vertex -0.0114025 -0.0798867 -0.0314229
      endloop
   endfacet
   facet normal -0.137346 0.293731 -0.945969
      outer loop
         vertex -0.0121669 -0.0778271 -0.030464
         vertex -0.0119859 -0.0778065 -0.0304485
         vertex -0.0115666 -0.0798877 -0.0314905
      endloop
   endfacet
   facet normal -0.481099 0.213074 -0.850378
      outer loop
         vertex -0.0123388 -0.0778675 -0.0304162
         vertex -0.0121669 -0.0778271 -0.030464
         vertex -0.0117392 -0.0799251 -0.0315075
      endloop
   endfacet
   facet normal -0.760476 0.103906 -0.640999
      outer loop
         vertex -0.0124785 -0.0779221 -0.0303115
         vertex -0.0123388 -0.0778675 -0.0304162
         vertex -0.0118987 -0.0799943 -0.0314716
      endloop
   endfacet
   facet normal -0.934683 -0.0262349 -0.354513
      outer loop
         vertex -0.0121018 -0.0801901 -0.0312657
         vertex -0.0125673 -0.0779836 -0.0301639
         vertex -0.0124785 -0.0779221 -0.0303115
      endloop
   endfacet
   facet normal 0.733757 0.509532 -0.449419
      outer loop
         vertex -0.0112676 -0.0799223 -0.0313132
         vertex -0.011179 -0.0799899 -0.0311751
         vertex -0.0102084 -0.0823565 -0.0334751
      endloop
   endfacet
   facet normal 0.74891 0.625239 -0.219568
      outer loop
         vertex -0.0102084 -0.0823565 -0.0334751
         vertex -0.0100534 -0.0829291 -0.0341978
         vertex -0.0112676 -0.0799223 -0.0313132
      endloop
   endfacet
   facet normal 0.464038 0.580703 -0.668919
      outer loop
         vertex -0.0114025 -0.0798867 -0.0314229
         vertex -0.0112676 -0.0799223 -0.0313132
         vertex -0.0100534 -0.0829291 -0.0341978
      endloop
   endfacet
   facet normal 0.135852 0.57871 -0.804139
      outer loop
         vertex -0.0115666 -0.0798877 -0.0314905
         vertex -0.0114025 -0.0798867 -0.0314229
         vertex -0.0101886 -0.0829043 -0.0342832
      endloop
   endfacet
   facet normal -0.20945 0.503802 -0.838042
      outer loop
         vertex -0.0117392 -0.0799251 -0.0315075
         vertex -0.0115666 -0.0798877 -0.0314905
         vertex -0.0103387 -0.0829216 -0.0343411
      endloop
   endfacet
   facet normal -0.528363 0.365418 -0.766356
      outer loop
         vertex -0.0118987 -0.0799943 -0.0314716
         vertex -0.0117392 -0.0799251 -0.0315075
         vertex -0.010488 -0.082979 -0.0343655
      endloop
   endfacet
   facet normal -0.780705 0.180994 -0.598114
      outer loop
         vertex -0.0120249 -0.0800865 -0.0313875
         vertex -0.0118987 -0.0799943 -0.0314716
         vertex -0.0106208 -0.0830707 -0.0343538
      endloop
   endfacet
   facet normal -0.784724 0.237123 -0.572696
      outer loop
         vertex -0.0107233 -0.0831869 -0.0343072
         vertex -0.0107847 -0.0833156 -0.0342307
         vertex -0.0119828 -0.0804725 -0.0315336
      endloop
   endfacet
   facet normal -0.893209 0.05025 -0.446825
      outer loop
         vertex -0.0119828 -0.0804725 -0.0315336
         vertex -0.0120249 -0.0800865 -0.0313875
         vertex -0.0107233 -0.0831869 -0.0343072
      endloop
   endfacet
   facet normal 0.555066 0.752806 -0.353813
      outer loop
         vertex -0.0100534 -0.0829291 -0.0341978
         vertex -0.00994725 -0.0829933 -0.0340939
         vertex -0.00791508 -0.0851015 -0.0375504
      endloop
   endfacet
   facet normal 0.620155 0.782658 -0.053425
      outer loop
         vertex -0.00791508 -0.0851015 -0.0375504
         vertex -0.00685377 -0.086284 -0.0396074
         vertex -0.0100534 -0.0829291 -0.0341978
      endloop
   endfacet
   facet normal 0.284684 0.802332 -0.524613
      outer loop
         vertex -0.0101886 -0.0829043 -0.0342832
         vertex -0.0100534 -0.0829291 -0.0341978
         vertex -0.00685377 -0.086284 -0.0396074
      endloop
   endfacet
   facet normal -0.0155144 0.767828 -0.640468
      outer loop
         vertex -0.0103387 -0.0829216 -0.0343411
         vertex -0.0101886 -0.0829043 -0.0342832
         vertex -0.00695855 -0.0862978 -0.039686
      endloop
   endfacet
   facet normal -0.314088 0.652907 -0.689247
      outer loop
         vertex -0.010488 -0.082979 -0.0343655
         vertex -0.0103387 -0.0829216 -0.0343411
         vertex -0.00706419 -0.0863431 -0.0397502
      endloop
   endfacet
   facet normal -0.579766 0.469607 -0.665839
      outer loop
         vertex -0.0106208 -0.0830707 -0.0343538
         vertex -0.010488 -0.082979 -0.0343655
         vertex -0.00716337 -0.0864169 -0.0397957
      endloop
   endfacet
   facet normal -0.784724 0.237123 -0.572696
      outer loop
         vertex -0.0107233 -0.0831869 -0.0343072
         vertex -0.0106208 -0.0830707 -0.0343538
         vertex -0.0072492 -0.086514 -0.0398191
      endloop
   endfacet
   facet normal -0.784724 0.237123 -0.572696
      outer loop
         vertex -0.0107233 -0.0831869 -0.0343072
         vertex -0.00731573 -0.0866276 -0.0398191
         vertex -0.00852346 -0.0855821 -0.0379031
      endloop
   endfacet
   facet normal -0.68948 0.250441 -0.67963
      outer loop
         vertex -0.00731573 -0.0866276 -0.0398191
         vertex -0.00735834 -0.08675 -0.0397954
         vertex -0.00852346 -0.0855821 -0.0379031
      endloop
   endfacet
   facet normal -0.544188 0.521843 -0.656916
      outer loop
         vertex -0.00852346 -0.0855821 -0.0379031
         vertex -0.0097328 -0.0843699 -0.035939
         vertex -0.0107233 -0.0831869 -0.0343072
      endloop
   endfacet
   facet normal 0.23445 0.937729 -0.256313
      outer loop
         vertex -0.00685377 -0.086284 -0.0396074
         vertex -0.00675712 -0.0863028 -0.0395199
         vertex -0.00497128 -0.0869574 -0.0413411
      endloop
   endfacet
   facet normal 0.361227 0.930085 0.0667577
      outer loop
         vertex -0.00497128 -0.0869574 -0.0413411
         vertex -0.00395639 -0.0873607 -0.042539
         vertex -0.00685377 -0.086284 -0.0396074
      endloop
   endfacet
   facet normal 0.0248892 0.910173 -0.413479
      outer loop
         vertex -0.00695855 -0.0862978 -0.039686
         vertex -0.00685377 -0.086284 -0.0396074
         vertex -0.00395639 -0.0873607 -0.042539
      endloop
   endfacet
   facet normal -0.186399 0.819473 -0.541959
      outer loop
         vertex -0.00706419 -0.0863431 -0.0397502
         vertex -0.00695855 -0.0862978 -0.039686
         vertex -0.00402747 -0.0873919 -0.0426242
      endloop
   endfacet
   facet normal -0.384755 0.671921 -0.63284
      outer loop
         vertex -0.00716337 -0.0864169 -0.0397957
         vertex -0.00706419 -0.0863431 -0.0397502
         vertex -0.00409504 -0.0874474 -0.0426993
      endloop
   endfacet
   facet normal -0.556419 0.477753 -0.679816
      outer loop
         vertex -0.0072492 -0.086514 -0.0398191
         vertex -0.00716337 -0.0864169 -0.0397957
         vertex -0.00415553 -0.0875243 -0.0427603
      endloop
   endfacet
   facet normal -0.68948 0.250441 -0.67963
      outer loop
         vertex -0.00731573 -0.0866276 -0.0398191
         vertex -0.0072492 -0.086514 -0.0398191
         vertex -0.0042057 -0.0876184 -0.0428039
      endloop
   endfacet
   facet normal -0.68948 0.250441 -0.67963
      outer loop
         vertex -0.00731573 -0.0866276 -0.0398191
         vertex -0.00424291 -0.0877249 -0.0428279
         vertex -0.00470799 -0.0876822 -0.0423963
      endloop
   endfacet
   facet normal -0.562609 0.249185 -0.788275
      outer loop
         vertex -0.00424291 -0.0877249 -0.0428279
         vertex -0.00426516 -0.0878379 -0.0428309
         vertex -0.00470799 -0.0876822 -0.0423963
      endloop
   endfacet
   facet normal 0.0104148 0.977529 -0.210543
      outer loop
         vertex -0.00395639 -0.0873607 -0.042539
         vertex -0.0038856 -0.0873555 -0.0424482
         vertex -0.00221587 -0.0875 -0.043607
      endloop
   endfacet
   facet normal -0.131736 0.91515 -0.38098
      outer loop
         vertex -0.00402747 -0.0873919 -0.0426242
         vertex -0.00395639 -0.0873607 -0.042539
         vertex -0.0022698 -0.0875209 -0.0436997
      endloop
   endfacet
   facet normal -0.34965 0.71884 -0.600845
      outer loop
         vertex -0.0023907 -0.0876406 -0.0439074
         vertex -0.00409504 -0.0874474 -0.0426993
         vertex -0.00402747 -0.0873919 -0.0426242
      endloop
   endfacet
   facet normal -0.459703 0.405751 -0.789962
      outer loop
         vertex -0.00244573 -0.0877971 -0.044002
         vertex -0.0042057 -0.0876184 -0.0428039
         vertex -0.00415553 -0.0875243 -0.0427603
      endloop
   endfacet
   facet normal -0.562609 0.249185 -0.788275
      outer loop
         vertex -0.00424291 -0.0877249 -0.0428279
         vertex -0.0042057 -0.0876184 -0.0428039
         vertex -0.00244573 -0.0877971 -0.044002
      endloop
   endfacet
   facet normal -0.607114 0.0230655 -0.79428
      outer loop
         vertex -0.00426516 -0.0878379 -0.0428309
         vertex -0.00424291 -0.0877249 -0.0428279
         vertex -0.00245493 -0.0878768 -0.0440178
      endloop
   endfacet
   facet normal -0.486943 0.250393 -0.836773
      outer loop
         vertex -0.00245493 -0.0878768 -0.0440178
         vertex -0.00246722 -0.0879833 -0.0440389
         vertex -0.00426516 -0.0878379 -0.0428309
      endloop
   endfacet
   facet normal -0.459703 0.405751 -0.789962
      outer loop
         vertex -0.00244573 -0.0877971 -0.044002
         vertex -0.00245493 -0.0878768 -0.0440178
         vertex -0.00424291 -0.0877249 -0.0428279
      endloop
   endfacet
   facet normal -0.387851 0.65038 -0.653129
      outer loop
         vertex -0.00415553 -0.0875243 -0.0427603
         vertex -0.0023907 -0.0876406 -0.0439074
         vertex -0.00244573 -0.0877971 -0.044002
      endloop
   endfacet
   facet normal -0.387851 0.65038 -0.653129
      outer loop
         vertex -0.00415553 -0.0875243 -0.0427603
         vertex -0.00409504 -0.0874474 -0.0426993
         vertex -0.0023907 -0.0876406 -0.0439074
      endloop
   endfacet
   facet normal -0.131736 0.91515 -0.38098
      outer loop
         vertex -0.00402747 -0.0873919 -0.0426242
         vertex -0.00231017 -0.0875365 -0.043769
         vertex -0.0023907 -0.0876406 -0.0439074
      endloop
   endfacet
   facet normal -0.109575 0.975981 -0.188295
      outer loop
         vertex -0.0022698 -0.0875209 -0.0436997
         vertex -0.00231017 -0.0875365 -0.043769
         vertex -0.00402747 -0.0873919 -0.0426242
      endloop
   endfacet
   facet normal 8.67362e-16 1 0
      outer loop
         vertex -0.00221587 -0.0875 -0.043607
         vertex -0.0022698 -0.0875209 -0.0436997
         vertex -0.00395639 -0.0873607 -0.042539
      endloop
   endfacet
   facet normal -0.608286 0.159342 -0.777559
      outer loop
         vertex -0.00470799 -0.0876822 -0.0423963
         vertex -0.00735834 -0.08675 -0.0397954
         vertex -0.00731573 -0.0866276 -0.0398191
      endloop
   endfacet
   facet normal -0.488203 0.462061 -0.740376
      outer loop
         vertex -0.0042057 -0.0876184 -0.0428039
         vertex -0.00424291 -0.0877249 -0.0428279
         vertex -0.00731573 -0.0866276 -0.0398191
      endloop
   endfacet
   facet normal -0.387851 0.65038 -0.653129
      outer loop
         vertex -0.00415553 -0.0875243 -0.0427603
         vertex -0.0042057 -0.0876184 -0.0428039
         vertex -0.0072492 -0.086514 -0.0398191
      endloop
   endfacet
   facet normal -0.266885 0.804134 -0.531169
      outer loop
         vertex -0.00409504 -0.0874474 -0.0426993
         vertex -0.00415553 -0.0875243 -0.0427603
         vertex -0.00716337 -0.0864169 -0.0397957
      endloop
   endfacet
   facet normal -0.131736 0.91515 -0.38098
      outer loop
         vertex -0.00402747 -0.0873919 -0.0426242
         vertex -0.00409504 -0.0874474 -0.0426993
         vertex -0.00706419 -0.0863431 -0.0397502
      endloop
   endfacet
   facet normal 0.0104148 0.977529 -0.210543
      outer loop
         vertex -0.00395639 -0.0873607 -0.042539
         vertex -0.00402747 -0.0873919 -0.0426242
         vertex -0.00695855 -0.0862978 -0.039686
      endloop
   endfacet
   facet normal 0.361227 0.930085 0.0667577
      outer loop
         vertex -0.00497128 -0.0869574 -0.0413411
         vertex -0.0038856 -0.0873555 -0.0424482
         vertex -0.00395639 -0.0873607 -0.042539
      endloop
   endfacet
   facet normal -0.617385 0.448896 -0.646009
      outer loop
         vertex -0.0097328 -0.0843699 -0.035939
         vertex -0.0107847 -0.0833156 -0.0342307
         vertex -0.0107233 -0.0831869 -0.0343072
      endloop
   endfacet
   facet normal -0.556419 0.477753 -0.679816
      outer loop
         vertex -0.0072492 -0.086514 -0.0398191
         vertex -0.00731573 -0.0866276 -0.0398191
         vertex -0.0107233 -0.0831869 -0.0343072
      endloop
   endfacet
   facet normal -0.384755 0.671921 -0.63284
      outer loop
         vertex -0.00716337 -0.0864169 -0.0397957
         vertex -0.0072492 -0.086514 -0.0398191
         vertex -0.0106208 -0.0830707 -0.0343538
      endloop
   endfacet
   facet normal -0.186399 0.819473 -0.541959
      outer loop
         vertex -0.00706419 -0.0863431 -0.0397502
         vertex -0.00716337 -0.0864169 -0.0397957
         vertex -0.010488 -0.082979 -0.0343655
      endloop
   endfacet
   facet normal 0.0248892 0.910173 -0.413479
      outer loop
         vertex -0.00695855 -0.0862978 -0.039686
         vertex -0.00706419 -0.0863431 -0.0397502
         vertex -0.0103387 -0.0829216 -0.0343411
      endloop
   endfacet
   facet normal 0.23445 0.937729 -0.256313
      outer loop
         vertex -0.00685377 -0.086284 -0.0396074
         vertex -0.00695855 -0.0862978 -0.039686
         vertex -0.0101886 -0.0829043 -0.0342832
      endloop
   endfacet
   facet normal 0.620155 0.782658 -0.053425
      outer loop
         vertex -0.00791508 -0.0851015 -0.0375504
         vertex -0.00675712 -0.0863028 -0.0395199
         vertex -0.00685377 -0.086284 -0.0396074
      endloop
   endfacet
   facet normal -0.893209 0.05025 -0.446825
      outer loop
         vertex -0.0119828 -0.0804725 -0.0315336
         vertex -0.0121018 -0.0801901 -0.0312657
         vertex -0.0120249 -0.0800865 -0.0313875
      endloop
   endfacet
   facet normal -0.579766 0.469607 -0.665839
      outer loop
         vertex -0.0106208 -0.0830707 -0.0343538
         vertex -0.0107233 -0.0831869 -0.0343072
         vertex -0.0120249 -0.0800865 -0.0313875
      endloop
   endfacet
   facet normal -0.314088 0.652907 -0.689247
      outer loop
         vertex -0.010488 -0.082979 -0.0343655
         vertex -0.0106208 -0.0830707 -0.0343538
         vertex -0.0118987 -0.0799943 -0.0314716
      endloop
   endfacet
   facet normal -0.0155144 0.767828 -0.640468
      outer loop
         vertex -0.0103387 -0.0829216 -0.0343411
         vertex -0.010488 -0.082979 -0.0343655
         vertex -0.0117392 -0.0799251 -0.0315075
      endloop
   endfacet
   facet normal 0.284684 0.802332 -0.524613
      outer loop
         vertex -0.0101886 -0.0829043 -0.0342832
         vertex -0.0103387 -0.0829216 -0.0343411
         vertex -0.0115666 -0.0798877 -0.0314905
      endloop
   endfacet
   facet normal 0.555066 0.752806 -0.353813
      outer loop
         vertex -0.0100534 -0.0829291 -0.0341978
         vertex -0.0101886 -0.0829043 -0.0342832
         vertex -0.0114025 -0.0798867 -0.0314229
      endloop
   endfacet
   facet normal 0.74891 0.625239 -0.219568
      outer loop
         vertex -0.0102084 -0.0823565 -0.0334751
         vertex -0.00994725 -0.0829933 -0.0340939
         vertex -0.0100534 -0.0829291 -0.0341978
      endloop
   endfacet
   facet normal -0.760476 0.103906 -0.640999
      outer loop
         vertex -0.0124785 -0.0779221 -0.0303115
         vertex -0.0120249 -0.0800865 -0.0313875
         vertex -0.0121018 -0.0801901 -0.0312657
      endloop
   endfacet
   facet normal -0.528363 0.365418 -0.766356
      outer loop
         vertex -0.0118987 -0.0799943 -0.0314716
         vertex -0.0120249 -0.0800865 -0.0313875
         vertex -0.0124785 -0.0779221 -0.0303115
      endloop
   endfacet
   facet normal -0.20945 0.503802 -0.838042
      outer loop
         vertex -0.0117392 -0.0799251 -0.0315075
         vertex -0.0118987 -0.0799943 -0.0314716
         vertex -0.0123388 -0.0778675 -0.0304162
      endloop
   endfacet
   facet normal 0.135852 0.57871 -0.804139
      outer loop
         vertex -0.0115666 -0.0798877 -0.0314905
         vertex -0.0117392 -0.0799251 -0.0315075
         vertex -0.0121669 -0.0778271 -0.030464
      endloop
   endfacet
   facet normal 0.464038 0.580703 -0.668919
      outer loop
         vertex -0.0114025 -0.0798867 -0.0314229
         vertex -0.0115666 -0.0798877 -0.0314905
         vertex -0.0119859 -0.0778065 -0.0304485
      endloop
   endfacet
   facet normal 0.733757 0.509532 -0.449419
      outer loop
         vertex -0.0112676 -0.0799223 -0.0313132
         vertex -0.0114025 -0.0798867 -0.0314229
         vertex -0.0118199 -0.0778082 -0.0303718
      endloop
   endfacet
   facet normal 0.906634 0.307662 -0.28872
      outer loop
         vertex -0.0114558 -0.0786529 -0.0304844
         vertex -0.011179 -0.0799899 -0.0311751
         vertex -0.0112676 -0.0799223 -0.0313132
      endloop
   endfacet
   facet normal -0.760476 0.103906 -0.640999
      outer loop
         vertex -0.0124785 -0.0779221 -0.0303115
         vertex -0.0125673 -0.0779836 -0.0301639
         vertex -0.012739 -0.0754981 -0.029769
      endloop
   endfacet
   facet normal -0.481099 0.213074 -0.850378
      outer loop
         vertex -0.0123388 -0.0778675 -0.0304162
         vertex -0.0124785 -0.0779221 -0.0303115
         vertex -0.0126422 -0.0754972 -0.0299247
      endloop
   endfacet
   facet normal -0.137346 0.293731 -0.945969
      outer loop
         vertex -0.0121669 -0.0778271 -0.030464
         vertex -0.0123388 -0.0778675 -0.0304162
         vertex -0.0124958 -0.0754966 -0.0300351
      endloop
   endfacet
   facet normal 0.224785 0.335084 -0.914981
      outer loop
         vertex -0.0119859 -0.0778065 -0.0304485
         vertex -0.0121669 -0.0778271 -0.030464
         vertex -0.0123194 -0.0754965 -0.0300852
      endloop
   endfacet
   facet normal 0.272822 0.00631784 -0.962044
      outer loop
         vertex -0.0121368 -0.0754968 -0.0300684
         vertex -0.0119725 -0.0754976 -0.0299868
         vertex -0.0118199 -0.0778082 -0.0303718
      endloop
   endfacet
   facet normal 0.601325 0.00475223 -0.79899
      outer loop
         vertex -0.0119725 -0.0754976 -0.0299868
         vertex -0.0118487 -0.0754987 -0.0298516
         vertex -0.0116911 -0.0778321 -0.0302441
      endloop
   endfacet
   facet normal 0.848948 0.00254743 -0.52847
      outer loop
         vertex -0.0118487 -0.0754987 -0.0298516
         vertex -0.011782 -0.0755 -0.0296808
         vertex -0.0116168 -0.0778751 -0.0300826
      endloop
   endfacet
   facet normal -0.864619 0.088265 -0.494614
      outer loop
         vertex -0.0161483 -0.0533433 -0.018311
         vertex -0.0148965 -0.0472442 -0.0187315
         vertex -0.0133257 -0.0472718 -0.0201993
      endloop
   endfacet
   facet normal -0.864619 0.088265 -0.494614
      outer loop
         vertex -0.0161483 -0.0533433 -0.018311
         vertex -0.0162842 -0.047217 -0.0170449
         vertex -0.0148965 -0.0472442 -0.0187315
      endloop
   endfacet
   facet normal -0.704567 0.237571 -0.668689
      outer loop
         vertex -0.0133749 -0.0533385 -0.022052
         vertex -0.0133257 -0.0472718 -0.0201993
         vertex -0.009708 -0.047323 -0.0225376
      endloop
   endfacet
   facet normal -0.792818 0.230517 -0.564183
      outer loop
         vertex -0.0133051 -0.0594339 -0.0245295
         vertex -0.0133749 -0.0533385 -0.022052
         vertex -0.00993809 -0.053334 -0.0249267
      endloop
   endfacet
   facet normal -0.973051 -0.177604 0.147069
      outer loop
         vertex -0.0161689 -0.0719069 0.00937739
         vertex -0.0195931 -0.0471284 0.00881707
         vertex -0.0189904 -0.0595147 -0.0019391
      endloop
   endfacet
   facet normal -0.988635 -0.0803337 0.127074
      outer loop
         vertex -0.0195931 -0.0471284 0.00881707
         vertex -0.0201887 -0.0471324 -0.00213095
         vertex -0.0189904 -0.0595147 -0.0019391
      endloop
   endfacet
   facet normal -0.948151 0.0136685 -0.317527
      outer loop
         vertex -0.0154504 -0.0656586 -0.0217758
         vertex -0.0158732 -0.0594658 -0.0199642
         vertex -0.0133051 -0.0594339 -0.0245295
      endloop
   endfacet
   facet normal -0.954513 -0.0235645 -0.297236
      outer loop
         vertex -0.0181439 -0.0533475 -0.0136677
         vertex -0.0189904 -0.0595147 -0.0019391
         vertex -0.0197569 -0.0471384 -0.00796426
      endloop
   endfacet
   facet normal -0.99219 -0.124737 -0.000300678
      outer loop
         vertex -0.0189904 -0.0595147 -0.0019391
         vertex -0.0201887 -0.0471324 -0.00213095
         vertex -0.0197569 -0.0471384 -0.00796426
      endloop
   endfacet
   facet normal -0.986801 -0.0523509 -0.153242
      outer loop
         vertex -0.0197569 -0.0471384 -0.00796426
         vertex -0.0184548 -0.0471691 -0.0129781
         vertex -0.0181439 -0.0533475 -0.0136677
      endloop
   endfacet
   facet normal -0.864619 0.088265 -0.494614
      outer loop
         vertex -0.0161483 -0.0533433 -0.018311
         vertex -0.0181439 -0.0533475 -0.0136677
         vertex -0.0174741 -0.0471915 -0.0151291
      endloop
   endfacet
   facet normal -0.954513 -0.0235645 -0.297236
      outer loop
         vertex -0.0181439 -0.0533475 -0.0136677
         vertex -0.0184548 -0.0471691 -0.0129781
         vertex -0.0174741 -0.0471915 -0.0151291
      endloop
   endfacet
   facet normal -0.914429 0.0652407 -0.399453
      outer loop
         vertex -0.0158732 -0.0594658 -0.0199642
         vertex -0.0161483 -0.0533433 -0.018311
         vertex -0.0133749 -0.0533385 -0.022052
      endloop
   endfacet
   facet normal -0.970686 -0.0505487 -0.234977
      outer loop
         vertex -0.0176726 -0.0594937 -0.0145407
         vertex -0.0181439 -0.0533475 -0.0136677
         vertex -0.0161483 -0.0533433 -0.018311
      endloop
   endfacet
   facet normal -0.985057 -0.171024 0.0203256
      outer loop
         vertex -0.0171207 -0.0719063 -0.00174461
         vertex -0.0189904 -0.0595147 -0.0019391
         vertex -0.0176726 -0.0594937 -0.0145407
      endloop
   endfacet
   facet normal -0.970686 -0.0505487 -0.234977
      outer loop
         vertex -0.0176726 -0.0594937 -0.0145407
         vertex -0.0158732 -0.0594658 -0.0199642
         vertex -0.0154504 -0.0656586 -0.0217758
      endloop
   endfacet
   facet normal -0.948151 0.0136685 -0.317527
      outer loop
         vertex -0.0154504 -0.0656586 -0.0217758
         vertex -0.0162977 -0.0719107 -0.0162901
         vertex -0.0176726 -0.0594937 -0.0145407
      endloop
   endfacet
   facet normal -0.965309 -0.0411945 -0.257838
      outer loop
         vertex -0.0148921 -0.0719165 -0.0233248
         vertex -0.0154504 -0.0656586 -0.0217758
         vertex -0.0130795 -0.0656543 -0.0272667
      endloop
   endfacet
   facet normal 0.512791 -0.0293105 -0.858013
      outer loop
         vertex 0.0650777 -0.0598187 -0.0180933
         vertex 0.0552886 -0.0598226 -0.0227863
         vertex 0.0584308 -0.0471501 -0.0206194
      endloop
   endfacet
   facet normal 0.937956 -0.332626 -0.0979681
      outer loop
         vertex 0.0718342 -0.0720266 -0.00213314
         vertex 0.070792 -0.0720318 -0.00771857
         vertex 0.0781506 -0.0470868 -0.00738667
      endloop
   endfacet
   facet normal 0.937956 -0.332626 -0.0979681
      outer loop
         vertex 0.0718342 -0.0720266 -0.00213314
         vertex 0.0790136 -0.0470851 -0.00227574
         vertex 0.0788596 -0.047089 0.00879906
      endloop
   endfacet
   facet normal 0.959028 -0.207895 0.192469
      outer loop
         vertex 0.07808 -0.0470906 0.0137996
         vertex 0.0710633 -0.0719393 0.0139046
         vertex 0.0718186 -0.0719647 0.00909455
      endloop
   endfacet
   facet normal 0.833534 -0.234191 -0.500376
      outer loop
         vertex 0.0685294 -0.0720432 -0.0127234
         vertex 0.0652107 -0.0720606 -0.0171541
         vertex 0.0727905 -0.0471124 -0.0146001
      endloop
   endfacet
   facet normal 0.907384 -0.311335 -0.282354
      outer loop
         vertex 0.070792 -0.0720318 -0.00771857
         vertex 0.0685294 -0.0720432 -0.0127234
         vertex 0.0760252 -0.047097 -0.0114442
      endloop
   endfacet
   facet normal 0.591762 -0.146253 -0.792734
      outer loop
         vertex 0.0727905 -0.0471124 -0.0146001
         vertex 0.0652107 -0.0720606 -0.0171541
         vertex 0.0650777 -0.0598187 -0.0180933
      endloop
   endfacet
   facet normal 0.73777 -0.103127 -0.667129
      outer loop
         vertex 0.0652107 -0.0720606 -0.0171541
         vertex 0.0611086 -0.0720794 -0.0210416
         vertex 0.0650777 -0.0598187 -0.0180933
      endloop
   endfacet
   facet normal 0.871908 -0.293488 -0.391971
      outer loop
         vertex 0.0642509 -0.0830904 -0.0143802
         vertex 0.0610731 -0.0827345 -0.0203627
         vertex 0.0652107 -0.0720606 -0.0171541
      endloop
   endfacet
   facet normal 0.897711 -0.376543 -0.228759
      outer loop
         vertex 0.0663667 -0.0833244 -0.00812705
         vertex 0.0642509 -0.0830904 -0.0143802
         vertex 0.0685294 -0.0720432 -0.0127234
      endloop
   endfacet
   facet normal 0.828592 -0.154647 -0.53807
      outer loop
         vertex 0.0610731 -0.0827345 -0.0203627
         vertex 0.0570382 -0.0823499 -0.0257459
         vertex 0.0611086 -0.0720794 -0.0210416
      endloop
   endfacet
   facet normal 0.753499 0.0131769 -0.657317
      outer loop
         vertex 0.0570382 -0.0823499 -0.0257459
         vertex 0.0524821 -0.0820295 -0.0302915
         vertex 0.0565473 -0.0720951 -0.0244088
      endloop
   endfacet
   facet normal 0.0619879 0.411935 -0.909102
      outer loop
         vertex 0.0232989 -0.0472724 -0.0273573
         vertex 0.0468137 -0.0471665 -0.0235806
         vertex 0.0437113 -0.0720912 -0.0316747
      endloop
   endfacet
   facet normal 0.404701 0.383929 -0.829949
      outer loop
         vertex 0.0437113 -0.0720912 -0.0316747
         vertex 0.0468137 -0.0471665 -0.0235806
         vertex 0.0552886 -0.0598226 -0.0227863
      endloop
   endfacet
   facet normal 0.222319 0.174759 -0.959184
      outer loop
         vertex 0.0468137 -0.0471665 -0.0235806
         vertex 0.0584308 -0.0471501 -0.0206194
         vertex 0.0552886 -0.0598226 -0.0227863
      endloop
   endfacet
   facet normal 0.378991 0.12744 -0.916583
      outer loop
         vertex 0.0552886 -0.0598226 -0.0227863
         vertex 0.0650777 -0.0598187 -0.0180933
         vertex 0.0611086 -0.0720794 -0.0210416
      endloop
   endfacet
   facet normal 0.635582 0.051695 -0.770301
      outer loop
         vertex 0.0611086 -0.0720794 -0.0210416
         vertex 0.0565473 -0.0720951 -0.0244088
         vertex 0.0552886 -0.0598226 -0.0227863
      endloop
   endfacet
   facet normal 0.289523 0.424759 -0.857762
      outer loop
         vertex 0.0260934 -0.0720113 -0.0389622
         vertex 0.0437113 -0.0720912 -0.0316747
         vertex 0.0402564 -0.0820297 -0.0383116
      endloop
   endfacet
   facet normal 0.404701 0.383929 -0.829949
      outer loop
         vertex 0.0437113 -0.0720912 -0.0316747
         vertex 0.051922 -0.0721031 -0.0272732
         vertex 0.0479386 -0.0818666 -0.0338322
      endloop
   endfacet
   facet normal 0.653741 0.165693 -0.738355
      outer loop
         vertex 0.0524821 -0.0820295 -0.0302915
         vertex 0.0479386 -0.0818666 -0.0338322
         vertex 0.051922 -0.0721031 -0.0272732
      endloop
   endfacet
   facet normal 0.0298583 0.170026 -0.984987
      outer loop
         vertex 0.0302701 -0.0223679 -0.0187213
         vertex 0.0503699 -0.0347266 -0.0208993
         vertex 0.0468137 -0.0471665 -0.0235806
      endloop
   endfacet
   facet normal 0.0298583 0.170026 -0.984987
      outer loop
         vertex 0.0302701 -0.0223679 -0.0187213
         vertex 0.0531033 -0.0226082 -0.0187589
         vertex 0.0503699 -0.0347266 -0.0208993
      endloop
   endfacet
   facet normal 0.430391 -0.0818109 -0.898927
      outer loop
         vertex 0.0686533 -0.0471291 -0.0170531
         vertex 0.0584308 -0.0471501 -0.0206194
         vertex 0.0615606 -0.0347189 -0.0194696
      endloop
   endfacet
   facet normal 0.266248 0.0469693 -0.962759
      outer loop
         vertex 0.0584308 -0.0471501 -0.0206194
         vertex 0.0468137 -0.0471665 -0.0235806
         vertex 0.0503699 -0.0347266 -0.0208993
      endloop
   endfacet
   facet normal -0.00848767 0.134112 -0.99093
      outer loop
         vertex 0.00627748 -0.0223223 -0.0196237
         vertex 0.0302701 -0.0223679 -0.0187213
         vertex 0.0232989 -0.0472724 -0.0273573
      endloop
   endfacet
   facet normal 0.0619879 0.411935 -0.909102
      outer loop
         vertex 0.0232989 -0.0472724 -0.0273573
         vertex 0.0128141 -0.0473293 -0.0274815
         vertex 0.00627748 -0.0223223 -0.0196237
      endloop
   endfacet
   facet normal -0.160034 0.443977 -0.881631
      outer loop
         vertex 0.00327178 -0.0473667 -0.0263683
         vertex -0.00560604 -0.0473601 -0.0242122
         vertex -0.00473641 -0.034818 -0.020729
      endloop
   endfacet
   facet normal -0.188658 0.192265 -0.963038
      outer loop
         vertex -0.00473641 -0.034818 -0.020729
         vertex 0.00627748 -0.0223223 -0.0196237
         vertex 0.00327178 -0.0473667 -0.0263683
      endloop
   endfacet
   facet normal -0.452273 0.0920317 -0.887119
      outer loop
         vertex -0.0126889 -0.0223514 -0.0165105
         vertex -0.00430117 -0.0223233 -0.018937
         vertex -0.0091715 -0.034802 -0.0195732
      endloop
   endfacet
   facet normal -0.142404 0.111822 -0.983472
      outer loop
         vertex -0.00430117 -0.0223233 -0.018937
         vertex -0.00473641 -0.034818 -0.020729
         vertex -0.0091715 -0.034802 -0.0195732
      endloop
   endfacet
   facet normal -0.188658 0.192265 -0.963038
      outer loop
         vertex -0.00473641 -0.034818 -0.020729
         vertex -0.00560604 -0.0473601 -0.0242122
         vertex -0.009708 -0.047323 -0.0225376
      endloop
   endfacet
   facet normal -0.317432 0.164068 -0.93398
      outer loop
         vertex -0.0091715 -0.034802 -0.0195732
         vertex -0.009708 -0.047323 -0.0225376
         vertex -0.0133257 -0.0472718 -0.0201993
      endloop
   endfacet
   facet normal -0.556776 0.0855594 -0.826245
      outer loop
         vertex -0.0143695 -0.0223602 -0.0155255
         vertex -0.0126889 -0.0223514 -0.0165105
         vertex -0.0130455 -0.0347799 -0.0178312
      endloop
   endfacet
   facet normal -0.501571 0.128271 -0.855554
      outer loop
         vertex -0.0130455 -0.0347799 -0.0178312
         vertex -0.0148965 -0.0472442 -0.0187315
         vertex -0.0143695 -0.0223602 -0.0155255
      endloop
   endfacet
   facet normal -0.556776 0.0855594 -0.826245
      outer loop
         vertex -0.0143695 -0.0223602 -0.0155255
         vertex -0.0148965 -0.0472442 -0.0187315
         vertex -0.0162842 -0.047217 -0.0170449
      endloop
   endfacet
   facet normal -0.664983 0.0780961 -0.742764
      outer loop
         vertex -0.0158708 -0.0223688 -0.0143607
         vertex -0.0162842 -0.047217 -0.0170449
         vertex -0.0174741 -0.0471915 -0.0151291
      endloop
   endfacet
   facet normal -0.768405 0.069871 -0.636138
      outer loop
         vertex -0.0171848 -0.0223769 -0.0129978
         vertex -0.0174741 -0.0471915 -0.0151291
         vertex -0.0184548 -0.0471691 -0.0129781
      endloop
   endfacet
   facet normal -0.986801 -0.0523509 -0.153242
      outer loop
         vertex -0.0197569 -0.0471384 -0.00796426
         vertex -0.0198713 -0.0223938 -0.00747179
         vertex -0.0183001 -0.0223841 -0.0114143
      endloop
   endfacet
   facet normal -0.513344 0.377063 -0.77091
      outer loop
         vertex -0.00993809 -0.053334 -0.0249267
         vertex -0.00727951 -0.0573137 -0.0288878
         vertex -0.00928229 -0.0594203 -0.0286821
      endloop
   endfacet
   facet normal -0.513344 0.377063 -0.77091
      outer loop
         vertex -0.00993809 -0.053334 -0.0249267
         vertex -0.00560604 -0.0473601 -0.0242122
         vertex -0.00614311 -0.0567116 -0.0290219
      endloop
   endfacet
   facet normal -0.39103 0.510822 -0.765608
      outer loop
         vertex -0.00614311 -0.0567116 -0.0290219
         vertex -0.00727951 -0.0573137 -0.0288878
         vertex -0.00993809 -0.053334 -0.0249267
      endloop
   endfacet
   facet normal -0.513344 0.377063 -0.77091
      outer loop
         vertex -0.00993809 -0.053334 -0.0249267
         vertex -0.009708 -0.047323 -0.0225376
         vertex -0.00560604 -0.0473601 -0.0242122
      endloop
   endfacet
   facet normal -0.866058 0.157067 -0.474629
      outer loop
         vertex -0.0130795 -0.0656543 -0.0272667
         vertex -0.0133051 -0.0594339 -0.0245295
         vertex -0.0120251 -0.0643324 -0.0284738
      endloop
   endfacet
   facet normal -0.792818 0.230517 -0.564183
      outer loop
         vertex -0.0133051 -0.0594339 -0.0245295
         vertex -0.0100475 -0.0594041 -0.0281679
         vertex -0.0100394 -0.0602167 -0.0286043
      endloop
   endfacet
   facet normal -0.625731 0.392607 -0.674033
      outer loop
         vertex -0.0100394 -0.0602167 -0.0286043
         vertex -0.0102312 -0.0604185 -0.0285846
         vertex -0.0133051 -0.0594339 -0.0245295
      endloop
   endfacet
   facet normal -0.639228 0.383133 -0.666781
      outer loop
         vertex -0.0102312 -0.0604185 -0.0285846
         vertex -0.0120251 -0.0643324 -0.0284738
         vertex -0.0133051 -0.0594339 -0.0245295
      endloop
   endfacet
   facet normal -0.866058 0.157067 -0.474629
      outer loop
         vertex -0.0130795 -0.0656543 -0.0272667
         vertex -0.0122379 -0.0656601 -0.0286396
         vertex -0.0125204 -0.067422 -0.0288597
      endloop
   endfacet
   facet normal -0.934683 -0.0262349 -0.354513
      outer loop
         vertex -0.0121018 -0.0801901 -0.0312657
         vertex -0.0119828 -0.0804725 -0.0315336
         vertex -0.0116127 -0.0844155 -0.0321324
      endloop
   endfacet
   facet normal -0.937291 -0.04553 -0.345561
      outer loop
         vertex -0.0116127 -0.0844155 -0.0321324
         vertex -0.0116694 -0.0947605 -0.0292827
         vertex -0.0121018 -0.0801901 -0.0312657
      endloop
   endfacet
   facet normal -0.937291 -0.04553 -0.345561
      outer loop
         vertex -0.0116127 -0.0844155 -0.0321324
         vertex -0.0102739 -0.0946954 -0.0331357
         vertex -0.0116694 -0.0947605 -0.0292827
      endloop
   endfacet
   facet normal -0.983997 -0.104815 -0.144098
      outer loop
         vertex -0.0117988 -0.0948068 -0.0259565
         vertex -0.0125673 -0.0779836 -0.0301639
         vertex -0.0121018 -0.0801901 -0.0312657
      endloop
   endfacet
   facet normal -0.965309 -0.0411945 -0.257838
      outer loop
         vertex -0.0148921 -0.0719165 -0.0233248
         vertex -0.012739 -0.0754981 -0.029769
         vertex -0.0125673 -0.0779836 -0.0301639
      endloop
   endfacet
   facet normal -0.965309 -0.0411945 -0.257838
      outer loop
         vertex -0.0148921 -0.0719165 -0.0233248
         vertex -0.012643 -0.071951 -0.0293696
         vertex -0.0126459 -0.0720592 -0.0293818
      endloop
   endfacet
   facet normal -0.910415 0.0597351 -0.40936
      outer loop
         vertex -0.0126459 -0.0720592 -0.0293818
         vertex -0.012739 -0.0754981 -0.029769
         vertex -0.0148921 -0.0719165 -0.0233248
      endloop
   endfacet
   facet normal -0.938095 -0.0191652 -0.345848
      outer loop
         vertex -0.0125673 -0.0779836 -0.0301639
         vertex -0.0117988 -0.0948068 -0.0259565
         vertex -0.0148921 -0.0719165 -0.0233248
      endloop
   endfacet
   facet normal -0.937291 -0.04553 -0.345561
      outer loop
         vertex -0.0116127 -0.0844155 -0.0321324
         vertex -0.0119828 -0.0804725 -0.0315336
         vertex -0.0107847 -0.0833156 -0.0342307
      endloop
   endfacet
   facet normal 0.159682 0.309075 -0.937536
      outer loop
         vertex 0.0150687 -0.077853 -0.0443269
         vertex 0.0146638 -0.0837273 -0.0459464
         vertex 0.0123571 -0.079436 -0.045186
      endloop
   endfacet
   facet normal 0.120519 0.202748 -0.971786
      outer loop
         vertex 0.0146638 -0.0837273 -0.0459464
         vertex 0.00835194 -0.08401 -0.046302
         vertex 0.0093284 -0.0832662 -0.0462385
      endloop
   endfacet
   facet normal 0.0108702 0.176444 -0.984251
      outer loop
         vertex 0.0093284 -0.0832662 -0.0462385
         vertex 0.0123571 -0.079436 -0.045186
         vertex 0.0146638 -0.0837273 -0.0459464
      endloop
   endfacet
   facet normal 0.159682 0.309075 -0.937536
      outer loop
         vertex 0.0150687 -0.077853 -0.0443269
         vertex 0.0129838 -0.0779078 -0.0445921
         vertex 0.0140452 -0.0753194 -0.0435863
      endloop
   endfacet
   facet normal 0.289523 0.424759 -0.857762
      outer loop
         vertex 0.0260934 -0.0720113 -0.0389622
         vertex 0.0247105 -0.0831343 -0.0438513
         vertex 0.0150687 -0.077853 -0.0443269
      endloop
   endfacet
   facet normal 0.159682 0.309075 -0.937536
      outer loop
         vertex 0.0150687 -0.077853 -0.0443269
         vertex 0.0147229 -0.0731746 -0.0423705
         vertex 0.0260934 -0.0720113 -0.0389622
      endloop
   endfacet
   facet normal 0.232287 0.282355 -0.930762
      outer loop
         vertex 0.0247105 -0.0831343 -0.0438513
         vertex 0.0146638 -0.0837273 -0.0459464
         vertex 0.0150687 -0.077853 -0.0443269
      endloop
   endfacet
   facet normal -0.0494526 0.45685 -0.888168
      outer loop
         vertex 0.0128141 -0.0473293 -0.0274815
         vertex 0.0232989 -0.0472724 -0.0273573
         vertex 0.012551 -0.0562019 -0.0325301
      endloop
   endfacet
   facet normal 0.0619879 0.411935 -0.909102
      outer loop
         vertex 0.0232989 -0.0472724 -0.0273573
         vertex 0.0149933 -0.0580603 -0.0335608
         vertex 0.012551 -0.0562019 -0.0325301
      endloop
   endfacet
   facet normal 0.0619879 0.411935 -0.909102
      outer loop
         vertex 0.0232989 -0.0472724 -0.0273573
         vertex 0.0167084 -0.0607097 -0.0349899
         vertex 0.0149933 -0.0580603 -0.0335608
      endloop
   endfacet
   facet normal 0.289523 0.424759 -0.857762
      outer loop
         vertex 0.0260934 -0.0720113 -0.0389622
         vertex 0.0172757 -0.0636443 -0.0366945
         vertex 0.0167084 -0.0607097 -0.0349899
      endloop
   endfacet
   facet normal 0.289523 0.424759 -0.857762
      outer loop
         vertex 0.0260934 -0.0720113 -0.0389622
         vertex 0.0150952 -0.0719964 -0.0417027
         vertex 0.0165954 -0.0672488 -0.0390115
      endloop
   endfacet
   facet normal 0.171597 0.502471 -0.847395
      outer loop
         vertex 0.0165954 -0.0672488 -0.0390115
         vertex 0.0172757 -0.0636443 -0.0366945
         vertex 0.0260934 -0.0720113 -0.0389622
      endloop
   endfacet
   facet normal 0.119134 0.516829 -0.847759
      outer loop
         vertex 0.0167084 -0.0607097 -0.0349899
         vertex 0.0232989 -0.0472724 -0.0273573
         vertex 0.0260934 -0.0720113 -0.0389622
      endloop
   endfacet
   facet normal -0.0494526 0.45685 -0.888168
      outer loop
         vertex 0.0128141 -0.0473293 -0.0274815
         vertex 0.00935235 -0.0550268 -0.0317154
         vertex 0.0064673 -0.0547227 -0.0312618
      endloop
   endfacet
   facet normal -0.0978835 0.554675 -0.82629
      outer loop
         vertex 0.0064673 -0.0547227 -0.0312618
         vertex 0.00327178 -0.0473667 -0.0263683
         vertex 0.0128141 -0.0473293 -0.0274815
      endloop
   endfacet
   facet normal -0.0494526 0.45685 -0.888168
      outer loop
         vertex 0.0128141 -0.0473293 -0.0274815
         vertex 0.0122707 -0.0560989 -0.0324587
         vertex 0.00935235 -0.0550268 -0.0317154
      endloop
   endfacet
   facet normal -0.288135 0.370429 -0.88304
      outer loop
         vertex -0.00560604 -0.0473601 -0.0242122
         vertex 0.00327178 -0.0473667 -0.0263683
         vertex 0.000323254 -0.0547211 -0.0301098
      endloop
   endfacet
   facet normal -0.160034 0.443977 -0.881631
      outer loop
         vertex 0.00327178 -0.0473667 -0.0263683
         vertex 0.00258475 -0.0547216 -0.0305338
         vertex 0.000323254 -0.0547211 -0.0301098
      endloop
   endfacet
   facet normal -0.209357 0.557896 -0.80307
      outer loop
         vertex 0.000323254 -0.0547211 -0.0301098
         vertex -0.00364929 -0.0553903 -0.0293164
         vertex -0.00560604 -0.0473601 -0.0242122
      endloop
   endfacet
   facet normal 0.959028 -0.207895 0.192469
      outer loop
         vertex 0.07808 -0.0470906 0.0137996
         vertex 0.0788596 -0.047089 0.00879906
         vertex 0.0825165 -0.0246946 0.00880431
      endloop
   endfacet
   facet normal 0.987668 -0.114655 0.106615
      outer loop
         vertex 0.0825165 -0.0246946 0.00880431
         vertex 0.0821658 -0.023299 0.0126278
         vertex 0.07808 -0.0470906 0.0137996
      endloop
   endfacet
   facet normal 0.961113 -0.101647 0.256766
      outer loop
         vertex 0.0816429 -0.0222567 0.0159997
         vertex 0.0818079 -0.0222564 0.0152522
         vertex 0.0817704 -0.0221564 0.0155
      endloop
   endfacet
   facet normal 0.920253 -0.0962116 0.379313
      outer loop
         vertex 0.0811489 -0.022208 0.017
         vertex 0.0816429 -0.0222567 0.0159997
         vertex 0.0816493 -0.0218887 0.0159891
      endloop
   endfacet
   facet normal 0.959028 -0.207895 0.192469
      outer loop
         vertex 0.07808 -0.0470906 0.0137996
         vertex 0.0816429 -0.0222567 0.0159997
         vertex 0.0811489 -0.022208 0.017
      endloop
   endfacet
   facet normal 0.959028 -0.207895 0.192469
      outer loop
         vertex 0.07808 -0.0470906 0.0137996
         vertex 0.0819127 -0.0225356 0.0145608
         vertex 0.0818079 -0.0222564 0.0152522
      endloop
   endfacet
   facet normal 0.959028 -0.207895 0.192469
      outer loop
         vertex 0.07808 -0.0470906 0.0137996
         vertex 0.0820162 -0.0228478 0.0137701
         vertex 0.0819127 -0.0225356 0.0145608
      endloop
   endfacet
   facet normal 0.975756 -0.103346 0.192926
      outer loop
         vertex 0.0818079 -0.0222564 0.0152522
         vertex 0.0816429 -0.0222567 0.0159997
         vertex 0.07808 -0.0470906 0.0137996
      endloop
   endfacet
   facet normal 0.896448 -0.199425 0.395742
      outer loop
         vertex 0.0742542 -0.0462484 0.017
         vertex 0.0671366 -0.0710659 0.017
         vertex 0.0710633 -0.0719393 0.0139046
      endloop
   endfacet
   facet normal 0.887155 -0.439272 0.141405
      outer loop
         vertex 0.0605123 -0.0958058 0.0140104
         vertex 0.0710633 -0.0719393 0.0139046
         vertex 0.0671366 -0.0710659 0.017
      endloop
   endfacet
   facet normal 0.864237 -0.304289 0.400627
      outer loop
         vertex 0.0671366 -0.0710659 0.017
         vertex 0.0602021 -0.0957558 0.0165889
         vertex 0.060416 -0.0957948 0.0157452
      endloop
   endfacet
   facet normal 0.864237 -0.304289 0.400627
      outer loop
         vertex 0.0671366 -0.0710659 0.017
         vertex 0.0600624 -0.0957321 0.017
         vertex 0.0602021 -0.0957558 0.0165889
      endloop
   endfacet
   facet normal 0.88177 -0.4316 0.19027
      outer loop
         vertex 0.060416 -0.0957948 0.0157452
         vertex 0.0604604 -0.0958036 0.0155
         vertex 0.0671366 -0.0710659 0.017
      endloop
   endfacet
   facet normal 0.889633 -0.449115 0.0827567
      outer loop
         vertex 0.06067 -0.0958125 0.00948485
         vertex 0.0718186 -0.0719647 0.00909455
         vertex 0.0710633 -0.0719393 0.0139046
      endloop
   endfacet
   facet normal 0.937956 -0.332626 -0.0979681
      outer loop
         vertex 0.0718342 -0.0720266 -0.00213314
         vertex 0.0718186 -0.0719647 0.00909455
         vertex 0.0608418 -0.0958198 0.00455616
      endloop
   endfacet
   facet normal 0.936415 -0.335046 0.104269
      outer loop
         vertex 0.0718186 -0.0719647 0.00909455
         vertex 0.06067 -0.0958125 0.00948485
         vertex 0.0608244 -0.0958191 0.00505549
      endloop
   endfacet
   facet normal 0.890972 -0.453304 0.0261498
      outer loop
         vertex 0.0608244 -0.0958191 0.00505549
         vertex 0.0608418 -0.0958198 0.00455616
         vertex 0.0718186 -0.0719647 0.00909455
      endloop
   endfacet
   facet normal 0.890696 -0.444451 -0.095518
      outer loop
         vertex 0.0611608 -0.0958334 -0.00459596
         vertex 0.0603523 -0.0956755 -0.0083979
         vertex 0.0663667 -0.0833244 -0.00812705
      endloop
   endfacet
   facet normal 0.937956 -0.332626 -0.0979681
      outer loop
         vertex 0.0718342 -0.0720266 -0.00213314
         vertex 0.0610655 -0.0958293 -0.00186331
         vertex 0.0611608 -0.0958334 -0.00459596
      endloop
   endfacet
   facet normal 0.890696 -0.444451 -0.095518
      outer loop
         vertex 0.0611608 -0.0958334 -0.00459596
         vertex 0.070792 -0.0720318 -0.00771857
         vertex 0.0718342 -0.0720266 -0.00213314
      endloop
   endfacet
   facet normal 0.89616 -0.422979 -0.134114
      outer loop
         vertex 0.0603523 -0.0956755 -0.0083979
         vertex 0.0573969 -0.0950985 -0.0222959
         vertex 0.0642509 -0.0830904 -0.0143802
      endloop
   endfacet
   facet normal 0.828592 -0.154647 -0.53807
      outer loop
         vertex 0.0610731 -0.0827345 -0.0203627
         vertex 0.0642509 -0.0830904 -0.0143802
         vertex 0.0573969 -0.0950985 -0.0222959
      endloop
   endfacet
   facet normal 0.908207 -0.19377 -0.370964
      outer loop
         vertex 0.0572497 -0.0950844 -0.0225458
         vertex 0.0514675 -0.0945303 -0.0323612
         vertex 0.0570382 -0.0823499 -0.0257459
      endloop
   endfacet
   facet normal 0.653741 0.165693 -0.738355
      outer loop
         vertex 0.0524821 -0.0820295 -0.0302915
         vertex 0.0570382 -0.0823499 -0.0257459
         vertex 0.0514675 -0.0945303 -0.0323612
      endloop
   endfacet
   facet normal 0.718231 0.00728285 -0.695767
      outer loop
         vertex 0.0500211 -0.0944991 -0.0336442
         vertex 0.0447671 -0.0943856 -0.0383046
         vertex 0.0479386 -0.0818666 -0.0338322
      endloop
   endfacet
   facet normal 0.561021 0.0381408 -0.826923
      outer loop
         vertex 0.0447671 -0.0943856 -0.0383046
         vertex 0.0370242 -0.094312 -0.0417958
         vertex 0.0402564 -0.0820297 -0.0383116
      endloop
   endfacet
   facet normal 0.385506 0.358529 -0.850201
      outer loop
         vertex 0.0402564 -0.0820297 -0.0383116
         vertex 0.0370242 -0.094312 -0.0417958
         vertex 0.0304541 -0.0942496 -0.0447581
      endloop
   endfacet
   facet normal 0.275904 0.0834759 -0.957553
      outer loop
         vertex 0.0304541 -0.0942496 -0.0447581
         vertex 0.0247105 -0.0831343 -0.0438513
         vertex 0.0402564 -0.0820297 -0.0383116
      endloop
   endfacet
   facet normal 0.120519 0.202748 -0.971786
      outer loop
         vertex 0.0146638 -0.0837273 -0.0459464
         vertex 0.0247105 -0.0831343 -0.0438513
         vertex 0.0213649 -0.0943038 -0.0457181
      endloop
   endfacet
   facet normal 0.0217705 0.0715146 -0.997202
      outer loop
         vertex 0.0131497 -0.0943527 -0.0465858
         vertex 0.00593049 -0.0858547 -0.0464596
         vertex 0.00835194 -0.08401 -0.046302
      endloop
   endfacet
   facet normal -0.118497 0.037355 -0.992252
      outer loop
         vertex 0.00724551 -0.0943879 -0.0472094
         vertex 0.00451422 -0.0944258 -0.0465233
         vertex 0.0041882 -0.0866276 -0.0462189
      endloop
   endfacet
   facet normal -0.106961 0.113674 -0.987744
      outer loop
         vertex 0.00593049 -0.0858547 -0.0464596
         vertex 0.0131497 -0.0943527 -0.0465858
         vertex 0.00724551 -0.0943879 -0.0472094
      endloop
   endfacet
   facet normal -0.174529 0.0913694 -0.980404
      outer loop
         vertex 0.0041882 -0.0866276 -0.0462189
         vertex 0.00593049 -0.0858547 -0.0464596
         vertex 0.00724551 -0.0943879 -0.0472094
      endloop
   endfacet
   facet normal -0.384974 0.00438266 -0.922917
      outer loop
         vertex 0.000113557 -0.0944867 -0.045418
         vertex -0.000430751 -0.0878577 -0.044976
         vertex 0.00243553 -0.0874051 -0.0459767
      endloop
   endfacet
   facet normal -0.249277 0.0701044 -0.965891
      outer loop
         vertex 0.00243553 -0.0874051 -0.0459767
         vertex 0.00451422 -0.0944258 -0.0465233
         vertex 0.000113557 -0.0944867 -0.045418
      endloop
   endfacet
   facet normal -0.387953 0.0472802 -0.920466
      outer loop
         vertex -0.000430751 -0.0878577 -0.044976
         vertex 0.000113557 -0.0944867 -0.045418
         vertex 3.58852e-05 -0.0944878 -0.0453985
      endloop
   endfacet
   facet normal -0.38861 0.00407836 -0.921394
      outer loop
         vertex 3.58852e-05 -0.0944878 -0.0453985
         vertex -0.00397771 -0.0945359 -0.042857
         vertex -0.00246722 -0.0879833 -0.0440389
      endloop
   endfacet
   facet normal -0.617315 -0.0120668 -0.786623
      outer loop
         vertex -0.00397771 -0.0945359 -0.042857
         vertex -0.00426516 -0.0878379 -0.0428309
         vertex -0.00246722 -0.0879833 -0.0440389
      endloop
   endfacet
   facet normal -0.502684 0.0334619 -0.863822
      outer loop
         vertex -0.00246722 -0.0879833 -0.0440389
         vertex -0.0012009 -0.0879793 -0.0447071
         vertex 3.58852e-05 -0.0944878 -0.0453985
      endloop
   endfacet
   facet normal -0.617315 -0.0120668 -0.786623
      outer loop
         vertex -0.00397771 -0.0945359 -0.042857
         vertex -0.00470799 -0.0876822 -0.0423963
         vertex -0.00426516 -0.0878379 -0.0428309
      endloop
   endfacet
   facet normal -0.826972 -0.0325858 -0.561297
      outer loop
         vertex -0.00764311 -0.0946003 -0.0388642
         vertex -0.00735834 -0.08675 -0.0397954
         vertex -0.00470799 -0.0876822 -0.0423963
      endloop
   endfacet
   facet normal -0.634827 0.021019 -0.772369
      outer loop
         vertex -0.00470799 -0.0876822 -0.0423963
         vertex -0.00397771 -0.0945359 -0.042857
         vertex -0.00501121 -0.0945483 -0.0422026
      endloop
   endfacet
   facet normal -0.826972 -0.0325858 -0.561297
      outer loop
         vertex -0.00764311 -0.0946003 -0.0388642
         vertex -0.00852346 -0.0855821 -0.0379031
         vertex -0.00735834 -0.08675 -0.0397954
      endloop
   endfacet
   facet normal -0.944049 -0.0645446 -0.323429
      outer loop
         vertex -0.0102739 -0.0946954 -0.0331357
         vertex -0.0097328 -0.0843699 -0.035939
         vertex -0.00852346 -0.0855821 -0.0379031
      endloop
   endfacet
   facet normal -0.944049 -0.0645446 -0.323429
      outer loop
         vertex -0.0102739 -0.0946954 -0.0331357
         vertex -0.0116127 -0.0844155 -0.0321324
         vertex -0.0097328 -0.0843699 -0.035939
      endloop
   endfacet
   facet normal -0.832981 -0.000938544 -0.553301
      outer loop
         vertex -0.00852346 -0.0855821 -0.0379031
         vertex -0.00764311 -0.0946003 -0.0388642
         vertex -0.00867145 -0.0946207 -0.0375598
      endloop
   endfacet
   facet normal -0.988736 -0.146477 -0.0307484
      outer loop
         vertex -0.0121218 -0.0949224 -0.0176507
         vertex -0.0162977 -0.0719107 -0.0162901
         vertex -0.0148921 -0.0719165 -0.0233248
      endloop
   endfacet
   facet normal -0.983898 -0.111979 -0.139302
      outer loop
         vertex -0.0162977 -0.0719107 -0.0162901
         vertex -0.0121218 -0.0949224 -0.0176507
         vertex -0.0126334 -0.0951055 -0.00449442
      endloop
   endfacet
   facet normal -0.963163 -0.228537 0.141729
      outer loop
         vertex -0.0109812 -0.0951614 0.00960987
         vertex -0.0161689 -0.0719069 0.00937739
         vertex -0.0171207 -0.0719063 -0.00174461
      endloop
   endfacet
   facet normal -0.906516 -0.162246 0.38975
      outer loop
         vertex -0.0144614 -0.0718936 0.017
         vertex -0.0105 -0.0951777 0.013718
         vertex -0.0101807 -0.0951674 0.0155
      endloop
   endfacet
   facet normal -0.973051 -0.177604 0.147069
      outer loop
         vertex -0.0161689 -0.0719069 0.00937739
         vertex -0.0109812 -0.0951614 0.00960987
         vertex -0.0105 -0.0951777 0.013718
      endloop
   endfacet
   facet normal -0.959702 -0.225906 0.167147
      outer loop
         vertex -0.0105 -0.0951777 0.013718
         vertex -0.0144614 -0.0718936 0.017
         vertex -0.0161689 -0.0719069 0.00937739
      endloop
   endfacet
   facet normal -0.958344 -0.222479 0.17911
      outer loop
         vertex -0.0101807 -0.0951674 0.0155
         vertex -0.0101402 -0.095162 0.0157048
         vertex -0.0144614 -0.0718936 0.017
      endloop
   endfacet
   facet normal -0.908232 -0.156232 0.388209
      outer loop
         vertex -0.0149577 -0.0694609 0.017
         vertex -0.0184238 -0.0412716 0.017
         vertex -0.0195931 -0.0471284 0.00881707
      endloop
   endfacet
   facet normal -0.973051 -0.177604 0.147069
      outer loop
         vertex -0.0161689 -0.0719069 0.00937739
         vertex -0.0144614 -0.0718936 0.017
         vertex -0.0149577 -0.0694609 0.017
      endloop
   endfacet
   facet normal -0.994467 0.033394 0.0995978
      outer loop
         vertex -0.0202008 -0.022512 0.00858271
         vertex -0.0195931 -0.0471284 0.00881707
         vertex -0.0184238 -0.0412716 0.017
      endloop
   endfacet
   facet normal -0.936454 0.0295307 0.349545
      outer loop
         vertex -0.0180725 -0.0225681 0.017
         vertex -0.0182202 -0.000909075 0.0102798
         vertex -0.0183865 -0.00123909 0.00857167
      endloop
   endfacet
   facet normal -0.983489 0.129651 0.126252
      outer loop
         vertex -0.0182202 -0.000909075 0.0102798
         vertex -0.0180725 -0.0225681 0.017
         vertex -0.0178111 -0.00865514 0.017
      endloop
   endfacet
   facet normal -0.928097 0.0950492 0.360003
      outer loop
         vertex -0.0178111 -0.00865514 0.017
         vertex -0.0170899 0.000804506 0.0155
         vertex -0.0174266 0.000343572 0.0141684
      endloop
   endfacet
   facet normal -0.928097 0.0950492 0.360003
      outer loop
         vertex -0.0178111 -0.00865514 0.017
         vertex -0.0165284 0.00147249 0.017
         vertex -0.0170899 0.000804506 0.0155
      endloop
   endfacet
   facet normal -0.928097 0.0950492 0.360003
      outer loop
         vertex -0.0178111 -0.00865514 0.017
         vertex -0.0174266 0.000343572 0.0141684
         vertex -0.0182202 -0.000909075 0.0102798
      endloop
   endfacet
   facet normal -0.994467 0.033394 0.0995978
      outer loop
         vertex -0.0202008 -0.022512 0.00858271
         vertex -0.0183865 -0.00123909 0.00857167
         vertex -0.0189172 -0.00229154 0.00312438
      endloop
   endfacet
   facet normal -0.997549 -0.0673241 -0.0190585
      outer loop
         vertex -0.0201887 -0.0471324 -0.00213095
         vertex -0.0195931 -0.0471284 0.00881707
         vertex -0.0202008 -0.022512 0.00858271
      endloop
   endfacet
   facet normal -0.994467 0.033394 0.0995978
      outer loop
         vertex -0.0202008 -0.022512 0.00858271
         vertex -0.0190486 -0.00491764 -0.00241418
         vertex -0.0201887 -0.0471324 -0.00213095
      endloop
   endfacet
   facet normal -0.990762 0.110071 -0.0792198
      outer loop
         vertex -0.0190797 -0.00553989 -0.00372655
         vertex -0.0185217 -0.00655768 -0.00726095
         vertex -0.0198713 -0.0223938 -0.00747179
      endloop
   endfacet
   facet normal -0.971154 0.0479517 -0.233581
      outer loop
         vertex -0.0198713 -0.0223938 -0.00747179
         vertex -0.0201887 -0.0471324 -0.00213095
         vertex -0.0190797 -0.00553989 -0.00372655
      endloop
   endfacet
   facet normal -0.997549 -0.0673241 -0.0190585
      outer loop
         vertex -0.0201887 -0.0471324 -0.00213095
         vertex -0.0190486 -0.00491764 -0.00241418
         vertex -0.0190797 -0.00553989 -0.00372655
      endloop
   endfacet
   facet normal -0.971154 0.0479517 -0.233581
      outer loop
         vertex -0.0198713 -0.0223938 -0.00747179
         vertex -0.0183373 -0.00689397 -0.00842876
         vertex -0.0170312 -0.00733798 -0.0108096
      endloop
   endfacet
   facet normal -0.971154 0.0479517 -0.233581
      outer loop
         vertex -0.0198713 -0.0223938 -0.00747179
         vertex -0.0185217 -0.00655768 -0.00726095
         vertex -0.0183373 -0.00689397 -0.00842876
      endloop
   endfacet
   facet normal -0.768405 0.069871 -0.636138
      outer loop
         vertex -0.0171848 -0.0223769 -0.0129978
         vertex -0.0162695 -0.0075969 -0.012198
         vertex -0.0147885 -0.00776388 -0.013361
      endloop
   endfacet
   facet normal -0.644504 0.0906749 -0.759205
      outer loop
         vertex -0.0147885 -0.00776388 -0.013361
         vertex -0.0158708 -0.0223688 -0.0143607
         vertex -0.0171848 -0.0223769 -0.0129978
      endloop
   endfacet
   facet normal -0.85811 0.061509 -0.509769
      outer loop
         vertex -0.0183001 -0.0223841 -0.0114143
         vertex -0.0170312 -0.00733798 -0.0108096
         vertex -0.0162695 -0.0075969 -0.012198
      endloop
   endfacet
   facet normal -0.452273 0.0920317 -0.887119
      outer loop
         vertex -0.0126889 -0.0223514 -0.0165105
         vertex -0.0143695 -0.0223602 -0.0155255
         vertex -0.012286 -0.00804604 -0.0153265
      endloop
   endfacet
   facet normal -0.644504 0.0906749 -0.759205
      outer loop
         vertex -0.0147885 -0.00776388 -0.013361
         vertex -0.012286 -0.00804604 -0.0153265
         vertex -0.0143695 -0.0223602 -0.0155255
      endloop
   endfacet
   facet normal -0.556776 0.0855594 -0.826245
      outer loop
         vertex -0.0143695 -0.0223602 -0.0155255
         vertex -0.0158708 -0.0223688 -0.0143607
         vertex -0.0147885 -0.00776388 -0.013361
      endloop
   endfacet
   facet normal -0.142404 0.111822 -0.983472
      outer loop
         vertex -0.00430117 -0.0223233 -0.018937
         vertex -0.0126889 -0.0223514 -0.0165105
         vertex -0.00764641 -0.00839869 -0.0170195
      endloop
   endfacet
   facet normal -0.452273 0.0920317 -0.887119
      outer loop
         vertex -0.0126889 -0.0223514 -0.0165105
         vertex -0.0119802 -0.00806929 -0.0154381
         vertex -0.00764641 -0.00839869 -0.0170195
      endloop
   endfacet
   facet normal -0.142404 0.111822 -0.983472
      outer loop
         vertex -0.00430117 -0.0223233 -0.018937
         vertex -0.000672321 -0.00905837 -0.0180645
         vertex 0.00635012 -0.0102954 -0.0179968
      endloop
   endfacet
   facet normal -0.00848767 0.134112 -0.99093
      outer loop
         vertex 0.00627748 -0.0223223 -0.0196237
         vertex 0.00635012 -0.0102954 -0.0179968
         vertex 0.0269989 -0.0139327 -0.0177977
      endloop
   endfacet
   facet normal 0.0459142 0.0829628 -0.995494
      outer loop
         vertex 0.0269989 -0.0139327 -0.0177977
         vertex 0.0302701 -0.0223679 -0.0187213
         vertex 0.00627748 -0.0223223 -0.0196237
      endloop
   endfacet
   facet normal 0.0907749 0.15673 -0.983461
      outer loop
         vertex 0.0503699 -0.0347266 -0.0208993
         vertex 0.0531033 -0.0226082 -0.0187589
         vertex 0.0612342 -0.0253104 -0.0190583
      endloop
   endfacet
   facet normal 0.085578 0.0583803 -0.99462
      outer loop
         vertex 0.0612342 -0.0253104 -0.0190583
         vertex 0.0615606 -0.0347189 -0.0194696
         vertex 0.0503699 -0.0347266 -0.0208993
      endloop
   endfacet
   facet normal 0.165899 0.0336155 -0.98557
      outer loop
         vertex 0.0615606 -0.0347189 -0.0194696
         vertex 0.0631081 -0.0261662 -0.0186968
         vertex 0.0718888 -0.0301761 -0.017003
      endloop
   endfacet
   facet normal 0.349281 -0.0441261 -0.935978
      outer loop
         vertex 0.0718888 -0.0301761 -0.017003
         vertex 0.0716178 -0.0347136 -0.0168322
         vertex 0.0615606 -0.0347189 -0.0194696
      endloop
   endfacet
   facet normal 0.591762 -0.146253 -0.792734
      outer loop
         vertex 0.0727905 -0.0471124 -0.0146001
         vertex 0.0686533 -0.0471291 -0.0170531
         vertex 0.0716178 -0.0347136 -0.0168322
      endloop
   endfacet
   facet normal 0.383717 -0.0688793 -0.920878
      outer loop
         vertex 0.0716178 -0.0347136 -0.0168322
         vertex 0.0761346 -0.0322029 -0.0146104
         vertex 0.0727905 -0.0471124 -0.0146001
      endloop
   endfacet
   facet normal 0.58493 -0.106823 -0.804019
      outer loop
         vertex 0.076232 -0.0322494 -0.0145555
         vertex 0.0789425 -0.0333315 -0.0117172
         vertex 0.0760252 -0.047097 -0.0114442
      endloop
   endfacet
   facet normal 0.591762 -0.146253 -0.792734
      outer loop
         vertex 0.0727905 -0.0471124 -0.0146001
         vertex 0.0761346 -0.0322029 -0.0146104
         vertex 0.076232 -0.0322494 -0.0145555
      endloop
   endfacet
   facet normal 0.790951 -0.148242 -0.59365
      outer loop
         vertex 0.0789425 -0.0333315 -0.0117172
         vertex 0.0807991 -0.0335631 -0.00805695
         vertex 0.0781506 -0.0470868 -0.00738667
      endloop
   endfacet
   facet normal 0.926258 -0.225963 -0.301639
      outer loop
         vertex 0.0781506 -0.0470868 -0.00738667
         vertex 0.0760252 -0.047097 -0.0114442
         vertex 0.0789425 -0.0333315 -0.0117172
      endloop
   endfacet
   facet normal 0.971654 -0.222035 -0.0811664
      outer loop
         vertex 0.0790136 -0.0470851 -0.00227574
         vertex 0.0781506 -0.0470868 -0.00738667
         vertex 0.08094 -0.0334487 -0.00745117
      endloop
   endfacet
   facet normal 0.949651 -0.165485 -0.26604
      outer loop
         vertex 0.08094 -0.0334487 -0.00745117
         vertex 0.0815986 -0.0329141 -0.0046189
         vertex 0.0790136 -0.0470851 -0.00227574
      endloop
   endfacet
   facet normal 0.972076 -0.20828 0.10811
      outer loop
         vertex 0.0788596 -0.047089 0.00879906
         vertex 0.0823171 -0.0295011 0.00275514
         vertex 0.0825282 -0.024741 0.00867713
      endloop
   endfacet
   facet normal 0.972076 -0.20828 0.10811
      outer loop
         vertex 0.0788596 -0.047089 0.00879906
         vertex 0.0790136 -0.0470851 -0.00227574
         vertex 0.0818336 -0.031798 -0.00220744
      endloop
   endfacet
   facet normal 0.987395 -0.151346 -0.0463203
      outer loop
         vertex 0.0818336 -0.031798 -0.00220744
         vertex 0.0823171 -0.0295011 0.00275514
         vertex 0.0788596 -0.047089 0.00879906
      endloop
   endfacet
   facet normal 0.987825 -0.11485 0.104933
      outer loop
         vertex 0.0825282 -0.024741 0.00867713
         vertex 0.0825165 -0.0246946 0.00880431
         vertex 0.0788596 -0.047089 0.00879906
      endloop
   endfacet
   facet normal 0.983123 -0.160953 -0.0869709
      outer loop
         vertex 0.0815986 -0.0329141 -0.0046189
         vertex 0.0818336 -0.031798 -0.00220744
         vertex 0.0790136 -0.0470851 -0.00227574
      endloop
   endfacet
   facet normal 0.936755 -0.16562 -0.308317
      outer loop
         vertex 0.0807991 -0.0335631 -0.00805695
         vertex 0.08094 -0.0334487 -0.00745117
         vertex 0.0781506 -0.0470868 -0.00738667
      endloop
   endfacet
   facet normal 0.780279 -0.199548 -0.592744
      outer loop
         vertex 0.0760252 -0.047097 -0.0114442
         vertex 0.0727905 -0.0471124 -0.0146001
         vertex 0.076232 -0.0322494 -0.0145555
      endloop
   endfacet
   facet normal 0.383717 -0.0688793 -0.920878
      outer loop
         vertex 0.0716178 -0.0347136 -0.0168322
         vertex 0.0723706 -0.0304062 -0.0167314
         vertex 0.0761346 -0.0322029 -0.0146104
      endloop
   endfacet
   facet normal 0.349281 -0.0441261 -0.935978
      outer loop
         vertex 0.0718888 -0.0301761 -0.017003
         vertex 0.0723706 -0.0304062 -0.0167314
         vertex 0.0716178 -0.0347136 -0.0168322
      endloop
   endfacet
   facet normal 0.085578 0.0583803 -0.99462
      outer loop
         vertex 0.0612342 -0.0253104 -0.0190583
         vertex 0.0631081 -0.0261662 -0.0186968
         vertex 0.0615606 -0.0347189 -0.0194696
      endloop
   endfacet
   facet normal -0.00783695 0.108104 -0.994109
      outer loop
         vertex 0.0531033 -0.0226082 -0.0187589
         vertex 0.0302701 -0.0223679 -0.0187213
         vertex 0.0309163 -0.0152346 -0.0179419
      endloop
   endfacet
   facet normal 0.0459142 0.0829628 -0.995494
      outer loop
         vertex 0.0269989 -0.0139327 -0.0177977
         vertex 0.0309163 -0.0152346 -0.0179419
         vertex 0.0302701 -0.0223679 -0.0187213
      endloop
   endfacet
   facet normal -0.000223992 0.0767212 -0.997053
      outer loop
         vertex 0.00635012 -0.0102954 -0.0179968
         vertex 0.00627748 -0.0223223 -0.0196237
         vertex -0.00430117 -0.0223233 -0.018937
      endloop
   endfacet
   facet normal -0.233982 0.0788425 -0.969039
      outer loop
         vertex -0.00764641 -0.00839869 -0.0170195
         vertex -0.000672321 -0.00905837 -0.0180645
         vertex -0.00430117 -0.0223233 -0.018937
      endloop
   endfacet
   facet normal -0.454254 0.0841196 -0.886892
      outer loop
         vertex -0.012286 -0.00804604 -0.0153265
         vertex -0.0119802 -0.00806929 -0.0154381
         vertex -0.0126889 -0.0223514 -0.0165105
      endloop
   endfacet
   facet normal -0.768405 0.069871 -0.636138
      outer loop
         vertex -0.0171848 -0.0223769 -0.0129978
         vertex -0.0183001 -0.0223841 -0.0114143
         vertex -0.0162695 -0.0075969 -0.012198
      endloop
   endfacet
   facet normal -0.840451 0.0989886 -0.53277
      outer loop
         vertex -0.0170312 -0.00733798 -0.0108096
         vertex -0.0183001 -0.0223841 -0.0114143
         vertex -0.0198713 -0.0223938 -0.00747179
      endloop
   endfacet
   facet normal -0.971154 0.0479517 -0.233581
      outer loop
         vertex -0.0198713 -0.0223938 -0.00747179
         vertex -0.0197569 -0.0471384 -0.00796426
         vertex -0.0201887 -0.0471324 -0.00213095
      endloop
   endfacet
   facet normal -0.992401 0.121673 0.0183509
      outer loop
         vertex -0.0189172 -0.00229154 0.00312438
         vertex -0.0190486 -0.00491764 -0.00241418
         vertex -0.0202008 -0.022512 0.00858271
      endloop
   endfacet
   facet normal -0.986752 0.127431 0.100405
      outer loop
         vertex -0.0183865 -0.00123909 0.00857167
         vertex -0.0202008 -0.022512 0.00858271
         vertex -0.0180725 -0.0225681 0.017
      endloop
   endfacet
   facet normal -0.932423 -0.0603037 0.356302
      outer loop
         vertex -0.0184238 -0.0412716 0.017
         vertex -0.0180725 -0.0225681 0.017
         vertex -0.0202008 -0.022512 0.00858271
      endloop
   endfacet
   facet normal -0.988635 -0.0803337 0.127074
      outer loop
         vertex -0.0195931 -0.0471284 0.00881707
         vertex -0.0161689 -0.0719069 0.00937739
         vertex -0.0149577 -0.0694609 0.017
      endloop
   endfacet
   facet normal -0.952377 -0.220673 0.21043
      outer loop
         vertex -0.0101402 -0.095162 0.0157048
         vertex -0.0097229 -0.0951198 0.017
         vertex -0.0144614 -0.0718936 0.017
      endloop
   endfacet
   facet normal -0.985057 -0.171024 0.0203256
      outer loop
         vertex -0.0171207 -0.0719063 -0.00174461
         vertex -0.0126334 -0.0951055 -0.00449442
         vertex -0.0109812 -0.0951614 0.00960987
      endloop
   endfacet
   facet normal -0.977651 -0.201824 0.0588782
      outer loop
         vertex -0.0126334 -0.0951055 -0.00449442
         vertex -0.0171207 -0.0719063 -0.00174461
         vertex -0.0162977 -0.0719107 -0.0162901
      endloop
   endfacet
   facet normal -0.965309 -0.0411945 -0.257838
      outer loop
         vertex -0.0148921 -0.0719165 -0.0233248
         vertex -0.0117988 -0.0948068 -0.0259565
         vertex -0.0121218 -0.0949224 -0.0176507
      endloop
   endfacet
   facet normal -0.832981 -0.000938544 -0.553301
      outer loop
         vertex -0.00852346 -0.0855821 -0.0379031
         vertex -0.00867145 -0.0946207 -0.0375598
         vertex -0.0102739 -0.0946954 -0.0331357
      endloop
   endfacet
   facet normal -0.634827 0.021019 -0.772369
      outer loop
         vertex -0.00470799 -0.0876822 -0.0423963
         vertex -0.00501121 -0.0945483 -0.0422026
         vertex -0.00764311 -0.0946003 -0.0388642
      endloop
   endfacet
   facet normal -0.38861 0.00407836 -0.921394
      outer loop
         vertex 3.58852e-05 -0.0944878 -0.0453985
         vertex -0.0012009 -0.0879793 -0.0447071
         vertex -0.000430751 -0.0878577 -0.044976
      endloop
   endfacet
   facet normal -0.249277 0.0701044 -0.965891
      outer loop
         vertex 0.00243553 -0.0874051 -0.0459767
         vertex 0.0041882 -0.0866276 -0.0462189
         vertex 0.00451422 -0.0944258 -0.0465233
      endloop
   endfacet
   facet normal -0.0205714 0.158045 -0.987218
      outer loop
         vertex 0.00835194 -0.08401 -0.046302
         vertex 0.0146638 -0.0837273 -0.0459464
         vertex 0.0131497 -0.0943527 -0.0465858
      endloop
   endfacet
   facet normal 0.149412 0.10025 -0.98368
      outer loop
         vertex 0.0213649 -0.0943038 -0.0457181
         vertex 0.0131497 -0.0943527 -0.0465858
         vertex 0.0146638 -0.0837273 -0.0459464
      endloop
   endfacet
   facet normal 0.275904 0.0834759 -0.957553
      outer loop
         vertex 0.0304541 -0.0942496 -0.0447581
         vertex 0.0213649 -0.0943038 -0.0457181
         vertex 0.0247105 -0.0831343 -0.0438513
      endloop
   endfacet
   facet normal 0.385506 0.358529 -0.850201
      outer loop
         vertex 0.0402564 -0.0820297 -0.0383116
         vertex 0.0479386 -0.0818666 -0.0338322
         vertex 0.0447671 -0.0943856 -0.0383046
      endloop
   endfacet
   facet normal 0.552033 0.27184 -0.788265
      outer loop
         vertex 0.0479386 -0.0818666 -0.0338322
         vertex 0.0524821 -0.0820295 -0.0302915
         vertex 0.0500211 -0.0944991 -0.0336442
      endloop
   endfacet
   facet normal 0.75865 -0.0101106 -0.651419
      outer loop
         vertex 0.0514675 -0.0945303 -0.0323612
         vertex 0.0500211 -0.0944991 -0.0336442
         vertex 0.0524821 -0.0820295 -0.0302915
      endloop
   endfacet
   facet normal 0.753499 0.0131769 -0.657317
      outer loop
         vertex 0.0570382 -0.0823499 -0.0257459
         vertex 0.0610731 -0.0827345 -0.0203627
         vertex 0.0572497 -0.0950844 -0.0225458
      endloop
   endfacet
   facet normal 0.909613 -0.199488 -0.364429
      outer loop
         vertex 0.0573969 -0.0950985 -0.0222959
         vertex 0.0572497 -0.0950844 -0.0225458
         vertex 0.0610731 -0.0827345 -0.0203627
      endloop
   endfacet
   facet normal 0.871908 -0.293488 -0.391971
      outer loop
         vertex 0.0642509 -0.0830904 -0.0143802
         vertex 0.0663667 -0.0833244 -0.00812705
         vertex 0.0603523 -0.0956755 -0.0083979
      endloop
   endfacet
   facet normal 0.897711 -0.376543 -0.228759
      outer loop
         vertex 0.0663667 -0.0833244 -0.00812705
         vertex 0.070792 -0.0720318 -0.00771857
         vertex 0.0611608 -0.0958334 -0.00459596
      endloop
   endfacet
   facet normal 0.891099 -0.453375 0.019826
      outer loop
         vertex 0.0608418 -0.0958198 0.00455616
         vertex 0.0610655 -0.0958293 -0.00186331
         vertex 0.0718342 -0.0720266 -0.00213314
      endloop
   endfacet
   facet normal 0.92483 -0.328607 0.191591
      outer loop
         vertex 0.0710633 -0.0719393 0.0139046
         vertex 0.0605123 -0.0958058 0.0140104
         vertex 0.06067 -0.0958125 0.00948485
      endloop
   endfacet
   facet normal 0.864237 -0.304289 0.400627
      outer loop
         vertex 0.0671366 -0.0710659 0.017
         vertex 0.0604604 -0.0958036 0.0155
         vertex 0.0605123 -0.0958058 0.0140104
      endloop
   endfacet
   facet normal 0.92483 -0.328607 0.191591
      outer loop
         vertex 0.0710633 -0.0719393 0.0139046
         vertex 0.07808 -0.0470906 0.0137996
         vertex 0.0742542 -0.0462484 0.017
      endloop
   endfacet
   facet normal 0.920253 -0.0962116 0.379313
      outer loop
         vertex 0.0811489 -0.022208 0.017
         vertex 0.0742542 -0.0462484 0.017
         vertex 0.07808 -0.0470906 0.0137996
      endloop
   endfacet
   facet normal 0.961233 -0.0999683 0.256979
      outer loop
         vertex 0.0816493 -0.0218887 0.0159891
         vertex 0.0813992 -0.0213354 0.017
         vertex 0.0811489 -0.022208 0.017
      endloop
   endfacet
   facet normal 0.975125 -0.102805 0.196375
      outer loop
         vertex 0.0817704 -0.0221564 0.0155
         vertex 0.0816493 -0.0218887 0.0159891
         vertex 0.0816429 -0.0222567 0.0159997
      endloop
   endfacet
   facet normal 0.981554 -0.108482 0.157431
      outer loop
         vertex 0.0821658 -0.023299 0.0126278
         vertex 0.0820162 -0.0228478 0.0137701
         vertex 0.07808 -0.0470906 0.0137996
      endloop
   endfacet
   facet normal -0.298688 0.53772 -0.788443
      outer loop
         vertex -0.00364929 -0.0553903 -0.0293164
         vertex -0.00614311 -0.0567116 -0.0290219
         vertex -0.00560604 -0.0473601 -0.0242122
      endloop
   endfacet
   facet normal -0.0978835 0.554675 -0.82629
      outer loop
         vertex 0.0064673 -0.0547227 -0.0312618
         vertex 0.00258475 -0.0547216 -0.0305338
         vertex 0.00327178 -0.0473667 -0.0263683
      endloop
   endfacet
   facet normal 0.0129197 0.529115 -0.848452
      outer loop
         vertex 0.012551 -0.0562019 -0.0325301
         vertex 0.0122707 -0.0560989 -0.0324587
         vertex 0.0128141 -0.0473293 -0.0274815
      endloop
   endfacet
   facet normal 0.166429 0.411884 -0.895909
      outer loop
         vertex 0.0147229 -0.0731746 -0.0423705
         vertex 0.0150952 -0.0719964 -0.0417027
         vertex 0.0260934 -0.0720113 -0.0389622
      endloop
   endfacet
   facet normal 0.150222 0.361134 -0.920335
      outer loop
         vertex 0.0140452 -0.0753194 -0.0435863
         vertex 0.0147229 -0.0731746 -0.0423705
         vertex 0.0150687 -0.077853 -0.0443269
      endloop
   endfacet
   facet normal 0.103103 0.265525 -0.958575
      outer loop
         vertex 0.0123571 -0.079436 -0.045186
         vertex 0.0129838 -0.0779078 -0.0445921
         vertex 0.0150687 -0.077853 -0.0443269
      endloop
   endfacet
   facet normal -0.907497 -0.0201944 -0.419574
      outer loop
         vertex -0.0107847 -0.0833156 -0.0342307
         vertex -0.0097328 -0.0843699 -0.035939
         vertex -0.0116127 -0.0844155 -0.0321324
      endloop
   endfacet
   facet normal -0.973271 -0.0868487 -0.212606
      outer loop
         vertex -0.0116694 -0.0947605 -0.0292827
         vertex -0.0117988 -0.0948068 -0.0259565
         vertex -0.0121018 -0.0801901 -0.0312657
      endloop
   endfacet
   facet normal -0.862695 0.156081 -0.481036
      outer loop
         vertex -0.0125204 -0.067422 -0.0288597
         vertex -0.012643 -0.071951 -0.0293696
         vertex -0.0130795 -0.0656543 -0.0272667
      endloop
   endfacet
   facet normal -0.799877 0.240527 -0.549858
      outer loop
         vertex -0.0120251 -0.0643324 -0.0284738
         vertex -0.0122379 -0.0656601 -0.0286396
         vertex -0.0130795 -0.0656543 -0.0272667
      endloop
   endfacet
   facet normal -0.625731 0.392607 -0.674033
      outer loop
         vertex -0.0100394 -0.0602167 -0.0286043
         vertex -0.0100475 -0.0594041 -0.0281679
         vertex -0.00928229 -0.0594203 -0.0286821
      endloop
   endfacet
   facet normal -0.572801 0.426626 -0.699921
      outer loop
         vertex -0.00928229 -0.0594203 -0.0286821
         vertex -0.0100475 -0.0594041 -0.0281679
         vertex -0.00993809 -0.053334 -0.0249267
      endloop
   endfacet
   facet normal -0.85811 0.061509 -0.509769
      outer loop
         vertex -0.0183001 -0.0223841 -0.0114143
         vertex -0.0184548 -0.0471691 -0.0129781
         vertex -0.0197569 -0.0471384 -0.00796426
      endloop
   endfacet
   facet normal -0.933368 0.000638537 -0.358921
      outer loop
         vertex -0.0184548 -0.0471691 -0.0129781
         vertex -0.0183001 -0.0223841 -0.0114143
         vertex -0.0171848 -0.0223769 -0.0129978
      endloop
   endfacet
   facet normal -0.880798 0.0433508 -0.471503
      outer loop
         vertex -0.0174741 -0.0471915 -0.0151291
         vertex -0.0171848 -0.0223769 -0.0129978
         vertex -0.0158708 -0.0223688 -0.0143607
      endloop
   endfacet
   facet normal -0.808214 0.0946892 -0.581227
      outer loop
         vertex -0.0162842 -0.047217 -0.0170449
         vertex -0.0158708 -0.0223688 -0.0143607
         vertex -0.0143695 -0.0223602 -0.0155255
      endloop
   endfacet
   facet normal -0.501571 0.128271 -0.855554
      outer loop
         vertex -0.0130455 -0.0347799 -0.0178312
         vertex -0.0133257 -0.0472718 -0.0201993
         vertex -0.0148965 -0.0472442 -0.0187315
      endloop
   endfacet
   facet normal -0.619516 0.206329 -0.757382
      outer loop
         vertex -0.0133257 -0.0472718 -0.0201993
         vertex -0.0130455 -0.0347799 -0.0178312
         vertex -0.0091715 -0.034802 -0.0195732
      endloop
   endfacet
   facet normal -0.428779 0.302396 -0.851296
      outer loop
         vertex -0.009708 -0.047323 -0.0225376
         vertex -0.0091715 -0.034802 -0.0195732
         vertex -0.00473641 -0.034818 -0.020729
      endloop
   endfacet
   facet normal -0.317432 0.164068 -0.93398
      outer loop
         vertex -0.0091715 -0.034802 -0.0195732
         vertex -0.0130455 -0.0347799 -0.0178312
         vertex -0.0126889 -0.0223514 -0.0165105
      endloop
   endfacet
   facet normal -0.188658 0.192265 -0.963038
      outer loop
         vertex -0.00473641 -0.034818 -0.020729
         vertex -0.00430117 -0.0223233 -0.018937
         vertex 0.00627748 -0.0223223 -0.0196237
      endloop
   endfacet
   facet normal -0.0494526 0.45685 -0.888168
      outer loop
         vertex 0.0128141 -0.0473293 -0.0274815
         vertex 0.00327178 -0.0473667 -0.0263683
         vertex 0.00627748 -0.0223223 -0.0196237
      endloop
   endfacet
   facet normal 0.0907749 0.15673 -0.983461
      outer loop
         vertex 0.0503699 -0.0347266 -0.0208993
         vertex 0.0615606 -0.0347189 -0.0194696
         vertex 0.0584308 -0.0471501 -0.0206194
      endloop
   endfacet
   facet normal 0.165899 0.0336155 -0.98557
      outer loop
         vertex 0.0615606 -0.0347189 -0.0194696
         vertex 0.0716178 -0.0347136 -0.0168322
         vertex 0.0686533 -0.0471291 -0.0170531
      endloop
   endfacet
   facet normal 0.222319 0.174759 -0.959184
      outer loop
         vertex 0.0468137 -0.0471665 -0.0235806
         vertex 0.0232989 -0.0472724 -0.0273573
         vertex 0.0302701 -0.0223679 -0.0187213
      endloop
   endfacet
   facet normal 0.480961 0.290123 -0.827348
      outer loop
         vertex 0.051922 -0.0721031 -0.0272732
         vertex 0.0565473 -0.0720951 -0.0244088
         vertex 0.0524821 -0.0820295 -0.0302915
      endloop
   endfacet
   facet normal 0.552033 0.27184 -0.788265
      outer loop
         vertex 0.0479386 -0.0818666 -0.0338322
         vertex 0.0402564 -0.0820297 -0.0383116
         vertex 0.0437113 -0.0720912 -0.0316747
      endloop
   endfacet
   facet normal 0.385506 0.358529 -0.850201
      outer loop
         vertex 0.0402564 -0.0820297 -0.0383116
         vertex 0.0247105 -0.0831343 -0.0438513
         vertex 0.0260934 -0.0720113 -0.0389622
      endloop
   endfacet
   facet normal 0.544313 0.191693 -0.816686
      outer loop
         vertex 0.0565473 -0.0720951 -0.0244088
         vertex 0.051922 -0.0721031 -0.0272732
         vertex 0.0552886 -0.0598226 -0.0227863
      endloop
   endfacet
   facet normal 0.378991 0.12744 -0.916583
      outer loop
         vertex 0.0552886 -0.0598226 -0.0227863
         vertex 0.051922 -0.0721031 -0.0272732
         vertex 0.0437113 -0.0720912 -0.0316747
      endloop
   endfacet
   facet normal 0.404701 0.383929 -0.829949
      outer loop
         vertex 0.0437113 -0.0720912 -0.0316747
         vertex 0.0260934 -0.0720113 -0.0389622
         vertex 0.0232989 -0.0472724 -0.0273573
      endloop
   endfacet
   facet normal 0.544313 0.191693 -0.816686
      outer loop
         vertex 0.0565473 -0.0720951 -0.0244088
         vertex 0.0611086 -0.0720794 -0.0210416
         vertex 0.0570382 -0.0823499 -0.0257459
      endloop
   endfacet
   facet normal 0.635582 0.051695 -0.770301
      outer loop
         vertex 0.0611086 -0.0720794 -0.0210416
         vertex 0.0652107 -0.0720606 -0.0171541
         vertex 0.0610731 -0.0827345 -0.0203627
      endloop
   endfacet
   facet normal 0.833534 -0.234191 -0.500376
      outer loop
         vertex 0.0685294 -0.0720432 -0.0127234
         vertex 0.070792 -0.0720318 -0.00771857
         vertex 0.0663667 -0.0833244 -0.00812705
      endloop
   endfacet
   facet normal 0.73777 -0.103127 -0.667129
      outer loop
         vertex 0.0652107 -0.0720606 -0.0171541
         vertex 0.0685294 -0.0720432 -0.0127234
         vertex 0.0642509 -0.0830904 -0.0143802
      endloop
   endfacet
   facet normal 0.512791 -0.0293105 -0.858013
      outer loop
         vertex 0.0650777 -0.0598187 -0.0180933
         vertex 0.0686533 -0.0471291 -0.0170531
         vertex 0.0727905 -0.0471124 -0.0146001
      endloop
   endfacet
   facet normal 0.780279 -0.199548 -0.592744
      outer loop
         vertex 0.0760252 -0.047097 -0.0114442
         vertex 0.0781506 -0.0470868 -0.00738667
         vertex 0.070792 -0.0720318 -0.00771857
      endloop
   endfacet
   facet normal 0.591762 -0.146253 -0.792734
      outer loop
         vertex 0.0727905 -0.0471124 -0.0146001
         vertex 0.0760252 -0.047097 -0.0114442
         vertex 0.0685294 -0.0720432 -0.0127234
      endloop
   endfacet
   facet normal 0.936415 -0.335046 0.104269
      outer loop
         vertex 0.0718186 -0.0719647 0.00909455
         vertex 0.0788596 -0.047089 0.00879906
         vertex 0.07808 -0.0470906 0.0137996
      endloop
   endfacet
   facet normal 0.972076 -0.20828 0.10811
      outer loop
         vertex 0.0788596 -0.047089 0.00879906
         vertex 0.0718186 -0.0719647 0.00909455
         vertex 0.0718342 -0.0720266 -0.00213314
      endloop
   endfacet
   facet normal 0.926258 -0.225963 -0.301639
      outer loop
         vertex 0.0781506 -0.0470868 -0.00738667
         vertex 0.0790136 -0.0470851 -0.00227574
         vertex 0.0718342 -0.0720266 -0.00213314
      endloop
   endfacet
   facet normal 0.266248 0.0469693 -0.962759
      outer loop
         vertex 0.0584308 -0.0471501 -0.0206194
         vertex 0.0686533 -0.0471291 -0.0170531
         vertex 0.0650777 -0.0598187 -0.0180933
      endloop
   endfacet
   facet normal -0.866058 0.157067 -0.474629
      outer loop
         vertex -0.0130795 -0.0656543 -0.0272667
         vertex -0.012643 -0.071951 -0.0293696
         vertex -0.0148921 -0.0719165 -0.0233248
      endloop
   endfacet
   facet normal -0.948151 0.0136685 -0.317527
      outer loop
         vertex -0.0154504 -0.0656586 -0.0217758
         vertex -0.0148921 -0.0719165 -0.0233248
         vertex -0.0162977 -0.0719107 -0.0162901
      endloop
   endfacet
   facet normal -0.970686 -0.0505487 -0.234977
      outer loop
         vertex -0.0176726 -0.0594937 -0.0145407
         vertex -0.0162977 -0.0719107 -0.0162901
         vertex -0.0171207 -0.0719063 -0.00174461
      endloop
   endfacet
   facet normal -0.864619 0.088265 -0.494614
      outer loop
         vertex -0.0161483 -0.0533433 -0.018311
         vertex -0.0158732 -0.0594658 -0.0199642
         vertex -0.0176726 -0.0594937 -0.0145407
      endloop
   endfacet
   facet normal -0.704567 0.237571 -0.668689
      outer loop
         vertex -0.0133749 -0.0533385 -0.022052
         vertex -0.0133051 -0.0594339 -0.0245295
         vertex -0.0158732 -0.0594658 -0.0199642
      endloop
   endfacet
   facet normal -0.880798 0.0433508 -0.471503
      outer loop
         vertex -0.0174741 -0.0471915 -0.0151291
         vertex -0.0162842 -0.047217 -0.0170449
         vertex -0.0161483 -0.0533433 -0.018311
      endloop
   endfacet
   facet normal -0.954513 -0.0235645 -0.297236
      outer loop
         vertex -0.0181439 -0.0533475 -0.0136677
         vertex -0.0176726 -0.0594937 -0.0145407
         vertex -0.0189904 -0.0595147 -0.0019391
      endloop
   endfacet
   facet normal -0.792818 0.230517 -0.564183
      outer loop
         vertex -0.0133051 -0.0594339 -0.0245295
         vertex -0.0130795 -0.0656543 -0.0272667
         vertex -0.0154504 -0.0656586 -0.0217758
      endloop
   endfacet
   facet normal -0.99219 -0.124737 -0.000300678
      outer loop
         vertex -0.0189904 -0.0595147 -0.0019391
         vertex -0.0171207 -0.0719063 -0.00174461
         vertex -0.0161689 -0.0719069 0.00937739
      endloop
   endfacet
   facet normal -0.513344 0.377063 -0.77091
      outer loop
         vertex -0.00993809 -0.053334 -0.0249267
         vertex -0.0100475 -0.0594041 -0.0281679
         vertex -0.0133051 -0.0594339 -0.0245295
      endloop
   endfacet
   facet normal -0.428779 0.302396 -0.851296
      outer loop
         vertex -0.009708 -0.047323 -0.0225376
         vertex -0.00993809 -0.053334 -0.0249267
         vertex -0.0133749 -0.0533385 -0.022052
      endloop
   endfacet
   facet normal -0.619516 0.206329 -0.757382
      outer loop
         vertex -0.0133257 -0.0472718 -0.0201993
         vertex -0.0133749 -0.0533385 -0.022052
         vertex -0.0161483 -0.0533433 -0.018311
      endloop
   endfacet
   facet normal 0.314803 -0.947266 -0.0598817
      outer loop
         vertex -0.00334255 -0.0561328 -0.0289521
         vertex -0.00148348 -0.0557786 -0.0284146
         vertex -0.00244434 -0.0559077 -0.0282115
      endloop
   endfacet
   facet normal -1.2649e-16 -1 -7.22801e-16
      outer loop
         vertex 0.000427933 -0.0555 -0.0297083
         vertex 0.000590653 -0.0555 -0.0288529
         vertex -0.00148348 -0.0557786 -0.0284146
      endloop
   endfacet
   facet normal 0.174804 -0.984042 -0.0332511
      outer loop
         vertex -0.00148348 -0.0557786 -0.0284146
         vertex -0.00334255 -0.0561328 -0.0289521
         vertex 0.000427933 -0.0555 -0.0297083
      endloop
   endfacet
   facet normal 0.375476 -0.924076 -0.071423
      outer loop
         vertex -0.00385967 -0.0565608 -0.028036
         vertex -0.00403879 -0.0565043 -0.0288741
         vertex -0.00334255 -0.0561328 -0.0289521
      endloop
   endfacet
   facet normal 0.375191 -0.924196 -0.0713687
      outer loop
         vertex -0.00403879 -0.0565043 -0.0288741
         vertex -0.00385967 -0.0565608 -0.028036
         vertex -0.00559198 -0.0573602 -0.0278211
      endloop
   endfacet
   facet normal 0.516458 -0.850659 -0.0982404
      outer loop
         vertex -0.00559198 -0.0573602 -0.0278211
         vertex -0.00675984 -0.057956 -0.028569
         vertex -0.00403879 -0.0565043 -0.0288741
      endloop
   endfacet
   facet normal 0.694827 -0.706928 -0.13217
      outer loop
         vertex -0.00769223 -0.0591356 -0.027613
         vertex -0.0078542 -0.0591253 -0.0284733
         vertex -0.00675984 -0.057956 -0.028569
      endloop
   endfacet
   facet normal 0.595493 -0.795334 -0.113275
      outer loop
         vertex -0.00675984 -0.057956 -0.028569
         vertex -0.00608914 -0.0575896 -0.0277595
         vertex -0.00769223 -0.0591356 -0.027613
      endloop
   endfacet
   facet normal 0.907893 -0.381975 -0.172699
      outer loop
         vertex -0.0103175 -0.0629581 -0.0273921
         vertex -0.0104348 -0.0629753 -0.0283067
         vertex -0.00950176 -0.0608856 -0.0283292
      endloop
   endfacet
   facet normal 0.819677 -0.551198 -0.155919
      outer loop
         vertex -0.00950176 -0.0608856 -0.0283292
         vertex -0.0078542 -0.0591253 -0.0284733
         vertex -0.00837379 -0.0597928 -0.0275507
      endloop
   endfacet
   facet normal 0.694331 -0.707432 -0.132075
      outer loop
         vertex -0.0078542 -0.0591253 -0.0284733
         vertex -0.00769223 -0.0591356 -0.027613
         vertex -0.00837379 -0.0597928 -0.0275507
      endloop
   endfacet
   facet normal 0.747914 -0.64837 -0.142268
      outer loop
         vertex -0.00837379 -0.0597928 -0.0275507
         vertex -0.00898633 -0.0603835 -0.0274947
         vertex -0.00950176 -0.0608856 -0.0283292
      endloop
   endfacet
   facet normal 0.907724 -0.382392 -0.172667
      outer loop
         vertex -0.0104348 -0.0629753 -0.0283067
         vertex -0.010553 -0.0634137 -0.0273739
         vertex -0.0107323 -0.0637605 -0.0273601
      endloop
   endfacet
   facet normal 0.907724 -0.382392 -0.172667
      outer loop
         vertex -0.0104348 -0.0629753 -0.0283067
         vertex -0.0103175 -0.0629581 -0.0273921
         vertex -0.010553 -0.0634137 -0.0273739
      endloop
   endfacet
   facet normal 0.982385 -3.71803e-07 -0.186869
      outer loop
         vertex -0.011414 -0.0675 -0.0277469
         vertex -0.0115978 -0.0675 -0.0287126
         vertex -0.0111488 -0.0645746 -0.0282894
      endloop
   endfacet
   facet normal 0.952746 -0.243785 -0.181231
      outer loop
         vertex -0.0111488 -0.0645746 -0.0282894
         vertex -0.0107323 -0.0637605 -0.0273601
         vertex -0.011414 -0.0675 -0.0277469
      endloop
   endfacet
   facet normal 0.933467 -0.311626 -0.177564
      outer loop
         vertex -0.0107323 -0.0637605 -0.0273601
         vertex -0.0111488 -0.0645746 -0.0282894
         vertex -0.0104348 -0.0629753 -0.0283067
      endloop
   endfacet
   facet normal 0.819677 -0.551198 -0.155919
      outer loop
         vertex -0.00950176 -0.0608856 -0.0283292
         vertex -0.00898633 -0.0603835 -0.0274947
         vertex -0.0103175 -0.0629581 -0.0273921
      endloop
   endfacet
   facet normal 0.516458 -0.850659 -0.0982404
      outer loop
         vertex -0.00559198 -0.0573602 -0.0278211
         vertex -0.00608914 -0.0575896 -0.0277595
         vertex -0.00675984 -0.057956 -0.028569
      endloop
   endfacet
   facet normal 0.253896 -0.966025 -0.048296
      outer loop
         vertex -0.00244434 -0.0559077 -0.0282115
         vertex -0.00385967 -0.0565608 -0.028036
         vertex -0.00334255 -0.0561328 -0.0289521
      endloop
   endfacet
   facet normal -0.0414185 -0.935969 -0.349637
      outer loop
         vertex 0.00649553 -0.055468 -0.0310235
         vertex 0.00651624 -0.0555 -0.0308487
         vertex 0.000427933 -0.0555 -0.0297083
      endloop
   endfacet
   facet normal 0 -1 0
      outer loop
         vertex 0.000427933 -0.0555 -0.0297083
         vertex 0.00038976 -0.0554724 -0.0298547
         vertex 0.00649553 -0.055468 -0.0310235
      endloop
   endfacet
   facet normal -0.0775329 -0.752076 -0.6545
      outer loop
         vertex 0.00647747 -0.055376 -0.0311759
         vertex 0.00649553 -0.055468 -0.0310235
         vertex 0.000383448 -0.0554679 -0.0298789
      endloop
   endfacet
   facet normal -0.103718 -0.471872 -0.875545
      outer loop
         vertex 0.00646438 -0.0552359 -0.0312864
         vertex 0.00647747 -0.055376 -0.0311759
         vertex 0.00034468 -0.0553756 -0.0300277
      endloop
   endfacet
   facet normal -0.116621 -0.131238 -0.984467
      outer loop
         vertex 0.00645793 -0.0550656 -0.0313409
         vertex 0.00646438 -0.0552359 -0.0312864
         vertex 0.000316611 -0.0552351 -0.0301353
      endloop
   endfacet
   facet normal -0.250167 -0.128675 -0.959614
      outer loop
         vertex 0.000302849 -0.0550643 -0.0301881
         vertex 0.000305163 -0.0548853 -0.0301792
         vertex 0.00645895 -0.0548869 -0.0313323
      endloop
   endfacet
   facet normal -0.11459 0.226202 -0.967317
      outer loop
         vertex 0.00645895 -0.0548869 -0.0313323
         vertex 0.000305163 -0.0548853 -0.0301792
         vertex 0.00258475 -0.0547216 -0.0305338
      endloop
   endfacet
   facet normal -0.150954 0.662183 -0.73398
      outer loop
         vertex 0.00258475 -0.0547216 -0.0305338
         vertex 0.000305163 -0.0548853 -0.0301792
         vertex 0.00030773 -0.054862 -0.0301694
      endloop
   endfacet
   facet normal -0.242309 0.278157 -0.92947
      outer loop
         vertex 0.00030773 -0.054862 -0.0301694
         vertex 0.000323254 -0.0547211 -0.0301098
         vertex 0.00258475 -0.0547216 -0.0305338
      endloop
   endfacet
   facet normal -0.150954 0.662183 -0.73398
      outer loop
         vertex 0.00258475 -0.0547216 -0.0305338
         vertex 0.0064673 -0.0547227 -0.0312618
         vertex 0.00645895 -0.0548869 -0.0313323
      endloop
   endfacet
   facet normal -0.11459 0.226202 -0.967317
      outer loop
         vertex 0.00645895 -0.0548869 -0.0313323
         vertex 0.00645793 -0.0550656 -0.0313409
         vertex 0.000302849 -0.0550643 -0.0301881
      endloop
   endfacet
   facet normal -0.222643 -0.470161 -0.854036
      outer loop
         vertex 0.000316611 -0.0552351 -0.0301353
         vertex 0.000302849 -0.0550643 -0.0301881
         vertex 0.00645793 -0.0550656 -0.0313409
      endloop
   endfacet
   facet normal -0.166506 -0.751224 -0.6387
      outer loop
         vertex 0.00034468 -0.0553756 -0.0300277
         vertex 0.000316611 -0.0552351 -0.0301353
         vertex 0.00646438 -0.0552359 -0.0312864
      endloop
   endfacet
   facet normal -0.0889702 -0.935741 -0.34128
      outer loop
         vertex 0.000383448 -0.0554679 -0.0298789
         vertex 0.00034468 -0.0553756 -0.0300277
         vertex 0.00647747 -0.055376 -0.0311759
      endloop
   endfacet
   facet normal -0.0769491 -0.952341 -0.295169
      outer loop
         vertex 0.00038976 -0.0554724 -0.0298547
         vertex 0.000383448 -0.0554679 -0.0298789
         vertex 0.00649553 -0.055468 -0.0310235
      endloop
   endfacet
   facet normal 0.314803 -0.947266 -0.0598817
      outer loop
         vertex -0.00334255 -0.0561328 -0.0289521
         vertex -0.00337258 -0.0561084 -0.0291009
         vertex 0.00038976 -0.0554724 -0.0298547
      endloop
   endfacet
   facet normal 0.170614 -0.764867 -0.621184
      outer loop
         vertex -0.00341464 -0.0560416 -0.0292328
         vertex 0.00034468 -0.0553756 -0.0300277
         vertex 0.000383448 -0.0554679 -0.0298789
      endloop
   endfacet
   facet normal -0.0889702 -0.935741 -0.34128
      outer loop
         vertex 0.000383448 -0.0554679 -0.0298789
         vertex -0.00337258 -0.0561084 -0.0291009
         vertex -0.00341464 -0.0560416 -0.0292328
      endloop
   endfacet
   facet normal 0.0703552 -0.558916 -0.826234
      outer loop
         vertex -0.00346477 -0.0559386 -0.0293353
         vertex 0.000316611 -0.0552351 -0.0301353
         vertex 0.00034468 -0.0553756 -0.0300277
      endloop
   endfacet
   facet normal -0.250167 -0.128675 -0.959614
      outer loop
         vertex 0.000302849 -0.0550643 -0.0301881
         vertex 0.000316611 -0.0552351 -0.0301353
         vertex -0.00351823 -0.0558092 -0.0293988
      endloop
   endfacet
   facet normal -0.24554 0.229348 -0.941865
      outer loop
         vertex 0.000305163 -0.0548853 -0.0301792
         vertex 0.000302849 -0.0550643 -0.0301881
         vertex -0.00356995 -0.0556657 -0.0294172
      endloop
   endfacet
   facet normal -0.230226 0.275375 -0.933362
      outer loop
         vertex -0.00361506 -0.0555215 -0.0293889
         vertex 0.00030773 -0.054862 -0.0301694
         vertex 0.000305163 -0.0548853 -0.0301792
      endloop
   endfacet
   facet normal -0.298688 0.53772 -0.788443
      outer loop
         vertex -0.00364929 -0.0553903 -0.0293164
         vertex 0.000323254 -0.0547211 -0.0301098
         vertex 0.00030773 -0.054862 -0.0301694
      endloop
   endfacet
   facet normal 0.527804 -0.743416 -0.410799
      outer loop
         vertex -0.00679368 -0.05793 -0.0287178
         vertex -0.00337258 -0.0561084 -0.0291009
         vertex -0.00403879 -0.0565043 -0.0288741
      endloop
   endfacet
   facet normal 0.254747 -0.898528 -0.357423
      outer loop
         vertex -0.00337258 -0.0561084 -0.0291009
         vertex -0.00334255 -0.0561328 -0.0289521
         vertex -0.00403879 -0.0565043 -0.0288741
      endloop
   endfacet
   facet normal 0.170614 -0.764867 -0.621184
      outer loop
         vertex -0.00341464 -0.0560416 -0.0292328
         vertex -0.00337258 -0.0561084 -0.0291009
         vertex -0.00679368 -0.05793 -0.0287178
      endloop
   endfacet
   facet normal 0.0703552 -0.558916 -0.826234
      outer loop
         vertex -0.00346477 -0.0559386 -0.0293353
         vertex -0.00341464 -0.0560416 -0.0292328
         vertex -0.00685281 -0.0578685 -0.0288469
      endloop
   endfacet
   facet normal -0.0365526 -0.30014 -0.953195
      outer loop
         vertex -0.00351823 -0.0558092 -0.0293988
         vertex -0.00346477 -0.0559386 -0.0293353
         vertex -0.00693155 -0.0577772 -0.0289439
      endloop
   endfacet
   facet normal -0.140006 -0.0129965 -0.990065
      outer loop
         vertex -0.00356995 -0.0556657 -0.0294172
         vertex -0.00351823 -0.0558092 -0.0293988
         vertex -0.00702237 -0.0576649 -0.0289996
      endloop
   endfacet
   facet normal -0.230226 0.275375 -0.933362
      outer loop
         vertex -0.00361506 -0.0555215 -0.0293889
         vertex -0.00356995 -0.0556657 -0.0294172
         vertex -0.00711656 -0.0575425 -0.0290086
      endloop
   endfacet
   facet normal -0.230226 0.275375 -0.933362
      outer loop
         vertex -0.00361506 -0.0555215 -0.0293889
         vertex -0.0072051 -0.0574215 -0.0289701
         vertex -0.00614311 -0.0567116 -0.0290219
      endloop
   endfacet
   facet normal -0.295028 0.273568 -0.915488
      outer loop
         vertex -0.0072051 -0.0574215 -0.0289701
         vertex -0.00727951 -0.0573137 -0.0288878
         vertex -0.00614311 -0.0567116 -0.0290219
      endloop
   endfacet
   facet normal 0.727835 -0.5085 -0.460092
      outer loop
         vertex -0.00954768 -0.0608643 -0.0284813
         vertex -0.00679368 -0.05793 -0.0287178
         vertex -0.0078542 -0.0591253 -0.0284733
      endloop
   endfacet
   facet normal 0.527804 -0.743416 -0.410799
      outer loop
         vertex -0.00679368 -0.05793 -0.0287178
         vertex -0.00675984 -0.057956 -0.028569
         vertex -0.0078542 -0.0591253 -0.0284733
      endloop
   endfacet
   facet normal 0.409553 -0.62028 -0.668969
      outer loop
         vertex -0.00685281 -0.0578685 -0.0288469
         vertex -0.00679368 -0.05793 -0.0287178
         vertex -0.00954768 -0.0608643 -0.0284813
      endloop
   endfacet
   facet normal 0.252067 -0.437722 -0.863053
      outer loop
         vertex -0.00693155 -0.0577772 -0.0289439
         vertex -0.00685281 -0.0578685 -0.0288469
         vertex -0.009631 -0.0608168 -0.0286097
      endloop
   endfacet
   facet normal 0.0704343 -0.213232 -0.974459
      outer loop
         vertex -0.00702237 -0.0576649 -0.0289996
         vertex -0.00693155 -0.0577772 -0.0289439
         vertex -0.00974316 -0.0607481 -0.0287013
      endloop
   endfacet
   facet normal -0.117946 0.0316858 -0.992514
      outer loop
         vertex -0.00711656 -0.0575425 -0.0290086
         vertex -0.00702237 -0.0576649 -0.0289996
         vertex -0.00987264 -0.0606651 -0.0287466
      endloop
   endfacet
   facet normal -0.295028 0.273568 -0.915488
      outer loop
         vertex -0.0072051 -0.0574215 -0.0289701
         vertex -0.00711656 -0.0575425 -0.0290086
         vertex -0.0100061 -0.0605766 -0.0287411
      endloop
   endfacet
   facet normal -0.295028 0.273568 -0.915488
      outer loop
         vertex -0.0072051 -0.0574215 -0.0289701
         vertex -0.0101299 -0.0604914 -0.0286851
         vertex -0.00928229 -0.0594203 -0.0286821
      endloop
   endfacet
   facet normal -0.436572 0.237225 -0.86783
      outer loop
         vertex -0.0101299 -0.0604914 -0.0286851
         vertex -0.0100394 -0.0602167 -0.0286043
         vertex -0.00928229 -0.0594203 -0.0286821
      endloop
   endfacet
   facet normal -0.436572 0.237225 -0.86783
      outer loop
         vertex -0.0101299 -0.0604914 -0.0286851
         vertex -0.0102312 -0.0604185 -0.0285846
         vertex -0.0100394 -0.0602167 -0.0286043
      endloop
   endfacet
   facet normal 0.727835 -0.5085 -0.460092
      outer loop
         vertex -0.00954768 -0.0608643 -0.0284813
         vertex -0.00950176 -0.0608856 -0.0283292
         vertex -0.0104348 -0.0629753 -0.0283067
      endloop
   endfacet
   facet normal 0.901973 -0.380279 -0.20453
      outer loop
         vertex -0.0104348 -0.0629753 -0.0283067
         vertex -0.0112031 -0.0645521 -0.0284478
         vertex -0.00954768 -0.0608643 -0.0284813
      endloop
   endfacet
   facet normal 0.561187 -0.413538 -0.716977
      outer loop
         vertex -0.009631 -0.0608168 -0.0286097
         vertex -0.00954768 -0.0608643 -0.0284813
         vertex -0.0112031 -0.0645521 -0.0284478
      endloop
   endfacet
   facet normal 0.33686 -0.276073 -0.900172
      outer loop
         vertex -0.00974316 -0.0607481 -0.0287013
         vertex -0.009631 -0.0608168 -0.0286097
         vertex -0.0113056 -0.0645182 -0.0285777
      endloop
   endfacet
   facet normal 0.0779114 -0.110234 -0.990847
      outer loop
         vertex -0.00987264 -0.0606651 -0.0287466
         vertex -0.00974316 -0.0607481 -0.0287013
         vertex -0.0114445 -0.0644769 -0.0286644
      endloop
   endfacet
   facet normal -0.189045 0.0669355 -0.979684
      outer loop
         vertex -0.0100061 -0.0605766 -0.0287411
         vertex -0.00987264 -0.0606651 -0.0287466
         vertex -0.0116041 -0.0644328 -0.028698
      endloop
   endfacet
   facet normal -0.436572 0.237225 -0.86783
      outer loop
         vertex -0.0101299 -0.0604914 -0.0286851
         vertex -0.0100061 -0.0605766 -0.0287411
         vertex -0.0117661 -0.064391 -0.0286746
      endloop
   endfacet
   facet normal -0.639228 0.383133 -0.666781
      outer loop
         vertex -0.0102312 -0.0604185 -0.0285846
         vertex -0.0101299 -0.0604914 -0.0286851
         vertex -0.011912 -0.0643562 -0.0285969
      endloop
   endfacet
   facet normal 0.982385 0 -0.186869
      outer loop
         vertex -0.0115978 -0.0675 -0.0287126
         vertex -0.011658 -0.0674593 -0.0288693
         vertex -0.0112031 -0.0645521 -0.0284478
      endloop
   endfacet
   facet normal 0.862022 0.0813686 -0.500297
      outer loop
         vertex -0.011658 -0.0674593 -0.0288693
         vertex -0.0117696 -0.0674235 -0.0289961
         vertex -0.0113056 -0.0645182 -0.0285777
      endloop
   endfacet
   facet normal 0.361291 -0.0483932 -0.931197
      outer loop
         vertex -0.0114445 -0.0644769 -0.0286644
         vertex -0.0113056 -0.0645182 -0.0285777
         vertex -0.0117696 -0.0674235 -0.0289961
      endloop
   endfacet
   facet normal 0.0421658 0.0397923 -0.998318
      outer loop
         vertex -0.0116041 -0.0644328 -0.028698
         vertex -0.0114445 -0.0644769 -0.0286644
         vertex -0.0119194 -0.0673968 -0.029078
      endloop
   endfacet
   facet normal -0.281771 0.123437 -0.951509
      outer loop
         vertex -0.0117661 -0.064391 -0.0286746
         vertex -0.0116041 -0.0644328 -0.028698
         vertex -0.0120894 -0.0673824 -0.0291051
      endloop
   endfacet
   facet normal -0.573551 0.192994 -0.796111
      outer loop
         vertex -0.011912 -0.0643562 -0.0285969
         vertex -0.0117661 -0.064391 -0.0286746
         vertex -0.0122593 -0.0673821 -0.0290742
      endloop
   endfacet
   facet normal -0.639806 0.208413 -0.739738
      outer loop
         vertex -0.0124089 -0.0673958 -0.028989
         vertex -0.0125204 -0.067422 -0.0288597
         vertex -0.0122379 -0.0656601 -0.0286396
      endloop
   endfacet
   facet normal -0.694367 0.19853 -0.691693
      outer loop
         vertex -0.0122379 -0.0656601 -0.0286396
         vertex -0.011912 -0.0643562 -0.0285969
         vertex -0.0124089 -0.0673958 -0.028989
      endloop
   endfacet
   facet normal -0.694367 0.19853 -0.691693
      outer loop
         vertex -0.0122379 -0.0656601 -0.0286396
         vertex -0.0120251 -0.0643324 -0.0284738
         vertex -0.011912 -0.0643562 -0.0285969
      endloop
   endfacet
   facet normal -0.340558 0.235872 -0.910156
      outer loop
         vertex -0.0122593 -0.0673821 -0.0290742
         vertex -0.0124089 -0.0673958 -0.028989
         vertex -0.011912 -0.0643562 -0.0285969
      endloop
   endfacet
   facet normal -0.000666907 0.23518 -0.971952
      outer loop
         vertex -0.0120894 -0.0673824 -0.0291051
         vertex -0.0122593 -0.0673821 -0.0290742
         vertex -0.0117661 -0.064391 -0.0286746
      endloop
   endfacet
   facet normal 0.339304 0.206421 -0.917749
      outer loop
         vertex -0.0119194 -0.0673968 -0.029078
         vertex -0.0120894 -0.0673824 -0.0291051
         vertex -0.0116041 -0.0644328 -0.028698
      endloop
   endfacet
   facet normal 0.638781 0.153026 -0.754017
      outer loop
         vertex -0.0117696 -0.0674235 -0.0289961
         vertex -0.0119194 -0.0673968 -0.029078
         vertex -0.0114445 -0.0644769 -0.0286644
      endloop
   endfacet
   facet normal 0.639184 -0.131056 -0.757805
      outer loop
         vertex -0.0113056 -0.0645182 -0.0285777
         vertex -0.0112031 -0.0645521 -0.0284478
         vertex -0.011658 -0.0674593 -0.0288693
      endloop
   endfacet
   facet normal 0.844132 -0.198762 -0.49793
      outer loop
         vertex -0.0112031 -0.0645521 -0.0284478
         vertex -0.0111488 -0.0645746 -0.0282894
         vertex -0.0115978 -0.0675 -0.0287126
      endloop
   endfacet
   facet normal -0.573551 0.192994 -0.796111
      outer loop
         vertex -0.011912 -0.0643562 -0.0285969
         vertex -0.0120251 -0.0643324 -0.0284738
         vertex -0.0102312 -0.0604185 -0.0285846
      endloop
   endfacet
   facet normal -0.281771 0.123437 -0.951509
      outer loop
         vertex -0.0117661 -0.064391 -0.0286746
         vertex -0.011912 -0.0643562 -0.0285969
         vertex -0.0101299 -0.0604914 -0.0286851
      endloop
   endfacet
   facet normal 0.0421658 0.0397923 -0.998318
      outer loop
         vertex -0.0116041 -0.0644328 -0.028698
         vertex -0.0117661 -0.064391 -0.0286746
         vertex -0.0100061 -0.0605766 -0.0287411
      endloop
   endfacet
   facet normal 0.361291 -0.0483932 -0.931197
      outer loop
         vertex -0.0114445 -0.0644769 -0.0286644
         vertex -0.0116041 -0.0644328 -0.028698
         vertex -0.00987264 -0.0606651 -0.0287466
      endloop
   endfacet
   facet normal 0.639184 -0.131056 -0.757805
      outer loop
         vertex -0.0113056 -0.0645182 -0.0285777
         vertex -0.0114445 -0.0644769 -0.0286644
         vertex -0.00974316 -0.0607481 -0.0287013
      endloop
   endfacet
   facet normal 0.844132 -0.198762 -0.49793
      outer loop
         vertex -0.0112031 -0.0645521 -0.0284478
         vertex -0.0113056 -0.0645182 -0.0285777
         vertex -0.009631 -0.0608168 -0.0286097
      endloop
   endfacet
   facet normal 0.901973 -0.380279 -0.20453
      outer loop
         vertex -0.0104348 -0.0629753 -0.0283067
         vertex -0.0111488 -0.0645746 -0.0282894
         vertex -0.0112031 -0.0645521 -0.0284478
      endloop
   endfacet
   facet normal -0.410251 0.273563 -0.869975
      outer loop
         vertex -0.00928229 -0.0594203 -0.0286821
         vertex -0.00727951 -0.0573137 -0.0288878
         vertex -0.0072051 -0.0574215 -0.0289701
      endloop
   endfacet
   facet normal -0.189045 0.0669355 -0.979684
      outer loop
         vertex -0.0100061 -0.0605766 -0.0287411
         vertex -0.0101299 -0.0604914 -0.0286851
         vertex -0.0072051 -0.0574215 -0.0289701
      endloop
   endfacet
   facet normal 0.0779114 -0.110234 -0.990847
      outer loop
         vertex -0.00987264 -0.0606651 -0.0287466
         vertex -0.0100061 -0.0605766 -0.0287411
         vertex -0.00711656 -0.0575425 -0.0290086
      endloop
   endfacet
   facet normal 0.33686 -0.276073 -0.900172
      outer loop
         vertex -0.00974316 -0.0607481 -0.0287013
         vertex -0.00987264 -0.0606651 -0.0287466
         vertex -0.00702237 -0.0576649 -0.0289996
      endloop
   endfacet
   facet normal 0.561187 -0.413538 -0.716977
      outer loop
         vertex -0.009631 -0.0608168 -0.0286097
         vertex -0.00974316 -0.0607481 -0.0287013
         vertex -0.00693155 -0.0577772 -0.0289439
      endloop
   endfacet
   facet normal 0.727835 -0.5085 -0.460092
      outer loop
         vertex -0.00954768 -0.0608643 -0.0284813
         vertex -0.009631 -0.0608168 -0.0286097
         vertex -0.00685281 -0.0578685 -0.0288469
      endloop
   endfacet
   facet normal 0.69649 -0.70819 -0.115617
      outer loop
         vertex -0.0078542 -0.0591253 -0.0284733
         vertex -0.00950176 -0.0608856 -0.0283292
         vertex -0.00954768 -0.0608643 -0.0284813
      endloop
   endfacet
   facet normal -0.27889 0.300431 -0.912119
      outer loop
         vertex -0.00614311 -0.0567116 -0.0290219
         vertex -0.00364929 -0.0553903 -0.0293164
         vertex -0.00361506 -0.0555215 -0.0293889
      endloop
   endfacet
   facet normal -0.117946 0.0316858 -0.992514
      outer loop
         vertex -0.00711656 -0.0575425 -0.0290086
         vertex -0.0072051 -0.0574215 -0.0289701
         vertex -0.00361506 -0.0555215 -0.0293889
      endloop
   endfacet
   facet normal 0.0704343 -0.213232 -0.974459
      outer loop
         vertex -0.00702237 -0.0576649 -0.0289996
         vertex -0.00711656 -0.0575425 -0.0290086
         vertex -0.00356995 -0.0556657 -0.0294172
      endloop
   endfacet
   facet normal 0.252067 -0.437722 -0.863053
      outer loop
         vertex -0.00693155 -0.0577772 -0.0289439
         vertex -0.00702237 -0.0576649 -0.0289996
         vertex -0.00351823 -0.0558092 -0.0293988
      endloop
   endfacet
   facet normal 0.409553 -0.62028 -0.668969
      outer loop
         vertex -0.00685281 -0.0578685 -0.0288469
         vertex -0.00693155 -0.0577772 -0.0289439
         vertex -0.00346477 -0.0559386 -0.0293353
      endloop
   endfacet
   facet normal 0.527804 -0.743416 -0.410799
      outer loop
         vertex -0.00679368 -0.05793 -0.0287178
         vertex -0.00685281 -0.0578685 -0.0288469
         vertex -0.00341464 -0.0560416 -0.0292328
      endloop
   endfacet
   facet normal 0.371952 -0.923437 -0.0944244
      outer loop
         vertex -0.00403879 -0.0565043 -0.0288741
         vertex -0.00675984 -0.057956 -0.028569
         vertex -0.00679368 -0.05793 -0.0287178
      endloop
   endfacet
   facet normal -0.242236 0.279141 -0.929194
      outer loop
         vertex 0.00030773 -0.054862 -0.0301694
         vertex -0.00361506 -0.0555215 -0.0293889
         vertex -0.00364929 -0.0553903 -0.0293164
      endloop
   endfacet
   facet normal -0.140006 -0.0129965 -0.990065
      outer loop
         vertex -0.00356995 -0.0556657 -0.0294172
         vertex -0.00361506 -0.0555215 -0.0293889
         vertex 0.000305163 -0.0548853 -0.0301792
      endloop
   endfacet
   facet normal -0.0365526 -0.30014 -0.953195
      outer loop
         vertex -0.00351823 -0.0558092 -0.0293988
         vertex -0.00356995 -0.0556657 -0.0294172
         vertex 0.000302849 -0.0550643 -0.0301881
      endloop
   endfacet
   facet normal -0.222643 -0.470161 -0.854036
      outer loop
         vertex 0.000316611 -0.0552351 -0.0301353
         vertex -0.00346477 -0.0559386 -0.0293353
         vertex -0.00351823 -0.0558092 -0.0293988
      endloop
   endfacet
   facet normal -0.166506 -0.751224 -0.6387
      outer loop
         vertex 0.00034468 -0.0553756 -0.0300277
         vertex -0.00341464 -0.0560416 -0.0292328
         vertex -0.00346477 -0.0559386 -0.0293353
      endloop
   endfacet
   facet normal -0.0889702 -0.935741 -0.34128
      outer loop
         vertex 0.000383448 -0.0554679 -0.0298789
         vertex 0.00038976 -0.0554724 -0.0298547
         vertex -0.00337258 -0.0561084 -0.0291009
      endloop
   endfacet
   facet normal -0.0767028 -0.952654 -0.294224
      outer loop
         vertex 0.00038976 -0.0554724 -0.0298547
         vertex 0.000427933 -0.0555 -0.0297083
         vertex -0.00334255 -0.0561328 -0.0289521
      endloop
   endfacet
   facet normal 0.848948 0.00254743 -0.52847
      outer loop
         vertex -0.0118487 -0.0754987 -0.0298516
         vertex -0.011658 -0.0674593 -0.0288693
         vertex -0.0115978 -0.0675 -0.0287126
      endloop
   endfacet
   facet normal 0.601325 0.00475223 -0.79899
      outer loop
         vertex -0.0119725 -0.0754976 -0.0299868
         vertex -0.0117696 -0.0674235 -0.0289961
         vertex -0.011658 -0.0674593 -0.0288693
      endloop
   endfacet
   facet normal 0.272822 0.00631784 -0.962044
      outer loop
         vertex -0.0121368 -0.0754968 -0.0300684
         vertex -0.0119194 -0.0673968 -0.029078
         vertex -0.0117696 -0.0674235 -0.0289961
      endloop
   endfacet
   facet normal -0.092376 0.00703367 -0.995699
      outer loop
         vertex -0.0123194 -0.0754965 -0.0300852
         vertex -0.0120894 -0.0673824 -0.0291051
         vertex -0.0119194 -0.0673968 -0.029078
      endloop
   endfacet
   facet normal -0.092376 0.00703367 -0.995699
      outer loop
         vertex -0.0123194 -0.0754965 -0.0300852
         vertex -0.0124958 -0.0754966 -0.0300351
         vertex -0.0122593 -0.0673821 -0.0290742
      endloop
   endfacet
   facet normal -0.44515 0.00680346 -0.89543
      outer loop
         vertex -0.0124958 -0.0754966 -0.0300351
         vertex -0.0126422 -0.0754972 -0.0299247
         vertex -0.0124089 -0.0673958 -0.028989
      endloop
   endfacet
   facet normal -0.738049 0.00565816 -0.674723
      outer loop
         vertex -0.0126422 -0.0754972 -0.0299247
         vertex -0.0126459 -0.0720592 -0.0293818
         vertex -0.012643 -0.071951 -0.0293696
      endloop
   endfacet
   facet normal -0.997855 0.0132779 0.0640983
      outer loop
         vertex -0.012643 -0.071951 -0.0293696
         vertex -0.0124089 -0.0673958 -0.028989
         vertex -0.0126422 -0.0754972 -0.0299247
      endloop
   endfacet
   facet normal -0.738049 0.00565816 -0.674723
      outer loop
         vertex -0.0126422 -0.0754972 -0.0299247
         vertex -0.012739 -0.0754981 -0.029769
         vertex -0.0126459 -0.0720592 -0.0293818
      endloop
   endfacet
   facet normal -0.997855 0.0132779 0.0640983
      outer loop
         vertex -0.012643 -0.071951 -0.0293696
         vertex -0.0125204 -0.067422 -0.0288597
         vertex -0.0124089 -0.0673958 -0.028989
      endloop
   endfacet
   facet normal -0.639806 0.208413 -0.739738
      outer loop
         vertex -0.0124089 -0.0673958 -0.028989
         vertex -0.0122593 -0.0673821 -0.0290742
         vertex -0.0124958 -0.0754966 -0.0300351
      endloop
   endfacet
   facet normal -0.340558 0.235872 -0.910156
      outer loop
         vertex -0.0122593 -0.0673821 -0.0290742
         vertex -0.0120894 -0.0673824 -0.0291051
         vertex -0.0123194 -0.0754965 -0.0300852
      endloop
   endfacet
   facet normal 0.339304 0.206421 -0.917749
      outer loop
         vertex -0.0119194 -0.0673968 -0.029078
         vertex -0.0121368 -0.0754968 -0.0300684
         vertex -0.0123194 -0.0754965 -0.0300852
      endloop
   endfacet
   facet normal 0.638781 0.153026 -0.754017
      outer loop
         vertex -0.0117696 -0.0674235 -0.0289961
         vertex -0.0119725 -0.0754976 -0.0299868
         vertex -0.0121368 -0.0754968 -0.0300684
      endloop
   endfacet
   facet normal 0.862022 0.0813686 -0.500297
      outer loop
         vertex -0.011658 -0.0674593 -0.0288693
         vertex -0.0118487 -0.0754987 -0.0298516
         vertex -0.0119725 -0.0754976 -0.0299868
      endloop
   endfacet
   facet normal 0.982385 0 -0.186869
      outer loop
         vertex -0.0115978 -0.0675 -0.0287126
         vertex -0.011782 -0.0755 -0.0296808
         vertex -0.0118487 -0.0754987 -0.0298516
      endloop
   endfacet
endsolid R-Palm_Shell. Units = meters