solid Proximal. STL generated by ONSHAPE BY PTC INC, 1.212. Units = meters
   facet normal 0 0.382683 -0.92388
      outer loop
         vertex -0.0081 -0.000382683 0.00092388
         vertex -0.0081 1.30104e-17 0.001
         vertex -0.00525 1.30104e-17 0.001
      endloop
   endfacet
   facet normal 0 0.707107 -0.707107
      outer loop
         vertex -0.0081 -0.000707107 0.000707107
         vertex -0.0081 -0.000382683 0.00092388
         vertex -0.00525 -0.000382683 0.00092388
      endloop
   endfacet
   facet normal 0 0.92388 -0.382683
      outer loop
         vertex -0.0081 -0.00092388 0.000382683
         vertex -0.0081 -0.000707107 0.000707107
         vertex -0.00525 -0.000707107 0.000707107
      endloop
   endfacet
   facet normal 0 1 1.83697e-16
      outer loop
         vertex -0.0081 -0.001 -1.73287e-19
         vertex -0.0081 -0.00092388 0.000382683
         vertex -0.00525 -0.00092388 0.000382683
      endloop
   endfacet
   facet normal 0 0.92388 0.382683
      outer loop
         vertex -0.0081 -0.00092388 -0.000382683
         vertex -0.0081 -0.001 -1.73287e-19
         vertex -0.00525 -0.001 -1.73287e-19
      endloop
   endfacet
   facet normal 0 0.707107 0.707107
      outer loop
         vertex -0.0081 -0.000707107 -0.000707107
         vertex -0.0081 -0.00092388 -0.000382683
         vertex -0.00525 -0.00092388 -0.000382683
      endloop
   endfacet
   facet normal 0 0.382683 0.92388
      outer loop
         vertex -0.0081 -0.000382683 -0.00092388
         vertex -0.0081 -0.000707107 -0.000707107
         vertex -0.00525 -0.000707107 -0.000707107
      endloop
   endfacet
   facet normal 0 -1.22465e-16 1
      outer loop
         vertex -0.0081 1.33778e-17 -0.001
         vertex -0.0081 -0.000382683 -0.00092388
         vertex -0.00525 -0.000382683 -0.00092388
      endloop
   endfacet
   facet normal 0 -0.382683 0.92388
      outer loop
         vertex -0.0081 0.000382683 -0.00092388
         vertex -0.0081 1.33778e-17 -0.001
         vertex -0.00525 1.31329e-17 -0.001
      endloop
   endfacet
   facet normal 0 -0.707107 0.707107
      outer loop
         vertex -0.0081 0.000707107 -0.000707107
         vertex -0.0081 0.000382683 -0.00092388
         vertex -0.00525 0.000382683 -0.00092388
      endloop
   endfacet
   facet normal 0 -0.92388 0.382683
      outer loop
         vertex -0.0081 0.00092388 -0.000382683
         vertex -0.0081 0.000707107 -0.000707107
         vertex -0.00525 0.000707107 -0.000707107
      endloop
   endfacet
   facet normal 0 -1 1.60812e-16
      outer loop
         vertex -0.0081 0.001 -1.50402e-19
         vertex -0.0081 0.00092388 -0.000382683
         vertex -0.00525 0.00092388 -0.000382683
      endloop
   endfacet
   facet normal 0 -0.92388 -0.382683
      outer loop
         vertex -0.0081 0.00092388 0.000382683
         vertex -0.0081 0.001 -1.50402e-19
         vertex -0.00525 0.001 -1.50402e-19
      endloop
   endfacet
   facet normal 0 -0.707107 -0.707107
      outer loop
         vertex -0.0081 0.000707107 0.000707107
         vertex -0.0081 0.00092388 0.000382683
         vertex -0.00525 0.00092388 0.000382683
      endloop
   endfacet
   facet normal 0 -0.382683 -0.92388
      outer loop
         vertex -0.0081 0.000382683 0.00092388
         vertex -0.0081 0.000707107 0.000707107
         vertex -0.00525 0.000707107 0.000707107
      endloop
   endfacet
   facet normal 0 2.44929e-16 -1
      outer loop
         vertex -0.0081 1.30104e-17 0.001
         vertex -0.0081 0.000382683 0.00092388
         vertex -0.00525 0.000382683 0.00092388
      endloop
   endfacet
   facet normal 0 -0.382683 -0.92388
      outer loop
         vertex -0.00525 0.000382683 0.00092388
         vertex -0.00525 1.30104e-17 0.001
         vertex -0.0081 1.30104e-17 0.001
      endloop
   endfacet
   facet normal 0 -0.707107 -0.707107
      outer loop
         vertex -0.00525 0.000707107 0.000707107
         vertex -0.00525 0.000382683 0.00092388
         vertex -0.0081 0.000382683 0.00092388
      endloop
   endfacet
   facet normal 0 -0.92388 -0.382683
      outer loop
         vertex -0.00525 0.00092388 0.000382683
         vertex -0.00525 0.000707107 0.000707107
         vertex -0.0081 0.000707107 0.000707107
      endloop
   endfacet
   facet normal 0 -1 1.60812e-16
      outer loop
         vertex -0.00525 0.001 -1.50402e-19
         vertex -0.00525 0.00092388 0.000382683
         vertex -0.0081 0.00092388 0.000382683
      endloop
   endfacet
   facet normal 0 -0.92388 0.382683
      outer loop
         vertex -0.00525 0.00092388 -0.000382683
         vertex -0.00525 0.001 -1.50402e-19
         vertex -0.0081 0.001 -1.50402e-19
      endloop
   endfacet
   facet normal 0 -0.707107 0.707107
      outer loop
         vertex -0.00525 0.000707107 -0.000707107
         vertex -0.00525 0.00092388 -0.000382683
         vertex -0.0081 0.00092388 -0.000382683
      endloop
   endfacet
   facet normal 0 -0.382683 0.92388
      outer loop
         vertex -0.00525 0.000382683 -0.00092388
         vertex -0.00525 0.000707107 -0.000707107
         vertex -0.0081 0.000707107 -0.000707107
      endloop
   endfacet
   facet normal 0 -1.22465e-16 1
      outer loop
         vertex -0.00525 1.31329e-17 -0.001
         vertex -0.00525 0.000382683 -0.00092388
         vertex -0.0081 0.000382683 -0.00092388
      endloop
   endfacet
   facet normal 0 0.382683 0.92388
      outer loop
         vertex -0.00525 -0.000382683 -0.00092388
         vertex -0.00525 1.31329e-17 -0.001
         vertex -0.0081 1.33778e-17 -0.001
      endloop
   endfacet
   facet normal 0 0.707107 0.707107
      outer loop
         vertex -0.00525 -0.000707107 -0.000707107
         vertex -0.00525 -0.000382683 -0.00092388
         vertex -0.0081 -0.000382683 -0.00092388
      endloop
   endfacet
   facet normal 0 0.92388 0.382683
      outer loop
         vertex -0.00525 -0.00092388 -0.000382683
         vertex -0.00525 -0.000707107 -0.000707107
         vertex -0.0081 -0.000707107 -0.000707107
      endloop
   endfacet
   facet normal 0 1 1.83697e-16
      outer loop
         vertex -0.00525 -0.001 -1.73287e-19
         vertex -0.00525 -0.00092388 -0.000382683
         vertex -0.0081 -0.00092388 -0.000382683
      endloop
   endfacet
   facet normal 0 0.92388 -0.382683
      outer loop
         vertex -0.00525 -0.00092388 0.000382683
         vertex -0.00525 -0.001 -1.73287e-19
         vertex -0.0081 -0.001 -1.73287e-19
      endloop
   endfacet
   facet normal 0 0.707107 -0.707107
      outer loop
         vertex -0.00525 -0.000707107 0.000707107
         vertex -0.00525 -0.00092388 0.000382683
         vertex -0.0081 -0.00092388 0.000382683
      endloop
   endfacet
   facet normal 0 0.382683 -0.92388
      outer loop
         vertex -0.00525 -0.000382683 0.00092388
         vertex -0.00525 -0.000707107 0.000707107
         vertex -0.0081 -0.000707107 0.000707107
      endloop
   endfacet
   facet normal 0 2.44929e-16 -1
      outer loop
         vertex -0.00525 1.30104e-17 0.001
         vertex -0.00525 -0.000382683 0.00092388
         vertex -0.0081 -0.000382683 0.00092388
      endloop
   endfacet
   facet normal 1 0 0
      outer loop
         vertex -0.00525 -0.000382683 0.00092388
         vertex -0.00525 0.003 0.0033
         vertex -0.00525 1.25066e-17 0.0033
      endloop
   endfacet
   facet normal 1 0 0
      outer loop
         vertex -0.00525 -0.00126286 0.0030488
         vertex -0.00525 -0.00233345 0.00233345
         vertex -0.00525 -0.000707107 0.000707107
      endloop
   endfacet
   facet normal 1 0 0
      outer loop
         vertex -0.00525 0.00092388 -0.000382683
         vertex -0.00525 0.0112851 -0.00241489
         vertex -0.00525 0.0106675 -0.000160706
      endloop
   endfacet
   facet normal 1 0 0
      outer loop
         vertex -0.00525 -0.000707107 0.000707107
         vertex -0.00525 -0.000382683 0.00092388
         vertex -0.00525 -0.00126286 0.0030488
      endloop
   endfacet
   facet normal 1 0 0
      outer loop
         vertex -0.00525 -0.000382683 0.00092388
         vertex -0.00525 0.004 0.0033
         vertex -0.00525 0.00338268 0.00337612
      endloop
   endfacet
   facet normal 1 0 0
      outer loop
         vertex -0.00525 -0.0030488 0.00126286
         vertex -0.00525 -0.00092388 0.000382683
         vertex -0.00525 -0.000707107 0.000707107
      endloop
   endfacet
   facet normal 1 0 0
      outer loop
         vertex -0.00525 -0.0030488 0.00126286
         vertex -0.00525 -0.0033 -6.062e-19
         vertex -0.00525 -0.001 -1.73287e-19
      endloop
   endfacet
   facet normal 1 0 0
      outer loop
         vertex -0.00525 -0.0033 -6.062e-19
         vertex -0.00525 -0.0030488 -0.00126286
         vertex -0.00525 -0.00092388 -0.000382683
      endloop
   endfacet
   facet normal 1 0 0
      outer loop
         vertex -0.00525 -0.0030488 -0.00126286
         vertex -0.00525 -0.00233345 -0.00233345
         vertex -0.00525 -0.000707107 -0.000707107
      endloop
   endfacet
   facet normal 1 0 0
      outer loop
         vertex -0.00525 0.00092388 -0.000382683
         vertex -0.00525 0.011391 -0.00276094
         vertex -0.00525 0.0112851 -0.00241489
      endloop
   endfacet
   facet normal 1 0 0
      outer loop
         vertex -0.00525 0.00338268 0.00337612
         vertex -0.00525 0.003 0.0033
         vertex -0.00525 -0.000382683 0.00092388
      endloop
   endfacet
   facet normal 1 0 0
      outer loop
         vertex -0.00525 -0.001 -1.73287e-19
         vertex -0.00525 -0.00092388 0.000382683
         vertex -0.00525 -0.0030488 0.00126286
      endloop
   endfacet
   facet normal 1 0 0
      outer loop
         vertex -0.00525 -0.000707107 -0.000707107
         vertex -0.00525 -0.00092388 -0.000382683
         vertex -0.00525 -0.0030488 -0.00126286
      endloop
   endfacet
   facet normal 1 0 0
      outer loop
         vertex -0.00525 1.38778e-17 -0.0033
         vertex -0.00525 0.0119225 -0.00323451
         vertex -0.00525 0.000707107 -0.000707107
      endloop
   endfacet
   facet normal 1 0 0
      outer loop
         vertex -0.00525 0.00092388 -0.000382683
         vertex -0.00525 0.0116132 -0.00304662
         vertex -0.00525 0.011391 -0.00276094
      endloop
   endfacet
   facet normal 1 0 0
      outer loop
         vertex -0.00525 0.001 -1.50402e-19
         vertex -0.00525 0.00940238 0.00180455
         vertex -0.00525 0.00760616 0.0033
      endloop
   endfacet
   facet normal 1 0 0
      outer loop
         vertex -0.00525 0.004 0.0033
         vertex -0.00525 1.30104e-17 0.001
         vertex -0.00525 0.000382683 0.00092388
      endloop
   endfacet
   facet normal 1 0 0
      outer loop
         vertex -0.00525 0.004 0.0033
         vertex -0.00525 0.00370711 0.00359289
         vertex -0.00525 0.00338268 0.00337612
      endloop
   endfacet
   facet normal 1 0 0
      outer loop
         vertex -0.00525 -0.00092388 -0.000382683
         vertex -0.00525 -0.001 -1.73287e-19
         vertex -0.00525 -0.0033 -6.062e-19
      endloop
   endfacet
   facet normal 1 0 0
      outer loop
         vertex -0.00525 -0.00126286 -0.0030488
         vertex -0.00525 -0.000382683 -0.00092388
         vertex -0.00525 -0.000707107 -0.000707107
      endloop
   endfacet
   facet normal 1 0 0
      outer loop
         vertex -0.00525 -0.00126286 -0.0030488
         vertex -0.00525 1.38778e-17 -0.0033
         vertex -0.00525 1.31329e-17 -0.001
      endloop
   endfacet
   facet normal 1 0 0
      outer loop
         vertex -0.00525 1.38778e-17 -0.0033
         vertex -0.00525 0.0122785 -0.0033
         vertex -0.00525 0.0119225 -0.00323451
      endloop
   endfacet
   facet normal 1 0 0
      outer loop
         vertex -0.00525 0.00092388 -0.000382683
         vertex -0.00525 0.0119225 -0.00323451
         vertex -0.00525 0.0116132 -0.00304662
      endloop
   endfacet
   facet normal 1 0 0
      outer loop
         vertex -0.00525 0.001 -1.50402e-19
         vertex -0.00525 0.0106675 -0.000160706
         vertex -0.00525 0.00940238 0.00180455
      endloop
   endfacet
   facet normal 1 0 0
      outer loop
         vertex -0.00525 0.00092388 0.000382683
         vertex -0.00525 0.00760616 0.0033
         vertex -0.00525 0.004 0.0033
      endloop
   endfacet
   facet normal 1 0 0
      outer loop
         vertex -0.00525 0.004 0.0033
         vertex -0.00525 -0.000382683 0.00092388
         vertex -0.00525 1.30104e-17 0.001
      endloop
   endfacet
   facet normal 1 0 0
      outer loop
         vertex -0.00525 -0.000707107 0.000707107
         vertex -0.00525 -0.00233345 0.00233345
         vertex -0.00525 -0.0030488 0.00126286
      endloop
   endfacet
   facet normal 1 0 0
      outer loop
         vertex -0.00525 1.31329e-17 -0.001
         vertex -0.00525 -0.000382683 -0.00092388
         vertex -0.00525 -0.00126286 -0.0030488
      endloop
   endfacet
   facet normal 1 0 0
      outer loop
         vertex -0.00525 0.0119225 -0.00323451
         vertex -0.00525 0.00092388 -0.000382683
         vertex -0.00525 0.000707107 -0.000707107
      endloop
   endfacet
   facet normal 1 0 0
      outer loop
         vertex -0.00525 0.00760616 0.0033
         vertex -0.00525 0.00092388 0.000382683
         vertex -0.00525 0.001 -1.50402e-19
      endloop
   endfacet
   facet normal 1 0 0
      outer loop
         vertex -0.00525 0.000382683 0.00092388
         vertex -0.00525 0.000707107 0.000707107
         vertex -0.00525 0.004 0.0033
      endloop
   endfacet
   facet normal 1 0 0
      outer loop
         vertex -0.00525 -0.000707107 -0.000707107
         vertex -0.00525 -0.00233345 -0.00233345
         vertex -0.00525 -0.00126286 -0.0030488
      endloop
   endfacet
   facet normal 1 0 0
      outer loop
         vertex -0.00525 0.004 0.0033
         vertex -0.00525 0.004 0.0043
         vertex -0.00525 0.00392388 0.00391732
      endloop
   endfacet
   facet normal 1 0 0
      outer loop
         vertex -0.00525 0.000707107 -0.000707107
         vertex -0.00525 0.000382683 -0.00092388
         vertex -0.00525 1.38778e-17 -0.0033
      endloop
   endfacet
   facet normal 1 0 0
      outer loop
         vertex -0.00525 0.004 0.0033
         vertex -0.00525 0.000707107 0.000707107
         vertex -0.00525 0.00092388 0.000382683
      endloop
   endfacet
   facet normal 1 0 0
      outer loop
         vertex -0.00525 0.00392388 0.00391732
         vertex -0.00525 0.00370711 0.00359289
         vertex -0.00525 0.004 0.0033
      endloop
   endfacet
   facet normal 1 0 0
      outer loop
         vertex -0.00525 0.0106675 -0.000160706
         vertex -0.00525 0.001 -1.50402e-19
         vertex -0.00525 0.00092388 -0.000382683
      endloop
   endfacet
   facet normal 1 0 0
      outer loop
         vertex -0.00525 0.000382683 -0.00092388
         vertex -0.00525 1.31329e-17 -0.001
         vertex -0.00525 1.38778e-17 -0.0033
      endloop
   endfacet
   facet normal 1 0 0
      outer loop
         vertex -0.00525 1.25066e-17 0.0033
         vertex -0.00525 -0.00126286 0.0030488
         vertex -0.00525 -0.000382683 0.00092388
      endloop
   endfacet
   facet normal 0 -2.1684e-16 1
      outer loop
         vertex -0.00525 1.25066e-17 0.0033
         vertex -0.00525 0.003 0.0033
         vertex -0.0081 0.003 0.0033
      endloop
   endfacet
   facet normal 0 -2.1684e-16 1
      outer loop
         vertex -0.0081 0.003 0.0033
         vertex -0.0081 1.25066e-17 0.0033
         vertex -0.00525 1.25066e-17 0.0033
      endloop
   endfacet
   facet normal 0 -0.92388 0.382683
      outer loop
         vertex -0.00525 0.00392388 0.00391732
         vertex -0.00525 0.004 0.0043
         vertex -0.0081 0.004 0.0043
      endloop
   endfacet
   facet normal 0 -0.707107 0.707107
      outer loop
         vertex -0.00525 0.00370711 0.00359289
         vertex -0.00525 0.00392388 0.00391732
         vertex -0.0081 0.00392388 0.00391732
      endloop
   endfacet
   facet normal 0 -0.382683 0.92388
      outer loop
         vertex -0.00525 0.00338268 0.00337612
         vertex -0.00525 0.00370711 0.00359289
         vertex -0.0081 0.00370711 0.00359289
      endloop
   endfacet
   facet normal 0 0 1
      outer loop
         vertex -0.00525 0.003 0.0033
         vertex -0.00525 0.00338268 0.00337612
         vertex -0.0081 0.00338268 0.00337612
      endloop
   endfacet
   facet normal 0 -0.382683 0.92388
      outer loop
         vertex -0.0081 0.00338268 0.00337612
         vertex -0.0081 0.003 0.0033
         vertex -0.00525 0.003 0.0033
      endloop
   endfacet
   facet normal 0 -0.707107 0.707107
      outer loop
         vertex -0.0081 0.00370711 0.00359289
         vertex -0.0081 0.00338268 0.00337612
         vertex -0.00525 0.00338268 0.00337612
      endloop
   endfacet
   facet normal 0 -0.92388 0.382683
      outer loop
         vertex -0.0081 0.00392388 0.00391732
         vertex -0.0081 0.00370711 0.00359289
         vertex -0.00525 0.00370711 0.00359289
      endloop
   endfacet
   facet normal 0 -1 6.12323e-17
      outer loop
         vertex -0.0081 0.004 0.0043
         vertex -0.0081 0.00392388 0.00391732
         vertex -0.00525 0.00392388 0.00391732
      endloop
   endfacet
   facet normal 0 -0.92388 -0.382683
      outer loop
         vertex -0.0081 -0.0030488 -0.00126286
         vertex -0.00525 -0.0030488 -0.00126286
         vertex -0.00525 -0.0033 -6.062e-19
      endloop
   endfacet
   facet normal 0 -1 -1.83697e-16
      outer loop
         vertex -0.0081 -0.0033 -6.062e-19
         vertex -0.00525 -0.0033 -6.062e-19
         vertex -0.00525 -0.0030488 0.00126286
      endloop
   endfacet
   facet normal 0 -0.92388 0.382683
      outer loop
         vertex -0.00525 -0.0030488 0.00126286
         vertex -0.00525 -0.00233345 0.00233345
         vertex -0.0081 -0.00268989 0.0018
      endloop
   endfacet
   facet normal 0 -0.707107 0.707107
      outer loop
         vertex -0.00525 -0.00233345 0.00233345
         vertex -0.0081 -0.00233345 0.00233345
         vertex -0.0081 -0.00268989 0.0018
      endloop
   endfacet
   facet normal 0 -0.707107 0.707107
      outer loop
         vertex -0.0081 -0.00233345 0.00233345
         vertex -0.00525 -0.00233345 0.00233345
         vertex -0.00525 -0.00126286 0.0030488
      endloop
   endfacet
   facet normal 0 -0.382683 0.92388
      outer loop
         vertex -0.0081 -0.00126286 0.0030488
         vertex -0.00525 -0.00126286 0.0030488
         vertex -0.00525 1.25066e-17 0.0033
      endloop
   endfacet
   facet normal 0 -0.92388 -0.382683
      outer loop
         vertex -0.00525 -0.0030488 -0.00126286
         vertex -0.0081 -0.00276586 -0.0018
         vertex -0.00756655 -0.00233345 -0.00233345
      endloop
   endfacet
   facet normal 0 -0.92388 -0.382683
      outer loop
         vertex -0.00525 -0.0030488 -0.00126286
         vertex -0.0081 -0.0030488 -0.00126286
         vertex -0.0081 -0.00276586 -0.0018
      endloop
   endfacet
   facet normal 0 -0.707107 -0.707107
      outer loop
         vertex -0.00525 -0.00233345 -0.00233345
         vertex -0.00715615 -0.00183338 -0.00274385
         vertex -0.0068512 -0.00126286 -0.0030488
      endloop
   endfacet
   facet normal 0 -0.707107 -0.707107
      outer loop
         vertex -0.00525 -0.00233345 -0.00233345
         vertex -0.00756655 -0.00233345 -0.00233345
         vertex -0.00715615 -0.00183338 -0.00274385
      endloop
   endfacet
   facet normal 0 1.22465e-16 -1
      outer loop
         vertex -0.00525 1.38778e-17 -0.0033
         vertex -0.00525 -0.00126286 -0.0030488
         vertex -0.00666341 -0.000643798 -0.00323659
      endloop
   endfacet
   facet normal 0 -0.382683 -0.92388
      outer loop
         vertex -0.00525 -0.00126286 -0.0030488
         vertex -0.0068512 -0.00126286 -0.0030488
         vertex -0.00666341 -0.000643798 -0.00323659
      endloop
   endfacet
   facet normal 0 -0.19509 -0.980785
      outer loop
         vertex -0.00666341 -0.000643798 -0.00323659
         vertex -0.0066 1.38778e-17 -0.0033
         vertex -0.00525 1.38778e-17 -0.0033
      endloop
   endfacet
   facet normal 0 -0.382683 -0.92388
      outer loop
         vertex -0.0068512 -0.00126286 -0.0030488
         vertex -0.00525 -0.00126286 -0.0030488
         vertex -0.00525 -0.00233345 -0.00233345
      endloop
   endfacet
   facet normal 0 -0.707107 -0.707107
      outer loop
         vertex -0.00756655 -0.00233345 -0.00233345
         vertex -0.00525 -0.00233345 -0.00233345
         vertex -0.00525 -0.0030488 -0.00126286
      endloop
   endfacet
   facet normal 0 -2.44929e-16 1
      outer loop
         vertex -0.00525 1.25066e-17 0.0033
         vertex -0.0081 1.25066e-17 0.0033
         vertex -0.0081 -0.00126286 0.0030488
      endloop
   endfacet
   facet normal 0 -0.382683 0.92388
      outer loop
         vertex -0.00525 -0.00126286 0.0030488
         vertex -0.0081 -0.00126286 0.0030488
         vertex -0.0081 -0.00233345 0.00233345
      endloop
   endfacet
   facet normal 0 -0.831088 0.556141
      outer loop
         vertex -0.0081 -0.00268989 0.0018
         vertex -0.0081 -0.0030488 0.00126286
         vertex -0.00525 -0.0030488 0.00126286
      endloop
   endfacet
   facet normal 0 -0.92388 0.382683
      outer loop
         vertex -0.00525 -0.0030488 0.00126286
         vertex -0.0081 -0.0030488 0.00126286
         vertex -0.0081 -0.0033 -6.062e-19
      endloop
   endfacet
   facet normal 0 -1 -1.83697e-16
      outer loop
         vertex -0.00525 -0.0033 -6.062e-19
         vertex -0.0081 -0.0033 -6.062e-19
         vertex -0.0081 -0.0030488 -0.00126286
      endloop
   endfacet
   facet normal -0.707107 1.72617e-16 -0.707107
      outer loop
         vertex -0.00800206 0.0546533 -0.00189794
         vertex -0.0067663 0.0531248 -0.0031337
         vertex -0.00664187 0.0526393 -0.00325813
      endloop
   endfacet
   facet normal -0.707107 1.72617e-16 -0.707107
      outer loop
         vertex -0.00664187 0.0526393 -0.00325813
         vertex -0.0066 0.0521399 -0.0033
         vertex -0.00800206 0.0546533 -0.00189794
      endloop
   endfacet
   facet normal -0.707107 1.72617e-16 -0.707107
      outer loop
         vertex -0.0066 1.38778e-17 -0.0033
         vertex -0.00666341 -0.000643798 -0.00323659
         vertex -0.0068512 -0.00126286 -0.0030488
      endloop
   endfacet
   facet normal -0.707107 1.72617e-16 -0.707107
      outer loop
         vertex -0.0081 0.025 -0.0018
         vertex -0.0081 0.054738 -0.0018
         vertex -0.00800206 0.0546533 -0.00189794
      endloop
   endfacet
   facet normal -0.707107 1.72617e-16 -0.707107
      outer loop
         vertex -0.00715615 -0.00183338 -0.00274385
         vertex -0.0081 0.025 -0.0018
         vertex -0.0066 1.38778e-17 -0.0033
      endloop
   endfacet
   facet normal -0.707107 1.72617e-16 -0.707107
      outer loop
         vertex -0.0066 0.0521399 -0.0033
         vertex -0.0066 1.38778e-17 -0.0033
         vertex -0.0081 0.025 -0.0018
      endloop
   endfacet
   facet normal -0.707107 1.72617e-16 -0.707107
      outer loop
         vertex -0.0068512 -0.00126286 -0.0030488
         vertex -0.00715615 -0.00183338 -0.00274385
         vertex -0.0066 1.38778e-17 -0.0033
      endloop
   endfacet
   facet normal -0.707107 1.72617e-16 -0.707107
      outer loop
         vertex -0.0066 0.0521399 -0.0033
         vertex -0.0081 0.025 -0.0018
         vertex -0.00800206 0.0546533 -0.00189794
      endloop
   endfacet
   facet normal -0.707107 1.72617e-16 -0.707107
      outer loop
         vertex -0.00715615 -0.00183338 -0.00274385
         vertex -0.00756655 -0.00233345 -0.00233345
         vertex -0.0081 0.025 -0.0018
      endloop
   endfacet
   facet normal -0.707107 1.72617e-16 -0.707107
      outer loop
         vertex -0.00756655 -0.00233345 -0.00233345
         vertex -0.0081 -0.00276586 -0.0018
         vertex -0.0081 0.025 -0.0018
      endloop
   endfacet
   facet normal -0.707107 1.72617e-16 -0.707107
      outer loop
         vertex -0.00800206 0.0546533 -0.00189794
         vertex -0.00724675 0.0540006 -0.00265325
         vertex -0.0067663 0.0531248 -0.0031337
      endloop
   endfacet
   facet normal 0 -0.913215 -0.407478
      outer loop
         vertex -0.00525 0.0106675 -0.000160706
         vertex -0.00525 0.0112851 -0.00241489
         vertex -0.00325 0.0112851 -0.00241489
      endloop
   endfacet
   facet normal 0 -0.749003 -0.662567
      outer loop
         vertex -0.00525 0.00940238 0.00180455
         vertex -0.00525 0.0106675 -0.000160706
         vertex -0.00325 0.0106675 -0.000160706
      endloop
   endfacet
   facet normal 0 -0.515855 -0.856676
      outer loop
         vertex -0.00525 0.00760616 0.0033
         vertex -0.00525 0.00940238 0.00180455
         vertex -0.00325 0.00940238 0.00180455
      endloop
   endfacet
   facet normal 0 -0.749003 -0.662567
      outer loop
         vertex -0.00325 0.00940238 0.00180455
         vertex -0.00325 0.00760616 0.0033
         vertex -0.00525 0.00760616 0.0033
      endloop
   endfacet
   facet normal 0 -0.913215 -0.407478
      outer loop
         vertex -0.00325 0.0106675 -0.000160706
         vertex -0.00325 0.00940238 0.00180455
         vertex -0.00525 0.00940238 0.00180455
      endloop
   endfacet
   facet normal 0 -0.993379 -0.114887
      outer loop
         vertex -0.00325 0.0112851 -0.00241489
         vertex -0.00325 0.0106675 -0.000160706
         vertex -0.00525 0.0106675 -0.000160706
      endloop
   endfacet
   facet normal 0 1.22465e-16 -1
      outer loop
         vertex -0.00525 0.0122785 -0.0033
         vertex -0.00325 0.0122785 -0.0033
         vertex -0.00325 0.0119225 -0.00323451
      endloop
   endfacet
   facet normal 0 -0.355934 -0.934511
      outer loop
         vertex -0.00525 0.0119225 -0.00323451
         vertex -0.00325 0.0119225 -0.00323451
         vertex -0.00325 0.0116132 -0.00304662
      endloop
   endfacet
   facet normal 0 -0.665249 -0.746621
      outer loop
         vertex -0.00525 0.0116132 -0.00304662
         vertex -0.00325 0.0116132 -0.00304662
         vertex -0.00325 0.011391 -0.00276094
      endloop
   endfacet
   facet normal 0 -0.887431 -0.460941
      outer loop
         vertex -0.00525 0.011391 -0.00276094
         vertex -0.00325 0.011391 -0.00276094
         vertex -0.00325 0.0112851 -0.00241489
      endloop
   endfacet
   facet normal 0 -0.993379 -0.114887
      outer loop
         vertex -0.00325 0.0112851 -0.00241489
         vertex -0.00525 0.0112851 -0.00241489
         vertex -0.00525 0.011391 -0.00276094
      endloop
   endfacet
   facet normal 0 -0.887431 -0.460941
      outer loop
         vertex -0.00325 0.011391 -0.00276094
         vertex -0.00525 0.011391 -0.00276094
         vertex -0.00525 0.0116132 -0.00304662
      endloop
   endfacet
   facet normal 0 -0.665249 -0.746621
      outer loop
         vertex -0.00325 0.0116132 -0.00304662
         vertex -0.00525 0.0116132 -0.00304662
         vertex -0.00525 0.0119225 -0.00323451
      endloop
   endfacet
   facet normal 0 -0.355934 -0.934511
      outer loop
         vertex -0.00325 0.0119225 -0.00323451
         vertex -0.00525 0.0119225 -0.00323451
         vertex -0.00525 0.0122785 -0.0033
      endloop
   endfacet
   facet normal 0 2.44117e-16 -1
      outer loop
         vertex -0.00325 0.0122785 -0.0033
         vertex -0.00525 0.0122785 -0.0033
         vertex -0.00525 0.0483161 -0.0033
      endloop
   endfacet
   facet normal 0 2.44117e-16 -1
      outer loop
         vertex -0.0066 0.0521399 -0.0033
         vertex -0.00525 0.0521399 -0.0033
         vertex -0.00525 0.0483161 -0.0033
      endloop
   endfacet
   facet normal 0 2.44117e-16 -1
      outer loop
         vertex -0.0066 1.38778e-17 -0.0033
         vertex -0.0066 0.0521399 -0.0033
         vertex -0.00525 0.0122785 -0.0033
      endloop
   endfacet
   facet normal 0 2.44117e-16 -1
      outer loop
         vertex -0.00525 0.0483161 -0.0033
         vertex -0.00525 0.0122785 -0.0033
         vertex -0.0066 0.0521399 -0.0033
      endloop
   endfacet
   facet normal 0 2.44117e-16 -1
      outer loop
         vertex -0.00525 0.0483161 -0.0033
         vertex -0.00325 0.0483161 -0.0033
         vertex -0.00325 0.0122785 -0.0033
      endloop
   endfacet
   facet normal 0 2.44117e-16 -1
      outer loop
         vertex -0.00525 0.0122785 -0.0033
         vertex -0.00525 1.38778e-17 -0.0033
         vertex -0.0066 1.38778e-17 -0.0033
      endloop
   endfacet
   facet normal 0 0.973045 -0.230616
      outer loop
         vertex -0.00525 0.055059 -0.000991848
         vertex -0.0081 0.055059 -0.000991848
         vertex -0.0081 0.0551244 4.90523e-06
      endloop
   endfacet
   facet normal 0 0.994822 0.101635
      outer loop
         vertex -0.00525 0.0551244 4.90523e-06
         vertex -0.0081 0.0551244 4.90523e-06
         vertex -0.0081 0.0548588 0.000967855
      endloop
   endfacet
   facet normal 0 0 -1
      outer loop
         vertex -0.00525 0.0521399 -0.0033
         vertex -0.0066 0.0521399 -0.0033
         vertex -0.00664187 0.0526393 -0.00325813
      endloop
   endfacet
   facet normal 0 0.166482 -0.986045
      outer loop
         vertex -0.00664187 0.0526393 -0.00325813
         vertex -0.00525 0.0531248 -0.0031337
         vertex -0.00525 0.0521399 -0.0033
      endloop
   endfacet
   facet normal 0 0.620235 -0.784416
      outer loop
         vertex -0.00525 0.0540006 -0.00265325
         vertex -0.00525 0.0531248 -0.0031337
         vertex -0.0067663 0.0531248 -0.0031337
      endloop
   endfacet
   facet normal 0 0.843391 -0.5373
      outer loop
         vertex -0.00525 0.0546701 -0.0019119
         vertex -0.00525 0.0540006 -0.00265325
         vertex -0.00724675 0.0540006 -0.00265325
      endloop
   endfacet
   facet normal 0 0.973045 -0.230616
      outer loop
         vertex -0.00525 0.055059 -0.000991848
         vertex -0.00525 0.0546701 -0.0019119
         vertex -0.00800206 0.0546533 -0.00189794
      endloop
   endfacet
   facet normal 0 0.843892 -0.536513
      outer loop
         vertex -0.00800206 0.0546533 -0.00189794
         vertex -0.0081 0.054738 -0.0018
         vertex -0.00525 0.055059 -0.000991848
      endloop
   endfacet
   facet normal 0 0.866025 -0.5
      outer loop
         vertex -0.0081 0.054738 -0.0018
         vertex -0.0081 0.055059 -0.000991848
         vertex -0.00525 0.055059 -0.000991848
      endloop
   endfacet
   facet normal 0 0.620235 -0.784416
      outer loop
         vertex -0.00724675 0.0540006 -0.00265325
         vertex -0.00800206 0.0546533 -0.00189794
         vertex -0.00525 0.0546701 -0.0019119
      endloop
   endfacet
   facet normal 0 0.328317 -0.944568
      outer loop
         vertex -0.0067663 0.0531248 -0.0031337
         vertex -0.00724675 0.0540006 -0.00265325
         vertex -0.00525 0.0540006 -0.00265325
      endloop
   endfacet
   facet normal 0 0.166482 -0.986045
      outer loop
         vertex -0.00664187 0.0526393 -0.00325813
         vertex -0.0067663 0.0531248 -0.0031337
         vertex -0.00525 0.0531248 -0.0031337
      endloop
   endfacet
   facet normal 0 0.906308 0.422618
      outer loop
         vertex -0.0081 0.0548588 0.000967855
         vertex -0.00525 0.0548588 0.000967855
         vertex -0.00525 0.0551244 4.90523e-06
      endloop
   endfacet
   facet normal 0 0.994822 0.101635
      outer loop
         vertex -0.0081 0.0551244 4.90523e-06
         vertex -0.00525 0.0551244 4.90523e-06
         vertex -0.00525 0.055059 -0.000991848
      endloop
   endfacet
   facet normal 0 0.840167 0.542328
      outer loop
         vertex -0.00525 0.0491563 -0.00175767
         vertex -0.00325 0.0491563 -0.00175767
         vertex -0.00325 0.0492929 -0.0020858
      endloop
   endfacet
   facet normal 0 0.97679 0.2142
      outer loop
         vertex -0.00525 0.0492929 -0.0020858
         vertex -0.00325 0.0492929 -0.0020858
         vertex -0.00325 0.0493061 -0.00244099
      endloop
   endfacet
   facet normal 0 0.990011 -0.14099
      outer loop
         vertex -0.00525 0.0493061 -0.00244099
         vertex -0.00325 0.0493061 -0.00244099
         vertex -0.00325 0.0491943 -0.00277837
      endloop
   endfacet
   facet normal 0 0.87816 -0.478368
      outer loop
         vertex -0.00525 0.0491943 -0.00277837
         vertex -0.00325 0.0491943 -0.00277837
         vertex -0.00325 0.0489715 -0.00305531
      endloop
   endfacet
   facet normal 0 0.655366 -0.755311
      outer loop
         vertex -0.00525 0.0489715 -0.00305531
         vertex -0.00325 0.0489715 -0.00305531
         vertex -0.00325 0.0486659 -0.00323683
      endloop
   endfacet
   facet normal 0 0.349778 -0.936833
      outer loop
         vertex -0.00525 0.0486659 -0.00323683
         vertex -0.00325 0.0486659 -0.00323683
         vertex -0.00325 0.0483161 -0.0033
      endloop
   endfacet
   facet normal 0 1.22465e-16 -1
      outer loop
         vertex -0.00325 0.0483161 -0.0033
         vertex -0.00525 0.0483161 -0.0033
         vertex -0.00525 0.0486659 -0.00323683
      endloop
   endfacet
   facet normal 0 0.349778 -0.936833
      outer loop
         vertex -0.00325 0.0486659 -0.00323683
         vertex -0.00525 0.0486659 -0.00323683
         vertex -0.00525 0.0489715 -0.00305531
      endloop
   endfacet
   facet normal 0 0.655366 -0.755311
      outer loop
         vertex -0.00325 0.0489715 -0.00305531
         vertex -0.00525 0.0489715 -0.00305531
         vertex -0.00525 0.0491943 -0.00277837
      endloop
   endfacet
   facet normal 0 0.87816 -0.478368
      outer loop
         vertex -0.00325 0.0491943 -0.00277837
         vertex -0.00525 0.0491943 -0.00277837
         vertex -0.00525 0.0493061 -0.00244099
      endloop
   endfacet
   facet normal 0 0.990011 -0.14099
      outer loop
         vertex -0.00325 0.0493061 -0.00244099
         vertex -0.00525 0.0493061 -0.00244099
         vertex -0.00525 0.0492929 -0.0020858
      endloop
   endfacet
   facet normal 0 0.97679 0.2142
      outer loop
         vertex -0.00325 0.0492929 -0.0020858
         vertex -0.00525 0.0492929 -0.0020858
         vertex -0.00525 0.0491563 -0.00175767
      endloop
   endfacet
   facet normal 0 0.840167 0.542328
      outer loop
         vertex -0.00325 0.0421175 0.00914671
         vertex -0.00325 0.0491563 -0.00175767
         vertex -0.00525 0.0491563 -0.00175767
      endloop
   endfacet
   facet normal 0 0.840167 0.542328
      outer loop
         vertex -0.00525 0.0491563 -0.00175767
         vertex -0.00525 0.0421175 0.00914671
         vertex -0.00325 0.0421175 0.00914671
      endloop
   endfacet
   facet normal 1 0 0
      outer loop
         vertex -0.00525 0.0546701 -0.0019119
         vertex -0.00525 0.055059 -0.000991848
         vertex -0.00525 0.0529239 -0.000382683
      endloop
   endfacet
   facet normal 1 0 0
      outer loop
         vertex -0.00525 0.0512929 -0.000707107
         vertex -0.00525 0.0492929 -0.0020858
         vertex -0.00525 0.0493061 -0.00244099
      endloop
   endfacet
   facet normal 1 0 0
      outer loop
         vertex -0.00525 0.0540006 -0.00265325
         vertex -0.00525 0.0527071 -0.000707107
         vertex -0.00525 0.0523827 -0.00092388
      endloop
   endfacet
   facet normal 1 0 0
      outer loop
         vertex -0.00525 0.0527071 -0.000707107
         vertex -0.00525 0.0540006 -0.00265325
         vertex -0.00525 0.0546701 -0.0019119
      endloop
   endfacet
   facet normal 1 0 0
      outer loop
         vertex -0.00525 0.0509665 0.00931504
         vertex -0.00525 0.0523827 0.00092388
         vertex -0.00525 0.0527071 0.000707107
      endloop
   endfacet
   facet normal 1 0 0
      outer loop
         vertex -0.00525 0.0421175 0.00914671
         vertex -0.00525 0.0512929 0.000707107
         vertex -0.00525 0.0516173 0.00092388
      endloop
   endfacet
   facet normal 1 0 0
      outer loop
         vertex -0.00525 0.0493061 -0.00244099
         vertex -0.00525 0.0491943 -0.00277837
         vertex -0.00525 0.0512929 -0.000707107
      endloop
   endfacet
   facet normal 1 0 0
      outer loop
         vertex -0.00525 0.0512929 -0.000707107
         vertex -0.00525 0.0510761 -0.000382683
         vertex -0.00525 0.0491563 -0.00175767
      endloop
   endfacet
   facet normal 1 0 0
      outer loop
         vertex -0.00525 0.0521399 -0.0033
         vertex -0.00525 0.052 -0.001
         vertex -0.00525 0.0516173 -0.00092388
      endloop
   endfacet
   facet normal 1 0 0
      outer loop
         vertex -0.00525 0.0531248 -0.0031337
         vertex -0.00525 0.0523827 -0.00092388
         vertex -0.00525 0.052 -0.001
      endloop
   endfacet
   facet normal 1 0 0
      outer loop
         vertex -0.00525 0.0529239 -0.000382683
         vertex -0.00525 0.0527071 -0.000707107
         vertex -0.00525 0.0546701 -0.0019119
      endloop
   endfacet
   facet normal 1 0 0
      outer loop
         vertex -0.00525 0.055059 -0.000991848
         vertex -0.00525 0.0551244 4.90523e-06
         vertex -0.00525 0.053 7.11036e-18
      endloop
   endfacet
   facet normal 1 0 0
      outer loop
         vertex -0.00525 0.0548588 0.000967855
         vertex -0.00525 0.0529239 0.000382683
         vertex -0.00525 0.053 7.11036e-18
      endloop
   endfacet
   facet normal 1 0 0
      outer loop
         vertex -0.00525 0.0527071 0.000707107
         vertex -0.00525 0.0548588 0.000967855
         vertex -0.00525 0.0509665 0.00931504
      endloop
   endfacet
   facet normal 1 0 0
      outer loop
         vertex -0.00525 0.0516173 0.00092388
         vertex -0.00525 0.052 0.001
         vertex -0.00525 0.0509665 0.00931504
      endloop
   endfacet
   facet normal 1 0 0
      outer loop
         vertex -0.00525 0.0421175 0.00914671
         vertex -0.00525 0.0510761 0.000382683
         vertex -0.00525 0.0512929 0.000707107
      endloop
   endfacet
   facet normal 1 0 0
      outer loop
         vertex -0.00525 0.0491563 -0.00175767
         vertex -0.00525 0.0492929 -0.0020858
         vertex -0.00525 0.0512929 -0.000707107
      endloop
   endfacet
   facet normal 1 0 0
      outer loop
         vertex -0.00525 0.0516173 -0.00092388
         vertex -0.00525 0.0489715 -0.00305531
         vertex -0.00525 0.0521399 -0.0033
      endloop
   endfacet
   facet normal 1 0 0
      outer loop
         vertex -0.00525 0.0523827 -0.00092388
         vertex -0.00525 0.0531248 -0.0031337
         vertex -0.00525 0.0540006 -0.00265325
      endloop
   endfacet
   facet normal 1 0 0
      outer loop
         vertex -0.00525 0.053 7.11036e-18
         vertex -0.00525 0.0551244 4.90523e-06
         vertex -0.00525 0.0548588 0.000967855
      endloop
   endfacet
   facet normal 1 0 0
      outer loop
         vertex -0.00525 0.0509665 0.00931504
         vertex -0.00525 0.052 0.001
         vertex -0.00525 0.0523827 0.00092388
      endloop
   endfacet
   facet normal 1 0 0
      outer loop
         vertex -0.00525 0.0516173 0.00092388
         vertex -0.00525 0.0491352 0.00931504
         vertex -0.00525 0.0421175 0.00914671
      endloop
   endfacet
   facet normal 1 0 0
      outer loop
         vertex -0.00525 0.0421175 0.00914671
         vertex -0.00525 0.0491563 -0.00175767
         vertex -0.00525 0.051 7.08748e-18
      endloop
   endfacet
   facet normal 1 0 0
      outer loop
         vertex -0.00525 0.0489715 -0.00305531
         vertex -0.00525 0.0516173 -0.00092388
         vertex -0.00525 0.0512929 -0.000707107
      endloop
   endfacet
   facet normal 1 0 0
      outer loop
         vertex -0.00525 0.0489715 -0.00305531
         vertex -0.00525 0.0486659 -0.00323683
         vertex -0.00525 0.0521399 -0.0033
      endloop
   endfacet
   facet normal 1 0 0
      outer loop
         vertex -0.00525 0.053 7.11036e-18
         vertex -0.00525 0.0529239 -0.000382683
         vertex -0.00525 0.055059 -0.000991848
      endloop
   endfacet
   facet normal 1 0 0
      outer loop
         vertex -0.00525 0.0509665 0.00931504
         vertex -0.00525 0.0491352 0.00931504
         vertex -0.00525 0.0516173 0.00092388
      endloop
   endfacet
   facet normal 1 0 0
      outer loop
         vertex -0.00525 0.0491563 -0.00175767
         vertex -0.00525 0.0510761 -0.000382683
         vertex -0.00525 0.051 7.08748e-18
      endloop
   endfacet
   facet normal 1 0 0
      outer loop
         vertex -0.00525 0.0486659 -0.00323683
         vertex -0.00525 0.0483161 -0.0033
         vertex -0.00525 0.0521399 -0.0033
      endloop
   endfacet
   facet normal 1 0 0
      outer loop
         vertex -0.00525 0.0527071 0.000707107
         vertex -0.00525 0.0529239 0.000382683
         vertex -0.00525 0.0548588 0.000967855
      endloop
   endfacet
   facet normal 1 0 0
      outer loop
         vertex -0.00525 0.0491943 -0.00277837
         vertex -0.00525 0.0489715 -0.00305531
         vertex -0.00525 0.0512929 -0.000707107
      endloop
   endfacet
   facet normal 1 0 0
      outer loop
         vertex -0.00525 0.051 7.08748e-18
         vertex -0.00525 0.0510761 0.000382683
         vertex -0.00525 0.0421175 0.00914671
      endloop
   endfacet
   facet normal 1 0 0
      outer loop
         vertex -0.00525 0.052 -0.001
         vertex -0.00525 0.0521399 -0.0033
         vertex -0.00525 0.0531248 -0.0031337
      endloop
   endfacet
   facet normal 0 0.382683 -0.92388
      outer loop
         vertex -0.0081 0.0516173 0.00092388
         vertex -0.0081 0.052 0.001
         vertex -0.00525 0.052 0.001
      endloop
   endfacet
   facet normal 0 0.707107 -0.707107
      outer loop
         vertex -0.0081 0.0512929 0.000707107
         vertex -0.0081 0.0516173 0.00092388
         vertex -0.00525 0.0516173 0.00092388
      endloop
   endfacet
   facet normal 0 0.92388 -0.382683
      outer loop
         vertex -0.0081 0.0510761 0.000382683
         vertex -0.0081 0.0512929 0.000707107
         vertex -0.00525 0.0512929 0.000707107
      endloop
   endfacet
   facet normal 0 1 1.83697e-16
      outer loop
         vertex -0.0081 0.051 7.08748e-18
         vertex -0.0081 0.0510761 0.000382683
         vertex -0.00525 0.0510761 0.000382683
      endloop
   endfacet
   facet normal 0 0.92388 0.382683
      outer loop
         vertex -0.0081 0.0510761 -0.000382683
         vertex -0.0081 0.051 7.08748e-18
         vertex -0.00525 0.051 7.08748e-18
      endloop
   endfacet
   facet normal 0 0.707107 0.707107
      outer loop
         vertex -0.0081 0.0512929 -0.000707107
         vertex -0.0081 0.0510761 -0.000382683
         vertex -0.00525 0.0510761 -0.000382683
      endloop
   endfacet
   facet normal 0 0.382683 0.92388
      outer loop
         vertex -0.0081 0.0516173 -0.00092388
         vertex -0.0081 0.0512929 -0.000707107
         vertex -0.00525 0.0512929 -0.000707107
      endloop
   endfacet
   facet normal 0 -1.22465e-16 1
      outer loop
         vertex -0.0081 0.052 -0.001
         vertex -0.0081 0.0516173 -0.00092388
         vertex -0.00525 0.0516173 -0.00092388
      endloop
   endfacet
   facet normal 0 -0.382683 0.92388
      outer loop
         vertex -0.0081 0.0523827 -0.00092388
         vertex -0.0081 0.052 -0.001
         vertex -0.00525 0.052 -0.001
      endloop
   endfacet
   facet normal 0 -0.707107 0.707107
      outer loop
         vertex -0.0081 0.0527071 -0.000707107
         vertex -0.0081 0.0523827 -0.00092388
         vertex -0.00525 0.0523827 -0.00092388
      endloop
   endfacet
   facet normal 0 -0.92388 0.382683
      outer loop
         vertex -0.0081 0.0529239 -0.000382683
         vertex -0.0081 0.0527071 -0.000707107
         vertex -0.00525 0.0527071 -0.000707107
      endloop
   endfacet
   facet normal 0 -1 1.60812e-16
      outer loop
         vertex -0.0081 0.053 7.11036e-18
         vertex -0.0081 0.0529239 -0.000382683
         vertex -0.00525 0.0529239 -0.000382683
      endloop
   endfacet
   facet normal 0 -0.92388 -0.382683
      outer loop
         vertex -0.0081 0.0529239 0.000382683
         vertex -0.0081 0.053 7.11036e-18
         vertex -0.00525 0.053 7.11036e-18
      endloop
   endfacet
   facet normal 0 -0.707107 -0.707107
      outer loop
         vertex -0.0081 0.0527071 0.000707107
         vertex -0.0081 0.0529239 0.000382683
         vertex -0.00525 0.0529239 0.000382683
      endloop
   endfacet
   facet normal 0 -0.382683 -0.92388
      outer loop
         vertex -0.0081 0.0523827 0.00092388
         vertex -0.0081 0.0527071 0.000707107
         vertex -0.00525 0.0527071 0.000707107
      endloop
   endfacet
   facet normal 0 2.44929e-16 -1
      outer loop
         vertex -0.0081 0.052 0.001
         vertex -0.0081 0.0523827 0.00092388
         vertex -0.00525 0.0523827 0.00092388
      endloop
   endfacet
   facet normal 0 -0.382683 -0.92388
      outer loop
         vertex -0.00525 0.0523827 0.00092388
         vertex -0.00525 0.052 0.001
         vertex -0.0081 0.052 0.001
      endloop
   endfacet
   facet normal 0 -0.707107 -0.707107
      outer loop
         vertex -0.00525 0.0527071 0.000707107
         vertex -0.00525 0.0523827 0.00092388
         vertex -0.0081 0.0523827 0.00092388
      endloop
   endfacet
   facet normal 0 -0.92388 -0.382683
      outer loop
         vertex -0.00525 0.0529239 0.000382683
         vertex -0.00525 0.0527071 0.000707107
         vertex -0.0081 0.0527071 0.000707107
      endloop
   endfacet
   facet normal 0 -1 1.60812e-16
      outer loop
         vertex -0.00525 0.053 7.11036e-18
         vertex -0.00525 0.0529239 0.000382683
         vertex -0.0081 0.0529239 0.000382683
      endloop
   endfacet
   facet normal 0 -0.92388 0.382683
      outer loop
         vertex -0.00525 0.0529239 -0.000382683
         vertex -0.00525 0.053 7.11036e-18
         vertex -0.0081 0.053 7.11036e-18
      endloop
   endfacet
   facet normal 0 -0.707107 0.707107
      outer loop
         vertex -0.00525 0.0527071 -0.000707107
         vertex -0.00525 0.0529239 -0.000382683
         vertex -0.0081 0.0529239 -0.000382683
      endloop
   endfacet
   facet normal 0 -0.382683 0.92388
      outer loop
         vertex -0.00525 0.0523827 -0.00092388
         vertex -0.00525 0.0527071 -0.000707107
         vertex -0.0081 0.0527071 -0.000707107
      endloop
   endfacet
   facet normal 0 -1.22465e-16 1
      outer loop
         vertex -0.00525 0.052 -0.001
         vertex -0.00525 0.0523827 -0.00092388
         vertex -0.0081 0.0523827 -0.00092388
      endloop
   endfacet
   facet normal 0 0.382683 0.92388
      outer loop
         vertex -0.00525 0.0516173 -0.00092388
         vertex -0.00525 0.052 -0.001
         vertex -0.0081 0.052 -0.001
      endloop
   endfacet
   facet normal 0 0.707107 0.707107
      outer loop
         vertex -0.00525 0.0512929 -0.000707107
         vertex -0.00525 0.0516173 -0.00092388
         vertex -0.0081 0.0516173 -0.00092388
      endloop
   endfacet
   facet normal 0 0.92388 0.382683
      outer loop
         vertex -0.00525 0.0510761 -0.000382683
         vertex -0.00525 0.0512929 -0.000707107
         vertex -0.0081 0.0512929 -0.000707107
      endloop
   endfacet
   facet normal 0 1 1.83697e-16
      outer loop
         vertex -0.00525 0.051 7.08748e-18
         vertex -0.00525 0.0510761 -0.000382683
         vertex -0.0081 0.0510761 -0.000382683
      endloop
   endfacet
   facet normal 0 0.92388 -0.382683
      outer loop
         vertex -0.00525 0.0510761 0.000382683
         vertex -0.00525 0.051 7.08748e-18
         vertex -0.0081 0.051 7.08748e-18
      endloop
   endfacet
   facet normal 0 0.707107 -0.707107
      outer loop
         vertex -0.00525 0.0512929 0.000707107
         vertex -0.00525 0.0510761 0.000382683
         vertex -0.0081 0.0510761 0.000382683
      endloop
   endfacet
   facet normal 0 0.382683 -0.92388
      outer loop
         vertex -0.00525 0.0516173 0.00092388
         vertex -0.00525 0.0512929 0.000707107
         vertex -0.0081 0.0512929 0.000707107
      endloop
   endfacet
   facet normal 0 2.44929e-16 -1
      outer loop
         vertex -0.00525 0.052 0.001
         vertex -0.00525 0.0516173 0.00092388
         vertex -0.0081 0.0516173 0.00092388
      endloop
   endfacet
   facet normal 0 9.4731e-16 -1
      outer loop
         vertex -0.00525 0.0509665 0.00931504
         vertex 0.00525 0.0509665 0.00931504
         vertex 0.00525 0.0491352 0.00931504
      endloop
   endfacet
   facet normal 0 9.4731e-16 -1
      outer loop
         vertex 0.00525 0.0491352 0.00931504
         vertex -0.00525 0.0491352 0.00931504
         vertex -0.00525 0.0509665 0.00931504
      endloop
   endfacet
   facet normal 0 9.4731e-16 -1
      outer loop
         vertex -0.00525 0.0491352 0.00931504
         vertex 0.00325 0.0421175 0.00914671
         vertex -0.00325 0.0421175 0.00914671
      endloop
   endfacet
   facet normal 0 0.283726 -0.958905
      outer loop
         vertex -0.00325 0.00760616 0.0033
         vertex -0.00325 0.0421175 0.00914671
         vertex 0.00325 0.0421175 0.00914671
      endloop
   endfacet
   facet normal 0 0.0479452 -0.99885
      outer loop
         vertex 0.00325 0.0421175 0.00914671
         vertex 0.00325 0.00760616 0.0033
         vertex -0.00325 0.00760616 0.0033
      endloop
   endfacet
   facet normal 0 3.21625e-16 -1
      outer loop
         vertex 0.00525 0.0491352 0.00931504
         vertex 0.00525 0.0421175 0.00914671
         vertex 0.00325 0.0421175 0.00914671
      endloop
   endfacet
   facet normal 0 0.0479452 -0.99885
      outer loop
         vertex 0.00325 0.0421175 0.00914671
         vertex -0.00525 0.0491352 0.00931504
         vertex 0.00525 0.0491352 0.00931504
      endloop
   endfacet
   facet normal 0 0.0479452 -0.99885
      outer loop
         vertex -0.00325 0.0421175 0.00914671
         vertex -0.00525 0.0421175 0.00914671
         vertex -0.00525 0.0491352 0.00931504
      endloop
   endfacet
   facet normal 0 0.840167 0.542328
      outer loop
         vertex 0.00525 0.0421175 0.00914671
         vertex 0.00525 0.0491563 -0.00175767
         vertex 0.00325 0.0491563 -0.00175767
      endloop
   endfacet
   facet normal 0 0.840167 0.542328
      outer loop
         vertex 0.00325 0.0491563 -0.00175767
         vertex 0.00325 0.0421175 0.00914671
         vertex 0.00525 0.0421175 0.00914671
      endloop
   endfacet
   facet normal 0 0.840167 0.542328
      outer loop
         vertex 0.00325 0.0491563 -0.00175767
         vertex 0.00525 0.0491563 -0.00175767
         vertex 0.00525 0.0492929 -0.0020858
      endloop
   endfacet
   facet normal 0 0.97679 0.2142
      outer loop
         vertex 0.00325 0.0492929 -0.0020858
         vertex 0.00525 0.0492929 -0.0020858
         vertex 0.00525 0.0493061 -0.00244099
      endloop
   endfacet
   facet normal 0 0.990011 -0.14099
      outer loop
         vertex 0.00325 0.0493061 -0.00244099
         vertex 0.00525 0.0493061 -0.00244099
         vertex 0.00525 0.0491943 -0.00277837
      endloop
   endfacet
   facet normal 0 0.87816 -0.478368
      outer loop
         vertex 0.00325 0.0491943 -0.00277837
         vertex 0.00525 0.0491943 -0.00277837
         vertex 0.00525 0.0489715 -0.00305531
      endloop
   endfacet
   facet normal 0 0.655366 -0.755311
      outer loop
         vertex 0.00325 0.0489715 -0.00305531
         vertex 0.00525 0.0489715 -0.00305531
         vertex 0.00525 0.0486659 -0.00323683
      endloop
   endfacet
   facet normal 0 0.349778 -0.936833
      outer loop
         vertex 0.00325 0.0486659 -0.00323683
         vertex 0.00525 0.0486659 -0.00323683
         vertex 0.00525 0.0483161 -0.0033
      endloop
   endfacet
   facet normal 0 1.22465e-16 -1
      outer loop
         vertex 0.00525 0.0483161 -0.0033
         vertex 0.00325 0.0483161 -0.0033
         vertex 0.00325 0.0486659 -0.00323683
      endloop
   endfacet
   facet normal 0 0.349778 -0.936833
      outer loop
         vertex 0.00525 0.0486659 -0.00323683
         vertex 0.00325 0.0486659 -0.00323683
         vertex 0.00325 0.0489715 -0.00305531
      endloop
   endfacet
   facet normal 0 0.655366 -0.755311
      outer loop
         vertex 0.00525 0.0489715 -0.00305531
         vertex 0.00325 0.0489715 -0.00305531
         vertex 0.00325 0.0491943 -0.00277837
      endloop
   endfacet
   facet normal 0 0.87816 -0.478368
      outer loop
         vertex 0.00525 0.0491943 -0.00277837
         vertex 0.00325 0.0491943 -0.00277837
         vertex 0.00325 0.0493061 -0.00244099
      endloop
   endfacet
   facet normal 0 0.990011 -0.14099
      outer loop
         vertex 0.00525 0.0493061 -0.00244099
         vertex 0.00325 0.0493061 -0.00244099
         vertex 0.00325 0.0492929 -0.0020858
      endloop
   endfacet
   facet normal 0 0.97679 0.2142
      outer loop
         vertex 0.00525 0.0492929 -0.0020858
         vertex 0.00325 0.0492929 -0.0020858
         vertex 0.00325 0.0491563 -0.00175767
      endloop
   endfacet
   facet normal -1 0 0
      outer loop
         vertex 0.00525 0.0521399 -0.0033
         vertex 0.00525 0.0489715 -0.00305531
         vertex 0.00525 0.0516173 -0.00092388
      endloop
   endfacet
   facet normal -1 0 0
      outer loop
         vertex 0.00525 0.0546701 -0.0019119
         vertex 0.00525 0.0527071 -0.000707107
         vertex 0.00525 0.0529239 -0.000382683
      endloop
   endfacet
   facet normal -1 0 0
      outer loop
         vertex 0.00525 0.0521399 -0.0033
         vertex 0.00525 0.0486659 -0.00323683
         vertex 0.00525 0.0489715 -0.00305531
      endloop
   endfacet
   facet normal -1 0 0
      outer loop
         vertex 0.00525 0.0512929 -0.000707107
         vertex 0.00525 0.0491943 -0.00277837
         vertex 0.00525 0.0493061 -0.00244099
      endloop
   endfacet
   facet normal -1 0 0
      outer loop
         vertex 0.00525 0.0529239 -0.000382683
         vertex 0.00525 0.055059 -0.000991848
         vertex 0.00525 0.0546701 -0.0019119
      endloop
   endfacet
   facet normal -1 0 0
      outer loop
         vertex 0.00525 0.0540006 -0.00265325
         vertex 0.00525 0.0531248 -0.0031337
         vertex 0.00525 0.0523827 -0.00092388
      endloop
   endfacet
   facet normal -1 0 0
      outer loop
         vertex 0.00525 0.0531248 -0.0031337
         vertex 0.00525 0.0521399 -0.0033
         vertex 0.00525 0.052 -0.001
      endloop
   endfacet
   facet normal -1 0 0
      outer loop
         vertex 0.00525 0.0521399 -0.0033
         vertex 0.00525 0.0483161 -0.0033
         vertex 0.00525 0.0486659 -0.00323683
      endloop
   endfacet
   facet normal -1 0 0
      outer loop
         vertex 0.00525 0.0512929 -0.000707107
         vertex 0.00525 0.0492929 -0.0020858
         vertex 0.00525 0.0491563 -0.00175767
      endloop
   endfacet
   facet normal -1 0 0
      outer loop
         vertex 0.00525 0.0512929 -0.000707107
         vertex 0.00525 0.0489715 -0.00305531
         vertex 0.00525 0.0491943 -0.00277837
      endloop
   endfacet
   facet normal -1 0 0
      outer loop
         vertex 0.00525 0.0523827 -0.00092388
         vertex 0.00525 0.0527071 -0.000707107
         vertex 0.00525 0.0540006 -0.00265325
      endloop
   endfacet
   facet normal -1 0 0
      outer loop
         vertex 0.00525 0.0516173 -0.00092388
         vertex 0.00525 0.052 -0.001
         vertex 0.00525 0.0521399 -0.0033
      endloop
   endfacet
   facet normal -1 0 0
      outer loop
         vertex 0.00525 0.0493061 -0.00244099
         vertex 0.00525 0.0492929 -0.0020858
         vertex 0.00525 0.0512929 -0.000707107
      endloop
   endfacet
   facet normal -1 0 0
      outer loop
         vertex 0.00525 0.0548588 0.000967855
         vertex 0.00525 0.0551244 4.90523e-06
         vertex 0.00525 0.053 7.11036e-18
      endloop
   endfacet
   facet normal -1 0 0
      outer loop
         vertex 0.00525 0.055059 -0.000991848
         vertex 0.00525 0.0529239 -0.000382683
         vertex 0.00525 0.053 7.11036e-18
      endloop
   endfacet
   facet normal -1 0 0
      outer loop
         vertex 0.00525 0.052 -0.001
         vertex 0.00525 0.0523827 -0.00092388
         vertex 0.00525 0.0531248 -0.0031337
      endloop
   endfacet
   facet normal -1 0 0
      outer loop
         vertex 0.00525 0.0491563 -0.00175767
         vertex 0.00525 0.0510761 -0.000382683
         vertex 0.00525 0.0512929 -0.000707107
      endloop
   endfacet
   facet normal -1 0 0
      outer loop
         vertex 0.00525 0.0509665 0.00931504
         vertex 0.00525 0.0548588 0.000967855
         vertex 0.00525 0.0527071 0.000707107
      endloop
   endfacet
   facet normal -1 0 0
      outer loop
         vertex 0.00525 0.053 7.11036e-18
         vertex 0.00525 0.0551244 4.90523e-06
         vertex 0.00525 0.055059 -0.000991848
      endloop
   endfacet
   facet normal -1 0 0
      outer loop
         vertex 0.00525 0.0512929 -0.000707107
         vertex 0.00525 0.0516173 -0.00092388
         vertex 0.00525 0.0489715 -0.00305531
      endloop
   endfacet
   facet normal -1 0 0
      outer loop
         vertex 0.00525 0.0421175 0.00914671
         vertex 0.00525 0.0510761 0.000382683
         vertex 0.00525 0.051 7.08748e-18
      endloop
   endfacet
   facet normal -1 0 0
      outer loop
         vertex 0.00525 0.0548588 0.000967855
         vertex 0.00525 0.0529239 0.000382683
         vertex 0.00525 0.0527071 0.000707107
      endloop
   endfacet
   facet normal -1 0 0
      outer loop
         vertex 0.00525 0.0546701 -0.0019119
         vertex 0.00525 0.0540006 -0.00265325
         vertex 0.00525 0.0527071 -0.000707107
      endloop
   endfacet
   facet normal -1 0 0
      outer loop
         vertex 0.00525 0.051 7.08748e-18
         vertex 0.00525 0.0491563 -0.00175767
         vertex 0.00525 0.0421175 0.00914671
      endloop
   endfacet
   facet normal -1 0 0
      outer loop
         vertex 0.00525 0.0421175 0.00914671
         vertex 0.00525 0.0491352 0.00931504
         vertex 0.00525 0.0516173 0.00092388
      endloop
   endfacet
   facet normal -1 0 0
      outer loop
         vertex 0.00525 0.0527071 0.000707107
         vertex 0.00525 0.0523827 0.00092388
         vertex 0.00525 0.0509665 0.00931504
      endloop
   endfacet
   facet normal -1 0 0
      outer loop
         vertex 0.00525 0.051 7.08748e-18
         vertex 0.00525 0.0510761 -0.000382683
         vertex 0.00525 0.0491563 -0.00175767
      endloop
   endfacet
   facet normal -1 0 0
      outer loop
         vertex 0.00525 0.0516173 0.00092388
         vertex 0.00525 0.0512929 0.000707107
         vertex 0.00525 0.0421175 0.00914671
      endloop
   endfacet
   facet normal -1 0 0
      outer loop
         vertex 0.00525 0.0516173 0.00092388
         vertex 0.00525 0.0491352 0.00931504
         vertex 0.00525 0.0509665 0.00931504
      endloop
   endfacet
   facet normal -1 0 0
      outer loop
         vertex 0.00525 0.053 7.11036e-18
         vertex 0.00525 0.0529239 0.000382683
         vertex 0.00525 0.0548588 0.000967855
      endloop
   endfacet
   facet normal -1 0 0
      outer loop
         vertex 0.00525 0.0509665 0.00931504
         vertex 0.00525 0.052 0.001
         vertex 0.00525 0.0516173 0.00092388
      endloop
   endfacet
   facet normal -1 0 0
      outer loop
         vertex 0.00525 0.0512929 0.000707107
         vertex 0.00525 0.0510761 0.000382683
         vertex 0.00525 0.0421175 0.00914671
      endloop
   endfacet
   facet normal -1 0 0
      outer loop
         vertex 0.00525 0.0523827 0.00092388
         vertex 0.00525 0.052 0.001
         vertex 0.00525 0.0509665 0.00931504
      endloop
   endfacet
   facet normal 0 0.382683 -0.92388
      outer loop
         vertex 0.00525 0.0516173 0.00092388
         vertex 0.00525 0.052 0.001
         vertex 0.0081 0.052 0.001
      endloop
   endfacet
   facet normal 0 0.707107 -0.707107
      outer loop
         vertex 0.00525 0.0512929 0.000707107
         vertex 0.00525 0.0516173 0.00092388
         vertex 0.0081 0.0516173 0.00092388
      endloop
   endfacet
   facet normal 0 0.92388 -0.382683
      outer loop
         vertex 0.00525 0.0510761 0.000382683
         vertex 0.00525 0.0512929 0.000707107
         vertex 0.0081 0.0512929 0.000707107
      endloop
   endfacet
   facet normal 0 1 1.83697e-16
      outer loop
         vertex 0.00525 0.051 7.08748e-18
         vertex 0.00525 0.0510761 0.000382683
         vertex 0.0081 0.0510761 0.000382683
      endloop
   endfacet
   facet normal 0 0.92388 0.382683
      outer loop
         vertex 0.00525 0.0510761 -0.000382683
         vertex 0.00525 0.051 7.08748e-18
         vertex 0.0081 0.051 7.08748e-18
      endloop
   endfacet
   facet normal 0 0.707107 0.707107
      outer loop
         vertex 0.00525 0.0512929 -0.000707107
         vertex 0.00525 0.0510761 -0.000382683
         vertex 0.0081 0.0510761 -0.000382683
      endloop
   endfacet
   facet normal 0 0.382683 0.92388
      outer loop
         vertex 0.00525 0.0516173 -0.00092388
         vertex 0.00525 0.0512929 -0.000707107
         vertex 0.0081 0.0512929 -0.000707107
      endloop
   endfacet
   facet normal 0 -1.22465e-16 1
      outer loop
         vertex 0.00525 0.052 -0.001
         vertex 0.00525 0.0516173 -0.00092388
         vertex 0.0081 0.0516173 -0.00092388
      endloop
   endfacet
   facet normal 0 -0.382683 0.92388
      outer loop
         vertex 0.00525 0.0523827 -0.00092388
         vertex 0.00525 0.052 -0.001
         vertex 0.0081 0.052 -0.001
      endloop
   endfacet
   facet normal 0 -0.707107 0.707107
      outer loop
         vertex 0.00525 0.0527071 -0.000707107
         vertex 0.00525 0.0523827 -0.00092388
         vertex 0.0081 0.0523827 -0.00092388
      endloop
   endfacet
   facet normal 0 -0.92388 0.382683
      outer loop
         vertex 0.00525 0.0529239 -0.000382683
         vertex 0.00525 0.0527071 -0.000707107
         vertex 0.0081 0.0527071 -0.000707107
      endloop
   endfacet
   facet normal 0 -1 1.60812e-16
      outer loop
         vertex 0.00525 0.053 7.11036e-18
         vertex 0.00525 0.0529239 -0.000382683
         vertex 0.0081 0.0529239 -0.000382683
      endloop
   endfacet
   facet normal 0 -0.92388 -0.382683
      outer loop
         vertex 0.00525 0.0529239 0.000382683
         vertex 0.00525 0.053 7.11036e-18
         vertex 0.0081 0.053 7.11036e-18
      endloop
   endfacet
   facet normal 0 -0.707107 -0.707107
      outer loop
         vertex 0.00525 0.0527071 0.000707107
         vertex 0.00525 0.0529239 0.000382683
         vertex 0.0081 0.0529239 0.000382683
      endloop
   endfacet
   facet normal 0 -0.382683 -0.92388
      outer loop
         vertex 0.00525 0.0523827 0.00092388
         vertex 0.00525 0.0527071 0.000707107
         vertex 0.0081 0.0527071 0.000707107
      endloop
   endfacet
   facet normal 0 2.44929e-16 -1
      outer loop
         vertex 0.00525 0.052 0.001
         vertex 0.00525 0.0523827 0.00092388
         vertex 0.0081 0.0523827 0.00092388
      endloop
   endfacet
   facet normal 0 -0.382683 -0.92388
      outer loop
         vertex 0.0081 0.0523827 0.00092388
         vertex 0.0081 0.052 0.001
         vertex 0.00525 0.052 0.001
      endloop
   endfacet
   facet normal 0 -0.707107 -0.707107
      outer loop
         vertex 0.0081 0.0527071 0.000707107
         vertex 0.0081 0.0523827 0.00092388
         vertex 0.00525 0.0523827 0.00092388
      endloop
   endfacet
   facet normal 0 -0.92388 -0.382683
      outer loop
         vertex 0.0081 0.0529239 0.000382683
         vertex 0.0081 0.0527071 0.000707107
         vertex 0.00525 0.0527071 0.000707107
      endloop
   endfacet
   facet normal 0 -1 1.60812e-16
      outer loop
         vertex 0.0081 0.053 7.11036e-18
         vertex 0.0081 0.0529239 0.000382683
         vertex 0.00525 0.0529239 0.000382683
      endloop
   endfacet
   facet normal 0 -0.92388 0.382683
      outer loop
         vertex 0.0081 0.0529239 -0.000382683
         vertex 0.0081 0.053 7.11036e-18
         vertex 0.00525 0.053 7.11036e-18
      endloop
   endfacet
   facet normal 0 -0.707107 0.707107
      outer loop
         vertex 0.0081 0.0527071 -0.000707107
         vertex 0.0081 0.0529239 -0.000382683
         vertex 0.00525 0.0529239 -0.000382683
      endloop
   endfacet
   facet normal 0 -0.382683 0.92388
      outer loop
         vertex 0.0081 0.0523827 -0.00092388
         vertex 0.0081 0.0527071 -0.000707107
         vertex 0.00525 0.0527071 -0.000707107
      endloop
   endfacet
   facet normal 0 -1.22465e-16 1
      outer loop
         vertex 0.0081 0.052 -0.001
         vertex 0.0081 0.0523827 -0.00092388
         vertex 0.00525 0.0523827 -0.00092388
      endloop
   endfacet
   facet normal 0 0.382683 0.92388
      outer loop
         vertex 0.0081 0.0516173 -0.00092388
         vertex 0.0081 0.052 -0.001
         vertex 0.00525 0.052 -0.001
      endloop
   endfacet
   facet normal 0 0.707107 0.707107
      outer loop
         vertex 0.0081 0.0512929 -0.000707107
         vertex 0.0081 0.0516173 -0.00092388
         vertex 0.00525 0.0516173 -0.00092388
      endloop
   endfacet
   facet normal 0 0.92388 0.382683
      outer loop
         vertex 0.0081 0.0510761 -0.000382683
         vertex 0.0081 0.0512929 -0.000707107
         vertex 0.00525 0.0512929 -0.000707107
      endloop
   endfacet
   facet normal 0 1 1.83697e-16
      outer loop
         vertex 0.0081 0.051 7.08748e-18
         vertex 0.0081 0.0510761 -0.000382683
         vertex 0.00525 0.0510761 -0.000382683
      endloop
   endfacet
   facet normal 0 0.92388 -0.382683
      outer loop
         vertex 0.0081 0.0510761 0.000382683
         vertex 0.0081 0.051 7.08748e-18
         vertex 0.00525 0.051 7.08748e-18
      endloop
   endfacet
   facet normal 0 0.707107 -0.707107
      outer loop
         vertex 0.0081 0.0512929 0.000707107
         vertex 0.0081 0.0510761 0.000382683
         vertex 0.00525 0.0510761 0.000382683
      endloop
   endfacet
   facet normal 0 0.382683 -0.92388
      outer loop
         vertex 0.0081 0.0516173 0.00092388
         vertex 0.0081 0.0512929 0.000707107
         vertex 0.00525 0.0512929 0.000707107
      endloop
   endfacet
   facet normal 0 2.44929e-16 -1
      outer loop
         vertex 0.0081 0.052 0.001
         vertex 0.0081 0.0516173 0.00092388
         vertex 0.00525 0.0516173 0.00092388
      endloop
   endfacet
   facet normal 0 0.973045 -0.230616
      outer loop
         vertex 0.0081 0.055059 -0.000991848
         vertex 0.00525 0.055059 -0.000991848
         vertex 0.00525 0.0551244 4.90523e-06
      endloop
   endfacet
   facet normal 0 0.994822 0.101635
      outer loop
         vertex 0.0081 0.0551244 4.90523e-06
         vertex 0.00525 0.0551244 4.90523e-06
         vertex 0.00525 0.0548588 0.000967855
      endloop
   endfacet
   facet normal 0 0.973045 -0.230616
      outer loop
         vertex 0.00525 0.055059 -0.000991848
         vertex 0.0081 0.054738 -0.0018
         vertex 0.00800206 0.0546533 -0.00189794
      endloop
   endfacet
   facet normal 0 0.973045 -0.230616
      outer loop
         vertex 0.00525 0.055059 -0.000991848
         vertex 0.0081 0.055059 -0.000991848
         vertex 0.0081 0.054738 -0.0018
      endloop
   endfacet
   facet normal 0 0.843391 -0.5373
      outer loop
         vertex 0.00525 0.0546701 -0.0019119
         vertex 0.00800206 0.0546533 -0.00189794
         vertex 0.00724675 0.0540006 -0.00265325
      endloop
   endfacet
   facet normal 0 0.620235 -0.784416
      outer loop
         vertex 0.00525 0.0540006 -0.00265325
         vertex 0.00724675 0.0540006 -0.00265325
         vertex 0.0067663 0.0531248 -0.0031337
      endloop
   endfacet
   facet normal 0 0 -1
      outer loop
         vertex 0.00525 0.0521399 -0.0033
         vertex 0.00525 0.0531248 -0.0031337
         vertex 0.00664187 0.0526393 -0.00325813
      endloop
   endfacet
   facet normal 0 0.328317 -0.944568
      outer loop
         vertex 0.00525 0.0531248 -0.0031337
         vertex 0.0067663 0.0531248 -0.0031337
         vertex 0.00664187 0.0526393 -0.00325813
      endloop
   endfacet
   facet normal 0 0.166482 -0.986045
      outer loop
         vertex 0.00664187 0.0526393 -0.00325813
         vertex 0.0066 0.0521399 -0.0033
         vertex 0.00525 0.0521399 -0.0033
      endloop
   endfacet
   facet normal 0 0.328317 -0.944568
      outer loop
         vertex 0.0067663 0.0531248 -0.0031337
         vertex 0.00525 0.0531248 -0.0031337
         vertex 0.00525 0.0540006 -0.00265325
      endloop
   endfacet
   facet normal 0 0.620235 -0.784416
      outer loop
         vertex 0.00724675 0.0540006 -0.00265325
         vertex 0.00525 0.0540006 -0.00265325
         vertex 0.00525 0.0546701 -0.0019119
      endloop
   endfacet
   facet normal 0 0.843892 -0.536513
      outer loop
         vertex 0.00800206 0.0546533 -0.00189794
         vertex 0.00525 0.0546701 -0.0019119
         vertex 0.00525 0.055059 -0.000991848
      endloop
   endfacet
   facet normal 0 0.906308 0.422618
      outer loop
         vertex 0.00525 0.0548588 0.000967855
         vertex 0.0081 0.0548588 0.000967855
         vertex 0.0081 0.0551244 4.90523e-06
      endloop
   endfacet
   facet normal 0 0.994822 0.101635
      outer loop
         vertex 0.00525 0.0551244 4.90523e-06
         vertex 0.0081 0.0551244 4.90523e-06
         vertex 0.0081 0.055059 -0.000991848
      endloop
   endfacet
   facet normal 0.707107 1.72617e-16 -0.707107
      outer loop
         vertex 0.00800206 0.0546533 -0.00189794
         vertex 0.00664187 0.0526393 -0.00325813
         vertex 0.0067663 0.0531248 -0.0031337
      endloop
   endfacet
   facet normal 0.707107 1.72617e-16 -0.707107
      outer loop
         vertex 0.00761388 -0.0022856 -0.00228612
         vertex 0.0068512 -0.00126286 -0.0030488
         vertex 0.00666341 -0.000643798 -0.00323659
      endloop
   endfacet
   facet normal 0.707107 1.72617e-16 -0.707107
      outer loop
         vertex 0.00800206 0.0546533 -0.00189794
         vertex 0.0066 0.0521399 -0.0033
         vertex 0.00664187 0.0526393 -0.00325813
      endloop
   endfacet
   facet normal 0.707107 1.72617e-16 -0.707107
      outer loop
         vertex 0.00761388 -0.0022856 -0.00228612
         vertex 0.00715615 -0.00183338 -0.00274385
         vertex 0.0068512 -0.00126286 -0.0030488
      endloop
   endfacet
   facet normal 0.707107 1.72617e-16 -0.707107
      outer loop
         vertex 0.00800206 0.0546533 -0.00189794
         vertex 0.0081 0.025 -0.0018
         vertex 0.0066 0.0521399 -0.0033
      endloop
   endfacet
   facet normal 0.707107 1.72617e-16 -0.707107
      outer loop
         vertex 0.00666341 -0.000643798 -0.00323659
         vertex 0.0066 1.38778e-17 -0.0033
         vertex 0.00761388 -0.0022856 -0.00228612
      endloop
   endfacet
   facet normal 0.707107 1.72617e-16 -0.707107
      outer loop
         vertex 0.0067663 0.0531248 -0.0031337
         vertex 0.00724675 0.0540006 -0.00265325
         vertex 0.00800206 0.0546533 -0.00189794
      endloop
   endfacet
   facet normal 0.707107 1.72617e-16 -0.707107
      outer loop
         vertex 0.0081 0.025 -0.0018
         vertex 0.0081 -0.00276586 -0.0018
         vertex 0.00761388 -0.0022856 -0.00228612
      endloop
   endfacet
   facet normal 0.707107 1.72617e-16 -0.707107
      outer loop
         vertex 0.0081 0.025 -0.0018
         vertex 0.0066 1.38778e-17 -0.0033
         vertex 0.0066 0.0521399 -0.0033
      endloop
   endfacet
   facet normal 0.707107 1.72617e-16 -0.707107
      outer loop
         vertex 0.00800206 0.0546533 -0.00189794
         vertex 0.0081 0.054738 -0.0018
         vertex 0.0081 0.025 -0.0018
      endloop
   endfacet
   facet normal 0.707107 1.72617e-16 -0.707107
      outer loop
         vertex 0.0066 1.38778e-17 -0.0033
         vertex 0.0081 0.025 -0.0018
         vertex 0.00761388 -0.0022856 -0.00228612
      endloop
   endfacet
   facet normal 0 2.44117e-16 -1
      outer loop
         vertex 0.0066 0.0521399 -0.0033
         vertex 0.00525 0.0122785 -0.0033
         vertex 0.00525 0.0483161 -0.0033
      endloop
   endfacet
   facet normal 0 2.44117e-16 -1
      outer loop
         vertex 0.00325 0.0483161 -0.0033
         vertex 0.00525 0.0483161 -0.0033
         vertex 0.00525 0.0122785 -0.0033
      endloop
   endfacet
   facet normal 0 2.44117e-16 -1
      outer loop
         vertex 0.00525 0.0122785 -0.0033
         vertex 0.00325 0.0122785 -0.0033
         vertex 0.00325 0.0483161 -0.0033
      endloop
   endfacet
   facet normal 0 2.44117e-16 -1
      outer loop
         vertex 0.0066 1.38778e-17 -0.0033
         vertex 0.00525 1.38778e-17 -0.0033
         vertex 0.00525 0.0122785 -0.0033
      endloop
   endfacet
   facet normal 0 2.44117e-16 -1
      outer loop
         vertex 0.00525 0.0122785 -0.0033
         vertex 0.0066 0.0521399 -0.0033
         vertex 0.0066 1.38778e-17 -0.0033
      endloop
   endfacet
   facet normal 0 2.44117e-16 -1
      outer loop
         vertex 0.00525 0.0483161 -0.0033
         vertex 0.00525 0.0521399 -0.0033
         vertex 0.0066 0.0521399 -0.0033
      endloop
   endfacet
   facet normal 0 -0.92388 -0.382683
      outer loop
         vertex 0.00525 -0.0030488 -0.00126286
         vertex 0.0081 -0.0030488 -0.00126286
         vertex 0.0081 -0.0033 -6.062e-19
      endloop
   endfacet
   facet normal 0 -1 -1.83697e-16
      outer loop
         vertex 0.00525 -0.0033 -6.062e-19
         vertex 0.0081 -0.0033 -6.062e-19
         vertex 0.0081 -0.0030488 0.00126286
      endloop
   endfacet
   facet normal 0 -0.92388 0.382683
      outer loop
         vertex 0.00525 -0.0030488 0.00126286
         vertex 0.0081 -0.0030488 0.00126286
         vertex 0.0081 -0.00268989 0.0018
      endloop
   endfacet
   facet normal 0 -0.831088 0.556141
      outer loop
         vertex 0.0081 -0.00268989 0.0018
         vertex 0.00525 -0.00233345 0.00233345
         vertex 0.00525 -0.0030488 0.00126286
      endloop
   endfacet
   facet normal 0 -0.707107 0.707107
      outer loop
         vertex 0.00525 -0.00233345 0.00233345
         vertex 0.0081 -0.00233345 0.00233345
         vertex 0.0081 -0.00126286 0.0030488
      endloop
   endfacet
   facet normal 0 -0.382683 0.92388
      outer loop
         vertex 0.00525 -0.00126286 0.0030488
         vertex 0.0081 -0.00126286 0.0030488
         vertex 0.0081 1.25066e-17 0.0033
      endloop
   endfacet
   facet normal 0 1.22465e-16 -1
      outer loop
         vertex 0.00525 1.38778e-17 -0.0033
         vertex 0.0066 1.38778e-17 -0.0033
         vertex 0.00666341 -0.000643798 -0.00323659
      endloop
   endfacet
   facet normal 0 -0.19509 -0.980785
      outer loop
         vertex 0.00666341 -0.000643798 -0.00323659
         vertex 0.00525 -0.00126286 -0.0030488
         vertex 0.00525 1.38778e-17 -0.0033
      endloop
   endfacet
   facet normal 0 -0.707107 -0.707107
      outer loop
         vertex 0.00525 -0.00233345 -0.00233345
         vertex 0.00525 -0.00126286 -0.0030488
         vertex 0.0068512 -0.00126286 -0.0030488
      endloop
   endfacet
   facet normal 0 -0.382683 -0.92388
      outer loop
         vertex 0.0068512 -0.00126286 -0.0030488
         vertex 0.00715615 -0.00183338 -0.00274385
         vertex 0.00525 -0.00233345 -0.00233345
      endloop
   endfacet
   facet normal 0 -0.92388 -0.382683
      outer loop
         vertex 0.00525 -0.0030488 -0.00126286
         vertex 0.00525 -0.00233345 -0.00233345
         vertex 0.00761388 -0.0022856 -0.00228612
      endloop
   endfacet
   facet normal 0 -0.707028 -0.707186
      outer loop
         vertex 0.00761388 -0.0022856 -0.00228612
         vertex 0.0081 -0.00276586 -0.0018
         vertex 0.00525 -0.0030488 -0.00126286
      endloop
   endfacet
   facet normal 0 -0.83814 -0.545455
      outer loop
         vertex 0.0081 -0.00276586 -0.0018
         vertex 0.0081 -0.0030488 -0.00126286
         vertex 0.00525 -0.0030488 -0.00126286
      endloop
   endfacet
   facet normal 0 -0.55557 -0.83147
      outer loop
         vertex 0.00715615 -0.00183338 -0.00274385
         vertex 0.00761388 -0.0022856 -0.00228612
         vertex 0.00525 -0.00233345 -0.00233345
      endloop
   endfacet
   facet normal 0 -0.19509 -0.980785
      outer loop
         vertex 0.00666341 -0.000643798 -0.00323659
         vertex 0.0068512 -0.00126286 -0.0030488
         vertex 0.00525 -0.00126286 -0.0030488
      endloop
   endfacet
   facet normal 0 -2.44929e-16 1
      outer loop
         vertex 0.0081 1.25066e-17 0.0033
         vertex 0.00525 1.25066e-17 0.0033
         vertex 0.00525 -0.00126286 0.0030488
      endloop
   endfacet
   facet normal 0 -0.382683 0.92388
      outer loop
         vertex 0.0081 -0.00126286 0.0030488
         vertex 0.00525 -0.00126286 0.0030488
         vertex 0.00525 -0.00233345 0.00233345
      endloop
   endfacet
   facet normal 0 -0.831088 0.556141
      outer loop
         vertex 0.0081 -0.00268989 0.0018
         vertex 0.0081 -0.00233345 0.00233345
         vertex 0.00525 -0.00233345 0.00233345
      endloop
   endfacet
   facet normal 0 -0.92388 0.382683
      outer loop
         vertex 0.0081 -0.0030488 0.00126286
         vertex 0.00525 -0.0030488 0.00126286
         vertex 0.00525 -0.0033 -6.062e-19
      endloop
   endfacet
   facet normal 0 -1 -1.83697e-16
      outer loop
         vertex 0.0081 -0.0033 -6.062e-19
         vertex 0.00525 -0.0033 -6.062e-19
         vertex 0.00525 -0.0030488 -0.00126286
      endloop
   endfacet
   facet normal 0 -2.44929e-16 1
      outer loop
         vertex 0.00525 1.25066e-17 0.0033
         vertex 0.0081 1.25066e-17 0.0033
         vertex 0.0081 0.003 0.0033
      endloop
   endfacet
   facet normal 0 -2.44929e-16 1
      outer loop
         vertex 0.0081 0.003 0.0033
         vertex 0.00525 0.003 0.0033
         vertex 0.00525 1.25066e-17 0.0033
      endloop
   endfacet
   facet normal 0 -0.92388 0.382683
      outer loop
         vertex 0.0081 0.00392388 0.00391732
         vertex 0.0081 0.004 0.0043
         vertex 0.00525 0.004 0.0043
      endloop
   endfacet
   facet normal 0 -0.707107 0.707107
      outer loop
         vertex 0.0081 0.00370711 0.00359289
         vertex 0.0081 0.00392388 0.00391732
         vertex 0.00525 0.00392388 0.00391732
      endloop
   endfacet
   facet normal 0 -0.382683 0.92388
      outer loop
         vertex 0.0081 0.00338268 0.00337612
         vertex 0.0081 0.00370711 0.00359289
         vertex 0.00525 0.00370711 0.00359289
      endloop
   endfacet
   facet normal 0 0 1
      outer loop
         vertex 0.0081 0.003 0.0033
         vertex 0.0081 0.00338268 0.00337612
         vertex 0.00525 0.00338268 0.00337612
      endloop
   endfacet
   facet normal 0 -0.382683 0.92388
      outer loop
         vertex 0.00525 0.00338268 0.00337612
         vertex 0.00525 0.003 0.0033
         vertex 0.0081 0.003 0.0033
      endloop
   endfacet
   facet normal 0 -0.707107 0.707107
      outer loop
         vertex 0.00525 0.00370711 0.00359289
         vertex 0.00525 0.00338268 0.00337612
         vertex 0.0081 0.00338268 0.00337612
      endloop
   endfacet
   facet normal 0 -0.92388 0.382683
      outer loop
         vertex 0.00525 0.00392388 0.00391732
         vertex 0.00525 0.00370711 0.00359289
         vertex 0.0081 0.00370711 0.00359289
      endloop
   endfacet
   facet normal 0 -1 6.12323e-17
      outer loop
         vertex 0.00525 0.004 0.0043
         vertex 0.00525 0.00392388 0.00391732
         vertex 0.0081 0.00392388 0.00391732
      endloop
   endfacet
   facet normal 0 -0.993379 -0.114887
      outer loop
         vertex 0.00525 0.0112851 -0.00241489
         vertex 0.00325 0.0112851 -0.00241489
         vertex 0.00325 0.011391 -0.00276094
      endloop
   endfacet
   facet normal 0 -0.887431 -0.460941
      outer loop
         vertex 0.00525 0.011391 -0.00276094
         vertex 0.00325 0.011391 -0.00276094
         vertex 0.00325 0.0116132 -0.00304662
      endloop
   endfacet
   facet normal 0 -0.665249 -0.746621
      outer loop
         vertex 0.00525 0.0116132 -0.00304662
         vertex 0.00325 0.0116132 -0.00304662
         vertex 0.00325 0.0119225 -0.00323451
      endloop
   endfacet
   facet normal 0 -0.355934 -0.934511
      outer loop
         vertex 0.00525 0.0119225 -0.00323451
         vertex 0.00325 0.0119225 -0.00323451
         vertex 0.00325 0.0122785 -0.0033
      endloop
   endfacet
   facet normal 0 -2.44929e-16 -1
      outer loop
         vertex 0.00325 0.0122785 -0.0033
         vertex 0.00525 0.0122785 -0.0033
         vertex 0.00525 0.0119225 -0.00323451
      endloop
   endfacet
   facet normal 0 -0.355934 -0.934511
      outer loop
         vertex 0.00325 0.0119225 -0.00323451
         vertex 0.00525 0.0119225 -0.00323451
         vertex 0.00525 0.0116132 -0.00304662
      endloop
   endfacet
   facet normal 0 -0.665249 -0.746621
      outer loop
         vertex 0.00325 0.0116132 -0.00304662
         vertex 0.00525 0.0116132 -0.00304662
         vertex 0.00525 0.011391 -0.00276094
      endloop
   endfacet
   facet normal 0 -0.887431 -0.460941
      outer loop
         vertex 0.00325 0.011391 -0.00276094
         vertex 0.00525 0.011391 -0.00276094
         vertex 0.00525 0.0112851 -0.00241489
      endloop
   endfacet
   facet normal 0 -0.749003 -0.662567
      outer loop
         vertex 0.00525 0.00940238 0.00180455
         vertex 0.00525 0.00760616 0.0033
         vertex 0.00325 0.00760616 0.0033
      endloop
   endfacet
   facet normal 0 -0.913215 -0.407478
      outer loop
         vertex 0.00525 0.0106675 -0.000160706
         vertex 0.00525 0.00940238 0.00180455
         vertex 0.00325 0.00940238 0.00180455
      endloop
   endfacet
   facet normal 0 -0.993379 -0.114887
      outer loop
         vertex 0.00525 0.0112851 -0.00241489
         vertex 0.00525 0.0106675 -0.000160706
         vertex 0.00325 0.0106675 -0.000160706
      endloop
   endfacet
   facet normal 0 -0.913215 -0.407478
      outer loop
         vertex 0.00325 0.0106675 -0.000160706
         vertex 0.00325 0.0112851 -0.00241489
         vertex 0.00525 0.0112851 -0.00241489
      endloop
   endfacet
   facet normal 0 -0.749003 -0.662567
      outer loop
         vertex 0.00325 0.00940238 0.00180455
         vertex 0.00325 0.0106675 -0.000160706
         vertex 0.00525 0.0106675 -0.000160706
      endloop
   endfacet
   facet normal 0 -0.515855 -0.856676
      outer loop
         vertex 0.00325 0.00760616 0.0033
         vertex 0.00325 0.00940238 0.00180455
         vertex 0.00525 0.00940238 0.00180455
      endloop
   endfacet
   facet normal -1 0 0
      outer loop
         vertex 0.00525 0.000707107 -0.000707107
         vertex 0.00525 0.004 0.0033
         vertex 0.00525 0.00760616 0.0033
      endloop
   endfacet
   facet normal -1 0 0
      outer loop
         vertex 0.00525 0.000707107 0.000707107
         vertex 0.00525 0.000382683 0.00092388
         vertex 0.00525 0.003 0.0033
      endloop
   endfacet
   facet normal -1 0 0
      outer loop
         vertex 0.00525 0.00760616 0.0033
         vertex 0.00525 0.00940238 0.00180455
         vertex 0.00525 0.000707107 -0.000707107
      endloop
   endfacet
   facet normal -1 0 0
      outer loop
         vertex 0.00525 0.003 0.0033
         vertex 0.00525 0.00338268 0.00337612
         vertex 0.00525 0.000707107 0.000707107
      endloop
   endfacet
   facet normal -1 0 0
      outer loop
         vertex 0.00525 0.00940238 0.00180455
         vertex 0.00525 0.0106675 -0.000160706
         vertex 0.00525 0.000707107 -0.000707107
      endloop
   endfacet
   facet normal -1 0 0
      outer loop
         vertex 0.00525 -0.00126286 -0.0030488
         vertex 0.00525 -0.000382683 -0.00092388
         vertex 0.00525 1.33778e-17 -0.001
      endloop
   endfacet
   facet normal -1 0 0
      outer loop
         vertex 0.00525 -0.00126286 -0.0030488
         vertex 0.00525 -0.00233345 -0.00233345
         vertex 0.00525 -0.000707107 -0.000707107
      endloop
   endfacet
   facet normal -1 0 0
      outer loop
         vertex 0.00525 -0.0030488 -0.00126286
         vertex 0.00525 -0.00092388 -0.000382683
         vertex 0.00525 -0.000707107 -0.000707107
      endloop
   endfacet
   facet normal -1 0 0
      outer loop
         vertex 0.00525 -0.0033 -6.062e-19
         vertex 0.00525 -0.001 -1.73287e-19
         vertex 0.00525 -0.00092388 -0.000382683
      endloop
   endfacet
   facet normal -1 0 0
      outer loop
         vertex 0.00525 -0.0030488 0.00126286
         vertex 0.00525 -0.00092388 0.000382683
         vertex 0.00525 -0.001 -1.73287e-19
      endloop
   endfacet
   facet normal -1 0 0
      outer loop
         vertex 0.00525 -0.0030488 0.00126286
         vertex 0.00525 -0.00233345 0.00233345
         vertex 0.00525 -0.000707107 0.000707107
      endloop
   endfacet
   facet normal -1 0 0
      outer loop
         vertex 0.00525 1.25066e-17 0.0033
         vertex 0.00525 0.003 0.0033
         vertex 0.00525 0.000382683 0.00092388
      endloop
   endfacet
   facet normal -1 0 0
      outer loop
         vertex 0.00525 0.00338268 0.00337612
         vertex 0.00525 0.004 0.0033
         vertex 0.00525 0.000707107 0.000707107
      endloop
   endfacet
   facet normal -1 0 0
      outer loop
         vertex 0.00525 0.0106675 -0.000160706
         vertex 0.00525 0.0112851 -0.00241489
         vertex 0.00525 0.000707107 -0.000707107
      endloop
   endfacet
   facet normal -1 0 0
      outer loop
         vertex 0.00525 1.38778e-17 -0.0033
         vertex 0.00525 0.000382683 -0.00092388
         vertex 0.00525 0.000707107 -0.000707107
      endloop
   endfacet
   facet normal -1 0 0
      outer loop
         vertex 0.00525 -0.000707107 -0.000707107
         vertex 0.00525 -0.000382683 -0.00092388
         vertex 0.00525 -0.00126286 -0.0030488
      endloop
   endfacet
   facet normal -1 0 0
      outer loop
         vertex 0.00525 -0.00092388 -0.000382683
         vertex 0.00525 -0.0030488 -0.00126286
         vertex 0.00525 -0.0033 -6.062e-19
      endloop
   endfacet
   facet normal -1 0 0
      outer loop
         vertex 0.00525 -0.000707107 0.000707107
         vertex 0.00525 -0.00092388 0.000382683
         vertex 0.00525 -0.0030488 0.00126286
      endloop
   endfacet
   facet normal -1 0 0
      outer loop
         vertex 0.00525 0.004 0.0033
         vertex 0.00525 0.00370711 0.00359289
         vertex 0.00525 0.00392388 0.00391732
      endloop
   endfacet
   facet normal -1 0 0
      outer loop
         vertex 0.00525 0.00338268 0.00337612
         vertex 0.00525 0.00370711 0.00359289
         vertex 0.00525 0.004 0.0033
      endloop
   endfacet
   facet normal -1 0 0
      outer loop
         vertex 0.00525 0.000707107 -0.000707107
         vertex 0.00525 0.011391 -0.00276094
         vertex 0.00525 1.38778e-17 -0.0033
      endloop
   endfacet
   facet normal -1 0 0
      outer loop
         vertex 0.00525 1.33778e-17 -0.001
         vertex 0.00525 1.38778e-17 -0.0033
         vertex 0.00525 -0.00126286 -0.0030488
      endloop
   endfacet
   facet normal -1 0 0
      outer loop
         vertex 0.00525 -0.001 -1.73287e-19
         vertex 0.00525 -0.0033 -6.062e-19
         vertex 0.00525 -0.0030488 0.00126286
      endloop
   endfacet
   facet normal -1 0 0
      outer loop
         vertex 0.00525 -0.00126286 0.0030488
         vertex 0.00525 -0.000382683 0.00092388
         vertex 0.00525 -0.000707107 0.000707107
      endloop
   endfacet
   facet normal -1 0 0
      outer loop
         vertex 0.00525 -0.00126286 0.0030488
         vertex 0.00525 1.25066e-17 0.0033
         vertex 0.00525 1.30104e-17 0.001
      endloop
   endfacet
   facet normal -1 0 0
      outer loop
         vertex 0.00525 0.000382683 0.00092388
         vertex 0.00525 1.30104e-17 0.001
         vertex 0.00525 1.25066e-17 0.0033
      endloop
   endfacet
   facet normal -1 0 0
      outer loop
         vertex 0.00525 1.38778e-17 -0.0033
         vertex 0.00525 0.0116132 -0.00304662
         vertex 0.00525 0.0119225 -0.00323451
      endloop
   endfacet
   facet normal -1 0 0
      outer loop
         vertex 0.00525 0.0112851 -0.00241489
         vertex 0.00525 0.011391 -0.00276094
         vertex 0.00525 0.000707107 -0.000707107
      endloop
   endfacet
   facet normal -1 0 0
      outer loop
         vertex 0.00525 -0.000707107 -0.000707107
         vertex 0.00525 -0.00233345 -0.00233345
         vertex 0.00525 -0.0030488 -0.00126286
      endloop
   endfacet
   facet normal -1 0 0
      outer loop
         vertex 0.00525 1.30104e-17 0.001
         vertex 0.00525 -0.000382683 0.00092388
         vertex 0.00525 -0.00126286 0.0030488
      endloop
   endfacet
   facet normal -1 0 0
      outer loop
         vertex 0.00525 0.004 0.0033
         vertex 0.00525 0.00092388 0.000382683
         vertex 0.00525 0.000707107 0.000707107
      endloop
   endfacet
   facet normal -1 0 0
      outer loop
         vertex 0.00525 0.004 0.0033
         vertex 0.00525 0.00092388 -0.000382683
         vertex 0.00525 0.001 -1.50402e-19
      endloop
   endfacet
   facet normal -1 0 0
      outer loop
         vertex 0.00525 0.011391 -0.00276094
         vertex 0.00525 0.0116132 -0.00304662
         vertex 0.00525 1.38778e-17 -0.0033
      endloop
   endfacet
   facet normal -1 0 0
      outer loop
         vertex 0.00525 -0.000707107 0.000707107
         vertex 0.00525 -0.00233345 0.00233345
         vertex 0.00525 -0.00126286 0.0030488
      endloop
   endfacet
   facet normal -1 0 0
      outer loop
         vertex 0.00525 0.001 -1.50402e-19
         vertex 0.00525 0.00092388 0.000382683
         vertex 0.00525 0.004 0.0033
      endloop
   endfacet
   facet normal -1 0 0
      outer loop
         vertex 0.00525 1.33778e-17 -0.001
         vertex 0.00525 0.000382683 -0.00092388
         vertex 0.00525 1.38778e-17 -0.0033
      endloop
   endfacet
   facet normal -1 0 0
      outer loop
         vertex 0.00525 0.004 0.0033
         vertex 0.00525 0.000707107 -0.000707107
         vertex 0.00525 0.00092388 -0.000382683
      endloop
   endfacet
   facet normal -1 0 0
      outer loop
         vertex 0.00525 0.00392388 0.00391732
         vertex 0.00525 0.004 0.0043
         vertex 0.00525 0.004 0.0033
      endloop
   endfacet
   facet normal -1 0 0
      outer loop
         vertex 0.00525 0.0119225 -0.00323451
         vertex 0.00525 0.0122785 -0.0033
         vertex 0.00525 1.38778e-17 -0.0033
      endloop
   endfacet
   facet normal 0 0.382683 -0.92388
      outer loop
         vertex 0.00525 -0.000382683 0.00092388
         vertex 0.00525 1.30104e-17 0.001
         vertex 0.0081 1.30104e-17 0.001
      endloop
   endfacet
   facet normal 0 0.707107 -0.707107
      outer loop
         vertex 0.00525 -0.000707107 0.000707107
         vertex 0.00525 -0.000382683 0.00092388
         vertex 0.0081 -0.000382683 0.00092388
      endloop
   endfacet
   facet normal 0 0.92388 -0.382683
      outer loop
         vertex 0.00525 -0.00092388 0.000382683
         vertex 0.00525 -0.000707107 0.000707107
         vertex 0.0081 -0.000707107 0.000707107
      endloop
   endfacet
   facet normal 0 1 1.83697e-16
      outer loop
         vertex 0.00525 -0.001 -1.73287e-19
         vertex 0.00525 -0.00092388 0.000382683
         vertex 0.0081 -0.00092388 0.000382683
      endloop
   endfacet
   facet normal 0 0.92388 0.382683
      outer loop
         vertex 0.00525 -0.00092388 -0.000382683
         vertex 0.00525 -0.001 -1.73287e-19
         vertex 0.0081 -0.001 -1.73287e-19
      endloop
   endfacet
   facet normal 0 0.707107 0.707107
      outer loop
         vertex 0.00525 -0.000707107 -0.000707107
         vertex 0.00525 -0.00092388 -0.000382683
         vertex 0.0081 -0.00092388 -0.000382683
      endloop
   endfacet
   facet normal 0 0.382683 0.92388
      outer loop
         vertex 0.00525 -0.000382683 -0.00092388
         vertex 0.00525 -0.000707107 -0.000707107
         vertex 0.0081 -0.000707107 -0.000707107
      endloop
   endfacet
   facet normal 0 -1.22465e-16 1
      outer loop
         vertex 0.00525 1.33778e-17 -0.001
         vertex 0.00525 -0.000382683 -0.00092388
         vertex 0.0081 -0.000382683 -0.00092388
      endloop
   endfacet
   facet normal 0 -0.382683 0.92388
      outer loop
         vertex 0.00525 0.000382683 -0.00092388
         vertex 0.00525 1.33778e-17 -0.001
         vertex 0.0081 1.31329e-17 -0.001
      endloop
   endfacet
   facet normal 0 -0.707107 0.707107
      outer loop
         vertex 0.00525 0.000707107 -0.000707107
         vertex 0.00525 0.000382683 -0.00092388
         vertex 0.0081 0.000382683 -0.00092388
      endloop
   endfacet
   facet normal 0 -0.92388 0.382683
      outer loop
         vertex 0.00525 0.00092388 -0.000382683
         vertex 0.00525 0.000707107 -0.000707107
         vertex 0.0081 0.000707107 -0.000707107
      endloop
   endfacet
   facet normal 0 -1 1.60812e-16
      outer loop
         vertex 0.00525 0.001 -1.50402e-19
         vertex 0.00525 0.00092388 -0.000382683
         vertex 0.0081 0.00092388 -0.000382683
      endloop
   endfacet
   facet normal 0 -0.92388 -0.382683
      outer loop
         vertex 0.00525 0.00092388 0.000382683
         vertex 0.00525 0.001 -1.50402e-19
         vertex 0.0081 0.001 -1.50402e-19
      endloop
   endfacet
   facet normal 0 -0.707107 -0.707107
      outer loop
         vertex 0.00525 0.000707107 0.000707107
         vertex 0.00525 0.00092388 0.000382683
         vertex 0.0081 0.00092388 0.000382683
      endloop
   endfacet
   facet normal 0 -0.382683 -0.92388
      outer loop
         vertex 0.00525 0.000382683 0.00092388
         vertex 0.00525 0.000707107 0.000707107
         vertex 0.0081 0.000707107 0.000707107
      endloop
   endfacet
   facet normal 0 2.44929e-16 -1
      outer loop
         vertex 0.00525 1.30104e-17 0.001
         vertex 0.00525 0.000382683 0.00092388
         vertex 0.0081 0.000382683 0.00092388
      endloop
   endfacet
   facet normal 0 -0.382683 -0.92388
      outer loop
         vertex 0.0081 0.000382683 0.00092388
         vertex 0.0081 1.30104e-17 0.001
         vertex 0.00525 1.30104e-17 0.001
      endloop
   endfacet
   facet normal 0 -0.707107 -0.707107
      outer loop
         vertex 0.0081 0.000707107 0.000707107
         vertex 0.0081 0.000382683 0.00092388
         vertex 0.00525 0.000382683 0.00092388
      endloop
   endfacet
   facet normal 0 -0.92388 -0.382683
      outer loop
         vertex 0.0081 0.00092388 0.000382683
         vertex 0.0081 0.000707107 0.000707107
         vertex 0.00525 0.000707107 0.000707107
      endloop
   endfacet
   facet normal 0 -1 1.60812e-16
      outer loop
         vertex 0.0081 0.001 -1.50402e-19
         vertex 0.0081 0.00092388 0.000382683
         vertex 0.00525 0.00092388 0.000382683
      endloop
   endfacet
   facet normal 0 -0.92388 0.382683
      outer loop
         vertex 0.0081 0.00092388 -0.000382683
         vertex 0.0081 0.001 -1.50402e-19
         vertex 0.00525 0.001 -1.50402e-19
      endloop
   endfacet
   facet normal 0 -0.707107 0.707107
      outer loop
         vertex 0.0081 0.000707107 -0.000707107
         vertex 0.0081 0.00092388 -0.000382683
         vertex 0.00525 0.00092388 -0.000382683
      endloop
   endfacet
   facet normal 0 -0.382683 0.92388
      outer loop
         vertex 0.0081 0.000382683 -0.00092388
         vertex 0.0081 0.000707107 -0.000707107
         vertex 0.00525 0.000707107 -0.000707107
      endloop
   endfacet
   facet normal 0 -1.22465e-16 1
      outer loop
         vertex 0.0081 1.31329e-17 -0.001
         vertex 0.0081 0.000382683 -0.00092388
         vertex 0.00525 0.000382683 -0.00092388
      endloop
   endfacet
   facet normal 0 0.382683 0.92388
      outer loop
         vertex 0.0081 -0.000382683 -0.00092388
         vertex 0.0081 1.31329e-17 -0.001
         vertex 0.00525 1.33778e-17 -0.001
      endloop
   endfacet
   facet normal 0 0.707107 0.707107
      outer loop
         vertex 0.0081 -0.000707107 -0.000707107
         vertex 0.0081 -0.000382683 -0.00092388
         vertex 0.00525 -0.000382683 -0.00092388
      endloop
   endfacet
   facet normal 0 0.92388 0.382683
      outer loop
         vertex 0.0081 -0.00092388 -0.000382683
         vertex 0.0081 -0.000707107 -0.000707107
         vertex 0.00525 -0.000707107 -0.000707107
      endloop
   endfacet
   facet normal 0 1 1.83697e-16
      outer loop
         vertex 0.0081 -0.001 -1.73287e-19
         vertex 0.0081 -0.00092388 -0.000382683
         vertex 0.00525 -0.00092388 -0.000382683
      endloop
   endfacet
   facet normal 0 0.92388 -0.382683
      outer loop
         vertex 0.0081 -0.00092388 0.000382683
         vertex 0.0081 -0.001 -1.73287e-19
         vertex 0.00525 -0.001 -1.73287e-19
      endloop
   endfacet
   facet normal 0 0.707107 -0.707107
      outer loop
         vertex 0.0081 -0.000707107 0.000707107
         vertex 0.0081 -0.00092388 0.000382683
         vertex 0.00525 -0.00092388 0.000382683
      endloop
   endfacet
   facet normal 0 0.382683 -0.92388
      outer loop
         vertex 0.0081 -0.000382683 0.00092388
         vertex 0.0081 -0.000707107 0.000707107
         vertex 0.00525 -0.000707107 0.000707107
      endloop
   endfacet
   facet normal 0 2.44929e-16 -1
      outer loop
         vertex 0.0081 1.30104e-17 0.001
         vertex 0.0081 -0.000382683 0.00092388
         vertex 0.00525 -0.000382683 0.00092388
      endloop
   endfacet
   facet normal 0 2.1684e-16 -1
      outer loop
         vertex -0.00345996 0.00562038 0.0033
         vertex -0.00525 0.00760616 0.0033
         vertex -0.00325 0.00760616 0.0033
      endloop
   endfacet
   facet normal 0 2.1684e-16 -1
      outer loop
         vertex -0.00325 0.00760616 0.0033
         vertex 0.00325 0.00760616 0.0033
         vertex 0.00120717 0.00648866 0.0033
      endloop
   endfacet
   facet normal 0 2.1684e-16 -1
      outer loop
         vertex -0.00525 0.00760616 0.0033
         vertex -0.00345996 0.00562038 0.0033
         vertex -0.00524976 0.004 0.0033
      endloop
   endfacet
   facet normal 0 2.1684e-16 -1
      outer loop
         vertex 0.00120717 0.00648866 0.0033
         vertex -0.00120717 0.00648866 0.0033
         vertex -0.00325 0.00760616 0.0033
      endloop
   endfacet
   facet normal 0 2.1684e-16 -1
      outer loop
         vertex 0.00345996 0.00562038 0.0033
         vertex 0.00120717 0.00648866 0.0033
         vertex 0.00325 0.00760616 0.0033
      endloop
   endfacet
   facet normal 0 2.1684e-16 -1
      outer loop
         vertex 0.00525 0.00760616 0.0033
         vertex 0.00525 0.004 0.0033
         vertex 0.00524976 0.004 0.0033
      endloop
   endfacet
   facet normal 0 2.1684e-16 -1
      outer loop
         vertex -0.00325 0.00760616 0.0033
         vertex -0.00120717 0.00648866 0.0033
         vertex -0.00345996 0.00562038 0.0033
      endloop
   endfacet
   facet normal 0 2.1684e-16 -1
      outer loop
         vertex 0.00524976 0.004 0.0033
         vertex 0.00345996 0.00562038 0.0033
         vertex 0.00525 0.00760616 0.0033
      endloop
   endfacet
   facet normal 0 2.1684e-16 -1
      outer loop
         vertex 0.00325 0.00760616 0.0033
         vertex 0.00525 0.00760616 0.0033
         vertex 0.00345996 0.00562038 0.0033
      endloop
   endfacet
   facet normal 0 2.1684e-16 -1
      outer loop
         vertex -0.00524976 0.004 0.0033
         vertex -0.00525 0.004 0.0033
         vertex -0.00525 0.00760616 0.0033
      endloop
   endfacet
   facet normal 0 -1 0
      outer loop
         vertex -0.00524976 0.004 0.0033
         vertex -0.00524976 0.004 0.00560463
         vertex -0.00525 0.004 0.0043
      endloop
   endfacet
   facet normal 0 -1 0
      outer loop
         vertex -0.0081 0.004 0.00560463
         vertex -0.0081 0.004 0.0043
         vertex -0.00525 0.004 0.0043
      endloop
   endfacet
   facet normal 0 -1 0
      outer loop
         vertex -0.00525 0.004 0.0043
         vertex -0.00524976 0.004 0.00560463
         vertex -0.0081 0.004 0.00560463
      endloop
   endfacet
   facet normal 0 -1 0
      outer loop
         vertex -0.00525 0.004 0.0043
         vertex -0.00525 0.004 0.0033
         vertex -0.00524976 0.004 0.0033
      endloop
   endfacet
   facet normal 0 -1 0
      outer loop
         vertex 0.00524976 0.004 0.00560463
         vertex 0.00524976 0.004 0.0033
         vertex 0.00525 0.004 0.0043
      endloop
   endfacet
   facet normal 0 -1 0
      outer loop
         vertex 0.00525 0.004 0.0043
         vertex 0.0081 0.004 0.00560463
         vertex 0.00524976 0.004 0.00560463
      endloop
   endfacet
   facet normal 0 -1 0
      outer loop
         vertex 0.00524976 0.004 0.0033
         vertex 0.00525 0.004 0.0033
         vertex 0.00525 0.004 0.0043
      endloop
   endfacet
   facet normal 0 -1 0
      outer loop
         vertex 0.00525 0.004 0.0043
         vertex 0.0081 0.004 0.0043
         vertex 0.0081 0.004 0.00560463
      endloop
   endfacet
   facet normal -0.524237 -0.851573 -1.84655e-16
      outer loop
         vertex 0.00345996 0.00562038 0.0033
         vertex 0.00473203 0.00460086 0.00771314
         vertex 0.00429027 0.00501533 0.00826767
      endloop
   endfacet
   facet normal -0.524237 -0.851573 -1.84655e-16
      outer loop
         vertex 0.00345996 0.00562038 0.0033
         vertex 0.00519775 0.00406735 0.00633558
         vertex 0.00503901 0.00426244 0.00702965
      endloop
   endfacet
   facet normal -0.763486 -0.645825 0
      outer loop
         vertex 0.00503901 0.00426244 0.00702965
         vertex 0.00473203 0.00460086 0.00771314
         vertex 0.00345996 0.00562038 0.0033
      endloop
   endfacet
   facet normal -0.524237 -0.851573 -1.84655e-16
      outer loop
         vertex 0.00345996 0.00562038 0.0033
         vertex 0.00524976 0.004 0.00560463
         vertex 0.00519775 0.00406735 0.00633558
      endloop
   endfacet
   facet normal -0.524237 -0.851573 -1.84655e-16
      outer loop
         vertex 0.00345996 0.00562038 0.0033
         vertex 0.00524976 0.004 0.0033
         vertex 0.00524976 0.004 0.00560463
      endloop
   endfacet
   facet normal -0.182904 -0.983131 -2.13183e-16
      outer loop
         vertex 0.00120717 0.00648866 0.0033
         vertex 0.00345996 0.00562038 0.0033
         vertex 0.00345996 0.00562038 0.00881982
      endloop
   endfacet
   facet normal -0.524237 -0.851573 0
      outer loop
         vertex 0.00345996 0.00562038 0.00881982
         vertex 0.0023698 0.00615987 0.00915624
         vertex 0.00120717 0.00648866 0.0033
      endloop
   endfacet
   facet normal 0.182904 -0.983131 -2.13183e-16
      outer loop
         vertex -0.00120717 0.00648866 0.0033
         vertex 0.00120717 0.00648866 0.0033
         vertex 0.00120717 0.00648866 0.00930813
      endloop
   endfacet
   facet normal 0.182904 -0.983131 -2.13183e-16
      outer loop
         vertex -0.00120717 0.00648866 0.0033
         vertex -0.0023698 0.00615987 0.00915624
         vertex -0.00345996 0.00562038 0.00881982
      endloop
   endfacet
   facet normal 0.182904 -0.983131 -2.13183e-16
      outer loop
         vertex -0.00120717 0.00648866 0.0033
         vertex -0.00120717 0.00648866 0.00930813
         vertex -0.0023698 0.00615987 0.00915624
      endloop
   endfacet
   facet normal 0.524237 -0.851573 0
      outer loop
         vertex -0.00345996 0.00562038 0.0033
         vertex -0.00345996 0.00562038 0.00881982
         vertex -0.00429027 0.00501533 0.00826767
      endloop
   endfacet
   facet normal 0.650041 -0.759899 0
      outer loop
         vertex -0.00429027 0.00501533 0.00826767
         vertex -0.00473154 0.00460136 0.00771395
         vertex -0.00345996 0.00562038 0.0033
      endloop
   endfacet
   facet normal 0.7169 -0.697176 0
      outer loop
         vertex -0.00473154 0.00460136 0.00771395
         vertex -0.00503901 0.00426244 0.00702965
         vertex -0.00345996 0.00562038 0.0033
      endloop
   endfacet
   facet normal 0.763486 -0.645825 0
      outer loop
         vertex -0.00503901 0.00426244 0.00702965
         vertex -0.00519703 0.00406827 0.00634051
         vertex -0.00345996 0.00562038 0.0033
      endloop
   endfacet
   facet normal 0.787429 -0.616405 0
      outer loop
         vertex -0.00519703 0.00406827 0.00634051
         vertex -0.00524976 0.004 0.00560463
         vertex -0.00345996 0.00562038 0.0033
      endloop
   endfacet
   facet normal 0.795418 -0.606061 -1.31418e-16
      outer loop
         vertex -0.00524976 0.004 0.00560463
         vertex -0.00524976 0.004 0.0033
         vertex -0.00345996 0.00562038 0.0033
      endloop
   endfacet
   facet normal 0.524237 -0.851573 0
      outer loop
         vertex -0.00345996 0.00562038 0.00881982
         vertex -0.00345996 0.00562038 0.0033
         vertex -0.00120717 0.00648866 0.0033
      endloop
   endfacet
   facet normal -0.182904 -0.983131 0
      outer loop
         vertex 0.00120717 0.00648866 0.00930813
         vertex -0.00120717 0.00648866 0.00930813
         vertex -0.00120717 0.00648866 0.0033
      endloop
   endfacet
   facet normal -0.359061 -0.933314 0
      outer loop
         vertex 0.0023698 0.00615987 0.00915624
         vertex 0.00120717 0.00648866 0.00930813
         vertex 0.00120717 0.00648866 0.0033
      endloop
   endfacet
   facet normal -0.650041 -0.759899 0
      outer loop
         vertex 0.00429027 0.00501533 0.00826767
         vertex 0.00345996 0.00562038 0.00881982
         vertex 0.00345996 0.00562038 0.0033
      endloop
   endfacet
   facet normal 0 0.906308 0.422618
      outer loop
         vertex -0.00525 0.0509665 0.00931504
         vertex -0.00525 0.0548588 0.000967855
         vertex -0.0081 0.0544708 0.0018
      endloop
   endfacet
   facet normal 0 0.906308 0.422618
      outer loop
         vertex -0.0081 0.0544708 0.0018
         vertex -0.0081 0.0509665 0.00931504
         vertex -0.00525 0.0509665 0.00931504
      endloop
   endfacet
   facet normal 0 0.906308 0.422618
      outer loop
         vertex 0.00525 0.0509665 0.00931504
         vertex 0.0081 0.0509665 0.00931504
         vertex 0.0081 0.0544708 0.0018
      endloop
   endfacet
   facet normal 0 0.906308 0.422618
      outer loop
         vertex -0.00525 0.0548588 0.000967855
         vertex -0.0081 0.0548588 0.000967855
         vertex -0.0081 0.0544708 0.0018
      endloop
   endfacet
   facet normal 0 0.906308 0.422618
      outer loop
         vertex 0.00783215 0.0508416 0.00958289
         vertex 0.00525 0.0509665 0.00931504
         vertex -0.00525 0.0509665 0.00931504
      endloop
   endfacet
   facet normal 0 0.906308 0.422618
      outer loop
         vertex 0.00525 0.0509665 0.00931504
         vertex 0.00783215 0.0508416 0.00958289
         vertex 0.0081 0.0509665 0.00931504
      endloop
   endfacet
   facet normal 0 0.906308 0.422618
      outer loop
         vertex -0.00525 0.0509665 0.00931504
         vertex -0.00783215 0.0508416 0.00958289
         vertex 0.00783215 0.0508416 0.00958289
      endloop
   endfacet
   facet normal 0 0.906308 0.422618
      outer loop
         vertex 0.0081 0.0544708 0.0018
         vertex 0.00525 0.0548588 0.000967855
         vertex 0.00525 0.0509665 0.00931504
      endloop
   endfacet
   facet normal 0 0.906308 0.422618
      outer loop
         vertex 0.0081 0.0544708 0.0018
         vertex 0.0081 0.0548588 0.000967855
         vertex 0.00525 0.0548588 0.000967855
      endloop
   endfacet
   facet normal 0 0.906308 0.422618
      outer loop
         vertex -0.0081 0.0509665 0.00931504
         vertex -0.00783215 0.0508416 0.00958289
         vertex -0.00525 0.0509665 0.00931504
      endloop
   endfacet
   facet normal 0 0.906308 0.422618
      outer loop
         vertex -0.00783215 0.0508416 0.00958289
         vertex -0.00691788 0.0501814 0.0104972
         vertex 0.00691788 0.0501814 0.0104972
      endloop
   endfacet
   facet normal 0 0.5373 0.843391
      outer loop
         vertex 0.00656983 0.0497345 0.0108452
         vertex -0.00656983 0.0497345 0.0108452
         vertex -0.00631196 0.0492303 0.0111031
      endloop
   endfacet
   facet normal 0 0.5373 0.843391
      outer loop
         vertex 0.00656983 0.0497345 0.0108452
         vertex -0.00691788 0.0501814 0.0104972
         vertex -0.00656983 0.0497345 0.0108452
      endloop
   endfacet
   facet normal 0 0.369206 0.929348
      outer loop
         vertex -0.00631196 0.0492303 0.0111031
         vertex 0.00631196 0.0492303 0.0111031
         vertex 0.00656983 0.0497345 0.0108452
      endloop
   endfacet
   facet normal 0 0.187953 0.982178
      outer loop
         vertex 0.00615347 0.0486865 0.0112616
         vertex -0.00615347 0.0486865 0.0112616
         vertex -0.0061 0.0481226 0.011315
      endloop
   endfacet
   facet normal 0 0.187953 0.982178
      outer loop
         vertex 0.00615347 0.0486865 0.0112616
         vertex -0.00631196 0.0492303 0.0111031
         vertex -0.00615347 0.0486865 0.0112616
      endloop
   endfacet
   facet normal 0 0 1
      outer loop
         vertex -0.0061 0.0481226 0.011315
         vertex 0.0061 0.0481226 0.011315
         vertex 0.00615347 0.0486865 0.0112616
      endloop
   endfacet
   facet normal 0 0.187953 0.982178
      outer loop
         vertex 0.00615347 0.0486865 0.0112616
         vertex 0.00631196 0.0492303 0.0111031
         vertex -0.00631196 0.0492303 0.0111031
      endloop
   endfacet
   facet normal 0 0.5373 0.843391
      outer loop
         vertex 0.00656983 0.0497345 0.0108452
         vertex 0.00691788 0.0501814 0.0104972
         vertex -0.00691788 0.0501814 0.0104972
      endloop
   endfacet
   facet normal 0 0.686242 0.727374
      outer loop
         vertex 0.00691788 0.0501814 0.0104972
         vertex 0.00783215 0.0508416 0.00958289
         vertex -0.00783215 0.0508416 0.00958289
      endloop
   endfacet
   facet normal 0.707107 -2.04439e-16 0.707107
      outer loop
         vertex 0.0061 0.0481226 0.011315
         vertex 0.00656983 0.0497345 0.0108452
         vertex 0.00631196 0.0492303 0.0111031
      endloop
   endfacet
   facet normal 0.707107 -2.04439e-16 0.707107
      outer loop
         vertex 0.0061 0.0481226 0.011315
         vertex 0.00783215 0.0508416 0.00958289
         vertex 0.00691788 0.0501814 0.0104972
      endloop
   endfacet
   facet normal 0.707107 -2.04439e-16 0.707107
      outer loop
         vertex 0.00691788 0.0501814 0.0104972
         vertex 0.00656983 0.0497345 0.0108452
         vertex 0.0061 0.0481226 0.011315
      endloop
   endfacet
   facet normal 0.707107 -2.04439e-16 0.707107
      outer loop
         vertex 0.0081 0.0380338 0.00931504
         vertex 0.0081 0.0509665 0.00931504
         vertex 0.0061 0.0481226 0.011315
      endloop
   endfacet
   facet normal 0.707107 -2.04439e-16 0.707107
      outer loop
         vertex 0.0061 0.0481226 0.011315
         vertex 0.0081 0.0509665 0.00931504
         vertex 0.00783215 0.0508416 0.00958289
      endloop
   endfacet
   facet normal 0.707107 -2.04439e-16 0.707107
      outer loop
         vertex 0.00631196 0.0492303 0.0111031
         vertex 0.00615347 0.0486865 0.0112616
         vertex 0.0061 0.0481226 0.011315
      endloop
   endfacet
   facet normal 0.707107 -2.04439e-16 0.707107
      outer loop
         vertex 0.0061 0.0481226 0.011315
         vertex 0.0061 0.0380338 0.011315
         vertex 0.0081 0.0380338 0.00931504
      endloop
   endfacet
   facet normal -0.707107 -2.04439e-16 0.707107
      outer loop
         vertex -0.0061 0.0481226 0.011315
         vertex -0.00656983 0.0497345 0.0108452
         vertex -0.00691788 0.0501814 0.0104972
      endloop
   endfacet
   facet normal -0.707107 -2.04439e-16 0.707107
      outer loop
         vertex -0.0061 0.0481226 0.011315
         vertex -0.00615347 0.0486865 0.0112616
         vertex -0.00631196 0.0492303 0.0111031
      endloop
   endfacet
   facet normal -0.707107 -2.04439e-16 0.707107
      outer loop
         vertex -0.00631196 0.0492303 0.0111031
         vertex -0.00656983 0.0497345 0.0108452
         vertex -0.0061 0.0481226 0.011315
      endloop
   endfacet
   facet normal -0.707107 -2.04439e-16 0.707107
      outer loop
         vertex -0.00691788 0.0501814 0.0104972
         vertex -0.00783215 0.0508416 0.00958289
         vertex -0.0061 0.0481226 0.011315
      endloop
   endfacet
   facet normal -0.707107 -2.04439e-16 0.707107
      outer loop
         vertex -0.0081 0.0380338 0.00931504
         vertex -0.0061 0.0380338 0.011315
         vertex -0.0061 0.0481226 0.011315
      endloop
   endfacet
   facet normal -0.707107 -2.04439e-16 0.707107
      outer loop
         vertex -0.0061 0.0481226 0.011315
         vertex -0.0081 0.0509665 0.00931504
         vertex -0.0081 0.0380338 0.00931504
      endloop
   endfacet
   facet normal -0.707107 -2.04439e-16 0.707107
      outer loop
         vertex -0.00783215 0.0508416 0.00958289
         vertex -0.0081 0.0509665 0.00931504
         vertex -0.0061 0.0481226 0.011315
      endloop
   endfacet
   facet normal 0 -1 -1.83697e-16
      outer loop
         vertex -0.0081 0.004 0.00560463
         vertex -0.00524976 0.004 0.00560463
         vertex -0.00519703 0.00406827 0.00634051
      endloop
   endfacet
   facet normal 0 -0.982932 0.183968
      outer loop
         vertex -0.00519703 0.00406827 0.00634051
         vertex -0.0081 0.00426244 0.00702965
         vertex -0.0081 0.004 0.00560463
      endloop
   endfacet
   facet normal 0 -0.934389 0.356253
      outer loop
         vertex -0.00503901 0.00426244 0.00702965
         vertex -0.00473154 0.00460136 0.00771395
         vertex -0.00710208 0.00501533 0.00826767
      endloop
   endfacet
   facet normal 0 -0.746167 0.665759
      outer loop
         vertex -0.00710208 0.00501533 0.00826767
         vertex -0.0081 0.0043209 0.00717441
         vertex -0.00503901 0.00426244 0.00702965
      endloop
   endfacet
   facet normal 0 -0.919776 0.392445
      outer loop
         vertex -0.0081 0.0043209 0.00717441
         vertex -0.0081 0.00426244 0.00702965
         vertex -0.00503901 0.00426244 0.00702965
      endloop
   endfacet
   facet normal 0 -0.460032 0.887903
      outer loop
         vertex -0.00635866 0.00615987 0.00915624
         vertex -0.0066857 0.00552959 0.00875059
         vertex -0.00429027 0.00501533 0.00826767
      endloop
   endfacet
   facet normal 0 -0.746167 0.665759
      outer loop
         vertex -0.00429027 0.00501533 0.00826767
         vertex -0.00345996 0.00562038 0.00881982
         vertex -0.00635866 0.00615987 0.00915624
      endloop
   endfacet
   facet normal 0 -0.617603 0.78649
      outer loop
         vertex -0.0066857 0.00552959 0.00875059
         vertex -0.00710208 0.00501533 0.00826767
         vertex -0.00429027 0.00501533 0.00826767
      endloop
   endfacet
   facet normal 0 -0.11353 0.993535
      outer loop
         vertex 0.0061 0.00754588 0.00957877
         vertex 0.00120717 0.00648866 0.00930813
         vertex 0.0023698 0.00615987 0.00915624
      endloop
   endfacet
   facet normal 0 -0.460032 0.887903
      outer loop
         vertex 0.0023698 0.00615987 0.00915624
         vertex 0.00635866 0.00615987 0.00915624
         vertex 0.00616687 0.00682461 0.00942804
      endloop
   endfacet
   facet normal 0 -0.11353 0.993535
      outer loop
         vertex -0.0061 0.00754588 0.00957877
         vertex -0.00120717 0.00648866 0.00930813
         vertex 0.00120717 0.00648866 0.00930813
      endloop
   endfacet
   facet normal 0 -0.11353 0.993535
      outer loop
         vertex -0.0061 0.00754588 0.00957877
         vertex -0.00616766 0.00682045 0.00942676
         vertex -0.0023698 0.00615987 0.00915624
      endloop
   endfacet
   facet normal 0 -0.460032 0.887903
      outer loop
         vertex -0.0023698 0.00615987 0.00915624
         vertex -0.00120717 0.00648866 0.00930813
         vertex -0.0061 0.00754588 0.00957877
      endloop
   endfacet
   facet normal 0 -0.294888 0.955532
      outer loop
         vertex -0.00616766 0.00682045 0.00942676
         vertex -0.00635866 0.00615987 0.00915624
         vertex -0.0023698 0.00615987 0.00915624
      endloop
   endfacet
   facet normal 0 -0.377834 0.925873
      outer loop
         vertex 0.00120717 0.00648866 0.00930813
         vertex 0.0061 0.00754588 0.00957877
         vertex -0.0061 0.00754588 0.00957877
      endloop
   endfacet
   facet normal 0 -0.460032 0.887903
      outer loop
         vertex 0.00635866 0.00615987 0.00915624
         vertex 0.00345996 0.00562038 0.00881982
         vertex 0.00429027 0.00501533 0.00826767
      endloop
   endfacet
   facet normal 0 -0.746167 0.665759
      outer loop
         vertex 0.00429027 0.00501533 0.00826767
         vertex 0.00710208 0.00501533 0.00826767
         vertex 0.00668701 0.00552761 0.00874903
      endloop
   endfacet
   facet normal 0 -0.460032 0.887903
      outer loop
         vertex 0.00635866 0.00615987 0.00915624
         vertex 0.0023698 0.00615987 0.00915624
         vertex 0.00345996 0.00562038 0.00881982
      endloop
   endfacet
   facet normal 0 -0.934389 0.356253
      outer loop
         vertex 0.00503901 0.00426244 0.00702965
         vertex 0.0081 0.0043209 0.00717441
         vertex 0.00710208 0.00501533 0.00826767
      endloop
   endfacet
   facet normal 0 -0.934389 0.356253
      outer loop
         vertex 0.00503901 0.00426244 0.00702965
         vertex 0.0081 0.00426244 0.00702965
         vertex 0.0081 0.0043209 0.00717441
      endloop
   endfacet
   facet normal 0 -0.746167 0.665759
      outer loop
         vertex 0.00710208 0.00501533 0.00826767
         vertex 0.00429027 0.00501533 0.00826767
         vertex 0.00473203 0.00460086 0.00771314
      endloop
   endfacet
   facet normal 0 -1 -1.83697e-16
      outer loop
         vertex 0.0081 0.004 0.00560463
         vertex 0.0081 0.00426244 0.00702965
         vertex 0.00519775 0.00406735 0.00633558
      endloop
   endfacet
   facet normal 0 -0.934389 0.356253
      outer loop
         vertex 0.0081 0.00426244 0.00702965
         vertex 0.00503901 0.00426244 0.00702965
         vertex 0.00519775 0.00406735 0.00633558
      endloop
   endfacet
   facet normal 0 -0.983162 0.182737
      outer loop
         vertex 0.00519775 0.00406735 0.00633558
         vertex 0.00524976 0.004 0.00560463
         vertex 0.0081 0.004 0.00560463
      endloop
   endfacet
   facet normal 0 -0.746167 0.665759
      outer loop
         vertex 0.00710208 0.00501533 0.00826767
         vertex 0.00473203 0.00460086 0.00771314
         vertex 0.00503901 0.00426244 0.00702965
      endloop
   endfacet
   facet normal 0 -0.746167 0.665759
      outer loop
         vertex 0.00429027 0.00501533 0.00826767
         vertex 0.00668701 0.00552761 0.00874903
         vertex 0.00635866 0.00615987 0.00915624
      endloop
   endfacet
   facet normal 0 -0.460032 0.887903
      outer loop
         vertex 0.0023698 0.00615987 0.00915624
         vertex 0.00616687 0.00682461 0.00942804
         vertex 0.0061 0.00754588 0.00957877
      endloop
   endfacet
   facet normal 0 -0.594905 0.803796
      outer loop
         vertex -0.00345996 0.00562038 0.00881982
         vertex -0.0023698 0.00615987 0.00915624
         vertex -0.00635866 0.00615987 0.00915624
      endloop
   endfacet
   facet normal 0 -0.84966 0.52733
      outer loop
         vertex -0.00473154 0.00460136 0.00771395
         vertex -0.00429027 0.00501533 0.00826767
         vertex -0.00710208 0.00501533 0.00826767
      endloop
   endfacet
   facet normal 0 -0.982932 0.183968
      outer loop
         vertex -0.00519703 0.00406827 0.00634051
         vertex -0.00503901 0.00426244 0.00702965
         vertex -0.0081 0.00426244 0.00702965
      endloop
   endfacet
   facet normal 0 -0.11353 0.993535
      outer loop
         vertex -0.0061 0.00754588 0.00957877
         vertex 0.0061 0.00754588 0.00957877
         vertex 0.0061 0.0380338 0.011315
      endloop
   endfacet
   facet normal 0 -2.44929e-16 1
      outer loop
         vertex 0.0061 0.0380338 0.011315
         vertex -0.0061 0.0380338 0.011315
         vertex -0.0061 0.00754588 0.00957877
      endloop
   endfacet
   facet normal 0 -2.44929e-16 1
      outer loop
         vertex -0.0061 0.0481226 0.011315
         vertex -0.0061 0.0380338 0.011315
         vertex 0.0061 0.0380338 0.011315
      endloop
   endfacet
   facet normal 0 -2.44929e-16 1
      outer loop
         vertex 0.0061 0.0380338 0.011315
         vertex 0.0061 0.0481226 0.011315
         vertex -0.0061 0.0481226 0.011315
      endloop
   endfacet
   facet normal 0.707107 -0.0848588 0.701996
      outer loop
         vertex 0.0071 0.00592623 0.00838146
         vertex 0.0061 0.00754588 0.00957877
         vertex 0.00616687 0.00682461 0.00942804
      endloop
   endfacet
   facet normal 0.707107 -0.0821978 0.702313
      outer loop
         vertex 0.00616687 0.00682461 0.00942804
         vertex 0.00635866 0.00615987 0.00915624
         vertex 0.0071 0.00592623 0.00838146
      endloop
   endfacet
   facet normal 0.707107 -0.0848588 0.701996
      outer loop
         vertex 0.0071 0.00592623 0.00838146
         vertex 0.00668701 0.00552761 0.00874903
         vertex 0.00710208 0.00501533 0.00826767
      endloop
   endfacet
   facet normal 0.707107 -0.087267 0.701701
      outer loop
         vertex 0.00710208 0.00501533 0.00826767
         vertex 0.0081 0.0043209 0.00717441
         vertex 0.0071 0.00592623 0.00838146
      endloop
   endfacet
   facet normal 0.707107 -0.0802781 0.702535
      outer loop
         vertex 0.0061 0.00754588 0.00957877
         vertex 0.0071 0.00592623 0.00838146
         vertex 0.0081 0.025 0.00848745
      endloop
   endfacet
   facet normal 0.707107 -0.0346431 0.706258
      outer loop
         vertex 0.0081 0.025 0.00848745
         vertex 0.0061 0.0380338 0.011315
         vertex 0.0061 0.00754588 0.00957877
      endloop
   endfacet
   facet normal 0.707107 -0.0848588 0.701996
      outer loop
         vertex 0.0071 0.00592623 0.00838146
         vertex 0.0081 0.0043209 0.00717441
         vertex 0.0081 0.025 0.00848745
      endloop
   endfacet
   facet normal 0.707107 -0.0840085 0.702099
      outer loop
         vertex 0.00635866 0.00615987 0.00915624
         vertex 0.00668701 0.00552761 0.00874903
         vertex 0.0071 0.00592623 0.00838146
      endloop
   endfacet
   facet normal 0.707107 -0.0346431 0.706258
      outer loop
         vertex 0.0081 0.025 0.00848745
         vertex 0.0081 0.0380338 0.00931504
         vertex 0.0061 0.0380338 0.011315
      endloop
   endfacet
   facet normal -0.707107 -0.0802781 0.702535
      outer loop
         vertex -0.0061 0.00754588 0.00957877
         vertex -0.0061 0.0380338 0.011315
         vertex -0.0081 0.025 0.00848745
      endloop
   endfacet
   facet normal -0.707107 -0.0346431 0.706258
      outer loop
         vertex -0.0081 0.025 0.00848745
         vertex -0.0081 0.0043209 0.00717441
         vertex -0.0071 0.00592623 0.00838146
      endloop
   endfacet
   facet normal -0.707107 -0.0848588 0.701996
      outer loop
         vertex -0.0071 0.00592623 0.00838146
         vertex -0.0081 0.0043209 0.00717441
         vertex -0.00710208 0.00501533 0.00826767
      endloop
   endfacet
   facet normal -0.707107 -0.0848588 0.701996
      outer loop
         vertex -0.0071 0.00592623 0.00838146
         vertex -0.00635866 0.00615987 0.00915624
         vertex -0.00616766 0.00682045 0.00942676
      endloop
   endfacet
   facet normal -0.707107 -0.0848588 0.701996
      outer loop
         vertex -0.0071 0.00592623 0.00838146
         vertex -0.0066857 0.00552959 0.00875059
         vertex -0.00635866 0.00615987 0.00915624
      endloop
   endfacet
   facet normal -0.707107 -0.082209 0.702312
      outer loop
         vertex -0.00616766 0.00682045 0.00942676
         vertex -0.0061 0.00754588 0.00957877
         vertex -0.0071 0.00592623 0.00838146
      endloop
   endfacet
   facet normal -0.707107 -0.087267 0.701701
      outer loop
         vertex -0.00710208 0.00501533 0.00826767
         vertex -0.0066857 0.00552959 0.00875059
         vertex -0.0071 0.00592623 0.00838146
      endloop
   endfacet
   facet normal -0.707107 8.65956e-17 0.707107
      outer loop
         vertex -0.0061 0.0380338 0.011315
         vertex -0.0081 0.0380338 0.00931504
         vertex -0.0081 0.025 0.00848745
      endloop
   endfacet
   facet normal -0.707107 -0.0346431 0.706258
      outer loop
         vertex -0.0081 0.025 0.00848745
         vertex -0.0071 0.00592623 0.00838146
         vertex -0.0061 0.00754588 0.00957877
      endloop
   endfacet
   facet normal 1 0 0
      outer loop
         vertex 0.0081 0.025 0.0018
         vertex 0.0081 -0.00268989 0.0018
         vertex 0.0081 1.30104e-17 0.001
      endloop
   endfacet
   facet normal 1 0 0
      outer loop
         vertex 0.0081 -0.00268989 0.0018
         vertex 0.0081 -0.0030488 0.00126286
         vertex 0.0081 -0.00092388 0.000382683
      endloop
   endfacet
   facet normal 1 0 0
      outer loop
         vertex 0.0081 -0.0030488 0.00126286
         vertex 0.0081 -0.0033 -6.062e-19
         vertex 0.0081 -0.001 -1.73287e-19
      endloop
   endfacet
   facet normal 1 0 0
      outer loop
         vertex 0.0081 -0.0033 -6.062e-19
         vertex 0.0081 -0.0030488 -0.00126286
         vertex 0.0081 -0.00092388 -0.000382683
      endloop
   endfacet
   facet normal 1 0 0
      outer loop
         vertex 0.0081 -0.00276586 -0.0018
         vertex 0.0081 -0.000707107 -0.000707107
         vertex 0.0081 -0.00092388 -0.000382683
      endloop
   endfacet
   facet normal 1 0 0
      outer loop
         vertex 0.0081 1.30104e-17 0.001
         vertex 0.0081 0.000382683 0.00092388
         vertex 0.0081 0.025 0.0018
      endloop
   endfacet
   facet normal 1 0 0
      outer loop
         vertex 0.0081 -0.00268989 0.0018
         vertex 0.0081 -0.000707107 0.000707107
         vertex 0.0081 -0.000382683 0.00092388
      endloop
   endfacet
   facet normal 1 0 0
      outer loop
         vertex 0.0081 -0.001 -1.73287e-19
         vertex 0.0081 -0.00092388 0.000382683
         vertex 0.0081 -0.0030488 0.00126286
      endloop
   endfacet
   facet normal 1 0 0
      outer loop
         vertex 0.0081 -0.00092388 -0.000382683
         vertex 0.0081 -0.0030488 -0.00126286
         vertex 0.0081 -0.00276586 -0.0018
      endloop
   endfacet
   facet normal 1 0 0
      outer loop
         vertex 0.0081 -0.000382683 0.00092388
         vertex 0.0081 1.30104e-17 0.001
         vertex 0.0081 -0.00268989 0.0018
      endloop
   endfacet
   facet normal 1 0 0
      outer loop
         vertex 0.0081 -0.00092388 -0.000382683
         vertex 0.0081 -0.001 -1.73287e-19
         vertex 0.0081 -0.0033 -6.062e-19
      endloop
   endfacet
   facet normal 1 0 0
      outer loop
         vertex 0.0081 -0.00092388 0.000382683
         vertex 0.0081 -0.000707107 0.000707107
         vertex 0.0081 -0.00268989 0.0018
      endloop
   endfacet
   facet normal 1 0 0
      outer loop
         vertex 0.0081 -0.00276586 -0.0018
         vertex 0.0081 1.31329e-17 -0.001
         vertex 0.0081 -0.000382683 -0.00092388
      endloop
   endfacet
   facet normal 1 0 0
      outer loop
         vertex 0.0081 0.025 -0.0018
         vertex 0.0081 0.025 0.0018
         vertex 0.0081 0.001 -1.50402e-19
      endloop
   endfacet
   facet normal 1 0 0
      outer loop
         vertex 0.0081 -0.000382683 -0.00092388
         vertex 0.0081 -0.000707107 -0.000707107
         vertex 0.0081 -0.00276586 -0.0018
      endloop
   endfacet
   facet normal 1 0 0
      outer loop
         vertex 0.0081 0.025 -0.0018
         vertex 0.0081 0.000382683 -0.00092388
         vertex 0.0081 1.31329e-17 -0.001
      endloop
   endfacet
   facet normal 1 0 0
      outer loop
         vertex 0.0081 0.025 -0.0018
         vertex 0.0081 0.00092388 -0.000382683
         vertex 0.0081 0.000707107 -0.000707107
      endloop
   endfacet
   facet normal 1 0 0
      outer loop
         vertex 0.0081 0.025 0.0018
         vertex 0.0081 0.00092388 0.000382683
         vertex 0.0081 0.001 -1.50402e-19
      endloop
   endfacet
   facet normal 1 0 0
      outer loop
         vertex 0.0081 0.000382683 0.00092388
         vertex 0.0081 0.000707107 0.000707107
         vertex 0.0081 0.025 0.0018
      endloop
   endfacet
   facet normal 1 0 0
      outer loop
         vertex 0.0081 0.000707107 -0.000707107
         vertex 0.0081 0.000382683 -0.00092388
         vertex 0.0081 0.025 -0.0018
      endloop
   endfacet
   facet normal 1 0 0
      outer loop
         vertex 0.0081 0.000707107 0.000707107
         vertex 0.0081 0.00092388 0.000382683
         vertex 0.0081 0.025 0.0018
      endloop
   endfacet
   facet normal 1 0 0
      outer loop
         vertex 0.0081 0.001 -1.50402e-19
         vertex 0.0081 0.00092388 -0.000382683
         vertex 0.0081 0.025 -0.0018
      endloop
   endfacet
   facet normal 1 0 0
      outer loop
         vertex 0.0081 0.054738 -0.0018
         vertex 0.0081 0.055059 -0.000991848
         vertex 0.0081 0.0529239 -0.000382683
      endloop
   endfacet
   facet normal 1 0 0
      outer loop
         vertex 0.0081 0.0544708 0.0018
         vertex 0.0081 0.0527071 0.000707107
         vertex 0.0081 0.0529239 0.000382683
      endloop
   endfacet
   facet normal 1 0 0
      outer loop
         vertex 0.0081 0.0529239 -0.000382683
         vertex 0.0081 0.0527071 -0.000707107
         vertex 0.0081 0.054738 -0.0018
      endloop
   endfacet
   facet normal 1 0 0
      outer loop
         vertex 0.0081 0.055059 -0.000991848
         vertex 0.0081 0.0551244 4.90523e-06
         vertex 0.0081 0.053 7.11036e-18
      endloop
   endfacet
   facet normal 1 0 0
      outer loop
         vertex 0.0081 0.0548588 0.000967855
         vertex 0.0081 0.0529239 0.000382683
         vertex 0.0081 0.053 7.11036e-18
      endloop
   endfacet
   facet normal 1 0 0
      outer loop
         vertex 0.0081 0.0544708 0.0018
         vertex 0.0081 0.0523827 0.00092388
         vertex 0.0081 0.0527071 0.000707107
      endloop
   endfacet
   facet normal 1 0 0
      outer loop
         vertex 0.0081 0.025 0.0018
         vertex 0.0081 0.0516173 0.00092388
         vertex 0.0081 0.052 0.001
      endloop
   endfacet
   facet normal 1 0 0
      outer loop
         vertex 0.0081 0.025 0.0018
         vertex 0.0081 0.0510761 0.000382683
         vertex 0.0081 0.0512929 0.000707107
      endloop
   endfacet
   facet normal 1 0 0
      outer loop
         vertex 0.0081 0.0527071 -0.000707107
         vertex 0.0081 0.0523827 -0.00092388
         vertex 0.0081 0.054738 -0.0018
      endloop
   endfacet
   facet normal 1 0 0
      outer loop
         vertex 0.0081 0.053 7.11036e-18
         vertex 0.0081 0.0551244 4.90523e-06
         vertex 0.0081 0.0548588 0.000967855
      endloop
   endfacet
   facet normal 1 0 0
      outer loop
         vertex 0.0081 0.0544708 0.0018
         vertex 0.0081 0.052 0.001
         vertex 0.0081 0.0523827 0.00092388
      endloop
   endfacet
   facet normal 1 0 0
      outer loop
         vertex 0.0081 0.0512929 0.000707107
         vertex 0.0081 0.0516173 0.00092388
         vertex 0.0081 0.025 0.0018
      endloop
   endfacet
   facet normal 1 0 0
      outer loop
         vertex 0.0081 0.025 0.0018
         vertex 0.0081 0.025 -0.0018
         vertex 0.0081 0.051 7.08748e-18
      endloop
   endfacet
   facet normal 1 0 0
      outer loop
         vertex 0.0081 0.025 -0.0018
         vertex 0.0081 0.0516173 -0.00092388
         vertex 0.0081 0.0512929 -0.000707107
      endloop
   endfacet
   facet normal 1 0 0
      outer loop
         vertex 0.0081 0.025 -0.0018
         vertex 0.0081 0.054738 -0.0018
         vertex 0.0081 0.052 -0.001
      endloop
   endfacet
   facet normal 1 0 0
      outer loop
         vertex 0.0081 0.053 7.11036e-18
         vertex 0.0081 0.0529239 -0.000382683
         vertex 0.0081 0.055059 -0.000991848
      endloop
   endfacet
   facet normal 1 0 0
      outer loop
         vertex 0.0081 0.052 0.001
         vertex 0.0081 0.0544708 0.0018
         vertex 0.0081 0.025 0.0018
      endloop
   endfacet
   facet normal 1 0 0
      outer loop
         vertex 0.0081 0.025 -0.0018
         vertex 0.0081 0.0510761 -0.000382683
         vertex 0.0081 0.051 7.08748e-18
      endloop
   endfacet
   facet normal 1 0 0
      outer loop
         vertex 0.0081 0.052 -0.001
         vertex 0.0081 0.0516173 -0.00092388
         vertex 0.0081 0.025 -0.0018
      endloop
   endfacet
   facet normal 1 0 0
      outer loop
         vertex 0.0081 0.0529239 0.000382683
         vertex 0.0081 0.0548588 0.000967855
         vertex 0.0081 0.0544708 0.0018
      endloop
   endfacet
   facet normal 1 0 0
      outer loop
         vertex 0.0081 0.0512929 -0.000707107
         vertex 0.0081 0.0510761 -0.000382683
         vertex 0.0081 0.025 -0.0018
      endloop
   endfacet
   facet normal 1 0 0
      outer loop
         vertex 0.0081 0.051 7.08748e-18
         vertex 0.0081 0.0510761 0.000382683
         vertex 0.0081 0.025 0.0018
      endloop
   endfacet
   facet normal 1 0 0
      outer loop
         vertex 0.0081 0.0387066 0.00346424
         vertex 0.0081 0.0386 0.004
         vertex 0.0081 0.0314 0.004
      endloop
   endfacet
   facet normal 1 0 0
      outer loop
         vertex 0.0081 0.0387066 0.00453576
         vertex 0.0081 0.0312934 0.00453576
         vertex 0.0081 0.0314 0.004
      endloop
   endfacet
   facet normal 1 0 0
      outer loop
         vertex 0.0081 0.0314 0.004
         vertex 0.0081 0.0386 0.004
         vertex 0.0081 0.0387066 0.00453576
      endloop
   endfacet
   facet normal 1 0 0
      outer loop
         vertex 0.0081 0.0387066 0.00346424
         vertex 0.0081 0.0305358 0.00270657
         vertex 0.0081 0.03 0.0026
      endloop
   endfacet
   facet normal 1 0 0
      outer loop
         vertex 0.0081 0.0387066 0.00453576
         vertex 0.0081 0.0309899 0.00498995
         vertex 0.0081 0.0312934 0.00453576
      endloop
   endfacet
   facet normal 1 0 0
      outer loop
         vertex 0.0081 0.025 0.00848745
         vertex 0.0081 0.03 0.0054
         vertex 0.0081 0.0305358 0.00529343
      endloop
   endfacet
   facet normal 1 0 0
      outer loop
         vertex 0.0081 0.0387066 0.00346424
         vertex 0.0081 0.0309899 0.00301005
         vertex 0.0081 0.0305358 0.00270657
      endloop
   endfacet
   facet normal 1 0 0
      outer loop
         vertex 0.0081 0.0314 0.004
         vertex 0.0081 0.0312934 0.00346424
         vertex 0.0081 0.0387066 0.00346424
      endloop
   endfacet
   facet normal 1 0 0
      outer loop
         vertex 0.0081 0.0305358 0.00529343
         vertex 0.0081 0.0387066 0.00453576
         vertex 0.0081 0.025 0.00848745
      endloop
   endfacet
   facet normal 1 0 0
      outer loop
         vertex 0.0081 0.025 0.00848745
         vertex 0.0081 0.0290101 0.00498995
         vertex 0.0081 0.0294642 0.00529343
      endloop
   endfacet
   facet normal 1 0 0
      outer loop
         vertex 0.0081 0.025 0.0018
         vertex 0.0081 0.0544708 0.0018
         vertex 0.0081 0.04 0.0026
      endloop
   endfacet
   facet normal 1 0 0
      outer loop
         vertex 0.0081 0.0509665 0.00931504
         vertex 0.0081 0.0412934 0.00453576
         vertex 0.0081 0.0414 0.004
      endloop
   endfacet
   facet normal 1 0 0
      outer loop
         vertex 0.0081 0.0312934 0.00346424
         vertex 0.0081 0.0309899 0.00301005
         vertex 0.0081 0.0387066 0.00346424
      endloop
   endfacet
   facet normal 1 0 0
      outer loop
         vertex 0.0081 0.0294642 0.00529343
         vertex 0.0081 0.03 0.0054
         vertex 0.0081 0.025 0.00848745
      endloop
   endfacet
   facet normal 1 0 0
      outer loop
         vertex 0.0081 0.04 0.0026
         vertex 0.0081 0.0394642 0.00270657
         vertex 0.0081 0.025 0.0018
      endloop
   endfacet
   facet normal 1 0 0
      outer loop
         vertex 0.0081 0.025 0.00848745
         vertex 0.0081 0.025 0.0018
         vertex 0.0081 0.0286 0.004
      endloop
   endfacet
   facet normal 1 0 0
      outer loop
         vertex 0.0081 0.0544708 0.0018
         vertex 0.0081 0.0412934 0.00346424
         vertex 0.0081 0.0409899 0.00301005
      endloop
   endfacet
   facet normal 1 0 0
      outer loop
         vertex 0.0081 0.0414 0.004
         vertex 0.0081 0.0544708 0.0018
         vertex 0.0081 0.0509665 0.00931504
      endloop
   endfacet
   facet normal 1 0 0
      outer loop
         vertex 0.0081 0.0509665 0.00931504
         vertex 0.0081 0.0405358 0.00529343
         vertex 0.0081 0.0409899 0.00498995
      endloop
   endfacet
   facet normal 1 0 0
      outer loop
         vertex 0.0081 0.0380338 0.00931504
         vertex 0.0081 0.04 0.0054
         vertex 0.0081 0.0405358 0.00529343
      endloop
   endfacet
   facet normal 1 0 0
      outer loop
         vertex 0.0081 0.0380338 0.00931504
         vertex 0.0081 0.025 0.00848745
         vertex 0.0081 0.0390101 0.00498995
      endloop
   endfacet
   facet normal 1 0 0
      outer loop
         vertex 0.0081 0.0305358 0.00529343
         vertex 0.0081 0.0309899 0.00498995
         vertex 0.0081 0.0387066 0.00453576
      endloop
   endfacet
   facet normal 1 0 0
      outer loop
         vertex 0.0081 0.0394642 0.00270657
         vertex 0.0081 0.0390101 0.00301005
         vertex 0.0081 0.025 0.0018
      endloop
   endfacet
   facet normal 1 0 0
      outer loop
         vertex 0.0081 0.025 0.0018
         vertex 0.0081 0.0287066 0.00346424
         vertex 0.0081 0.0286 0.004
      endloop
   endfacet
   facet normal 1 0 0
      outer loop
         vertex 0.0081 0.0409899 0.00301005
         vertex 0.0081 0.0405358 0.00270657
         vertex 0.0081 0.0544708 0.0018
      endloop
   endfacet
   facet normal 1 0 0
      outer loop
         vertex 0.0081 0.0409899 0.00498995
         vertex 0.0081 0.0412934 0.00453576
         vertex 0.0081 0.0509665 0.00931504
      endloop
   endfacet
   facet normal 1 0 0
      outer loop
         vertex 0.0081 0.0380338 0.00931504
         vertex 0.0081 0.0394642 0.00529343
         vertex 0.0081 0.04 0.0054
      endloop
   endfacet
   facet normal 1 0 0
      outer loop
         vertex 0.0081 0.025 0.00848745
         vertex 0.0081 0.0387066 0.00453576
         vertex 0.0081 0.0390101 0.00498995
      endloop
   endfacet
   facet normal 1 0 0
      outer loop
         vertex 0.0081 0.0390101 0.00301005
         vertex 0.0081 0.0387066 0.00346424
         vertex 0.0081 0.025 0.0018
      endloop
   endfacet
   facet normal 1 0 0
      outer loop
         vertex 0.0081 0.0286 0.004
         vertex 0.0081 0.0287066 0.00453576
         vertex 0.0081 0.025 0.00848745
      endloop
   endfacet
   facet normal 1 0 0
      outer loop
         vertex 0.0081 0.025 0.0018
         vertex 0.0081 0.0294642 0.00270657
         vertex 0.0081 0.0290101 0.00301005
      endloop
   endfacet
   facet normal 1 0 0
      outer loop
         vertex 0.0081 0.0414 0.004
         vertex 0.0081 0.0412934 0.00346424
         vertex 0.0081 0.0544708 0.0018
      endloop
   endfacet
   facet normal 1 0 0
      outer loop
         vertex 0.0081 0.0390101 0.00498995
         vertex 0.0081 0.0394642 0.00529343
         vertex 0.0081 0.0380338 0.00931504
      endloop
   endfacet
   facet normal 1 0 0
      outer loop
         vertex 0.0081 0.0287066 0.00453576
         vertex 0.0081 0.0290101 0.00498995
         vertex 0.0081 0.025 0.00848745
      endloop
   endfacet
   facet normal 1 0 0
      outer loop
         vertex 0.0081 0.025 0.0018
         vertex 0.0081 0.03 0.0026
         vertex 0.0081 0.0294642 0.00270657
      endloop
   endfacet
   facet normal 1 0 0
      outer loop
         vertex 0.0081 0.0405358 0.00529343
         vertex 0.0081 0.0509665 0.00931504
         vertex 0.0081 0.0380338 0.00931504
      endloop
   endfacet
   facet normal 1 0 0
      outer loop
         vertex 0.0081 0.0290101 0.00301005
         vertex 0.0081 0.0287066 0.00346424
         vertex 0.0081 0.025 0.0018
      endloop
   endfacet
   facet normal 1 0 0
      outer loop
         vertex 0.0081 0.03 0.0026
         vertex 0.0081 0.025 0.0018
         vertex 0.0081 0.0387066 0.00346424
      endloop
   endfacet
   facet normal 1 0 0
      outer loop
         vertex 0.0081 0.0186 0.004
         vertex 0.0081 0.0187066 0.00453576
         vertex 0.0081 0.0043209 0.00717441
      endloop
   endfacet
   facet normal 1 0 0
      outer loop
         vertex 0.0081 0.0043209 0.00717441
         vertex 0.0081 0.00426244 0.00702965
         vertex 0.0081 0.0186 0.004
      endloop
   endfacet
   facet normal 1 0 0
      outer loop
         vertex 0.0081 0.025 0.00848745
         vertex 0.0081 0.0212934 0.00453576
         vertex 0.0081 0.0214 0.004
      endloop
   endfacet
   facet normal 1 0 0
      outer loop
         vertex 0.0081 0.00426244 0.00702965
         vertex 0.0081 0.004 0.00560463
         vertex 0.0081 0.0186 0.004
      endloop
   endfacet
   facet normal 1 0 0
      outer loop
         vertex 0.0081 0.0214 0.004
         vertex 0.0081 0.025 0.0018
         vertex 0.0081 0.025 0.00848745
      endloop
   endfacet
   facet normal 1 0 0
      outer loop
         vertex 0.0081 -0.00268989 0.0018
         vertex 0.0081 1.25066e-17 0.0033
         vertex 0.0081 -0.00126286 0.0030488
      endloop
   endfacet
   facet normal 1 0 0
      outer loop
         vertex 0.0081 0.004 0.00560463
         vertex 0.0081 0.004 0.0043
         vertex 0.0081 0.0186 0.004
      endloop
   endfacet
   facet normal 1 0 0
      outer loop
         vertex 0.0081 0.025 0.00848745
         vertex 0.0081 0.0209899 0.00498995
         vertex 0.0081 0.0212934 0.00453576
      endloop
   endfacet
   facet normal 1 0 0
      outer loop
         vertex 0.0081 0.025 0.00848745
         vertex 0.0081 0.0043209 0.00717441
         vertex 0.0081 0.0194642 0.00529343
      endloop
   endfacet
   facet normal 1 0 0
      outer loop
         vertex 0.0081 -0.00268989 0.0018
         vertex 0.0081 0.003 0.0033
         vertex 0.0081 1.25066e-17 0.0033
      endloop
   endfacet
   facet normal 1 0 0
      outer loop
         vertex 0.0081 0.0187066 0.00346424
         vertex 0.0081 0.00338268 0.00337612
         vertex 0.0081 0.003 0.0033
      endloop
   endfacet
   facet normal 1 0 0
      outer loop
         vertex 0.0081 0.00392388 0.00391732
         vertex 0.0081 0.0187066 0.00346424
         vertex 0.0081 0.0186 0.004
      endloop
   endfacet
   facet normal 1 0 0
      outer loop
         vertex 0.0081 0.025 0.0018
         vertex 0.0081 0.0209899 0.00301005
         vertex 0.0081 0.0205358 0.00270657
      endloop
   endfacet
   facet normal 1 0 0
      outer loop
         vertex 0.0081 0.0214 0.004
         vertex 0.0081 0.0212934 0.00346424
         vertex 0.0081 0.025 0.0018
      endloop
   endfacet
   facet normal 1 0 0
      outer loop
         vertex 0.0081 0.025 0.00848745
         vertex 0.0081 0.02 0.0054
         vertex 0.0081 0.0205358 0.00529343
      endloop
   endfacet
   facet normal 1 0 0
      outer loop
         vertex 0.0081 0.0043209 0.00717441
         vertex 0.0081 0.0190101 0.00498995
         vertex 0.0081 0.0194642 0.00529343
      endloop
   endfacet
   facet normal 1 0 0
      outer loop
         vertex 0.0081 0.003 0.0033
         vertex 0.0081 -0.00268989 0.0018
         vertex 0.0081 0.0187066 0.00346424
      endloop
   endfacet
   facet normal 1 0 0
      outer loop
         vertex 0.0081 0.004 0.0043
         vertex 0.0081 0.00392388 0.00391732
         vertex 0.0081 0.0186 0.004
      endloop
   endfacet
   facet normal 1 0 0
      outer loop
         vertex 0.0081 0.0212934 0.00346424
         vertex 0.0081 0.0209899 0.00301005
         vertex 0.0081 0.025 0.0018
      endloop
   endfacet
   facet normal 1 0 0
      outer loop
         vertex 0.0081 0.0194642 0.00529343
         vertex 0.0081 0.02 0.0054
         vertex 0.0081 0.025 0.00848745
      endloop
   endfacet
   facet normal 1 0 0
      outer loop
         vertex 0.0081 0.0187066 0.00346424
         vertex 0.0081 0.00370711 0.00359289
         vertex 0.0081 0.00338268 0.00337612
      endloop
   endfacet
   facet normal 1 0 0
      outer loop
         vertex 0.0081 0.00392388 0.00391732
         vertex 0.0081 0.00370711 0.00359289
         vertex 0.0081 0.0187066 0.00346424
      endloop
   endfacet
   facet normal 1 0 0
      outer loop
         vertex 0.0081 0.0205358 0.00529343
         vertex 0.0081 0.0209899 0.00498995
         vertex 0.0081 0.025 0.00848745
      endloop
   endfacet
   facet normal 1 0 0
      outer loop
         vertex 0.0081 0.0187066 0.00453576
         vertex 0.0081 0.0190101 0.00498995
         vertex 0.0081 0.0043209 0.00717441
      endloop
   endfacet
   facet normal 1 0 0
      outer loop
         vertex 0.0081 -0.00268989 0.0018
         vertex 0.0081 0.0194642 0.00270657
         vertex 0.0081 0.0190101 0.00301005
      endloop
   endfacet
   facet normal 1 0 0
      outer loop
         vertex 0.0081 -0.00268989 0.0018
         vertex 0.0081 0.025 0.0018
         vertex 0.0081 0.02 0.0026
      endloop
   endfacet
   facet normal 1 0 0
      outer loop
         vertex 0.0081 -0.00126286 0.0030488
         vertex 0.0081 -0.00233345 0.00233345
         vertex 0.0081 -0.00268989 0.0018
      endloop
   endfacet
   facet normal 1 0 0
      outer loop
         vertex 0.0081 0.02 0.0026
         vertex 0.0081 0.0194642 0.00270657
         vertex 0.0081 -0.00268989 0.0018
      endloop
   endfacet
   facet normal 1 0 0
      outer loop
         vertex 0.0081 0.0190101 0.00301005
         vertex 0.0081 0.0187066 0.00346424
         vertex 0.0081 -0.00268989 0.0018
      endloop
   endfacet
   facet normal 1 0 0
      outer loop
         vertex 0.0081 0.0205358 0.00270657
         vertex 0.0081 0.02 0.0026
         vertex 0.0081 0.025 0.0018
      endloop
   endfacet
   facet normal 1 0 0
      outer loop
         vertex 0.0081 0.0405358 0.00270657
         vertex 0.0081 0.04 0.0026
         vertex 0.0081 0.0544708 0.0018
      endloop
   endfacet
   facet normal 1 0 0
      outer loop
         vertex 0.0081 0.0523827 -0.00092388
         vertex 0.0081 0.052 -0.001
         vertex 0.0081 0.054738 -0.0018
      endloop
   endfacet
   facet normal 1 0 0
      outer loop
         vertex 0.0081 1.31329e-17 -0.001
         vertex 0.0081 -0.00276586 -0.0018
         vertex 0.0081 0.025 -0.0018
      endloop
   endfacet
   facet normal 0.707107 0 0.707107
      outer loop
         vertex 0.0081 0.03 0.0026
         vertex 0.0081 0.0305358 0.00270657
         vertex 0.0078 0.030421 0.00298373
      endloop
   endfacet
   facet normal 0.707107 -0.270598 0.653281
      outer loop
         vertex 0.0081 0.0305358 0.00270657
         vertex 0.0081 0.0309899 0.00301005
         vertex 0.0078 0.0307778 0.00322218
      endloop
   endfacet
   facet normal 0.707107 -0.5 0.5
      outer loop
         vertex 0.0081 0.0309899 0.00301005
         vertex 0.0081 0.0312934 0.00346424
         vertex 0.0078 0.0310163 0.00357905
      endloop
   endfacet
   facet normal 0.707107 -0.653281 0.270598
      outer loop
         vertex 0.0081 0.0312934 0.00346424
         vertex 0.0081 0.0314 0.004
         vertex 0.0078 0.0311 0.004
      endloop
   endfacet
   facet normal 0.707107 -0.707107 -7.85046e-17
      outer loop
         vertex 0.0081 0.0314 0.004
         vertex 0.0081 0.0312934 0.00453576
         vertex 0.0078 0.0310163 0.00442095
      endloop
   endfacet
   facet normal 0.707107 -0.653281 -0.270598
      outer loop
         vertex 0.0081 0.0312934 0.00453576
         vertex 0.0081 0.0309899 0.00498995
         vertex 0.0078 0.0307778 0.00477782
      endloop
   endfacet
   facet normal 0.707107 -0.5 -0.5
      outer loop
         vertex 0.0081 0.0309899 0.00498995
         vertex 0.0081 0.0305358 0.00529343
         vertex 0.0078 0.030421 0.00501627
      endloop
   endfacet
   facet normal 0.707107 -0.270598 -0.653281
      outer loop
         vertex 0.0081 0.0305358 0.00529343
         vertex 0.0081 0.03 0.0054
         vertex 0.0078 0.03 0.0051
      endloop
   endfacet
   facet normal 0.707107 1.17757e-16 -0.707107
      outer loop
         vertex 0.0081 0.03 0.0054
         vertex 0.0081 0.0294642 0.00529343
         vertex 0.0078 0.029579 0.00501627
      endloop
   endfacet
   facet normal 0.707107 0.270598 -0.653281
      outer loop
         vertex 0.0081 0.0294642 0.00529343
         vertex 0.0081 0.0290101 0.00498995
         vertex 0.0078 0.0292222 0.00477782
      endloop
   endfacet
   facet normal 0.707107 0.5 -0.5
      outer loop
         vertex 0.0081 0.0290101 0.00498995
         vertex 0.0081 0.0287066 0.00453576
         vertex 0.0078 0.0289837 0.00442095
      endloop
   endfacet
   facet normal 0.707107 0.653281 -0.270598
      outer loop
         vertex 0.0081 0.0287066 0.00453576
         vertex 0.0081 0.0286 0.004
         vertex 0.0078 0.0289 0.004
      endloop
   endfacet
   facet normal 0.707107 0.707107 1.96262e-16
      outer loop
         vertex 0.0081 0.0286 0.004
         vertex 0.0081 0.0287066 0.00346424
         vertex 0.0078 0.0289837 0.00357905
      endloop
   endfacet
   facet normal 0.707107 0.653281 0.270598
      outer loop
         vertex 0.0081 0.0287066 0.00346424
         vertex 0.0081 0.0290101 0.00301005
         vertex 0.0078 0.0292222 0.00322218
      endloop
   endfacet
   facet normal 0.707107 0.5 0.5
      outer loop
         vertex 0.0081 0.0290101 0.00301005
         vertex 0.0081 0.0294642 0.00270657
         vertex 0.0078 0.029579 0.00298373
      endloop
   endfacet
   facet normal 0.707107 0.270598 0.653281
      outer loop
         vertex 0.0081 0.0294642 0.00270657
         vertex 0.0081 0.03 0.0026
         vertex 0.0078 0.03 0.0029
      endloop
   endfacet
   facet normal 0.707107 0 0.707107
      outer loop
         vertex 0.0078 0.03 0.0029
         vertex 0.0078 0.029579 0.00298373
         vertex 0.0081 0.0294642 0.00270657
      endloop
   endfacet
   facet normal 0.707107 0.270598 0.653281
      outer loop
         vertex 0.0078 0.029579 0.00298373
         vertex 0.0078 0.0292222 0.00322218
         vertex 0.0081 0.0290101 0.00301005
      endloop
   endfacet
   facet normal 0.707107 0.5 0.5
      outer loop
         vertex 0.0078 0.0292222 0.00322218
         vertex 0.0078 0.0289837 0.00357905
         vertex 0.0081 0.0287066 0.00346424
      endloop
   endfacet
   facet normal 0.707107 0.653281 0.270598
      outer loop
         vertex 0.0078 0.0289837 0.00357905
         vertex 0.0078 0.0289 0.004
         vertex 0.0081 0.0286 0.004
      endloop
   endfacet
   facet normal 0.707107 0.707107 1.96262e-16
      outer loop
         vertex 0.0078 0.0289 0.004
         vertex 0.0078 0.0289837 0.00442095
         vertex 0.0081 0.0287066 0.00453576
      endloop
   endfacet
   facet normal 0.707107 0.653281 -0.270598
      outer loop
         vertex 0.0078 0.0289837 0.00442095
         vertex 0.0078 0.0292222 0.00477782
         vertex 0.0081 0.0290101 0.00498995
      endloop
   endfacet
   facet normal 0.707107 0.5 -0.5
      outer loop
         vertex 0.0078 0.0292222 0.00477782
         vertex 0.0078 0.029579 0.00501627
         vertex 0.0081 0.0294642 0.00529343
      endloop
   endfacet
   facet normal 0.707107 0.270598 -0.653281
      outer loop
         vertex 0.0078 0.029579 0.00501627
         vertex 0.0078 0.03 0.0051
         vertex 0.0081 0.03 0.0054
      endloop
   endfacet
   facet normal 0.707107 1.17757e-16 -0.707107
      outer loop
         vertex 0.0078 0.03 0.0051
         vertex 0.0078 0.030421 0.00501627
         vertex 0.0081 0.0305358 0.00529343
      endloop
   endfacet
   facet normal 0.707107 -0.270598 -0.653281
      outer loop
         vertex 0.0078 0.030421 0.00501627
         vertex 0.0078 0.0307778 0.00477782
         vertex 0.0081 0.0309899 0.00498995
      endloop
   endfacet
   facet normal 0.707107 -0.5 -0.5
      outer loop
         vertex 0.0078 0.0307778 0.00477782
         vertex 0.0078 0.0310163 0.00442095
         vertex 0.0081 0.0312934 0.00453576
      endloop
   endfacet
   facet normal 0.707107 -0.653281 -0.270598
      outer loop
         vertex 0.0078 0.0310163 0.00442095
         vertex 0.0078 0.0311 0.004
         vertex 0.0081 0.0314 0.004
      endloop
   endfacet
   facet normal 0.707107 -0.707107 -7.85046e-17
      outer loop
         vertex 0.0078 0.0311 0.004
         vertex 0.0078 0.0310163 0.00357905
         vertex 0.0081 0.0312934 0.00346424
      endloop
   endfacet
   facet normal 0.707107 -0.653281 0.270598
      outer loop
         vertex 0.0078 0.0310163 0.00357905
         vertex 0.0078 0.0307778 0.00322218
         vertex 0.0081 0.0309899 0.00301005
      endloop
   endfacet
   facet normal 0.707107 -0.5 0.5
      outer loop
         vertex 0.0078 0.0307778 0.00322218
         vertex 0.0078 0.030421 0.00298373
         vertex 0.0081 0.0305358 0.00270657
      endloop
   endfacet
   facet normal 0.707107 -0.270598 0.653281
      outer loop
         vertex 0.0078 0.030421 0.00298373
         vertex 0.0078 0.03 0.0029
         vertex 0.0081 0.03 0.0026
      endloop
   endfacet
   facet normal 0 0.382683 0.92388
      outer loop
         vertex 0.0078 0.029579 0.00298373
         vertex 0.0078 0.03 0.0029
         vertex 0.00325 0.03 0.0029
      endloop
   endfacet
   facet normal 0 0.707107 0.707107
      outer loop
         vertex 0.0078 0.0292222 0.00322218
         vertex 0.0078 0.029579 0.00298373
         vertex 0.00325 0.029579 0.00298373
      endloop
   endfacet
   facet normal 0 0.92388 0.382683
      outer loop
         vertex 0.0078 0.0289837 0.00357905
         vertex 0.0078 0.0292222 0.00322218
         vertex 0.00325 0.0292222 0.00322218
      endloop
   endfacet
   facet normal 0 1 -1.83697e-16
      outer loop
         vertex 0.0078 0.0289 0.004
         vertex 0.0078 0.0289837 0.00357905
         vertex 0.00325 0.0289837 0.00357905
      endloop
   endfacet
   facet normal 0 0.92388 -0.382683
      outer loop
         vertex 0.0078 0.0289837 0.00442095
         vertex 0.0078 0.0289 0.004
         vertex 0.00325 0.0289 0.004
      endloop
   endfacet
   facet normal 0 0.707107 -0.707107
      outer loop
         vertex 0.0078 0.0292222 0.00477782
         vertex 0.0078 0.0289837 0.00442095
         vertex 0.00325 0.0289837 0.00442095
      endloop
   endfacet
   facet normal 0 0.382683 -0.92388
      outer loop
         vertex 0.0078 0.029579 0.00501627
         vertex 0.0078 0.0292222 0.00477782
         vertex 0.00325 0.0292222 0.00477782
      endloop
   endfacet
   facet normal 0 -1.22465e-16 -1
      outer loop
         vertex 0.0078 0.03 0.0051
         vertex 0.0078 0.029579 0.00501627
         vertex 0.00325 0.029579 0.00501627
      endloop
   endfacet
   facet normal 0 -0.382683 -0.92388
      outer loop
         vertex 0.0078 0.030421 0.00501627
         vertex 0.0078 0.03 0.0051
         vertex 0.00325 0.03 0.0051
      endloop
   endfacet
   facet normal 0 -0.707107 -0.707107
      outer loop
         vertex 0.0078 0.0307778 0.00477782
         vertex 0.0078 0.030421 0.00501627
         vertex 0.00325 0.030421 0.00501627
      endloop
   endfacet
   facet normal 0 -0.92388 -0.382683
      outer loop
         vertex 0.0078 0.0310163 0.00442095
         vertex 0.0078 0.0307778 0.00477782
         vertex 0.00325 0.0307778 0.00477782
      endloop
   endfacet
   facet normal 0 -1 6.12323e-17
      outer loop
         vertex 0.0078 0.0311 0.004
         vertex 0.0078 0.0310163 0.00442095
         vertex 0.00325 0.0310163 0.00442095
      endloop
   endfacet
   facet normal 0 -0.92388 0.382683
      outer loop
         vertex 0.0078 0.0310163 0.00357905
         vertex 0.0078 0.0311 0.004
         vertex 0.00325 0.0311 0.004
      endloop
   endfacet
   facet normal 0 -0.707107 0.707107
      outer loop
         vertex 0.0078 0.0307778 0.00322218
         vertex 0.0078 0.0310163 0.00357905
         vertex 0.00325 0.0310163 0.00357905
      endloop
   endfacet
   facet normal 0 -0.382683 0.92388
      outer loop
         vertex 0.0078 0.030421 0.00298373
         vertex 0.0078 0.0307778 0.00322218
         vertex 0.00325 0.0307778 0.00322218
      endloop
   endfacet
   facet normal 0 2.44929e-16 1
      outer loop
         vertex 0.0078 0.03 0.0029
         vertex 0.0078 0.030421 0.00298373
         vertex 0.00325 0.030421 0.00298373
      endloop
   endfacet
   facet normal 0 -0.382683 0.92388
      outer loop
         vertex 0.00325 0.030421 0.00298373
         vertex 0.00325 0.03 0.0029
         vertex 0.0078 0.03 0.0029
      endloop
   endfacet
   facet normal 0 -0.707107 0.707107
      outer loop
         vertex 0.00325 0.0307778 0.00322218
         vertex 0.00325 0.030421 0.00298373
         vertex 0.0078 0.030421 0.00298373
      endloop
   endfacet
   facet normal 0 -0.92388 0.382683
      outer loop
         vertex 0.00325 0.0310163 0.00357905
         vertex 0.00325 0.0307778 0.00322218
         vertex 0.0078 0.0307778 0.00322218
      endloop
   endfacet
   facet normal 0 -1 6.12323e-17
      outer loop
         vertex 0.00325 0.0311 0.004
         vertex 0.00325 0.0310163 0.00357905
         vertex 0.0078 0.0310163 0.00357905
      endloop
   endfacet
   facet normal 0 -0.92388 -0.382683
      outer loop
         vertex 0.00325 0.0310163 0.00442095
         vertex 0.00325 0.0311 0.004
         vertex 0.0078 0.0311 0.004
      endloop
   endfacet
   facet normal 0 -0.707107 -0.707107
      outer loop
         vertex 0.00325 0.0307778 0.00477782
         vertex 0.00325 0.0310163 0.00442095
         vertex 0.0078 0.0310163 0.00442095
      endloop
   endfacet
   facet normal 0 -0.382683 -0.92388
      outer loop
         vertex 0.00325 0.030421 0.00501627
         vertex 0.00325 0.0307778 0.00477782
         vertex 0.0078 0.0307778 0.00477782
      endloop
   endfacet
   facet normal 0 -1.22465e-16 -1
      outer loop
         vertex 0.00325 0.03 0.0051
         vertex 0.00325 0.030421 0.00501627
         vertex 0.0078 0.030421 0.00501627
      endloop
   endfacet
   facet normal 0 0.382683 -0.92388
      outer loop
         vertex 0.00325 0.029579 0.00501627
         vertex 0.00325 0.03 0.0051
         vertex 0.0078 0.03 0.0051
      endloop
   endfacet
   facet normal 0 0.707107 -0.707107
      outer loop
         vertex 0.00325 0.0292222 0.00477782
         vertex 0.00325 0.029579 0.00501627
         vertex 0.0078 0.029579 0.00501627
      endloop
   endfacet
   facet normal 0 0.92388 -0.382683
      outer loop
         vertex 0.00325 0.0289837 0.00442095
         vertex 0.00325 0.0292222 0.00477782
         vertex 0.0078 0.0292222 0.00477782
      endloop
   endfacet
   facet normal 0 1 -1.83697e-16
      outer loop
         vertex 0.00325 0.0289 0.004
         vertex 0.00325 0.0289837 0.00442095
         vertex 0.0078 0.0289837 0.00442095
      endloop
   endfacet
   facet normal 0 0.92388 0.382683
      outer loop
         vertex 0.00325 0.0289837 0.00357905
         vertex 0.00325 0.0289 0.004
         vertex 0.0078 0.0289 0.004
      endloop
   endfacet
   facet normal 0 0.707107 0.707107
      outer loop
         vertex 0.00325 0.0292222 0.00322218
         vertex 0.00325 0.0289837 0.00357905
         vertex 0.0078 0.0289837 0.00357905
      endloop
   endfacet
   facet normal 0 0.382683 0.92388
      outer loop
         vertex 0.00325 0.029579 0.00298373
         vertex 0.00325 0.0292222 0.00322218
         vertex 0.0078 0.0292222 0.00322218
      endloop
   endfacet
   facet normal 0 2.44929e-16 1
      outer loop
         vertex 0.00325 0.03 0.0029
         vertex 0.00325 0.029579 0.00298373
         vertex 0.0078 0.029579 0.00298373
      endloop
   endfacet
   facet normal 0.707107 0 0.707107
      outer loop
         vertex 0.0081 0.02 0.0026
         vertex 0.0081 0.0205358 0.00270657
         vertex 0.0078 0.020421 0.00298373
      endloop
   endfacet
   facet normal 0.707107 -0.270598 0.653281
      outer loop
         vertex 0.0081 0.0205358 0.00270657
         vertex 0.0081 0.0209899 0.00301005
         vertex 0.0078 0.0207778 0.00322218
      endloop
   endfacet
   facet normal 0.707107 -0.5 0.5
      outer loop
         vertex 0.0081 0.0209899 0.00301005
         vertex 0.0081 0.0212934 0.00346424
         vertex 0.0078 0.0210163 0.00357905
      endloop
   endfacet
   facet normal 0.707107 -0.653281 0.270598
      outer loop
         vertex 0.0081 0.0212934 0.00346424
         vertex 0.0081 0.0214 0.004
         vertex 0.0078 0.0211 0.004
      endloop
   endfacet
   facet normal 0.707107 -0.707107 -7.85046e-17
      outer loop
         vertex 0.0081 0.0214 0.004
         vertex 0.0081 0.0212934 0.00453576
         vertex 0.0078 0.0210163 0.00442095
      endloop
   endfacet
   facet normal 0.707107 -0.653281 -0.270598
      outer loop
         vertex 0.0081 0.0212934 0.00453576
         vertex 0.0081 0.0209899 0.00498995
         vertex 0.0078 0.0207778 0.00477782
      endloop
   endfacet
   facet normal 0.707107 -0.5 -0.5
      outer loop
         vertex 0.0081 0.0209899 0.00498995
         vertex 0.0081 0.0205358 0.00529343
         vertex 0.0078 0.020421 0.00501627
      endloop
   endfacet
   facet normal 0.707107 -0.270598 -0.653281
      outer loop
         vertex 0.0081 0.0205358 0.00529343
         vertex 0.0081 0.02 0.0054
         vertex 0.0078 0.02 0.0051
      endloop
   endfacet
   facet normal 0.707107 1.17757e-16 -0.707107
      outer loop
         vertex 0.0081 0.02 0.0054
         vertex 0.0081 0.0194642 0.00529343
         vertex 0.0078 0.019579 0.00501627
      endloop
   endfacet
   facet normal 0.707107 0.270598 -0.653281
      outer loop
         vertex 0.0081 0.0194642 0.00529343
         vertex 0.0081 0.0190101 0.00498995
         vertex 0.0078 0.0192222 0.00477782
      endloop
   endfacet
   facet normal 0.707107 0.5 -0.5
      outer loop
         vertex 0.0081 0.0190101 0.00498995
         vertex 0.0081 0.0187066 0.00453576
         vertex 0.0078 0.0189837 0.00442095
      endloop
   endfacet
   facet normal 0.707107 0.653281 -0.270598
      outer loop
         vertex 0.0081 0.0187066 0.00453576
         vertex 0.0081 0.0186 0.004
         vertex 0.0078 0.0189 0.004
      endloop
   endfacet
   facet normal 0.707107 0.707107 1.96262e-16
      outer loop
         vertex 0.0081 0.0186 0.004
         vertex 0.0081 0.0187066 0.00346424
         vertex 0.0078 0.0189837 0.00357905
      endloop
   endfacet
   facet normal 0.707107 0.653281 0.270598
      outer loop
         vertex 0.0081 0.0187066 0.00346424
         vertex 0.0081 0.0190101 0.00301005
         vertex 0.0078 0.0192222 0.00322218
      endloop
   endfacet
   facet normal 0.707107 0.5 0.5
      outer loop
         vertex 0.0081 0.0190101 0.00301005
         vertex 0.0081 0.0194642 0.00270657
         vertex 0.0078 0.019579 0.00298373
      endloop
   endfacet
   facet normal 0.707107 0.270598 0.653281
      outer loop
         vertex 0.0081 0.0194642 0.00270657
         vertex 0.0081 0.02 0.0026
         vertex 0.0078 0.02 0.0029
      endloop
   endfacet
   facet normal 0.707107 0 0.707107
      outer loop
         vertex 0.0078 0.02 0.0029
         vertex 0.0078 0.019579 0.00298373
         vertex 0.0081 0.0194642 0.00270657
      endloop
   endfacet
   facet normal 0.707107 0.270598 0.653281
      outer loop
         vertex 0.0078 0.019579 0.00298373
         vertex 0.0078 0.0192222 0.00322218
         vertex 0.0081 0.0190101 0.00301005
      endloop
   endfacet
   facet normal 0.707107 0.5 0.5
      outer loop
         vertex 0.0078 0.0192222 0.00322218
         vertex 0.0078 0.0189837 0.00357905
         vertex 0.0081 0.0187066 0.00346424
      endloop
   endfacet
   facet normal 0.707107 0.653281 0.270598
      outer loop
         vertex 0.0078 0.0189837 0.00357905
         vertex 0.0078 0.0189 0.004
         vertex 0.0081 0.0186 0.004
      endloop
   endfacet
   facet normal 0.707107 0.707107 1.96262e-16
      outer loop
         vertex 0.0078 0.0189 0.004
         vertex 0.0078 0.0189837 0.00442095
         vertex 0.0081 0.0187066 0.00453576
      endloop
   endfacet
   facet normal 0.707107 0.653281 -0.270598
      outer loop
         vertex 0.0078 0.0189837 0.00442095
         vertex 0.0078 0.0192222 0.00477782
         vertex 0.0081 0.0190101 0.00498995
      endloop
   endfacet
   facet normal 0.707107 0.5 -0.5
      outer loop
         vertex 0.0078 0.0192222 0.00477782
         vertex 0.0078 0.019579 0.00501627
         vertex 0.0081 0.0194642 0.00529343
      endloop
   endfacet
   facet normal 0.707107 0.270598 -0.653281
      outer loop
         vertex 0.0078 0.019579 0.00501627
         vertex 0.0078 0.02 0.0051
         vertex 0.0081 0.02 0.0054
      endloop
   endfacet
   facet normal 0.707107 1.17757e-16 -0.707107
      outer loop
         vertex 0.0078 0.02 0.0051
         vertex 0.0078 0.020421 0.00501627
         vertex 0.0081 0.0205358 0.00529343
      endloop
   endfacet
   facet normal 0.707107 -0.270598 -0.653281
      outer loop
         vertex 0.0078 0.020421 0.00501627
         vertex 0.0078 0.0207778 0.00477782
         vertex 0.0081 0.0209899 0.00498995
      endloop
   endfacet
   facet normal 0.707107 -0.5 -0.5
      outer loop
         vertex 0.0078 0.0207778 0.00477782
         vertex 0.0078 0.0210163 0.00442095
         vertex 0.0081 0.0212934 0.00453576
      endloop
   endfacet
   facet normal 0.707107 -0.653281 -0.270598
      outer loop
         vertex 0.0078 0.0210163 0.00442095
         vertex 0.0078 0.0211 0.004
         vertex 0.0081 0.0214 0.004
      endloop
   endfacet
   facet normal 0.707107 -0.707107 -7.85046e-17
      outer loop
         vertex 0.0078 0.0211 0.004
         vertex 0.0078 0.0210163 0.00357905
         vertex 0.0081 0.0212934 0.00346424
      endloop
   endfacet
   facet normal 0.707107 -0.653281 0.270598
      outer loop
         vertex 0.0078 0.0210163 0.00357905
         vertex 0.0078 0.0207778 0.00322218
         vertex 0.0081 0.0209899 0.00301005
      endloop
   endfacet
   facet normal 0.707107 -0.5 0.5
      outer loop
         vertex 0.0078 0.0207778 0.00322218
         vertex 0.0078 0.020421 0.00298373
         vertex 0.0081 0.0205358 0.00270657
      endloop
   endfacet
   facet normal 0.707107 -0.270598 0.653281
      outer loop
         vertex 0.0078 0.020421 0.00298373
         vertex 0.0078 0.02 0.0029
         vertex 0.0081 0.02 0.0026
      endloop
   endfacet
   facet normal 0 0.382683 0.92388
      outer loop
         vertex 0.0078 0.019579 0.00298373
         vertex 0.0078 0.02 0.0029
         vertex 0.00325 0.02 0.0029
      endloop
   endfacet
   facet normal 0 0.707107 0.707107
      outer loop
         vertex 0.0078 0.0192222 0.00322218
         vertex 0.0078 0.019579 0.00298373
         vertex 0.00325 0.019579 0.00298373
      endloop
   endfacet
   facet normal 0 0.92388 0.382683
      outer loop
         vertex 0.0078 0.0189837 0.00357905
         vertex 0.0078 0.0192222 0.00322218
         vertex 0.00325 0.0192222 0.00322218
      endloop
   endfacet
   facet normal 0 1 -1.83697e-16
      outer loop
         vertex 0.0078 0.0189 0.004
         vertex 0.0078 0.0189837 0.00357905
         vertex 0.00325 0.0189837 0.00357905
      endloop
   endfacet
   facet normal 0 0.92388 -0.382683
      outer loop
         vertex 0.0078 0.0189837 0.00442095
         vertex 0.0078 0.0189 0.004
         vertex 0.00325 0.0189 0.004
      endloop
   endfacet
   facet normal 0 0.707107 -0.707107
      outer loop
         vertex 0.0078 0.0192222 0.00477782
         vertex 0.0078 0.0189837 0.00442095
         vertex 0.00325 0.0189837 0.00442095
      endloop
   endfacet
   facet normal 0 0.382683 -0.92388
      outer loop
         vertex 0.0078 0.019579 0.00501627
         vertex 0.0078 0.0192222 0.00477782
         vertex 0.00325 0.0192222 0.00477782
      endloop
   endfacet
   facet normal 0 -1.22465e-16 -1
      outer loop
         vertex 0.0078 0.02 0.0051
         vertex 0.0078 0.019579 0.00501627
         vertex 0.00325 0.019579 0.00501627
      endloop
   endfacet
   facet normal 0 -0.382683 -0.92388
      outer loop
         vertex 0.0078 0.020421 0.00501627
         vertex 0.0078 0.02 0.0051
         vertex 0.00325 0.02 0.0051
      endloop
   endfacet
   facet normal 0 -0.707107 -0.707107
      outer loop
         vertex 0.0078 0.0207778 0.00477782
         vertex 0.0078 0.020421 0.00501627
         vertex 0.00325 0.020421 0.00501627
      endloop
   endfacet
   facet normal 0 -0.92388 -0.382683
      outer loop
         vertex 0.0078 0.0210163 0.00442095
         vertex 0.0078 0.0207778 0.00477782
         vertex 0.00325 0.0207778 0.00477782
      endloop
   endfacet
   facet normal 0 -1 6.12323e-17
      outer loop
         vertex 0.0078 0.0211 0.004
         vertex 0.0078 0.0210163 0.00442095
         vertex 0.00325 0.0210163 0.00442095
      endloop
   endfacet
   facet normal 0 -0.92388 0.382683
      outer loop
         vertex 0.0078 0.0210163 0.00357905
         vertex 0.0078 0.0211 0.004
         vertex 0.00325 0.0211 0.004
      endloop
   endfacet
   facet normal 0 -0.707107 0.707107
      outer loop
         vertex 0.0078 0.0207778 0.00322218
         vertex 0.0078 0.0210163 0.00357905
         vertex 0.00325 0.0210163 0.00357905
      endloop
   endfacet
   facet normal 0 -0.382683 0.92388
      outer loop
         vertex 0.0078 0.020421 0.00298373
         vertex 0.0078 0.0207778 0.00322218
         vertex 0.00325 0.0207778 0.00322218
      endloop
   endfacet
   facet normal 0 2.44929e-16 1
      outer loop
         vertex 0.0078 0.02 0.0029
         vertex 0.0078 0.020421 0.00298373
         vertex 0.00325 0.020421 0.00298373
      endloop
   endfacet
   facet normal 0 -0.382683 0.92388
      outer loop
         vertex 0.00325 0.020421 0.00298373
         vertex 0.00325 0.02 0.0029
         vertex 0.0078 0.02 0.0029
      endloop
   endfacet
   facet normal 0 -0.707107 0.707107
      outer loop
         vertex 0.00325 0.0207778 0.00322218
         vertex 0.00325 0.020421 0.00298373
         vertex 0.0078 0.020421 0.00298373
      endloop
   endfacet
   facet normal 0 -0.92388 0.382683
      outer loop
         vertex 0.00325 0.0210163 0.00357905
         vertex 0.00325 0.0207778 0.00322218
         vertex 0.0078 0.0207778 0.00322218
      endloop
   endfacet
   facet normal 0 -1 6.12323e-17
      outer loop
         vertex 0.00325 0.0211 0.004
         vertex 0.00325 0.0210163 0.00357905
         vertex 0.0078 0.0210163 0.00357905
      endloop
   endfacet
   facet normal 0 -0.92388 -0.382683
      outer loop
         vertex 0.00325 0.0210163 0.00442095
         vertex 0.00325 0.0211 0.004
         vertex 0.0078 0.0211 0.004
      endloop
   endfacet
   facet normal 0 -0.707107 -0.707107
      outer loop
         vertex 0.00325 0.0207778 0.00477782
         vertex 0.00325 0.0210163 0.00442095
         vertex 0.0078 0.0210163 0.00442095
      endloop
   endfacet
   facet normal 0 -0.382683 -0.92388
      outer loop
         vertex 0.00325 0.020421 0.00501627
         vertex 0.00325 0.0207778 0.00477782
         vertex 0.0078 0.0207778 0.00477782
      endloop
   endfacet
   facet normal 0 -1.22465e-16 -1
      outer loop
         vertex 0.00325 0.02 0.0051
         vertex 0.00325 0.020421 0.00501627
         vertex 0.0078 0.020421 0.00501627
      endloop
   endfacet
   facet normal 0 0.382683 -0.92388
      outer loop
         vertex 0.00325 0.019579 0.00501627
         vertex 0.00325 0.02 0.0051
         vertex 0.0078 0.02 0.0051
      endloop
   endfacet
   facet normal 0 0.707107 -0.707107
      outer loop
         vertex 0.00325 0.0192222 0.00477782
         vertex 0.00325 0.019579 0.00501627
         vertex 0.0078 0.019579 0.00501627
      endloop
   endfacet
   facet normal 0 0.92388 -0.382683
      outer loop
         vertex 0.00325 0.0189837 0.00442095
         vertex 0.00325 0.0192222 0.00477782
         vertex 0.0078 0.0192222 0.00477782
      endloop
   endfacet
   facet normal 0 1 -1.83697e-16
      outer loop
         vertex 0.00325 0.0189 0.004
         vertex 0.00325 0.0189837 0.00442095
         vertex 0.0078 0.0189837 0.00442095
      endloop
   endfacet
   facet normal 0 0.92388 0.382683
      outer loop
         vertex 0.00325 0.0189837 0.00357905
         vertex 0.00325 0.0189 0.004
         vertex 0.0078 0.0189 0.004
      endloop
   endfacet
   facet normal 0 0.707107 0.707107
      outer loop
         vertex 0.00325 0.0192222 0.00322218
         vertex 0.00325 0.0189837 0.00357905
         vertex 0.0078 0.0189837 0.00357905
      endloop
   endfacet
   facet normal 0 0.382683 0.92388
      outer loop
         vertex 0.00325 0.019579 0.00298373
         vertex 0.00325 0.0192222 0.00322218
         vertex 0.0078 0.0192222 0.00322218
      endloop
   endfacet
   facet normal 0 2.44929e-16 1
      outer loop
         vertex 0.00325 0.02 0.0029
         vertex 0.00325 0.019579 0.00298373
         vertex 0.0078 0.019579 0.00298373
      endloop
   endfacet
   facet normal -1 0 0
      outer loop
         vertex 0.00325 0.0192222 0.00322218
         vertex 0.00325 0.0122785 -0.0033
         vertex 0.00325 0.0119225 -0.00323451
      endloop
   endfacet
   facet normal -1 0 0
      outer loop
         vertex 0.00325 0.0310163 0.00442095
         vertex 0.00325 0.0421175 0.00914671
         vertex 0.00325 0.04 0.0051
      endloop
   endfacet
   facet normal -1 0 0
      outer loop
         vertex 0.00325 0.0407778 0.00322218
         vertex 0.00325 0.0491943 -0.00277837
         vertex 0.00325 0.0489715 -0.00305531
      endloop
   endfacet
   facet normal -1 0 0
      outer loop
         vertex 0.00325 0.0210163 0.00442095
         vertex 0.00325 0.0289837 0.00442095
         vertex 0.00325 0.0289 0.004
      endloop
   endfacet
   facet normal -1 0 0
      outer loop
         vertex 0.00325 0.0289837 0.00357905
         vertex 0.00325 0.0210163 0.00357905
         vertex 0.00325 0.0211 0.004
      endloop
   endfacet
   facet normal -1 0 0
      outer loop
         vertex 0.00325 0.0389837 0.00357905
         vertex 0.00325 0.0122785 -0.0033
         vertex 0.00325 0.03 0.0029
      endloop
   endfacet
   facet normal -1 0 0
      outer loop
         vertex 0.00325 0.0122785 -0.0033
         vertex 0.00325 0.02 0.0029
         vertex 0.00325 0.020421 0.00298373
      endloop
   endfacet
   facet normal -1 0 0
      outer loop
         vertex 0.00325 0.0119225 -0.00323451
         vertex 0.00325 0.0116132 -0.00304662
         vertex 0.00325 0.0192222 0.00322218
      endloop
   endfacet
   facet normal -1 0 0
      outer loop
         vertex 0.00325 0.0421175 0.00914671
         vertex 0.00325 0.040421 0.00501627
         vertex 0.00325 0.04 0.0051
      endloop
   endfacet
   facet normal -1 0 0
      outer loop
         vertex 0.00325 0.0489715 -0.00305531
         vertex 0.00325 0.0486659 -0.00323683
         vertex 0.00325 0.0407778 0.00322218
      endloop
   endfacet
   facet normal -1 0 0
      outer loop
         vertex 0.00325 0.0407778 0.00322218
         vertex 0.00325 0.0410163 0.00357905
         vertex 0.00325 0.0491563 -0.00175767
      endloop
   endfacet
   facet normal -1 0 0
      outer loop
         vertex 0.00325 0.0289 0.004
         vertex 0.00325 0.0211 0.004
         vertex 0.00325 0.0210163 0.00442095
      endloop
   endfacet
   facet normal -1 0 0
      outer loop
         vertex 0.00325 0.0211 0.004
         vertex 0.00325 0.0289 0.004
         vertex 0.00325 0.0289837 0.00357905
      endloop
   endfacet
   facet normal -1 0 0
      outer loop
         vertex 0.00325 0.020421 0.00298373
         vertex 0.00325 0.03 0.0029
         vertex 0.00325 0.0122785 -0.0033
      endloop
   endfacet
   facet normal -1 0 0
      outer loop
         vertex 0.00325 0.0112851 -0.00241489
         vertex 0.00325 0.0106675 -0.000160706
         vertex 0.00325 0.0189837 0.00357905
      endloop
   endfacet
   facet normal -1 0 0
      outer loop
         vertex 0.00325 0.0116132 -0.00304662
         vertex 0.00325 0.011391 -0.00276094
         vertex 0.00325 0.0192222 0.00322218
      endloop
   endfacet
   facet normal -1 0 0
      outer loop
         vertex 0.00325 0.00940238 0.00180455
         vertex 0.00325 0.0189 0.004
         vertex 0.00325 0.0189837 0.00357905
      endloop
   endfacet
   facet normal -1 0 0
      outer loop
         vertex 0.00325 0.04 0.0051
         vertex 0.00325 0.0311 0.004
         vertex 0.00325 0.0310163 0.00442095
      endloop
   endfacet
   facet normal -1 0 0
      outer loop
         vertex 0.00325 0.0407778 0.00322218
         vertex 0.00325 0.0493061 -0.00244099
         vertex 0.00325 0.0491943 -0.00277837
      endloop
   endfacet
   facet normal -1 0 0
      outer loop
         vertex 0.00325 0.0491563 -0.00175767
         vertex 0.00325 0.0492929 -0.0020858
         vertex 0.00325 0.0407778 0.00322218
      endloop
   endfacet
   facet normal -1 0 0
      outer loop
         vertex 0.00325 0.0483161 -0.0033
         vertex 0.00325 0.0122785 -0.0033
         vertex 0.00325 0.039579 0.00298373
      endloop
   endfacet
   facet normal -1 0 0
      outer loop
         vertex 0.00325 0.0207778 0.00477782
         vertex 0.00325 0.0292222 0.00477782
         vertex 0.00325 0.0289837 0.00442095
      endloop
   endfacet
   facet normal -1 0 0
      outer loop
         vertex 0.00325 0.0207778 0.00322218
         vertex 0.00325 0.0292222 0.00322218
         vertex 0.00325 0.029579 0.00298373
      endloop
   endfacet
   facet normal -1 0 0
      outer loop
         vertex 0.00325 0.0292222 0.00322218
         vertex 0.00325 0.0207778 0.00322218
         vertex 0.00325 0.0210163 0.00357905
      endloop
   endfacet
   facet normal -1 0 0
      outer loop
         vertex 0.00325 0.03 0.0029
         vertex 0.00325 0.0389837 0.00442095
         vertex 0.00325 0.0389 0.004
      endloop
   endfacet
   facet normal -1 0 0
      outer loop
         vertex 0.00325 0.011391 -0.00276094
         vertex 0.00325 0.0112851 -0.00241489
         vertex 0.00325 0.0192222 0.00322218
      endloop
   endfacet
   facet normal -1 0 0
      outer loop
         vertex 0.00325 0.0189837 0.00357905
         vertex 0.00325 0.0106675 -0.000160706
         vertex 0.00325 0.00940238 0.00180455
      endloop
   endfacet
   facet normal -1 0 0
      outer loop
         vertex 0.00325 0.0421175 0.00914671
         vertex 0.00325 0.0307778 0.00477782
         vertex 0.00325 0.030421 0.00501627
      endloop
   endfacet
   facet normal -1 0 0
      outer loop
         vertex 0.00325 0.0421175 0.00914671
         vertex 0.00325 0.0407778 0.00477782
         vertex 0.00325 0.040421 0.00501627
      endloop
   endfacet
   facet normal -1 0 0
      outer loop
         vertex 0.00325 0.0492929 -0.0020858
         vertex 0.00325 0.0493061 -0.00244099
         vertex 0.00325 0.0407778 0.00322218
      endloop
   endfacet
   facet normal -1 0 0
      outer loop
         vertex 0.00325 0.0483161 -0.0033
         vertex 0.00325 0.04 0.0029
         vertex 0.00325 0.040421 0.00298373
      endloop
   endfacet
   facet normal -1 0 0
      outer loop
         vertex 0.00325 0.0122785 -0.0033
         vertex 0.00325 0.0392222 0.00322218
         vertex 0.00325 0.039579 0.00298373
      endloop
   endfacet
   facet normal -1 0 0
      outer loop
         vertex 0.00325 0.0207778 0.00477782
         vertex 0.00325 0.029579 0.00501627
         vertex 0.00325 0.0292222 0.00477782
      endloop
   endfacet
   facet normal -1 0 0
      outer loop
         vertex 0.00325 0.0207778 0.00477782
         vertex 0.00325 0.0421175 0.00914671
         vertex 0.00325 0.03 0.0051
      endloop
   endfacet
   facet normal -1 0 0
      outer loop
         vertex 0.00325 0.0289837 0.00357905
         vertex 0.00325 0.0292222 0.00322218
         vertex 0.00325 0.0210163 0.00357905
      endloop
   endfacet
   facet normal -1 0 0
      outer loop
         vertex 0.00325 0.03 0.0029
         vertex 0.00325 0.0389 0.004
         vertex 0.00325 0.0389837 0.00357905
      endloop
   endfacet
   facet normal -1 0 0
      outer loop
         vertex 0.00325 0.0122785 -0.0033
         vertex 0.00325 0.0192222 0.00322218
         vertex 0.00325 0.019579 0.00298373
      endloop
   endfacet
   facet normal -1 0 0
      outer loop
         vertex 0.00325 0.00940238 0.00180455
         vertex 0.00325 0.00760616 0.0033
         vertex 0.00325 0.0189 0.004
      endloop
   endfacet
   facet normal -1 0 0
      outer loop
         vertex 0.00325 0.0310163 0.00442095
         vertex 0.00325 0.0307778 0.00477782
         vertex 0.00325 0.0421175 0.00914671
      endloop
   endfacet
   facet normal -1 0 0
      outer loop
         vertex 0.00325 0.0491563 -0.00175767
         vertex 0.00325 0.0411 0.004
         vertex 0.00325 0.0410163 0.00442095
      endloop
   endfacet
   facet normal -1 0 0
      outer loop
         vertex 0.00325 0.040421 0.00298373
         vertex 0.00325 0.0407778 0.00322218
         vertex 0.00325 0.0483161 -0.0033
      endloop
   endfacet
   facet normal -1 0 0
      outer loop
         vertex 0.00325 0.0122785 -0.0033
         vertex 0.00325 0.0389837 0.00357905
         vertex 0.00325 0.0392222 0.00322218
      endloop
   endfacet
   facet normal -1 0 0
      outer loop
         vertex 0.00325 0.0421175 0.00914671
         vertex 0.00325 0.0207778 0.00477782
         vertex 0.00325 0.020421 0.00501627
      endloop
   endfacet
   facet normal -1 0 0
      outer loop
         vertex 0.00325 0.03 0.0051
         vertex 0.00325 0.029579 0.00501627
         vertex 0.00325 0.0207778 0.00477782
      endloop
   endfacet
   facet normal -1 0 0
      outer loop
         vertex 0.00325 0.020421 0.00298373
         vertex 0.00325 0.0207778 0.00322218
         vertex 0.00325 0.03 0.0029
      endloop
   endfacet
   facet normal -1 0 0
      outer loop
         vertex 0.00325 0.0189837 0.00357905
         vertex 0.00325 0.0192222 0.00322218
         vertex 0.00325 0.0112851 -0.00241489
      endloop
   endfacet
   facet normal -1 0 0
      outer loop
         vertex 0.00325 0.00760616 0.0033
         vertex 0.00325 0.0192222 0.00477782
         vertex 0.00325 0.0189837 0.00442095
      endloop
   endfacet
   facet normal -1 0 0
      outer loop
         vertex 0.00325 0.0421175 0.00914671
         vertex 0.00325 0.0410163 0.00442095
         vertex 0.00325 0.0407778 0.00477782
      endloop
   endfacet
   facet normal -1 0 0
      outer loop
         vertex 0.00325 0.0491563 -0.00175767
         vertex 0.00325 0.0410163 0.00357905
         vertex 0.00325 0.0411 0.004
      endloop
   endfacet
   facet normal -1 0 0
      outer loop
         vertex 0.00325 0.039579 0.00298373
         vertex 0.00325 0.04 0.0029
         vertex 0.00325 0.0483161 -0.0033
      endloop
   endfacet
   facet normal -1 0 0
      outer loop
         vertex 0.00325 0.0210163 0.00442095
         vertex 0.00325 0.0207778 0.00477782
         vertex 0.00325 0.0289837 0.00442095
      endloop
   endfacet
   facet normal -1 0 0
      outer loop
         vertex 0.00325 0.019579 0.00298373
         vertex 0.00325 0.02 0.0029
         vertex 0.00325 0.0122785 -0.0033
      endloop
   endfacet
   facet normal -1 0 0
      outer loop
         vertex 0.00325 0.00760616 0.0033
         vertex 0.00325 0.019579 0.00501627
         vertex 0.00325 0.0192222 0.00477782
      endloop
   endfacet
   facet normal -1 0 0
      outer loop
         vertex 0.00325 0.00760616 0.0033
         vertex 0.00325 0.0421175 0.00914671
         vertex 0.00325 0.02 0.0051
      endloop
   endfacet
   facet normal -1 0 0
      outer loop
         vertex 0.00325 0.04 0.0051
         vertex 0.00325 0.0310163 0.00357905
         vertex 0.00325 0.0311 0.004
      endloop
   endfacet
   facet normal -1 0 0
      outer loop
         vertex 0.00325 0.0486659 -0.00323683
         vertex 0.00325 0.0483161 -0.0033
         vertex 0.00325 0.0407778 0.00322218
      endloop
   endfacet
   facet normal -1 0 0
      outer loop
         vertex 0.00325 0.029579 0.00298373
         vertex 0.00325 0.03 0.0029
         vertex 0.00325 0.0207778 0.00322218
      endloop
   endfacet
   facet normal -1 0 0
      outer loop
         vertex 0.00325 0.02 0.0051
         vertex 0.00325 0.019579 0.00501627
         vertex 0.00325 0.00760616 0.0033
      endloop
   endfacet
   facet normal -1 0 0
      outer loop
         vertex 0.00325 0.0310163 0.00357905
         vertex 0.00325 0.0392222 0.00477782
         vertex 0.00325 0.0389837 0.00442095
      endloop
   endfacet
   facet normal -1 0 0
      outer loop
         vertex 0.00325 0.0310163 0.00357905
         vertex 0.00325 0.04 0.0051
         vertex 0.00325 0.039579 0.00501627
      endloop
   endfacet
   facet normal -1 0 0
      outer loop
         vertex 0.00325 0.0410163 0.00442095
         vertex 0.00325 0.0421175 0.00914671
         vertex 0.00325 0.0491563 -0.00175767
      endloop
   endfacet
   facet normal -1 0 0
      outer loop
         vertex 0.00325 0.0189837 0.00442095
         vertex 0.00325 0.0189 0.004
         vertex 0.00325 0.00760616 0.0033
      endloop
   endfacet
   facet normal -1 0 0
      outer loop
         vertex 0.00325 0.039579 0.00501627
         vertex 0.00325 0.0392222 0.00477782
         vertex 0.00325 0.0310163 0.00357905
      endloop
   endfacet
   facet normal -1 0 0
      outer loop
         vertex 0.00325 0.0389837 0.00442095
         vertex 0.00325 0.03 0.0029
         vertex 0.00325 0.030421 0.00298373
      endloop
   endfacet
   facet normal -1 0 0
      outer loop
         vertex 0.00325 0.020421 0.00501627
         vertex 0.00325 0.02 0.0051
         vertex 0.00325 0.0421175 0.00914671
      endloop
   endfacet
   facet normal -1 0 0
      outer loop
         vertex 0.00325 0.030421 0.00298373
         vertex 0.00325 0.0307778 0.00322218
         vertex 0.00325 0.0389837 0.00442095
      endloop
   endfacet
   facet normal -1 0 0
      outer loop
         vertex 0.00325 0.0389837 0.00442095
         vertex 0.00325 0.0307778 0.00322218
         vertex 0.00325 0.0310163 0.00357905
      endloop
   endfacet
   facet normal -1 0 0
      outer loop
         vertex 0.00325 0.030421 0.00501627
         vertex 0.00325 0.03 0.0051
         vertex 0.00325 0.0421175 0.00914671
      endloop
   endfacet
   facet normal 0 0.382683 0.92388
      outer loop
         vertex 0.0078 0.039579 0.00298373
         vertex 0.0078 0.04 0.0029
         vertex 0.00325 0.04 0.0029
      endloop
   endfacet
   facet normal 0 0.707107 0.707107
      outer loop
         vertex 0.0078 0.0392222 0.00322218
         vertex 0.0078 0.039579 0.00298373
         vertex 0.00325 0.039579 0.00298373
      endloop
   endfacet
   facet normal 0 0.92388 0.382683
      outer loop
         vertex 0.0078 0.0389837 0.00357905
         vertex 0.0078 0.0392222 0.00322218
         vertex 0.00325 0.0392222 0.00322218
      endloop
   endfacet
   facet normal 0 1 -1.83697e-16
      outer loop
         vertex 0.0078 0.0389 0.004
         vertex 0.0078 0.0389837 0.00357905
         vertex 0.00325 0.0389837 0.00357905
      endloop
   endfacet
   facet normal 0 0.92388 -0.382683
      outer loop
         vertex 0.0078 0.0389837 0.00442095
         vertex 0.0078 0.0389 0.004
         vertex 0.00325 0.0389 0.004
      endloop
   endfacet
   facet normal 0 0.707107 -0.707107
      outer loop
         vertex 0.0078 0.0392222 0.00477782
         vertex 0.0078 0.0389837 0.00442095
         vertex 0.00325 0.0389837 0.00442095
      endloop
   endfacet
   facet normal 0 0.382683 -0.92388
      outer loop
         vertex 0.0078 0.039579 0.00501627
         vertex 0.0078 0.0392222 0.00477782
         vertex 0.00325 0.0392222 0.00477782
      endloop
   endfacet
   facet normal 0 -1.22465e-16 -1
      outer loop
         vertex 0.0078 0.04 0.0051
         vertex 0.0078 0.039579 0.00501627
         vertex 0.00325 0.039579 0.00501627
      endloop
   endfacet
   facet normal 0 -0.382683 -0.92388
      outer loop
         vertex 0.0078 0.040421 0.00501627
         vertex 0.0078 0.04 0.0051
         vertex 0.00325 0.04 0.0051
      endloop
   endfacet
   facet normal 0 -0.707107 -0.707107
      outer loop
         vertex 0.0078 0.0407778 0.00477782
         vertex 0.0078 0.040421 0.00501627
         vertex 0.00325 0.040421 0.00501627
      endloop
   endfacet
   facet normal 0 -0.92388 -0.382683
      outer loop
         vertex 0.0078 0.0410163 0.00442095
         vertex 0.0078 0.0407778 0.00477782
         vertex 0.00325 0.0407778 0.00477782
      endloop
   endfacet
   facet normal 0 -1 6.12323e-17
      outer loop
         vertex 0.0078 0.0411 0.004
         vertex 0.0078 0.0410163 0.00442095
         vertex 0.00325 0.0410163 0.00442095
      endloop
   endfacet
   facet normal 0 -0.92388 0.382683
      outer loop
         vertex 0.0078 0.0410163 0.00357905
         vertex 0.0078 0.0411 0.004
         vertex 0.00325 0.0411 0.004
      endloop
   endfacet
   facet normal 0 -0.707107 0.707107
      outer loop
         vertex 0.0078 0.0407778 0.00322218
         vertex 0.0078 0.0410163 0.00357905
         vertex 0.00325 0.0410163 0.00357905
      endloop
   endfacet
   facet normal 0 -0.382683 0.92388
      outer loop
         vertex 0.0078 0.040421 0.00298373
         vertex 0.0078 0.0407778 0.00322218
         vertex 0.00325 0.0407778 0.00322218
      endloop
   endfacet
   facet normal 0 2.44929e-16 1
      outer loop
         vertex 0.0078 0.04 0.0029
         vertex 0.0078 0.040421 0.00298373
         vertex 0.00325 0.040421 0.00298373
      endloop
   endfacet
   facet normal 0 -0.382683 0.92388
      outer loop
         vertex 0.00325 0.040421 0.00298373
         vertex 0.00325 0.04 0.0029
         vertex 0.0078 0.04 0.0029
      endloop
   endfacet
   facet normal 0 -0.707107 0.707107
      outer loop
         vertex 0.00325 0.0407778 0.00322218
         vertex 0.00325 0.040421 0.00298373
         vertex 0.0078 0.040421 0.00298373
      endloop
   endfacet
   facet normal 0 -0.92388 0.382683
      outer loop
         vertex 0.00325 0.0410163 0.00357905
         vertex 0.00325 0.0407778 0.00322218
         vertex 0.0078 0.0407778 0.00322218
      endloop
   endfacet
   facet normal 0 -1 6.12323e-17
      outer loop
         vertex 0.00325 0.0411 0.004
         vertex 0.00325 0.0410163 0.00357905
         vertex 0.0078 0.0410163 0.00357905
      endloop
   endfacet
   facet normal 0 -0.92388 -0.382683
      outer loop
         vertex 0.00325 0.0410163 0.00442095
         vertex 0.00325 0.0411 0.004
         vertex 0.0078 0.0411 0.004
      endloop
   endfacet
   facet normal 0 -0.707107 -0.707107
      outer loop
         vertex 0.00325 0.0407778 0.00477782
         vertex 0.00325 0.0410163 0.00442095
         vertex 0.0078 0.0410163 0.00442095
      endloop
   endfacet
   facet normal 0 -0.382683 -0.92388
      outer loop
         vertex 0.00325 0.040421 0.00501627
         vertex 0.00325 0.0407778 0.00477782
         vertex 0.0078 0.0407778 0.00477782
      endloop
   endfacet
   facet normal 0 -1.22465e-16 -1
      outer loop
         vertex 0.00325 0.04 0.0051
         vertex 0.00325 0.040421 0.00501627
         vertex 0.0078 0.040421 0.00501627
      endloop
   endfacet
   facet normal 0 0.382683 -0.92388
      outer loop
         vertex 0.00325 0.039579 0.00501627
         vertex 0.00325 0.04 0.0051
         vertex 0.0078 0.04 0.0051
      endloop
   endfacet
   facet normal 0 0.707107 -0.707107
      outer loop
         vertex 0.00325 0.0392222 0.00477782
         vertex 0.00325 0.039579 0.00501627
         vertex 0.0078 0.039579 0.00501627
      endloop
   endfacet
   facet normal 0 0.92388 -0.382683
      outer loop
         vertex 0.00325 0.0389837 0.00442095
         vertex 0.00325 0.0392222 0.00477782
         vertex 0.0078 0.0392222 0.00477782
      endloop
   endfacet
   facet normal 0 1 -1.83697e-16
      outer loop
         vertex 0.00325 0.0389 0.004
         vertex 0.00325 0.0389837 0.00442095
         vertex 0.0078 0.0389837 0.00442095
      endloop
   endfacet
   facet normal 0 0.92388 0.382683
      outer loop
         vertex 0.00325 0.0389837 0.00357905
         vertex 0.00325 0.0389 0.004
         vertex 0.0078 0.0389 0.004
      endloop
   endfacet
   facet normal 0 0.707107 0.707107
      outer loop
         vertex 0.00325 0.0392222 0.00322218
         vertex 0.00325 0.0389837 0.00357905
         vertex 0.0078 0.0389837 0.00357905
      endloop
   endfacet
   facet normal 0 0.382683 0.92388
      outer loop
         vertex 0.00325 0.039579 0.00298373
         vertex 0.00325 0.0392222 0.00322218
         vertex 0.0078 0.0392222 0.00322218
      endloop
   endfacet
   facet normal 0 2.44929e-16 1
      outer loop
         vertex 0.00325 0.04 0.0029
         vertex 0.00325 0.039579 0.00298373
         vertex 0.0078 0.039579 0.00298373
      endloop
   endfacet
   facet normal 0.707107 0 0.707107
      outer loop
         vertex 0.0081 0.04 0.0026
         vertex 0.0081 0.0405358 0.00270657
         vertex 0.0078 0.040421 0.00298373
      endloop
   endfacet
   facet normal 0.707107 -0.270598 0.653281
      outer loop
         vertex 0.0081 0.0405358 0.00270657
         vertex 0.0081 0.0409899 0.00301005
         vertex 0.0078 0.0407778 0.00322218
      endloop
   endfacet
   facet normal 0.707107 -0.5 0.5
      outer loop
         vertex 0.0081 0.0409899 0.00301005
         vertex 0.0081 0.0412934 0.00346424
         vertex 0.0078 0.0410163 0.00357905
      endloop
   endfacet
   facet normal 0.707107 -0.653281 0.270598
      outer loop
         vertex 0.0081 0.0412934 0.00346424
         vertex 0.0081 0.0414 0.004
         vertex 0.0078 0.0411 0.004
      endloop
   endfacet
   facet normal 0.707107 -0.707107 -7.85046e-17
      outer loop
         vertex 0.0081 0.0414 0.004
         vertex 0.0081 0.0412934 0.00453576
         vertex 0.0078 0.0410163 0.00442095
      endloop
   endfacet
   facet normal 0.707107 -0.653281 -0.270598
      outer loop
         vertex 0.0081 0.0412934 0.00453576
         vertex 0.0081 0.0409899 0.00498995
         vertex 0.0078 0.0407778 0.00477782
      endloop
   endfacet
   facet normal 0.707107 -0.5 -0.5
      outer loop
         vertex 0.0081 0.0409899 0.00498995
         vertex 0.0081 0.0405358 0.00529343
         vertex 0.0078 0.040421 0.00501627
      endloop
   endfacet
   facet normal 0.707107 -0.270598 -0.653281
      outer loop
         vertex 0.0081 0.0405358 0.00529343
         vertex 0.0081 0.04 0.0054
         vertex 0.0078 0.04 0.0051
      endloop
   endfacet
   facet normal 0.707107 1.17757e-16 -0.707107
      outer loop
         vertex 0.0081 0.04 0.0054
         vertex 0.0081 0.0394642 0.00529343
         vertex 0.0078 0.039579 0.00501627
      endloop
   endfacet
   facet normal 0.707107 0.270598 -0.653281
      outer loop
         vertex 0.0081 0.0394642 0.00529343
         vertex 0.0081 0.0390101 0.00498995
         vertex 0.0078 0.0392222 0.00477782
      endloop
   endfacet
   facet normal 0.707107 0.5 -0.5
      outer loop
         vertex 0.0081 0.0390101 0.00498995
         vertex 0.0081 0.0387066 0.00453576
         vertex 0.0078 0.0389837 0.00442095
      endloop
   endfacet
   facet normal 0.707107 0.653281 -0.270598
      outer loop
         vertex 0.0081 0.0387066 0.00453576
         vertex 0.0081 0.0386 0.004
         vertex 0.0078 0.0389 0.004
      endloop
   endfacet
   facet normal 0.707107 0.707107 1.96262e-16
      outer loop
         vertex 0.0081 0.0386 0.004
         vertex 0.0081 0.0387066 0.00346424
         vertex 0.0078 0.0389837 0.00357905
      endloop
   endfacet
   facet normal 0.707107 0.653281 0.270598
      outer loop
         vertex 0.0081 0.0387066 0.00346424
         vertex 0.0081 0.0390101 0.00301005
         vertex 0.0078 0.0392222 0.00322218
      endloop
   endfacet
   facet normal 0.707107 0.5 0.5
      outer loop
         vertex 0.0081 0.0390101 0.00301005
         vertex 0.0081 0.0394642 0.00270657
         vertex 0.0078 0.039579 0.00298373
      endloop
   endfacet
   facet normal 0.707107 0.270598 0.653281
      outer loop
         vertex 0.0081 0.0394642 0.00270657
         vertex 0.0081 0.04 0.0026
         vertex 0.0078 0.04 0.0029
      endloop
   endfacet
   facet normal 0.707107 0 0.707107
      outer loop
         vertex 0.0078 0.04 0.0029
         vertex 0.0078 0.039579 0.00298373
         vertex 0.0081 0.0394642 0.00270657
      endloop
   endfacet
   facet normal 0.707107 0.270598 0.653281
      outer loop
         vertex 0.0078 0.039579 0.00298373
         vertex 0.0078 0.0392222 0.00322218
         vertex 0.0081 0.0390101 0.00301005
      endloop
   endfacet
   facet normal 0.707107 0.5 0.5
      outer loop
         vertex 0.0078 0.0392222 0.00322218
         vertex 0.0078 0.0389837 0.00357905
         vertex 0.0081 0.0387066 0.00346424
      endloop
   endfacet
   facet normal 0.707107 0.653281 0.270598
      outer loop
         vertex 0.0078 0.0389837 0.00357905
         vertex 0.0078 0.0389 0.004
         vertex 0.0081 0.0386 0.004
      endloop
   endfacet
   facet normal 0.707107 0.707107 1.96262e-16
      outer loop
         vertex 0.0078 0.0389 0.004
         vertex 0.0078 0.0389837 0.00442095
         vertex 0.0081 0.0387066 0.00453576
      endloop
   endfacet
   facet normal 0.707107 0.653281 -0.270598
      outer loop
         vertex 0.0078 0.0389837 0.00442095
         vertex 0.0078 0.0392222 0.00477782
         vertex 0.0081 0.0390101 0.00498995
      endloop
   endfacet
   facet normal 0.707107 0.5 -0.5
      outer loop
         vertex 0.0078 0.0392222 0.00477782
         vertex 0.0078 0.039579 0.00501627
         vertex 0.0081 0.0394642 0.00529343
      endloop
   endfacet
   facet normal 0.707107 0.270598 -0.653281
      outer loop
         vertex 0.0078 0.039579 0.00501627
         vertex 0.0078 0.04 0.0051
         vertex 0.0081 0.04 0.0054
      endloop
   endfacet
   facet normal 0.707107 1.17757e-16 -0.707107
      outer loop
         vertex 0.0078 0.04 0.0051
         vertex 0.0078 0.040421 0.00501627
         vertex 0.0081 0.0405358 0.00529343
      endloop
   endfacet
   facet normal 0.707107 -0.270598 -0.653281
      outer loop
         vertex 0.0078 0.040421 0.00501627
         vertex 0.0078 0.0407778 0.00477782
         vertex 0.0081 0.0409899 0.00498995
      endloop
   endfacet
   facet normal 0.707107 -0.5 -0.5
      outer loop
         vertex 0.0078 0.0407778 0.00477782
         vertex 0.0078 0.0410163 0.00442095
         vertex 0.0081 0.0412934 0.00453576
      endloop
   endfacet
   facet normal 0.707107 -0.653281 -0.270598
      outer loop
         vertex 0.0078 0.0410163 0.00442095
         vertex 0.0078 0.0411 0.004
         vertex 0.0081 0.0414 0.004
      endloop
   endfacet
   facet normal 0.707107 -0.707107 -7.85046e-17
      outer loop
         vertex 0.0078 0.0411 0.004
         vertex 0.0078 0.0410163 0.00357905
         vertex 0.0081 0.0412934 0.00346424
      endloop
   endfacet
   facet normal 0.707107 -0.653281 0.270598
      outer loop
         vertex 0.0078 0.0410163 0.00357905
         vertex 0.0078 0.0407778 0.00322218
         vertex 0.0081 0.0409899 0.00301005
      endloop
   endfacet
   facet normal 0.707107 -0.5 0.5
      outer loop
         vertex 0.0078 0.0407778 0.00322218
         vertex 0.0078 0.040421 0.00298373
         vertex 0.0081 0.0405358 0.00270657
      endloop
   endfacet
   facet normal 0.707107 -0.270598 0.653281
      outer loop
         vertex 0.0078 0.040421 0.00298373
         vertex 0.0078 0.04 0.0029
         vertex 0.0081 0.04 0.0026
      endloop
   endfacet
   facet normal -1 0 0
      outer loop
         vertex -0.0081 -0.00276586 -0.0018
         vertex -0.0081 -0.0030488 -0.00126286
         vertex -0.0081 -0.00092388 -0.000382683
      endloop
   endfacet
   facet normal -1 0 0
      outer loop
         vertex -0.0081 -0.0033 -6.062e-19
         vertex -0.0081 -0.001 -1.73287e-19
         vertex -0.0081 -0.00092388 -0.000382683
      endloop
   endfacet
   facet normal -1 0 0
      outer loop
         vertex -0.0081 -0.0030488 0.00126286
         vertex -0.0081 -0.00092388 0.000382683
         vertex -0.0081 -0.001 -1.73287e-19
      endloop
   endfacet
   facet normal -1 0 0
      outer loop
         vertex -0.0081 -0.00268989 0.0018
         vertex -0.0081 -0.000707107 0.000707107
         vertex -0.0081 -0.00092388 0.000382683
      endloop
   endfacet
   facet normal -1 0 0
      outer loop
         vertex -0.0081 0.025 -0.0018
         vertex -0.0081 -0.00276586 -0.0018
         vertex -0.0081 1.33778e-17 -0.001
      endloop
   endfacet
   facet normal -1 0 0
      outer loop
         vertex -0.0081 -0.00276586 -0.0018
         vertex -0.0081 -0.000707107 -0.000707107
         vertex -0.0081 -0.000382683 -0.00092388
      endloop
   endfacet
   facet normal -1 0 0
      outer loop
         vertex -0.0081 -0.00092388 -0.000382683
         vertex -0.0081 -0.0030488 -0.00126286
         vertex -0.0081 -0.0033 -6.062e-19
      endloop
   endfacet
   facet normal -1 0 0
      outer loop
         vertex -0.0081 -0.00092388 0.000382683
         vertex -0.0081 -0.0030488 0.00126286
         vertex -0.0081 -0.00268989 0.0018
      endloop
   endfacet
   facet normal -1 0 0
      outer loop
         vertex -0.0081 0.025 0.0018
         vertex -0.0081 0.000382683 0.00092388
         vertex -0.0081 1.30104e-17 0.001
      endloop
   endfacet
   facet normal -1 0 0
      outer loop
         vertex -0.0081 -0.000382683 -0.00092388
         vertex -0.0081 1.33778e-17 -0.001
         vertex -0.0081 -0.00276586 -0.0018
      endloop
   endfacet
   facet normal -1 0 0
      outer loop
         vertex -0.0081 -0.001 -1.73287e-19
         vertex -0.0081 -0.0033 -6.062e-19
         vertex -0.0081 -0.0030488 0.00126286
      endloop
   endfacet
   facet normal -1 0 0
      outer loop
         vertex -0.0081 0.025 0.0018
         vertex -0.0081 0.000707107 0.000707107
         vertex -0.0081 0.000382683 0.00092388
      endloop
   endfacet
   facet normal -1 0 0
      outer loop
         vertex -0.0081 0.025 -0.0018
         vertex -0.0081 0.00092388 -0.000382683
         vertex -0.0081 0.001 -1.50402e-19
      endloop
   endfacet
   facet normal -1 0 0
      outer loop
         vertex -0.0081 -0.00092388 -0.000382683
         vertex -0.0081 -0.000707107 -0.000707107
         vertex -0.0081 -0.00276586 -0.0018
      endloop
   endfacet
   facet normal -1 0 0
      outer loop
         vertex -0.0081 -0.00268989 0.0018
         vertex -0.0081 1.30104e-17 0.001
         vertex -0.0081 -0.000382683 0.00092388
      endloop
   endfacet
   facet normal -1 0 0
      outer loop
         vertex -0.0081 0.025 0.0018
         vertex -0.0081 0.00092388 0.000382683
         vertex -0.0081 0.000707107 0.000707107
      endloop
   endfacet
   facet normal -1 0 0
      outer loop
         vertex -0.0081 0.001 -1.50402e-19
         vertex -0.0081 0.025 0.0018
         vertex -0.0081 0.025 -0.0018
      endloop
   endfacet
   facet normal -1 0 0
      outer loop
         vertex -0.0081 0.025 -0.0018
         vertex -0.0081 0.000382683 -0.00092388
         vertex -0.0081 0.000707107 -0.000707107
      endloop
   endfacet
   facet normal -1 0 0
      outer loop
         vertex -0.0081 -0.000382683 0.00092388
         vertex -0.0081 -0.000707107 0.000707107
         vertex -0.0081 -0.00268989 0.0018
      endloop
   endfacet
   facet normal -1 0 0
      outer loop
         vertex -0.0081 0.001 -1.50402e-19
         vertex -0.0081 0.00092388 0.000382683
         vertex -0.0081 0.025 0.0018
      endloop
   endfacet
   facet normal -1 0 0
      outer loop
         vertex -0.0081 1.33778e-17 -0.001
         vertex -0.0081 0.000382683 -0.00092388
         vertex -0.0081 0.025 -0.0018
      endloop
   endfacet
   facet normal -1 0 0
      outer loop
         vertex -0.0081 0.000707107 -0.000707107
         vertex -0.0081 0.00092388 -0.000382683
         vertex -0.0081 0.025 -0.0018
      endloop
   endfacet
   facet normal -1 0 0
      outer loop
         vertex -0.0081 -0.00268989 0.0018
         vertex -0.0081 -0.00233345 0.00233345
         vertex -0.0081 -0.00126286 0.0030488
      endloop
   endfacet
   facet normal -1 0 0
      outer loop
         vertex -0.0081 0.0186 0.004
         vertex -0.0081 0.00426244 0.00702965
         vertex -0.0081 0.0043209 0.00717441
      endloop
   endfacet
   facet normal -1 0 0
      outer loop
         vertex -0.0081 0.0190101 0.00301005
         vertex -0.0081 -0.00268989 0.0018
         vertex -0.0081 0.003 0.0033
      endloop
   endfacet
   facet normal -1 0 0
      outer loop
         vertex -0.0081 -0.00126286 0.0030488
         vertex -0.0081 1.25066e-17 0.0033
         vertex -0.0081 -0.00268989 0.0018
      endloop
   endfacet
   facet normal -1 0 0
      outer loop
         vertex -0.0081 0.0186 0.004
         vertex -0.0081 0.004 0.00560463
         vertex -0.0081 0.00426244 0.00702965
      endloop
   endfacet
   facet normal -1 0 0
      outer loop
         vertex -0.0081 -0.00268989 0.0018
         vertex -0.0081 0.0194642 0.00270657
         vertex -0.0081 0.02 0.0026
      endloop
   endfacet
   facet normal -1 0 0
      outer loop
         vertex -0.0081 0.0187066 0.00346424
         vertex -0.0081 0.00370711 0.00359289
         vertex -0.0081 0.00392388 0.00391732
      endloop
   endfacet
   facet normal -1 0 0
      outer loop
         vertex -0.0081 1.25066e-17 0.0033
         vertex -0.0081 0.003 0.0033
         vertex -0.0081 -0.00268989 0.0018
      endloop
   endfacet
   facet normal -1 0 0
      outer loop
         vertex -0.0081 0.0186 0.004
         vertex -0.0081 0.004 0.0043
         vertex -0.0081 0.004 0.00560463
      endloop
   endfacet
   facet normal -1 0 0
      outer loop
         vertex -0.0081 0.025 0.0018
         vertex -0.0081 0.02 0.0026
         vertex -0.0081 0.0205358 0.00270657
      endloop
   endfacet
   facet normal -1 0 0
      outer loop
         vertex -0.0081 -0.00268989 0.0018
         vertex -0.0081 0.0190101 0.00301005
         vertex -0.0081 0.0194642 0.00270657
      endloop
   endfacet
   facet normal -1 0 0
      outer loop
         vertex -0.0081 0.00392388 0.00391732
         vertex -0.0081 0.0186 0.004
         vertex -0.0081 0.0187066 0.00346424
      endloop
   endfacet
   facet normal -1 0 0
      outer loop
         vertex -0.0081 0.003 0.0033
         vertex -0.0081 0.00338268 0.00337612
         vertex -0.0081 0.0190101 0.00301005
      endloop
   endfacet
   facet normal -1 0 0
      outer loop
         vertex -0.0081 0.0186 0.004
         vertex -0.0081 0.00392388 0.00391732
         vertex -0.0081 0.004 0.0043
      endloop
   endfacet
   facet normal -1 0 0
      outer loop
         vertex -0.0081 0.02 0.0026
         vertex -0.0081 0.025 0.0018
         vertex -0.0081 -0.00268989 0.0018
      endloop
   endfacet
   facet normal -1 0 0
      outer loop
         vertex -0.0081 0.00338268 0.00337612
         vertex -0.0081 0.00370711 0.00359289
         vertex -0.0081 0.0190101 0.00301005
      endloop
   endfacet
   facet normal -1 0 0
      outer loop
         vertex -0.0081 0.0043209 0.00717441
         vertex -0.0081 0.0190101 0.00498995
         vertex -0.0081 0.0187066 0.00453576
      endloop
   endfacet
   facet normal -1 0 0
      outer loop
         vertex -0.0081 0.025 0.00848745
         vertex -0.0081 0.025 0.0018
         vertex -0.0081 0.0214 0.004
      endloop
   endfacet
   facet normal -1 0 0
      outer loop
         vertex -0.0081 0.025 0.0018
         vertex -0.0081 0.0209899 0.00301005
         vertex -0.0081 0.0212934 0.00346424
      endloop
   endfacet
   facet normal -1 0 0
      outer loop
         vertex -0.0081 0.0187066 0.00346424
         vertex -0.0081 0.0190101 0.00301005
         vertex -0.0081 0.00370711 0.00359289
      endloop
   endfacet
   facet normal -1 0 0
      outer loop
         vertex -0.0081 0.0043209 0.00717441
         vertex -0.0081 0.0194642 0.00529343
         vertex -0.0081 0.0190101 0.00498995
      endloop
   endfacet
   facet normal -1 0 0
      outer loop
         vertex -0.0081 0.025 0.00848745
         vertex -0.0081 0.02 0.0054
         vertex -0.0081 0.0194642 0.00529343
      endloop
   endfacet
   facet normal -1 0 0
      outer loop
         vertex -0.0081 0.025 0.00848745
         vertex -0.0081 0.0209899 0.00498995
         vertex -0.0081 0.0205358 0.00529343
      endloop
   endfacet
   facet normal -1 0 0
      outer loop
         vertex -0.0081 0.0214 0.004
         vertex -0.0081 0.0212934 0.00453576
         vertex -0.0081 0.025 0.00848745
      endloop
   endfacet
   facet normal -1 0 0
      outer loop
         vertex -0.0081 0.0205358 0.00270657
         vertex -0.0081 0.0209899 0.00301005
         vertex -0.0081 0.025 0.0018
      endloop
   endfacet
   facet normal -1 0 0
      outer loop
         vertex -0.0081 0.0194642 0.00529343
         vertex -0.0081 0.0043209 0.00717441
         vertex -0.0081 0.025 0.00848745
      endloop
   endfacet
   facet normal -1 0 0
      outer loop
         vertex -0.0081 0.0212934 0.00453576
         vertex -0.0081 0.0209899 0.00498995
         vertex -0.0081 0.025 0.00848745
      endloop
   endfacet
   facet normal -1 0 0
      outer loop
         vertex -0.0081 0.0043209 0.00717441
         vertex -0.0081 0.0187066 0.00453576
         vertex -0.0081 0.0186 0.004
      endloop
   endfacet
   facet normal -1 0 0
      outer loop
         vertex -0.0081 0.0212934 0.00346424
         vertex -0.0081 0.0214 0.004
         vertex -0.0081 0.025 0.0018
      endloop
   endfacet
   facet normal -1 0 0
      outer loop
         vertex -0.0081 0.0387066 0.00453576
         vertex -0.0081 0.0386 0.004
         vertex -0.0081 0.0314 0.004
      endloop
   endfacet
   facet normal -1 0 0
      outer loop
         vertex -0.0081 0.0387066 0.00346424
         vertex -0.0081 0.0312934 0.00346424
         vertex -0.0081 0.0314 0.004
      endloop
   endfacet
   facet normal -1 0 0
      outer loop
         vertex -0.0081 0.0387066 0.00346424
         vertex -0.0081 0.025 0.0018
         vertex -0.0081 0.03 0.0026
      endloop
   endfacet
   facet normal -1 0 0
      outer loop
         vertex -0.0081 0.025 0.00848745
         vertex -0.0081 0.0287066 0.00453576
         vertex -0.0081 0.0286 0.004
      endloop
   endfacet
   facet normal -1 0 0
      outer loop
         vertex -0.0081 0.0314 0.004
         vertex -0.0081 0.0386 0.004
         vertex -0.0081 0.0387066 0.00346424
      endloop
   endfacet
   facet normal -1 0 0
      outer loop
         vertex -0.0081 0.03 0.0026
         vertex -0.0081 0.0305358 0.00270657
         vertex -0.0081 0.0387066 0.00346424
      endloop
   endfacet
   facet normal -1 0 0
      outer loop
         vertex -0.0081 0.025 0.0018
         vertex -0.0081 0.0290101 0.00301005
         vertex -0.0081 0.0294642 0.00270657
      endloop
   endfacet
   facet normal -1 0 0
      outer loop
         vertex -0.0081 0.0286 0.004
         vertex -0.0081 0.025 0.0018
         vertex -0.0081 0.025 0.00848745
      endloop
   endfacet
   facet normal -1 0 0
      outer loop
         vertex -0.0081 0.0314 0.004
         vertex -0.0081 0.0312934 0.00453576
         vertex -0.0081 0.0387066 0.00453576
      endloop
   endfacet
   facet normal -1 0 0
      outer loop
         vertex -0.0081 0.0309899 0.00498995
         vertex -0.0081 0.0380338 0.00931504
         vertex -0.0081 0.0390101 0.00498995
      endloop
   endfacet
   facet normal -1 0 0
      outer loop
         vertex -0.0081 0.0380338 0.00931504
         vertex -0.0081 0.04 0.0054
         vertex -0.0081 0.0394642 0.00529343
      endloop
   endfacet
   facet normal -1 0 0
      outer loop
         vertex -0.0081 0.0294642 0.00270657
         vertex -0.0081 0.03 0.0026
         vertex -0.0081 0.025 0.0018
      endloop
   endfacet
   facet normal -1 0 0
      outer loop
         vertex -0.0081 0.0286 0.004
         vertex -0.0081 0.0287066 0.00346424
         vertex -0.0081 0.025 0.0018
      endloop
   endfacet
   facet normal -1 0 0
      outer loop
         vertex -0.0081 0.025 0.00848745
         vertex -0.0081 0.0294642 0.00529343
         vertex -0.0081 0.0290101 0.00498995
      endloop
   endfacet
   facet normal -1 0 0
      outer loop
         vertex -0.0081 0.0380338 0.00931504
         vertex -0.0081 0.0509665 0.00931504
         vertex -0.0081 0.0405358 0.00529343
      endloop
   endfacet
   facet normal -1 0 0
      outer loop
         vertex -0.0081 0.0509665 0.00931504
         vertex -0.0081 0.0412934 0.00453576
         vertex -0.0081 0.0409899 0.00498995
      endloop
   endfacet
   facet normal -1 0 0
      outer loop
         vertex -0.0081 0.0509665 0.00931504
         vertex -0.0081 0.0544708 0.0018
         vertex -0.0081 0.0414 0.004
      endloop
   endfacet
   facet normal -1 0 0
      outer loop
         vertex -0.0081 0.0387066 0.00346424
         vertex -0.0081 0.0309899 0.00301005
         vertex -0.0081 0.0312934 0.00346424
      endloop
   endfacet
   facet normal -1 0 0
      outer loop
         vertex -0.0081 0.0394642 0.00529343
         vertex -0.0081 0.0390101 0.00498995
         vertex -0.0081 0.0380338 0.00931504
      endloop
   endfacet
   facet normal -1 0 0
      outer loop
         vertex -0.0081 0.0287066 0.00346424
         vertex -0.0081 0.0290101 0.00301005
         vertex -0.0081 0.025 0.0018
      endloop
   endfacet
   facet normal -1 0 0
      outer loop
         vertex -0.0081 0.025 0.00848745
         vertex -0.0081 0.03 0.0054
         vertex -0.0081 0.0294642 0.00529343
      endloop
   endfacet
   facet normal -1 0 0
      outer loop
         vertex -0.0081 0.0409899 0.00498995
         vertex -0.0081 0.0405358 0.00529343
         vertex -0.0081 0.0509665 0.00931504
      endloop
   endfacet
   facet normal -1 0 0
      outer loop
         vertex -0.0081 0.0544708 0.0018
         vertex -0.0081 0.0412934 0.00346424
         vertex -0.0081 0.0414 0.004
      endloop
   endfacet
   facet normal -1 0 0
      outer loop
         vertex -0.0081 0.0390101 0.00498995
         vertex -0.0081 0.0387066 0.00453576
         vertex -0.0081 0.0309899 0.00498995
      endloop
   endfacet
   facet normal -1 0 0
      outer loop
         vertex -0.0081 0.0290101 0.00498995
         vertex -0.0081 0.0287066 0.00453576
         vertex -0.0081 0.025 0.00848745
      endloop
   endfacet
   facet normal -1 0 0
      outer loop
         vertex -0.0081 0.0414 0.004
         vertex -0.0081 0.0412934 0.00453576
         vertex -0.0081 0.0509665 0.00931504
      endloop
   endfacet
   facet normal -1 0 0
      outer loop
         vertex -0.0081 0.0544708 0.0018
         vertex -0.0081 0.0405358 0.00270657
         vertex -0.0081 0.0409899 0.00301005
      endloop
   endfacet
   facet normal -1 0 0
      outer loop
         vertex -0.0081 0.025 0.0018
         vertex -0.0081 0.0394642 0.00270657
         vertex -0.0081 0.04 0.0026
      endloop
   endfacet
   facet normal -1 0 0
      outer loop
         vertex -0.0081 0.0380338 0.00931504
         vertex -0.0081 0.0305358 0.00529343
         vertex -0.0081 0.03 0.0054
      endloop
   endfacet
   facet normal -1 0 0
      outer loop
         vertex -0.0081 0.025 0.0018
         vertex -0.0081 0.0387066 0.00346424
         vertex -0.0081 0.0390101 0.00301005
      endloop
   endfacet
   facet normal -1 0 0
      outer loop
         vertex -0.0081 0.0305358 0.00270657
         vertex -0.0081 0.0309899 0.00301005
         vertex -0.0081 0.0387066 0.00346424
      endloop
   endfacet
   facet normal -1 0 0
      outer loop
         vertex -0.0081 0.0409899 0.00301005
         vertex -0.0081 0.0412934 0.00346424
         vertex -0.0081 0.0544708 0.0018
      endloop
   endfacet
   facet normal -1 0 0
      outer loop
         vertex -0.0081 0.04 0.0026
         vertex -0.0081 0.0544708 0.0018
         vertex -0.0081 0.025 0.0018
      endloop
   endfacet
   facet normal -1 0 0
      outer loop
         vertex -0.0081 0.0380338 0.00931504
         vertex -0.0081 0.0309899 0.00498995
         vertex -0.0081 0.0305358 0.00529343
      endloop
   endfacet
   facet normal -1 0 0
      outer loop
         vertex -0.0081 0.0312934 0.00453576
         vertex -0.0081 0.0309899 0.00498995
         vertex -0.0081 0.0387066 0.00453576
      endloop
   endfacet
   facet normal -1 0 0
      outer loop
         vertex -0.0081 0.04 0.0026
         vertex -0.0081 0.0405358 0.00270657
         vertex -0.0081 0.0544708 0.0018
      endloop
   endfacet
   facet normal -1 0 0
      outer loop
         vertex -0.0081 0.0390101 0.00301005
         vertex -0.0081 0.0394642 0.00270657
         vertex -0.0081 0.025 0.0018
      endloop
   endfacet
   facet normal -1 0 0
      outer loop
         vertex -0.0081 0.03 0.0054
         vertex -0.0081 0.025 0.00848745
         vertex -0.0081 0.0380338 0.00931504
      endloop
   endfacet
   facet normal -1 0 0
      outer loop
         vertex -0.0081 0.054738 -0.0018
         vertex -0.0081 0.0527071 -0.000707107
         vertex -0.0081 0.0529239 -0.000382683
      endloop
   endfacet
   facet normal -1 0 0
      outer loop
         vertex -0.0081 0.025 -0.0018
         vertex -0.0081 0.0516173 -0.00092388
         vertex -0.0081 0.052 -0.001
      endloop
   endfacet
   facet normal -1 0 0
      outer loop
         vertex -0.0081 0.054738 -0.0018
         vertex -0.0081 0.0523827 -0.00092388
         vertex -0.0081 0.0527071 -0.000707107
      endloop
   endfacet
   facet normal -1 0 0
      outer loop
         vertex -0.0081 0.052 -0.001
         vertex -0.0081 0.054738 -0.0018
         vertex -0.0081 0.025 -0.0018
      endloop
   endfacet
   facet normal -1 0 0
      outer loop
         vertex -0.0081 0.0548588 0.000967855
         vertex -0.0081 0.0551244 4.90523e-06
         vertex -0.0081 0.053 7.11036e-18
      endloop
   endfacet
   facet normal -1 0 0
      outer loop
         vertex -0.0081 0.055059 -0.000991848
         vertex -0.0081 0.0529239 -0.000382683
         vertex -0.0081 0.053 7.11036e-18
      endloop
   endfacet
   facet normal -1 0 0
      outer loop
         vertex -0.0081 0.052 -0.001
         vertex -0.0081 0.0523827 -0.00092388
         vertex -0.0081 0.054738 -0.0018
      endloop
   endfacet
   facet normal -1 0 0
      outer loop
         vertex -0.0081 0.025 -0.0018
         vertex -0.0081 0.0510761 -0.000382683
         vertex -0.0081 0.0512929 -0.000707107
      endloop
   endfacet
   facet normal -1 0 0
      outer loop
         vertex -0.0081 0.0544708 0.0018
         vertex -0.0081 0.0548588 0.000967855
         vertex -0.0081 0.0529239 0.000382683
      endloop
   endfacet
   facet normal -1 0 0
      outer loop
         vertex -0.0081 0.053 7.11036e-18
         vertex -0.0081 0.0551244 4.90523e-06
         vertex -0.0081 0.055059 -0.000991848
      endloop
   endfacet
   facet normal -1 0 0
      outer loop
         vertex -0.0081 0.0512929 -0.000707107
         vertex -0.0081 0.0516173 -0.00092388
         vertex -0.0081 0.025 -0.0018
      endloop
   endfacet
   facet normal -1 0 0
      outer loop
         vertex -0.0081 0.025 -0.0018
         vertex -0.0081 0.025 0.0018
         vertex -0.0081 0.051 7.08748e-18
      endloop
   endfacet
   facet normal -1 0 0
      outer loop
         vertex -0.0081 0.0529239 0.000382683
         vertex -0.0081 0.0527071 0.000707107
         vertex -0.0081 0.0544708 0.0018
      endloop
   endfacet
   facet normal -1 0 0
      outer loop
         vertex -0.0081 0.0529239 -0.000382683
         vertex -0.0081 0.055059 -0.000991848
         vertex -0.0081 0.054738 -0.0018
      endloop
   endfacet
   facet normal -1 0 0
      outer loop
         vertex -0.0081 0.025 0.0018
         vertex -0.0081 0.0510761 0.000382683
         vertex -0.0081 0.051 7.08748e-18
      endloop
   endfacet
   facet normal -1 0 0
      outer loop
         vertex -0.0081 0.0527071 0.000707107
         vertex -0.0081 0.0523827 0.00092388
         vertex -0.0081 0.0544708 0.0018
      endloop
   endfacet
   facet normal -1 0 0
      outer loop
         vertex -0.0081 0.051 7.08748e-18
         vertex -0.0081 0.0510761 -0.000382683
         vertex -0.0081 0.025 -0.0018
      endloop
   endfacet
   facet normal -1 0 0
      outer loop
         vertex -0.0081 0.025 0.0018
         vertex -0.0081 0.0516173 0.00092388
         vertex -0.0081 0.0512929 0.000707107
      endloop
   endfacet
   facet normal -1 0 0
      outer loop
         vertex -0.0081 0.025 0.0018
         vertex -0.0081 0.0544708 0.0018
         vertex -0.0081 0.052 0.001
      endloop
   endfacet
   facet normal -1 0 0
      outer loop
         vertex -0.0081 0.053 7.11036e-18
         vertex -0.0081 0.0529239 0.000382683
         vertex -0.0081 0.0548588 0.000967855
      endloop
   endfacet
   facet normal -1 0 0
      outer loop
         vertex -0.0081 0.052 0.001
         vertex -0.0081 0.0516173 0.00092388
         vertex -0.0081 0.025 0.0018
      endloop
   endfacet
   facet normal -1 0 0
      outer loop
         vertex -0.0081 0.0512929 0.000707107
         vertex -0.0081 0.0510761 0.000382683
         vertex -0.0081 0.025 0.0018
      endloop
   endfacet
   facet normal -1 0 0
      outer loop
         vertex -0.0081 0.0523827 0.00092388
         vertex -0.0081 0.052 0.001
         vertex -0.0081 0.0544708 0.0018
      endloop
   endfacet
   facet normal -1 0 0
      outer loop
         vertex -0.0081 0.0405358 0.00529343
         vertex -0.0081 0.04 0.0054
         vertex -0.0081 0.0380338 0.00931504
      endloop
   endfacet
   facet normal -1 0 0
      outer loop
         vertex -0.0081 0.0205358 0.00529343
         vertex -0.0081 0.02 0.0054
         vertex -0.0081 0.025 0.00848745
      endloop
   endfacet
   facet normal -1 0 0
      outer loop
         vertex -0.0081 1.30104e-17 0.001
         vertex -0.0081 -0.00268989 0.0018
         vertex -0.0081 0.025 0.0018
      endloop
   endfacet
   facet normal -0.707107 0 -0.707107
      outer loop
         vertex -0.0081 0.03 0.0054
         vertex -0.0081 0.0305358 0.00529343
         vertex -0.0078 0.030421 0.00501627
      endloop
   endfacet
   facet normal -0.707107 -0.270598 -0.653281
      outer loop
         vertex -0.0081 0.0305358 0.00529343
         vertex -0.0081 0.0309899 0.00498995
         vertex -0.0078 0.0307778 0.00477782
      endloop
   endfacet
   facet normal -0.707107 -0.5 -0.5
      outer loop
         vertex -0.0081 0.0309899 0.00498995
         vertex -0.0081 0.0312934 0.00453576
         vertex -0.0078 0.0310163 0.00442095
      endloop
   endfacet
   facet normal -0.707107 -0.653281 -0.270598
      outer loop
         vertex -0.0081 0.0312934 0.00453576
         vertex -0.0081 0.0314 0.004
         vertex -0.0078 0.0311 0.004
      endloop
   endfacet
   facet normal -0.707107 -0.707107 7.85046e-17
      outer loop
         vertex -0.0081 0.0314 0.004
         vertex -0.0081 0.0312934 0.00346424
         vertex -0.0078 0.0310163 0.00357905
      endloop
   endfacet
   facet normal -0.707107 -0.653281 0.270598
      outer loop
         vertex -0.0081 0.0312934 0.00346424
         vertex -0.0081 0.0309899 0.00301005
         vertex -0.0078 0.0307778 0.00322218
      endloop
   endfacet
   facet normal -0.707107 -0.5 0.5
      outer loop
         vertex -0.0081 0.0309899 0.00301005
         vertex -0.0081 0.0305358 0.00270657
         vertex -0.0078 0.030421 0.00298373
      endloop
   endfacet
   facet normal -0.707107 -0.270598 0.653281
      outer loop
         vertex -0.0081 0.0305358 0.00270657
         vertex -0.0081 0.03 0.0026
         vertex -0.0078 0.03 0.0029
      endloop
   endfacet
   facet normal -0.707107 1.17757e-16 0.707107
      outer loop
         vertex -0.0081 0.03 0.0026
         vertex -0.0081 0.0294642 0.00270657
         vertex -0.0078 0.029579 0.00298373
      endloop
   endfacet
   facet normal -0.707107 0.270598 0.653281
      outer loop
         vertex -0.0081 0.0294642 0.00270657
         vertex -0.0081 0.0290101 0.00301005
         vertex -0.0078 0.0292222 0.00322218
      endloop
   endfacet
   facet normal -0.707107 0.5 0.5
      outer loop
         vertex -0.0081 0.0290101 0.00301005
         vertex -0.0081 0.0287066 0.00346424
         vertex -0.0078 0.0289837 0.00357905
      endloop
   endfacet
   facet normal -0.707107 0.653281 0.270598
      outer loop
         vertex -0.0081 0.0287066 0.00346424
         vertex -0.0081 0.0286 0.004
         vertex -0.0078 0.0289 0.004
      endloop
   endfacet
   facet normal -0.707107 0.707107 -1.96262e-16
      outer loop
         vertex -0.0081 0.0286 0.004
         vertex -0.0081 0.0287066 0.00453576
         vertex -0.0078 0.0289837 0.00442095
      endloop
   endfacet
   facet normal -0.707107 0.653281 -0.270598
      outer loop
         vertex -0.0081 0.0287066 0.00453576
         vertex -0.0081 0.0290101 0.00498995
         vertex -0.0078 0.0292222 0.00477782
      endloop
   endfacet
   facet normal -0.707107 0.5 -0.5
      outer loop
         vertex -0.0081 0.0290101 0.00498995
         vertex -0.0081 0.0294642 0.00529343
         vertex -0.0078 0.029579 0.00501627
      endloop
   endfacet
   facet normal -0.707107 0.270598 -0.653281
      outer loop
         vertex -0.0081 0.0294642 0.00529343
         vertex -0.0081 0.03 0.0054
         vertex -0.0078 0.03 0.0051
      endloop
   endfacet
   facet normal -0.707107 0 -0.707107
      outer loop
         vertex -0.0078 0.03 0.0051
         vertex -0.0078 0.029579 0.00501627
         vertex -0.0081 0.0294642 0.00529343
      endloop
   endfacet
   facet normal -0.707107 0.270598 -0.653281
      outer loop
         vertex -0.0078 0.029579 0.00501627
         vertex -0.0078 0.0292222 0.00477782
         vertex -0.0081 0.0290101 0.00498995
      endloop
   endfacet
   facet normal -0.707107 0.5 -0.5
      outer loop
         vertex -0.0078 0.0292222 0.00477782
         vertex -0.0078 0.0289837 0.00442095
         vertex -0.0081 0.0287066 0.00453576
      endloop
   endfacet
   facet normal -0.707107 0.653281 -0.270598
      outer loop
         vertex -0.0078 0.0289837 0.00442095
         vertex -0.0078 0.0289 0.004
         vertex -0.0081 0.0286 0.004
      endloop
   endfacet
   facet normal -0.707107 0.707107 -1.96262e-16
      outer loop
         vertex -0.0078 0.0289 0.004
         vertex -0.0078 0.0289837 0.00357905
         vertex -0.0081 0.0287066 0.00346424
      endloop
   endfacet
   facet normal -0.707107 0.653281 0.270598
      outer loop
         vertex -0.0078 0.0289837 0.00357905
         vertex -0.0078 0.0292222 0.00322218
         vertex -0.0081 0.0290101 0.00301005
      endloop
   endfacet
   facet normal -0.707107 0.5 0.5
      outer loop
         vertex -0.0078 0.0292222 0.00322218
         vertex -0.0078 0.029579 0.00298373
         vertex -0.0081 0.0294642 0.00270657
      endloop
   endfacet
   facet normal -0.707107 0.270598 0.653281
      outer loop
         vertex -0.0078 0.029579 0.00298373
         vertex -0.0078 0.03 0.0029
         vertex -0.0081 0.03 0.0026
      endloop
   endfacet
   facet normal -0.707107 1.17757e-16 0.707107
      outer loop
         vertex -0.0078 0.03 0.0029
         vertex -0.0078 0.030421 0.00298373
         vertex -0.0081 0.0305358 0.00270657
      endloop
   endfacet
   facet normal -0.707107 -0.270598 0.653281
      outer loop
         vertex -0.0078 0.030421 0.00298373
         vertex -0.0078 0.0307778 0.00322218
         vertex -0.0081 0.0309899 0.00301005
      endloop
   endfacet
   facet normal -0.707107 -0.5 0.5
      outer loop
         vertex -0.0078 0.0307778 0.00322218
         vertex -0.0078 0.0310163 0.00357905
         vertex -0.0081 0.0312934 0.00346424
      endloop
   endfacet
   facet normal -0.707107 -0.653281 0.270598
      outer loop
         vertex -0.0078 0.0310163 0.00357905
         vertex -0.0078 0.0311 0.004
         vertex -0.0081 0.0314 0.004
      endloop
   endfacet
   facet normal -0.707107 -0.707107 7.85046e-17
      outer loop
         vertex -0.0078 0.0311 0.004
         vertex -0.0078 0.0310163 0.00442095
         vertex -0.0081 0.0312934 0.00453576
      endloop
   endfacet
   facet normal -0.707107 -0.653281 -0.270598
      outer loop
         vertex -0.0078 0.0310163 0.00442095
         vertex -0.0078 0.0307778 0.00477782
         vertex -0.0081 0.0309899 0.00498995
      endloop
   endfacet
   facet normal -0.707107 -0.5 -0.5
      outer loop
         vertex -0.0078 0.0307778 0.00477782
         vertex -0.0078 0.030421 0.00501627
         vertex -0.0081 0.0305358 0.00529343
      endloop
   endfacet
   facet normal -0.707107 -0.270598 -0.653281
      outer loop
         vertex -0.0078 0.030421 0.00501627
         vertex -0.0078 0.03 0.0051
         vertex -0.0081 0.03 0.0054
      endloop
   endfacet
   facet normal 0 0.382683 0.92388
      outer loop
         vertex -0.00325 0.029579 0.00298373
         vertex -0.00325 0.03 0.0029
         vertex -0.0078 0.03 0.0029
      endloop
   endfacet
   facet normal 0 0.707107 0.707107
      outer loop
         vertex -0.00325 0.0292222 0.00322218
         vertex -0.00325 0.029579 0.00298373
         vertex -0.0078 0.029579 0.00298373
      endloop
   endfacet
   facet normal 0 0.92388 0.382683
      outer loop
         vertex -0.00325 0.0289837 0.00357905
         vertex -0.00325 0.0292222 0.00322218
         vertex -0.0078 0.0292222 0.00322218
      endloop
   endfacet
   facet normal 0 1 -1.83697e-16
      outer loop
         vertex -0.00325 0.0289 0.004
         vertex -0.00325 0.0289837 0.00357905
         vertex -0.0078 0.0289837 0.00357905
      endloop
   endfacet
   facet normal 0 0.92388 -0.382683
      outer loop
         vertex -0.00325 0.0289837 0.00442095
         vertex -0.00325 0.0289 0.004
         vertex -0.0078 0.0289 0.004
      endloop
   endfacet
   facet normal 0 0.707107 -0.707107
      outer loop
         vertex -0.00325 0.0292222 0.00477782
         vertex -0.00325 0.0289837 0.00442095
         vertex -0.0078 0.0289837 0.00442095
      endloop
   endfacet
   facet normal 0 0.382683 -0.92388
      outer loop
         vertex -0.00325 0.029579 0.00501627
         vertex -0.00325 0.0292222 0.00477782
         vertex -0.0078 0.0292222 0.00477782
      endloop
   endfacet
   facet normal 0 -1.22465e-16 -1
      outer loop
         vertex -0.00325 0.03 0.0051
         vertex -0.00325 0.029579 0.00501627
         vertex -0.0078 0.029579 0.00501627
      endloop
   endfacet
   facet normal 0 -0.382683 -0.92388
      outer loop
         vertex -0.00325 0.030421 0.00501627
         vertex -0.00325 0.03 0.0051
         vertex -0.0078 0.03 0.0051
      endloop
   endfacet
   facet normal 0 -0.707107 -0.707107
      outer loop
         vertex -0.00325 0.0307778 0.00477782
         vertex -0.00325 0.030421 0.00501627
         vertex -0.0078 0.030421 0.00501627
      endloop
   endfacet
   facet normal 0 -0.92388 -0.382683
      outer loop
         vertex -0.00325 0.0310163 0.00442095
         vertex -0.00325 0.0307778 0.00477782
         vertex -0.0078 0.0307778 0.00477782
      endloop
   endfacet
   facet normal 0 -1 6.12323e-17
      outer loop
         vertex -0.00325 0.0311 0.004
         vertex -0.00325 0.0310163 0.00442095
         vertex -0.0078 0.0310163 0.00442095
      endloop
   endfacet
   facet normal 0 -0.92388 0.382683
      outer loop
         vertex -0.00325 0.0310163 0.00357905
         vertex -0.00325 0.0311 0.004
         vertex -0.0078 0.0311 0.004
      endloop
   endfacet
   facet normal 0 -0.707107 0.707107
      outer loop
         vertex -0.00325 0.0307778 0.00322218
         vertex -0.00325 0.0310163 0.00357905
         vertex -0.0078 0.0310163 0.00357905
      endloop
   endfacet
   facet normal 0 -0.382683 0.92388
      outer loop
         vertex -0.00325 0.030421 0.00298373
         vertex -0.00325 0.0307778 0.00322218
         vertex -0.0078 0.0307778 0.00322218
      endloop
   endfacet
   facet normal 0 2.44929e-16 1
      outer loop
         vertex -0.00325 0.03 0.0029
         vertex -0.00325 0.030421 0.00298373
         vertex -0.0078 0.030421 0.00298373
      endloop
   endfacet
   facet normal 0 -0.382683 0.92388
      outer loop
         vertex -0.0078 0.030421 0.00298373
         vertex -0.0078 0.03 0.0029
         vertex -0.00325 0.03 0.0029
      endloop
   endfacet
   facet normal 0 -0.707107 0.707107
      outer loop
         vertex -0.0078 0.0307778 0.00322218
         vertex -0.0078 0.030421 0.00298373
         vertex -0.00325 0.030421 0.00298373
      endloop
   endfacet
   facet normal 0 -0.92388 0.382683
      outer loop
         vertex -0.0078 0.0310163 0.00357905
         vertex -0.0078 0.0307778 0.00322218
         vertex -0.00325 0.0307778 0.00322218
      endloop
   endfacet
   facet normal 0 -1 6.12323e-17
      outer loop
         vertex -0.0078 0.0311 0.004
         vertex -0.0078 0.0310163 0.00357905
         vertex -0.00325 0.0310163 0.00357905
      endloop
   endfacet
   facet normal 0 -0.92388 -0.382683
      outer loop
         vertex -0.0078 0.0310163 0.00442095
         vertex -0.0078 0.0311 0.004
         vertex -0.00325 0.0311 0.004
      endloop
   endfacet
   facet normal 0 -0.707107 -0.707107
      outer loop
         vertex -0.0078 0.0307778 0.00477782
         vertex -0.0078 0.0310163 0.00442095
         vertex -0.00325 0.0310163 0.00442095
      endloop
   endfacet
   facet normal 0 -0.382683 -0.92388
      outer loop
         vertex -0.0078 0.030421 0.00501627
         vertex -0.0078 0.0307778 0.00477782
         vertex -0.00325 0.0307778 0.00477782
      endloop
   endfacet
   facet normal 0 -1.22465e-16 -1
      outer loop
         vertex -0.0078 0.03 0.0051
         vertex -0.0078 0.030421 0.00501627
         vertex -0.00325 0.030421 0.00501627
      endloop
   endfacet
   facet normal 0 0.382683 -0.92388
      outer loop
         vertex -0.0078 0.029579 0.00501627
         vertex -0.0078 0.03 0.0051
         vertex -0.00325 0.03 0.0051
      endloop
   endfacet
   facet normal 0 0.707107 -0.707107
      outer loop
         vertex -0.0078 0.0292222 0.00477782
         vertex -0.0078 0.029579 0.00501627
         vertex -0.00325 0.029579 0.00501627
      endloop
   endfacet
   facet normal 0 0.92388 -0.382683
      outer loop
         vertex -0.0078 0.0289837 0.00442095
         vertex -0.0078 0.0292222 0.00477782
         vertex -0.00325 0.0292222 0.00477782
      endloop
   endfacet
   facet normal 0 1 -1.83697e-16
      outer loop
         vertex -0.0078 0.0289 0.004
         vertex -0.0078 0.0289837 0.00442095
         vertex -0.00325 0.0289837 0.00442095
      endloop
   endfacet
   facet normal 0 0.92388 0.382683
      outer loop
         vertex -0.0078 0.0289837 0.00357905
         vertex -0.0078 0.0289 0.004
         vertex -0.00325 0.0289 0.004
      endloop
   endfacet
   facet normal 0 0.707107 0.707107
      outer loop
         vertex -0.0078 0.0292222 0.00322218
         vertex -0.0078 0.0289837 0.00357905
         vertex -0.00325 0.0289837 0.00357905
      endloop
   endfacet
   facet normal 0 0.382683 0.92388
      outer loop
         vertex -0.0078 0.029579 0.00298373
         vertex -0.0078 0.0292222 0.00322218
         vertex -0.00325 0.0292222 0.00322218
      endloop
   endfacet
   facet normal 0 2.44929e-16 1
      outer loop
         vertex -0.0078 0.03 0.0029
         vertex -0.0078 0.029579 0.00298373
         vertex -0.00325 0.029579 0.00298373
      endloop
   endfacet
   facet normal -0.707107 0 -0.707107
      outer loop
         vertex -0.0081 0.02 0.0054
         vertex -0.0081 0.0205358 0.00529343
         vertex -0.0078 0.020421 0.00501627
      endloop
   endfacet
   facet normal -0.707107 -0.270598 -0.653281
      outer loop
         vertex -0.0081 0.0205358 0.00529343
         vertex -0.0081 0.0209899 0.00498995
         vertex -0.0078 0.0207778 0.00477782
      endloop
   endfacet
   facet normal -0.707107 -0.5 -0.5
      outer loop
         vertex -0.0081 0.0209899 0.00498995
         vertex -0.0081 0.0212934 0.00453576
         vertex -0.0078 0.0210163 0.00442095
      endloop
   endfacet
   facet normal -0.707107 -0.653281 -0.270598
      outer loop
         vertex -0.0081 0.0212934 0.00453576
         vertex -0.0081 0.0214 0.004
         vertex -0.0078 0.0211 0.004
      endloop
   endfacet
   facet normal -0.707107 -0.707107 7.85046e-17
      outer loop
         vertex -0.0081 0.0214 0.004
         vertex -0.0081 0.0212934 0.00346424
         vertex -0.0078 0.0210163 0.00357905
      endloop
   endfacet
   facet normal -0.707107 -0.653281 0.270598
      outer loop
         vertex -0.0081 0.0212934 0.00346424
         vertex -0.0081 0.0209899 0.00301005
         vertex -0.0078 0.0207778 0.00322218
      endloop
   endfacet
   facet normal -0.707107 -0.5 0.5
      outer loop
         vertex -0.0081 0.0209899 0.00301005
         vertex -0.0081 0.0205358 0.00270657
         vertex -0.0078 0.020421 0.00298373
      endloop
   endfacet
   facet normal -0.707107 -0.270598 0.653281
      outer loop
         vertex -0.0081 0.0205358 0.00270657
         vertex -0.0081 0.02 0.0026
         vertex -0.0078 0.02 0.0029
      endloop
   endfacet
   facet normal -0.707107 1.17757e-16 0.707107
      outer loop
         vertex -0.0081 0.02 0.0026
         vertex -0.0081 0.0194642 0.00270657
         vertex -0.0078 0.019579 0.00298373
      endloop
   endfacet
   facet normal -0.707107 0.270598 0.653281
      outer loop
         vertex -0.0081 0.0194642 0.00270657
         vertex -0.0081 0.0190101 0.00301005
         vertex -0.0078 0.0192222 0.00322218
      endloop
   endfacet
   facet normal -0.707107 0.5 0.5
      outer loop
         vertex -0.0081 0.0190101 0.00301005
         vertex -0.0081 0.0187066 0.00346424
         vertex -0.0078 0.0189837 0.00357905
      endloop
   endfacet
   facet normal -0.707107 0.653281 0.270598
      outer loop
         vertex -0.0081 0.0187066 0.00346424
         vertex -0.0081 0.0186 0.004
         vertex -0.0078 0.0189 0.004
      endloop
   endfacet
   facet normal -0.707107 0.707107 -1.96262e-16
      outer loop
         vertex -0.0081 0.0186 0.004
         vertex -0.0081 0.0187066 0.00453576
         vertex -0.0078 0.0189837 0.00442095
      endloop
   endfacet
   facet normal -0.707107 0.653281 -0.270598
      outer loop
         vertex -0.0081 0.0187066 0.00453576
         vertex -0.0081 0.0190101 0.00498995
         vertex -0.0078 0.0192222 0.00477782
      endloop
   endfacet
   facet normal -0.707107 0.5 -0.5
      outer loop
         vertex -0.0081 0.0190101 0.00498995
         vertex -0.0081 0.0194642 0.00529343
         vertex -0.0078 0.019579 0.00501627
      endloop
   endfacet
   facet normal -0.707107 0.270598 -0.653281
      outer loop
         vertex -0.0081 0.0194642 0.00529343
         vertex -0.0081 0.02 0.0054
         vertex -0.0078 0.02 0.0051
      endloop
   endfacet
   facet normal -0.707107 0 -0.707107
      outer loop
         vertex -0.0078 0.02 0.0051
         vertex -0.0078 0.019579 0.00501627
         vertex -0.0081 0.0194642 0.00529343
      endloop
   endfacet
   facet normal -0.707107 0.270598 -0.653281
      outer loop
         vertex -0.0078 0.019579 0.00501627
         vertex -0.0078 0.0192222 0.00477782
         vertex -0.0081 0.0190101 0.00498995
      endloop
   endfacet
   facet normal -0.707107 0.5 -0.5
      outer loop
         vertex -0.0078 0.0192222 0.00477782
         vertex -0.0078 0.0189837 0.00442095
         vertex -0.0081 0.0187066 0.00453576
      endloop
   endfacet
   facet normal -0.707107 0.653281 -0.270598
      outer loop
         vertex -0.0078 0.0189837 0.00442095
         vertex -0.0078 0.0189 0.004
         vertex -0.0081 0.0186 0.004
      endloop
   endfacet
   facet normal -0.707107 0.707107 -1.96262e-16
      outer loop
         vertex -0.0078 0.0189 0.004
         vertex -0.0078 0.0189837 0.00357905
         vertex -0.0081 0.0187066 0.00346424
      endloop
   endfacet
   facet normal -0.707107 0.653281 0.270598
      outer loop
         vertex -0.0078 0.0189837 0.00357905
         vertex -0.0078 0.0192222 0.00322218
         vertex -0.0081 0.0190101 0.00301005
      endloop
   endfacet
   facet normal -0.707107 0.5 0.5
      outer loop
         vertex -0.0078 0.0192222 0.00322218
         vertex -0.0078 0.019579 0.00298373
         vertex -0.0081 0.0194642 0.00270657
      endloop
   endfacet
   facet normal -0.707107 0.270598 0.653281
      outer loop
         vertex -0.0078 0.019579 0.00298373
         vertex -0.0078 0.02 0.0029
         vertex -0.0081 0.02 0.0026
      endloop
   endfacet
   facet normal -0.707107 1.17757e-16 0.707107
      outer loop
         vertex -0.0078 0.02 0.0029
         vertex -0.0078 0.020421 0.00298373
         vertex -0.0081 0.0205358 0.00270657
      endloop
   endfacet
   facet normal -0.707107 -0.270598 0.653281
      outer loop
         vertex -0.0078 0.020421 0.00298373
         vertex -0.0078 0.0207778 0.00322218
         vertex -0.0081 0.0209899 0.00301005
      endloop
   endfacet
   facet normal -0.707107 -0.5 0.5
      outer loop
         vertex -0.0078 0.0207778 0.00322218
         vertex -0.0078 0.0210163 0.00357905
         vertex -0.0081 0.0212934 0.00346424
      endloop
   endfacet
   facet normal -0.707107 -0.653281 0.270598
      outer loop
         vertex -0.0078 0.0210163 0.00357905
         vertex -0.0078 0.0211 0.004
         vertex -0.0081 0.0214 0.004
      endloop
   endfacet
   facet normal -0.707107 -0.707107 7.85046e-17
      outer loop
         vertex -0.0078 0.0211 0.004
         vertex -0.0078 0.0210163 0.00442095
         vertex -0.0081 0.0212934 0.00453576
      endloop
   endfacet
   facet normal -0.707107 -0.653281 -0.270598
      outer loop
         vertex -0.0078 0.0210163 0.00442095
         vertex -0.0078 0.0207778 0.00477782
         vertex -0.0081 0.0209899 0.00498995
      endloop
   endfacet
   facet normal -0.707107 -0.5 -0.5
      outer loop
         vertex -0.0078 0.0207778 0.00477782
         vertex -0.0078 0.020421 0.00501627
         vertex -0.0081 0.0205358 0.00529343
      endloop
   endfacet
   facet normal -0.707107 -0.270598 -0.653281
      outer loop
         vertex -0.0078 0.020421 0.00501627
         vertex -0.0078 0.02 0.0051
         vertex -0.0081 0.02 0.0054
      endloop
   endfacet
   facet normal 0 0.382683 0.92388
      outer loop
         vertex -0.00325 0.019579 0.00298373
         vertex -0.00325 0.02 0.0029
         vertex -0.0078 0.02 0.0029
      endloop
   endfacet
   facet normal 0 0.707107 0.707107
      outer loop
         vertex -0.00325 0.0192222 0.00322218
         vertex -0.00325 0.019579 0.00298373
         vertex -0.0078 0.019579 0.00298373
      endloop
   endfacet
   facet normal 0 0.92388 0.382683
      outer loop
         vertex -0.00325 0.0189837 0.00357905
         vertex -0.00325 0.0192222 0.00322218
         vertex -0.0078 0.0192222 0.00322218
      endloop
   endfacet
   facet normal 0 1 -1.83697e-16
      outer loop
         vertex -0.00325 0.0189 0.004
         vertex -0.00325 0.0189837 0.00357905
         vertex -0.0078 0.0189837 0.00357905
      endloop
   endfacet
   facet normal 0 0.92388 -0.382683
      outer loop
         vertex -0.00325 0.0189837 0.00442095
         vertex -0.00325 0.0189 0.004
         vertex -0.0078 0.0189 0.004
      endloop
   endfacet
   facet normal 0 0.707107 -0.707107
      outer loop
         vertex -0.00325 0.0192222 0.00477782
         vertex -0.00325 0.0189837 0.00442095
         vertex -0.0078 0.0189837 0.00442095
      endloop
   endfacet
   facet normal 0 0.382683 -0.92388
      outer loop
         vertex -0.00325 0.019579 0.00501627
         vertex -0.00325 0.0192222 0.00477782
         vertex -0.0078 0.0192222 0.00477782
      endloop
   endfacet
   facet normal 0 -1.22465e-16 -1
      outer loop
         vertex -0.00325 0.02 0.0051
         vertex -0.00325 0.019579 0.00501627
         vertex -0.0078 0.019579 0.00501627
      endloop
   endfacet
   facet normal 0 -0.382683 -0.92388
      outer loop
         vertex -0.00325 0.020421 0.00501627
         vertex -0.00325 0.02 0.0051
         vertex -0.0078 0.02 0.0051
      endloop
   endfacet
   facet normal 0 -0.707107 -0.707107
      outer loop
         vertex -0.00325 0.0207778 0.00477782
         vertex -0.00325 0.020421 0.00501627
         vertex -0.0078 0.020421 0.00501627
      endloop
   endfacet
   facet normal 0 -0.92388 -0.382683
      outer loop
         vertex -0.00325 0.0210163 0.00442095
         vertex -0.00325 0.0207778 0.00477782
         vertex -0.0078 0.0207778 0.00477782
      endloop
   endfacet
   facet normal 0 -1 6.12323e-17
      outer loop
         vertex -0.00325 0.0211 0.004
         vertex -0.00325 0.0210163 0.00442095
         vertex -0.0078 0.0210163 0.00442095
      endloop
   endfacet
   facet normal 0 -0.92388 0.382683
      outer loop
         vertex -0.00325 0.0210163 0.00357905
         vertex -0.00325 0.0211 0.004
         vertex -0.0078 0.0211 0.004
      endloop
   endfacet
   facet normal 0 -0.707107 0.707107
      outer loop
         vertex -0.00325 0.0207778 0.00322218
         vertex -0.00325 0.0210163 0.00357905
         vertex -0.0078 0.0210163 0.00357905
      endloop
   endfacet
   facet normal 0 -0.382683 0.92388
      outer loop
         vertex -0.00325 0.020421 0.00298373
         vertex -0.00325 0.0207778 0.00322218
         vertex -0.0078 0.0207778 0.00322218
      endloop
   endfacet
   facet normal 0 2.44929e-16 1
      outer loop
         vertex -0.00325 0.02 0.0029
         vertex -0.00325 0.020421 0.00298373
         vertex -0.0078 0.020421 0.00298373
      endloop
   endfacet
   facet normal 0 -0.382683 0.92388
      outer loop
         vertex -0.0078 0.020421 0.00298373
         vertex -0.0078 0.02 0.0029
         vertex -0.00325 0.02 0.0029
      endloop
   endfacet
   facet normal 0 -0.707107 0.707107
      outer loop
         vertex -0.0078 0.0207778 0.00322218
         vertex -0.0078 0.020421 0.00298373
         vertex -0.00325 0.020421 0.00298373
      endloop
   endfacet
   facet normal 0 -0.92388 0.382683
      outer loop
         vertex -0.0078 0.0210163 0.00357905
         vertex -0.0078 0.0207778 0.00322218
         vertex -0.00325 0.0207778 0.00322218
      endloop
   endfacet
   facet normal 0 -1 6.12323e-17
      outer loop
         vertex -0.0078 0.0211 0.004
         vertex -0.0078 0.0210163 0.00357905
         vertex -0.00325 0.0210163 0.00357905
      endloop
   endfacet
   facet normal 0 -0.92388 -0.382683
      outer loop
         vertex -0.0078 0.0210163 0.00442095
         vertex -0.0078 0.0211 0.004
         vertex -0.00325 0.0211 0.004
      endloop
   endfacet
   facet normal 0 -0.707107 -0.707107
      outer loop
         vertex -0.0078 0.0207778 0.00477782
         vertex -0.0078 0.0210163 0.00442095
         vertex -0.00325 0.0210163 0.00442095
      endloop
   endfacet
   facet normal 0 -0.382683 -0.92388
      outer loop
         vertex -0.0078 0.020421 0.00501627
         vertex -0.0078 0.0207778 0.00477782
         vertex -0.00325 0.0207778 0.00477782
      endloop
   endfacet
   facet normal 0 -1.22465e-16 -1
      outer loop
         vertex -0.0078 0.02 0.0051
         vertex -0.0078 0.020421 0.00501627
         vertex -0.00325 0.020421 0.00501627
      endloop
   endfacet
   facet normal 0 0.382683 -0.92388
      outer loop
         vertex -0.0078 0.019579 0.00501627
         vertex -0.0078 0.02 0.0051
         vertex -0.00325 0.02 0.0051
      endloop
   endfacet
   facet normal 0 0.707107 -0.707107
      outer loop
         vertex -0.0078 0.0192222 0.00477782
         vertex -0.0078 0.019579 0.00501627
         vertex -0.00325 0.019579 0.00501627
      endloop
   endfacet
   facet normal 0 0.92388 -0.382683
      outer loop
         vertex -0.0078 0.0189837 0.00442095
         vertex -0.0078 0.0192222 0.00477782
         vertex -0.00325 0.0192222 0.00477782
      endloop
   endfacet
   facet normal 0 1 -1.83697e-16
      outer loop
         vertex -0.0078 0.0189 0.004
         vertex -0.0078 0.0189837 0.00442095
         vertex -0.00325 0.0189837 0.00442095
      endloop
   endfacet
   facet normal 0 0.92388 0.382683
      outer loop
         vertex -0.0078 0.0189837 0.00357905
         vertex -0.0078 0.0189 0.004
         vertex -0.00325 0.0189 0.004
      endloop
   endfacet
   facet normal 0 0.707107 0.707107
      outer loop
         vertex -0.0078 0.0192222 0.00322218
         vertex -0.0078 0.0189837 0.00357905
         vertex -0.00325 0.0189837 0.00357905
      endloop
   endfacet
   facet normal 0 0.382683 0.92388
      outer loop
         vertex -0.0078 0.019579 0.00298373
         vertex -0.0078 0.0192222 0.00322218
         vertex -0.00325 0.0192222 0.00322218
      endloop
   endfacet
   facet normal 0 2.44929e-16 1
      outer loop
         vertex -0.0078 0.02 0.0029
         vertex -0.0078 0.019579 0.00298373
         vertex -0.00325 0.019579 0.00298373
      endloop
   endfacet
   facet normal 1 0 0
      outer loop
         vertex -0.00325 0.03 0.0051
         vertex -0.00325 0.0392222 0.00477782
         vertex -0.00325 0.039579 0.00501627
      endloop
   endfacet
   facet normal 1 0 0
      outer loop
         vertex -0.00325 0.0207778 0.00477782
         vertex -0.00325 0.029579 0.00501627
         vertex -0.00325 0.03 0.0051
      endloop
   endfacet
   facet normal 1 0 0
      outer loop
         vertex -0.00325 0.03 0.0051
         vertex -0.00325 0.0421175 0.00914671
         vertex -0.00325 0.0207778 0.00477782
      endloop
   endfacet
   facet normal 1 0 0
      outer loop
         vertex -0.00325 0.039579 0.00501627
         vertex -0.00325 0.0421175 0.00914671
         vertex -0.00325 0.03 0.0051
      endloop
   endfacet
   facet normal 1 0 0
      outer loop
         vertex -0.00325 0.0289837 0.00442095
         vertex -0.00325 0.0210163 0.00442095
         vertex -0.00325 0.0211 0.004
      endloop
   endfacet
   facet normal 1 0 0
      outer loop
         vertex -0.00325 0.03 0.0051
         vertex -0.00325 0.0389837 0.00442095
         vertex -0.00325 0.0392222 0.00477782
      endloop
   endfacet
   facet normal 1 0 0
      outer loop
         vertex -0.00325 0.0211 0.004
         vertex -0.00325 0.0289 0.004
         vertex -0.00325 0.0289837 0.00442095
      endloop
   endfacet
   facet normal 1 0 0
      outer loop
         vertex -0.00325 0.0207778 0.00477782
         vertex -0.00325 0.0292222 0.00477782
         vertex -0.00325 0.029579 0.00501627
      endloop
   endfacet
   facet normal 1 0 0
      outer loop
         vertex -0.00325 0.0292222 0.00477782
         vertex -0.00325 0.0207778 0.00477782
         vertex -0.00325 0.0210163 0.00442095
      endloop
   endfacet
   facet normal 1 0 0
      outer loop
         vertex -0.00325 0.0210163 0.00357905
         vertex -0.00325 0.0289837 0.00357905
         vertex -0.00325 0.0289 0.004
      endloop
   endfacet
   facet normal 1 0 0
      outer loop
         vertex -0.00325 0.0289837 0.00442095
         vertex -0.00325 0.0292222 0.00477782
         vertex -0.00325 0.0210163 0.00442095
      endloop
   endfacet
   facet normal 1 0 0
      outer loop
         vertex -0.00325 0.00760616 0.0033
         vertex -0.00325 0.019579 0.00501627
         vertex -0.00325 0.02 0.0051
      endloop
   endfacet
   facet normal 1 0 0
      outer loop
         vertex -0.00325 0.0192222 0.00322218
         vertex -0.00325 0.011391 -0.00276094
         vertex -0.00325 0.0116132 -0.00304662
      endloop
   endfacet
   facet normal 1 0 0
      outer loop
         vertex -0.00325 0.0407778 0.00322218
         vertex -0.00325 0.0486659 -0.00323683
         vertex -0.00325 0.0489715 -0.00305531
      endloop
   endfacet
   facet normal 1 0 0
      outer loop
         vertex -0.00325 0.0289 0.004
         vertex -0.00325 0.0211 0.004
         vertex -0.00325 0.0210163 0.00357905
      endloop
   endfacet
   facet normal 1 0 0
      outer loop
         vertex -0.00325 0.0421175 0.00914671
         vertex -0.00325 0.020421 0.00501627
         vertex -0.00325 0.0207778 0.00477782
      endloop
   endfacet
   facet normal 1 0 0
      outer loop
         vertex -0.00325 0.00760616 0.0033
         vertex -0.00325 0.0192222 0.00477782
         vertex -0.00325 0.019579 0.00501627
      endloop
   endfacet
   facet normal 1 0 0
      outer loop
         vertex -0.00325 0.00760616 0.0033
         vertex -0.00325 0.0189 0.004
         vertex -0.00325 0.0189837 0.00442095
      endloop
   endfacet
   facet normal 1 0 0
      outer loop
         vertex -0.00325 0.0116132 -0.00304662
         vertex -0.00325 0.0119225 -0.00323451
         vertex -0.00325 0.0192222 0.00322218
      endloop
   endfacet
   facet normal 1 0 0
      outer loop
         vertex -0.00325 0.0407778 0.00322218
         vertex -0.00325 0.0492929 -0.0020858
         vertex -0.00325 0.0491563 -0.00175767
      endloop
   endfacet
   facet normal 1 0 0
      outer loop
         vertex -0.00325 0.0407778 0.00322218
         vertex -0.00325 0.0483161 -0.0033
         vertex -0.00325 0.0486659 -0.00323683
      endloop
   endfacet
   facet normal 1 0 0
      outer loop
         vertex -0.00325 0.0122785 -0.0033
         vertex -0.00325 0.03 0.0029
         vertex -0.00325 0.020421 0.00298373
      endloop
   endfacet
   facet normal 1 0 0
      outer loop
         vertex -0.00325 0.0207778 0.00322218
         vertex -0.00325 0.0292222 0.00322218
         vertex -0.00325 0.0289837 0.00357905
      endloop
   endfacet
   facet normal 1 0 0
      outer loop
         vertex -0.00325 0.0207778 0.00322218
         vertex -0.00325 0.03 0.0029
         vertex -0.00325 0.029579 0.00298373
      endloop
   endfacet
   facet normal 1 0 0
      outer loop
         vertex -0.00325 0.0421175 0.00914671
         vertex -0.00325 0.04 0.0051
         vertex -0.00325 0.040421 0.00501627
      endloop
   endfacet
   facet normal 1 0 0
      outer loop
         vertex -0.00325 0.0421175 0.00914671
         vertex -0.00325 0.02 0.0051
         vertex -0.00325 0.020421 0.00501627
      endloop
   endfacet
   facet normal 1 0 0
      outer loop
         vertex -0.00325 0.0189837 0.00442095
         vertex -0.00325 0.0192222 0.00477782
         vertex -0.00325 0.00760616 0.0033
      endloop
   endfacet
   facet normal 1 0 0
      outer loop
         vertex -0.00325 0.00940238 0.00180455
         vertex -0.00325 0.0106675 -0.000160706
         vertex -0.00325 0.0189837 0.00357905
      endloop
   endfacet
   facet normal 1 0 0
      outer loop
         vertex -0.00325 0.0192222 0.00322218
         vertex -0.00325 0.0112851 -0.00241489
         vertex -0.00325 0.011391 -0.00276094
      endloop
   endfacet
   facet normal 1 0 0
      outer loop
         vertex -0.00325 0.0112851 -0.00241489
         vertex -0.00325 0.0192222 0.00322218
         vertex -0.00325 0.0189837 0.00357905
      endloop
   endfacet
   facet normal 1 0 0
      outer loop
         vertex -0.00325 0.0389837 0.00442095
         vertex -0.00325 0.0310163 0.00442095
         vertex -0.00325 0.0311 0.004
      endloop
   endfacet
   facet normal 1 0 0
      outer loop
         vertex -0.00325 0.0407778 0.00322218
         vertex -0.00325 0.0493061 -0.00244099
         vertex -0.00325 0.0492929 -0.0020858
      endloop
   endfacet
   facet normal 1 0 0
      outer loop
         vertex -0.00325 0.0489715 -0.00305531
         vertex -0.00325 0.0491943 -0.00277837
         vertex -0.00325 0.0407778 0.00322218
      endloop
   endfacet
   facet normal 1 0 0
      outer loop
         vertex -0.00325 0.03 0.0029
         vertex -0.00325 0.0207778 0.00322218
         vertex -0.00325 0.020421 0.00298373
      endloop
   endfacet
   facet normal 1 0 0
      outer loop
         vertex -0.00325 0.029579 0.00298373
         vertex -0.00325 0.0292222 0.00322218
         vertex -0.00325 0.0207778 0.00322218
      endloop
   endfacet
   facet normal 1 0 0
      outer loop
         vertex -0.00325 0.040421 0.00501627
         vertex -0.00325 0.0407778 0.00477782
         vertex -0.00325 0.0421175 0.00914671
      endloop
   endfacet
   facet normal 1 0 0
      outer loop
         vertex -0.00325 0.02 0.0051
         vertex -0.00325 0.0421175 0.00914671
         vertex -0.00325 0.00760616 0.0033
      endloop
   endfacet
   facet normal 1 0 0
      outer loop
         vertex -0.00325 0.0189 0.004
         vertex -0.00325 0.00760616 0.0033
         vertex -0.00325 0.00940238 0.00180455
      endloop
   endfacet
   facet normal 1 0 0
      outer loop
         vertex -0.00325 0.0189837 0.00357905
         vertex -0.00325 0.0106675 -0.000160706
         vertex -0.00325 0.0112851 -0.00241489
      endloop
   endfacet
   facet normal 1 0 0
      outer loop
         vertex -0.00325 0.0122785 -0.0033
         vertex -0.00325 0.0389837 0.00357905
         vertex -0.00325 0.030421 0.00298373
      endloop
   endfacet
   facet normal 1 0 0
      outer loop
         vertex -0.00325 0.0389837 0.00357905
         vertex -0.00325 0.0389 0.004
         vertex -0.00325 0.0311 0.004
      endloop
   endfacet
   facet normal 1 0 0
      outer loop
         vertex -0.00325 0.0389837 0.00442095
         vertex -0.00325 0.0307778 0.00477782
         vertex -0.00325 0.0310163 0.00442095
      endloop
   endfacet
   facet normal 1 0 0
      outer loop
         vertex -0.00325 0.0483161 -0.0033
         vertex -0.00325 0.0407778 0.00322218
         vertex -0.00325 0.040421 0.00298373
      endloop
   endfacet
   facet normal 1 0 0
      outer loop
         vertex -0.00325 0.0491943 -0.00277837
         vertex -0.00325 0.0493061 -0.00244099
         vertex -0.00325 0.0407778 0.00322218
      endloop
   endfacet
   facet normal 1 0 0
      outer loop
         vertex -0.00325 0.0491563 -0.00175767
         vertex -0.00325 0.0421175 0.00914671
         vertex -0.00325 0.0410163 0.00442095
      endloop
   endfacet
   facet normal 1 0 0
      outer loop
         vertex -0.00325 0.0210163 0.00357905
         vertex -0.00325 0.0207778 0.00322218
         vertex -0.00325 0.0289837 0.00357905
      endloop
   endfacet
   facet normal 1 0 0
      outer loop
         vertex -0.00325 0.039579 0.00501627
         vertex -0.00325 0.04 0.0051
         vertex -0.00325 0.0421175 0.00914671
      endloop
   endfacet
   facet normal 1 0 0
      outer loop
         vertex -0.00325 0.0119225 -0.00323451
         vertex -0.00325 0.0122785 -0.0033
         vertex -0.00325 0.0192222 0.00322218
      endloop
   endfacet
   facet normal 1 0 0
      outer loop
         vertex -0.00325 0.0122785 -0.0033
         vertex -0.00325 0.02 0.0029
         vertex -0.00325 0.019579 0.00298373
      endloop
   endfacet
   facet normal 1 0 0
      outer loop
         vertex -0.00325 0.0389837 0.00357905
         vertex -0.00325 0.0307778 0.00322218
         vertex -0.00325 0.030421 0.00298373
      endloop
   endfacet
   facet normal 1 0 0
      outer loop
         vertex -0.00325 0.0311 0.004
         vertex -0.00325 0.0310163 0.00357905
         vertex -0.00325 0.0389837 0.00357905
      endloop
   endfacet
   facet normal 1 0 0
      outer loop
         vertex -0.00325 0.0389837 0.00442095
         vertex -0.00325 0.030421 0.00501627
         vertex -0.00325 0.0307778 0.00477782
      endloop
   endfacet
   facet normal 1 0 0
      outer loop
         vertex -0.00325 0.0483161 -0.0033
         vertex -0.00325 0.04 0.0029
         vertex -0.00325 0.039579 0.00298373
      endloop
   endfacet
   facet normal 1 0 0
      outer loop
         vertex -0.00325 0.0491563 -0.00175767
         vertex -0.00325 0.0410163 0.00357905
         vertex -0.00325 0.0407778 0.00322218
      endloop
   endfacet
   facet normal 1 0 0
      outer loop
         vertex -0.00325 0.0410163 0.00442095
         vertex -0.00325 0.0411 0.004
         vertex -0.00325 0.0491563 -0.00175767
      endloop
   endfacet
   facet normal 1 0 0
      outer loop
         vertex -0.00325 0.0407778 0.00477782
         vertex -0.00325 0.0410163 0.00442095
         vertex -0.00325 0.0421175 0.00914671
      endloop
   endfacet
   facet normal 1 0 0
      outer loop
         vertex -0.00325 0.019579 0.00298373
         vertex -0.00325 0.0192222 0.00322218
         vertex -0.00325 0.0122785 -0.0033
      endloop
   endfacet
   facet normal 1 0 0
      outer loop
         vertex -0.00325 0.0310163 0.00357905
         vertex -0.00325 0.0307778 0.00322218
         vertex -0.00325 0.0389837 0.00357905
      endloop
   endfacet
   facet normal 1 0 0
      outer loop
         vertex -0.00325 0.0389837 0.00442095
         vertex -0.00325 0.03 0.0051
         vertex -0.00325 0.030421 0.00501627
      endloop
   endfacet
   facet normal 1 0 0
      outer loop
         vertex -0.00325 0.039579 0.00298373
         vertex -0.00325 0.0122785 -0.0033
         vertex -0.00325 0.0483161 -0.0033
      endloop
   endfacet
   facet normal 1 0 0
      outer loop
         vertex -0.00325 0.0411 0.004
         vertex -0.00325 0.0410163 0.00357905
         vertex -0.00325 0.0491563 -0.00175767
      endloop
   endfacet
   facet normal 1 0 0
      outer loop
         vertex -0.00325 0.0189837 0.00357905
         vertex -0.00325 0.0189 0.004
         vertex -0.00325 0.00940238 0.00180455
      endloop
   endfacet
   facet normal 1 0 0
      outer loop
         vertex -0.00325 0.0311 0.004
         vertex -0.00325 0.0389 0.004
         vertex -0.00325 0.0389837 0.00442095
      endloop
   endfacet
   facet normal 1 0 0
      outer loop
         vertex -0.00325 0.039579 0.00298373
         vertex -0.00325 0.0392222 0.00322218
         vertex -0.00325 0.0122785 -0.0033
      endloop
   endfacet
   facet normal 1 0 0
      outer loop
         vertex -0.00325 0.020421 0.00298373
         vertex -0.00325 0.02 0.0029
         vertex -0.00325 0.0122785 -0.0033
      endloop
   endfacet
   facet normal 1 0 0
      outer loop
         vertex -0.00325 0.0392222 0.00322218
         vertex -0.00325 0.0389837 0.00357905
         vertex -0.00325 0.0122785 -0.0033
      endloop
   endfacet
   facet normal 1 0 0
      outer loop
         vertex -0.00325 0.030421 0.00298373
         vertex -0.00325 0.03 0.0029
         vertex -0.00325 0.0122785 -0.0033
      endloop
   endfacet
   facet normal 1 0 0
      outer loop
         vertex -0.00325 0.040421 0.00298373
         vertex -0.00325 0.04 0.0029
         vertex -0.00325 0.0483161 -0.0033
      endloop
   endfacet
   facet normal 0 0.382683 0.92388
      outer loop
         vertex -0.00325 0.039579 0.00298373
         vertex -0.00325 0.04 0.0029
         vertex -0.0078 0.04 0.0029
      endloop
   endfacet
   facet normal 0 0.707107 0.707107
      outer loop
         vertex -0.00325 0.0392222 0.00322218
         vertex -0.00325 0.039579 0.00298373
         vertex -0.0078 0.039579 0.00298373
      endloop
   endfacet
   facet normal 0 0.92388 0.382683
      outer loop
         vertex -0.00325 0.0389837 0.00357905
         vertex -0.00325 0.0392222 0.00322218
         vertex -0.0078 0.0392222 0.00322218
      endloop
   endfacet
   facet normal 0 1 -1.83697e-16
      outer loop
         vertex -0.00325 0.0389 0.004
         vertex -0.00325 0.0389837 0.00357905
         vertex -0.0078 0.0389837 0.00357905
      endloop
   endfacet
   facet normal 0 0.92388 -0.382683
      outer loop
         vertex -0.00325 0.0389837 0.00442095
         vertex -0.00325 0.0389 0.004
         vertex -0.0078 0.0389 0.004
      endloop
   endfacet
   facet normal 0 0.707107 -0.707107
      outer loop
         vertex -0.00325 0.0392222 0.00477782
         vertex -0.00325 0.0389837 0.00442095
         vertex -0.0078 0.0389837 0.00442095
      endloop
   endfacet
   facet normal 0 0.382683 -0.92388
      outer loop
         vertex -0.00325 0.039579 0.00501627
         vertex -0.00325 0.0392222 0.00477782
         vertex -0.0078 0.0392222 0.00477782
      endloop
   endfacet
   facet normal 0 -1.22465e-16 -1
      outer loop
         vertex -0.00325 0.04 0.0051
         vertex -0.00325 0.039579 0.00501627
         vertex -0.0078 0.039579 0.00501627
      endloop
   endfacet
   facet normal 0 -0.382683 -0.92388
      outer loop
         vertex -0.00325 0.040421 0.00501627
         vertex -0.00325 0.04 0.0051
         vertex -0.0078 0.04 0.0051
      endloop
   endfacet
   facet normal 0 -0.707107 -0.707107
      outer loop
         vertex -0.00325 0.0407778 0.00477782
         vertex -0.00325 0.040421 0.00501627
         vertex -0.0078 0.040421 0.00501627
      endloop
   endfacet
   facet normal 0 -0.92388 -0.382683
      outer loop
         vertex -0.00325 0.0410163 0.00442095
         vertex -0.00325 0.0407778 0.00477782
         vertex -0.0078 0.0407778 0.00477782
      endloop
   endfacet
   facet normal 0 -1 6.12323e-17
      outer loop
         vertex -0.00325 0.0411 0.004
         vertex -0.00325 0.0410163 0.00442095
         vertex -0.0078 0.0410163 0.00442095
      endloop
   endfacet
   facet normal 0 -0.92388 0.382683
      outer loop
         vertex -0.00325 0.0410163 0.00357905
         vertex -0.00325 0.0411 0.004
         vertex -0.0078 0.0411 0.004
      endloop
   endfacet
   facet normal 0 -0.707107 0.707107
      outer loop
         vertex -0.00325 0.0407778 0.00322218
         vertex -0.00325 0.0410163 0.00357905
         vertex -0.0078 0.0410163 0.00357905
      endloop
   endfacet
   facet normal 0 -0.382683 0.92388
      outer loop
         vertex -0.00325 0.040421 0.00298373
         vertex -0.00325 0.0407778 0.00322218
         vertex -0.0078 0.0407778 0.00322218
      endloop
   endfacet
   facet normal 0 2.44929e-16 1
      outer loop
         vertex -0.00325 0.04 0.0029
         vertex -0.00325 0.040421 0.00298373
         vertex -0.0078 0.040421 0.00298373
      endloop
   endfacet
   facet normal 0 -0.382683 0.92388
      outer loop
         vertex -0.0078 0.040421 0.00298373
         vertex -0.0078 0.04 0.0029
         vertex -0.00325 0.04 0.0029
      endloop
   endfacet
   facet normal 0 -0.707107 0.707107
      outer loop
         vertex -0.0078 0.0407778 0.00322218
         vertex -0.0078 0.040421 0.00298373
         vertex -0.00325 0.040421 0.00298373
      endloop
   endfacet
   facet normal 0 -0.92388 0.382683
      outer loop
         vertex -0.0078 0.0410163 0.00357905
         vertex -0.0078 0.0407778 0.00322218
         vertex -0.00325 0.0407778 0.00322218
      endloop
   endfacet
   facet normal 0 -1 6.12323e-17
      outer loop
         vertex -0.0078 0.0411 0.004
         vertex -0.0078 0.0410163 0.00357905
         vertex -0.00325 0.0410163 0.00357905
      endloop
   endfacet
   facet normal 0 -0.92388 -0.382683
      outer loop
         vertex -0.0078 0.0410163 0.00442095
         vertex -0.0078 0.0411 0.004
         vertex -0.00325 0.0411 0.004
      endloop
   endfacet
   facet normal 0 -0.707107 -0.707107
      outer loop
         vertex -0.0078 0.0407778 0.00477782
         vertex -0.0078 0.0410163 0.00442095
         vertex -0.00325 0.0410163 0.00442095
      endloop
   endfacet
   facet normal 0 -0.382683 -0.92388
      outer loop
         vertex -0.0078 0.040421 0.00501627
         vertex -0.0078 0.0407778 0.00477782
         vertex -0.00325 0.0407778 0.00477782
      endloop
   endfacet
   facet normal 0 -1.22465e-16 -1
      outer loop
         vertex -0.0078 0.04 0.0051
         vertex -0.0078 0.040421 0.00501627
         vertex -0.00325 0.040421 0.00501627
      endloop
   endfacet
   facet normal 0 0.382683 -0.92388
      outer loop
         vertex -0.0078 0.039579 0.00501627
         vertex -0.0078 0.04 0.0051
         vertex -0.00325 0.04 0.0051
      endloop
   endfacet
   facet normal 0 0.707107 -0.707107
      outer loop
         vertex -0.0078 0.0392222 0.00477782
         vertex -0.0078 0.039579 0.00501627
         vertex -0.00325 0.039579 0.00501627
      endloop
   endfacet
   facet normal 0 0.92388 -0.382683
      outer loop
         vertex -0.0078 0.0389837 0.00442095
         vertex -0.0078 0.0392222 0.00477782
         vertex -0.00325 0.0392222 0.00477782
      endloop
   endfacet
   facet normal 0 1 -1.83697e-16
      outer loop
         vertex -0.0078 0.0389 0.004
         vertex -0.0078 0.0389837 0.00442095
         vertex -0.00325 0.0389837 0.00442095
      endloop
   endfacet
   facet normal 0 0.92388 0.382683
      outer loop
         vertex -0.0078 0.0389837 0.00357905
         vertex -0.0078 0.0389 0.004
         vertex -0.00325 0.0389 0.004
      endloop
   endfacet
   facet normal 0 0.707107 0.707107
      outer loop
         vertex -0.0078 0.0392222 0.00322218
         vertex -0.0078 0.0389837 0.00357905
         vertex -0.00325 0.0389837 0.00357905
      endloop
   endfacet
   facet normal 0 0.382683 0.92388
      outer loop
         vertex -0.0078 0.039579 0.00298373
         vertex -0.0078 0.0392222 0.00322218
         vertex -0.00325 0.0392222 0.00322218
      endloop
   endfacet
   facet normal 0 2.44929e-16 1
      outer loop
         vertex -0.0078 0.04 0.0029
         vertex -0.0078 0.039579 0.00298373
         vertex -0.00325 0.039579 0.00298373
      endloop
   endfacet
   facet normal -0.707107 0 -0.707107
      outer loop
         vertex -0.0081 0.04 0.0054
         vertex -0.0081 0.0405358 0.00529343
         vertex -0.0078 0.040421 0.00501627
      endloop
   endfacet
   facet normal -0.707107 -0.270598 -0.653281
      outer loop
         vertex -0.0081 0.0405358 0.00529343
         vertex -0.0081 0.0409899 0.00498995
         vertex -0.0078 0.0407778 0.00477782
      endloop
   endfacet
   facet normal -0.707107 -0.5 -0.5
      outer loop
         vertex -0.0081 0.0409899 0.00498995
         vertex -0.0081 0.0412934 0.00453576
         vertex -0.0078 0.0410163 0.00442095
      endloop
   endfacet
   facet normal -0.707107 -0.653281 -0.270598
      outer loop
         vertex -0.0081 0.0412934 0.00453576
         vertex -0.0081 0.0414 0.004
         vertex -0.0078 0.0411 0.004
      endloop
   endfacet
   facet normal -0.707107 -0.707107 7.85046e-17
      outer loop
         vertex -0.0081 0.0414 0.004
         vertex -0.0081 0.0412934 0.00346424
         vertex -0.0078 0.0410163 0.00357905
      endloop
   endfacet
   facet normal -0.707107 -0.653281 0.270598
      outer loop
         vertex -0.0081 0.0412934 0.00346424
         vertex -0.0081 0.0409899 0.00301005
         vertex -0.0078 0.0407778 0.00322218
      endloop
   endfacet
   facet normal -0.707107 -0.5 0.5
      outer loop
         vertex -0.0081 0.0409899 0.00301005
         vertex -0.0081 0.0405358 0.00270657
         vertex -0.0078 0.040421 0.00298373
      endloop
   endfacet
   facet normal -0.707107 -0.270598 0.653281
      outer loop
         vertex -0.0081 0.0405358 0.00270657
         vertex -0.0081 0.04 0.0026
         vertex -0.0078 0.04 0.0029
      endloop
   endfacet
   facet normal -0.707107 1.17757e-16 0.707107
      outer loop
         vertex -0.0081 0.04 0.0026
         vertex -0.0081 0.0394642 0.00270657
         vertex -0.0078 0.039579 0.00298373
      endloop
   endfacet
   facet normal -0.707107 0.270598 0.653281
      outer loop
         vertex -0.0081 0.0394642 0.00270657
         vertex -0.0081 0.0390101 0.00301005
         vertex -0.0078 0.0392222 0.00322218
      endloop
   endfacet
   facet normal -0.707107 0.5 0.5
      outer loop
         vertex -0.0081 0.0390101 0.00301005
         vertex -0.0081 0.0387066 0.00346424
         vertex -0.0078 0.0389837 0.00357905
      endloop
   endfacet
   facet normal -0.707107 0.653281 0.270598
      outer loop
         vertex -0.0081 0.0387066 0.00346424
         vertex -0.0081 0.0386 0.004
         vertex -0.0078 0.0389 0.004
      endloop
   endfacet
   facet normal -0.707107 0.707107 -1.96262e-16
      outer loop
         vertex -0.0081 0.0386 0.004
         vertex -0.0081 0.0387066 0.00453576
         vertex -0.0078 0.0389837 0.00442095
      endloop
   endfacet
   facet normal -0.707107 0.653281 -0.270598
      outer loop
         vertex -0.0081 0.0387066 0.00453576
         vertex -0.0081 0.0390101 0.00498995
         vertex -0.0078 0.0392222 0.00477782
      endloop
   endfacet
   facet normal -0.707107 0.5 -0.5
      outer loop
         vertex -0.0081 0.0390101 0.00498995
         vertex -0.0081 0.0394642 0.00529343
         vertex -0.0078 0.039579 0.00501627
      endloop
   endfacet
   facet normal -0.707107 0.270598 -0.653281
      outer loop
         vertex -0.0081 0.0394642 0.00529343
         vertex -0.0081 0.04 0.0054
         vertex -0.0078 0.04 0.0051
      endloop
   endfacet
   facet normal -0.707107 0 -0.707107
      outer loop
         vertex -0.0078 0.04 0.0051
         vertex -0.0078 0.039579 0.00501627
         vertex -0.0081 0.0394642 0.00529343
      endloop
   endfacet
   facet normal -0.707107 0.270598 -0.653281
      outer loop
         vertex -0.0078 0.039579 0.00501627
         vertex -0.0078 0.0392222 0.00477782
         vertex -0.0081 0.0390101 0.00498995
      endloop
   endfacet
   facet normal -0.707107 0.5 -0.5
      outer loop
         vertex -0.0078 0.0392222 0.00477782
         vertex -0.0078 0.0389837 0.00442095
         vertex -0.0081 0.0387066 0.00453576
      endloop
   endfacet
   facet normal -0.707107 0.653281 -0.270598
      outer loop
         vertex -0.0078 0.0389837 0.00442095
         vertex -0.0078 0.0389 0.004
         vertex -0.0081 0.0386 0.004
      endloop
   endfacet
   facet normal -0.707107 0.707107 -1.96262e-16
      outer loop
         vertex -0.0078 0.0389 0.004
         vertex -0.0078 0.0389837 0.00357905
         vertex -0.0081 0.0387066 0.00346424
      endloop
   endfacet
   facet normal -0.707107 0.653281 0.270598
      outer loop
         vertex -0.0078 0.0389837 0.00357905
         vertex -0.0078 0.0392222 0.00322218
         vertex -0.0081 0.0390101 0.00301005
      endloop
   endfacet
   facet normal -0.707107 0.5 0.5
      outer loop
         vertex -0.0078 0.0392222 0.00322218
         vertex -0.0078 0.039579 0.00298373
         vertex -0.0081 0.0394642 0.00270657
      endloop
   endfacet
   facet normal -0.707107 0.270598 0.653281
      outer loop
         vertex -0.0078 0.039579 0.00298373
         vertex -0.0078 0.04 0.0029
         vertex -0.0081 0.04 0.0026
      endloop
   endfacet
   facet normal -0.707107 1.17757e-16 0.707107
      outer loop
         vertex -0.0078 0.04 0.0029
         vertex -0.0078 0.040421 0.00298373
         vertex -0.0081 0.0405358 0.00270657
      endloop
   endfacet
   facet normal -0.707107 -0.270598 0.653281
      outer loop
         vertex -0.0078 0.040421 0.00298373
         vertex -0.0078 0.0407778 0.00322218
         vertex -0.0081 0.0409899 0.00301005
      endloop
   endfacet
   facet normal -0.707107 -0.5 0.5
      outer loop
         vertex -0.0078 0.0407778 0.00322218
         vertex -0.0078 0.0410163 0.00357905
         vertex -0.0081 0.0412934 0.00346424
      endloop
   endfacet
   facet normal -0.707107 -0.653281 0.270598
      outer loop
         vertex -0.0078 0.0410163 0.00357905
         vertex -0.0078 0.0411 0.004
         vertex -0.0081 0.0414 0.004
      endloop
   endfacet
   facet normal -0.707107 -0.707107 7.85046e-17
      outer loop
         vertex -0.0078 0.0411 0.004
         vertex -0.0078 0.0410163 0.00442095
         vertex -0.0081 0.0412934 0.00453576
      endloop
   endfacet
   facet normal -0.707107 -0.653281 -0.270598
      outer loop
         vertex -0.0078 0.0410163 0.00442095
         vertex -0.0078 0.0407778 0.00477782
         vertex -0.0081 0.0409899 0.00498995
      endloop
   endfacet
   facet normal -0.707107 -0.5 -0.5
      outer loop
         vertex -0.0078 0.0407778 0.00477782
         vertex -0.0078 0.040421 0.00501627
         vertex -0.0081 0.0405358 0.00529343
      endloop
   endfacet
   facet normal -0.707107 -0.270598 -0.653281
      outer loop
         vertex -0.0078 0.040421 0.00501627
         vertex -0.0078 0.04 0.0051
         vertex -0.0081 0.04 0.0054
      endloop
   endfacet
endsolid Proximal. Units = meters