solid Distal_Shell. STL generated by ONSHAPE BY PTC INC, 1.212. Units = meters
   facet normal 0 0.382683 -0.92388
      outer loop
         vertex 0.005 0.0739632 0.00229429
         vertex 0.005 0.0744416 0.00238944
         vertex 0.008 0.0744416 0.00238944
      endloop
   endfacet
   facet normal 0 0.707107 -0.707107
      outer loop
         vertex 0.005 0.0735577 0.00202333
         vertex 0.005 0.0739632 0.00229429
         vertex 0.008 0.0739632 0.00229429
      endloop
   endfacet
   facet normal 0 0.92388 -0.382683
      outer loop
         vertex 0.005 0.0732867 0.0016178
         vertex 0.005 0.0735577 0.00202333
         vertex 0.008 0.0735577 0.00202333
      endloop
   endfacet
   facet normal 0 1 1.83697e-16
      outer loop
         vertex 0.005 0.0731916 0.00113944
         vertex 0.005 0.0732867 0.0016178
         vertex 0.008 0.0732867 0.0016178
      endloop
   endfacet
   facet normal 0 0.92388 0.382683
      outer loop
         vertex 0.005 0.0732867 0.000661088
         vertex 0.005 0.0731916 0.00113944
         vertex 0.008 0.0731916 0.00113944
      endloop
   endfacet
   facet normal 0 0.707107 0.707107
      outer loop
         vertex 0.005 0.0735577 0.000255559
         vertex 0.005 0.0732867 0.000661088
         vertex 0.008 0.0732867 0.000661088
      endloop
   endfacet
   facet normal 0 0.382683 0.92388
      outer loop
         vertex 0.005 0.0739632 -1.54074e-05
         vertex 0.005 0.0735577 0.000255559
         vertex 0.008 0.0735577 0.000255559
      endloop
   endfacet
   facet normal 0 -1.22465e-16 1
      outer loop
         vertex 0.005 0.0744416 -0.000110558
         vertex 0.005 0.0739632 -1.54074e-05
         vertex 0.008 0.0739632 -1.54074e-05
      endloop
   endfacet
   facet normal 0 -0.382683 0.92388
      outer loop
         vertex 0.005 0.0749199 -1.54074e-05
         vertex 0.005 0.0744416 -0.000110558
         vertex 0.008 0.0744416 -0.000110558
      endloop
   endfacet
   facet normal 0 -0.707107 0.707107
      outer loop
         vertex 0.005 0.0753254 0.000255559
         vertex 0.005 0.0749199 -1.54074e-05
         vertex 0.008 0.0749199 -1.54074e-05
      endloop
   endfacet
   facet normal 0 -0.92388 0.382683
      outer loop
         vertex 0.005 0.0755964 0.000661088
         vertex 0.005 0.0753254 0.000255559
         vertex 0.008 0.0753254 0.000255559
      endloop
   endfacet
   facet normal 0 -1 1.60812e-16
      outer loop
         vertex 0.005 0.0756916 0.00113944
         vertex 0.005 0.0755964 0.000661088
         vertex 0.008 0.0755964 0.000661088
      endloop
   endfacet
   facet normal 0 -0.92388 -0.382683
      outer loop
         vertex 0.005 0.0755964 0.0016178
         vertex 0.005 0.0756916 0.00113944
         vertex 0.008 0.0756916 0.00113944
      endloop
   endfacet
   facet normal 0 -0.707107 -0.707107
      outer loop
         vertex 0.005 0.0753254 0.00202333
         vertex 0.005 0.0755964 0.0016178
         vertex 0.008 0.0755964 0.0016178
      endloop
   endfacet
   facet normal 0 -0.382683 -0.92388
      outer loop
         vertex 0.005 0.0749199 0.00229429
         vertex 0.005 0.0753254 0.00202333
         vertex 0.008 0.0753254 0.00202333
      endloop
   endfacet
   facet normal 0 0 -1
      outer loop
         vertex 0.005 0.0744416 0.00238944
         vertex 0.005 0.0749199 0.00229429
         vertex 0.008 0.0749199 0.00229429
      endloop
   endfacet
   facet normal 0 -0.382683 -0.92388
      outer loop
         vertex 0.008 0.0749199 0.00229429
         vertex 0.008 0.0744416 0.00238944
         vertex 0.005 0.0744416 0.00238944
      endloop
   endfacet
   facet normal 0 -0.707107 -0.707107
      outer loop
         vertex 0.008 0.0753254 0.00202333
         vertex 0.008 0.0749199 0.00229429
         vertex 0.005 0.0749199 0.00229429
      endloop
   endfacet
   facet normal 0 -0.92388 -0.382683
      outer loop
         vertex 0.008 0.0755964 0.0016178
         vertex 0.008 0.0753254 0.00202333
         vertex 0.005 0.0753254 0.00202333
      endloop
   endfacet
   facet normal 0 -1 1.60812e-16
      outer loop
         vertex 0.008 0.0756916 0.00113944
         vertex 0.008 0.0755964 0.0016178
         vertex 0.005 0.0755964 0.0016178
      endloop
   endfacet
   facet normal 0 -0.92388 0.382683
      outer loop
         vertex 0.008 0.0755964 0.000661088
         vertex 0.008 0.0756916 0.00113944
         vertex 0.005 0.0756916 0.00113944
      endloop
   endfacet
   facet normal 0 -0.707107 0.707107
      outer loop
         vertex 0.008 0.0753254 0.000255559
         vertex 0.008 0.0755964 0.000661088
         vertex 0.005 0.0755964 0.000661088
      endloop
   endfacet
   facet normal 0 -0.382683 0.92388
      outer loop
         vertex 0.008 0.0749199 -1.54074e-05
         vertex 0.008 0.0753254 0.000255559
         vertex 0.005 0.0753254 0.000255559
      endloop
   endfacet
   facet normal 0 0 1
      outer loop
         vertex 0.008 0.0744416 -0.000110558
         vertex 0.008 0.0749199 -1.54074e-05
         vertex 0.005 0.0749199 -1.54074e-05
      endloop
   endfacet
   facet normal 0 0.382683 0.92388
      outer loop
         vertex 0.008 0.0739632 -1.54074e-05
         vertex 0.008 0.0744416 -0.000110558
         vertex 0.005 0.0744416 -0.000110558
      endloop
   endfacet
   facet normal 0 0.707107 0.707107
      outer loop
         vertex 0.008 0.0735577 0.000255559
         vertex 0.008 0.0739632 -1.54074e-05
         vertex 0.005 0.0739632 -1.54074e-05
      endloop
   endfacet
   facet normal 0 0.92388 0.382683
      outer loop
         vertex 0.008 0.0732867 0.000661088
         vertex 0.008 0.0735577 0.000255559
         vertex 0.005 0.0735577 0.000255559
      endloop
   endfacet
   facet normal 0 1 1.83697e-16
      outer loop
         vertex 0.008 0.0731916 0.00113944
         vertex 0.008 0.0732867 0.000661088
         vertex 0.005 0.0732867 0.000661088
      endloop
   endfacet
   facet normal 0 0.92388 -0.382683
      outer loop
         vertex 0.008 0.0732867 0.0016178
         vertex 0.008 0.0731916 0.00113944
         vertex 0.005 0.0731916 0.00113944
      endloop
   endfacet
   facet normal 0 0.707107 -0.707107
      outer loop
         vertex 0.008 0.0735577 0.00202333
         vertex 0.008 0.0732867 0.0016178
         vertex 0.005 0.0732867 0.0016178
      endloop
   endfacet
   facet normal 0 0.382683 -0.92388
      outer loop
         vertex 0.008 0.0739632 0.00229429
         vertex 0.008 0.0735577 0.00202333
         vertex 0.005 0.0735577 0.00202333
      endloop
   endfacet
   facet normal 0 0 -1
      outer loop
         vertex 0.008 0.0744416 0.00238944
         vertex 0.008 0.0739632 0.00229429
         vertex 0.005 0.0739632 0.00229429
      endloop
   endfacet
   facet normal 1 0 0
      outer loop
         vertex 0.008 0.0765629 0.00326076
         vertex 0.008 0.0755896 0.00391108
         vertex 0.008 0.0749199 0.00229429
      endloop
   endfacet
   facet normal 1 0 0
      outer loop
         vertex 0.008 0.0755896 0.00391108
         vertex 0.008 0.0744416 0.00413944
         vertex 0.008 0.0744416 0.00238944
      endloop
   endfacet
   facet normal 1 0 0
      outer loop
         vertex 0.008 0.0732935 0.00391108
         vertex 0.008 0.0739632 0.00229429
         vertex 0.008 0.0744416 0.00238944
      endloop
   endfacet
   facet normal 1 0 0
      outer loop
         vertex 0.008 0.0723202 0.00326076
         vertex 0.008 0.0735577 0.00202333
         vertex 0.008 0.0739632 0.00229429
      endloop
   endfacet
   facet normal 1 0 0
      outer loop
         vertex 0.008 0.0772132 0.00228749
         vertex 0.008 0.0755964 0.0016178
         vertex 0.008 0.0756916 0.00113944
      endloop
   endfacet
   facet normal 1 0 0
      outer loop
         vertex 0.008 0.0772132 0.00228749
         vertex 0.008 0.0765629 0.00326076
         vertex 0.008 0.0753254 0.00202333
      endloop
   endfacet
   facet normal 1 0 0
      outer loop
         vertex 0.008 0.0744416 0.00238944
         vertex 0.008 0.0749199 0.00229429
         vertex 0.008 0.0755896 0.00391108
      endloop
   endfacet
   facet normal 1 0 0
      outer loop
         vertex 0.008 0.0739632 0.00229429
         vertex 0.008 0.0732935 0.00391108
         vertex 0.008 0.0723202 0.00326076
      endloop
   endfacet
   facet normal 1 0 0
      outer loop
         vertex 0.008 0.0755896 -0.0016322
         vertex 0.008 0.0749199 -1.54074e-05
         vertex 0.008 0.0744416 -0.000110558
      endloop
   endfacet
   facet normal 1 0 0
      outer loop
         vertex 0.008 0.0765629 -0.000981878
         vertex 0.008 0.0753254 0.000255559
         vertex 0.008 0.0749199 -1.54074e-05
      endloop
   endfacet
   facet normal 1 0 0
      outer loop
         vertex 0.008 0.0772132 -8.6083e-06
         vertex 0.008 0.0755964 0.000661088
         vertex 0.008 0.0753254 0.000255559
      endloop
   endfacet
   facet normal 1 0 0
      outer loop
         vertex 0.008 0.0772132 -8.6083e-06
         vertex 0.008 0.0774416 0.00113944
         vertex 0.008 0.0756916 0.00113944
      endloop
   endfacet
   facet normal 1 0 0
      outer loop
         vertex 0.008 0.0753254 0.00202333
         vertex 0.008 0.0755964 0.0016178
         vertex 0.008 0.0772132 0.00228749
      endloop
   endfacet
   facet normal 1 0 0
      outer loop
         vertex 0.008 0.0744416 0.00238944
         vertex 0.008 0.0744416 0.00413944
         vertex 0.008 0.0732935 0.00391108
      endloop
   endfacet
   facet normal 1 0 0
      outer loop
         vertex 0.008 0.0716699 0.00228749
         vertex 0.008 0.0732867 0.0016178
         vertex 0.008 0.0735577 0.00202333
      endloop
   endfacet
   facet normal 1 0 0
      outer loop
         vertex 0.008 0.0716699 0.00228749
         vertex 0.008 0.0714416 0.00113944
         vertex 0.008 0.0731916 0.00113944
      endloop
   endfacet
   facet normal 1 0 0
      outer loop
         vertex 0.008 0.0749199 -1.54074e-05
         vertex 0.008 0.0755896 -0.0016322
         vertex 0.008 0.0765629 -0.000981878
      endloop
   endfacet
   facet normal 1 0 0
      outer loop
         vertex 0.008 0.0756916 0.00113944
         vertex 0.008 0.0755964 0.000661088
         vertex 0.008 0.0772132 -8.6083e-06
      endloop
   endfacet
   facet normal 1 0 0
      outer loop
         vertex 0.008 0.0749199 0.00229429
         vertex 0.008 0.0753254 0.00202333
         vertex 0.008 0.0765629 0.00326076
      endloop
   endfacet
   facet normal 1 0 0
      outer loop
         vertex 0.008 0.0731916 0.00113944
         vertex 0.008 0.0732867 0.0016178
         vertex 0.008 0.0716699 0.00228749
      endloop
   endfacet
   facet normal 1 0 0
      outer loop
         vertex 0.008 0.0716699 -8.6083e-06
         vertex 0.008 0.0732867 0.000661088
         vertex 0.008 0.0731916 0.00113944
      endloop
   endfacet
   facet normal 1 0 0
      outer loop
         vertex 0.008 0.0716699 -8.6083e-06
         vertex 0.008 0.0723202 -0.000981878
         vertex 0.008 0.0735577 0.000255559
      endloop
   endfacet
   facet normal 1 0 0
      outer loop
         vertex 0.008 0.0723202 -0.000981878
         vertex 0.008 0.0732935 -0.0016322
         vertex 0.008 0.0739632 -1.54074e-05
      endloop
   endfacet
   facet normal 1 0 0
      outer loop
         vertex 0.008 0.0732935 -0.0016322
         vertex 0.008 0.0744416 -0.00186056
         vertex 0.008 0.0744416 -0.000110558
      endloop
   endfacet
   facet normal 1 0 0
      outer loop
         vertex 0.008 0.0753254 0.000255559
         vertex 0.008 0.0765629 -0.000981878
         vertex 0.008 0.0772132 -8.6083e-06
      endloop
   endfacet
   facet normal 1 0 0
      outer loop
         vertex 0.008 0.0735577 0.00202333
         vertex 0.008 0.0723202 0.00326076
         vertex 0.008 0.0716699 0.00228749
      endloop
   endfacet
   facet normal 1 0 0
      outer loop
         vertex 0.008 0.0735577 0.000255559
         vertex 0.008 0.0732867 0.000661088
         vertex 0.008 0.0716699 -8.6083e-06
      endloop
   endfacet
   facet normal 1 0 0
      outer loop
         vertex 0.008 0.0744416 -0.000110558
         vertex 0.008 0.0739632 -1.54074e-05
         vertex 0.008 0.0732935 -0.0016322
      endloop
   endfacet
   facet normal 1 0 0
      outer loop
         vertex 0.008 0.0756916 0.00113944
         vertex 0.008 0.0774416 0.00113944
         vertex 0.008 0.0772132 0.00228749
      endloop
   endfacet
   facet normal 1 0 0
      outer loop
         vertex 0.008 0.0739632 -1.54074e-05
         vertex 0.008 0.0735577 0.000255559
         vertex 0.008 0.0723202 -0.000981878
      endloop
   endfacet
   facet normal 1 0 0
      outer loop
         vertex 0.008 0.0731916 0.00113944
         vertex 0.008 0.0714416 0.00113944
         vertex 0.008 0.0716699 -8.6083e-06
      endloop
   endfacet
   facet normal 1 0 0
      outer loop
         vertex 0.008 0.0744416 -0.000110558
         vertex 0.008 0.0744416 -0.00186056
         vertex 0.008 0.0755896 -0.0016322
      endloop
   endfacet
   facet normal 0 -0.707107 -0.707107
      outer loop
         vertex 0.008 0.0765629 0.00326076
         vertex 0.0105765 0.0765242 0.00329872
         vertex 0.0104867 0.0756876 0.00386844
      endloop
   endfacet
   facet normal 0 -0.707107 -0.707107
      outer loop
         vertex 0.008 0.0765629 0.00326076
         vertex 0.0105818 0.0765559 0.00325564
         vertex 0.0105765 0.0765242 0.00329872
      endloop
   endfacet
   facet normal 0 -0.415341 -0.909666
      outer loop
         vertex 0.0104867 0.0756876 0.00386844
         vertex 0.008 0.0755896 0.00391108
         vertex 0.008 0.0765629 0.00326076
      endloop
   endfacet
   facet normal 0 -0.382683 -0.92388
      outer loop
         vertex 0.008 0.0755896 0.00391108
         vertex 0.0104827 0.0755855 0.00389551
         vertex 0.0104483 0.074711 0.00412731
      endloop
   endfacet
   facet normal 0 -0.0898284 -0.995957
      outer loop
         vertex 0.0104483 0.074711 0.00412731
         vertex 0.008 0.0744416 0.00413944
         vertex 0.008 0.0755896 0.00391108
      endloop
   endfacet
   facet normal 0 0 -1
      outer loop
         vertex 0.008 0.0744416 0.00413944
         vertex 0.0104566 0.074444 0.004107
         vertex 0.0104793 0.0737232 0.00405217
      endloop
   endfacet
   facet normal 0 0.239441 -0.970911
      outer loop
         vertex 0.0104793 0.0737232 0.00405217
         vertex 0.008 0.0732935 0.00391108
         vertex 0.008 0.0744416 0.00413944
      endloop
   endfacet
   facet normal 0 0.707107 -0.707107
      outer loop
         vertex 0.008 0.0723202 0.00326076
         vertex 0.0105642 0.0728193 0.00366297
         vertex 0.0105811 0.0726849 0.00354045
      endloop
   endfacet
   facet normal 0 0.382683 -0.92388
      outer loop
         vertex 0.008 0.0732935 0.00391108
         vertex 0.0105181 0.0733095 0.00387402
         vertex 0.0105642 0.0728193 0.00366297
      endloop
   endfacet
   facet normal 0 0.540761 -0.841176
      outer loop
         vertex 0.0105642 0.0728193 0.00366297
         vertex 0.008 0.0723202 0.00326076
         vertex 0.008 0.0732935 0.00391108
      endloop
   endfacet
   facet normal 0 0.92388 -0.382683
      outer loop
         vertex 0.008 0.0716699 0.00228749
         vertex 0.008 0.0723202 0.00326076
         vertex 0.0106575 0.0720776 0.00298655
      endloop
   endfacet
   facet normal 0 0.707107 -0.707107
      outer loop
         vertex 0.008 0.0723202 0.00326076
         vertex 0.0106237 0.0723466 0.00323187
         vertex 0.0106575 0.0720776 0.00298655
      endloop
   endfacet
   facet normal 0 1 1.83697e-16
      outer loop
         vertex 0.008 0.0714416 0.00113944
         vertex 0.008 0.0716699 0.00228749
         vertex 0.0106988 0.0715979 0.00209514
      endloop
   endfacet
   facet normal 0 0.92388 -0.382683
      outer loop
         vertex 0.008 0.0716699 0.00228749
         vertex 0.0106937 0.071657 0.00220507
         vertex 0.0106988 0.0715979 0.00209514
      endloop
   endfacet
   facet normal 0 0.92388 -0.382683
      outer loop
         vertex 0.008 0.0716699 0.00228749
         vertex 0.0106905 0.0716943 0.00227436
         vertex 0.0106937 0.071657 0.00220507
      endloop
   endfacet
   facet normal 0 1 1.83697e-16
      outer loop
         vertex 0.008 0.0714416 0.00113944
         vertex 0.0106314 0.0715304 0.000609006
         vertex 0.0105961 0.071611 0.00014536
      endloop
   endfacet
   facet normal 0 0.943504 0.331361
      outer loop
         vertex 0.0105961 0.071611 0.00014536
         vertex 0.008 0.0716699 -8.6083e-06
         vertex 0.008 0.0714416 0.00113944
      endloop
   endfacet
   facet normal 0 1 1.83697e-16
      outer loop
         vertex 0.008 0.0714416 0.00113944
         vertex 0.0106708 0.0714446 0.00113895
         vertex 0.0106702 0.0714416 0.00112004
      endloop
   endfacet
   facet normal 0 0.999979 0.00646569
      outer loop
         vertex 0.0106702 0.0714416 0.00112004
         vertex 0.0106314 0.0715304 0.000609006
         vertex 0.008 0.0714416 0.00113944
      endloop
   endfacet
   facet normal 0 0.707107 0.707107
      outer loop
         vertex 0.008 0.0723202 -0.000981878
         vertex 0.008 0.0716699 -8.6083e-06
         vertex 0.0104774 0.0720929 -0.000727038
      endloop
   endfacet
   facet normal 0 0.92388 0.382683
      outer loop
         vertex 0.008 0.0716699 -8.6083e-06
         vertex 0.0105767 0.07169 2.45492e-06
         vertex 0.0104774 0.0720929 -0.000727038
      endloop
   endfacet
   facet normal 0 0.382683 0.92388
      outer loop
         vertex 0.008 0.0732935 -0.0016322
         vertex 0.008 0.0723202 -0.000981878
         vertex 0.0103592 0.0728458 -0.00140098
      endloop
   endfacet
   facet normal 0 0.707107 0.707107
      outer loop
         vertex 0.008 0.0723202 -0.000981878
         vertex 0.0104377 0.0723458 -0.000953374
         vertex 0.0104058 0.0725493 -0.00113559
      endloop
   endfacet
   facet normal 0 0.639457 0.768827
      outer loop
         vertex 0.0104058 0.0725493 -0.00113559
         vertex 0.0103592 0.0728458 -0.00140098
         vertex 0.008 0.0723202 -0.000981878
      endloop
   endfacet
   facet normal 0 -1.22465e-16 1
      outer loop
         vertex 0.008 0.0744416 -0.00186056
         vertex 0.008 0.0732935 -0.0016322
         vertex 0.0103002 0.0737844 -0.00178769
      endloop
   endfacet
   facet normal 0 0.382683 0.92388
      outer loop
         vertex 0.008 0.0732935 -0.0016322
         vertex 0.01033 0.07331 -0.00159222
         vertex 0.0103002 0.0737844 -0.00178769
      endloop
   endfacet
   facet normal 0 -0.382683 0.92388
      outer loop
         vertex 0.008 0.0755896 -0.0016322
         vertex 0.008 0.0744416 -0.00186056
         vertex 0.0103321 0.0747664 -0.00184292
      endloop
   endfacet
   facet normal 0 -1.22465e-16 1
      outer loop
         vertex 0.008 0.0744416 -0.00186056
         vertex 0.0103216 0.0744436 -0.00182476
         vertex 0.0103321 0.0747664 -0.00184292
      endloop
   endfacet
   facet normal 0 -0.707107 0.707107
      outer loop
         vertex 0.008 0.0765629 -0.000981878
         vertex 0.008 0.0755896 -0.0016322
         vertex 0.010442 0.0756963 -0.00158557
      endloop
   endfacet
   facet normal 0 -0.418241 0.908336
      outer loop
         vertex 0.010442 0.0756963 -0.00158557
         vertex 0.0105928 0.0765138 -0.00102986
         vertex 0.008 0.0765629 -0.000981878
      endloop
   endfacet
   facet normal 0 -0.382683 0.92388
      outer loop
         vertex 0.008 0.0755896 -0.0016322
         vertex 0.0104289 0.0755852 -0.00161631
         vertex 0.010442 0.0756963 -0.00158557
      endloop
   endfacet
   facet normal 0 -0.92388 0.382683
      outer loop
         vertex 0.008 0.0772132 -8.6083e-06
         vertex 0.008 0.0765629 -0.000981878
         vertex 0.0106104 0.076595 -0.000929169
      endloop
   endfacet
   facet normal 0 -0.721162 0.692766
      outer loop
         vertex 0.0106104 0.076595 -0.000929169
         vertex 0.0106988 0.0770027 -0.000423406
         vertex 0.008 0.0772132 -8.6083e-06
      endloop
   endfacet
   facet normal 0 -0.85362 0.520896
      outer loop
         vertex 0.0106988 0.0770027 -0.000423406
         vertex 0.0107193 0.0771411 -0.000169215
         vertex 0.008 0.0772132 -8.6083e-06
      endloop
   endfacet
   facet normal 0 -0.707107 0.707107
      outer loop
         vertex 0.008 0.0765629 -0.000981878
         vertex 0.0106021 0.0765566 -0.000976787
         vertex 0.0106104 0.076595 -0.000929169
      endloop
   endfacet
   facet normal 0 -0.92388 0.382683
      outer loop
         vertex 0.008 0.0772132 -8.6083e-06
         vertex 0.0107257 0.0771902 -1.86305e-06
         vertex 0.0107556 0.07742 0.000780275
      endloop
   endfacet
   facet normal 0 -0.992807 0.119722
      outer loop
         vertex 0.0107556 0.07742 0.000780275
         vertex 0.008 0.0774416 0.00113944
         vertex 0.008 0.0772132 -8.6083e-06
      endloop
   endfacet
   facet normal 0 -0.92388 -0.382683
      outer loop
         vertex 0.008 0.0772132 0.00228749
         vertex 0.008 0.0774416 0.00113944
         vertex 0.0107348 0.0773719 0.00178193
      endloop
   endfacet
   facet normal 0 -1 1.60812e-16
      outer loop
         vertex 0.008 0.0774416 0.00113944
         vertex 0.010739 0.0773816 0.00158159
         vertex 0.0107348 0.0773719 0.00178193
      endloop
   endfacet
   facet normal 0 -1 1.60812e-16
      outer loop
         vertex 0.008 0.0774416 0.00113944
         vertex 0.0107482 0.0774028 0.00113759
         vertex 0.010739 0.0773816 0.00158159
      endloop
   endfacet
   facet normal 0 -0.707107 -0.707107
      outer loop
         vertex 0.008 0.0765629 0.00326076
         vertex 0.008 0.0772132 0.00228749
         vertex 0.0106136 0.0767456 0.00299766
      endloop
   endfacet
   facet normal 0 -0.92388 -0.382683
      outer loop
         vertex 0.008 0.0772132 0.00228749
         vertex 0.0106936 0.0771952 0.00228111
         vertex 0.0106768 0.0771233 0.0024842
      endloop
   endfacet
   facet normal 0 -0.893908 -0.448251
      outer loop
         vertex 0.0106768 0.0771233 0.0024842
         vertex 0.0106136 0.0767456 0.00299766
         vertex 0.008 0.0772132 0.00228749
      endloop
   endfacet
   facet normal 0 -0.778399 -0.62777
      outer loop
         vertex 0.0106136 0.0767456 0.00299766
         vertex 0.0105818 0.0765559 0.00325564
         vertex 0.008 0.0765629 0.00326076
      endloop
   endfacet
   facet normal 0 -0.976798 -0.214162
      outer loop
         vertex 0.0107348 0.0773719 0.00178193
         vertex 0.0106936 0.0771952 0.00228111
         vertex 0.008 0.0772132 0.00228749
      endloop
   endfacet
   facet normal 0 -0.992807 0.119722
      outer loop
         vertex 0.0107556 0.07742 0.000780275
         vertex 0.0107482 0.0774028 0.00113759
         vertex 0.008 0.0774416 0.00113944
      endloop
   endfacet
   facet normal 0 -0.899841 0.436219
      outer loop
         vertex 0.0107193 0.0771411 -0.000169215
         vertex 0.0107257 0.0771902 -1.86305e-06
         vertex 0.008 0.0772132 -8.6083e-06
      endloop
   endfacet
   facet normal 0 -0.690742 0.723101
      outer loop
         vertex 0.0105928 0.0765138 -0.00102986
         vertex 0.0106021 0.0765566 -0.000976787
         vertex 0.008 0.0765629 -0.000981878
      endloop
   endfacet
   facet normal 0 -0.108284 0.99412
      outer loop
         vertex 0.0103321 0.0747664 -0.00184292
         vertex 0.0104289 0.0755852 -0.00161631
         vertex 0.008 0.0755896 -0.0016322
      endloop
   endfacet
   facet normal 0 0.21906 0.975711
      outer loop
         vertex 0.0103002 0.0737844 -0.00178769
         vertex 0.0103216 0.0744436 -0.00182476
         vertex 0.008 0.0744416 -0.00186056
      endloop
   endfacet
   facet normal 0 0.531902 0.846806
      outer loop
         vertex 0.0103592 0.0728458 -0.00140098
         vertex 0.01033 0.07331 -0.00159222
         vertex 0.008 0.0732935 -0.0016322
      endloop
   endfacet
   facet normal 0 0.78289 0.62216
      outer loop
         vertex 0.0104774 0.0720929 -0.000727038
         vertex 0.0104377 0.0723458 -0.000953374
         vertex 0.008 0.0723202 -0.000981878
      endloop
   endfacet
   facet normal 0 0.943504 0.331361
      outer loop
         vertex 0.0105961 0.071611 0.00014536
         vertex 0.0105767 0.07169 2.45492e-06
         vertex 0.008 0.0716699 -8.6083e-06
      endloop
   endfacet
   facet normal 0 0.9479 -0.318567
      outer loop
         vertex 0.0106988 0.0715979 0.00209514
         vertex 0.0106708 0.0714446 0.00113895
         vertex 0.008 0.0714416 0.00113944
      endloop
   endfacet
   facet normal 0 0.787978 -0.615704
      outer loop
         vertex 0.0106575 0.0720776 0.00298655
         vertex 0.0106905 0.0716943 0.00227436
         vertex 0.008 0.0716699 0.00228749
      endloop
   endfacet
   facet normal 0 0.590464 -0.807064
      outer loop
         vertex 0.0105811 0.0726849 0.00354045
         vertex 0.0106237 0.0723466 0.00323187
         vertex 0.008 0.0723202 0.00326076
      endloop
   endfacet
   facet normal 0 0.239441 -0.970911
      outer loop
         vertex 0.0104793 0.0737232 0.00405217
         vertex 0.0105181 0.0733095 0.00387402
         vertex 0.008 0.0732935 0.00391108
      endloop
   endfacet
   facet normal 0 -0.0898284 -0.995957
      outer loop
         vertex 0.0104483 0.074711 0.00412731
         vertex 0.0104566 0.074444 0.004107
         vertex 0.008 0.0744416 0.00413944
      endloop
   endfacet
   facet normal 0 -0.415341 -0.909666
      outer loop
         vertex 0.0104867 0.0756876 0.00386844
         vertex 0.0104827 0.0755855 0.00389551
         vertex 0.008 0.0755896 0.00391108
      endloop
   endfacet
   facet normal 0.833908 0.501747 -0.229883
      outer loop
         vertex 0.00738502 0.0887376 -0.0023692
         vertex 0.00765256 0.0887928 -0.000504159
         vertex 0.00829811 0.0876286 -0.000648036
      endloop
   endfacet
   facet normal 0.590453 0.795869 -0.134004
      outer loop
         vertex 0.00484495 0.0917657 -0.0018547
         vertex 0.00374318 0.0924761 -0.00167035
         vertex 0.00391426 0.092413 -4.96476e-05
      endloop
   endfacet
   facet normal 0.616261 0.232638 -0.752397
      outer loop
         vertex 0.00554311 0.0854837 -0.00747462
         vertex 0.00415365 0.0842594 -0.00866514
         vertex 0.00309907 0.0867808 -0.00851435
      endloop
   endfacet
   facet normal 0.786316 0.617785 -0.0069949
      outer loop
         vertex 0.00689565 0.0898777 -0.000363215
         vertex 0.00666226 0.0898645 -0.00221313
         vertex 0.00581774 0.0908841 -0.00203941
      endloop
   endfacet
   facet normal 0.742346 0.305721 -0.596203
      outer loop
         vertex 0.00663306 0.0864663 -0.00598106
         vertex 0.0054489 0.0889655 -0.00575136
         vertex 0.00686636 0.0884009 -0.00418313
      endloop
   endfacet
   facet normal 0.661688 0.484012 -0.572627
      outer loop
         vertex 0.0054489 0.0889655 -0.00575136
         vertex 0.0061803 0.0895756 -0.00402334
         vertex 0.00686636 0.0884009 -0.00418313
      endloop
   endfacet
   facet normal 0.846462 0.530863 -0.0410663
      outer loop
         vertex 0.00765256 0.0887928 -0.000504159
         vertex 0.00738502 0.0887376 -0.0023692
         vertex 0.00666226 0.0898645 -0.00221313
      endloop
   endfacet
   facet normal 0.790161 0.454078 -0.411654
      outer loop
         vertex 0.00686636 0.0884009 -0.00418313
         vertex 0.00738502 0.0887376 -0.0023692
         vertex 0.00799466 0.0875305 -0.00250169
      endloop
   endfacet
   facet normal 0.833908 0.501747 -0.229883
      outer loop
         vertex 0.00738502 0.0887376 -0.0023692
         vertex 0.00686636 0.0884009 -0.00418313
         vertex 0.0061803 0.0895756 -0.00402334
      endloop
   endfacet
   facet normal 0.742346 0.305721 -0.596203
      outer loop
         vertex 0.00663306 0.0864663 -0.00598106
         vertex 0.00554311 0.0854837 -0.00747462
         vertex 0.00443641 0.088017 -0.007299
      endloop
   endfacet
   facet normal 0.661688 0.484012 -0.572627
      outer loop
         vertex 0.0054489 0.0889655 -0.00575136
         vertex 0.00378314 0.091054 -0.00524509
         vertex 0.00537088 0.0906433 -0.00381627
      endloop
   endfacet
   facet normal 0.472241 0.710819 -0.521273
      outer loop
         vertex 0.00378314 0.091054 -0.00524509
         vertex 0.00442874 0.0915667 -0.00356681
         vertex 0.00537088 0.0906433 -0.00381627
      endloop
   endfacet
   facet normal 0.704634 0.709119 0.0253241
      outer loop
         vertex 0.0060233 0.0908593 -0.000237677
         vertex 0.00581774 0.0908841 -0.00203941
         vertex 0.00484495 0.0917657 -0.0018547
      endloop
   endfacet
   facet normal 0.778311 0.595443 -0.199196
      outer loop
         vertex 0.00666226 0.0898645 -0.00221313
         vertex 0.0061803 0.0895756 -0.00402334
         vertex 0.00537088 0.0906433 -0.00381627
      endloop
   endfacet
   facet normal 0.69904 0.69533 -0.16691
      outer loop
         vertex 0.00581774 0.0908841 -0.00203941
         vertex 0.00537088 0.0906433 -0.00381627
         vertex 0.00442874 0.0915667 -0.00356681
      endloop
   endfacet
   facet normal 0.661688 0.484012 -0.572627
      outer loop
         vertex 0.0054489 0.0889655 -0.00575136
         vertex 0.00443641 0.088017 -0.007299
         vertex 0.00286838 0.0901933 -0.00678161
      endloop
   endfacet
   facet normal 0.533513 0.391007 -0.749985
      outer loop
         vertex 0.00443641 0.088017 -0.007299
         vertex 0.00309907 0.0867808 -0.00851435
         vertex 0.00161668 0.089019 -0.00801141
      endloop
   endfacet
   facet normal 0.437717 0.163676 -0.884089
      outer loop
         vertex 0.00415365 0.0842594 -0.00866514
         vertex 0.00248567 0.0829015 -0.00946065
         vertex 0.00142086 0.0854074 -0.00924563
      endloop
   endfacet
   facet normal 0.34331 0.614411 -0.710378
      outer loop
         vertex 0.00286838 0.0901933 -0.00678161
         vertex 0.00161668 0.089019 -0.00801141
         vertex 0.000643926 0.0898946 -0.00757423
      endloop
   endfacet
   facet normal 0.240661 0.935213 -0.259729
      outer loop
         vertex 0.00215286 0.0928226 -0.0030077
         vertex 0.000857495 0.0931001 -0.002763
         vertex 0.00137012 0.0932454 9.88528e-06
      endloop
   endfacet
   facet normal 0.550798 0.768104 -0.326554
      outer loop
         vertex 0.00442874 0.0915667 -0.00356681
         vertex 0.00378314 0.091054 -0.00524509
         vertex 0.00273866 0.0918296 -0.00489671
      endloop
   endfacet
   facet normal 0.240661 0.935213 -0.259729
      outer loop
         vertex 0.00215286 0.0928226 -0.0030077
         vertex 0.00268679 0.0929301 2.05552e-06
         vertex 0.00374318 0.0924761 -0.00167035
      endloop
   endfacet
   facet normal 0.312157 0.946397 0.0830054
      outer loop
         vertex 0.00268679 0.0929301 2.05552e-06
         vertex 0.00391426 0.092413 -4.96476e-05
         vertex 0.00374318 0.0924761 -0.00167035
      endloop
   endfacet
   facet normal 0.590453 0.795869 -0.134004
      outer loop
         vertex 0.00484495 0.0917657 -0.0018547
         vertex 0.00442874 0.0915667 -0.00356681
         vertex 0.00335258 0.0923053 -0.00328852
      endloop
   endfacet
   facet normal 0.472241 0.710819 -0.521273
      outer loop
         vertex 0.00378314 0.091054 -0.00524509
         vertex 0.00286838 0.0901933 -0.00678161
         vertex 0.00186125 0.0910173 -0.006379
      endloop
   endfacet
   facet normal 0.407244 0.865256 -0.292379
      outer loop
         vertex 0.00335258 0.0923053 -0.00328852
         vertex 0.00273866 0.0918296 -0.00489671
         vertex 0.00156263 0.0923685 -0.0045146
      endloop
   endfacet
   facet normal 0.322435 0.813914 -0.483302
      outer loop
         vertex 0.00273866 0.0918296 -0.00489671
         vertex 0.00186125 0.0910173 -0.006379
         vertex 0.000703673 0.0915949 -0.00591045
      endloop
   endfacet
   facet normal 0.647695 0.478275 0.59308
      outer loop
         vertex 0.00672387 0.0873705 0.00499791
         vertex 0.00573351 0.0862394 0.00647454
         vertex 0.0071005 0.0858313 0.00568218
      endloop
   endfacet
   facet normal 0.462719 0.372188 0.804592
      outer loop
         vertex 0.00573351 0.0862394 0.00647454
         vertex 0.00658302 0.0852455 0.00639674
         vertex 0.0071005 0.0858313 0.00568218
      endloop
   endfacet
   facet normal 0.413609 0.291292 0.862599
      outer loop
         vertex 0.00596306 0.0845653 0.00701549
         vertex 0.00658302 0.0852455 0.00639674
         vertex 0.00573351 0.0862394 0.00647454
      endloop
   endfacet
   facet normal 0.462719 0.372188 0.804592
      outer loop
         vertex 0.00573351 0.0862394 0.00647454
         vertex 0.00341715 0.0856402 0.00752937
         vertex 0.00596306 0.0845653 0.00701549
      endloop
   endfacet
   facet normal 0.195641 0.250708 0.948088
      outer loop
         vertex 0.00341715 0.0856402 0.00752937
         vertex 0.00523981 0.0837915 0.00753205
         vertex 0.00596306 0.0845653 0.00701549
      endloop
   endfacet
   facet normal 0.4001 0.400092 0.824528
      outer loop
         vertex 0.00481775 0.087184 0.00651236
         vertex 0.00281116 0.0888896 0.00640582
         vertex 0.00142572 0.087327 0.00737296
      endloop
   endfacet
   facet normal 0.254312 0.495331 0.830646
      outer loop
         vertex 0.00281116 0.0888896 0.00640582
         vertex 0.00385927 0.0901075 0.00500582
         vertex 0.00157459 0.0913826 0.00459666
      endloop
   endfacet
   facet normal 0.877206 0.465742 0.116592
      outer loop
         vertex 0.00833695 0.0874698 0.00123886
         vertex 0.00685772 0.0896495 0.00150379
         vertex 0.00651717 0.0891638 0.00334498
      endloop
   endfacet
   facet normal 0.577028 0.526667 0.624228
      outer loop
         vertex 0.0058466 0.0883588 0.00506616
         vertex 0.00385927 0.0901075 0.00500582
         vertex 0.00281116 0.0888896 0.00640582
      endloop
   endfacet
   facet normal 0.696268 0.59438 0.402398
      outer loop
         vertex 0.00651717 0.0891638 0.00334498
         vertex 0.0058466 0.0883588 0.00506616
         vertex 0.00672387 0.0873705 0.00499791
      endloop
   endfacet
   facet normal 0.647695 0.478275 0.59308
      outer loop
         vertex 0.00672387 0.0873705 0.00499791
         vertex 0.00808871 0.0870505 0.0031186
         vertex 0.00651717 0.0891638 0.00334498
      endloop
   endfacet
   facet normal 0.4001 0.400092 0.824528
      outer loop
         vertex 0.00481775 0.087184 0.00651236
         vertex 0.00573351 0.0862394 0.00647454
         vertex 0.00672387 0.0873705 0.00499791
      endloop
   endfacet
   facet normal 0.696268 0.59438 0.402398
      outer loop
         vertex 0.00651717 0.0891638 0.00334498
         vertex 0.00456374 0.0909436 0.00335648
         vertex 0.00385927 0.0901075 0.00500582
      endloop
   endfacet
   facet normal 0.761423 0.619328 0.191485
      outer loop
         vertex 0.00685772 0.0896495 0.00150379
         vertex 0.0049474 0.0914508 0.00161253
         vertex 0.00456374 0.0909436 0.00335648
      endloop
   endfacet
   facet normal 0.761423 0.619328 0.191485
      outer loop
         vertex 0.00685772 0.0896495 0.00150379
         vertex 0.00833695 0.0874698 0.00123886
         vertex 0.00765256 0.0887928 -0.000504159
      endloop
   endfacet
   facet normal 0.877206 0.465742 0.116592
      outer loop
         vertex 0.00833695 0.0874698 0.00123886
         vertex 0.00829811 0.0876286 -0.000648036
         vertex 0.00765256 0.0887928 -0.000504159
      endloop
   endfacet
   facet normal 0.572617 0.783447 0.241498
      outer loop
         vertex 0.0049474 0.0914508 0.00161253
         vertex 0.00685772 0.0896495 0.00150379
         vertex 0.0060233 0.0908593 -0.000237677
      endloop
   endfacet
   facet normal 0.761423 0.619328 0.191485
      outer loop
         vertex 0.00685772 0.0896495 0.00150379
         vertex 0.00689565 0.0898777 -0.000363215
         vertex 0.0060233 0.0908593 -0.000237677
      endloop
   endfacet
   facet normal 0.572617 0.783447 0.241498
      outer loop
         vertex 0.0049474 0.0914508 0.00161253
         vertex 0.00260225 0.0926818 0.00153547
         vertex 0.00223656 0.0921907 0.00309538
      endloop
   endfacet
   facet normal 0.400986 0.645353 0.650177
      outer loop
         vertex 0.00385927 0.0901075 0.00500582
         vertex 0.00456374 0.0909436 0.00335648
         vertex 0.00223656 0.0921907 0.00309538
      endloop
   endfacet
   facet normal 0.297811 0.920099 0.254414
      outer loop
         vertex 0.00260225 0.0926818 0.00153547
         vertex 0.0049474 0.0914508 0.00161253
         vertex 0.00391426 0.092413 -4.96476e-05
      endloop
   endfacet
   facet normal 0.572617 0.783447 0.241498
      outer loop
         vertex 0.0049474 0.0914508 0.00161253
         vertex 0.00503025 0.0917133 -0.000132815
         vertex 0.00391426 0.092413 -4.96476e-05
      endloop
   endfacet
   facet normal 0.649068 0.0946932 0.754814
      outer loop
         vertex 0.0087609 0.0785534 0.00675761
         vertex 0.0092247 0.0774077 0.00640974
         vertex 0.0096855 0.077956 0.00578112
      endloop
   endfacet
   facet normal 0.563345 0.140699 0.814154
      outer loop
         vertex 0.00819426 0.0796684 0.00702318
         vertex 0.0087609 0.0785534 0.00675761
         vertex 0.00928436 0.0791435 0.00613382
      endloop
   endfacet
   facet normal 0.761063 0.126076 0.636308
      outer loop
         vertex 0.00928436 0.0791435 0.00613382
         vertex 0.0096855 0.077956 0.00578112
         vertex 0.0100413 0.0784253 0.00507754
      endloop
   endfacet
   facet normal 0.684266 0.179786 0.706723
      outer loop
         vertex 0.00877542 0.0802996 0.00641486
         vertex 0.00928436 0.0791435 0.00613382
         vertex 0.00969836 0.07965 0.00542334
      endloop
   endfacet
   facet normal 0.851491 0.150803 0.502217
      outer loop
         vertex 0.00969836 0.07965 0.00542334
         vertex 0.0100413 0.0784253 0.00507754
         vertex 0.0104481 0.0791367 0.00353917
      endloop
   endfacet
   facet normal 0.971516 0.114553 -0.207445
      outer loop
         vertex 0.0103351 0.0797382 -0.00123082
         vertex 0.0099339 0.082489 -0.0010858
         vertex 0.0101302 0.0824831 0.000641618
      endloop
   endfacet
   facet normal 0.976442 0.212651 -0.0366134
      outer loop
         vertex 0.0101302 0.0824831 0.000641618
         vertex 0.0105986 0.079584 0.00194443
         vertex 0.0103351 0.0797382 -0.00123082
      endloop
   endfacet
   facet normal 0.993089 0.105346 0.0517368
      outer loop
         vertex 0.0105986 0.079584 0.00194443
         vertex 0.0101178 0.0822197 0.00239529
         vertex 0.0102069 0.0804245 0.00384317
      endloop
   endfacet
   facet normal 0.966513 0.226367 0.120877
      outer loop
         vertex 0.0101178 0.0822197 0.00239529
         vertex 0.00985411 0.0816824 0.00411949
         vertex 0.0102069 0.0804245 0.00384317
      endloop
   endfacet
   facet normal 0.851491 0.150803 0.502217
      outer loop
         vertex 0.00969836 0.07965 0.00542334
         vertex 0.0102069 0.0804245 0.00384317
         vertex 0.00959932 0.0813033 0.00494151
      endloop
   endfacet
   facet normal 0.952965 0.165412 0.253961
      outer loop
         vertex 0.0102069 0.0804245 0.00384317
         vertex 0.00985411 0.0816824 0.00411949
         vertex 0.00959932 0.0813033 0.00494151
      endloop
   endfacet
   facet normal 0.655876 0.29169 0.696235
      outer loop
         vertex 0.0080677 0.0831253 0.00613548
         vertex 0.00924314 0.0808439 0.00571397
         vertex 0.00959932 0.0813033 0.00494151
      endloop
   endfacet
   facet normal 0.260666 0.136438 0.95574
      outer loop
         vertex 0.00521429 0.0801301 0.00825692
         vertex 0.00672963 0.0781682 0.0079495
         vertex 0.00819426 0.0796684 0.00702318
      endloop
   endfacet
   facet normal 0.42882 0.20177 0.88057
      outer loop
         vertex 0.00684319 0.0818007 0.00737411
         vertex 0.00819426 0.0796684 0.00702318
         vertex 0.00877542 0.0802996 0.00641486
      endloop
   endfacet
   facet normal 0.140214 0.179407 0.973732
      outer loop
         vertex 0.00351732 0.0819995 0.00829449
         vertex 0.00521429 0.0801301 0.00825692
         vertex 0.00684319 0.0818007 0.00737411
      endloop
   endfacet
   facet normal 0.304222 0.237702 0.922468
      outer loop
         vertex 0.00523981 0.0837915 0.00753205
         vertex 0.00684319 0.0818007 0.00737411
         vertex 0.00751117 0.0825093 0.00680184
      endloop
   endfacet
   facet normal 0.543093 0.248728 0.801988
      outer loop
         vertex 0.00751117 0.0825093 0.00680184
         vertex 0.00877542 0.0802996 0.00641486
         vertex 0.00924314 0.0808439 0.00571397
      endloop
   endfacet
   facet normal 0.413609 0.291292 0.862599
      outer loop
         vertex 0.00596306 0.0845653 0.00701549
         vertex 0.00751117 0.0825093 0.00680184
         vertex 0.0080677 0.0831253 0.00613548
      endloop
   endfacet
   facet normal 0.911001 0.347792 0.221626
      outer loop
         vertex 0.00928455 0.0847188 0.00278664
         vertex 0.0101178 0.0822197 0.00239529
         vertex 0.0101302 0.0824831 0.000641618
      endloop
   endfacet
   facet normal 0.825433 0.342185 0.448965
      outer loop
         vertex 0.00886097 0.0840876 0.00456462
         vertex 0.00985411 0.0816824 0.00411949
         vertex 0.0101178 0.0822197 0.00239529
      endloop
   endfacet
   facet normal 0.525471 0.348212 0.776292
      outer loop
         vertex 0.00658302 0.0852455 0.00639674
         vertex 0.0080677 0.0831253 0.00613548
         vertex 0.00851526 0.0836502 0.00538458
      endloop
   endfacet
   facet normal 0.752073 0.323518 0.574214
      outer loop
         vertex 0.00851526 0.0836502 0.00538458
         vertex 0.00959932 0.0813033 0.00494151
         vertex 0.00985411 0.0816824 0.00411949
      endloop
   endfacet
   facet normal 0.6273 0.397778 0.669528
      outer loop
         vertex 0.0071005 0.0858313 0.00568218
         vertex 0.00851526 0.0836502 0.00538458
         vertex 0.00886097 0.0840876 0.00456462
      endloop
   endfacet
   facet normal 0.711602 0.434099 0.552432
      outer loop
         vertex 0.00751993 0.0863245 0.00488567
         vertex 0.00886097 0.0840876 0.00456462
         vertex 0.00928455 0.0847188 0.00278664
      endloop
   endfacet
   facet normal 0.823761 0.466921 0.321563
      outer loop
         vertex 0.00808871 0.0870505 0.0031186
         vertex 0.00928455 0.0847188 0.00278664
         vertex 0.00940905 0.0850586 0.000932723
      endloop
   endfacet
   facet normal 0.942505 0.304937 -0.136739
      outer loop
         vertex 0.00928116 0.0851358 -0.000900951
         vertex 0.00940905 0.0850586 0.000932723
         vertex 0.0101302 0.0824831 0.000641618
      endloop
   endfacet
   facet normal 0.89054 0.448661 -0.0751069
      outer loop
         vertex 0.00829811 0.0876286 -0.000648036
         vertex 0.00833695 0.0874698 0.00123886
         vertex 0.00940905 0.0850586 0.000932723
      endloop
   endfacet
   facet normal 0.875481 0.140537 -0.462365
      outer loop
         vertex 0.00892667 0.0817599 -0.00433675
         vertex 0.00832126 0.0845072 -0.00438757
         vertex 0.00891905 0.0849551 -0.00268088
      endloop
   endfacet
   facet normal 0.914275 0.272982 -0.299304
      outer loop
         vertex 0.00891905 0.0849551 -0.00268088
         vertex 0.0099339 0.082489 -0.0010858
         vertex 0.00892667 0.0817599 -0.00433675
      endloop
   endfacet
   facet normal 0.68952 0.0704835 -0.720829
      outer loop
         vertex 0.00701941 0.0800946 -0.00716535
         vertex 0.00636357 0.0828125 -0.00740836
         vertex 0.00747594 0.0837876 -0.00598382
      endloop
   endfacet
   facet normal 0.777613 0.183726 -0.601301
      outer loop
         vertex 0.00747594 0.0837876 -0.00598382
         vertex 0.00892667 0.0817599 -0.00433675
         vertex 0.00701941 0.0800946 -0.00716535
      endloop
   endfacet
   facet normal 0.871988 0.416213 -0.257687
      outer loop
         vertex 0.00799466 0.0875305 -0.00250169
         vertex 0.00829811 0.0876286 -0.000648036
         vertex 0.00928116 0.0851358 -0.000900951
      endloop
   endfacet
   facet normal 0.823976 0.36838 -0.430535
      outer loop
         vertex 0.00744234 0.0871505 -0.00429534
         vertex 0.00799466 0.0875305 -0.00250169
         vertex 0.00891905 0.0849551 -0.00268088
      endloop
   endfacet
   facet normal 0.742346 0.305721 -0.596203
      outer loop
         vertex 0.00663306 0.0864663 -0.00598106
         vertex 0.00744234 0.0871505 -0.00429534
         vertex 0.00832126 0.0845072 -0.00438757
      endloop
   endfacet
   facet normal 0.616261 0.232638 -0.752397
      outer loop
         vertex 0.00554311 0.0854837 -0.00747462
         vertex 0.00663306 0.0864663 -0.00598106
         vertex 0.00747594 0.0837876 -0.00598382
      endloop
   endfacet
   facet normal 0.553162 0.0322423 -0.832449
      outer loop
         vertex 0.00568251 0.0789675 -0.00830976
         vertex 0.00411118 0.0777058 -0.00917542
         vertex 0.00248567 0.0829015 -0.00946065
      endloop
   endfacet
   facet normal 0.971516 0.114553 -0.207445
      outer loop
         vertex 0.0103351 0.0797382 -0.00123082
         vertex 0.0107193 0.0771411 -0.000169215
         vertex 0.0106988 0.0770027 -0.000423406
      endloop
   endfacet
   facet normal 0.992648 0.0414064 -0.113732
      outer loop
         vertex 0.0106988 0.0770027 -0.000423406
         vertex 0.0106023 0.0769832 -0.000902823
         vertex 0.0103351 0.0797382 -0.00123082
      endloop
   endfacet
   facet normal 0.971516 0.114553 -0.207445
      outer loop
         vertex 0.0103351 0.0797382 -0.00123082
         vertex 0.0107556 0.07742 0.000780275
         vertex 0.0107257 0.0771902 -1.86305e-06
      endloop
   endfacet
   facet normal 0.996231 0.0409196 -0.0764809
      outer loop
         vertex 0.0107257 0.0771902 -1.86305e-06
         vertex 0.0107193 0.0771411 -0.000169215
         vertex 0.0103351 0.0797382 -0.00123082
      endloop
   endfacet
   facet normal 0.993089 0.105346 0.0517368
      outer loop
         vertex 0.0105986 0.079584 0.00194443
         vertex 0.0107482 0.0774028 0.00113759
         vertex 0.0107556 0.07742 0.000780275
      endloop
   endfacet
   facet normal 0.993089 0.105346 0.0517368
      outer loop
         vertex 0.0105986 0.079584 0.00194443
         vertex 0.010739 0.0773816 0.00158159
         vertex 0.0107482 0.0774028 0.00113759
      endloop
   endfacet
   facet normal 0.99933 0.034368 -0.0126095
      outer loop
         vertex 0.0107556 0.07742 0.000780275
         vertex 0.0103351 0.0797382 -0.00123082
         vertex 0.0105986 0.079584 0.00194443
      endloop
   endfacet
   facet normal 0.875481 0.140537 -0.462365
      outer loop
         vertex 0.00892667 0.0817599 -0.00433675
         vertex 0.0099339 0.082489 -0.0010858
         vertex 0.0100745 0.0769072 -0.00277107
      endloop
   endfacet
   facet normal 0.971516 0.114553 -0.207445
      outer loop
         vertex 0.0103351 0.0797382 -0.00123082
         vertex 0.0105179 0.0769662 -0.0013217
         vertex 0.0103326 0.0769289 -0.00224236
      endloop
   endfacet
   facet normal 0.939297 0.0742066 -0.334986
      outer loop
         vertex 0.0100745 0.0769072 -0.00277107
         vertex 0.0099339 0.082489 -0.0010858
         vertex 0.0103351 0.0797382 -0.00123082
      endloop
   endfacet
   facet normal 0.956395 0.0709407 -0.283331
      outer loop
         vertex 0.0103326 0.0769289 -0.00224236
         vertex 0.0100745 0.0769072 -0.00277107
         vertex 0.0103351 0.0797382 -0.00123082
      endloop
   endfacet
   facet normal 0.809357 0.0617389 -0.584063
      outer loop
         vertex 0.00874645 0.0767953 -0.005492
         vertex 0.00766735 0.0767449 -0.00671564
         vertex 0.00701941 0.0800946 -0.00716535
      endloop
   endfacet
   facet normal 0.875481 0.140537 -0.462365
      outer loop
         vertex 0.00892667 0.0817599 -0.00433675
         vertex 0.00945845 0.0768553 -0.00403326
         vertex 0.00874645 0.0767953 -0.005492
      endloop
   endfacet
   facet normal 0.67928 0.0339963 -0.733092
      outer loop
         vertex 0.00732935 0.0767292 -0.00709891
         vertex 0.00613877 0.0766981 -0.00785509
         vertex 0.00568251 0.0789675 -0.00830976
      endloop
   endfacet
   facet normal 0.68952 0.0704835 -0.720829
      outer loop
         vertex 0.00701941 0.0800946 -0.00716535
         vertex 0.00766735 0.0767449 -0.00671564
         vertex 0.00732935 0.0767292 -0.00709891
      endloop
   endfacet
   facet normal 0.553162 0.0322423 -0.832449
      outer loop
         vertex 0.00568251 0.0789675 -0.00830976
         vertex 0.00415365 0.0842594 -0.00866514
         vertex 0.00636357 0.0828125 -0.00740836
      endloop
   endfacet
   facet normal 0.437717 0.163676 -0.884089
      outer loop
         vertex 0.00415365 0.0842594 -0.00866514
         vertex 0.00554311 0.0854837 -0.00747462
         vertex 0.00636357 0.0828125 -0.00740836
      endloop
   endfacet
   facet normal 0.660975 0.131312 -0.73883
      outer loop
         vertex 0.00636357 0.0828125 -0.00740836
         vertex 0.00701941 0.0800946 -0.00716535
         vertex 0.00568251 0.0789675 -0.00830976
      endloop
   endfacet
   facet normal 0.543313 0.00746349 -0.839497
      outer loop
         vertex 0.00575546 0.0766881 -0.00809855
         vertex 0.00437957 0.0766521 -0.00897243
         vertex 0.00411118 0.0777058 -0.00917542
      endloop
   endfacet
   facet normal 0.553162 0.0322423 -0.832449
      outer loop
         vertex 0.00568251 0.0789675 -0.00830976
         vertex 0.00613877 0.0766981 -0.00785509
         vertex 0.00575546 0.0766881 -0.00809855
      endloop
   endfacet
   facet normal 0.391552 -0.00537439 -0.92014
      outer loop
         vertex 0.00411118 0.0777058 -0.00917542
         vertex 0.00437957 0.0766521 -0.00897243
         vertex 0.00403029 0.076643 -0.00919427
      endloop
   endfacet
   facet normal 0.374303 -0.0196004 -0.927099
      outer loop
         vertex 0.00403029 0.076643 -0.00919427
         vertex 0.00349669 0.0766387 -0.00929784
         vertex 0.00411118 0.0777058 -0.00917542
      endloop
   endfacet
   facet normal 0.0433319 0.0870324 -0.995263
      outer loop
         vertex 0.000626131 0.081516 -0.00984908
         vertex 0.00248567 0.0829015 -0.00946065
         vertex 0.00411118 0.0777058 -0.00917542
      endloop
   endfacet
   facet normal 0.391552 -0.00537439 -0.92014
      outer loop
         vertex 0.00411118 0.0777058 -0.00917542
         vertex 0.00272727 0.0766326 -0.00944718
         vertex 0.000626131 0.081516 -0.00984908
      endloop
   endfacet
   facet normal 0.083872 -0.0416118 -0.995607
      outer loop
         vertex 0.00089009 0.0766179 -0.00980376
         vertex -3.69713e-17 0.0766108 -0.00997653
         vertex -2.03725e-17 0.081175 -0.00954933
      endloop
   endfacet
   facet normal 0.0433319 0.0870324 -0.995263
      outer loop
         vertex 0.000626131 0.081516 -0.00984908
         vertex 0.00225038 0.0766288 -0.00953974
         vertex 0.00089009 0.0766179 -0.00980376
      endloop
   endfacet
   facet normal 0.226304 0.11755 -0.966938
      outer loop
         vertex 0.00248567 0.0829015 -0.00946065
         vertex 0.000626131 0.081516 -0.00984908
         vertex -8.294e-18 0.0844963 -0.00923847
      endloop
   endfacet
   facet normal 0.0103944 0.166467 -0.985992
      outer loop
         vertex -8.294e-18 0.0844963 -0.00923847
         vertex 0.00142086 0.0854074 -0.00924563
         vertex 0.00248567 0.0829015 -0.00946065
      endloop
   endfacet
   facet normal 0.111275 0.190707 -0.97532
      outer loop
         vertex 0.00142086 0.0854074 -0.00924563
         vertex -8.294e-18 0.0844963 -0.00923847
         vertex 0 0.0867769 -0.00902501
      endloop
   endfacet
   facet normal 0.341264 0.280056 -0.897278
      outer loop
         vertex 0.00309907 0.0867808 -0.00851435
         vertex 1.34315e-08 0.0875419 -0.00868845
         vertex 1.65753e-08 0.0877209 -0.00860967
      endloop
   endfacet
   facet normal 0.341264 0.280056 -0.897278
      outer loop
         vertex 0.00309907 0.0867808 -0.00851435
         vertex 0.00142086 0.0854074 -0.00924563
         vertex 1.34315e-08 0.0875419 -0.00868845
      endloop
   endfacet
   facet normal 2.68422e-05 0.56568 -0.824625
      outer loop
         vertex 5.09109e-08 0.0896763 -0.00774928
         vertex 3.93774e-08 0.0901807 -0.00724304
         vertex 0.000643926 0.0898946 -0.00757423
      endloop
   endfacet
   facet normal 0.171461 0.485356 -0.857339
      outer loop
         vertex 0.00161668 0.089019 -0.00801141
         vertex 1.65753e-08 0.0877209 -0.00860967
         vertex 5.09109e-08 0.0896763 -0.00774928
      endloop
   endfacet
   facet normal 0.19611 0.719164 -0.666592
      outer loop
         vertex 0.00186125 0.0910173 -0.006379
         vertex 0.000643926 0.0898946 -0.00757423
         vertex 3.93774e-08 0.0901807 -0.00724304
      endloop
   endfacet
   facet normal 0.00602147 0.633364 -0.773831
      outer loop
         vertex 3.93774e-08 0.0901807 -0.00724304
         vertex 2.14233e-08 0.0909659 -0.00645499
         vertex 0.00186125 0.0910173 -0.006379
      endloop
   endfacet
   facet normal 0.0526369 0.791427 -0.608993
      outer loop
         vertex 0.000703673 0.0915949 -0.00591045
         vertex 2.5123e-09 0.0917929 -0.00562493
         vertex 3.62139e-14 0.0919028 -0.00551466
      endloop
   endfacet
   facet normal 6.92691e-05 0.826684 -0.562666
      outer loop
         vertex 3.62139e-14 0.0919028 -0.00551466
         vertex 0.00156263 0.0923685 -0.0045146
         vertex 0.000703673 0.0915949 -0.00591045
      endloop
   endfacet
   facet normal 0.157445 0.882343 -0.443489
      outer loop
         vertex 0.00156263 0.0923685 -0.0045146
         vertex 8.10153e-13 0.0925469 -0.00403761
         vertex 0.000857495 0.0931001 -0.002763
      endloop
   endfacet
   facet normal 0.00851413 0.918067 -0.396335
      outer loop
         vertex 8.10153e-13 0.0925469 -0.00403761
         vertex 1.54628e-12 0.0931596 -0.00263272
         vertex 0.000857495 0.0931001 -0.002763
      endloop
   endfacet
   facet normal 0.15296 0.984711 0.0833482
      outer loop
         vertex 0.00137012 0.0932454 9.88528e-06
         vertex 0.000857495 0.0931001 -0.002763
         vertex 1.55443e-12 0.0931663 -0.00261716
      endloop
   endfacet
   facet normal 0.0783744 0.968437 -0.236616
      outer loop
         vertex 0.000857495 0.0931001 -0.002763
         vertex 1.54628e-12 0.0931596 -0.00263272
         vertex 1.55443e-12 0.0931663 -0.00261716
      endloop
   endfacet
   facet normal 0.297811 0.920099 0.254414
      outer loop
         vertex 0.00260225 0.0926818 0.00153547
         vertex 0.00137012 0.0932454 9.88528e-06
         vertex 0 0.093288 0.000541539
      endloop
   endfacet
   facet normal 0.15296 0.984711 0.0833482
      outer loop
         vertex 0.00137012 0.0932454 9.88528e-06
         vertex 2.80835e-13 0.0932661 -2.91353e-05
         vertex 0 0.093288 0.000541539
      endloop
   endfacet
   facet normal 0.297811 0.920099 0.254414
      outer loop
         vertex 0.00260225 0.0926818 0.00153547
         vertex 0.00268679 0.0929301 2.05552e-06
         vertex 0.00137012 0.0932454 9.88528e-06
      endloop
   endfacet
   facet normal 0.000238045 0.989108 0.147188
      outer loop
         vertex 0 0.093288 0.000541539
         vertex 3.55502e-08 0.0930339 0.00127329
         vertex 0.00260225 0.0926818 0.00153547
      endloop
   endfacet
   facet normal 0.0115066 0.971358 0.237342
      outer loop
         vertex 3.55507e-08 0.0930339 0.0012733
         vertex 1.45102e-07 0.0922508 0.00352826
         vertex 0.00223656 0.0921907 0.00309538
      endloop
   endfacet
   facet normal 0.242944 0.866167 0.43673
      outer loop
         vertex 0.00223656 0.0921907 0.00309538
         vertex 1.45102e-07 0.0922508 0.00352826
         vertex 1.91801e-07 0.0917261 0.00414651
      endloop
   endfacet
   facet normal 1.80851e-05 0.81649 0.57736
      outer loop
         vertex 1.91801e-07 0.0917261 0.00414651
         vertex 0.00157459 0.0913826 0.00459666
         vertex 0.00223656 0.0921907 0.00309538
      endloop
   endfacet
   facet normal 0.152467 0.77046 0.618987
      outer loop
         vertex 0.00157459 0.0913826 0.00459666
         vertex 1.91802e-07 0.0917261 0.00414651
         vertex 3.0842e-07 0.0904159 0.0056904
      endloop
   endfacet
   facet normal 0.0450349 0.629653 0.77557
      outer loop
         vertex 0.000593064 0.0902181 0.00589877
         vertex 3.0842e-07 0.0904159 0.0056904
         vertex 3.23946e-07 0.0902415 0.00589595
      endloop
   endfacet
   facet normal 0.254312 0.495331 0.830646
      outer loop
         vertex 0.00281116 0.0888896 0.00640582
         vertex 2.38553e-07 0.0895597 0.00626993
         vertex 7.35777e-08 0.0882426 0.00699245
      endloop
   endfacet
   facet normal 0.254312 0.495331 0.830646
      outer loop
         vertex 0.00281116 0.0888896 0.00640582
         vertex 0.000593064 0.0902181 0.00589877
         vertex 2.38554e-07 0.0895597 0.00626992
      endloop
   endfacet
   facet normal 0.00440083 0.558014 0.82982
      outer loop
         vertex 2.38554e-07 0.0895597 0.00626992
         vertex 2.38553e-07 0.0895597 0.00626993
         vertex 0.00281116 0.0888896 0.00640582
      endloop
   endfacet
   facet normal 0.101512 0.299668 0.948628
      outer loop
         vertex 0.00142572 0.087327 0.00737296
         vertex -1.57539e-08 0.0875293 0.00738368
         vertex 0 0.0864362 0.00766649
      endloop
   endfacet
   facet normal 0.101512 0.299668 0.948628
      outer loop
         vertex 0.00142572 0.087327 0.00737296
         vertex 7.35777e-08 0.0882426 0.00699245
         vertex 7.35761e-08 0.0882425 0.00699245
      endloop
   endfacet
   facet normal -3.92977e-07 0.402784 0.915295
      outer loop
         vertex 7.35761e-08 0.0882425 0.00699245
         vertex -1.57539e-08 0.0875293 0.00738368
         vertex 0.00142572 0.087327 0.00737296
      endloop
   endfacet
   facet normal 0.195641 0.250708 0.948088
      outer loop
         vertex 0.00341715 0.0856402 0.00752937
         vertex 0.00142572 0.087327 0.00737296
         vertex -1.73174e-19 0.0858352 0.00778015
      endloop
   endfacet
   facet normal 0.140214 0.179407 0.973732
      outer loop
         vertex 0.00351732 0.0819995 0.00829449
         vertex 0.00523981 0.0837915 0.00753205
         vertex 0.00341715 0.0856402 0.00752937
      endloop
   endfacet
   facet normal 0.195641 0.250708 0.948088
      outer loop
         vertex 0.00341715 0.0856402 0.00752937
         vertex -3.51636e-19 0.085216 0.00789728
         vertex 0.00351732 0.0819995 0.00829449
      endloop
   endfacet
   facet normal 0.140214 0.179407 0.973732
      outer loop
         vertex 0.00351732 0.0819995 0.00829449
         vertex 0.00162934 0.0773984 0.00917341
         vertex 0.00255271 0.0773937 0.00905957
      endloop
   endfacet
   facet normal 0.0947568 0.170699 0.980756
      outer loop
         vertex 0.00162934 0.0773984 0.00917341
         vertex 0.00351732 0.0819995 0.00829449
         vertex -2.29888e-18 0.0784588 0.00917528
      endloop
   endfacet
   facet normal 0.00201597 0.185811 0.982583
      outer loop
         vertex -2.29888e-18 0.0784588 0.00917528
         vertex -2.60209e-18 0.0774067 0.00937428
         vertex 0.00162934 0.0773984 0.00917341
      endloop
   endfacet
   facet normal 0.260666 0.136438 0.95574
      outer loop
         vertex 0.00521429 0.0801301 0.00825692
         vertex 0.00416368 0.0773856 0.00886096
         vertex 0.00599843 0.0773572 0.0081714
      endloop
   endfacet
   facet normal 0.260666 0.136438 0.95574
      outer loop
         vertex 0.00521429 0.0801301 0.00825692
         vertex 0.00255271 0.0773937 0.00905957
         vertex 0.00416368 0.0773856 0.00886096
      endloop
   endfacet
   facet normal 0.384009 0.0651558 0.921028
      outer loop
         vertex 0.00672963 0.0781682 0.0079495
         vertex 0.00599843 0.0773572 0.0081714
         vertex 0.00628846 0.0773527 0.0080624
      endloop
   endfacet
   facet normal 0.384009 0.0651558 0.921028
      outer loop
         vertex 0.00672963 0.0781682 0.0079495
         vertex 0.00761639 0.0773322 0.00756332
         vertex 0.0087609 0.0785534 0.00675761
      endloop
   endfacet
   facet normal 0.384009 0.0651558 0.921028
      outer loop
         vertex 0.00672963 0.0781682 0.0079495
         vertex 0.00722169 0.0773383 0.00771166
         vertex 0.00761639 0.0773322 0.00756332
      endloop
   endfacet
   facet normal 0.649068 0.0946932 0.754814
      outer loop
         vertex 0.0087609 0.0785534 0.00675761
         vertex 0.00908389 0.0772863 0.00644791
         vertex 0.00909963 0.0772856 0.00643048
      endloop
   endfacet
   facet normal 0.649068 0.0946932 0.754814
      outer loop
         vertex 0.0087609 0.0785534 0.00675761
         vertex 0.00830695 0.0773164 0.00717835
         vertex 0.00858073 0.0773092 0.00700513
      endloop
   endfacet
   facet normal 0.608931 0.0326016 0.792553
      outer loop
         vertex 0.00858073 0.0773092 0.00700513
         vertex 0.00908389 0.0772863 0.00644791
         vertex 0.0087609 0.0785534 0.00675761
      endloop
   endfacet
   facet normal 0.649068 0.0946932 0.754814
      outer loop
         vertex 0.0087609 0.0785534 0.00675761
         vertex 0.00761639 0.0773322 0.00756332
         vertex 0.0078186 0.0773291 0.00748733
      endloop
   endfacet
   facet normal 0.4579 0.0371888 0.888226
      outer loop
         vertex 0.0078186 0.0773291 0.00748733
         vertex 0.00830695 0.0773164 0.00717835
         vertex 0.0087609 0.0785534 0.00675761
      endloop
   endfacet
   facet normal 0.932604 0.0148709 0.360596
      outer loop
         vertex 0.0101288 0.0772193 0.00481742
         vertex 0.0100413 0.0784253 0.00507754
         vertex 0.0096855 0.077956 0.00578112
      endloop
   endfacet
   facet normal 0.831014 0.0572722 0.553296
      outer loop
         vertex 0.0096855 0.077956 0.00578112
         vertex 0.0092247 0.0774077 0.00640974
         vertex 0.00919006 0.0772815 0.00633033
      endloop
   endfacet
   facet normal 0.743054 0.029464 0.668582
      outer loop
         vertex 0.00919006 0.0772815 0.00633033
         vertex 0.00979388 0.077254 0.00566164
         vertex 0.0096855 0.077956 0.00578112
      endloop
   endfacet
   facet normal 0.831014 0.0572722 0.553296
      outer loop
         vertex 0.0096855 0.077956 0.00578112
         vertex 0.00979388 0.077254 0.00566164
         vertex 0.0101288 0.0772193 0.00481742
      endloop
   endfacet
   facet normal 0.993089 0.105346 0.0517368
      outer loop
         vertex 0.0105986 0.079584 0.00194443
         vertex 0.0106195 0.0771418 0.00293408
         vertex 0.0106768 0.0771233 0.0024842
      endloop
   endfacet
   facet normal 0.994455 -0.00498348 0.105049
      outer loop
         vertex 0.0106768 0.0771233 0.0024842
         vertex 0.0106936 0.0771952 0.00228111
         vertex 0.0105986 0.079584 0.00194443
      endloop
   endfacet
   facet normal 0.977217 0.0908405 0.191818
      outer loop
         vertex 0.0104481 0.0791367 0.00353917
         vertex 0.0105888 0.0771517 0.00317465
         vertex 0.0106195 0.0771418 0.00293408
      endloop
   endfacet
   facet normal 0.977217 0.0908405 0.191818
      outer loop
         vertex 0.0104481 0.0791367 0.00353917
         vertex 0.0104242 0.0771886 0.00407263
         vertex 0.0104339 0.0771876 0.00404819
      endloop
   endfacet
   facet normal 0.979257 0.00813886 0.20246
      outer loop
         vertex 0.0104339 0.0771876 0.00404819
         vertex 0.0105888 0.0771517 0.00317465
         vertex 0.0104481 0.0791367 0.00353917
      endloop
   endfacet
   facet normal 0.991101 -0.00447918 0.133033
      outer loop
         vertex 0.0106195 0.0771418 0.00293408
         vertex 0.0105986 0.079584 0.00194443
         vertex 0.0104481 0.0791367 0.00353917
      endloop
   endfacet
   facet normal 0.977217 0.0908405 0.191818
      outer loop
         vertex 0.0104481 0.0791367 0.00353917
         vertex 0.0100413 0.0784253 0.00507754
         vertex 0.0101718 0.0772148 0.00470905
      endloop
   endfacet
   facet normal 0.940776 0.0156862 0.338667
      outer loop
         vertex 0.0101718 0.0772148 0.00470905
         vertex 0.0104242 0.0771886 0.00407263
         vertex 0.0104481 0.0791367 0.00353917
      endloop
   endfacet
   facet normal 0.995696 -0.00210159 0.0926502
      outer loop
         vertex 0.0106936 0.0771952 0.00228111
         vertex 0.0107348 0.0773719 0.00178193
         vertex 0.0105986 0.079584 0.00194443
      endloop
   endfacet
   facet normal 0.99826 0.00898285 0.0582851
      outer loop
         vertex 0.0107348 0.0773719 0.00178193
         vertex 0.010739 0.0773816 0.00158159
         vertex 0.0105986 0.079584 0.00194443
      endloop
   endfacet
   facet normal 0.932604 0.0148709 0.360596
      outer loop
         vertex 0.0101288 0.0772193 0.00481742
         vertex 0.0101718 0.0772148 0.00470905
         vertex 0.0100413 0.0784253 0.00507754
      endloop
   endfacet
   facet normal 0.743054 0.029464 0.668582
      outer loop
         vertex 0.00919006 0.0772815 0.00633033
         vertex 0.0092247 0.0774077 0.00640974
         vertex 0.00909963 0.0772856 0.00643048
      endloop
   endfacet
   facet normal 0.724699 0.0302876 0.688399
      outer loop
         vertex 0.00909963 0.0772856 0.00643048
         vertex 0.0092247 0.0774077 0.00640974
         vertex 0.0087609 0.0785534 0.00675761
      endloop
   endfacet
   facet normal 0.649068 0.0946932 0.754814
      outer loop
         vertex 0.0087609 0.0785534 0.00675761
         vertex 0.00819426 0.0796684 0.00702318
         vertex 0.00672963 0.0781682 0.0079495
      endloop
   endfacet
   facet normal 0.369331 0.0521613 0.927833
      outer loop
         vertex 0.00628846 0.0773527 0.0080624
         vertex 0.00722169 0.0773383 0.00771166
         vertex 0.00672963 0.0781682 0.0079495
      endloop
   endfacet
   facet normal 0.350417 0.0601226 0.934662
      outer loop
         vertex 0.00599843 0.0773572 0.0081714
         vertex 0.00672963 0.0781682 0.0079495
         vertex 0.00521429 0.0801301 0.00825692
      endloop
   endfacet
   facet normal 0.147948 0.151858 0.977267
      outer loop
         vertex 0.00255271 0.0773937 0.00905957
         vertex 0.00521429 0.0801301 0.00825692
         vertex 0.00351732 0.0819995 0.00829449
      endloop
   endfacet
   facet normal 0.00201597 0.185811 0.982583
      outer loop
         vertex -2.29888e-18 0.0784588 0.00917528
         vertex 0.00351732 0.0819995 0.00829449
         vertex -3.51636e-19 0.085216 0.00789728
      endloop
   endfacet
   facet normal 0.00158507 0.185669 0.982611
      outer loop
         vertex -1.73174e-19 0.0858352 0.00778015
         vertex -3.51636e-19 0.085216 0.00789728
         vertex 0.00341715 0.0856402 0.00752937
      endloop
   endfacet
   facet normal 0.000417586 0.187329 0.982297
      outer loop
         vertex 0 0.0864362 0.00766649
         vertex -1.73174e-19 0.0858352 0.00778015
         vertex 0.00142572 0.087327 0.00737296
      endloop
   endfacet
   facet normal 0.00429872 0.403804 0.914835
      outer loop
         vertex 7.35777e-08 0.0882426 0.00699245
         vertex 0.00142572 0.087327 0.00737296
         vertex 0.00281116 0.0888896 0.00640582
      endloop
   endfacet
   facet normal 2.48128e-05 0.631938 0.775019
      outer loop
         vertex 3.23946e-07 0.0902415 0.00589595
         vertex 2.38554e-07 0.0895597 0.00626992
         vertex 0.000593064 0.0902181 0.00589877
      endloop
   endfacet
   facet normal 0.00248258 0.656458 0.754359
      outer loop
         vertex 3.0842e-07 0.0904159 0.0056904
         vertex 0.000593064 0.0902181 0.00589877
         vertex 0.00157459 0.0913826 0.00459666
      endloop
   endfacet
   facet normal 1.80851e-05 0.81649 0.57736
      outer loop
         vertex 1.91801e-07 0.0917261 0.00414651
         vertex 1.91802e-07 0.0917261 0.00414651
         vertex 0.00157459 0.0913826 0.00459666
      endloop
   endfacet
   facet normal 0.242944 0.866167 0.43673
      outer loop
         vertex 0.00223656 0.0921907 0.00309538
         vertex 0.00260225 0.0926818 0.00153547
         vertex 3.55507e-08 0.0930339 0.0012733
      endloop
   endfacet
   facet normal -0.000215188 0.971711 0.236172
      outer loop
         vertex 3.55502e-08 0.0930339 0.00127329
         vertex 3.55507e-08 0.0930339 0.0012733
         vertex 0.00260225 0.0926818 0.00153547
      endloop
   endfacet
   facet normal -0.000179973 0.974834 -0.222933
      outer loop
         vertex 1.55443e-12 0.0931663 -0.00261716
         vertex 2.80835e-13 0.0932661 -2.91353e-05
         vertex 0.00137012 0.0932454 9.88528e-06
      endloop
   endfacet
   facet normal 0.0783744 0.968437 -0.236616
      outer loop
         vertex 0.000857495 0.0931001 -0.002763
         vertex 0.00215286 0.0928226 -0.0030077
         vertex 0.00156263 0.0923685 -0.0045146
      endloop
   endfacet
   facet normal 6.92691e-05 0.826684 -0.562666
      outer loop
         vertex 3.62139e-14 0.0919028 -0.00551466
         vertex 8.10153e-13 0.0925469 -0.00403761
         vertex 0.00156263 0.0923685 -0.0045146
      endloop
   endfacet
   facet normal 0.0014348 0.816105 -0.577902
      outer loop
         vertex 2.5123e-09 0.0917929 -0.00562493
         vertex 0.000703673 0.0915949 -0.00591045
         vertex 2.14233e-08 0.0909659 -0.00645499
      endloop
   endfacet
   facet normal 0.0076071 0.728713 -0.684777
      outer loop
         vertex 2.14233e-08 0.0909659 -0.00645499
         vertex 0.000703673 0.0915949 -0.00591045
         vertex 0.00186125 0.0910173 -0.006379
      endloop
   endfacet
   facet normal 0.053944 0.59064 -0.80513
      outer loop
         vertex 0.000643926 0.0898946 -0.00757423
         vertex 0.00161668 0.089019 -0.00801141
         vertex 5.09109e-08 0.0896763 -0.00774928
      endloop
   endfacet
   facet normal 0.00829039 0.342627 -0.939435
      outer loop
         vertex 1.65753e-08 0.0877209 -0.00860967
         vertex 0.00161668 0.089019 -0.00801141
         vertex 0.00309907 0.0867808 -0.00851435
      endloop
   endfacet
   facet normal -4.24789e-05 0.226977 -0.9739
      outer loop
         vertex 0 0.0867769 -0.00902501
         vertex 1.34315e-08 0.0875419 -0.00868845
         vertex 0.00142086 0.0854074 -0.00924563
      endloop
   endfacet
   facet normal 0.0433319 0.0870324 -0.995263
      outer loop
         vertex 0.000626131 0.081516 -0.00984908
         vertex -2.03725e-17 0.081175 -0.00954933
         vertex -8.294e-18 0.0844963 -0.00923847
      endloop
   endfacet
   facet normal 0.0120917 0.0794872 -0.996763
      outer loop
         vertex -2.03725e-17 0.081175 -0.00954933
         vertex 0.000626131 0.081516 -0.00984908
         vertex 0.00089009 0.0766179 -0.00980376
      endloop
   endfacet
   facet normal 0.256553 -0.0314596 -0.966018
      outer loop
         vertex 0.00272727 0.0766326 -0.00944718
         vertex 0.00225038 0.0766288 -0.00953974
         vertex 0.000626131 0.081516 -0.00984908
      endloop
   endfacet
   facet normal 0.327632 -0.0251285 -0.944471
      outer loop
         vertex 0.00349669 0.0766387 -0.00929784
         vertex 0.00272727 0.0766326 -0.00944718
         vertex 0.00411118 0.0777058 -0.00917542
      endloop
   endfacet
   facet normal 0.391552 -0.00537439 -0.92014
      outer loop
         vertex 0.00411118 0.0777058 -0.00917542
         vertex 0.00568251 0.0789675 -0.00830976
         vertex 0.00575546 0.0766881 -0.00809855
      endloop
   endfacet
   facet normal 0.553162 0.0322423 -0.832449
      outer loop
         vertex 0.00568251 0.0789675 -0.00830976
         vertex 0.00701941 0.0800946 -0.00716535
         vertex 0.00732935 0.0767292 -0.00709891
      endloop
   endfacet
   facet normal 0.68952 0.0704835 -0.720829
      outer loop
         vertex 0.00701941 0.0800946 -0.00716535
         vertex 0.00892667 0.0817599 -0.00433675
         vertex 0.00874645 0.0767953 -0.005492
      endloop
   endfacet
   facet normal 0.939297 0.0742066 -0.334986
      outer loop
         vertex 0.0100745 0.0769072 -0.00277107
         vertex 0.00945845 0.0768553 -0.00403326
         vertex 0.00892667 0.0817599 -0.00433675
      endloop
   endfacet
   facet normal 0.985971 0.0510989 -0.158901
      outer loop
         vertex 0.0106023 0.0769832 -0.000902823
         vertex 0.0105179 0.0769662 -0.0013217
         vertex 0.0103351 0.0797382 -0.00123082
      endloop
   endfacet
   facet normal 0.226304 0.11755 -0.966938
      outer loop
         vertex 0.00248567 0.0829015 -0.00946065
         vertex 0.00415365 0.0842594 -0.00866514
         vertex 0.00568251 0.0789675 -0.00830976
      endloop
   endfacet
   facet normal 0.777613 0.183726 -0.601301
      outer loop
         vertex 0.00747594 0.0837876 -0.00598382
         vertex 0.00636357 0.0828125 -0.00740836
         vertex 0.00554311 0.0854837 -0.00747462
      endloop
   endfacet
   facet normal 0.860059 0.232346 -0.454219
      outer loop
         vertex 0.00832126 0.0845072 -0.00438757
         vertex 0.00747594 0.0837876 -0.00598382
         vertex 0.00663306 0.0864663 -0.00598106
      endloop
   endfacet
   facet normal 0.914275 0.272982 -0.299304
      outer loop
         vertex 0.00891905 0.0849551 -0.00268088
         vertex 0.00832126 0.0845072 -0.00438757
         vertex 0.00744234 0.0871505 -0.00429534
      endloop
   endfacet
   facet normal 0.942505 0.304937 -0.136739
      outer loop
         vertex 0.00928116 0.0851358 -0.000900951
         vertex 0.00891905 0.0849551 -0.00268088
         vertex 0.00799466 0.0875305 -0.00250169
      endloop
   endfacet
   facet normal 0.777613 0.183726 -0.601301
      outer loop
         vertex 0.00747594 0.0837876 -0.00598382
         vertex 0.00832126 0.0845072 -0.00438757
         vertex 0.00892667 0.0817599 -0.00433675
      endloop
   endfacet
   facet normal 0.914275 0.272982 -0.299304
      outer loop
         vertex 0.00891905 0.0849551 -0.00268088
         vertex 0.00928116 0.0851358 -0.000900951
         vertex 0.0099339 0.082489 -0.0010858
      endloop
   endfacet
   facet normal 0.943271 0.330361 0.0331921
      outer loop
         vertex 0.00940905 0.0850586 0.000932723
         vertex 0.00928116 0.0851358 -0.000900951
         vertex 0.00829811 0.0876286 -0.000648036
      endloop
   endfacet
   facet normal 0.976442 0.212651 -0.0366134
      outer loop
         vertex 0.0101302 0.0824831 0.000641618
         vertex 0.0099339 0.082489 -0.0010858
         vertex 0.00928116 0.0851358 -0.000900951
      endloop
   endfacet
   facet normal 0.943271 0.330361 0.0331921
      outer loop
         vertex 0.00940905 0.0850586 0.000932723
         vertex 0.00833695 0.0874698 0.00123886
         vertex 0.00808871 0.0870505 0.0031186
      endloop
   endfacet
   facet normal 0.911001 0.347792 0.221626
      outer loop
         vertex 0.00928455 0.0847188 0.00278664
         vertex 0.00808871 0.0870505 0.0031186
         vertex 0.00751993 0.0863245 0.00488567
      endloop
   endfacet
   facet normal 0.825433 0.342185 0.448965
      outer loop
         vertex 0.00886097 0.0840876 0.00456462
         vertex 0.00751993 0.0863245 0.00488567
         vertex 0.0071005 0.0858313 0.00568218
      endloop
   endfacet
   facet normal 0.917829 0.231793 0.322276
      outer loop
         vertex 0.00985411 0.0816824 0.00411949
         vertex 0.00886097 0.0840876 0.00456462
         vertex 0.00851526 0.0836502 0.00538458
      endloop
   endfacet
   facet normal 0.752073 0.323518 0.574214
      outer loop
         vertex 0.00851526 0.0836502 0.00538458
         vertex 0.0071005 0.0858313 0.00568218
         vertex 0.00658302 0.0852455 0.00639674
      endloop
   endfacet
   facet normal 0.966513 0.226367 0.120877
      outer loop
         vertex 0.0101178 0.0822197 0.00239529
         vertex 0.00928455 0.0847188 0.00278664
         vertex 0.00886097 0.0840876 0.00456462
      endloop
   endfacet
   facet normal 0.976442 0.212651 -0.0366134
      outer loop
         vertex 0.0101302 0.0824831 0.000641618
         vertex 0.00940905 0.0850586 0.000932723
         vertex 0.00928455 0.0847188 0.00278664
      endloop
   endfacet
   facet normal 0.655876 0.29169 0.696235
      outer loop
         vertex 0.0080677 0.0831253 0.00613548
         vertex 0.00658302 0.0852455 0.00639674
         vertex 0.00596306 0.0845653 0.00701549
      endloop
   endfacet
   facet normal 0.788232 0.20892 0.578828
      outer loop
         vertex 0.00924314 0.0808439 0.00571397
         vertex 0.0080677 0.0831253 0.00613548
         vertex 0.00751117 0.0825093 0.00680184
      endloop
   endfacet
   facet normal 0.543093 0.248728 0.801988
      outer loop
         vertex 0.00751117 0.0825093 0.00680184
         vertex 0.00596306 0.0845653 0.00701549
         vertex 0.00523981 0.0837915 0.00753205
      endloop
   endfacet
   facet normal 0.42882 0.20177 0.88057
      outer loop
         vertex 0.00684319 0.0818007 0.00737411
         vertex 0.00523981 0.0837915 0.00753205
         vertex 0.00351732 0.0819995 0.00829449
      endloop
   endfacet
   facet normal 0.684266 0.179786 0.706723
      outer loop
         vertex 0.00877542 0.0802996 0.00641486
         vertex 0.00751117 0.0825093 0.00680184
         vertex 0.00684319 0.0818007 0.00737411
      endloop
   endfacet
   facet normal 0.563345 0.140699 0.814154
      outer loop
         vertex 0.00819426 0.0796684 0.00702318
         vertex 0.00684319 0.0818007 0.00737411
         vertex 0.00521429 0.0801301 0.00825692
      endloop
   endfacet
   facet normal 0.866079 0.225861 0.445975
      outer loop
         vertex 0.00959932 0.0813033 0.00494151
         vertex 0.00851526 0.0836502 0.00538458
         vertex 0.0080677 0.0831253 0.00613548
      endloop
   endfacet
   facet normal 0.866079 0.225861 0.445975
      outer loop
         vertex 0.00959932 0.0813033 0.00494151
         vertex 0.00924314 0.0808439 0.00571397
         vertex 0.00969836 0.07965 0.00542334
      endloop
   endfacet
   facet normal 0.952965 0.165412 0.253961
      outer loop
         vertex 0.0102069 0.0804245 0.00384317
         vertex 0.0104481 0.0791367 0.00353917
         vertex 0.0105986 0.079584 0.00194443
      endloop
   endfacet
   facet normal 0.976442 0.212651 -0.0366134
      outer loop
         vertex 0.0101302 0.0824831 0.000641618
         vertex 0.0101178 0.0822197 0.00239529
         vertex 0.0105986 0.079584 0.00194443
      endloop
   endfacet
   facet normal 0.977217 0.0908405 0.191818
      outer loop
         vertex 0.0104481 0.0791367 0.00353917
         vertex 0.0102069 0.0804245 0.00384317
         vertex 0.00969836 0.07965 0.00542334
      endloop
   endfacet
   facet normal 0.851491 0.150803 0.502217
      outer loop
         vertex 0.00969836 0.07965 0.00542334
         vertex 0.00924314 0.0808439 0.00571397
         vertex 0.00877542 0.0802996 0.00641486
      endloop
   endfacet
   facet normal 0.905413 0.0802185 0.416885
      outer loop
         vertex 0.0100413 0.0784253 0.00507754
         vertex 0.00969836 0.07965 0.00542334
         vertex 0.00928436 0.0791435 0.00613382
      endloop
   endfacet
   facet normal 0.761063 0.126076 0.636308
      outer loop
         vertex 0.00928436 0.0791435 0.00613382
         vertex 0.00877542 0.0802996 0.00641486
         vertex 0.00819426 0.0796684 0.00702318
      endloop
   endfacet
   facet normal 0.831014 0.0572722 0.553296
      outer loop
         vertex 0.0096855 0.077956 0.00578112
         vertex 0.00928436 0.0791435 0.00613382
         vertex 0.0087609 0.0785534 0.00675761
      endloop
   endfacet
   facet normal 0.464578 0.882485 0.0733979
      outer loop
         vertex 0.00391426 0.092413 -4.96476e-05
         vertex 0.00268679 0.0929301 2.05552e-06
         vertex 0.00260225 0.0926818 0.00153547
      endloop
   endfacet
   facet normal 0.242944 0.866167 0.43673
      outer loop
         vertex 0.00223656 0.0921907 0.00309538
         vertex 0.00157459 0.0913826 0.00459666
         vertex 0.00385927 0.0901075 0.00500582
      endloop
   endfacet
   facet normal 0.242944 0.866167 0.43673
      outer loop
         vertex 0.00223656 0.0921907 0.00309538
         vertex 0.00456374 0.0909436 0.00335648
         vertex 0.0049474 0.0914508 0.00161253
      endloop
   endfacet
   facet normal 0.704634 0.709119 0.0253241
      outer loop
         vertex 0.0060233 0.0908593 -0.000237677
         vertex 0.00503025 0.0917133 -0.000132815
         vertex 0.0049474 0.0914508 0.00161253
      endloop
   endfacet
   facet normal 0.846462 0.530863 -0.0410663
      outer loop
         vertex 0.00765256 0.0887928 -0.000504159
         vertex 0.00689565 0.0898777 -0.000363215
         vertex 0.00685772 0.0896495 0.00150379
      endloop
   endfacet
   facet normal 0.509401 0.73783 0.442852
      outer loop
         vertex 0.00456374 0.0909436 0.00335648
         vertex 0.00651717 0.0891638 0.00334498
         vertex 0.00685772 0.0896495 0.00150379
      endloop
   endfacet
   facet normal 0.400986 0.645353 0.650177
      outer loop
         vertex 0.00385927 0.0901075 0.00500582
         vertex 0.0058466 0.0883588 0.00506616
         vertex 0.00651717 0.0891638 0.00334498
      endloop
   endfacet
   facet normal 0.647695 0.478275 0.59308
      outer loop
         vertex 0.00672387 0.0873705 0.00499791
         vertex 0.0058466 0.0883588 0.00506616
         vertex 0.00481775 0.087184 0.00651236
      endloop
   endfacet
   facet normal 0.647695 0.478275 0.59308
      outer loop
         vertex 0.00672387 0.0873705 0.00499791
         vertex 0.00751993 0.0863245 0.00488567
         vertex 0.00808871 0.0870505 0.0031186
      endloop
   endfacet
   facet normal 0.254312 0.495331 0.830646
      outer loop
         vertex 0.00281116 0.0888896 0.00640582
         vertex 0.00481775 0.087184 0.00651236
         vertex 0.0058466 0.0883588 0.00506616
      endloop
   endfacet
   facet normal 0.696268 0.59438 0.402398
      outer loop
         vertex 0.00651717 0.0891638 0.00334498
         vertex 0.00808871 0.0870505 0.0031186
         vertex 0.00833695 0.0874698 0.00123886
      endloop
   endfacet
   facet normal 0.152467 0.77046 0.618987
      outer loop
         vertex 0.00157459 0.0913826 0.00459666
         vertex 0.000593064 0.0902181 0.00589877
         vertex 0.00281116 0.0888896 0.00640582
      endloop
   endfacet
   facet normal 0.101512 0.299668 0.948628
      outer loop
         vertex 0.00142572 0.087327 0.00737296
         vertex 0.00341715 0.0856402 0.00752937
         vertex 0.00481775 0.087184 0.00651236
      endloop
   endfacet
   facet normal 0.462719 0.372188 0.804592
      outer loop
         vertex 0.00573351 0.0862394 0.00647454
         vertex 0.00481775 0.087184 0.00651236
         vertex 0.00341715 0.0856402 0.00752937
      endloop
   endfacet
   facet normal 0.6273 0.397778 0.669528
      outer loop
         vertex 0.0071005 0.0858313 0.00568218
         vertex 0.00751993 0.0863245 0.00488567
         vertex 0.00672387 0.0873705 0.00499791
      endloop
   endfacet
   facet normal 0.0526369 0.791427 -0.608993
      outer loop
         vertex 0.000703673 0.0915949 -0.00591045
         vertex 0.00156263 0.0923685 -0.0045146
         vertex 0.00273866 0.0918296 -0.00489671
      endloop
   endfacet
   facet normal 0.157445 0.882343 -0.443489
      outer loop
         vertex 0.00156263 0.0923685 -0.0045146
         vertex 0.00215286 0.0928226 -0.0030077
         vertex 0.00335258 0.0923053 -0.00328852
      endloop
   endfacet
   facet normal 0.19611 0.719164 -0.666592
      outer loop
         vertex 0.00186125 0.0910173 -0.006379
         vertex 0.00273866 0.0918296 -0.00489671
         vertex 0.00378314 0.091054 -0.00524509
      endloop
   endfacet
   facet normal 0.407244 0.865256 -0.292379
      outer loop
         vertex 0.00335258 0.0923053 -0.00328852
         vertex 0.00374318 0.0924761 -0.00167035
         vertex 0.00484495 0.0917657 -0.0018547
      endloop
   endfacet
   facet normal 0.451658 0.886235 -0.10292
      outer loop
         vertex 0.00374318 0.0924761 -0.00167035
         vertex 0.00335258 0.0923053 -0.00328852
         vertex 0.00215286 0.0928226 -0.0030077
      endloop
   endfacet
   facet normal 0.322435 0.813914 -0.483302
      outer loop
         vertex 0.00273866 0.0918296 -0.00489671
         vertex 0.00335258 0.0923053 -0.00328852
         vertex 0.00442874 0.0915667 -0.00356681
      endloop
   endfacet
   facet normal 0.15296 0.984711 0.0833482
      outer loop
         vertex 0.00137012 0.0932454 9.88528e-06
         vertex 0.00268679 0.0929301 2.05552e-06
         vertex 0.00215286 0.0928226 -0.0030077
      endloop
   endfacet
   facet normal 0.053944 0.59064 -0.80513
      outer loop
         vertex 0.000643926 0.0898946 -0.00757423
         vertex 0.00186125 0.0910173 -0.006379
         vertex 0.00286838 0.0901933 -0.00678161
      endloop
   endfacet
   facet normal 0.111275 0.190707 -0.97532
      outer loop
         vertex 0.00142086 0.0854074 -0.00924563
         vertex 0.00309907 0.0867808 -0.00851435
         vertex 0.00415365 0.0842594 -0.00866514
      endloop
   endfacet
   facet normal 0.171461 0.485356 -0.857339
      outer loop
         vertex 0.00161668 0.089019 -0.00801141
         vertex 0.00286838 0.0901933 -0.00678161
         vertex 0.00443641 0.088017 -0.007299
      endloop
   endfacet
   facet normal 0.34331 0.614411 -0.710378
      outer loop
         vertex 0.00286838 0.0901933 -0.00678161
         vertex 0.00378314 0.091054 -0.00524509
         vertex 0.0054489 0.0889655 -0.00575136
      endloop
   endfacet
   facet normal 0.550798 0.768104 -0.326554
      outer loop
         vertex 0.00442874 0.0915667 -0.00356681
         vertex 0.00484495 0.0917657 -0.0018547
         vertex 0.00581774 0.0908841 -0.00203941
      endloop
   endfacet
   facet normal 0.660804 0.659025 -0.359201
      outer loop
         vertex 0.00537088 0.0906433 -0.00381627
         vertex 0.00581774 0.0908841 -0.00203941
         vertex 0.00666226 0.0898645 -0.00221313
      endloop
   endfacet
   facet normal 0.590453 0.795869 -0.134004
      outer loop
         vertex 0.00484495 0.0917657 -0.0018547
         vertex 0.00503025 0.0917133 -0.000132815
         vertex 0.0060233 0.0908593 -0.000237677
      endloop
   endfacet
   facet normal 0.660804 0.659025 -0.359201
      outer loop
         vertex 0.00537088 0.0906433 -0.00381627
         vertex 0.0061803 0.0895756 -0.00402334
         vertex 0.0054489 0.0889655 -0.00575136
      endloop
   endfacet
   facet normal 0.533513 0.391007 -0.749985
      outer loop
         vertex 0.00443641 0.088017 -0.007299
         vertex 0.0054489 0.0889655 -0.00575136
         vertex 0.00663306 0.0864663 -0.00598106
      endloop
   endfacet
   facet normal 0.738315 0.551808 -0.387812
      outer loop
         vertex 0.0061803 0.0895756 -0.00402334
         vertex 0.00666226 0.0898645 -0.00221313
         vertex 0.00738502 0.0887376 -0.0023692
      endloop
   endfacet
   facet normal 0.871988 0.416213 -0.257687
      outer loop
         vertex 0.00799466 0.0875305 -0.00250169
         vertex 0.00744234 0.0871505 -0.00429534
         vertex 0.00686636 0.0884009 -0.00418313
      endloop
   endfacet
   facet normal 0.778311 0.595443 -0.199196
      outer loop
         vertex 0.00666226 0.0898645 -0.00221313
         vertex 0.00689565 0.0898777 -0.000363215
         vertex 0.00765256 0.0887928 -0.000504159
      endloop
   endfacet
   facet normal 0.790161 0.454078 -0.411654
      outer loop
         vertex 0.00686636 0.0884009 -0.00418313
         vertex 0.00744234 0.0871505 -0.00429534
         vertex 0.00663306 0.0864663 -0.00598106
      endloop
   endfacet
   facet normal 0.69904 0.69533 -0.16691
      outer loop
         vertex 0.00581774 0.0908841 -0.00203941
         vertex 0.0060233 0.0908593 -0.000237677
         vertex 0.00689565 0.0898777 -0.000363215
      endloop
   endfacet
   facet normal 0.341264 0.280056 -0.897278
      outer loop
         vertex 0.00309907 0.0867808 -0.00851435
         vertex 0.00443641 0.088017 -0.007299
         vertex 0.00554311 0.0854837 -0.00747462
      endloop
   endfacet
   facet normal 0.464578 0.882485 0.0733979
      outer loop
         vertex 0.00391426 0.092413 -4.96476e-05
         vertex 0.00503025 0.0917133 -0.000132815
         vertex 0.00484495 0.0917657 -0.0018547
      endloop
   endfacet
   facet normal 0.89054 0.448661 -0.0751069
      outer loop
         vertex 0.00829811 0.0876286 -0.000648036
         vertex 0.00799466 0.0875305 -0.00250169
         vertex 0.00738502 0.0887376 -0.0023692
      endloop
   endfacet
   facet normal -0.833908 0.501747 -0.229883
      outer loop
         vertex -0.00738502 0.0887376 -0.0023692
         vertex -0.00799466 0.0875305 -0.00250169
         vertex -0.00829811 0.0876286 -0.000648036
      endloop
   endfacet
   facet normal -0.590453 0.795869 -0.134004
      outer loop
         vertex -0.00484495 0.0917657 -0.0018547
         vertex -0.00503025 0.0917133 -0.000132815
         vertex -0.00391426 0.092413 -4.96476e-05
      endloop
   endfacet
   facet normal -0.616261 0.232638 -0.752397
      outer loop
         vertex -0.00554311 0.0854837 -0.00747462
         vertex -0.00443641 0.088017 -0.007299
         vertex -0.00309907 0.0867808 -0.00851435
      endloop
   endfacet
   facet normal -0.786316 0.617785 -0.0069949
      outer loop
         vertex -0.00689565 0.0898777 -0.000363215
         vertex -0.0060233 0.0908593 -0.000237677
         vertex -0.00581774 0.0908841 -0.00203941
      endloop
   endfacet
   facet normal -0.742346 0.305721 -0.596203
      outer loop
         vertex -0.00663306 0.0864663 -0.00598106
         vertex -0.00744234 0.0871505 -0.00429534
         vertex -0.00686636 0.0884009 -0.00418313
      endloop
   endfacet
   facet normal -0.790161 0.454078 -0.411654
      outer loop
         vertex -0.00686636 0.0884009 -0.00418313
         vertex -0.0054489 0.0889655 -0.00575136
         vertex -0.00663306 0.0864663 -0.00598106
      endloop
   endfacet
   facet normal -0.846462 0.530863 -0.0410663
      outer loop
         vertex -0.00765256 0.0887928 -0.000504159
         vertex -0.00689565 0.0898777 -0.000363215
         vertex -0.00666226 0.0898645 -0.00221313
      endloop
   endfacet
   facet normal -0.790161 0.454078 -0.411654
      outer loop
         vertex -0.00686636 0.0884009 -0.00418313
         vertex -0.00744234 0.0871505 -0.00429534
         vertex -0.00799466 0.0875305 -0.00250169
      endloop
   endfacet
   facet normal -0.833908 0.501747 -0.229883
      outer loop
         vertex -0.00738502 0.0887376 -0.0023692
         vertex -0.00666226 0.0898645 -0.00221313
         vertex -0.0061803 0.0895756 -0.00402334
      endloop
   endfacet
   facet normal -0.742346 0.305721 -0.596203
      outer loop
         vertex -0.00663306 0.0864663 -0.00598106
         vertex -0.0054489 0.0889655 -0.00575136
         vertex -0.00443641 0.088017 -0.007299
      endloop
   endfacet
   facet normal -0.661688 0.484012 -0.572627
      outer loop
         vertex -0.0054489 0.0889655 -0.00575136
         vertex -0.0061803 0.0895756 -0.00402334
         vertex -0.00537088 0.0906433 -0.00381627
      endloop
   endfacet
   facet normal -0.660804 0.659025 -0.359201
      outer loop
         vertex -0.00537088 0.0906433 -0.00381627
         vertex -0.00378314 0.091054 -0.00524509
         vertex -0.0054489 0.0889655 -0.00575136
      endloop
   endfacet
   facet normal -0.704634 0.709119 0.0253241
      outer loop
         vertex -0.0060233 0.0908593 -0.000237677
         vertex -0.00503025 0.0917133 -0.000132815
         vertex -0.00484495 0.0917657 -0.0018547
      endloop
   endfacet
   facet normal -0.778311 0.595443 -0.199196
      outer loop
         vertex -0.00666226 0.0898645 -0.00221313
         vertex -0.00581774 0.0908841 -0.00203941
         vertex -0.00537088 0.0906433 -0.00381627
      endloop
   endfacet
   facet normal -0.69904 0.69533 -0.16691
      outer loop
         vertex -0.00581774 0.0908841 -0.00203941
         vertex -0.00484495 0.0917657 -0.0018547
         vertex -0.00442874 0.0915667 -0.00356681
      endloop
   endfacet
   facet normal -0.661688 0.484012 -0.572627
      outer loop
         vertex -0.0054489 0.0889655 -0.00575136
         vertex -0.00378314 0.091054 -0.00524509
         vertex -0.00286838 0.0901933 -0.00678161
      endloop
   endfacet
   facet normal -0.533513 0.391007 -0.749985
      outer loop
         vertex -0.00443641 0.088017 -0.007299
         vertex -0.00286838 0.0901933 -0.00678161
         vertex -0.00161668 0.089019 -0.00801141
      endloop
   endfacet
   facet normal -0.437717 0.163676 -0.884089
      outer loop
         vertex -0.00415365 0.0842594 -0.00866514
         vertex -0.00309907 0.0867808 -0.00851435
         vertex -0.00142086 0.0854074 -0.00924563
      endloop
   endfacet
   facet normal -0.34331 0.614411 -0.710378
      outer loop
         vertex -0.00286838 0.0901933 -0.00678161
         vertex -0.00186125 0.0910173 -0.006379
         vertex -0.000643926 0.0898946 -0.00757423
      endloop
   endfacet
   facet normal -0.240661 0.935213 -0.259729
      outer loop
         vertex -0.00215286 0.0928226 -0.0030077
         vertex -0.00268679 0.0929301 2.05552e-06
         vertex -0.00137012 0.0932454 9.88528e-06
      endloop
   endfacet
   facet normal -0.550798 0.768104 -0.326554
      outer loop
         vertex -0.00442874 0.0915667 -0.00356681
         vertex -0.00335258 0.0923053 -0.00328852
         vertex -0.00273866 0.0918296 -0.00489671
      endloop
   endfacet
   facet normal -0.240661 0.935213 -0.259729
      outer loop
         vertex -0.00215286 0.0928226 -0.0030077
         vertex -0.00335258 0.0923053 -0.00328852
         vertex -0.00374318 0.0924761 -0.00167035
      endloop
   endfacet
   facet normal -0.451658 0.886235 -0.10292
      outer loop
         vertex -0.00374318 0.0924761 -0.00167035
         vertex -0.00268679 0.0929301 2.05552e-06
         vertex -0.00215286 0.0928226 -0.0030077
      endloop
   endfacet
   facet normal -0.590453 0.795869 -0.134004
      outer loop
         vertex -0.00484495 0.0917657 -0.0018547
         vertex -0.00374318 0.0924761 -0.00167035
         vertex -0.00335258 0.0923053 -0.00328852
      endloop
   endfacet
   facet normal -0.472241 0.710819 -0.521273
      outer loop
         vertex -0.00378314 0.091054 -0.00524509
         vertex -0.00273866 0.0918296 -0.00489671
         vertex -0.00186125 0.0910173 -0.006379
      endloop
   endfacet
   facet normal -0.407244 0.865256 -0.292379
      outer loop
         vertex -0.00335258 0.0923053 -0.00328852
         vertex -0.00215286 0.0928226 -0.0030077
         vertex -0.00156263 0.0923685 -0.0045146
      endloop
   endfacet
   facet normal -0.322435 0.813914 -0.483302
      outer loop
         vertex -0.00273866 0.0918296 -0.00489671
         vertex -0.00156263 0.0923685 -0.0045146
         vertex -0.000703673 0.0915949 -0.00591045
      endloop
   endfacet
   facet normal -0.647695 0.478275 0.59308
      outer loop
         vertex -0.00672387 0.0873705 0.00499791
         vertex -0.00751993 0.0863245 0.00488567
         vertex -0.0071005 0.0858313 0.00568218
      endloop
   endfacet
   facet normal -0.6273 0.397778 0.669528
      outer loop
         vertex -0.0071005 0.0858313 0.00568218
         vertex -0.00573351 0.0862394 0.00647454
         vertex -0.00672387 0.0873705 0.00499791
      endloop
   endfacet
   facet normal -0.413609 0.291292 0.862599
      outer loop
         vertex -0.00596306 0.0845653 0.00701549
         vertex -0.00341715 0.0856402 0.00752937
         vertex -0.00573351 0.0862394 0.00647454
      endloop
   endfacet
   facet normal -0.195641 0.250708 0.948088
      outer loop
         vertex -0.00341715 0.0856402 0.00752937
         vertex -0.00481775 0.087184 0.00651236
         vertex -0.00573351 0.0862394 0.00647454
      endloop
   endfacet
   facet normal -0.462719 0.372188 0.804592
      outer loop
         vertex -0.00573351 0.0862394 0.00647454
         vertex -0.00658302 0.0852455 0.00639674
         vertex -0.00596306 0.0845653 0.00701549
      endloop
   endfacet
   facet normal -0.4001 0.400092 0.824528
      outer loop
         vertex -0.00481775 0.087184 0.00651236
         vertex -0.00341715 0.0856402 0.00752937
         vertex -0.00142572 0.087327 0.00737296
      endloop
   endfacet
   facet normal -0.254312 0.495331 0.830646
      outer loop
         vertex -0.00281116 0.0888896 0.00640582
         vertex -0.000593064 0.0902181 0.00589877
         vertex -0.00157459 0.0913826 0.00459666
      endloop
   endfacet
   facet normal -0.877206 0.465742 0.116592
      outer loop
         vertex -0.00833695 0.0874698 0.00123886
         vertex -0.00808871 0.0870505 0.0031186
         vertex -0.00651717 0.0891638 0.00334498
      endloop
   endfacet
   facet normal -0.577028 0.526667 0.624228
      outer loop
         vertex -0.0058466 0.0883588 0.00506616
         vertex -0.00481775 0.087184 0.00651236
         vertex -0.00281116 0.0888896 0.00640582
      endloop
   endfacet
   facet normal -0.696268 0.59438 0.402398
      outer loop
         vertex -0.00651717 0.0891638 0.00334498
         vertex -0.00808871 0.0870505 0.0031186
         vertex -0.00672387 0.0873705 0.00499791
      endloop
   endfacet
   facet normal -0.823761 0.466921 0.321563
      outer loop
         vertex -0.00808871 0.0870505 0.0031186
         vertex -0.00751993 0.0863245 0.00488567
         vertex -0.00672387 0.0873705 0.00499791
      endloop
   endfacet
   facet normal -0.4001 0.400092 0.824528
      outer loop
         vertex -0.00481775 0.087184 0.00651236
         vertex -0.0058466 0.0883588 0.00506616
         vertex -0.00672387 0.0873705 0.00499791
      endloop
   endfacet
   facet normal -0.696268 0.59438 0.402398
      outer loop
         vertex -0.00651717 0.0891638 0.00334498
         vertex -0.0058466 0.0883588 0.00506616
         vertex -0.00385927 0.0901075 0.00500582
      endloop
   endfacet
   facet normal -0.761423 0.619328 0.191485
      outer loop
         vertex -0.00685772 0.0896495 0.00150379
         vertex -0.00651717 0.0891638 0.00334498
         vertex -0.00456374 0.0909436 0.00335648
      endloop
   endfacet
   facet normal -0.761423 0.619328 0.191485
      outer loop
         vertex -0.00685772 0.0896495 0.00150379
         vertex -0.00689565 0.0898777 -0.000363215
         vertex -0.00765256 0.0887928 -0.000504159
      endloop
   endfacet
   facet normal -0.846462 0.530863 -0.0410663
      outer loop
         vertex -0.00765256 0.0887928 -0.000504159
         vertex -0.00833695 0.0874698 0.00123886
         vertex -0.00685772 0.0896495 0.00150379
      endloop
   endfacet
   facet normal -0.572617 0.783447 0.241498
      outer loop
         vertex -0.0049474 0.0914508 0.00161253
         vertex -0.00503025 0.0917133 -0.000132815
         vertex -0.0060233 0.0908593 -0.000237677
      endloop
   endfacet
   facet normal -0.704634 0.709119 0.0253241
      outer loop
         vertex -0.0060233 0.0908593 -0.000237677
         vertex -0.00685772 0.0896495 0.00150379
         vertex -0.0049474 0.0914508 0.00161253
      endloop
   endfacet
   facet normal -0.572617 0.783447 0.241498
      outer loop
         vertex -0.0049474 0.0914508 0.00161253
         vertex -0.00456374 0.0909436 0.00335648
         vertex -0.00223656 0.0921907 0.00309538
      endloop
   endfacet
   facet normal -0.400986 0.645353 0.650177
      outer loop
         vertex -0.00385927 0.0901075 0.00500582
         vertex -0.00157459 0.0913826 0.00459666
         vertex -0.00223656 0.0921907 0.00309538
      endloop
   endfacet
   facet normal -0.297811 0.920099 0.254414
      outer loop
         vertex -0.00260225 0.0926818 0.00153547
         vertex -0.00268679 0.0929301 2.05552e-06
         vertex -0.00391426 0.092413 -4.96476e-05
      endloop
   endfacet
   facet normal -0.464578 0.882485 0.0733979
      outer loop
         vertex -0.00391426 0.092413 -4.96476e-05
         vertex -0.0049474 0.0914508 0.00161253
         vertex -0.00260225 0.0926818 0.00153547
      endloop
   endfacet
   facet normal -0.649068 0.0946932 0.754814
      outer loop
         vertex -0.0087609 0.0785534 0.00675761
         vertex -0.00928436 0.0791435 0.00613382
         vertex -0.0096855 0.077956 0.00578112
      endloop
   endfacet
   facet normal -0.563345 0.140699 0.814154
      outer loop
         vertex -0.00819426 0.0796684 0.00702318
         vertex -0.00877542 0.0802996 0.00641486
         vertex -0.00928436 0.0791435 0.00613382
      endloop
   endfacet
   facet normal -0.761063 0.126076 0.636308
      outer loop
         vertex -0.00928436 0.0791435 0.00613382
         vertex -0.00969836 0.07965 0.00542334
         vertex -0.0100413 0.0784253 0.00507754
      endloop
   endfacet
   facet normal -0.684266 0.179786 0.706723
      outer loop
         vertex -0.00877542 0.0802996 0.00641486
         vertex -0.00924314 0.0808439 0.00571397
         vertex -0.00969836 0.07965 0.00542334
      endloop
   endfacet
   facet normal -0.851491 0.150803 0.502217
      outer loop
         vertex -0.00969836 0.07965 0.00542334
         vertex -0.0102069 0.0804245 0.00384317
         vertex -0.0104481 0.0791367 0.00353917
      endloop
   endfacet
   facet normal -0.971516 0.114553 -0.207445
      outer loop
         vertex -0.0103351 0.0797382 -0.00123082
         vertex -0.0105986 0.079584 0.00194443
         vertex -0.0101302 0.0824831 0.000641618
      endloop
   endfacet
   facet normal -0.993089 0.105346 0.0517368
      outer loop
         vertex -0.0105986 0.079584 0.00194443
         vertex -0.0101178 0.0822197 0.00239529
         vertex -0.0101302 0.0824831 0.000641618
      endloop
   endfacet
   facet normal -0.993089 0.105346 0.0517368
      outer loop
         vertex -0.0105986 0.079584 0.00194443
         vertex -0.0104481 0.0791367 0.00353917
         vertex -0.0102069 0.0804245 0.00384317
      endloop
   endfacet
   facet normal -0.952965 0.165412 0.253961
      outer loop
         vertex -0.0102069 0.0804245 0.00384317
         vertex -0.0101178 0.0822197 0.00239529
         vertex -0.0105986 0.079584 0.00194443
      endloop
   endfacet
   facet normal -0.851491 0.150803 0.502217
      outer loop
         vertex -0.00969836 0.07965 0.00542334
         vertex -0.00924314 0.0808439 0.00571397
         vertex -0.00959932 0.0813033 0.00494151
      endloop
   endfacet
   facet normal -0.866079 0.225861 0.445975
      outer loop
         vertex -0.00959932 0.0813033 0.00494151
         vertex -0.0102069 0.0804245 0.00384317
         vertex -0.00969836 0.07965 0.00542334
      endloop
   endfacet
   facet normal -0.655876 0.29169 0.696235
      outer loop
         vertex -0.0080677 0.0831253 0.00613548
         vertex -0.00851526 0.0836502 0.00538458
         vertex -0.00959932 0.0813033 0.00494151
      endloop
   endfacet
   facet normal -0.260666 0.136438 0.95574
      outer loop
         vertex -0.00521429 0.0801301 0.00825692
         vertex -0.00684319 0.0818007 0.00737411
         vertex -0.00819426 0.0796684 0.00702318
      endloop
   endfacet
   facet normal -0.42882 0.20177 0.88057
      outer loop
         vertex -0.00684319 0.0818007 0.00737411
         vertex -0.00751117 0.0825093 0.00680184
         vertex -0.00877542 0.0802996 0.00641486
      endloop
   endfacet
   facet normal -0.140214 0.179407 0.973732
      outer loop
         vertex -0.00351732 0.0819995 0.00829449
         vertex -0.00523981 0.0837915 0.00753205
         vertex -0.00684319 0.0818007 0.00737411
      endloop
   endfacet
   facet normal -0.304222 0.237702 0.922468
      outer loop
         vertex -0.00523981 0.0837915 0.00753205
         vertex -0.00596306 0.0845653 0.00701549
         vertex -0.00751117 0.0825093 0.00680184
      endloop
   endfacet
   facet normal -0.543093 0.248728 0.801988
      outer loop
         vertex -0.00751117 0.0825093 0.00680184
         vertex -0.0080677 0.0831253 0.00613548
         vertex -0.00924314 0.0808439 0.00571397
      endloop
   endfacet
   facet normal -0.413609 0.291292 0.862599
      outer loop
         vertex -0.00596306 0.0845653 0.00701549
         vertex -0.00658302 0.0852455 0.00639674
         vertex -0.0080677 0.0831253 0.00613548
      endloop
   endfacet
   facet normal -0.911001 0.347792 0.221626
      outer loop
         vertex -0.00928455 0.0847188 0.00278664
         vertex -0.00940905 0.0850586 0.000932723
         vertex -0.0101302 0.0824831 0.000641618
      endloop
   endfacet
   facet normal -0.825433 0.342185 0.448965
      outer loop
         vertex -0.00886097 0.0840876 0.00456462
         vertex -0.00928455 0.0847188 0.00278664
         vertex -0.0101178 0.0822197 0.00239529
      endloop
   endfacet
   facet normal -0.525471 0.348212 0.776292
      outer loop
         vertex -0.00658302 0.0852455 0.00639674
         vertex -0.0071005 0.0858313 0.00568218
         vertex -0.00851526 0.0836502 0.00538458
      endloop
   endfacet
   facet normal -0.752073 0.323518 0.574214
      outer loop
         vertex -0.00851526 0.0836502 0.00538458
         vertex -0.00886097 0.0840876 0.00456462
         vertex -0.00985411 0.0816824 0.00411949
      endloop
   endfacet
   facet normal -0.6273 0.397778 0.669528
      outer loop
         vertex -0.0071005 0.0858313 0.00568218
         vertex -0.00751993 0.0863245 0.00488567
         vertex -0.00886097 0.0840876 0.00456462
      endloop
   endfacet
   facet normal -0.711602 0.434099 0.552432
      outer loop
         vertex -0.00751993 0.0863245 0.00488567
         vertex -0.00808871 0.0870505 0.0031186
         vertex -0.00928455 0.0847188 0.00278664
      endloop
   endfacet
   facet normal -0.823761 0.466921 0.321563
      outer loop
         vertex -0.00808871 0.0870505 0.0031186
         vertex -0.00833695 0.0874698 0.00123886
         vertex -0.00940905 0.0850586 0.000932723
      endloop
   endfacet
   facet normal -0.942505 0.304937 -0.136739
      outer loop
         vertex -0.00928116 0.0851358 -0.000900951
         vertex -0.0099339 0.082489 -0.0010858
         vertex -0.0101302 0.0824831 0.000641618
      endloop
   endfacet
   facet normal -0.89054 0.448661 -0.0751069
      outer loop
         vertex -0.00829811 0.0876286 -0.000648036
         vertex -0.00928116 0.0851358 -0.000900951
         vertex -0.00940905 0.0850586 0.000932723
      endloop
   endfacet
   facet normal -0.875481 0.140537 -0.462365
      outer loop
         vertex -0.00892667 0.0817599 -0.00433675
         vertex -0.0099339 0.082489 -0.0010858
         vertex -0.00891905 0.0849551 -0.00268088
      endloop
   endfacet
   facet normal -0.963909 0.193921 -0.182411
      outer loop
         vertex -0.0099339 0.082489 -0.0010858
         vertex -0.00928116 0.0851358 -0.000900951
         vertex -0.00891905 0.0849551 -0.00268088
      endloop
   endfacet
   facet normal -0.68952 0.0704835 -0.720829
      outer loop
         vertex -0.00701941 0.0800946 -0.00716535
         vertex -0.00892667 0.0817599 -0.00433675
         vertex -0.00747594 0.0837876 -0.00598382
      endloop
   endfacet
   facet normal -0.875481 0.140537 -0.462365
      outer loop
         vertex -0.00892667 0.0817599 -0.00433675
         vertex -0.00832126 0.0845072 -0.00438757
         vertex -0.00747594 0.0837876 -0.00598382
      endloop
   endfacet
   facet normal -0.871988 0.416213 -0.257687
      outer loop
         vertex -0.00799466 0.0875305 -0.00250169
         vertex -0.00891905 0.0849551 -0.00268088
         vertex -0.00928116 0.0851358 -0.000900951
      endloop
   endfacet
   facet normal -0.823976 0.36838 -0.430535
      outer loop
         vertex -0.00744234 0.0871505 -0.00429534
         vertex -0.00832126 0.0845072 -0.00438757
         vertex -0.00891905 0.0849551 -0.00268088
      endloop
   endfacet
   facet normal -0.742346 0.305721 -0.596203
      outer loop
         vertex -0.00663306 0.0864663 -0.00598106
         vertex -0.00747594 0.0837876 -0.00598382
         vertex -0.00832126 0.0845072 -0.00438757
      endloop
   endfacet
   facet normal -0.616261 0.232638 -0.752397
      outer loop
         vertex -0.00554311 0.0854837 -0.00747462
         vertex -0.00636357 0.0828125 -0.00740836
         vertex -0.00747594 0.0837876 -0.00598382
      endloop
   endfacet
   facet normal -0.553162 0.0322423 -0.832449
      outer loop
         vertex -0.00568251 0.0789675 -0.00830976
         vertex -0.00415365 0.0842594 -0.00866514
         vertex -0.00248567 0.0829015 -0.00946065
      endloop
   endfacet
   facet normal -0.905413 0.0802185 0.416885
      outer loop
         vertex -0.0100413 0.0784253 0.00507754
         vertex -0.0104481 0.0791367 0.00353917
         vertex -0.0102876 0.0772079 0.00454226
      endloop
   endfacet
   facet normal -0.977217 0.0908405 0.191818
      outer loop
         vertex -0.0104481 0.0791367 0.00353917
         vertex -0.0105761 0.0771546 0.00324645
         vertex -0.0104339 0.0771876 0.00404819
      endloop
   endfacet
   facet normal -0.977217 0.0908405 0.191818
      outer loop
         vertex -0.0104481 0.0791367 0.00353917
         vertex -0.0106936 0.0771952 0.00228111
         vertex -0.0106768 0.0771233 0.0024842
      endloop
   endfacet
   facet normal -0.994455 -0.00498348 0.105049
      outer loop
         vertex -0.0106768 0.0771233 0.0024842
         vertex -0.0105888 0.0771517 0.00317465
         vertex -0.0104481 0.0791367 0.00353917
      endloop
   endfacet
   facet normal -0.977217 0.0908405 0.191818
      outer loop
         vertex -0.0104481 0.0791367 0.00353917
         vertex -0.0105986 0.079584 0.00194443
         vertex -0.0107348 0.0773719 0.00178193
      endloop
   endfacet
   facet normal -0.99826 0.00898285 0.0582851
      outer loop
         vertex -0.0107348 0.0773719 0.00178193
         vertex -0.0106936 0.0771952 0.00228111
         vertex -0.0104481 0.0791367 0.00353917
      endloop
   endfacet
   facet normal -0.98902 -0.00342437 0.147744
      outer loop
         vertex -0.0105888 0.0771517 0.00317465
         vertex -0.0105761 0.0771546 0.00324645
         vertex -0.0104481 0.0791367 0.00353917
      endloop
   endfacet
   facet normal -0.979257 0.00813886 0.20246
      outer loop
         vertex -0.0104339 0.0771876 0.00404819
         vertex -0.0102876 0.0772079 0.00454226
         vertex -0.0104481 0.0791367 0.00353917
      endloop
   endfacet
   facet normal -0.993089 0.105346 0.0517368
      outer loop
         vertex -0.0105986 0.079584 0.00194443
         vertex -0.010739 0.0773816 0.00158159
         vertex -0.0107348 0.0773719 0.00178193
      endloop
   endfacet
   facet normal -0.737691 0.0331454 0.674324
      outer loop
         vertex -0.0092247 0.0774077 0.00640974
         vertex -0.0096855 0.077956 0.00578112
         vertex -0.0093047 0.0772813 0.0063255
      endloop
   endfacet
   facet normal -0.831014 0.0572722 0.553296
      outer loop
         vertex -0.0096855 0.077956 0.00578112
         vertex -0.00938233 0.077276 0.00619755
         vertex -0.0093047 0.0772813 0.0063255
      endloop
   endfacet
   facet normal -0.93132 0.0150087 0.363893
      outer loop
         vertex -0.0101931 0.0772211 0.00486123
         vertex -0.00938233 0.077276 0.00619755
         vertex -0.0096855 0.077956 0.00578112
      endloop
   endfacet
   facet normal -0.905413 0.0802185 0.416885
      outer loop
         vertex -0.0100413 0.0784253 0.00507754
         vertex -0.0102347 0.0772153 0.00472072
         vertex -0.0101931 0.0772211 0.00486123
      endloop
   endfacet
   facet normal -0.831014 0.0572722 0.553296
      outer loop
         vertex -0.0096855 0.077956 0.00578112
         vertex -0.0100413 0.0784253 0.00507754
         vertex -0.0101931 0.0772211 0.00486123
      endloop
   endfacet
   facet normal -0.649068 0.0946932 0.754814
      outer loop
         vertex -0.0087609 0.0785534 0.00675761
         vertex -0.00858659 0.0773044 0.00688692
         vertex -0.0078186 0.0773291 0.00748733
      endloop
   endfacet
   facet normal -0.649068 0.0946932 0.754814
      outer loop
         vertex -0.0087609 0.0785534 0.00675761
         vertex -0.0092247 0.0774077 0.00640974
         vertex -0.00911442 0.0772874 0.00647425
      endloop
   endfacet
   facet normal -0.720611 0.0294031 0.692716
      outer loop
         vertex -0.00911442 0.0772874 0.00647425
         vertex -0.00858659 0.0773044 0.00688692
         vertex -0.0087609 0.0785534 0.00675761
      endloop
   endfacet
   facet normal -0.4579 0.0371888 0.888226
      outer loop
         vertex -0.0078186 0.0773291 0.00748733
         vertex -0.00772216 0.0773308 0.00753049
         vertex -0.0087609 0.0785534 0.00675761
      endloop
   endfacet
   facet normal -0.384009 0.0651558 0.921028
      outer loop
         vertex -0.00672963 0.0781682 0.0079495
         vertex -0.00819426 0.0796684 0.00702318
         vertex -0.0087609 0.0785534 0.00675761
      endloop
   endfacet
   facet normal -0.649068 0.0946932 0.754814
      outer loop
         vertex -0.0087609 0.0785534 0.00675761
         vertex -0.00760769 0.0773329 0.00758172
         vertex -0.00672963 0.0781682 0.0079495
      endloop
   endfacet
   facet normal -0.384009 0.0651558 0.921028
      outer loop
         vertex -0.00672963 0.0781682 0.0079495
         vertex -0.00726043 0.0773393 0.00773714
         vertex -0.00617875 0.0773592 0.00822125
      endloop
   endfacet
   facet normal -0.260666 0.136438 0.95574
      outer loop
         vertex -0.00521429 0.0801301 0.00825692
         vertex -0.00672963 0.0781682 0.0079495
         vertex -0.00595229 0.077361 0.00826351
      endloop
   endfacet
   facet normal -0.347313 0.0602233 0.935813
      outer loop
         vertex -0.00595229 0.077361 0.00826351
         vertex -0.0032697 0.0773816 0.00876411
         vertex -0.00521429 0.0801301 0.00825692
      endloop
   endfacet
   facet normal -0.140214 0.179407 0.973732
      outer loop
         vertex -0.00351732 0.0819995 0.00829449
         vertex -0.00521429 0.0801301 0.00825692
         vertex -0.00260388 0.0773867 0.00888837
      endloop
   endfacet
   facet normal -0.150936 0.150755 0.976981
      outer loop
         vertex -0.00260388 0.0773867 0.00888837
         vertex -2.60209e-18 0.0774067 0.00937428
         vertex -2.29888e-18 0.0784588 0.00917528
      endloop
   endfacet
   facet normal -0.140214 0.179407 0.973732
      outer loop
         vertex -0.00351732 0.0819995 0.00829449
         vertex -3.51636e-19 0.085216 0.00789728
         vertex -0.00341715 0.0856402 0.00752937
      endloop
   endfacet
   facet normal -0.195641 0.250708 0.948088
      outer loop
         vertex -0.00341715 0.0856402 0.00752937
         vertex -3.51636e-19 0.085216 0.00789728
         vertex -1.73174e-19 0.0858352 0.00778015
      endloop
   endfacet
   facet normal -0.00158507 0.185669 0.982611
      outer loop
         vertex -1.73174e-19 0.0858352 0.00778015
         vertex -0.00142572 0.087327 0.00737296
         vertex -0.00341715 0.0856402 0.00752937
      endloop
   endfacet
   facet normal -0.101512 0.299668 0.948628
      outer loop
         vertex -0.00142572 0.087327 0.00737296
         vertex 0 0.0864362 0.00766649
         vertex -1.57539e-08 0.0875293 0.00738368
      endloop
   endfacet
   facet normal -0.101512 0.299668 0.948628
      outer loop
         vertex -0.00142572 0.087327 0.00737296
         vertex -1.73174e-19 0.0858352 0.00778015
         vertex 0 0.0864362 0.00766649
      endloop
   endfacet
   facet normal -0.254312 0.495331 0.830646
      outer loop
         vertex -0.00281116 0.0888896 0.00640582
         vertex 7.35777e-08 0.0882426 0.00699245
         vertex 2.38553e-07 0.0895597 0.00626993
      endloop
   endfacet
   facet normal -0.254312 0.495331 0.830646
      outer loop
         vertex -0.00281116 0.0888896 0.00640582
         vertex -0.00142572 0.087327 0.00737296
         vertex 7.35761e-08 0.0882425 0.00699245
      endloop
   endfacet
   facet normal -0.00429872 0.403804 0.914835
      outer loop
         vertex 7.35761e-08 0.0882425 0.00699245
         vertex 7.35777e-08 0.0882426 0.00699245
         vertex -0.00281116 0.0888896 0.00640582
      endloop
   endfacet
   facet normal -0.0450349 0.629653 0.77557
      outer loop
         vertex -0.000593064 0.0902181 0.00589877
         vertex 2.38553e-07 0.0895597 0.00626993
         vertex 2.38554e-07 0.0895597 0.00626992
      endloop
   endfacet
   facet normal 4.59383e-06 0.558977 0.829183
      outer loop
         vertex 2.38554e-07 0.0895597 0.00626992
         vertex 3.23946e-07 0.0902415 0.00589595
         vertex -0.000593064 0.0902181 0.00589877
      endloop
   endfacet
   facet normal -0.152467 0.77046 0.618987
      outer loop
         vertex -0.00157459 0.0913826 0.00459666
         vertex -0.000593064 0.0902181 0.00589877
         vertex 3.0842e-07 0.0904159 0.0056904
      endloop
   endfacet
   facet normal -0.00248257 0.656458 0.754359
      outer loop
         vertex 3.0842e-07 0.0904159 0.0056904
         vertex 1.91802e-07 0.0917261 0.00414651
         vertex -0.00157459 0.0913826 0.00459666
      endloop
   endfacet
   facet normal -0.242944 0.866167 0.43673
      outer loop
         vertex -0.00223656 0.0921907 0.00309538
         vertex -0.00157459 0.0913826 0.00459666
         vertex 1.91801e-07 0.0917261 0.00414651
      endloop
   endfacet
   facet normal 0.000222393 0.971711 0.236173
      outer loop
         vertex 3.55507e-08 0.0930339 0.0012733
         vertex -0.00260225 0.0926818 0.00153547
         vertex -0.00223656 0.0921907 0.00309538
      endloop
   endfacet
   facet normal -0.242944 0.866167 0.43673
      outer loop
         vertex -0.00223656 0.0921907 0.00309538
         vertex 1.45102e-07 0.0922508 0.00352826
         vertex 3.55507e-08 0.0930339 0.0012733
      endloop
   endfacet
   facet normal -0.297811 0.920099 0.254414
      outer loop
         vertex -0.00260225 0.0926818 0.00153547
         vertex 3.55502e-08 0.0930339 0.00127329
         vertex 0 0.093288 0.000541539
      endloop
   endfacet
   facet normal -0.000238045 0.989108 0.147188
      outer loop
         vertex 0 0.093288 0.000541539
         vertex -0.00137012 0.0932454 9.88528e-06
         vertex -0.00260225 0.0926818 0.00153547
      endloop
   endfacet
   facet normal -0.000238045 0.989108 0.147188
      outer loop
         vertex 0 0.093288 0.000541539
         vertex 2.80835e-13 0.0932661 -2.91353e-05
         vertex -0.00137012 0.0932454 9.88528e-06
      endloop
   endfacet
   facet normal -0.15296 0.984711 0.0833482
      outer loop
         vertex -0.00137012 0.0932454 9.88528e-06
         vertex 2.80835e-13 0.0932661 -2.91353e-05
         vertex 1.55443e-12 0.0931663 -0.00261716
      endloop
   endfacet
   facet normal 0.000179973 0.974834 -0.222933
      outer loop
         vertex 1.55443e-12 0.0931663 -0.00261716
         vertex -0.000857495 0.0931001 -0.002763
         vertex -0.00137012 0.0932454 9.88528e-06
      endloop
   endfacet
   facet normal -0.157445 0.882343 -0.443489
      outer loop
         vertex -0.00156263 0.0923685 -0.0045146
         vertex -0.00215286 0.0928226 -0.0030077
         vertex -0.000857495 0.0931001 -0.002763
      endloop
   endfacet
   facet normal -0.0783744 0.968437 -0.236616
      outer loop
         vertex -0.000857495 0.0931001 -0.002763
         vertex 8.10153e-13 0.0925469 -0.00403761
         vertex -0.00156263 0.0923685 -0.0045146
      endloop
   endfacet
   facet normal -0.0526369 0.791427 -0.608993
      outer loop
         vertex -0.000703673 0.0915949 -0.00591045
         vertex -0.00156263 0.0923685 -0.0045146
         vertex 3.62139e-14 0.0919028 -0.00551466
      endloop
   endfacet
   facet normal -0.157445 0.882343 -0.443489
      outer loop
         vertex -0.00156263 0.0923685 -0.0045146
         vertex 8.10153e-13 0.0925469 -0.00403761
         vertex 3.62139e-14 0.0919028 -0.00551466
      endloop
   endfacet
   facet normal -0.19611 0.719164 -0.666592
      outer loop
         vertex -0.00186125 0.0910173 -0.006379
         vertex 2.14233e-08 0.0909659 -0.00645499
         vertex 3.93774e-08 0.0901807 -0.00724304
      endloop
   endfacet
   facet normal -0.19611 0.719164 -0.666592
      outer loop
         vertex -0.00186125 0.0910173 -0.006379
         vertex -0.000703673 0.0915949 -0.00591045
         vertex 2.14233e-08 0.0909659 -0.00645499
      endloop
   endfacet
   facet normal -2.68422e-05 0.56568 -0.824625
      outer loop
         vertex 5.09109e-08 0.0896763 -0.00774928
         vertex -0.00161668 0.089019 -0.00801141
         vertex -0.000643926 0.0898946 -0.00757423
      endloop
   endfacet
   facet normal -0.053944 0.59064 -0.80513
      outer loop
         vertex -0.000643926 0.0898946 -0.00757423
         vertex 3.93774e-08 0.0901807 -0.00724304
         vertex 5.09109e-08 0.0896763 -0.00774928
      endloop
   endfacet
   facet normal -0.341264 0.280056 -0.897278
      outer loop
         vertex -0.00309907 0.0867808 -0.00851435
         vertex -0.00161668 0.089019 -0.00801141
         vertex 1.65753e-08 0.0877209 -0.00860967
      endloop
   endfacet
   facet normal -0.00829039 0.342627 -0.939435
      outer loop
         vertex 1.65753e-08 0.0877209 -0.00860967
         vertex 1.34315e-08 0.0875419 -0.00868845
         vertex -0.00309907 0.0867808 -0.00851435
      endloop
   endfacet
   facet normal -0.111275 0.190707 -0.97532
      outer loop
         vertex -0.00142086 0.0854074 -0.00924563
         vertex 1.34315e-08 0.0875419 -0.00868845
         vertex 0 0.0867769 -0.00902501
      endloop
   endfacet
   facet normal -0.226304 0.11755 -0.966938
      outer loop
         vertex -0.00248567 0.0829015 -0.00946065
         vertex -0.00142086 0.0854074 -0.00924563
         vertex -8.294e-18 0.0844963 -0.00923847
      endloop
   endfacet
   facet normal -0.0103944 0.166467 -0.985992
      outer loop
         vertex -8.294e-18 0.0844963 -0.00923847
         vertex -2.03725e-17 0.081175 -0.00954933
         vertex -0.000626131 0.081516 -0.00984908
      endloop
   endfacet
   facet normal -0.162305 -0.0380064 -0.986008
      outer loop
         vertex -0.0017194 0.0766239 -0.00965824
         vertex -0.000626131 0.081516 -0.00984908
         vertex -2.03725e-17 0.081175 -0.00954933
      endloop
   endfacet
   facet normal -0.0120917 0.0794872 -0.996763
      outer loop
         vertex -2.03725e-17 0.081175 -0.00954933
         vertex -3.69713e-17 0.0766108 -0.00997653
         vertex -0.0017194 0.0766239 -0.00965824
      endloop
   endfacet
   facet normal -0.0433319 0.0870324 -0.995263
      outer loop
         vertex -0.000626131 0.081516 -0.00984908
         vertex -0.00272593 0.0766316 -0.00947192
         vertex -0.00411118 0.0777058 -0.00917542
      endloop
   endfacet
   facet normal -0.0433319 0.0870324 -0.995263
      outer loop
         vertex -0.000626131 0.081516 -0.00984908
         vertex -0.00225724 0.076628 -0.00955868
         vertex -0.00272593 0.0766316 -0.00947192
      endloop
   endfacet
   facet normal -0.391552 -0.00537439 -0.92014
      outer loop
         vertex -0.00411118 0.0777058 -0.00917542
         vertex -0.00272593 0.0766316 -0.00947192
         vertex -0.00385634 0.0766402 -0.00926266
      endloop
   endfacet
   facet normal -0.358201 -0.0216147 -0.933394
      outer loop
         vertex -0.00385634 0.0766402 -0.00926266
         vertex -0.00424874 0.07665 -0.00902443
         vertex -0.00411118 0.0777058 -0.00917542
      endloop
   endfacet
   facet normal -0.578785 0.0145737 -0.81535
      outer loop
         vertex -0.00615369 0.0766976 -0.00786791
         vertex -0.00568251 0.0789675 -0.00830976
         vertex -0.00411118 0.0777058 -0.00917542
      endloop
   endfacet
   facet normal -0.68952 0.0704835 -0.720829
      outer loop
         vertex -0.00701941 0.0800946 -0.00716535
         vertex -0.00644807 0.0767049 -0.00768918
         vertex -0.00714551 0.0767223 -0.00726575
      endloop
   endfacet
   facet normal -0.662332 0.0306909 -0.748582
      outer loop
         vertex -0.00714551 0.0767223 -0.00726575
         vertex -0.00759728 0.0767465 -0.00667848
         vertex -0.00701941 0.0800946 -0.00716535
      endloop
   endfacet
   facet normal -0.604657 0.0193673 -0.796251
      outer loop
         vertex -0.00644807 0.0767049 -0.00768918
         vertex -0.00636357 0.0828125 -0.00740836
         vertex -0.00568251 0.0789675 -0.00830976
      endloop
   endfacet
   facet normal -0.437717 0.163676 -0.884089
      outer loop
         vertex -0.00415365 0.0842594 -0.00866514
         vertex -0.00568251 0.0789675 -0.00830976
         vertex -0.00636357 0.0828125 -0.00740836
      endloop
   endfacet
   facet normal -0.660975 0.131312 -0.73883
      outer loop
         vertex -0.00636357 0.0828125 -0.00740836
         vertex -0.00554311 0.0854837 -0.00747462
         vertex -0.00415365 0.0842594 -0.00866514
      endloop
   endfacet
   facet normal -0.553162 0.0322423 -0.832449
      outer loop
         vertex -0.00568251 0.0789675 -0.00830976
         vertex -0.00615369 0.0766976 -0.00786791
         vertex -0.00644807 0.0767049 -0.00768918
      endloop
   endfacet
   facet normal -0.887766 0.0733889 -0.454407
      outer loop
         vertex -0.00959078 0.076853 -0.00408706
         vertex -0.00892667 0.0817599 -0.00433675
         vertex -0.00701941 0.0800946 -0.00716535
      endloop
   endfacet
   facet normal -0.957722 0.0706592 -0.278883
      outer loop
         vertex -0.0101862 0.0769323 -0.00214675
         vertex -0.0104406 0.0769672 -0.00129105
         vertex -0.0103351 0.0797382 -0.00123082
      endloop
   endfacet
   facet normal -0.875481 0.140537 -0.462365
      outer loop
         vertex -0.00892667 0.0817599 -0.00433675
         vertex -0.00962076 0.0768546 -0.00404809
         vertex -0.0101862 0.0769323 -0.00214675
      endloop
   endfacet
   facet normal -0.875481 0.140537 -0.462365
      outer loop
         vertex -0.00892667 0.0817599 -0.00433675
         vertex -0.00959078 0.076853 -0.00408706
         vertex -0.00962076 0.0768546 -0.00404809
      endloop
   endfacet
   facet normal -0.957722 0.0706592 -0.278883
      outer loop
         vertex -0.0101862 0.0769323 -0.00214675
         vertex -0.0099339 0.082489 -0.0010858
         vertex -0.00892667 0.0817599 -0.00433675
      endloop
   endfacet
   facet normal -0.993089 0.105346 0.0517368
      outer loop
         vertex -0.0105986 0.079584 0.00194443
         vertex -0.0103351 0.0797382 -0.00123082
         vertex -0.0107556 0.07742 0.000780275
      endloop
   endfacet
   facet normal -0.99933 0.034368 -0.0126095
      outer loop
         vertex -0.0107556 0.07742 0.000780275
         vertex -0.0107482 0.0774028 0.00113759
         vertex -0.0105986 0.079584 0.00194443
      endloop
   endfacet
   facet normal -0.971516 0.114553 -0.207445
      outer loop
         vertex -0.0103351 0.0797382 -0.00123082
         vertex -0.0107193 0.0771411 -0.000169215
         vertex -0.0107257 0.0771902 -1.86305e-06
      endloop
   endfacet
   facet normal -0.971516 0.114553 -0.207445
      outer loop
         vertex -0.0103351 0.0797382 -0.00123082
         vertex -0.0104406 0.0769672 -0.00129105
         vertex -0.0106989 0.0770027 -0.000422769
      endloop
   endfacet
   facet normal -0.992655 0.0413953 -0.113673
      outer loop
         vertex -0.0106989 0.0770027 -0.000422769
         vertex -0.0107193 0.0771411 -0.000169215
         vertex -0.0103351 0.0797382 -0.00123082
      endloop
   endfacet
   facet normal -0.996231 0.0409196 -0.0764809
      outer loop
         vertex -0.0107257 0.0771902 -1.86305e-06
         vertex -0.0107556 0.07742 0.000780275
         vertex -0.0103351 0.0797382 -0.00123082
      endloop
   endfacet
   facet normal -0.999636 0.0246448 0.0109948
      outer loop
         vertex -0.0107482 0.0774028 0.00113759
         vertex -0.010739 0.0773816 0.00158159
         vertex -0.0105986 0.079584 0.00194443
      endloop
   endfacet
   facet normal -0.971516 0.114553 -0.207445
      outer loop
         vertex -0.0103351 0.0797382 -0.00123082
         vertex -0.0099339 0.082489 -0.0010858
         vertex -0.0101862 0.0769323 -0.00214675
      endloop
   endfacet
   facet normal -0.68952 0.0704835 -0.720829
      outer loop
         vertex -0.00701941 0.0800946 -0.00716535
         vertex -0.00759728 0.0767465 -0.00667848
         vertex -0.00959078 0.076853 -0.00408706
      endloop
   endfacet
   facet normal -0.68952 0.0704835 -0.720829
      outer loop
         vertex -0.00701941 0.0800946 -0.00716535
         vertex -0.00636357 0.0828125 -0.00740836
         vertex -0.00644807 0.0767049 -0.00768918
      endloop
   endfacet
   facet normal -0.391552 -0.00537439 -0.92014
      outer loop
         vertex -0.00411118 0.0777058 -0.00917542
         vertex -0.00436606 0.0766529 -0.0089532
         vertex -0.00615369 0.0766976 -0.00786791
      endloop
   endfacet
   facet normal -0.397187 -0.0165425 -0.917588
      outer loop
         vertex -0.00424874 0.07665 -0.00902443
         vertex -0.00436606 0.0766529 -0.0089532
         vertex -0.00411118 0.0777058 -0.00917542
      endloop
   endfacet
   facet normal -0.391552 -0.00537439 -0.92014
      outer loop
         vertex -0.00411118 0.0777058 -0.00917542
         vertex -0.00248567 0.0829015 -0.00946065
         vertex -0.000626131 0.081516 -0.00984908
      endloop
   endfacet
   facet normal -0.162305 -0.0380064 -0.986008
      outer loop
         vertex -0.0017194 0.0766239 -0.00965824
         vertex -0.00225724 0.076628 -0.00955868
         vertex -0.000626131 0.081516 -0.00984908
      endloop
   endfacet
   facet normal -0.0103944 0.166467 -0.985992
      outer loop
         vertex -8.294e-18 0.0844963 -0.00923847
         vertex -0.000626131 0.081516 -0.00984908
         vertex -0.00248567 0.0829015 -0.00946065
      endloop
   endfacet
   facet normal 4.24789e-05 0.226977 -0.9739
      outer loop
         vertex 0 0.0867769 -0.00902501
         vertex -8.294e-18 0.0844963 -0.00923847
         vertex -0.00142086 0.0854074 -0.00924563
      endloop
   endfacet
   facet normal -0.00742138 0.320765 -0.94713
      outer loop
         vertex 1.34315e-08 0.0875419 -0.00868845
         vertex -0.00142086 0.0854074 -0.00924563
         vertex -0.00309907 0.0867808 -0.00851435
      endloop
   endfacet
   facet normal -2.68422e-05 0.56568 -0.824625
      outer loop
         vertex 5.09109e-08 0.0896763 -0.00774928
         vertex 1.65753e-08 0.0877209 -0.00860967
         vertex -0.00161668 0.089019 -0.00801141
      endloop
   endfacet
   facet normal -0.00602147 0.633364 -0.773831
      outer loop
         vertex 3.93774e-08 0.0901807 -0.00724304
         vertex -0.000643926 0.0898946 -0.00757423
         vertex -0.00186125 0.0910173 -0.006379
      endloop
   endfacet
   facet normal -0.0076071 0.728713 -0.684777
      outer loop
         vertex 2.14233e-08 0.0909659 -0.00645499
         vertex -0.000703673 0.0915949 -0.00591045
         vertex 2.5123e-09 0.0917929 -0.00562493
      endloop
   endfacet
   facet normal -6.92691e-05 0.826684 -0.562666
      outer loop
         vertex 3.62139e-14 0.0919028 -0.00551466
         vertex 2.5123e-09 0.0917929 -0.00562493
         vertex -0.000703673 0.0915949 -0.00591045
      endloop
   endfacet
   facet normal -0.0783744 0.968437 -0.236616
      outer loop
         vertex -0.000857495 0.0931001 -0.002763
         vertex 1.54628e-12 0.0931596 -0.00263272
         vertex 8.10153e-13 0.0925469 -0.00403761
      endloop
   endfacet
   facet normal 0.000179973 0.974834 -0.222933
      outer loop
         vertex 1.55443e-12 0.0931663 -0.00261716
         vertex 1.54628e-12 0.0931596 -0.00263272
         vertex -0.000857495 0.0931001 -0.002763
      endloop
   endfacet
   facet normal -0.15296 0.984711 0.0833482
      outer loop
         vertex -0.00137012 0.0932454 9.88528e-06
         vertex -0.00268679 0.0929301 2.05552e-06
         vertex -0.00260225 0.0926818 0.00153547
      endloop
   endfacet
   facet normal 0.000222393 0.971711 0.236173
      outer loop
         vertex 3.55507e-08 0.0930339 0.0012733
         vertex 3.55502e-08 0.0930339 0.00127329
         vertex -0.00260225 0.0926818 0.00153547
      endloop
   endfacet
   facet normal -0.00769101 0.815839 0.578228
      outer loop
         vertex 1.91801e-07 0.0917261 0.00414651
         vertex 1.45102e-07 0.0922508 0.00352826
         vertex -0.00223656 0.0921907 0.00309538
      endloop
   endfacet
   facet normal 1.05014e-05 0.816489 0.577361
      outer loop
         vertex 1.91802e-07 0.0917261 0.00414651
         vertex 1.91801e-07 0.0917261 0.00414651
         vertex -0.00157459 0.0913826 0.00459666
      endloop
   endfacet
   facet normal -2.48128e-05 0.631938 0.775019
      outer loop
         vertex 3.23946e-07 0.0902415 0.00589595
         vertex 3.0842e-07 0.0904159 0.0056904
         vertex -0.000593064 0.0902181 0.00589877
      endloop
   endfacet
   facet normal -0.00440083 0.558014 0.82982
      outer loop
         vertex 2.38553e-07 0.0895597 0.00626993
         vertex -0.000593064 0.0902181 0.00589877
         vertex -0.00281116 0.0888896 0.00640582
      endloop
   endfacet
   facet normal 1.63628e-05 0.314018 0.949417
      outer loop
         vertex -1.57539e-08 0.0875293 0.00738368
         vertex 7.35761e-08 0.0882425 0.00699245
         vertex -0.00142572 0.087327 0.00737296
      endloop
   endfacet
   facet normal -0.195641 0.250708 0.948088
      outer loop
         vertex -0.00341715 0.0856402 0.00752937
         vertex -0.00523981 0.0837915 0.00753205
         vertex -0.00351732 0.0819995 0.00829449
      endloop
   endfacet
   facet normal -0.00296075 0.185846 0.982574
      outer loop
         vertex -3.51636e-19 0.085216 0.00789728
         vertex -0.00351732 0.0819995 0.00829449
         vertex -2.29888e-18 0.0784588 0.00917528
      endloop
   endfacet
   facet normal -0.150936 0.150755 0.976981
      outer loop
         vertex -0.00260388 0.0773867 0.00888837
         vertex -2.29888e-18 0.0784588 0.00917528
         vertex -0.00351732 0.0819995 0.00829449
      endloop
   endfacet
   facet normal -0.192553 0.132408 0.972313
      outer loop
         vertex -0.0032697 0.0773816 0.00876411
         vertex -0.00260388 0.0773867 0.00888837
         vertex -0.00521429 0.0801301 0.00825692
      endloop
   endfacet
   facet normal -0.36063 0.0550385 0.931084
      outer loop
         vertex -0.00617875 0.0773592 0.00822125
         vertex -0.00595229 0.077361 0.00826351
         vertex -0.00672963 0.0781682 0.0079495
      endloop
   endfacet
   facet normal -0.444491 0.0386536 0.894949
      outer loop
         vertex -0.00760769 0.0773329 0.00758172
         vertex -0.00726043 0.0773393 0.00773714
         vertex -0.00672963 0.0781682 0.0079495
      endloop
   endfacet
   facet normal -0.449561 0.0382296 0.892431
      outer loop
         vertex -0.00772216 0.0773308 0.00753049
         vertex -0.00760769 0.0773329 0.00758172
         vertex -0.0087609 0.0785534 0.00675761
      endloop
   endfacet
   facet normal -0.720611 0.0294031 0.692716
      outer loop
         vertex -0.00911442 0.0772874 0.00647425
         vertex -0.0092247 0.0774077 0.00640974
         vertex -0.0092587 0.0772828 0.00636145
      endloop
   endfacet
   facet normal -0.753705 0.0269868 0.656658
      outer loop
         vertex -0.0093047 0.0772813 0.0063255
         vertex -0.0092587 0.0772828 0.00636145
         vertex -0.0092247 0.0774077 0.00640974
      endloop
   endfacet
   facet normal -0.953534 0.0124688 0.301027
      outer loop
         vertex -0.0102876 0.0772079 0.00454226
         vertex -0.0102347 0.0772153 0.00472072
         vertex -0.0100413 0.0784253 0.00507754
      endloop
   endfacet
   facet normal -0.226304 0.11755 -0.966938
      outer loop
         vertex -0.00248567 0.0829015 -0.00946065
         vertex -0.00411118 0.0777058 -0.00917542
         vertex -0.00568251 0.0789675 -0.00830976
      endloop
   endfacet
   facet normal -0.777613 0.183726 -0.601301
      outer loop
         vertex -0.00747594 0.0837876 -0.00598382
         vertex -0.00663306 0.0864663 -0.00598106
         vertex -0.00554311 0.0854837 -0.00747462
      endloop
   endfacet
   facet normal -0.860059 0.232346 -0.454219
      outer loop
         vertex -0.00832126 0.0845072 -0.00438757
         vertex -0.00744234 0.0871505 -0.00429534
         vertex -0.00663306 0.0864663 -0.00598106
      endloop
   endfacet
   facet normal -0.914275 0.272982 -0.299304
      outer loop
         vertex -0.00891905 0.0849551 -0.00268088
         vertex -0.00799466 0.0875305 -0.00250169
         vertex -0.00744234 0.0871505 -0.00429534
      endloop
   endfacet
   facet normal -0.942505 0.304937 -0.136739
      outer loop
         vertex -0.00928116 0.0851358 -0.000900951
         vertex -0.00829811 0.0876286 -0.000648036
         vertex -0.00799466 0.0875305 -0.00250169
      endloop
   endfacet
   facet normal -0.777613 0.183726 -0.601301
      outer loop
         vertex -0.00747594 0.0837876 -0.00598382
         vertex -0.00636357 0.0828125 -0.00740836
         vertex -0.00701941 0.0800946 -0.00716535
      endloop
   endfacet
   facet normal -0.914275 0.272982 -0.299304
      outer loop
         vertex -0.00891905 0.0849551 -0.00268088
         vertex -0.00832126 0.0845072 -0.00438757
         vertex -0.00892667 0.0817599 -0.00433675
      endloop
   endfacet
   facet normal -0.943271 0.330361 0.0331921
      outer loop
         vertex -0.00940905 0.0850586 0.000932723
         vertex -0.00833695 0.0874698 0.00123886
         vertex -0.00829811 0.0876286 -0.000648036
      endloop
   endfacet
   facet normal -0.976442 0.212651 -0.0366134
      outer loop
         vertex -0.0101302 0.0824831 0.000641618
         vertex -0.00940905 0.0850586 0.000932723
         vertex -0.00928116 0.0851358 -0.000900951
      endloop
   endfacet
   facet normal -0.943271 0.330361 0.0331921
      outer loop
         vertex -0.00940905 0.0850586 0.000932723
         vertex -0.00928455 0.0847188 0.00278664
         vertex -0.00808871 0.0870505 0.0031186
      endloop
   endfacet
   facet normal -0.911001 0.347792 0.221626
      outer loop
         vertex -0.00928455 0.0847188 0.00278664
         vertex -0.00886097 0.0840876 0.00456462
         vertex -0.00751993 0.0863245 0.00488567
      endloop
   endfacet
   facet normal -0.825433 0.342185 0.448965
      outer loop
         vertex -0.00886097 0.0840876 0.00456462
         vertex -0.00851526 0.0836502 0.00538458
         vertex -0.0071005 0.0858313 0.00568218
      endloop
   endfacet
   facet normal -0.917829 0.231793 0.322276
      outer loop
         vertex -0.00985411 0.0816824 0.00411949
         vertex -0.00959932 0.0813033 0.00494151
         vertex -0.00851526 0.0836502 0.00538458
      endloop
   endfacet
   facet normal -0.752073 0.323518 0.574214
      outer loop
         vertex -0.00851526 0.0836502 0.00538458
         vertex -0.0080677 0.0831253 0.00613548
         vertex -0.00658302 0.0852455 0.00639674
      endloop
   endfacet
   facet normal -0.966513 0.226367 0.120877
      outer loop
         vertex -0.0101178 0.0822197 0.00239529
         vertex -0.00985411 0.0816824 0.00411949
         vertex -0.00886097 0.0840876 0.00456462
      endloop
   endfacet
   facet normal -0.976442 0.212651 -0.0366134
      outer loop
         vertex -0.0101302 0.0824831 0.000641618
         vertex -0.0101178 0.0822197 0.00239529
         vertex -0.00928455 0.0847188 0.00278664
      endloop
   endfacet
   facet normal -0.655876 0.29169 0.696235
      outer loop
         vertex -0.0080677 0.0831253 0.00613548
         vertex -0.00751117 0.0825093 0.00680184
         vertex -0.00596306 0.0845653 0.00701549
      endloop
   endfacet
   facet normal -0.788232 0.20892 0.578828
      outer loop
         vertex -0.00924314 0.0808439 0.00571397
         vertex -0.00877542 0.0802996 0.00641486
         vertex -0.00751117 0.0825093 0.00680184
      endloop
   endfacet
   facet normal -0.543093 0.248728 0.801988
      outer loop
         vertex -0.00751117 0.0825093 0.00680184
         vertex -0.00684319 0.0818007 0.00737411
         vertex -0.00523981 0.0837915 0.00753205
      endloop
   endfacet
   facet normal -0.42882 0.20177 0.88057
      outer loop
         vertex -0.00684319 0.0818007 0.00737411
         vertex -0.00521429 0.0801301 0.00825692
         vertex -0.00351732 0.0819995 0.00829449
      endloop
   endfacet
   facet normal -0.684266 0.179786 0.706723
      outer loop
         vertex -0.00877542 0.0802996 0.00641486
         vertex -0.00819426 0.0796684 0.00702318
         vertex -0.00684319 0.0818007 0.00737411
      endloop
   endfacet
   facet normal -0.563345 0.140699 0.814154
      outer loop
         vertex -0.00819426 0.0796684 0.00702318
         vertex -0.00672963 0.0781682 0.0079495
         vertex -0.00521429 0.0801301 0.00825692
      endloop
   endfacet
   facet normal -0.866079 0.225861 0.445975
      outer loop
         vertex -0.00959932 0.0813033 0.00494151
         vertex -0.00924314 0.0808439 0.00571397
         vertex -0.0080677 0.0831253 0.00613548
      endloop
   endfacet
   facet normal -0.866079 0.225861 0.445975
      outer loop
         vertex -0.00959932 0.0813033 0.00494151
         vertex -0.00985411 0.0816824 0.00411949
         vertex -0.0102069 0.0804245 0.00384317
      endloop
   endfacet
   facet normal -0.952965 0.165412 0.253961
      outer loop
         vertex -0.0102069 0.0804245 0.00384317
         vertex -0.00985411 0.0816824 0.00411949
         vertex -0.0101178 0.0822197 0.00239529
      endloop
   endfacet
   facet normal -0.976442 0.212651 -0.0366134
      outer loop
         vertex -0.0101302 0.0824831 0.000641618
         vertex -0.0099339 0.082489 -0.0010858
         vertex -0.0103351 0.0797382 -0.00123082
      endloop
   endfacet
   facet normal -0.977217 0.0908405 0.191818
      outer loop
         vertex -0.0104481 0.0791367 0.00353917
         vertex -0.0100413 0.0784253 0.00507754
         vertex -0.00969836 0.07965 0.00542334
      endloop
   endfacet
   facet normal -0.851491 0.150803 0.502217
      outer loop
         vertex -0.00969836 0.07965 0.00542334
         vertex -0.00928436 0.0791435 0.00613382
         vertex -0.00877542 0.0802996 0.00641486
      endloop
   endfacet
   facet normal -0.905413 0.0802185 0.416885
      outer loop
         vertex -0.0100413 0.0784253 0.00507754
         vertex -0.0096855 0.077956 0.00578112
         vertex -0.00928436 0.0791435 0.00613382
      endloop
   endfacet
   facet normal -0.761063 0.126076 0.636308
      outer loop
         vertex -0.00928436 0.0791435 0.00613382
         vertex -0.0087609 0.0785534 0.00675761
         vertex -0.00819426 0.0796684 0.00702318
      endloop
   endfacet
   facet normal -0.831014 0.0572722 0.553296
      outer loop
         vertex -0.0096855 0.077956 0.00578112
         vertex -0.0092247 0.0774077 0.00640974
         vertex -0.0087609 0.0785534 0.00675761
      endloop
   endfacet
   facet normal -0.464578 0.882485 0.0733979
      outer loop
         vertex -0.00391426 0.092413 -4.96476e-05
         vertex -0.00503025 0.0917133 -0.000132815
         vertex -0.0049474 0.0914508 0.00161253
      endloop
   endfacet
   facet normal -0.242944 0.866167 0.43673
      outer loop
         vertex -0.00223656 0.0921907 0.00309538
         vertex -0.00456374 0.0909436 0.00335648
         vertex -0.00385927 0.0901075 0.00500582
      endloop
   endfacet
   facet normal -0.242944 0.866167 0.43673
      outer loop
         vertex -0.00223656 0.0921907 0.00309538
         vertex -0.00260225 0.0926818 0.00153547
         vertex -0.0049474 0.0914508 0.00161253
      endloop
   endfacet
   facet normal -0.704634 0.709119 0.0253241
      outer loop
         vertex -0.0060233 0.0908593 -0.000237677
         vertex -0.00689565 0.0898777 -0.000363215
         vertex -0.00685772 0.0896495 0.00150379
      endloop
   endfacet
   facet normal -0.846462 0.530863 -0.0410663
      outer loop
         vertex -0.00765256 0.0887928 -0.000504159
         vertex -0.00829811 0.0876286 -0.000648036
         vertex -0.00833695 0.0874698 0.00123886
      endloop
   endfacet
   facet normal -0.509401 0.73783 0.442852
      outer loop
         vertex -0.00456374 0.0909436 0.00335648
         vertex -0.0049474 0.0914508 0.00161253
         vertex -0.00685772 0.0896495 0.00150379
      endloop
   endfacet
   facet normal -0.400986 0.645353 0.650177
      outer loop
         vertex -0.00385927 0.0901075 0.00500582
         vertex -0.00456374 0.0909436 0.00335648
         vertex -0.00651717 0.0891638 0.00334498
      endloop
   endfacet
   facet normal -0.647695 0.478275 0.59308
      outer loop
         vertex -0.00672387 0.0873705 0.00499791
         vertex -0.00573351 0.0862394 0.00647454
         vertex -0.00481775 0.087184 0.00651236
      endloop
   endfacet
   facet normal -0.647695 0.478275 0.59308
      outer loop
         vertex -0.00672387 0.0873705 0.00499791
         vertex -0.0058466 0.0883588 0.00506616
         vertex -0.00651717 0.0891638 0.00334498
      endloop
   endfacet
   facet normal -0.254312 0.495331 0.830646
      outer loop
         vertex -0.00281116 0.0888896 0.00640582
         vertex -0.00385927 0.0901075 0.00500582
         vertex -0.0058466 0.0883588 0.00506616
      endloop
   endfacet
   facet normal -0.696268 0.59438 0.402398
      outer loop
         vertex -0.00651717 0.0891638 0.00334498
         vertex -0.00685772 0.0896495 0.00150379
         vertex -0.00833695 0.0874698 0.00123886
      endloop
   endfacet
   facet normal -0.152467 0.77046 0.618987
      outer loop
         vertex -0.00157459 0.0913826 0.00459666
         vertex -0.00385927 0.0901075 0.00500582
         vertex -0.00281116 0.0888896 0.00640582
      endloop
   endfacet
   facet normal -0.101512 0.299668 0.948628
      outer loop
         vertex -0.00142572 0.087327 0.00737296
         vertex -0.00281116 0.0888896 0.00640582
         vertex -0.00481775 0.087184 0.00651236
      endloop
   endfacet
   facet normal -0.413609 0.291292 0.862599
      outer loop
         vertex -0.00596306 0.0845653 0.00701549
         vertex -0.00523981 0.0837915 0.00753205
         vertex -0.00341715 0.0856402 0.00752937
      endloop
   endfacet
   facet normal -0.6273 0.397778 0.669528
      outer loop
         vertex -0.0071005 0.0858313 0.00568218
         vertex -0.00658302 0.0852455 0.00639674
         vertex -0.00573351 0.0862394 0.00647454
      endloop
   endfacet
   facet normal -0.0526369 0.791427 -0.608993
      outer loop
         vertex -0.000703673 0.0915949 -0.00591045
         vertex -0.00186125 0.0910173 -0.006379
         vertex -0.00273866 0.0918296 -0.00489671
      endloop
   endfacet
   facet normal -0.157445 0.882343 -0.443489
      outer loop
         vertex -0.00156263 0.0923685 -0.0045146
         vertex -0.00273866 0.0918296 -0.00489671
         vertex -0.00335258 0.0923053 -0.00328852
      endloop
   endfacet
   facet normal -0.19611 0.719164 -0.666592
      outer loop
         vertex -0.00186125 0.0910173 -0.006379
         vertex -0.00286838 0.0901933 -0.00678161
         vertex -0.00378314 0.091054 -0.00524509
      endloop
   endfacet
   facet normal -0.407244 0.865256 -0.292379
      outer loop
         vertex -0.00335258 0.0923053 -0.00328852
         vertex -0.00442874 0.0915667 -0.00356681
         vertex -0.00484495 0.0917657 -0.0018547
      endloop
   endfacet
   facet normal -0.451658 0.886235 -0.10292
      outer loop
         vertex -0.00374318 0.0924761 -0.00167035
         vertex -0.00391426 0.092413 -4.96476e-05
         vertex -0.00268679 0.0929301 2.05552e-06
      endloop
   endfacet
   facet normal -0.322435 0.813914 -0.483302
      outer loop
         vertex -0.00273866 0.0918296 -0.00489671
         vertex -0.00378314 0.091054 -0.00524509
         vertex -0.00442874 0.0915667 -0.00356681
      endloop
   endfacet
   facet normal -0.15296 0.984711 0.0833482
      outer loop
         vertex -0.00137012 0.0932454 9.88528e-06
         vertex -0.000857495 0.0931001 -0.002763
         vertex -0.00215286 0.0928226 -0.0030077
      endloop
   endfacet
   facet normal -0.053944 0.59064 -0.80513
      outer loop
         vertex -0.000643926 0.0898946 -0.00757423
         vertex -0.00161668 0.089019 -0.00801141
         vertex -0.00286838 0.0901933 -0.00678161
      endloop
   endfacet
   facet normal -0.111275 0.190707 -0.97532
      outer loop
         vertex -0.00142086 0.0854074 -0.00924563
         vertex -0.00248567 0.0829015 -0.00946065
         vertex -0.00415365 0.0842594 -0.00866514
      endloop
   endfacet
   facet normal -0.171461 0.485356 -0.857339
      outer loop
         vertex -0.00161668 0.089019 -0.00801141
         vertex -0.00309907 0.0867808 -0.00851435
         vertex -0.00443641 0.088017 -0.007299
      endloop
   endfacet
   facet normal -0.34331 0.614411 -0.710378
      outer loop
         vertex -0.00286838 0.0901933 -0.00678161
         vertex -0.00443641 0.088017 -0.007299
         vertex -0.0054489 0.0889655 -0.00575136
      endloop
   endfacet
   facet normal -0.550798 0.768104 -0.326554
      outer loop
         vertex -0.00442874 0.0915667 -0.00356681
         vertex -0.00537088 0.0906433 -0.00381627
         vertex -0.00581774 0.0908841 -0.00203941
      endloop
   endfacet
   facet normal -0.660804 0.659025 -0.359201
      outer loop
         vertex -0.00537088 0.0906433 -0.00381627
         vertex -0.0061803 0.0895756 -0.00402334
         vertex -0.00666226 0.0898645 -0.00221313
      endloop
   endfacet
   facet normal -0.590453 0.795869 -0.134004
      outer loop
         vertex -0.00484495 0.0917657 -0.0018547
         vertex -0.00581774 0.0908841 -0.00203941
         vertex -0.0060233 0.0908593 -0.000237677
      endloop
   endfacet
   facet normal -0.660804 0.659025 -0.359201
      outer loop
         vertex -0.00537088 0.0906433 -0.00381627
         vertex -0.00442874 0.0915667 -0.00356681
         vertex -0.00378314 0.091054 -0.00524509
      endloop
   endfacet
   facet normal -0.533513 0.391007 -0.749985
      outer loop
         vertex -0.00443641 0.088017 -0.007299
         vertex -0.00554311 0.0854837 -0.00747462
         vertex -0.00663306 0.0864663 -0.00598106
      endloop
   endfacet
   facet normal -0.738315 0.551808 -0.387812
      outer loop
         vertex -0.0061803 0.0895756 -0.00402334
         vertex -0.00686636 0.0884009 -0.00418313
         vertex -0.00738502 0.0887376 -0.0023692
      endloop
   endfacet
   facet normal -0.871988 0.416213 -0.257687
      outer loop
         vertex -0.00799466 0.0875305 -0.00250169
         vertex -0.00738502 0.0887376 -0.0023692
         vertex -0.00686636 0.0884009 -0.00418313
      endloop
   endfacet
   facet normal -0.778311 0.595443 -0.199196
      outer loop
         vertex -0.00666226 0.0898645 -0.00221313
         vertex -0.00738502 0.0887376 -0.0023692
         vertex -0.00765256 0.0887928 -0.000504159
      endloop
   endfacet
   facet normal -0.790161 0.454078 -0.411654
      outer loop
         vertex -0.00686636 0.0884009 -0.00418313
         vertex -0.0061803 0.0895756 -0.00402334
         vertex -0.0054489 0.0889655 -0.00575136
      endloop
   endfacet
   facet normal -0.69904 0.69533 -0.16691
      outer loop
         vertex -0.00581774 0.0908841 -0.00203941
         vertex -0.00666226 0.0898645 -0.00221313
         vertex -0.00689565 0.0898777 -0.000363215
      endloop
   endfacet
   facet normal -0.341264 0.280056 -0.897278
      outer loop
         vertex -0.00309907 0.0867808 -0.00851435
         vertex -0.00415365 0.0842594 -0.00866514
         vertex -0.00554311 0.0854837 -0.00747462
      endloop
   endfacet
   facet normal -0.464578 0.882485 0.0733979
      outer loop
         vertex -0.00391426 0.092413 -4.96476e-05
         vertex -0.00374318 0.0924761 -0.00167035
         vertex -0.00484495 0.0917657 -0.0018547
      endloop
   endfacet
   facet normal -0.89054 0.448661 -0.0751069
      outer loop
         vertex -0.00829811 0.0876286 -0.000648036
         vertex -0.00765256 0.0887928 -0.000504159
         vertex -0.00738502 0.0887376 -0.0023692
      endloop
   endfacet
   facet normal -0.907941 0.0524168 0.415808
      outer loop
         vertex -0.00977143 0.0649946 0.0072497
         vertex -0.00925298 0.0650317 0.0081529
         vertex -0.0101931 0.0772211 0.00486123
      endloop
   endfacet
   facet normal -0.931221 0.0356592 0.362705
      outer loop
         vertex -0.0101931 0.0772211 0.00486123
         vertex -0.0102347 0.0772153 0.00472072
         vertex -0.00977143 0.0649946 0.0072497
      endloop
   endfacet
   facet normal -0.771484 0.0892141 0.629963
      outer loop
         vertex -0.00938233 0.077276 0.00619755
         vertex -0.0101931 0.0772211 0.00486123
         vertex -0.00925298 0.0650317 0.0081529
      endloop
   endfacet
   facet normal 0.777022 0.0932754 0.622524
      outer loop
         vertex 0.00901916 0.0650445 0.00846395
         vertex 0.00909963 0.0772856 0.00643048
         vertex 0.00908389 0.0772863 0.00644791
      endloop
   endfacet
   facet normal 0.777022 0.0932754 0.622524
      outer loop
         vertex 0.00901916 0.0650445 0.00846395
         vertex 0.00919006 0.0772815 0.00633033
         vertex 0.00909963 0.0772856 0.00643048
      endloop
   endfacet
   facet normal 0.777022 0.0932754 0.622524
      outer loop
         vertex 0.00901916 0.0650445 0.00846395
         vertex 0.00979388 0.077254 0.00566164
         vertex 0.00919006 0.0772815 0.00633033
      endloop
   endfacet
   facet normal 0.878164 0.0635401 0.474121
      outer loop
         vertex 0.00959962 0.0650087 0.00759267
         vertex 0.0101288 0.0772193 0.00481742
         vertex 0.00979388 0.077254 0.00566164
      endloop
   endfacet
   facet normal 0.949548 0.0330525 0.311876
      outer loop
         vertex 0.0100084 0.0649699 0.00664817
         vertex 0.0101718 0.0772148 0.00470905
         vertex 0.0101288 0.0772193 0.00481742
      endloop
   endfacet
   facet normal 0.949548 0.0330525 0.311876
      outer loop
         vertex 0.0100084 0.0649699 0.00664817
         vertex 0.0104242 0.0771886 0.00407263
         vertex 0.0101718 0.0772148 0.00470905
      endloop
   endfacet
   facet normal 0.876106 -0.0449239 -0.48002
      outer loop
         vertex 0.0091972 0.064557 -0.00339057
         vertex 0.00804777 0.064487 -0.00509309
         vertex 0.00874645 0.0767953 -0.005492
      endloop
   endfacet
   facet normal 0.811545 -0.0709163 -0.579971
      outer loop
         vertex 0.00874645 0.0767953 -0.005492
         vertex 0.00945845 0.0768553 -0.00403326
         vertex 0.0091972 0.064557 -0.00339057
      endloop
   endfacet
   facet normal 0.773864 -0.0572869 -0.630756
      outer loop
         vertex 0.00804777 0.064487 -0.00509309
         vertex 0.00657987 0.0644261 -0.00657432
         vertex 0.00766735 0.0767449 -0.00671564
      endloop
   endfacet
   facet normal 0.639223 -0.0672861 -0.766072
      outer loop
         vertex 0.00657987 0.0644261 -0.00657432
         vertex 0.00732935 0.0767292 -0.00709891
         vertex 0.00766735 0.0767449 -0.00671564
      endloop
   endfacet
   facet normal 0.639223 -0.0672861 -0.766072
      outer loop
         vertex 0.00657987 0.0644261 -0.00657432
         vertex 0.00482829 0.0643774 -0.00775707
         vertex 0.00575546 0.0766881 -0.00809855
      endloop
   endfacet
   facet normal 0.542905 -0.0785667 -0.836111
      outer loop
         vertex 0.00575546 0.0766881 -0.00809855
         vertex 0.00613877 0.0766981 -0.00785509
         vertex 0.00657987 0.0644261 -0.00657432
      endloop
   endfacet
   facet normal -0.685165 -0.0644396 -0.725532
      outer loop
         vertex -0.00707514 0.0644441 -0.00613614
         vertex -0.00714551 0.0767223 -0.00726575
         vertex -0.00644807 0.0767049 -0.00768918
      endloop
   endfacet
   facet normal -0.809565 -0.0536094 -0.584577
      outer loop
         vertex -0.00844539 0.0645082 -0.00457694
         vertex -0.00962076 0.0768546 -0.00404809
         vertex -0.00959078 0.076853 -0.00408706
      endloop
   endfacet
   facet normal -0.890648 -0.0646256 -0.450078
      outer loop
         vertex -0.00959078 0.076853 -0.00408706
         vertex -0.00707514 0.0644441 -0.00613614
         vertex -0.00844539 0.0645082 -0.00457694
      endloop
   endfacet
   facet normal -0.890648 -0.0646256 -0.450078
      outer loop
         vertex -0.00959078 0.076853 -0.00408706
         vertex -0.00759728 0.0767465 -0.00667848
         vertex -0.00707514 0.0644441 -0.00613614
      endloop
   endfacet
   facet normal 0.947329 -0.0314103 -0.318718
      outer loop
         vertex 0.0100113 0.0646331 -0.00153906
         vertex 0.0105961 0.071611 0.00014536
         vertex 0.0106314 0.0715304 0.000609006
      endloop
   endfacet
   facet normal 0.947329 -0.0314103 -0.318718
      outer loop
         vertex 0.0100113 0.0646331 -0.00153906
         vertex 0.0104774 0.0720929 -0.000727038
         vertex 0.0105767 0.07169 2.45492e-06
      endloop
   endfacet
   facet normal 0.991611 -0.0265899 -0.126492
      outer loop
         vertex 0.0105767 0.07169 2.45492e-06
         vertex 0.0105961 0.071611 0.00014536
         vertex 0.0100113 0.0646331 -0.00153906
      endloop
   endfacet
   facet normal 0.947329 -0.0314103 -0.318718
      outer loop
         vertex 0.0100113 0.0646331 -0.00153906
         vertex 0.0104058 0.0725493 -0.00113559
         vertex 0.0104377 0.0723458 -0.000953374
      endloop
   endfacet
   facet normal 0.978271 -0.0360707 -0.204166
      outer loop
         vertex 0.0104377 0.0723458 -0.000953374
         vertex 0.0104774 0.0720929 -0.000727038
         vertex 0.0100113 0.0646331 -0.00153906
      endloop
   endfacet
   facet normal -0.988456 0.00976527 0.151193
      outer loop
         vertex -0.0105761 0.0771546 0.00324645
         vertex -0.0105888 0.0771517 0.00317465
         vertex -0.0105818 0.0765559 0.00325564
      endloop
   endfacet
   facet normal -0.988332 0.0107718 0.151933
      outer loop
         vertex -0.0105818 0.0765559 0.00325564
         vertex -0.0105765 0.0765242 0.00329872
         vertex -0.0105761 0.0771546 0.00324645
      endloop
   endfacet
   facet normal -0.989065 0.00987501 0.147148
      outer loop
         vertex -0.0105888 0.0771517 0.00317465
         vertex -0.0106768 0.0771233 0.0024842
         vertex -0.0105818 0.0765559 0.00325564
      endloop
   endfacet
   facet normal -0.963627 -0.0271802 -0.265865
      outer loop
         vertex -0.0101968 0.064658 -0.000935338
         vertex -0.0105961 0.071611 0.00014536
         vertex -0.0105767 0.07169 2.45492e-06
      endloop
   endfacet
   facet normal -0.963627 -0.0271802 -0.265865
      outer loop
         vertex -0.0101968 0.064658 -0.000935338
         vertex -0.0106702 0.0714416 0.00112004
         vertex -0.0105961 0.071611 0.00014536
      endloop
   endfacet
   facet normal -0.992884 -0.0137593 -0.118286
      outer loop
         vertex -0.0105649 0.0647386 0.00102438
         vertex -0.0106707 0.0714443 0.00113696
         vertex -0.0106702 0.0714416 0.00112004
      endloop
   endfacet
   facet normal -0.998343 -0.015099 -0.0555353
      outer loop
         vertex -0.0106702 0.0714416 0.00112004
         vertex -0.0101968 0.064658 -0.000935338
         vertex -0.0105649 0.0647386 0.00102438
      endloop
   endfacet
   facet normal -0.980134 -0.0454459 -0.193059
      outer loop
         vertex -0.0104406 0.0769672 -0.00129105
         vertex -0.0105928 0.0765138 -0.00102986
         vertex -0.0106021 0.0765565 -0.000976769
      endloop
   endfacet
   facet normal -0.97222 -0.0460902 -0.229487
      outer loop
         vertex -0.010442 0.0756963 -0.00158557
         vertex -0.0105928 0.0765138 -0.00102986
         vertex -0.0104406 0.0769672 -0.00129105
      endloop
   endfacet
   facet normal -0.980134 -0.0454459 -0.193059
      outer loop
         vertex -0.0104406 0.0769672 -0.00129105
         vertex -0.0101862 0.0769323 -0.00214675
         vertex -0.010442 0.0756963 -0.00158557
      endloop
   endfacet
   facet normal -0.960188 -0.0526596 -0.274346
      outer loop
         vertex -0.0101862 0.0769323 -0.00214675
         vertex -0.0103321 0.0747664 -0.00184292
         vertex -0.0104289 0.0755852 -0.00161631
      endloop
   endfacet
   facet normal -0.971309 -0.0462023 -0.233288
      outer loop
         vertex -0.0104289 0.0755852 -0.00161631
         vertex -0.010442 0.0756963 -0.00158557
         vertex -0.0101862 0.0769323 -0.00214675
      endloop
   endfacet
   facet normal -0.901797 -0.0407137 -0.430238
      outer loop
         vertex -0.00949041 0.0645805 -0.00282005
         vertex -0.0103216 0.0744436 -0.00182476
         vertex -0.0103321 0.0747664 -0.00184292
      endloop
   endfacet
   facet normal -0.901797 -0.0407137 -0.430238
      outer loop
         vertex -0.00949041 0.0645805 -0.00282005
         vertex -0.0103002 0.0737844 -0.00178769
         vertex -0.0103216 0.0744436 -0.00182476
      endloop
   endfacet
   facet normal -0.964193 -0.0469862 -0.261007
      outer loop
         vertex -0.0103321 0.0747664 -0.00184292
         vertex -0.0101862 0.0769323 -0.00214675
         vertex -0.00949041 0.0645805 -0.00282005
      endloop
   endfacet
   facet normal -0.901797 -0.0407137 -0.430238
      outer loop
         vertex -0.00949041 0.0645805 -0.00282005
         vertex -0.0103592 0.0728458 -0.00140098
         vertex -0.01033 0.07331 -0.00159222
      endloop
   endfacet
   facet normal -0.901797 -0.0407137 -0.430238
      outer loop
         vertex -0.00949041 0.0645805 -0.00282005
         vertex -0.0104774 0.0720929 -0.000727038
         vertex -0.0104377 0.0723458 -0.000953374
      endloop
   endfacet
   facet normal -0.901797 -0.0407137 -0.430238
      outer loop
         vertex -0.00949041 0.0645805 -0.00282005
         vertex -0.0101968 0.064658 -0.000935338
         vertex -0.0104966 0.0720148 -0.000585727
      endloop
   endfacet
   facet normal -0.984042 -0.0323418 -0.174972
      outer loop
         vertex -0.0104966 0.0720148 -0.000585727
         vertex -0.0104774 0.0720929 -0.000727038
         vertex -0.00949041 0.0645805 -0.00282005
      endloop
   endfacet
   facet normal -0.978271 -0.0360707 -0.204166
      outer loop
         vertex -0.0104377 0.0723458 -0.000953374
         vertex -0.0103592 0.0728458 -0.00140098
         vertex -0.00949041 0.0645805 -0.00282005
      endloop
   endfacet
   facet normal -0.966872 -0.0429136 -0.251629
      outer loop
         vertex -0.01033 0.07331 -0.00159222
         vertex -0.0103002 0.0737844 -0.00178769
         vertex -0.00949041 0.0645805 -0.00282005
      endloop
   endfacet
   facet normal -0.892677 -0.0644017 -0.446072
      outer loop
         vertex -0.00962076 0.0768546 -0.00404809
         vertex -0.00844539 0.0645082 -0.00457694
         vertex -0.00949041 0.0645805 -0.00282005
      endloop
   endfacet
   facet normal 0.876106 -0.0449239 -0.48002
      outer loop
         vertex 0.0091972 0.064557 -0.00339057
         vertex 0.0103592 0.0728458 -0.00140098
         vertex 0.0104058 0.0725493 -0.00113559
      endloop
   endfacet
   facet normal 0.876106 -0.0449239 -0.48002
      outer loop
         vertex 0.0091972 0.064557 -0.00339057
         vertex 0.0103002 0.0737844 -0.00178769
         vertex 0.01033 0.07331 -0.00159222
      endloop
   endfacet
   facet normal 0.966872 -0.0429136 -0.251629
      outer loop
         vertex 0.01033 0.07331 -0.00159222
         vertex 0.0103592 0.0728458 -0.00140098
         vertex 0.0091972 0.064557 -0.00339057
      endloop
   endfacet
   facet normal 0.941793 -0.0570091 -0.331326
      outer loop
         vertex 0.0100745 0.0769072 -0.00277107
         vertex 0.0103216 0.0744436 -0.00182476
         vertex 0.0103002 0.0737844 -0.00178769
      endloop
   endfacet
   facet normal 0.941793 -0.0570091 -0.331326
      outer loop
         vertex 0.0100745 0.0769072 -0.00277107
         vertex 0.0103321 0.0747664 -0.00184292
         vertex 0.0103216 0.0744436 -0.00182476
      endloop
   endfacet
   facet normal 0.941793 -0.0570091 -0.331326
      outer loop
         vertex 0.0100745 0.0769072 -0.00277107
         vertex 0.010442 0.0756963 -0.00158557
         vertex 0.0104289 0.0755852 -0.00161631
      endloop
   endfacet
   facet normal 0.97222 -0.0460902 -0.229487
      outer loop
         vertex 0.010442 0.0756963 -0.00158557
         vertex 0.0103326 0.0769289 -0.00224236
         vertex 0.0105179 0.0769662 -0.0013217
      endloop
   endfacet
   facet normal 0.97222 -0.0460902 -0.229487
      outer loop
         vertex 0.010442 0.0756963 -0.00158557
         vertex 0.0100745 0.0769072 -0.00277107
         vertex 0.0103326 0.0769289 -0.00224236
      endloop
   endfacet
   facet normal 0.979861 -0.0455825 -0.194407
      outer loop
         vertex 0.0105179 0.0769662 -0.0013217
         vertex 0.0106023 0.0769832 -0.000902823
         vertex 0.0106104 0.076595 -0.000929169
      endloop
   endfacet
   facet normal 0.98606 -0.0413983 -0.161156
      outer loop
         vertex 0.0106104 0.076595 -0.000929169
         vertex 0.0106021 0.0765566 -0.000976787
         vertex 0.0105179 0.0769662 -0.0013217
      endloop
   endfacet
   facet normal 0.985247 -0.0418037 -0.165953
      outer loop
         vertex 0.0106021 0.0765566 -0.000976787
         vertex 0.0105928 0.0765138 -0.00102986
         vertex 0.0105179 0.0769662 -0.0013217
      endloop
   endfacet
   facet normal 0.979861 -0.0455825 -0.194407
      outer loop
         vertex 0.0105179 0.0769662 -0.0013217
         vertex 0.0105928 0.0765138 -0.00102986
         vertex 0.010442 0.0756963 -0.00158557
      endloop
   endfacet
   facet normal 0.971309 -0.0462023 -0.233288
      outer loop
         vertex 0.0104289 0.0755852 -0.00161631
         vertex 0.0103321 0.0747664 -0.00184292
         vertex 0.0100745 0.0769072 -0.00277107
      endloop
   endfacet
   facet normal 0.963262 -0.0451974 -0.264731
      outer loop
         vertex 0.0103002 0.0737844 -0.00178769
         vertex 0.0091972 0.064557 -0.00339057
         vertex 0.0100745 0.0769072 -0.00277107
      endloop
   endfacet
   facet normal -0.817945 0.0823467 0.569372
      outer loop
         vertex -0.00925298 0.0650317 0.0081529
         vertex -0.00977143 0.0649946 0.0072497
         vertex -0.00922861 0.0541035 0.00961001
      endloop
   endfacet
   facet normal -0.697377 0.111793 0.707932
      outer loop
         vertex -0.00857189 0.0650648 0.0089566
         vertex -0.00925298 0.0650317 0.0081529
         vertex -0.0081564 0.0537116 0.0111972
      endloop
   endfacet
   facet normal -0.697377 0.111793 0.707932
      outer loop
         vertex -0.00857189 0.0650648 0.0089566
         vertex -0.00911442 0.0772874 0.00647425
         vertex -0.0092587 0.0772828 0.00636145
      endloop
   endfacet
   facet normal -0.61805 0.124126 0.776278
      outer loop
         vertex -0.00858659 0.0773044 0.00688692
         vertex -0.00911442 0.0772874 0.00647425
         vertex -0.00857189 0.0650648 0.0089566
      endloop
   endfacet
   facet normal -0.697377 0.111793 0.707932
      outer loop
         vertex -0.00857189 0.0650648 0.0089566
         vertex -0.0068601 0.0534935 0.0120807
         vertex -0.00858659 0.0773044 0.00688692
      endloop
   endfacet
   facet normal -0.697377 0.111793 0.707932
      outer loop
         vertex -0.00857189 0.0650648 0.0089566
         vertex -0.00775821 0.0536446 0.0114686
         vertex -0.0068601 0.0534935 0.0120807
      endloop
   endfacet
   facet normal -0.744334 0.0961779 0.660845
      outer loop
         vertex -0.0092587 0.0772828 0.00636145
         vertex -0.0093047 0.0772813 0.0063255
         vertex -0.00857189 0.0650648 0.0089566
      endloop
   endfacet
   facet normal -0.447738 0.152792 0.881014
      outer loop
         vertex -0.00772216 0.0773308 0.00753049
         vertex -0.0078186 0.0773291 0.00748733
         vertex -0.0068601 0.0534935 0.0120807
      endloop
   endfacet
   facet normal -0.474772 0.154247 0.866487
      outer loop
         vertex -0.0068601 0.0534935 0.0120807
         vertex -0.00633545 0.0534052 0.0124383
         vertex -0.00772216 0.0773308 0.00753049
      endloop
   endfacet
   facet normal -0.379798 0.166282 0.910002
      outer loop
         vertex -0.00633545 0.0534052 0.0124383
         vertex -0.00594867 0.0533824 0.012531
         vertex -0.00772216 0.0773308 0.00753049
      endloop
   endfacet
   facet normal -0.327997 0.171715 0.928941
      outer loop
         vertex -0.00594867 0.0533824 0.012531
         vertex -0.00617875 0.0773592 0.00822125
         vertex -0.00726043 0.0773393 0.00773714
      endloop
   endfacet
   facet normal -0.420907 0.154998 0.893763
      outer loop
         vertex -0.00726043 0.0773393 0.00773714
         vertex -0.00760769 0.0773329 0.00758172
         vertex -0.00594867 0.0533824 0.012531
      endloop
   endfacet
   facet normal -0.191716 0.1695 0.966703
      outer loop
         vertex -0.0032697 0.0773816 0.00876411
         vertex -0.00595229 0.077361 0.00826351
         vertex -0.00594867 0.0533824 0.012531
      endloop
   endfacet
   facet normal -0.327997 0.171715 0.928941
      outer loop
         vertex -0.00594867 0.0533824 0.012531
         vertex -0.00229248 0.053166 0.0134076
         vertex -0.0032697 0.0773816 0.00876411
      endloop
   endfacet
   facet normal -0.345796 0.16065 0.924455
      outer loop
         vertex -0.00595229 0.077361 0.00826351
         vertex -0.00617875 0.0773592 0.00822125
         vertex -0.00594867 0.0533824 0.012531
      endloop
   endfacet
   facet normal -5.31271e-15 0.173603 0.984816
      outer loop
         vertex -2.60209e-18 0.0774067 0.00937428
         vertex -0.00260388 0.0773867 0.00888837
         vertex -0.00229248 0.053166 0.0134076
      endloop
   endfacet
   facet normal -0.128061 0.173933 0.976395
      outer loop
         vertex -0.00229248 0.053166 0.0134076
         vertex -0.00153224 0.053121 0.0135899
         vertex -2.60209e-18 0.0774067 0.00937428
      endloop
   endfacet
   facet normal -0.0846069 0.173837 0.981133
      outer loop
         vertex -0.00153224 0.053121 0.0135899
         vertex 0.00111711 0.0531588 0.0134366
         vertex -2.60209e-18 0.0774067 0.00937428
      endloop
   endfacet
   facet normal 0.0620103 0.173761 0.982834
      outer loop
         vertex 0.00111711 0.0531588 0.0134366
         vertex 0.00162934 0.0773984 0.00917341
         vertex -2.60209e-18 0.0774067 0.00937428
      endloop
   endfacet
   facet normal 0.191473 0.174058 0.965941
      outer loop
         vertex 0.00348244 0.0531926 0.0132998
         vertex 0.00255271 0.0773937 0.00905957
         vertex 0.00162934 0.0773984 0.00917341
      endloop
   endfacet
   facet normal 0.148434 0.171158 0.973998
      outer loop
         vertex 0.00255271 0.0773937 0.00905957
         vertex 0.00348244 0.0531926 0.0132998
         vertex 0.00465647 0.0532792 0.0129489
      endloop
   endfacet
   facet normal 0.25746 0.173479 0.950589
      outer loop
         vertex 0.00465647 0.0532792 0.0129489
         vertex 0.00416368 0.0773856 0.00886096
         vertex 0.00255271 0.0773937 0.00905957
      endloop
   endfacet
   facet normal 0.25746 0.173479 0.950589
      outer loop
         vertex 0.00465647 0.0532792 0.0129489
         vertex 0.00628846 0.0773527 0.0080624
         vertex 0.00599843 0.0773572 0.0081714
      endloop
   endfacet
   facet normal 0.349846 0.160364 0.92298
      outer loop
         vertex 0.00599843 0.0773572 0.0081714
         vertex 0.00416368 0.0773856 0.00886096
         vertex 0.00465647 0.0532792 0.0129489
      endloop
   endfacet
   facet normal 0.366452 0.159179 0.91672
      outer loop
         vertex 0.00628846 0.0773527 0.0080624
         vertex 0.00626922 0.0533982 0.0124668
         vertex 0.00653662 0.0534407 0.0122948
      endloop
   endfacet
   facet normal 0.366452 0.159179 0.91672
      outer loop
         vertex 0.00628846 0.0773527 0.0080624
         vertex 0.00465647 0.0532792 0.0129489
         vertex 0.00626922 0.0533982 0.0124668
      endloop
   endfacet
   facet normal 0.417241 0.161763 0.894283
      outer loop
         vertex 0.00653662 0.0534407 0.0122948
         vertex 0.0078186 0.0773291 0.00748733
         vertex 0.00761639 0.0773322 0.00756332
      endloop
   endfacet
   facet normal 0.441929 0.153277 0.883858
      outer loop
         vertex 0.00761639 0.0773322 0.00756332
         vertex 0.00722169 0.0773383 0.00771166
         vertex 0.00653662 0.0534407 0.0122948
      endloop
   endfacet
   facet normal 0.417241 0.161763 0.894283
      outer loop
         vertex 0.00653662 0.0534407 0.0122948
         vertex 0.00830695 0.0773164 0.00717835
         vertex 0.0078186 0.0773291 0.00748733
      endloop
   endfacet
   facet normal 0.553314 0.136143 0.821772
      outer loop
         vertex 0.00830695 0.0773164 0.00717835
         vertex 0.00653662 0.0534407 0.0122948
         vertex 0.00828287 0.0650756 0.0092204
      endloop
   endfacet
   facet normal 0.417241 0.161763 0.894283
      outer loop
         vertex 0.00653662 0.0534407 0.0122948
         vertex 0.00743516 0.0535833 0.011717
         vertex 0.00828287 0.0650756 0.0092204
      endloop
   endfacet
   facet normal 0.645508 0.122341 0.753891
      outer loop
         vertex 0.00828287 0.0650756 0.0092204
         vertex 0.00908389 0.0772863 0.00644791
         vertex 0.00858073 0.0773092 0.00700513
      endloop
   endfacet
   facet normal 0.645508 0.122341 0.753891
      outer loop
         vertex 0.00828287 0.0650756 0.0092204
         vertex 0.00743516 0.0535833 0.011717
         vertex 0.00797466 0.053669 0.01137
      endloop
   endfacet
   facet normal 0.777022 0.0932754 0.622524
      outer loop
         vertex 0.00901916 0.0650445 0.00846395
         vertex 0.00797466 0.053669 0.01137
         vertex 0.00902758 0.0539965 0.0100434
      endloop
   endfacet
   facet normal 0.878164 0.0635401 0.474121
      outer loop
         vertex 0.00959962 0.0650087 0.00759267
         vertex 0.00922009 0.0540563 0.00980089
         vertex 0.00954864 0.0542898 0.00885503
      endloop
   endfacet
   facet normal 0.878164 0.0635401 0.474121
      outer loop
         vertex 0.00959962 0.0650087 0.00759267
         vertex 0.00902758 0.0539965 0.0100434
         vertex 0.00922009 0.0540563 0.00980089
      endloop
   endfacet
   facet normal 0.979522 0.00903604 0.201134
      outer loop
         vertex 0.0104339 0.0771876 0.00404819
         vertex 0.0105765 0.0765242 0.00329872
         vertex 0.0105818 0.0765559 0.00325564
      endloop
   endfacet
   facet normal 0.989065 0.00987501 0.147148
      outer loop
         vertex 0.0105888 0.0771517 0.00317465
         vertex 0.0105818 0.0765559 0.00325564
         vertex 0.0106136 0.0767456 0.00299766
      endloop
   endfacet
   facet normal 0.990808 0.00994222 0.134907
      outer loop
         vertex 0.0106136 0.0767456 0.00299766
         vertex 0.0106195 0.0771418 0.00293408
         vertex 0.0105888 0.0771517 0.00317465
      endloop
   endfacet
   facet normal 0.981631 0.0127657 0.190362
      outer loop
         vertex 0.0104867 0.0756876 0.00386844
         vertex 0.0105765 0.0765242 0.00329872
         vertex 0.0104339 0.0771876 0.00404819
      endloop
   endfacet
   facet normal 0.979522 0.00903604 0.201134
      outer loop
         vertex 0.0104339 0.0771876 0.00404819
         vertex 0.0104242 0.0771886 0.00407263
         vertex 0.0104867 0.0756876 0.00386844
      endloop
   endfacet
   facet normal 0.978413 0.00984681 0.206423
      outer loop
         vertex 0.0104242 0.0771886 0.00407263
         vertex 0.0104483 0.074711 0.00412731
         vertex 0.0104827 0.0755855 0.00389551
      endloop
   endfacet
   facet normal 0.978413 0.00984681 0.206423
      outer loop
         vertex 0.0104242 0.0771886 0.00407263
         vertex 0.0100084 0.0649699 0.00664817
         vertex 0.0104483 0.074711 0.00412731
      endloop
   endfacet
   facet normal 0.981318 0.0129879 0.191954
      outer loop
         vertex 0.0104827 0.0755855 0.00389551
         vertex 0.0104867 0.0756876 0.00386844
         vertex 0.0104242 0.0771886 0.00407263
      endloop
   endfacet
   facet normal 0.949548 0.0330525 0.311876
      outer loop
         vertex 0.0100084 0.0649699 0.00664817
         vertex 0.0104793 0.0737232 0.00405217
         vertex 0.0104566 0.074444 0.004107
      endloop
   endfacet
   facet normal 0.949548 0.0330525 0.311876
      outer loop
         vertex 0.0100084 0.0649699 0.00664817
         vertex 0.0105642 0.0728193 0.00366297
         vertex 0.0105181 0.0733095 0.00387402
      endloop
   endfacet
   facet normal 0.988697 0.0119444 0.149448
      outer loop
         vertex 0.0105811 0.0726849 0.00354045
         vertex 0.0105642 0.0728193 0.00366297
         vertex 0.0100084 0.0649699 0.00664817
      endloop
   endfacet
   facet normal 0.949548 0.0330525 0.311876
      outer loop
         vertex 0.0100084 0.0649699 0.00664817
         vertex 0.0103141 0.0550065 0.00595191
         vertex 0.0105811 0.0726849 0.00354045
      endloop
   endfacet
   facet normal 0.949548 0.0330525 0.311876
      outer loop
         vertex 0.0100084 0.0649699 0.00664817
         vertex 0.00954864 0.0542898 0.00885503
         vertex 0.0102763 0.054807 0.00676003
      endloop
   endfacet
   facet normal 0.949548 0.0330525 0.311876
      outer loop
         vertex 0.0100084 0.0649699 0.00664817
         vertex 0.0102763 0.054807 0.00676003
         vertex 0.0103141 0.0550065 0.00595191
      endloop
   endfacet
   facet normal 0.983132 0.0150389 0.182281
      outer loop
         vertex 0.0105181 0.0733095 0.00387402
         vertex 0.0104793 0.0737232 0.00405217
         vertex 0.0100084 0.0649699 0.00664817
      endloop
   endfacet
   facet normal 0.979021 0.0152246 0.20319
      outer loop
         vertex 0.0104566 0.074444 0.004107
         vertex 0.0104483 0.074711 0.00412731
         vertex 0.0100084 0.0649699 0.00664817
      endloop
   endfacet
   facet normal 0.985396 0.0147283 0.169642
      outer loop
         vertex 0.0103141 0.0550065 0.00595191
         vertex 0.0106575 0.0720776 0.00298655
         vertex 0.0106237 0.0723466 0.00323187
      endloop
   endfacet
   facet normal 0.985396 0.0147283 0.169642
      outer loop
         vertex 0.0103141 0.0550065 0.00595191
         vertex 0.0104621 0.0557886 0.0027836
         vertex 0.0106937 0.071657 0.00220507
      endloop
   endfacet
   facet normal 0.999886 -0.00353347 0.0146979
      outer loop
         vertex 0.0106937 0.071657 0.00220507
         vertex 0.0106905 0.0716943 0.00227436
         vertex 0.0103141 0.0550065 0.00595191
      endloop
   endfacet
   facet normal 0.999782 -0.00279964 0.0206847
      outer loop
         vertex 0.0106905 0.0716943 0.00227436
         vertex 0.0106575 0.0720776 0.00298655
         vertex 0.0103141 0.0550065 0.00595191
      endloop
   endfacet
   facet normal 0.998395 -0.0148923 -0.0546368
      outer loop
         vertex 0.0106708 0.0714446 0.00113895
         vertex 0.0104621 0.0557886 0.0027836
         vertex 0.0105223 0.0561064 0.00149662
      endloop
   endfacet
   facet normal 0.991295 -0.0105598 -0.131237
      outer loop
         vertex 0.0105223 0.0561064 0.00149662
         vertex 0.0106702 0.0714416 0.00112004
         vertex 0.0106708 0.0714446 0.00113895
      endloop
   endfacet
   facet normal 0.998343 -0.015099 -0.0555353
      outer loop
         vertex 0.0106702 0.0714416 0.00112004
         vertex 0.0105223 0.0561064 0.00149662
         vertex 0.0104799 0.0647127 0.000396247
      endloop
   endfacet
   facet normal 0.991295 -0.0105598 -0.131237
      outer loop
         vertex 0.0105223 0.0561064 0.00149662
         vertex 0.0101402 0.0564292 0.000188751
         vertex 0.0104799 0.0647127 0.000396247
      endloop
   endfacet
   facet normal 0.989012 -0.0183954 -0.146686
      outer loop
         vertex 0.0104799 0.0647127 0.000396247
         vertex 0.0106314 0.0715304 0.000609006
         vertex 0.0106702 0.0714416 0.00112004
      endloop
   endfacet
   facet normal 0.998395 -0.0148923 -0.0546368
      outer loop
         vertex 0.0106708 0.0714446 0.00113895
         vertex 0.0106988 0.0715979 0.00209514
         vertex 0.0104621 0.0557886 0.0027836
      endloop
   endfacet
   facet normal 0.976868 -0.0160388 -0.213243
      outer loop
         vertex 0.0101402 0.0564292 0.000188751
         vertex 0.00934828 0.0570985 -0.00252252
         vertex 0.0100113 0.0646331 -0.00153906
      endloop
   endfacet
   facet normal 0.947329 -0.0314103 -0.318718
      outer loop
         vertex 0.0100113 0.0646331 -0.00153906
         vertex 0.00934828 0.0570985 -0.00252252
         vertex 0.00850379 0.0573698 -0.00362133
      endloop
   endfacet
   facet normal 0.826056 -0.0371767 -0.562361
      outer loop
         vertex 0.00850379 0.0573698 -0.00362133
         vertex 0.00675935 0.0579301 -0.0058911
         vertex 0.00804777 0.064487 -0.00509309
      endloop
   endfacet
   facet normal 0.639223 -0.0672861 -0.766072
      outer loop
         vertex 0.00657987 0.0644261 -0.00657432
         vertex 0.00804777 0.064487 -0.00509309
         vertex 0.00675935 0.0579301 -0.0058911
      endloop
   endfacet
   facet normal 0.639223 -0.0672861 -0.766072
      outer loop
         vertex 0.00657987 0.0644261 -0.00657432
         vertex 0.00588989 0.0580597 -0.00641604
         vertex 0.00425629 0.0583032 -0.00740232
      endloop
   endfacet
   facet normal 0.341759 -0.0750665 -0.936785
      outer loop
         vertex 0.00345356 0.0584228 -0.00788697
         vertex 0.00251475 0.0584646 -0.00805605
         vertex 0.00349669 0.0766387 -0.00929784
      endloop
   endfacet
   facet normal 0.326147 -0.080297 -0.941902
      outer loop
         vertex 0.00349669 0.0766387 -0.00929784
         vertex 0.00403029 0.076643 -0.00919427
         vertex 0.00345356 0.0584228 -0.00788697
      endloop
   endfacet
   facet normal 0.373864 -0.0800497 -0.924023
      outer loop
         vertex 0.00403029 0.076643 -0.00919427
         vertex 0.00437957 0.0766521 -0.00897243
         vertex 0.00345356 0.0584228 -0.00788697
      endloop
   endfacet
   facet normal 0.341759 -0.0750665 -0.936785
      outer loop
         vertex 0.00345356 0.0584228 -0.00788697
         vertex 0.00575546 0.0766881 -0.00809855
         vertex 0.00482829 0.0643774 -0.00775707
      endloop
   endfacet
   facet normal 0.47341 -0.0744518 -0.87769
      outer loop
         vertex 0.00482829 0.0643774 -0.00775707
         vertex 0.00425629 0.0583032 -0.00740232
         vertex 0.00345356 0.0584228 -0.00788697
      endloop
   endfacet
   facet normal 0.251878 -0.077815 -0.964625
      outer loop
         vertex 0.00251475 0.0584646 -0.00805605
         vertex 0.00225038 0.0766288 -0.00953974
         vertex 0.00272727 0.0766326 -0.00944718
      endloop
   endfacet
   facet normal 0.212601 -0.0806836 -0.973802
      outer loop
         vertex 0.00225038 0.0766288 -0.00953974
         vertex 0.00251475 0.0584646 -0.00805605
         vertex 0.000637551 0.058548 -0.00839414
      endloop
   endfacet
   facet normal 0.0652652 -0.0807183 -0.994598
      outer loop
         vertex 0.000637551 0.058548 -0.00839414
         vertex 0.00089009 0.0766179 -0.00980376
         vertex 0.00225038 0.0766288 -0.00953974
      endloop
   endfacet
   facet normal -0.162407 -0.0807828 -0.983411
      outer loop
         vertex -0.0017194 0.0766239 -0.00965824
         vertex -3.69713e-17 0.0766108 -0.00997653
         vertex -1.86698e-05 0.0585772 -0.00851232
      endloop
   endfacet
   facet normal 0.0851355 -0.0808845 -0.993081
      outer loop
         vertex 0.00089009 0.0766179 -0.00980376
         vertex 0.000637551 0.058548 -0.00839414
         vertex -1.86698e-05 0.0585772 -0.00851232
      endloop
   endfacet
   facet normal -0.00186668 -0.0809254 -0.996718
      outer loop
         vertex -1.86698e-05 0.0585772 -0.00851232
         vertex -3.69713e-17 0.0766108 -0.00997653
         vertex 0.00089009 0.0766179 -0.00980376
      endloop
   endfacet
   facet normal -0.308603 -0.0761956 -0.948134
      outer loop
         vertex -0.00311171 0.0584483 -0.00799025
         vertex -0.00272593 0.0766316 -0.00947192
         vertex -0.00225724 0.076628 -0.00955868
      endloop
   endfacet
   facet normal -0.212848 -0.0806831 -0.973748
      outer loop
         vertex -0.00225724 0.076628 -0.00955868
         vertex -0.00123317 0.0585266 -0.00830733
         vertex -0.00311171 0.0584483 -0.00799025
      endloop
   endfacet
   facet normal -0.308603 -0.0761956 -0.948134
      outer loop
         vertex -0.00311171 0.0584483 -0.00799025
         vertex -0.00424874 0.07665 -0.00902443
         vertex -0.00385634 0.0766402 -0.00926266
      endloop
   endfacet
   facet normal -0.357775 -0.0801388 -0.930363
      outer loop
         vertex -0.00385634 0.0766402 -0.00926266
         vertex -0.00272593 0.0766316 -0.00947192
         vertex -0.00311171 0.0584483 -0.00799025
      endloop
   endfacet
   facet normal -0.408443 -0.0798373 -0.909286
      outer loop
         vertex -0.00436606 0.0766529 -0.0089532
         vertex -0.00321246 0.0584441 -0.00797324
         vertex -0.00540776 0.0643912 -0.00742126
      endloop
   endfacet
   facet normal -0.528764 -0.0725054 -0.845667
      outer loop
         vertex -0.00540776 0.0643912 -0.00742126
         vertex -0.00644807 0.0767049 -0.00768918
         vertex -0.00615369 0.0766976 -0.00786791
      endloop
   endfacet
   facet normal -0.318203 -0.0758847 -0.944981
      outer loop
         vertex -0.00321246 0.0584441 -0.00797324
         vertex -0.00480114 0.0582362 -0.00713103
         vertex -0.00540776 0.0643912 -0.00742126
      endloop
   endfacet
   facet normal -0.318203 -0.0758847 -0.944981
      outer loop
         vertex -0.00321246 0.0584441 -0.00797324
         vertex -0.00436606 0.0766529 -0.0089532
         vertex -0.00424874 0.07665 -0.00902443
      endloop
   endfacet
   facet normal -0.397635 -0.0799072 -0.914058
      outer loop
         vertex -0.00424874 0.07665 -0.00902443
         vertex -0.00311171 0.0584483 -0.00799025
         vertex -0.00321246 0.0584441 -0.00797324
      endloop
   endfacet
   facet normal -0.589136 -0.0613477 -0.805702
      outer loop
         vertex -0.00604649 0.0580732 -0.00647084
         vertex -0.00707514 0.0644441 -0.00613614
         vertex -0.00540776 0.0643912 -0.00742126
      endloop
   endfacet
   facet normal -0.752088 -0.0459412 -0.65746
      outer loop
         vertex -0.00774872 0.0576446 -0.00473462
         vertex -0.00844539 0.0645082 -0.00457694
         vertex -0.00707514 0.0644441 -0.00613614
      endloop
   endfacet
   facet normal -0.806646 -0.0396401 -0.589704
      outer loop
         vertex -0.00842659 0.0574739 -0.00404321
         vertex -0.00949041 0.0645805 -0.00282005
         vertex -0.00844539 0.0645082 -0.00457694
      endloop
   endfacet
   facet normal -0.809565 -0.0536094 -0.584577
      outer loop
         vertex -0.00844539 0.0645082 -0.00457694
         vertex -0.00774872 0.0576446 -0.00473462
         vertex -0.00842659 0.0574739 -0.00404321
      endloop
   endfacet
   facet normal -0.963627 -0.0271802 -0.265865
      outer loop
         vertex -0.0101968 0.064658 -0.000935338
         vertex -0.00949041 0.0645805 -0.00282005
         vertex -0.00887469 0.0572501 -0.0031364
      endloop
   endfacet
   facet normal -0.992884 -0.0137593 -0.118286
      outer loop
         vertex -0.0105649 0.0647386 0.00102438
         vertex -0.0101968 0.064658 -0.000935338
         vertex -0.0100651 0.0566554 -0.000727474
      endloop
   endfacet
   facet normal -0.998395 -0.0148923 -0.0546368
      outer loop
         vertex -0.0106708 0.0714446 0.00113895
         vertex -0.0106707 0.0714443 0.00113696
         vertex -0.0105649 0.0647386 0.00102438
      endloop
   endfacet
   facet normal -0.992884 -0.0137593 -0.118286
      outer loop
         vertex -0.0105649 0.0647386 0.00102438
         vertex -0.010581 0.0555454 0.00376889
         vertex -0.0106708 0.0714446 0.00113895
      endloop
   endfacet
   facet normal -0.999777 -0.000930469 0.0210749
      outer loop
         vertex -0.010581 0.0555454 0.00376889
         vertex -0.0106988 0.0715979 0.00209514
         vertex -0.0106708 0.0714446 0.00113895
      endloop
   endfacet
   facet normal -0.999777 -0.000930469 0.0210749
      outer loop
         vertex -0.010581 0.0555454 0.00376889
         vertex -0.0106728 0.0718997 0.00265596
         vertex -0.0106905 0.0716943 0.00227436
      endloop
   endfacet
   facet normal -0.999782 -0.00279964 0.0206847
      outer loop
         vertex -0.0106905 0.0716943 0.00227436
         vertex -0.0106988 0.0715979 0.00209514
         vertex -0.010581 0.0555454 0.00376889
      endloop
   endfacet
   facet normal -0.998716 0.00161927 0.050631
      outer loop
         vertex -0.0106286 0.055443 0.00418386
         vertex -0.0106575 0.0720776 0.00298655
         vertex -0.0106728 0.0718997 0.00265596
      endloop
   endfacet
   facet normal -0.998394 0.00146073 0.0566359
      outer loop
         vertex -0.0106728 0.0718997 0.00265596
         vertex -0.010581 0.0555454 0.00376889
         vertex -0.0106286 0.055443 0.00418386
      endloop
   endfacet
   facet normal -0.971557 0.0239786 0.235589
      outer loop
         vertex -0.0100363 0.0547748 0.00689067
         vertex -0.0105642 0.0728193 0.00366297
         vertex -0.0106237 0.0723466 0.00323187
      endloop
   endfacet
   facet normal -0.971557 0.0239786 0.235589
      outer loop
         vertex -0.0100363 0.0547748 0.00689067
         vertex -0.0105173 0.073319 0.00387812
         vertex -0.0105181 0.0733095 0.00387402
      endloop
   endfacet
   facet normal -0.983132 0.0150389 0.182281
      outer loop
         vertex -0.0105181 0.0733095 0.00387402
         vertex -0.0105642 0.0728193 0.00366297
         vertex -0.0100363 0.0547748 0.00689067
      endloop
   endfacet
   facet normal -0.993099 0.00833765 0.116981
      outer loop
         vertex -0.0106237 0.0723466 0.00323187
         vertex -0.0106575 0.0720776 0.00298655
         vertex -0.0100363 0.0547748 0.00689067
      endloop
   endfacet
   facet normal -0.983027 0.0150806 0.182838
      outer loop
         vertex -0.0105173 0.073319 0.00387812
         vertex -0.0100363 0.0547748 0.00689067
         vertex -0.00977143 0.0649946 0.0072497
      endloop
   endfacet
   facet normal -0.971557 0.0239786 0.235589
      outer loop
         vertex -0.0100363 0.0547748 0.00689067
         vertex -0.00954304 0.0542184 0.00914455
         vertex -0.00977143 0.0649946 0.0072497
      endloop
   endfacet
   facet normal -0.907941 0.0524168 0.415808
      outer loop
         vertex -0.00977143 0.0649946 0.0072497
         vertex -0.0104793 0.0737232 0.00405217
         vertex -0.0105173 0.073319 0.00387812
      endloop
   endfacet
   facet normal -0.907941 0.0524168 0.415808
      outer loop
         vertex -0.00977143 0.0649946 0.0072497
         vertex -0.0102876 0.0772079 0.00454226
         vertex -0.0104483 0.074711 0.00412731
      endloop
   endfacet
   facet normal -0.97865 0.0148537 0.204997
      outer loop
         vertex -0.0104483 0.074711 0.00412731
         vertex -0.0104566 0.074444 0.004107
         vertex -0.00977143 0.0649946 0.0072497
      endloop
   endfacet
   facet normal -0.979021 0.0152246 0.20319
      outer loop
         vertex -0.0104566 0.074444 0.004107
         vertex -0.0104793 0.0737232 0.00405217
         vertex -0.00977143 0.0649946 0.0072497
      endloop
   endfacet
   facet normal -0.953517 0.0248727 0.300311
      outer loop
         vertex -0.0102876 0.0772079 0.00454226
         vertex -0.0104867 0.0756876 0.00386844
         vertex -0.0104827 0.0755855 0.00389551
      endloop
   endfacet
   facet normal -0.979522 0.00903604 0.201134
      outer loop
         vertex -0.0104339 0.0771876 0.00404819
         vertex -0.0105761 0.0771546 0.00324645
         vertex -0.0105647 0.0764145 0.00337343
      endloop
   endfacet
   facet normal -0.981631 0.0127657 0.190362
      outer loop
         vertex -0.0104867 0.0756876 0.00386844
         vertex -0.0102876 0.0772079 0.00454226
         vertex -0.0104339 0.0771876 0.00404819
      endloop
   endfacet
   facet normal -0.987245 0.0110456 0.158825
      outer loop
         vertex -0.0105647 0.0764145 0.00337343
         vertex -0.0104867 0.0756876 0.00386844
         vertex -0.0104339 0.0771876 0.00404819
      endloop
   endfacet
   facet normal -0.981318 0.0129879 0.191954
      outer loop
         vertex -0.0104827 0.0755855 0.00389551
         vertex -0.0104483 0.074711 0.00412731
         vertex -0.0102876 0.0772079 0.00454226
      endloop
   endfacet
   facet normal -0.914739 0.0519875 0.400686
      outer loop
         vertex -0.00954304 0.0542184 0.00914455
         vertex -0.00922861 0.0541035 0.00961001
         vertex -0.00977143 0.0649946 0.0072497
      endloop
   endfacet
   facet normal -0.998716 0.00161927 0.050631
      outer loop
         vertex -0.0106286 0.055443 0.00418386
         vertex -0.0100363 0.0547748 0.00689067
         vertex -0.0106575 0.0720776 0.00298655
      endloop
   endfacet
   facet normal -0.992884 -0.0137593 -0.118286
      outer loop
         vertex -0.0105649 0.0647386 0.00102438
         vertex -0.010254 0.0562489 0.000919237
         vertex -0.010581 0.0555454 0.00376889
      endloop
   endfacet
   facet normal -0.955924 -0.019622 -0.292957
      outer loop
         vertex -0.0100651 0.0566554 -0.000727474
         vertex -0.010254 0.0562489 0.000919237
         vertex -0.0105649 0.0647386 0.00102438
      endloop
   endfacet
   facet normal -0.856694 -0.0333054 -0.514749
      outer loop
         vertex -0.00887469 0.0572501 -0.0031364
         vertex -0.0100651 0.0566554 -0.000727474
         vertex -0.0101968 0.064658 -0.000935338
      endloop
   endfacet
   facet normal -0.806646 -0.0396401 -0.589704
      outer loop
         vertex -0.00842659 0.0574739 -0.00404321
         vertex -0.00887469 0.0572501 -0.0031364
         vertex -0.00949041 0.0645805 -0.00282005
      endloop
   endfacet
   facet normal -0.685165 -0.0644396 -0.725532
      outer loop
         vertex -0.00707514 0.0644441 -0.00613614
         vertex -0.00604649 0.0580732 -0.00647084
         vertex -0.00774872 0.0576446 -0.00473462
      endloop
   endfacet
   facet normal -0.528764 -0.0725054 -0.845667
      outer loop
         vertex -0.00540776 0.0643912 -0.00742126
         vertex -0.00480114 0.0582362 -0.00713103
         vertex -0.00604649 0.0580732 -0.00647084
      endloop
   endfacet
   facet normal -0.528764 -0.0725054 -0.845667
      outer loop
         vertex -0.00540776 0.0643912 -0.00742126
         vertex -0.00615369 0.0766976 -0.00786791
         vertex -0.00436606 0.0766529 -0.0089532
      endloop
   endfacet
   facet normal -0.212848 -0.0806831 -0.973748
      outer loop
         vertex -0.00225724 0.076628 -0.00955868
         vertex -0.0017194 0.0766239 -0.00965824
         vertex -0.00123317 0.0585266 -0.00830733
      endloop
   endfacet
   facet normal -0.00186668 -0.0809254 -0.996718
      outer loop
         vertex -1.86698e-05 0.0585772 -0.00851232
         vertex -0.00123317 0.0585266 -0.00830733
         vertex -0.0017194 0.0766239 -0.00965824
      endloop
   endfacet
   facet normal 0.257392 -0.0805646 -0.962943
      outer loop
         vertex 0.00272727 0.0766326 -0.00944718
         vertex 0.00349669 0.0766387 -0.00929784
         vertex 0.00251475 0.0584646 -0.00805605
      endloop
   endfacet
   facet normal 0.408823 -0.079835 -0.909115
      outer loop
         vertex 0.00437957 0.0766521 -0.00897243
         vertex 0.00575546 0.0766881 -0.00809855
         vertex 0.00345356 0.0584228 -0.00788697
      endloop
   endfacet
   facet normal 0.425875 -0.0714703 -0.901955
      outer loop
         vertex 0.00425629 0.0583032 -0.00740232
         vertex 0.00482829 0.0643774 -0.00775707
         vertex 0.00657987 0.0644261 -0.00657432
      endloop
   endfacet
   facet normal 0.655115 -0.0558028 -0.753465
      outer loop
         vertex 0.00675935 0.0579301 -0.0058911
         vertex 0.00588989 0.0580597 -0.00641604
         vertex 0.00657987 0.0644261 -0.00657432
      endloop
   endfacet
   facet normal 0.773864 -0.0572869 -0.630756
      outer loop
         vertex 0.00804777 0.064487 -0.00509309
         vertex 0.0091972 0.064557 -0.00339057
         vertex 0.00850379 0.0573698 -0.00362133
      endloop
   endfacet
   facet normal 0.826056 -0.0371767 -0.562361
      outer loop
         vertex 0.00850379 0.0573698 -0.00362133
         vertex 0.0091972 0.064557 -0.00339057
         vertex 0.0100113 0.0646331 -0.00153906
      endloop
   endfacet
   facet normal 0.947329 -0.0314103 -0.318718
      outer loop
         vertex 0.0100113 0.0646331 -0.00153906
         vertex 0.0104799 0.0647127 0.000396247
         vertex 0.0101402 0.0564292 0.000188751
      endloop
   endfacet
   facet normal 0.999975 -0.00471095 0.00532721
      outer loop
         vertex 0.0106988 0.0715979 0.00209514
         vertex 0.0106937 0.071657 0.00220507
         vertex 0.0104621 0.0557886 0.0027836
      endloop
   endfacet
   facet normal 0.993099 0.00833765 0.116981
      outer loop
         vertex 0.0106237 0.0723466 0.00323187
         vertex 0.0105811 0.0726849 0.00354045
         vertex 0.0103141 0.0550065 0.00595191
      endloop
   endfacet
   facet normal 0.988332 0.0107718 0.151933
      outer loop
         vertex 0.0105818 0.0765559 0.00325564
         vertex 0.0105888 0.0771517 0.00317465
         vertex 0.0104339 0.0771876 0.00404819
      endloop
   endfacet
   facet normal 0.931074 0.0442743 0.362134
      outer loop
         vertex 0.00954864 0.0542898 0.00885503
         vertex 0.0100084 0.0649699 0.00664817
         vertex 0.00959962 0.0650087 0.00759267
      endloop
   endfacet
   facet normal 0.833947 0.081825 0.545745
      outer loop
         vertex 0.00902758 0.0539965 0.0100434
         vertex 0.00959962 0.0650087 0.00759267
         vertex 0.00901916 0.0650445 0.00846395
      endloop
   endfacet
   facet normal 0.65342 0.125412 0.746535
      outer loop
         vertex 0.00797466 0.053669 0.01137
         vertex 0.00901916 0.0650445 0.00846395
         vertex 0.00828287 0.0650756 0.0092204
      endloop
   endfacet
   facet normal 0.645508 0.122341 0.753891
      outer loop
         vertex 0.00828287 0.0650756 0.0092204
         vertex 0.00858073 0.0773092 0.00700513
         vertex 0.00830695 0.0773164 0.00717835
      endloop
   endfacet
   facet normal 0.417241 0.161763 0.894283
      outer loop
         vertex 0.00653662 0.0534407 0.0122948
         vertex 0.00722169 0.0773383 0.00771166
         vertex 0.00628846 0.0773527 0.0080624
      endloop
   endfacet
   facet normal 0.0955168 0.172604 0.980349
      outer loop
         vertex 0.00162934 0.0773984 0.00917341
         vertex 0.00111711 0.0531588 0.0134366
         vertex 0.00348244 0.0531926 0.0132998
      endloop
   endfacet
   facet normal -0.152784 0.171009 0.973351
      outer loop
         vertex -0.00260388 0.0773867 0.00888837
         vertex -0.0032697 0.0773816 0.00876411
         vertex -0.00229248 0.053166 0.0134076
      endloop
   endfacet
   facet normal -0.441084 0.153347 0.884268
      outer loop
         vertex -0.00760769 0.0773329 0.00758172
         vertex -0.00772216 0.0773308 0.00753049
         vertex -0.00594867 0.0533824 0.012531
      endloop
   endfacet
   facet normal -0.453373 0.152318 0.87821
      outer loop
         vertex -0.0078186 0.0773291 0.00748733
         vertex -0.00858659 0.0773044 0.00688692
         vertex -0.0068601 0.0534935 0.0120807
      endloop
   endfacet
   facet normal -0.751929 0.0942719 0.652469
      outer loop
         vertex -0.0093047 0.0772813 0.0063255
         vertex -0.00938233 0.077276 0.00619755
         vertex -0.00857189 0.0650648 0.0089566
      endloop
   endfacet
   facet normal -0.683611 0.119444 0.720007
      outer loop
         vertex -0.0081564 0.0537116 0.0111972
         vertex -0.00775821 0.0536446 0.0114686
         vertex -0.00857189 0.0650648 0.0089566
      endloop
   endfacet
   facet normal -0.873525 0.0685485 0.481928
      outer loop
         vertex -0.00922861 0.0541035 0.00961001
         vertex -0.0081564 0.0537116 0.0111972
         vertex -0.00925298 0.0650317 0.0081529
      endloop
   endfacet
   facet normal 0.993196 -0.0369224 -0.110446
      outer loop
         vertex 0.0106988 0.0770027 -0.000423406
         vertex 0.0106104 0.076595 -0.000929169
         vertex 0.0106023 0.0769832 -0.000902823
      endloop
   endfacet
   facet normal 0.975167 -0.0379399 -0.218196
      outer loop
         vertex 0.0104058 0.0725493 -0.00113559
         vertex 0.0100113 0.0646331 -0.00153906
         vertex 0.0091972 0.064557 -0.00339057
      endloop
   endfacet
   facet normal -0.901797 -0.0407137 -0.430238
      outer loop
         vertex -0.00949041 0.0645805 -0.00282005
         vertex -0.0101862 0.0769323 -0.00214675
         vertex -0.00962076 0.0768546 -0.00404809
      endloop
   endfacet
   facet normal -0.985247 -0.0418035 -0.165952
      outer loop
         vertex -0.0106021 0.0765565 -0.000976769
         vertex -0.0106989 0.0770027 -0.000422769
         vertex -0.0104406 0.0769672 -0.00129105
      endloop
   endfacet
   facet normal -0.991611 -0.0265899 -0.126492
      outer loop
         vertex -0.0105767 0.07169 2.45492e-06
         vertex -0.0104966 0.0720148 -0.000585727
         vertex -0.0101968 0.064658 -0.000935338
      endloop
   endfacet
   facet normal -0.987933 0.0108388 0.154503
      outer loop
         vertex -0.0105765 0.0765242 0.00329872
         vertex -0.0105647 0.0764145 0.00337343
         vertex -0.0105761 0.0771546 0.00324645
      endloop
   endfacet
   facet normal 0.991099 0.0096489 0.132776
      outer loop
         vertex 0.0106195 0.0771418 0.00293408
         vertex 0.0106136 0.0767456 0.00299766
         vertex 0.0106768 0.0771233 0.0024842
      endloop
   endfacet
   facet normal 0.997022 -0.0208392 -0.0742508
      outer loop
         vertex 0.0106314 0.0715304 0.000609006
         vertex 0.0104799 0.0647127 0.000396247
         vertex 0.0100113 0.0646331 -0.00153906
      endloop
   endfacet
   facet normal -0.712451 -0.0751052 -0.697691
      outer loop
         vertex -0.00759728 0.0767465 -0.00667848
         vertex -0.00714551 0.0767223 -0.00726575
         vertex -0.00707514 0.0644441 -0.00613614
      endloop
   endfacet
   facet normal -0.603786 -0.0776532 -0.793355
      outer loop
         vertex -0.00644807 0.0767049 -0.00768918
         vertex -0.00540776 0.0643912 -0.00742126
         vertex -0.00707514 0.0644441 -0.00613614
      endloop
   endfacet
   facet normal 0.578338 -0.0780612 -0.812054
      outer loop
         vertex 0.00613877 0.0766981 -0.00785509
         vertex 0.00732935 0.0767292 -0.00709891
         vertex 0.00657987 0.0644261 -0.00657432
      endloop
   endfacet
   facet normal 0.713916 -0.0750613 -0.696197
      outer loop
         vertex 0.00766735 0.0767449 -0.00671564
         vertex 0.00874645 0.0767953 -0.005492
         vertex 0.00804777 0.064487 -0.00509309
      endloop
   endfacet
   facet normal 0.890134 -0.0646728 -0.451086
      outer loop
         vertex 0.00945845 0.0768553 -0.00403326
         vertex 0.0100745 0.0769072 -0.00277107
         vertex 0.0091972 0.064557 -0.00339057
      endloop
   endfacet
   facet normal 0.932474 0.0350927 0.359529
      outer loop
         vertex 0.0101288 0.0772193 0.00481742
         vertex 0.00959962 0.0650087 0.00759267
         vertex 0.0100084 0.0649699 0.00664817
      endloop
   endfacet
   facet normal 0.850905 0.0659466 0.521165
      outer loop
         vertex 0.00979388 0.077254 0.00566164
         vertex 0.00901916 0.0650445 0.00846395
         vertex 0.00959962 0.0650087 0.00759267
      endloop
   endfacet
   facet normal 0.719757 0.102145 0.68667
      outer loop
         vertex 0.00908389 0.0772863 0.00644791
         vertex 0.00828287 0.0650756 0.0092204
         vertex 0.00901916 0.0650445 0.00846395
      endloop
   endfacet
   facet normal -0.817945 0.0823467 0.569372
      outer loop
         vertex -0.00925298 0.0650317 0.0081529
         vertex -0.00857189 0.0650648 0.0089566
         vertex -0.00938233 0.077276 0.00619755
      endloop
   endfacet
   facet normal -0.941577 0.0308486 0.335383
      outer loop
         vertex -0.0102347 0.0772153 0.00472072
         vertex -0.0102876 0.0772079 0.00454226
         vertex -0.00977143 0.0649946 0.0072497
      endloop
   endfacet
   facet normal 0 -0.92388 -0.382683
      outer loop
         vertex -0.008 0.0772132 0.00228749
         vertex -0.0106936 0.0771952 0.00228111
         vertex -0.0107348 0.0773719 0.00178193
      endloop
   endfacet
   facet normal 0 -0.976798 -0.214162
      outer loop
         vertex -0.0107348 0.0773719 0.00178193
         vertex -0.008 0.0774416 0.00113944
         vertex -0.008 0.0772132 0.00228749
      endloop
   endfacet
   facet normal 0 -0.976798 -0.214162
      outer loop
         vertex -0.0107348 0.0773719 0.00178193
         vertex -0.010739 0.0773816 0.00158159
         vertex -0.008 0.0774416 0.00113944
      endloop
   endfacet
   facet normal 0 -0.92388 0.382683
      outer loop
         vertex -0.008 0.0772132 -8.6083e-06
         vertex -0.008 0.0774416 0.00113944
         vertex -0.0107556 0.07742 0.000780275
      endloop
   endfacet
   facet normal 0 -1 -1.60812e-16
      outer loop
         vertex -0.008 0.0774416 0.00113944
         vertex -0.0107482 0.0774028 0.00113759
         vertex -0.0107556 0.07742 0.000780275
      endloop
   endfacet
   facet normal 0 -0.92388 0.382683
      outer loop
         vertex -0.008 0.0772132 -8.6083e-06
         vertex -0.0106989 0.0770027 -0.000422769
         vertex -0.0106021 0.0765565 -0.000976769
      endloop
   endfacet
   facet normal 0 -0.92388 0.382683
      outer loop
         vertex -0.008 0.0772132 -8.6083e-06
         vertex -0.0107193 0.0771411 -0.000169215
         vertex -0.0106989 0.0770027 -0.000422769
      endloop
   endfacet
   facet normal 0 -0.92388 0.382683
      outer loop
         vertex -0.008 0.0772132 -8.6083e-06
         vertex -0.0107257 0.0771902 -1.86305e-06
         vertex -0.0107193 0.0771411 -0.000169215
      endloop
   endfacet
   facet normal 0 -0.707107 0.707107
      outer loop
         vertex -0.008 0.0765629 -0.000981878
         vertex -0.0105928 0.0765138 -0.00102986
         vertex -0.010442 0.0756963 -0.00158557
      endloop
   endfacet
   facet normal 0 -0.707107 0.707107
      outer loop
         vertex -0.008 0.0765629 -0.000981878
         vertex -0.0106021 0.0765565 -0.000976769
         vertex -0.0105928 0.0765138 -0.00102986
      endloop
   endfacet
   facet normal 0 -0.418241 0.908336
      outer loop
         vertex -0.010442 0.0756963 -0.00158557
         vertex -0.008 0.0755896 -0.0016322
         vertex -0.008 0.0765629 -0.000981878
      endloop
   endfacet
   facet normal 0 -0.382683 0.92388
      outer loop
         vertex -0.008 0.0755896 -0.0016322
         vertex -0.0104289 0.0755852 -0.00161631
         vertex -0.0103321 0.0747664 -0.00184292
      endloop
   endfacet
   facet normal 0 -0.108284 0.99412
      outer loop
         vertex -0.0103321 0.0747664 -0.00184292
         vertex -0.008 0.0744416 -0.00186056
         vertex -0.008 0.0755896 -0.0016322
      endloop
   endfacet
   facet normal 0 2.44929e-16 1
      outer loop
         vertex -0.008 0.0744416 -0.00186056
         vertex -0.0103216 0.0744436 -0.00182476
         vertex -0.0103002 0.0737844 -0.00178769
      endloop
   endfacet
   facet normal 0 0.21906 0.975711
      outer loop
         vertex -0.0103002 0.0737844 -0.00178769
         vertex -0.008 0.0732935 -0.0016322
         vertex -0.008 0.0744416 -0.00186056
      endloop
   endfacet
   facet normal 0 0.382683 0.92388
      outer loop
         vertex -0.008 0.0732935 -0.0016322
         vertex -0.01033 0.07331 -0.00159222
         vertex -0.0103592 0.0728458 -0.00140098
      endloop
   endfacet
   facet normal 0 0.531902 0.846806
      outer loop
         vertex -0.0103592 0.0728458 -0.00140098
         vertex -0.008 0.0723202 -0.000981878
         vertex -0.008 0.0732935 -0.0016322
      endloop
   endfacet
   facet normal 0 0.707107 0.707107
      outer loop
         vertex -0.008 0.0723202 -0.000981878
         vertex -0.0104377 0.0723458 -0.000953374
         vertex -0.0104774 0.0720929 -0.000727038
      endloop
   endfacet
   facet normal 0 0.78289 0.62216
      outer loop
         vertex -0.0104774 0.0720929 -0.000727038
         vertex -0.008 0.0716699 -8.6083e-06
         vertex -0.008 0.0723202 -0.000981878
      endloop
   endfacet
   facet normal 0 0.78289 0.62216
      outer loop
         vertex -0.0104774 0.0720929 -0.000727038
         vertex -0.0104966 0.0720148 -0.000585727
         vertex -0.008 0.0716699 -8.6083e-06
      endloop
   endfacet
   facet normal 0 1 -1.83697e-16
      outer loop
         vertex -0.008 0.0714416 0.00113944
         vertex -0.008 0.0716699 -8.6083e-06
         vertex -0.0105961 0.071611 0.00014536
      endloop
   endfacet
   facet normal 0 0.92388 0.382683
      outer loop
         vertex -0.008 0.0716699 -8.6083e-06
         vertex -0.0105767 0.07169 2.45492e-06
         vertex -0.0105961 0.071611 0.00014536
      endloop
   endfacet
   facet normal 0 0.943504 0.331361
      outer loop
         vertex -0.0105961 0.071611 0.00014536
         vertex -0.0106702 0.0714416 0.00112004
         vertex -0.008 0.0714416 0.00113944
      endloop
   endfacet
   facet normal 0 0.999979 0.00646569
      outer loop
         vertex -0.0106702 0.0714416 0.00112004
         vertex -0.0106707 0.0714443 0.00113696
         vertex -0.008 0.0714416 0.00113944
      endloop
   endfacet
   facet normal 0 1 -1.83697e-16
      outer loop
         vertex -0.008 0.0714416 0.00113944
         vertex -0.0106708 0.0714446 0.00113895
         vertex -0.0106988 0.0715979 0.00209514
      endloop
   endfacet
   facet normal 0 0.9479 -0.318567
      outer loop
         vertex -0.0106988 0.0715979 0.00209514
         vertex -0.008 0.0716699 0.00228749
         vertex -0.008 0.0714416 0.00113944
      endloop
   endfacet
   facet normal 0 0.92388 -0.382683
      outer loop
         vertex -0.008 0.0716699 0.00228749
         vertex -0.0106728 0.0718997 0.00265596
         vertex -0.0106575 0.0720776 0.00298655
      endloop
   endfacet
   facet normal 0 0.787978 -0.615704
      outer loop
         vertex -0.0106575 0.0720776 0.00298655
         vertex -0.008 0.0723202 0.00326076
         vertex -0.008 0.0716699 0.00228749
      endloop
   endfacet
   facet normal 0 0.92388 -0.382683
      outer loop
         vertex -0.008 0.0716699 0.00228749
         vertex -0.0106905 0.0716943 0.00227436
         vertex -0.0106728 0.0718997 0.00265596
      endloop
   endfacet
   facet normal 0 0.382683 -0.92388
      outer loop
         vertex -0.008 0.0732935 0.00391108
         vertex -0.008 0.0723202 0.00326076
         vertex -0.0105642 0.0728193 0.00366297
      endloop
   endfacet
   facet normal 0 0.707107 -0.707107
      outer loop
         vertex -0.008 0.0723202 0.00326076
         vertex -0.0106237 0.0723466 0.00323187
         vertex -0.0105642 0.0728193 0.00366297
      endloop
   endfacet
   facet normal 0 0 -1
      outer loop
         vertex -0.008 0.0744416 0.00413944
         vertex -0.008 0.0732935 0.00391108
         vertex -0.0104793 0.0737232 0.00405217
      endloop
   endfacet
   facet normal 0 0.382683 -0.92388
      outer loop
         vertex -0.008 0.0732935 0.00391108
         vertex -0.0105181 0.0733095 0.00387402
         vertex -0.0105173 0.073319 0.00387812
      endloop
   endfacet
   facet normal 0 0.379275 -0.925284
      outer loop
         vertex -0.0105173 0.073319 0.00387812
         vertex -0.0104793 0.0737232 0.00405217
         vertex -0.008 0.0732935 0.00391108
      endloop
   endfacet
   facet normal 0 -0.382683 -0.92388
      outer loop
         vertex -0.008 0.0755896 0.00391108
         vertex -0.008 0.0744416 0.00413944
         vertex -0.0104483 0.074711 0.00412731
      endloop
   endfacet
   facet normal 0 0 -1
      outer loop
         vertex -0.008 0.0744416 0.00413944
         vertex -0.0104566 0.074444 0.004107
         vertex -0.0104483 0.074711 0.00412731
      endloop
   endfacet
   facet normal 0 -0.707107 -0.707107
      outer loop
         vertex -0.008 0.0765629 0.00326076
         vertex -0.008 0.0755896 0.00391108
         vertex -0.0104867 0.0756876 0.00386844
      endloop
   endfacet
   facet normal 0 -0.415341 -0.909666
      outer loop
         vertex -0.0104867 0.0756876 0.00386844
         vertex -0.0105647 0.0764145 0.00337343
         vertex -0.008 0.0765629 0.00326076
      endloop
   endfacet
   facet normal 0 -0.66196 -0.749539
      outer loop
         vertex -0.0105647 0.0764145 0.00337343
         vertex -0.0105765 0.0765242 0.00329872
         vertex -0.008 0.0765629 0.00326076
      endloop
   endfacet
   facet normal 0 -0.382683 -0.92388
      outer loop
         vertex -0.008 0.0755896 0.00391108
         vertex -0.0104827 0.0755855 0.00389551
         vertex -0.0104867 0.0756876 0.00386844
      endloop
   endfacet
   facet normal 0 -0.92388 -0.382683
      outer loop
         vertex -0.008 0.0772132 0.00228749
         vertex -0.008 0.0765629 0.00326076
         vertex -0.0105818 0.0765559 0.00325564
      endloop
   endfacet
   facet normal 0 -0.7068 -0.707414
      outer loop
         vertex -0.0105818 0.0765559 0.00325564
         vertex -0.0106768 0.0771233 0.0024842
         vertex -0.008 0.0772132 0.00228749
      endloop
   endfacet
   facet normal 0 -0.893908 -0.448251
      outer loop
         vertex -0.0106768 0.0771233 0.0024842
         vertex -0.0106936 0.0771952 0.00228111
         vertex -0.008 0.0772132 0.00228749
      endloop
   endfacet
   facet normal 0 -0.694224 -0.719759
      outer loop
         vertex -0.0105765 0.0765242 0.00329872
         vertex -0.0105818 0.0765559 0.00325564
         vertex -0.008 0.0765629 0.00326076
      endloop
   endfacet
   facet normal 0 -0.0898284 -0.995957
      outer loop
         vertex -0.0104483 0.074711 0.00412731
         vertex -0.0104827 0.0755855 0.00389551
         vertex -0.008 0.0755896 0.00391108
      endloop
   endfacet
   facet normal 0 0.239441 -0.970911
      outer loop
         vertex -0.0104793 0.0737232 0.00405217
         vertex -0.0104566 0.074444 0.004107
         vertex -0.008 0.0744416 0.00413944
      endloop
   endfacet
   facet normal 0 0.540761 -0.841176
      outer loop
         vertex -0.0105642 0.0728193 0.00366297
         vertex -0.0105181 0.0733095 0.00387402
         vertex -0.008 0.0732935 0.00391108
      endloop
   endfacet
   facet normal 0 0.787978 -0.615704
      outer loop
         vertex -0.0106575 0.0720776 0.00298655
         vertex -0.0106237 0.0723466 0.00323187
         vertex -0.008 0.0723202 0.00326076
      endloop
   endfacet
   facet normal 0 0.9479 -0.318567
      outer loop
         vertex -0.0106988 0.0715979 0.00209514
         vertex -0.0106905 0.0716943 0.00227436
         vertex -0.008 0.0716699 0.00228749
      endloop
   endfacet
   facet normal 0 1 0.000827422
      outer loop
         vertex -0.0106707 0.0714443 0.00113696
         vertex -0.0106708 0.0714446 0.00113895
         vertex -0.008 0.0714416 0.00113944
      endloop
   endfacet
   facet normal 0 0.815034 0.579413
      outer loop
         vertex -0.0104966 0.0720148 -0.000585727
         vertex -0.0105767 0.07169 2.45492e-06
         vertex -0.008 0.0716699 -8.6083e-06
      endloop
   endfacet
   facet normal 0 0.531902 0.846806
      outer loop
         vertex -0.0103592 0.0728458 -0.00140098
         vertex -0.0104377 0.0723458 -0.000953374
         vertex -0.008 0.0723202 -0.000981878
      endloop
   endfacet
   facet normal 0 0.21906 0.975711
      outer loop
         vertex -0.0103002 0.0737844 -0.00178769
         vertex -0.01033 0.07331 -0.00159222
         vertex -0.008 0.0732935 -0.0016322
      endloop
   endfacet
   facet normal 0 -0.108284 0.99412
      outer loop
         vertex -0.0103321 0.0747664 -0.00184292
         vertex -0.0103216 0.0744436 -0.00182476
         vertex -0.008 0.0744416 -0.00186056
      endloop
   endfacet
   facet normal 0 -0.418241 0.908336
      outer loop
         vertex -0.010442 0.0756963 -0.00158557
         vertex -0.0104289 0.0755852 -0.00161631
         vertex -0.008 0.0755896 -0.0016322
      endloop
   endfacet
   facet normal 0 -0.706902 0.707312
      outer loop
         vertex -0.0106021 0.0765565 -0.000976769
         vertex -0.008 0.0765629 -0.000981878
         vertex -0.008 0.0772132 -8.6083e-06
      endloop
   endfacet
   facet normal 0 -0.992807 0.119722
      outer loop
         vertex -0.0107556 0.07742 0.000780275
         vertex -0.0107257 0.0771902 -1.86305e-06
         vertex -0.008 0.0772132 -8.6083e-06
      endloop
   endfacet
   facet normal 0 -0.98888 -0.148717
      outer loop
         vertex -0.010739 0.0773816 0.00158159
         vertex -0.0107482 0.0774028 0.00113759
         vertex -0.008 0.0774416 0.00113944
      endloop
   endfacet
   facet normal -1 0 0
      outer loop
         vertex -0.008 0.0765629 -0.000981878
         vertex -0.008 0.0755896 -0.0016322
         vertex -0.008 0.0749199 -1.54074e-05
      endloop
   endfacet
   facet normal -1 0 0
      outer loop
         vertex -0.008 0.0755896 -0.0016322
         vertex -0.008 0.0744416 -0.00186056
         vertex -0.008 0.0744416 -0.000110558
      endloop
   endfacet
   facet normal -1 0 0
      outer loop
         vertex -0.008 0.0732935 -0.0016322
         vertex -0.008 0.0739632 -1.54074e-05
         vertex -0.008 0.0744416 -0.000110558
      endloop
   endfacet
   facet normal -1 0 0
      outer loop
         vertex -0.008 0.0723202 -0.000981878
         vertex -0.008 0.0735577 0.000255559
         vertex -0.008 0.0739632 -1.54074e-05
      endloop
   endfacet
   facet normal -1 0 0
      outer loop
         vertex -0.008 0.0772132 -8.6083e-06
         vertex -0.008 0.0755964 0.000661088
         vertex -0.008 0.0756916 0.00113944
      endloop
   endfacet
   facet normal -1 0 0
      outer loop
         vertex -0.008 0.0772132 -8.6083e-06
         vertex -0.008 0.0765629 -0.000981878
         vertex -0.008 0.0753254 0.000255559
      endloop
   endfacet
   facet normal -1 0 0
      outer loop
         vertex -0.008 0.0744416 -0.000110558
         vertex -0.008 0.0749199 -1.54074e-05
         vertex -0.008 0.0755896 -0.0016322
      endloop
   endfacet
   facet normal -1 0 0
      outer loop
         vertex -0.008 0.0739632 -1.54074e-05
         vertex -0.008 0.0732935 -0.0016322
         vertex -0.008 0.0723202 -0.000981878
      endloop
   endfacet
   facet normal -1 0 0
      outer loop
         vertex -0.008 0.0755896 0.00391108
         vertex -0.008 0.0749199 0.00229429
         vertex -0.008 0.0744416 0.00238944
      endloop
   endfacet
   facet normal -1 0 0
      outer loop
         vertex -0.008 0.0765629 0.00326076
         vertex -0.008 0.0753254 0.00202333
         vertex -0.008 0.0749199 0.00229429
      endloop
   endfacet
   facet normal -1 0 0
      outer loop
         vertex -0.008 0.0772132 0.00228749
         vertex -0.008 0.0755964 0.0016178
         vertex -0.008 0.0753254 0.00202333
      endloop
   endfacet
   facet normal -1 0 0
      outer loop
         vertex -0.008 0.0772132 0.00228749
         vertex -0.008 0.0774416 0.00113944
         vertex -0.008 0.0756916 0.00113944
      endloop
   endfacet
   facet normal -1 0 0
      outer loop
         vertex -0.008 0.0753254 0.000255559
         vertex -0.008 0.0755964 0.000661088
         vertex -0.008 0.0772132 -8.6083e-06
      endloop
   endfacet
   facet normal -1 0 0
      outer loop
         vertex -0.008 0.0744416 -0.000110558
         vertex -0.008 0.0744416 -0.00186056
         vertex -0.008 0.0732935 -0.0016322
      endloop
   endfacet
   facet normal -1 0 0
      outer loop
         vertex -0.008 0.0716699 -8.6083e-06
         vertex -0.008 0.0732867 0.000661088
         vertex -0.008 0.0735577 0.000255559
      endloop
   endfacet
   facet normal -1 0 0
      outer loop
         vertex -0.008 0.0716699 -8.6083e-06
         vertex -0.008 0.0714416 0.00113944
         vertex -0.008 0.0731916 0.00113944
      endloop
   endfacet
   facet normal -1 0 0
      outer loop
         vertex -0.008 0.0749199 0.00229429
         vertex -0.008 0.0755896 0.00391108
         vertex -0.008 0.0765629 0.00326076
      endloop
   endfacet
   facet normal -1 0 0
      outer loop
         vertex -0.008 0.0756916 0.00113944
         vertex -0.008 0.0755964 0.0016178
         vertex -0.008 0.0772132 0.00228749
      endloop
   endfacet
   facet normal -1 0 0
      outer loop
         vertex -0.008 0.0749199 -1.54074e-05
         vertex -0.008 0.0753254 0.000255559
         vertex -0.008 0.0765629 -0.000981878
      endloop
   endfacet
   facet normal -1 0 0
      outer loop
         vertex -0.008 0.0731916 0.00113944
         vertex -0.008 0.0732867 0.000661088
         vertex -0.008 0.0716699 -8.6083e-06
      endloop
   endfacet
   facet normal -1 0 0
      outer loop
         vertex -0.008 0.0716699 0.00228749
         vertex -0.008 0.0732867 0.0016178
         vertex -0.008 0.0731916 0.00113944
      endloop
   endfacet
   facet normal -1 0 0
      outer loop
         vertex -0.008 0.0716699 0.00228749
         vertex -0.008 0.0723202 0.00326076
         vertex -0.008 0.0735577 0.00202333
      endloop
   endfacet
   facet normal -1 0 0
      outer loop
         vertex -0.008 0.0723202 0.00326076
         vertex -0.008 0.0732935 0.00391108
         vertex -0.008 0.0739632 0.00229429
      endloop
   endfacet
   facet normal -1 0 0
      outer loop
         vertex -0.008 0.0732935 0.00391108
         vertex -0.008 0.0744416 0.00413944
         vertex -0.008 0.0744416 0.00238944
      endloop
   endfacet
   facet normal -1 0 0
      outer loop
         vertex -0.008 0.0753254 0.00202333
         vertex -0.008 0.0765629 0.00326076
         vertex -0.008 0.0772132 0.00228749
      endloop
   endfacet
   facet normal -1 0 0
      outer loop
         vertex -0.008 0.0735577 0.000255559
         vertex -0.008 0.0723202 -0.000981878
         vertex -0.008 0.0716699 -8.6083e-06
      endloop
   endfacet
   facet normal -1 0 0
      outer loop
         vertex -0.008 0.0735577 0.00202333
         vertex -0.008 0.0732867 0.0016178
         vertex -0.008 0.0716699 0.00228749
      endloop
   endfacet
   facet normal -1 0 0
      outer loop
         vertex -0.008 0.0744416 0.00238944
         vertex -0.008 0.0739632 0.00229429
         vertex -0.008 0.0732935 0.00391108
      endloop
   endfacet
   facet normal -1 0 0
      outer loop
         vertex -0.008 0.0756916 0.00113944
         vertex -0.008 0.0774416 0.00113944
         vertex -0.008 0.0772132 -8.6083e-06
      endloop
   endfacet
   facet normal -1 0 0
      outer loop
         vertex -0.008 0.0739632 0.00229429
         vertex -0.008 0.0735577 0.00202333
         vertex -0.008 0.0723202 0.00326076
      endloop
   endfacet
   facet normal -1 0 0
      outer loop
         vertex -0.008 0.0731916 0.00113944
         vertex -0.008 0.0714416 0.00113944
         vertex -0.008 0.0716699 0.00228749
      endloop
   endfacet
   facet normal -1 0 0
      outer loop
         vertex -0.008 0.0744416 0.00238944
         vertex -0.008 0.0744416 0.00413944
         vertex -0.008 0.0755896 0.00391108
      endloop
   endfacet
   facet normal 0 0.382683 0.92388
      outer loop
         vertex -0.005 0.0739632 -1.54074e-05
         vertex -0.005 0.0744416 -0.000110558
         vertex -0.008 0.0744416 -0.000110558
      endloop
   endfacet
   facet normal 0 0.707107 0.707107
      outer loop
         vertex -0.005 0.0735577 0.000255559
         vertex -0.005 0.0739632 -1.54074e-05
         vertex -0.008 0.0739632 -1.54074e-05
      endloop
   endfacet
   facet normal 0 0.92388 0.382683
      outer loop
         vertex -0.005 0.0732867 0.000661088
         vertex -0.005 0.0735577 0.000255559
         vertex -0.008 0.0735577 0.000255559
      endloop
   endfacet
   facet normal 0 1 -1.83697e-16
      outer loop
         vertex -0.005 0.0731916 0.00113944
         vertex -0.005 0.0732867 0.000661088
         vertex -0.008 0.0732867 0.000661088
      endloop
   endfacet
   facet normal 0 0.92388 -0.382683
      outer loop
         vertex -0.005 0.0732867 0.0016178
         vertex -0.005 0.0731916 0.00113944
         vertex -0.008 0.0731916 0.00113944
      endloop
   endfacet
   facet normal 0 0.707107 -0.707107
      outer loop
         vertex -0.005 0.0735577 0.00202333
         vertex -0.005 0.0732867 0.0016178
         vertex -0.008 0.0732867 0.0016178
      endloop
   endfacet
   facet normal 0 0.382683 -0.92388
      outer loop
         vertex -0.005 0.0739632 0.00229429
         vertex -0.005 0.0735577 0.00202333
         vertex -0.008 0.0735577 0.00202333
      endloop
   endfacet
   facet normal 0 0 -1
      outer loop
         vertex -0.005 0.0744416 0.00238944
         vertex -0.005 0.0739632 0.00229429
         vertex -0.008 0.0739632 0.00229429
      endloop
   endfacet
   facet normal 0 -0.382683 -0.92388
      outer loop
         vertex -0.005 0.0749199 0.00229429
         vertex -0.005 0.0744416 0.00238944
         vertex -0.008 0.0744416 0.00238944
      endloop
   endfacet
   facet normal 0 -0.707107 -0.707107
      outer loop
         vertex -0.005 0.0753254 0.00202333
         vertex -0.005 0.0749199 0.00229429
         vertex -0.008 0.0749199 0.00229429
      endloop
   endfacet
   facet normal 0 -0.92388 -0.382683
      outer loop
         vertex -0.005 0.0755964 0.0016178
         vertex -0.005 0.0753254 0.00202333
         vertex -0.008 0.0753254 0.00202333
      endloop
   endfacet
   facet normal 0 -1 -1.60812e-16
      outer loop
         vertex -0.005 0.0756916 0.00113944
         vertex -0.005 0.0755964 0.0016178
         vertex -0.008 0.0755964 0.0016178
      endloop
   endfacet
   facet normal 0 -0.92388 0.382683
      outer loop
         vertex -0.005 0.0755964 0.000661088
         vertex -0.005 0.0756916 0.00113944
         vertex -0.008 0.0756916 0.00113944
      endloop
   endfacet
   facet normal 0 -0.707107 0.707107
      outer loop
         vertex -0.005 0.0753254 0.000255559
         vertex -0.005 0.0755964 0.000661088
         vertex -0.008 0.0755964 0.000661088
      endloop
   endfacet
   facet normal 0 -0.382683 0.92388
      outer loop
         vertex -0.005 0.0749199 -1.54074e-05
         vertex -0.005 0.0753254 0.000255559
         vertex -0.008 0.0753254 0.000255559
      endloop
   endfacet
   facet normal 0 2.44929e-16 1
      outer loop
         vertex -0.005 0.0744416 -0.000110558
         vertex -0.005 0.0749199 -1.54074e-05
         vertex -0.008 0.0749199 -1.54074e-05
      endloop
   endfacet
   facet normal 0 -0.382683 0.92388
      outer loop
         vertex -0.008 0.0749199 -1.54074e-05
         vertex -0.008 0.0744416 -0.000110558
         vertex -0.005 0.0744416 -0.000110558
      endloop
   endfacet
   facet normal 0 -0.707107 0.707107
      outer loop
         vertex -0.008 0.0753254 0.000255559
         vertex -0.008 0.0749199 -1.54074e-05
         vertex -0.005 0.0749199 -1.54074e-05
      endloop
   endfacet
   facet normal 0 -0.92388 0.382683
      outer loop
         vertex -0.008 0.0755964 0.000661088
         vertex -0.008 0.0753254 0.000255559
         vertex -0.005 0.0753254 0.000255559
      endloop
   endfacet
   facet normal 0 -1 -1.60812e-16
      outer loop
         vertex -0.008 0.0756916 0.00113944
         vertex -0.008 0.0755964 0.000661088
         vertex -0.005 0.0755964 0.000661088
      endloop
   endfacet
   facet normal 0 -0.92388 -0.382683
      outer loop
         vertex -0.008 0.0755964 0.0016178
         vertex -0.008 0.0756916 0.00113944
         vertex -0.005 0.0756916 0.00113944
      endloop
   endfacet
   facet normal 0 -0.707107 -0.707107
      outer loop
         vertex -0.008 0.0753254 0.00202333
         vertex -0.008 0.0755964 0.0016178
         vertex -0.005 0.0755964 0.0016178
      endloop
   endfacet
   facet normal 0 -0.382683 -0.92388
      outer loop
         vertex -0.008 0.0749199 0.00229429
         vertex -0.008 0.0753254 0.00202333
         vertex -0.005 0.0753254 0.00202333
      endloop
   endfacet
   facet normal 0 0 -1
      outer loop
         vertex -0.008 0.0744416 0.00238944
         vertex -0.008 0.0749199 0.00229429
         vertex -0.005 0.0749199 0.00229429
      endloop
   endfacet
   facet normal 0 0.382683 -0.92388
      outer loop
         vertex -0.008 0.0739632 0.00229429
         vertex -0.008 0.0744416 0.00238944
         vertex -0.005 0.0744416 0.00238944
      endloop
   endfacet
   facet normal 0 0.707107 -0.707107
      outer loop
         vertex -0.008 0.0735577 0.00202333
         vertex -0.008 0.0739632 0.00229429
         vertex -0.005 0.0739632 0.00229429
      endloop
   endfacet
   facet normal 0 0.92388 -0.382683
      outer loop
         vertex -0.008 0.0732867 0.0016178
         vertex -0.008 0.0735577 0.00202333
         vertex -0.005 0.0735577 0.00202333
      endloop
   endfacet
   facet normal 0 1 -1.83697e-16
      outer loop
         vertex -0.008 0.0731916 0.00113944
         vertex -0.008 0.0732867 0.0016178
         vertex -0.005 0.0732867 0.0016178
      endloop
   endfacet
   facet normal 0 0.92388 0.382683
      outer loop
         vertex -0.008 0.0732867 0.000661088
         vertex -0.008 0.0731916 0.00113944
         vertex -0.005 0.0731916 0.00113944
      endloop
   endfacet
   facet normal 0 0.707107 0.707107
      outer loop
         vertex -0.008 0.0735577 0.000255559
         vertex -0.008 0.0732867 0.000661088
         vertex -0.005 0.0732867 0.000661088
      endloop
   endfacet
   facet normal 0 0.382683 0.92388
      outer loop
         vertex -0.008 0.0739632 -1.54074e-05
         vertex -0.008 0.0735577 0.000255559
         vertex -0.005 0.0735577 0.000255559
      endloop
   endfacet
   facet normal 0 2.44929e-16 1
      outer loop
         vertex -0.008 0.0744416 -0.000110558
         vertex -0.008 0.0739632 -1.54074e-05
         vertex -0.005 0.0739632 -1.54074e-05
      endloop
   endfacet
   facet normal 1 0 0
      outer loop
         vertex -0.005 0.0769116 0.00548675
         vertex -0.005 0.0749199 0.00229429
         vertex -0.005 0.0753254 0.00202333
      endloop
   endfacet
   facet normal 1 0 0
      outer loop
         vertex -0.005 0.0751344 0.0060912
         vertex -0.005 0.0744416 0.00238944
         vertex -0.005 0.0749199 0.00229429
      endloop
   endfacet
   facet normal 1 0 0
      outer loop
         vertex -0.005 0.0732596 0.00599774
         vertex -0.005 0.0739632 0.00229429
         vertex -0.005 0.0744416 0.00238944
      endloop
   endfacet
   facet normal 1 0 0
      outer loop
         vertex -0.005 0.0715514 0.00521955
         vertex -0.005 0.0735577 0.00202333
         vertex -0.005 0.0739632 0.00229429
      endloop
   endfacet
   facet normal 1 0 0
      outer loop
         vertex -0.005 0.0749199 0.00229429
         vertex -0.005 0.0769116 0.00548675
         vertex -0.005 0.0751344 0.0060912
      endloop
   endfacet
   facet normal 1 0 0
      outer loop
         vertex -0.005 0.0739632 0.00229429
         vertex -0.005 0.0732596 0.00599774
         vertex -0.005 0.0715514 0.00521955
      endloop
   endfacet
   facet normal 1 0 0
      outer loop
         vertex -0.005 0.0702506 0.00386629
         vertex -0.005 0.0732867 0.0016178
         vertex -0.005 0.0735577 0.00202333
      endloop
   endfacet
   facet normal 1 0 0
      outer loop
         vertex -0.005 0.0695404 0.00212871
         vertex -0.005 0.0731916 0.00113944
         vertex -0.005 0.0732867 0.0016178
      endloop
   endfacet
   facet normal 1 0 0
      outer loop
         vertex -0.005 0.0761979 -0.00354192
         vertex -0.005 0.0749199 -1.54074e-05
         vertex -0.005 0.0744416 -0.000110558
      endloop
   endfacet
   facet normal 1 0 0
      outer loop
         vertex -0.005 0.0778004 -0.00256436
         vertex -0.005 0.0753254 0.000255559
         vertex -0.005 0.0749199 -1.54074e-05
      endloop
   endfacet
   facet normal 1 0 0
      outer loop
         vertex -0.005 0.0789295 -0.00106478
         vertex -0.005 0.0755964 0.000661088
         vertex -0.005 0.0753254 0.000255559
      endloop
   endfacet
   facet normal 1 0 0
      outer loop
         vertex -0.005 0.079426 0.000745464
         vertex -0.005 0.0756916 0.00113944
         vertex -0.005 0.0755964 0.000661088
      endloop
   endfacet
   facet normal 1 0 0
      outer loop
         vertex -0.005 0.07922 0.00261124
         vertex -0.005 0.0755964 0.0016178
         vertex -0.005 0.0756916 0.00113944
      endloop
   endfacet
   facet normal 1 0 0
      outer loop
         vertex -0.005 0.0783406 0.00426958
         vertex -0.005 0.0753254 0.00202333
         vertex -0.005 0.0755964 0.0016178
      endloop
   endfacet
   facet normal 1 0 0
      outer loop
         vertex -0.005 0.0744416 0.00238944
         vertex -0.005 0.0751344 0.0060912
         vertex -0.005 0.0732596 0.00599774
      endloop
   endfacet
   facet normal 1 0 0
      outer loop
         vertex -0.005 0.0732867 0.0016178
         vertex -0.005 0.0702506 0.00386629
         vertex -0.005 0.0695404 0.00212871
      endloop
   endfacet
   facet normal 1 0 0
      outer loop
         vertex -0.005 0.0749199 -1.54074e-05
         vertex -0.005 0.0761979 -0.00354192
         vertex -0.005 0.0778004 -0.00256436
      endloop
   endfacet
   facet normal 1 0 0
      outer loop
         vertex -0.005 0.0755964 0.000661088
         vertex -0.005 0.0789295 -0.00106478
         vertex -0.005 0.079426 0.000745464
      endloop
   endfacet
   facet normal 1 0 0
      outer loop
         vertex -0.005 0.0755964 0.0016178
         vertex -0.005 0.07922 0.00261124
         vertex -0.005 0.0783406 0.00426958
      endloop
   endfacet
   facet normal 1 0 0
      outer loop
         vertex -0.005 0.0735577 0.00202333
         vertex -0.005 0.0715514 0.00521955
         vertex -0.005 0.0702506 0.00386629
      endloop
   endfacet
   facet normal 1 0 0
      outer loop
         vertex -0.005 0.0725111 -0.00347285
         vertex -0.005 0.0735577 0.000255559
         vertex -0.005 0.0732867 0.000661088
      endloop
   endfacet
   facet normal 1 0 0
      outer loop
         vertex -0.005 0.0743479 -0.00385968
         vertex -0.005 0.0744416 -0.000110558
         vertex -0.005 0.0739632 -1.54074e-05
      endloop
   endfacet
   facet normal 1 0 0
      outer loop
         vertex -0.005 0.0725111 -0.00347285
         vertex -0.005 0.0694458 0.000932438
         vertex -0.005 0.0698742 -0.000895138
      endloop
   endfacet
   facet normal 1 0 0
      outer loop
         vertex -0.005 0.0753254 0.000255559
         vertex -0.005 0.0778004 -0.00256436
         vertex -0.005 0.0789295 -0.00106478
      endloop
   endfacet
   facet normal 1 0 0
      outer loop
         vertex -0.005 0.0753254 0.00202333
         vertex -0.005 0.0783406 0.00426958
         vertex -0.005 0.0769116 0.00548675
      endloop
   endfacet
   facet normal 1 0 0
      outer loop
         vertex -0.005 0.0732867 0.000661088
         vertex -0.005 0.0695404 0.00212871
         vertex -0.005 0.0725111 -0.00347285
      endloop
   endfacet
   facet normal 1 0 0
      outer loop
         vertex -0.005 0.0739632 -1.54074e-05
         vertex -0.005 0.0725111 -0.00347285
         vertex -0.005 0.0743479 -0.00385968
      endloop
   endfacet
   facet normal 1 0 0
      outer loop
         vertex -0.005 0.0725111 -0.00347285
         vertex -0.005 0.0695404 0.00212871
         vertex -0.005 0.0694458 0.000932438
      endloop
   endfacet
   facet normal 1 0 0
      outer loop
         vertex -0.005 0.0695404 0.00212871
         vertex -0.005 0.0686681 0.00219765
         vertex -0.005 0.0689712 0.000969957
      endloop
   endfacet
   facet normal 1 0 0
      outer loop
         vertex -0.005 0.0756916 0.00113944
         vertex -0.005 0.079426 0.000745464
         vertex -0.005 0.07922 0.00261124
      endloop
   endfacet
   facet normal 1 0 0
      outer loop
         vertex -0.005 0.0739632 -1.54074e-05
         vertex -0.005 0.0735577 0.000255559
         vertex -0.005 0.0725111 -0.00347285
      endloop
   endfacet
   facet normal 1 0 0
      outer loop
         vertex -0.005 0.0689712 0.000969957
         vertex -0.005 0.0694458 0.000932438
         vertex -0.005 0.0695404 0.00212871
      endloop
   endfacet
   facet normal 1 0 0
      outer loop
         vertex -0.005 0.0732867 0.000661088
         vertex -0.005 0.0731916 0.00113944
         vertex -0.005 0.0695404 0.00212871
      endloop
   endfacet
   facet normal 1 0 0
      outer loop
         vertex -0.005 0.0744416 -0.000110558
         vertex -0.005 0.0743479 -0.00385968
         vertex -0.005 0.0761979 -0.00354192
      endloop
   endfacet
   facet normal 1 0 0
      outer loop
         vertex -0.005 0.0698742 -0.000895138
         vertex -0.005 0.0709463 -0.00243596
         vertex -0.005 0.0725111 -0.00347285
      endloop
   endfacet
   facet normal 0.939693 -0.332052 -0.0819715
      outer loop
         vertex -0.005 0.0686681 0.00219765
         vertex -0.0095 0.0556799 0.00322426
         vertex -0.0095 0.0559829 0.00199656
      endloop
   endfacet
   facet normal 0.939693 -0.332052 -0.0819715
      outer loop
         vertex -0.0095 0.0559829 0.00199656
         vertex -0.005 0.0689712 0.000969957
         vertex -0.005 0.0686681 0.00219765
      endloop
   endfacet
   facet normal 0 -0.0787956 -0.996891
      outer loop
         vertex -0.0096218 0.0694458 0.000932438
         vertex -0.005 0.0694458 0.000932438
         vertex -0.005 0.0689712 0.000969957
      endloop
   endfacet
   facet normal 0 -0.0787956 -0.996891
      outer loop
         vertex -0.0095 0.0559829 0.00199656
         vertex -0.00957361 0.0559829 0.00199656
         vertex -0.00961129 0.0665098 0.00116451
      endloop
   endfacet
   facet normal 0 -0.0787956 -0.996891
      outer loop
         vertex -0.00961129 0.0665098 0.00116451
         vertex -0.005 0.0689712 0.000969957
         vertex -0.0095 0.0559829 0.00199656
      endloop
   endfacet
   facet normal 0 -0.0787956 -0.996891
      outer loop
         vertex -0.005 0.0689712 0.000969957
         vertex -0.00961129 0.0665098 0.00116451
         vertex -0.0096218 0.0694458 0.000932438
      endloop
   endfacet
   facet normal 0 0.0787956 0.996891
      outer loop
         vertex -0.0095 0.0556799 0.00322426
         vertex -0.005 0.0686681 0.00219765
         vertex -0.00965228 0.0578002 0.00305667
      endloop
   endfacet
   facet normal 0 0.0787956 0.996891
      outer loop
         vertex -0.00968842 0.0695404 0.00212871
         vertex -0.00965228 0.0578002 0.00305667
         vertex -0.005 0.0686681 0.00219765
      endloop
   endfacet
   facet normal 0 0.0787956 0.996891
      outer loop
         vertex -0.005 0.0686681 0.00219765
         vertex -0.005 0.0695404 0.00212871
         vertex -0.00968842 0.0695404 0.00212871
      endloop
   endfacet
   facet normal 0 0.0787956 0.996891
      outer loop
         vertex -0.00965228 0.0578002 0.00305667
         vertex -0.00964575 0.0556799 0.00322426
         vertex -0.0095 0.0556799 0.00322426
      endloop
   endfacet
   facet normal 0 -0.999143 -0.0414007
      outer loop
         vertex -0.005 0.0694458 0.000932438
         vertex -0.00952198 0.0695606 5.48337e-05
         vertex -0.00931809 0.0699435 -0.000866326
      endloop
   endfacet
   facet normal 0 -0.999143 -0.0414007
      outer loop
         vertex -0.005 0.0694458 0.000932438
         vertex -0.0096218 0.0694458 0.000932438
         vertex -0.00952198 0.0695606 5.48337e-05
      endloop
   endfacet
   facet normal 0 -0.913466 -0.406916
      outer loop
         vertex -0.005 0.0698742 -0.000895138
         vertex -0.00916561 0.0702298 -0.00155524
         vertex -0.00888231 0.0709861 -0.00240027
      endloop
   endfacet
   facet normal 0 -0.913466 -0.406916
      outer loop
         vertex -0.005 0.0698742 -0.000895138
         vertex -0.00919557 0.0701736 -0.00141988
         vertex -0.00916561 0.0702298 -0.00155524
      endloop
   endfacet
   facet normal 0 -0.913466 -0.406916
      outer loop
         vertex -0.005 0.0698742 -0.000895138
         vertex -0.00931809 0.0699435 -0.000866326
         vertex -0.00919557 0.0701736 -0.00141988
      endloop
   endfacet
   facet normal 0 -0.699043 -0.71508
      outer loop
         vertex -0.005 0.0709463 -0.00243596
         vertex -0.00863101 0.0718914 -0.00309951
         vertex -0.00848989 0.0725141 -0.00346764
      endloop
   endfacet
   facet normal 0 -0.699043 -0.71508
      outer loop
         vertex -0.005 0.0709463 -0.00243596
         vertex -0.00876549 0.0712979 -0.00274871
         vertex -0.00863101 0.0718914 -0.00309951
      endloop
   endfacet
   facet normal 0 -0.699043 -0.71508
      outer loop
         vertex -0.005 0.0709463 -0.00243596
         vertex -0.00888231 0.0709861 -0.00240027
         vertex -0.00876549 0.0712979 -0.00274871
      endloop
   endfacet
   facet normal 0 -0.386096 -0.922459
      outer loop
         vertex -0.005 0.0725111 -0.00347285
         vertex -0.00848162 0.0725507 -0.00348922
         vertex -0.00838987 0.0740183 -0.00384261
      endloop
   endfacet
   facet normal 0 -0.386096 -0.922459
      outer loop
         vertex -0.005 0.0725111 -0.00347285
         vertex -0.00848989 0.0725141 -0.00346764
         vertex -0.00848162 0.0725507 -0.00348922
      endloop
   endfacet
   facet normal 0 -0.0846502 -0.996411
      outer loop
         vertex -0.00838987 0.0740183 -0.00384261
         vertex -0.005 0.0743479 -0.00385968
         vertex -0.005 0.0725111 -0.00347285
      endloop
   endfacet
   facet normal 0 0.351273 -0.936273
      outer loop
         vertex -0.005 0.0761979 -0.00354192
         vertex -0.005 0.0743479 -0.00385968
         vertex -0.00842811 0.0743443 -0.00381596
      endloop
   endfacet
   facet normal 0 -0.0196133 -0.999808
      outer loop
         vertex -0.00842811 0.0743443 -0.00381596
         vertex -0.00858338 0.0756683 -0.00370773
         vertex -0.005 0.0761979 -0.00354192
      endloop
   endfacet
   facet normal 0 0.671768 -0.740761
      outer loop
         vertex -0.005 0.0778004 -0.00256436
         vertex -0.005 0.0761979 -0.00354192
         vertex -0.00871902 0.0761829 -0.00350404
      endloop
   endfacet
   facet normal 0 0.351138 -0.936324
      outer loop
         vertex -0.00871902 0.0761829 -0.00350404
         vertex -0.0088986 0.0768643 -0.00323436
         vertex -0.005 0.0778004 -0.00256436
      endloop
   endfacet
   facet normal 0 0.484555 -0.874761
      outer loop
         vertex -0.0088986 0.0768643 -0.00323436
         vertex -0.0090377 0.0775589 -0.00276981
         vertex -0.005 0.0778004 -0.00256436
      endloop
   endfacet
   facet normal 0 0.897583 -0.440845
      outer loop
         vertex -0.005 0.0789295 -0.00106478
         vertex -0.00930809 0.0785372 -0.00167942
         vertex -0.00934333 0.0786647 -0.0015373
      endloop
   endfacet
   facet normal 0 0.897583 -0.440845
      outer loop
         vertex -0.005 0.0789295 -0.00106478
         vertex -0.005 0.0778004 -0.00256436
         vertex -0.0090957 0.0777687 -0.0025359
      endloop
   endfacet
   facet normal 0 0.671122 -0.741347
      outer loop
         vertex -0.0090957 0.0777687 -0.0025359
         vertex -0.00930809 0.0785372 -0.00167942
         vertex -0.005 0.0789295 -0.00106478
      endloop
   endfacet
   facet normal 0 0.996891 -0.0787956
      outer loop
         vertex -0.005 0.079426 0.000745464
         vertex -0.005 0.0789295 -0.00106478
         vertex -0.00941444 0.0788703 -0.00104028
      endloop
   endfacet
   facet normal 0 0.897217 -0.44159
      outer loop
         vertex -0.00941444 0.0788703 -0.00104028
         vertex -0.00957057 0.0793216 5.08991e-05
         vertex -0.005 0.079426 0.000745464
      endloop
   endfacet
   facet normal 0 0.955695 0.29436
      outer loop
         vertex -0.005 0.07922 0.00261124
         vertex -0.005 0.079426 0.000745464
         vertex -0.00962089 0.0794094 0.00170553
      endloop
   endfacet
   facet normal 0 0.996891 -0.0787956
      outer loop
         vertex -0.005 0.079426 0.000745464
         vertex -0.00960012 0.0793732 0.00102272
         vertex -0.00962089 0.0794094 0.00170553
      endloop
   endfacet
   facet normal 0 0.996891 -0.0787956
      outer loop
         vertex -0.005 0.079426 0.000745464
         vertex -0.0095918 0.0793587 0.000749038
         vertex -0.00960012 0.0793732 0.00102272
      endloop
   endfacet
   facet normal 0 0.955695 0.29436
      outer loop
         vertex -0.005 0.07922 0.00261124
         vertex -0.00938986 0.0786563 0.00372007
         vertex -0.00927232 0.0783031 0.00424432
      endloop
   endfacet
   facet normal 0 0.955695 0.29436
      outer loop
         vertex -0.005 0.07922 0.00261124
         vertex -0.00954913 0.0791597 0.00259429
         vertex -0.00949673 0.0789773 0.00324344
      endloop
   endfacet
   facet normal 0 0.907154 0.420799
      outer loop
         vertex -0.00949673 0.0789773 0.00324344
         vertex -0.00938986 0.0786563 0.00372007
         vertex -0.005 0.07922 0.00261124
      endloop
   endfacet
   facet normal 0 0.779801 0.626027
      outer loop
         vertex -0.005 0.0783406 0.00426958
         vertex -0.00883719 0.0772135 0.00530073
         vertex -0.0087447 0.0769008 0.00546645
      endloop
   endfacet
   facet normal 0 0.779801 0.626027
      outer loop
         vertex -0.005 0.0783406 0.00426958
         vertex -0.00927232 0.0783031 0.00424432
         vertex -0.0092033 0.0780958 0.00455212
      endloop
   endfacet
   facet normal 0 0.730853 0.682535
      outer loop
         vertex -0.0092033 0.0780958 0.00455212
         vertex -0.00906166 0.0777545 0.00484174
         vertex -0.005 0.0783406 0.00426958
      endloop
   endfacet
   facet normal 0 0.666832 0.745208
      outer loop
         vertex -0.00906166 0.0777545 0.00484174
         vertex -0.00883719 0.0772135 0.00530073
         vertex -0.005 0.0783406 0.00426958
      endloop
   endfacet
   facet normal 0 0.494001 0.869462
      outer loop
         vertex -0.005 0.0769116 0.00548675
         vertex -0.00857545 0.0763285 0.00576972
         vertex -0.0084984 0.0755052 0.00597902
      endloop
   endfacet
   facet normal 0 0.214663 0.976688
      outer loop
         vertex -0.0084984 0.0755052 0.00597902
         vertex -0.005 0.0751344 0.0060912
         vertex -0.005 0.0769116 0.00548675
      endloop
   endfacet
   facet normal 0 0.494001 0.869462
      outer loop
         vertex -0.005 0.0769116 0.00548675
         vertex -0.0087447 0.0769008 0.00546645
         vertex -0.00857545 0.0763285 0.00576972
      endloop
   endfacet
   facet normal 0 -0.236382 0.97166
      outer loop
         vertex -0.005 0.0732596 0.00599774
         vertex -0.005 0.0751344 0.0060912
         vertex -0.00846116 0.0749173 0.0061067
      endloop
   endfacet
   facet normal 0 0.138575 0.990352
      outer loop
         vertex -0.005 0.0751344 0.0060912
         vertex -0.00845066 0.0749951 0.00610871
         vertex -0.00846116 0.0749173 0.0061067
      endloop
   endfacet
   facet normal 0 0.0953489 0.995444
      outer loop
         vertex -0.00846116 0.0749173 0.0061067
         vertex -0.00863467 0.0736327 0.00607359
         vertex -0.005 0.0732596 0.00599774
      endloop
   endfacet
   facet normal 0 0.138575 0.990352
      outer loop
         vertex -0.005 0.0751344 0.0060912
         vertex -0.0084633 0.0751302 0.00607437
         vertex -0.00845066 0.0749951 0.00610871
      endloop
   endfacet
   facet normal 0 -0.578023 0.816021
      outer loop
         vertex -0.005 0.0715514 0.00521955
         vertex -0.00883644 0.0728861 0.0058181
         vertex -0.00906031 0.0720578 0.00553463
      endloop
   endfacet
   facet normal 0 -0.476752 0.879038
      outer loop
         vertex -0.00906031 0.0720578 0.00553463
         vertex -0.00914084 0.071757 0.00530182
         vertex -0.005 0.0715514 0.00521955
      endloop
   endfacet
   facet normal 0 -0.578023 0.816021
      outer loop
         vertex -0.005 0.0715514 0.00521955
         vertex -0.005 0.0732596 0.00599774
         vertex -0.00873123 0.0732754 0.00595132
      endloop
   endfacet
   facet normal 0 -0.235525 0.971868
      outer loop
         vertex -0.00873123 0.0732754 0.00595132
         vertex -0.00883644 0.0728861 0.0058181
         vertex -0.005 0.0715514 0.00521955
      endloop
   endfacet
   facet normal 0 -0.838196 0.54537
      outer loop
         vertex -0.005 0.0702506 0.00386629
         vertex -0.005 0.0715514 0.00521955
         vertex -0.00918594 0.0715886 0.00517145
      endloop
   endfacet
   facet normal 0 -0.577603 0.816318
      outer loop
         vertex -0.00918594 0.0715886 0.00517145
         vertex -0.00940137 0.070784 0.00454863
         vertex -0.005 0.0702506 0.00386629
      endloop
   endfacet
   facet normal 0 -0.731504 0.681837
      outer loop
         vertex -0.00940137 0.070784 0.00454863
         vertex -0.00951069 0.0703855 0.00396336
         vertex -0.005 0.0702506 0.00386629
      endloop
   endfacet
   facet normal 0 -0.980232 0.197853
      outer loop
         vertex -0.005 0.0695404 0.00212871
         vertex -0.005 0.0702506 0.00386629
         vertex -0.00953479 0.0702976 0.0038343
      endloop
   endfacet
   facet normal 0 -0.838327 0.545168
      outer loop
         vertex -0.00953479 0.0702976 0.0038343
         vertex -0.00963573 0.0699295 0.0032939
         vertex -0.005 0.0695404 0.00212871
      endloop
   endfacet
   facet normal 0 -0.902404 0.430891
      outer loop
         vertex -0.00963573 0.0699295 0.0032939
         vertex -0.00967452 0.0696431 0.00243609
         vertex -0.005 0.0695404 0.00212871
      endloop
   endfacet
   facet normal 0 -0.965376 0.260864
      outer loop
         vertex -0.00967452 0.0696431 0.00243609
         vertex -0.00968842 0.0695404 0.00212871
         vertex -0.005 0.0695404 0.00212871
      endloop
   endfacet
   facet normal 0 -0.820689 0.571376
      outer loop
         vertex -0.00951069 0.0703855 0.00396336
         vertex -0.00953479 0.0702976 0.0038343
         vertex -0.005 0.0702506 0.00386629
      endloop
   endfacet
   facet normal 0 -0.542001 0.840378
      outer loop
         vertex -0.00914084 0.071757 0.00530182
         vertex -0.00918594 0.0715886 0.00517145
         vertex -0.005 0.0715514 0.00521955
      endloop
   endfacet
   facet normal 0 -0.161769 0.986829
      outer loop
         vertex -0.00863467 0.0736327 0.00607359
         vertex -0.00873123 0.0732754 0.00595132
         vertex -0.005 0.0732596 0.00599774
      endloop
   endfacet
   facet normal 0 0.214663 0.976688
      outer loop
         vertex -0.0084984 0.0755052 0.00597902
         vertex -0.0084633 0.0751302 0.00607437
         vertex -0.005 0.0751344 0.0060912
      endloop
   endfacet
   facet normal 0 0.494116 0.869396
      outer loop
         vertex -0.0087447 0.0769008 0.00546645
         vertex -0.005 0.0769116 0.00548675
         vertex -0.005 0.0783406 0.00426958
      endloop
   endfacet
   facet normal 0 0.779329 0.626614
      outer loop
         vertex -0.00927232 0.0783031 0.00424432
         vertex -0.005 0.0783406 0.00426958
         vertex -0.005 0.07922 0.00261124
      endloop
   endfacet
   facet normal 0 0.99357 0.113217
      outer loop
         vertex -0.00962089 0.0794094 0.00170553
         vertex -0.00954913 0.0791597 0.00259429
         vertex -0.005 0.07922 0.00261124
      endloop
   endfacet
   facet normal 0 0.976014 -0.217709
      outer loop
         vertex -0.00957057 0.0793216 5.08991e-05
         vertex -0.0095918 0.0793587 0.000749038
         vertex -0.005 0.079426 0.000745464
      endloop
   endfacet
   facet normal 0 0.844631 -0.535349
      outer loop
         vertex -0.00934333 0.0786647 -0.0015373
         vertex -0.00941444 0.0788703 -0.00104028
         vertex -0.005 0.0789295 -0.00106478
      endloop
   endfacet
   facet normal 0 0.623465 -0.781851
      outer loop
         vertex -0.0090377 0.0775589 -0.00276981
         vertex -0.0090957 0.0777687 -0.0025359
         vertex -0.005 0.0778004 -0.00256436
      endloop
   endfacet
   facet normal 0 0.24535 -0.969434
      outer loop
         vertex -0.00858338 0.0756683 -0.00370773
         vertex -0.00871902 0.0761829 -0.00350404
         vertex -0.005 0.0761979 -0.00354192
      endloop
   endfacet
   facet normal 0 -0.0846502 -0.996411
      outer loop
         vertex -0.00838987 0.0740183 -0.00384261
         vertex -0.00842811 0.0743443 -0.00381596
         vertex -0.005 0.0743479 -0.00385968
      endloop
   endfacet
   facet normal 0 -0.385944 -0.922522
      outer loop
         vertex -0.00848989 0.0725141 -0.00346764
         vertex -0.005 0.0725111 -0.00347285
         vertex -0.005 0.0709463 -0.00243596
      endloop
   endfacet
   facet normal 0 -0.698538 -0.715573
      outer loop
         vertex -0.00888231 0.0709861 -0.00240027
         vertex -0.005 0.0709463 -0.00243596
         vertex -0.005 0.0698742 -0.000895138
      endloop
   endfacet
   facet normal 0 -0.913312 -0.407261
      outer loop
         vertex -0.00931809 0.0699435 -0.000866326
         vertex -0.005 0.0698742 -0.000895138
         vertex -0.005 0.0694458 0.000932438
      endloop
   endfacet
   facet normal 0 -0.970855 -0.239669
      outer loop
         vertex 0.00743516 0.0535833 0.011717
         vertex 0.00653662 0.0534407 0.0122948
         vertex 0.0063207 0.0537141 0.0111873
      endloop
   endfacet
   facet normal 0 -0.970855 -0.239669
      outer loop
         vertex 0.00546019 0.0536078 0.0116179
         vertex 0.0063207 0.0537141 0.0111873
         vertex 0.00653662 0.0534407 0.0122948
      endloop
   endfacet
   facet normal 0 -0.970855 -0.239669
      outer loop
         vertex 0.00465647 0.0532792 0.0129489
         vertex 0.00356137 0.0534847 0.0121163
         vertex 0.00528524 0.0535862 0.0117054
      endloop
   endfacet
   facet normal 0 -0.970855 -0.239669
      outer loop
         vertex 0.0103141 0.0550065 0.00595191
         vertex 0.00924168 0.054921 0.00629822
         vertex 0.00964575 0.0556799 0.00322426
      endloop
   endfacet
   facet normal 0 -0.970855 -0.239669
      outer loop
         vertex 0.00954864 0.0542898 0.00885503
         vertex 0.00842399 0.0542544 0.00899868
         vertex 0.00911229 0.054678 0.00728262
      endloop
   endfacet
   facet normal 0 -0.970855 -0.239669
      outer loop
         vertex 0.00653662 0.0534407 0.0122948
         vertex 0.00626922 0.0533982 0.0124668
         vertex 0.00546019 0.0536078 0.0116179
      endloop
   endfacet
   facet normal 0 -0.970855 -0.239669
      outer loop
         vertex 0.00528524 0.0535862 0.0117054
         vertex 0.00626922 0.0533982 0.0124668
         vertex 0.00465647 0.0532792 0.0129489
      endloop
   endfacet
   facet normal 0 -0.970855 -0.239669
      outer loop
         vertex 5.94386e-06 0.053418 0.0123868
         vertex -0.00153224 0.053121 0.0135899
         vertex -0.00229248 0.053166 0.0134076
      endloop
   endfacet
   facet normal 0 -0.970855 -0.239669
      outer loop
         vertex -0.00633545 0.0534052 0.0124383
         vertex -0.0068601 0.0534935 0.0120807
         vertex -0.00635366 0.0536968 0.0112572
      endloop
   endfacet
   facet normal 0 -0.970855 -0.239669
      outer loop
         vertex -0.00229248 0.053166 0.0134076
         vertex -0.00594867 0.0533824 0.012531
         vertex -0.0035639 0.053477 0.0121478
      endloop
   endfacet
   facet normal 0 -0.970855 -0.239669
      outer loop
         vertex 0.00964575 0.0556799 0.00322426
         vertex 0.0104621 0.0557886 0.0027836
         vertex 0.0103141 0.0550065 0.00595191
      endloop
   endfacet
   facet normal 0 -0.970855 -0.239669
      outer loop
         vertex 0.00911229 0.054678 0.00728262
         vertex 0.0102763 0.054807 0.00676003
         vertex 0.00954864 0.0542898 0.00885503
      endloop
   endfacet
   facet normal 0 -0.970855 -0.239669
      outer loop
         vertex 0.00922009 0.0540563 0.00980089
         vertex 0.00902758 0.0539965 0.0100434
         vertex 0.0082286 0.0541341 0.00948583
      endloop
   endfacet
   facet normal 0 -0.970855 -0.239669
      outer loop
         vertex 0.00626922 0.0533982 0.0124668
         vertex 0.00528524 0.0535862 0.0117054
         vertex 0.00546019 0.0536078 0.0116179
      endloop
   endfacet
   facet normal 0 -0.970855 -0.239669
      outer loop
         vertex 0.00348244 0.0531926 0.0132998
         vertex 0.00215434 0.053402 0.0124516
         vertex 0.00356137 0.0534847 0.0121163
      endloop
   endfacet
   facet normal 0 -0.970855 -0.239669
      outer loop
         vertex 5.94386e-06 0.053418 0.0123868
         vertex 0.00111711 0.0531588 0.0134366
         vertex -0.00153224 0.053121 0.0135899
      endloop
   endfacet
   facet normal 0 -0.970855 -0.239669
      outer loop
         vertex 0.00111711 0.0531588 0.0134366
         vertex 5.94386e-06 0.053418 0.0123868
         vertex 0.00215434 0.053402 0.0124516
      endloop
   endfacet
   facet normal 0 -0.970855 -0.239669
      outer loop
         vertex -0.00544338 0.0536251 0.0115478
         vertex -0.00594867 0.0533824 0.012531
         vertex -0.00633545 0.0534052 0.0124383
      endloop
   endfacet
   facet normal 0 -0.970855 -0.239669
      outer loop
         vertex -0.00594867 0.0533824 0.012531
         vertex -0.00544338 0.0536251 0.0115478
         vertex -0.0035639 0.053477 0.0121478
      endloop
   endfacet
   facet normal 0 -0.970855 -0.239669
      outer loop
         vertex -0.00910524 0.0549309 0.006258
         vertex -0.0100363 0.0547748 0.00689067
         vertex -0.0106286 0.055443 0.00418386
      endloop
   endfacet
   facet normal 0 -0.970855 -0.239669
      outer loop
         vertex 0.0102763 0.054807 0.00676003
         vertex 0.00911229 0.054678 0.00728262
         vertex 0.00924168 0.054921 0.00629822
      endloop
   endfacet
   facet normal 0 -0.970855 -0.239669
      outer loop
         vertex 0.0082286 0.0541341 0.00948583
         vertex 0.00842399 0.0542544 0.00899868
         vertex 0.00922009 0.0540563 0.00980089
      endloop
   endfacet
   facet normal 0 -0.970855 -0.239669
      outer loop
         vertex 0.00797466 0.053669 0.01137
         vertex 0.00712847 0.0538379 0.0106856
         vertex 0.0082286 0.0541341 0.00948583
      endloop
   endfacet
   facet normal 0 -0.970855 -0.239669
      outer loop
         vertex 0.00797466 0.053669 0.01137
         vertex 0.00743516 0.0535833 0.011717
         vertex 0.00696333 0.0537935 0.0108657
      endloop
   endfacet
   facet normal 0 -0.970855 -0.239669
      outer loop
         vertex 0.00465647 0.0532792 0.0129489
         vertex 0.00348244 0.0531926 0.0132998
         vertex 0.00356137 0.0534847 0.0121163
      endloop
   endfacet
   facet normal 0 -0.970855 -0.239669
      outer loop
         vertex 0.00215434 0.053402 0.0124516
         vertex 0.00348244 0.0531926 0.0132998
         vertex 0.00111711 0.0531588 0.0134366
      endloop
   endfacet
   facet normal 0 -0.970855 -0.239669
      outer loop
         vertex -0.0035639 0.053477 0.0121478
         vertex -0.00310998 0.0534412 0.0122928
         vertex -0.00229248 0.053166 0.0134076
      endloop
   endfacet
   facet normal 0 -0.970855 -0.239669
      outer loop
         vertex -0.00710695 0.0538475 0.010647
         vertex -0.00775821 0.0536446 0.0114686
         vertex -0.0081564 0.0537116 0.0111972
      endloop
   endfacet
   facet normal 0 -0.970855 -0.239669
      outer loop
         vertex -0.00775821 0.0536446 0.0114686
         vertex -0.00710695 0.0538475 0.010647
         vertex -0.00636221 0.0536975 0.0112545
      endloop
   endfacet
   facet normal 0 -0.970855 -0.239669
      outer loop
         vertex -0.00954304 0.0542184 0.00914455
         vertex -0.00869527 0.0543629 0.00855909
         vertex -0.00843188 0.054254 0.00900029
      endloop
   endfacet
   facet normal 0 -0.970855 -0.239669
      outer loop
         vertex -0.00922861 0.0541035 0.00961001
         vertex -0.00843188 0.054254 0.00900029
         vertex -0.00777329 0.0539816 0.0101035
      endloop
   endfacet
   facet normal 0 -0.970855 -0.239669
      outer loop
         vertex -0.0106286 0.055443 0.00418386
         vertex -0.00964575 0.0556799 0.00322426
         vertex -0.00910524 0.0549309 0.006258
      endloop
   endfacet
   facet normal 0 -0.970855 -0.239669
      outer loop
         vertex -0.0100363 0.0547748 0.00689067
         vertex -0.00910524 0.0549309 0.006258
         vertex -0.00869527 0.0543629 0.00855909
      endloop
   endfacet
   facet normal 0 -0.970855 -0.239669
      outer loop
         vertex 0.00954864 0.0542898 0.00885503
         vertex 0.00922009 0.0540563 0.00980089
         vertex 0.00842399 0.0542544 0.00899868
      endloop
   endfacet
   facet normal 0 -0.970855 -0.239669
      outer loop
         vertex 0.00696333 0.0537935 0.0108657
         vertex 0.00712847 0.0538379 0.0106856
         vertex 0.00797466 0.053669 0.01137
      endloop
   endfacet
   facet normal 0 -0.970855 -0.239669
      outer loop
         vertex -0.00229248 0.053166 0.0134076
         vertex -0.00310998 0.0534412 0.0122928
         vertex 5.94386e-06 0.053418 0.0123868
      endloop
   endfacet
   facet normal 0 -0.970855 -0.239669
      outer loop
         vertex -0.0068601 0.0534935 0.0120807
         vertex -0.00636221 0.0536975 0.0112545
         vertex -0.00635366 0.0536968 0.0112572
      endloop
   endfacet
   facet normal 0 -0.970855 -0.239669
      outer loop
         vertex -0.00636221 0.0536975 0.0112545
         vertex -0.0068601 0.0534935 0.0120807
         vertex -0.00775821 0.0536446 0.0114686
      endloop
   endfacet
   facet normal 0 -0.970855 -0.239669
      outer loop
         vertex -0.00777329 0.0539816 0.0101035
         vertex -0.0081564 0.0537116 0.0111972
         vertex -0.00922861 0.0541035 0.00961001
      endloop
   endfacet
   facet normal 0 -0.970855 -0.239669
      outer loop
         vertex -0.00869527 0.0543629 0.00855909
         vertex -0.00954304 0.0542184 0.00914455
         vertex -0.0100363 0.0547748 0.00689067
      endloop
   endfacet
   facet normal 0 -0.970855 -0.239669
      outer loop
         vertex -0.010254 0.0562489 0.000919237
         vertex -0.00914725 0.0564961 -8.22423e-05
         vertex -0.00957361 0.0559829 0.00199656
      endloop
   endfacet
   facet normal 0 -0.970855 -0.239669
      outer loop
         vertex -0.00335265 0.0581391 -0.0067378
         vertex -0.00491713 0.057947 -0.00595941
         vertex -0.00480114 0.0582362 -0.00713103
      endloop
   endfacet
   facet normal 0 -0.970855 -0.239669
      outer loop
         vertex -0.00267407 0.0582225 -0.00707542
         vertex -0.00335265 0.0581391 -0.0067378
         vertex -0.00321246 0.0584441 -0.00797324
      endloop
   endfacet
   facet normal 0 -0.970855 -0.239669
      outer loop
         vertex 0.0082286 0.0541341 0.00948583
         vertex 0.00902758 0.0539965 0.0100434
         vertex 0.00797466 0.053669 0.01137
      endloop
   endfacet
   facet normal 0 -0.970855 -0.239669
      outer loop
         vertex -0.00635366 0.0536968 0.0112572
         vertex -0.00544338 0.0536251 0.0115478
         vertex -0.00633545 0.0534052 0.0124383
      endloop
   endfacet
   facet normal 0 -0.970855 -0.239669
      outer loop
         vertex -0.00843188 0.054254 0.00900029
         vertex -0.00922861 0.0541035 0.00961001
         vertex -0.00954304 0.0542184 0.00914455
      endloop
   endfacet
   facet normal 0 -0.970855 -0.239669
      outer loop
         vertex -0.010581 0.0555454 0.00376889
         vertex -0.00957361 0.0559829 0.00199656
         vertex -0.00964575 0.0556799 0.00322426
      endloop
   endfacet
   facet normal 0 -0.970855 -0.239669
      outer loop
         vertex -0.00957361 0.0559829 0.00199656
         vertex -0.010581 0.0555454 0.00376889
         vertex -0.010254 0.0562489 0.000919237
      endloop
   endfacet
   facet normal 0 -0.970855 -0.239669
      outer loop
         vertex -0.00842659 0.0574739 -0.00404321
         vertex -0.00745306 0.0573809 -0.00366633
         vertex -0.00751556 0.0573518 -0.00354852
      endloop
   endfacet
   facet normal 0 -0.970855 -0.239669
      outer loop
         vertex -0.00901656 0.0566534 -0.000719464
         vertex -0.0100651 0.0566554 -0.000727474
         vertex -0.00887469 0.0572501 -0.0031364
      endloop
   endfacet
   facet normal 0 -0.970855 -0.239669
      outer loop
         vertex -0.00525675 0.0579053 -0.00579043
         vertex -0.00745306 0.0573809 -0.00366633
         vertex -0.00774872 0.0576446 -0.00473462
      endloop
   endfacet
   facet normal 0 -0.970855 -0.239669
      outer loop
         vertex -0.00321246 0.0584441 -0.00797324
         vertex -0.00311171 0.0584483 -0.00799025
         vertex -0.00267407 0.0582225 -0.00707542
      endloop
   endfacet
   facet normal 0 -0.970855 -0.239669
      outer loop
         vertex -0.00604649 0.0580732 -0.00647084
         vertex -0.00480114 0.0582362 -0.00713103
         vertex -0.00491713 0.057947 -0.00595941
      endloop
   endfacet
   facet normal 0 -0.970855 -0.239669
      outer loop
         vertex 0.000637551 0.058548 -0.00839414
         vertex 0.00251475 0.0584646 -0.00805605
         vertex 0.00169649 0.0582471 -0.00717524
      endloop
   endfacet
   facet normal 0 -0.970855 -0.239669
      outer loop
         vertex 0.00425629 0.0583032 -0.00740232
         vertex 0.00588989 0.0580597 -0.00641604
         vertex 0.00485078 0.0579247 -0.00586917
      endloop
   endfacet
   facet normal 0 -0.970855 -0.239669
      outer loop
         vertex 0.0063429 0.0576858 -0.00490133
         vertex 0.00485078 0.0579247 -0.00586917
         vertex 0.00588989 0.0580597 -0.00641604
      endloop
   endfacet
   facet normal 0 -0.970855 -0.239669
      outer loop
         vertex 0.00957361 0.0559829 0.00199656
         vertex 0.00906185 0.0564893 -5.4449e-05
         vertex 0.0101402 0.0564292 0.000188751
      endloop
   endfacet
   facet normal 0 -0.970855 -0.239669
      outer loop
         vertex 0.00964575 0.0556799 0.00322426
         vertex 0.0095 0.0559829 0.00199656
         vertex 0.00957361 0.0559829 0.00199656
      endloop
   endfacet
   facet normal 0 -0.970855 -0.239669
      outer loop
         vertex 0.0063207 0.0537141 0.0111873
         vertex 0.00696333 0.0537935 0.0108657
         vertex 0.00743516 0.0535833 0.011717
      endloop
   endfacet
   facet normal 0 -0.970855 -0.239669
      outer loop
         vertex -0.0106286 0.055443 0.00418386
         vertex -0.010581 0.0555454 0.00376889
         vertex -0.00964575 0.0556799 0.00322426
      endloop
   endfacet
   facet normal 0 -0.970855 -0.239669
      outer loop
         vertex -0.0100651 0.0566554 -0.000727474
         vertex -0.00901656 0.0566534 -0.000719464
         vertex -0.00914725 0.0564961 -8.22423e-05
      endloop
   endfacet
   facet normal 0 -0.970855 -0.239669
      outer loop
         vertex -0.00887469 0.0572501 -0.0031364
         vertex -0.00751556 0.0573518 -0.00354852
         vertex -0.00901656 0.0566534 -0.000719464
      endloop
   endfacet
   facet normal 0 -0.970855 -0.239669
      outer loop
         vertex -0.00745306 0.0573809 -0.00366633
         vertex -0.00842659 0.0574739 -0.00404321
         vertex -0.00774872 0.0576446 -0.00473462
      endloop
   endfacet
   facet normal 0 -0.970855 -0.239669
      outer loop
         vertex -0.00491713 0.057947 -0.00595941
         vertex -0.00525675 0.0579053 -0.00579043
         vertex -0.00604649 0.0580732 -0.00647084
      endloop
   endfacet
   facet normal 0 -0.970855 -0.239669
      outer loop
         vertex 4.80519e-06 0.0583158 -0.00745335
         vertex -0.00171161 0.058256 -0.0072112
         vertex -0.00123317 0.0585266 -0.00830733
      endloop
   endfacet
   facet normal 0 -0.970855 -0.239669
      outer loop
         vertex 0.000232405 0.0583237 -0.00748546
         vertex -1.86698e-05 0.0585772 -0.00851232
         vertex 0.000637551 0.058548 -0.00839414
      endloop
   endfacet
   facet normal 0 -0.970855 -0.239669
      outer loop
         vertex 0.00339065 0.0581585 -0.00681626
         vertex 0.00169649 0.0582471 -0.00717524
         vertex 0.00251475 0.0584646 -0.00805605
      endloop
   endfacet
   facet normal 0 -0.970855 -0.239669
      outer loop
         vertex 0.00425629 0.0583032 -0.00740232
         vertex 0.0033918 0.0581583 -0.00681551
         vertex 0.00339065 0.0581585 -0.00681626
      endloop
   endfacet
   facet normal 0 -0.970855 -0.239669
      outer loop
         vertex 0.00588989 0.0580597 -0.00641604
         vertex 0.00675935 0.0579301 -0.0058911
         vertex 0.0063429 0.0576858 -0.00490133
      endloop
   endfacet
   facet normal 0 -0.970855 -0.239669
      outer loop
         vertex 0.00850379 0.0573698 -0.00362133
         vertex 0.00737175 0.057326 -0.00344376
         vertex 0.0063429 0.0576858 -0.00490133
      endloop
   endfacet
   facet normal 0 -0.970855 -0.239669
      outer loop
         vertex 0.00867786 0.0568692 -0.00159339
         vertex 0.00737175 0.057326 -0.00344376
         vertex 0.00850379 0.0573698 -0.00362133
      endloop
   endfacet
   facet normal 0 -0.970855 -0.239669
      outer loop
         vertex 0.0101402 0.0564292 0.000188751
         vertex 0.00906185 0.0564893 -5.4449e-05
         vertex 0.00867786 0.0568692 -0.00159339
      endloop
   endfacet
   facet normal 0 -0.970855 -0.239669
      outer loop
         vertex 0.0101402 0.0564292 0.000188751
         vertex 0.0105223 0.0561064 0.00149662
         vertex 0.00957361 0.0559829 0.00199656
      endloop
   endfacet
   facet normal 0 -0.970855 -0.239669
      outer loop
         vertex 0.00957361 0.0559829 0.00199656
         vertex 0.0104621 0.0557886 0.0027836
         vertex 0.00964575 0.0556799 0.00322426
      endloop
   endfacet
   facet normal 0 -0.970855 -0.239669
      outer loop
         vertex -0.0081564 0.0537116 0.0111972
         vertex -0.00777329 0.0539816 0.0101035
         vertex -0.00710695 0.0538475 0.010647
      endloop
   endfacet
   facet normal 0 -0.970855 -0.239669
      outer loop
         vertex -0.00751556 0.0573518 -0.00354852
         vertex -0.00887469 0.0572501 -0.0031364
         vertex -0.00842659 0.0574739 -0.00404321
      endloop
   endfacet
   facet normal 0 -0.970855 -0.239669
      outer loop
         vertex -0.00480114 0.0582362 -0.00713103
         vertex -0.00321246 0.0584441 -0.00797324
         vertex -0.00335265 0.0581391 -0.0067378
      endloop
   endfacet
   facet normal 0 -0.970855 -0.239669
      outer loop
         vertex -1.86698e-05 0.0585772 -0.00851232
         vertex 0.000232405 0.0583237 -0.00748546
         vertex 4.80519e-06 0.0583158 -0.00745335
      endloop
   endfacet
   facet normal 0 -0.970855 -0.239669
      outer loop
         vertex -0.00311171 0.0584483 -0.00799025
         vertex -0.00123317 0.0585266 -0.00830733
         vertex -0.00171161 0.058256 -0.0072112
      endloop
   endfacet
   facet normal 0 -0.970855 -0.239669
      outer loop
         vertex 0.00251475 0.0584646 -0.00805605
         vertex 0.00345356 0.0584228 -0.00788697
         vertex 0.00339065 0.0581585 -0.00681626
      endloop
   endfacet
   facet normal 0 -0.970855 -0.239669
      outer loop
         vertex 0.00485078 0.0579247 -0.00586917
         vertex 0.0033918 0.0581583 -0.00681551
         vertex 0.00425629 0.0583032 -0.00740232
      endloop
   endfacet
   facet normal 0 -0.970855 -0.239669
      outer loop
         vertex 0.00850379 0.0573698 -0.00362133
         vertex 0.00934828 0.0570985 -0.00252252
         vertex 0.00867786 0.0568692 -0.00159339
      endloop
   endfacet
   facet normal 0 -0.970855 -0.239669
      outer loop
         vertex 0.0105223 0.0561064 0.00149662
         vertex 0.0104621 0.0557886 0.0027836
         vertex 0.00957361 0.0559829 0.00199656
      endloop
   endfacet
   facet normal 0 -0.970855 -0.239669
      outer loop
         vertex 0.0103141 0.0550065 0.00595191
         vertex 0.0102763 0.054807 0.00676003
         vertex 0.00924168 0.054921 0.00629822
      endloop
   endfacet
   facet normal 0 -0.970855 -0.239669
      outer loop
         vertex -0.0095 0.0556799 0.00322426
         vertex -0.00964575 0.0556799 0.00322426
         vertex -0.00957361 0.0559829 0.00199656
      endloop
   endfacet
   facet normal 0 -0.970855 -0.239669
      outer loop
         vertex -0.00774872 0.0576446 -0.00473462
         vertex -0.00604649 0.0580732 -0.00647084
         vertex -0.00525675 0.0579053 -0.00579043
      endloop
   endfacet
   facet normal 0 -0.970855 -0.239669
      outer loop
         vertex -0.00171161 0.058256 -0.0072112
         vertex -0.00267407 0.0582225 -0.00707542
         vertex -0.00311171 0.0584483 -0.00799025
      endloop
   endfacet
   facet normal 0 -0.970855 -0.239669
      outer loop
         vertex 0.00339065 0.0581585 -0.00681626
         vertex 0.00345356 0.0584228 -0.00788697
         vertex 0.00425629 0.0583032 -0.00740232
      endloop
   endfacet
   facet normal 0 -0.970855 -0.239669
      outer loop
         vertex 0.00867786 0.0568692 -0.00159339
         vertex 0.00934828 0.0570985 -0.00252252
         vertex 0.0101402 0.0564292 0.000188751
      endloop
   endfacet
   facet normal 0 -0.970855 -0.239669
      outer loop
         vertex -0.00957361 0.0559829 0.00199656
         vertex -0.0095 0.0559829 0.00199656
         vertex -0.0095 0.0556799 0.00322426
      endloop
   endfacet
   facet normal 0 -0.970855 -0.239669
      outer loop
         vertex -0.00123317 0.0585266 -0.00830733
         vertex -1.86698e-05 0.0585772 -0.00851232
         vertex 4.80519e-06 0.0583158 -0.00745335
      endloop
   endfacet
   facet normal 0 -0.970855 -0.239669
      outer loop
         vertex 0.0063429 0.0576858 -0.00490133
         vertex 0.00675935 0.0579301 -0.0058911
         vertex 0.00850379 0.0573698 -0.00362133
      endloop
   endfacet
   facet normal 0 -0.970855 -0.239669
      outer loop
         vertex -0.010254 0.0562489 0.000919237
         vertex -0.0100651 0.0566554 -0.000727474
         vertex -0.00914725 0.0564961 -8.22423e-05
      endloop
   endfacet
   facet normal 0 -0.970855 -0.239669
      outer loop
         vertex 0.00964575 0.0556799 0.00322426
         vertex 0.0095 0.0556799 0.00322426
         vertex 0.0095 0.0559829 0.00199656
      endloop
   endfacet
   facet normal 0 -0.970855 -0.239669
      outer loop
         vertex 0.00169649 0.0582471 -0.00717524
         vertex 0.000232405 0.0583237 -0.00748546
         vertex 0.000637551 0.058548 -0.00839414
      endloop
   endfacet
   facet normal -0.939693 -0.332052 -0.0819715
      outer loop
         vertex 0.005 0.0686681 0.00219765
         vertex 0.005 0.0689712 0.000969957
         vertex 0.0095 0.0559829 0.00199656
      endloop
   endfacet
   facet normal -0.939693 -0.332052 -0.0819715
      outer loop
         vertex 0.0095 0.0559829 0.00199656
         vertex 0.0095 0.0556799 0.00322426
         vertex 0.005 0.0686681 0.00219765
      endloop
   endfacet
   facet normal -1 0 0
      outer loop
         vertex 0.005 0.0778004 -0.00256436
         vertex 0.005 0.0761979 -0.00354192
         vertex 0.005 0.0749199 -1.54074e-05
      endloop
   endfacet
   facet normal -1 0 0
      outer loop
         vertex 0.005 0.0761979 -0.00354192
         vertex 0.005 0.0743479 -0.00385968
         vertex 0.005 0.0744416 -0.000110558
      endloop
   endfacet
   facet normal -1 0 0
      outer loop
         vertex 0.005 0.0743479 -0.00385968
         vertex 0.005 0.0725111 -0.00347285
         vertex 0.005 0.0739632 -1.54074e-05
      endloop
   endfacet
   facet normal -1 0 0
      outer loop
         vertex 0.005 0.079426 0.000745464
         vertex 0.005 0.0789295 -0.00106478
         vertex 0.005 0.0755964 0.000661088
      endloop
   endfacet
   facet normal -1 0 0
      outer loop
         vertex 0.005 0.0789295 -0.00106478
         vertex 0.005 0.0778004 -0.00256436
         vertex 0.005 0.0753254 0.000255559
      endloop
   endfacet
   facet normal -1 0 0
      outer loop
         vertex 0.005 0.0744416 -0.000110558
         vertex 0.005 0.0749199 -1.54074e-05
         vertex 0.005 0.0761979 -0.00354192
      endloop
   endfacet
   facet normal -1 0 0
      outer loop
         vertex 0.005 0.0725111 -0.00347285
         vertex 0.005 0.0735577 0.000255559
         vertex 0.005 0.0739632 -1.54074e-05
      endloop
   endfacet
   facet normal -1 0 0
      outer loop
         vertex 0.005 0.0751344 0.0060912
         vertex 0.005 0.0769116 0.00548675
         vertex 0.005 0.0749199 0.00229429
      endloop
   endfacet
   facet normal -1 0 0
      outer loop
         vertex 0.005 0.0769116 0.00548675
         vertex 0.005 0.0783406 0.00426958
         vertex 0.005 0.0753254 0.00202333
      endloop
   endfacet
   facet normal -1 0 0
      outer loop
         vertex 0.005 0.0783406 0.00426958
         vertex 0.005 0.07922 0.00261124
         vertex 0.005 0.0755964 0.0016178
      endloop
   endfacet
   facet normal -1 0 0
      outer loop
         vertex 0.005 0.07922 0.00261124
         vertex 0.005 0.079426 0.000745464
         vertex 0.005 0.0756916 0.00113944
      endloop
   endfacet
   facet normal -1 0 0
      outer loop
         vertex 0.005 0.0753254 0.000255559
         vertex 0.005 0.0755964 0.000661088
         vertex 0.005 0.0789295 -0.00106478
      endloop
   endfacet
   facet normal -1 0 0
      outer loop
         vertex 0.005 0.0739632 -1.54074e-05
         vertex 0.005 0.0744416 -0.000110558
         vertex 0.005 0.0743479 -0.00385968
      endloop
   endfacet
   facet normal -1 0 0
      outer loop
         vertex 0.005 0.0725111 -0.00347285
         vertex 0.005 0.0695404 0.00212871
         vertex 0.005 0.0732867 0.000661088
      endloop
   endfacet
   facet normal -1 0 0
      outer loop
         vertex 0.005 0.0753254 0.00202333
         vertex 0.005 0.0749199 0.00229429
         vertex 0.005 0.0769116 0.00548675
      endloop
   endfacet
   facet normal -1 0 0
      outer loop
         vertex 0.005 0.0756916 0.00113944
         vertex 0.005 0.0755964 0.0016178
         vertex 0.005 0.07922 0.00261124
      endloop
   endfacet
   facet normal -1 0 0
      outer loop
         vertex 0.005 0.0749199 -1.54074e-05
         vertex 0.005 0.0753254 0.000255559
         vertex 0.005 0.0778004 -0.00256436
      endloop
   endfacet
   facet normal -1 0 0
      outer loop
         vertex 0.005 0.0695404 0.00212871
         vertex 0.005 0.0731916 0.00113944
         vertex 0.005 0.0732867 0.000661088
      endloop
   endfacet
   facet normal -1 0 0
      outer loop
         vertex 0.005 0.0695404 0.00212871
         vertex 0.005 0.0702506 0.00386629
         vertex 0.005 0.0732867 0.0016178
      endloop
   endfacet
   facet normal -1 0 0
      outer loop
         vertex 0.005 0.0702506 0.00386629
         vertex 0.005 0.0715514 0.00521955
         vertex 0.005 0.0735577 0.00202333
      endloop
   endfacet
   facet normal -1 0 0
      outer loop
         vertex 0.005 0.0715514 0.00521955
         vertex 0.005 0.0732596 0.00599774
         vertex 0.005 0.0739632 0.00229429
      endloop
   endfacet
   facet normal -1 0 0
      outer loop
         vertex 0.005 0.0732596 0.00599774
         vertex 0.005 0.0751344 0.0060912
         vertex 0.005 0.0744416 0.00238944
      endloop
   endfacet
   facet normal -1 0 0
      outer loop
         vertex 0.005 0.0755964 0.0016178
         vertex 0.005 0.0753254 0.00202333
         vertex 0.005 0.0783406 0.00426958
      endloop
   endfacet
   facet normal -1 0 0
      outer loop
         vertex 0.005 0.0732867 0.000661088
         vertex 0.005 0.0735577 0.000255559
         vertex 0.005 0.0725111 -0.00347285
      endloop
   endfacet
   facet normal -1 0 0
      outer loop
         vertex 0.005 0.0735577 0.00202333
         vertex 0.005 0.0732867 0.0016178
         vertex 0.005 0.0702506 0.00386629
      endloop
   endfacet
   facet normal -1 0 0
      outer loop
         vertex 0.005 0.0744416 0.00238944
         vertex 0.005 0.0739632 0.00229429
         vertex 0.005 0.0732596 0.00599774
      endloop
   endfacet
   facet normal -1 0 0
      outer loop
         vertex 0.005 0.0725111 -0.00347285
         vertex 0.005 0.0709463 -0.00243596
         vertex 0.005 0.0698742 -0.000895138
      endloop
   endfacet
   facet normal -1 0 0
      outer loop
         vertex 0.005 0.0755964 0.000661088
         vertex 0.005 0.0756916 0.00113944
         vertex 0.005 0.079426 0.000745464
      endloop
   endfacet
   facet normal -1 0 0
      outer loop
         vertex 0.005 0.0739632 0.00229429
         vertex 0.005 0.0735577 0.00202333
         vertex 0.005 0.0715514 0.00521955
      endloop
   endfacet
   facet normal -1 0 0
      outer loop
         vertex 0.005 0.0695404 0.00212871
         vertex 0.005 0.0694458 0.000932438
         vertex 0.005 0.0689712 0.000969957
      endloop
   endfacet
   facet normal -1 0 0
      outer loop
         vertex 0.005 0.0698742 -0.000895138
         vertex 0.005 0.0694458 0.000932438
         vertex 0.005 0.0725111 -0.00347285
      endloop
   endfacet
   facet normal -1 0 0
      outer loop
         vertex 0.005 0.0732867 0.0016178
         vertex 0.005 0.0731916 0.00113944
         vertex 0.005 0.0695404 0.00212871
      endloop
   endfacet
   facet normal -1 0 0
      outer loop
         vertex 0.005 0.0694458 0.000932438
         vertex 0.005 0.0695404 0.00212871
         vertex 0.005 0.0725111 -0.00347285
      endloop
   endfacet
   facet normal -1 0 0
      outer loop
         vertex 0.005 0.0689712 0.000969957
         vertex 0.005 0.0686681 0.00219765
         vertex 0.005 0.0695404 0.00212871
      endloop
   endfacet
   facet normal -1 0 0
      outer loop
         vertex 0.005 0.0749199 0.00229429
         vertex 0.005 0.0744416 0.00238944
         vertex 0.005 0.0751344 0.0060912
      endloop
   endfacet
   facet normal 0 -0.0787956 -0.996891
      outer loop
         vertex 0.0095 0.0559829 0.00199656
         vertex 0.005 0.0689712 0.000969957
         vertex 0.00961129 0.0665098 0.00116451
      endloop
   endfacet
   facet normal 0 -0.0787956 -0.996891
      outer loop
         vertex 0.0096218 0.0694458 0.000932438
         vertex 0.00961129 0.0665098 0.00116451
         vertex 0.005 0.0689712 0.000969957
      endloop
   endfacet
   facet normal 0 -0.0787956 -0.996891
      outer loop
         vertex 0.005 0.0689712 0.000969957
         vertex 0.005 0.0694458 0.000932438
         vertex 0.0096218 0.0694458 0.000932438
      endloop
   endfacet
   facet normal 0 -0.0787956 -0.996891
      outer loop
         vertex 0.00961129 0.0665098 0.00116451
         vertex 0.00957361 0.0559829 0.00199656
         vertex 0.0095 0.0559829 0.00199656
      endloop
   endfacet
   facet normal 0 0.0787956 0.996891
      outer loop
         vertex 0.00968842 0.0695404 0.00212871
         vertex 0.005 0.0695404 0.00212871
         vertex 0.005 0.0686681 0.00219765
      endloop
   endfacet
   facet normal 0 0.0787956 0.996891
      outer loop
         vertex 0.0095 0.0556799 0.00322426
         vertex 0.00964575 0.0556799 0.00322426
         vertex 0.00965228 0.0578002 0.00305667
      endloop
   endfacet
   facet normal 0 0.0787956 0.996891
      outer loop
         vertex 0.00965228 0.0578002 0.00305667
         vertex 0.005 0.0686681 0.00219765
         vertex 0.0095 0.0556799 0.00322426
      endloop
   endfacet
   facet normal 0 0.0787956 0.996891
      outer loop
         vertex 0.005 0.0686681 0.00219765
         vertex 0.00965228 0.0578002 0.00305667
         vertex 0.00968842 0.0695404 0.00212871
      endloop
   endfacet
   facet normal -0.940646 0.0362681 0.337446
      outer loop
         vertex 0.00900492 0.0664072 -0.00156982
         vertex 0.009522 0.0695606 5.49892e-05
         vertex 0.00931809 0.0699435 -0.00086633
      endloop
   endfacet
   facet normal -0.98545 0.0220077 0.168537
      outer loop
         vertex 0.00946994 0.0664723 0.000189445
         vertex 0.00961129 0.0665098 0.00116451
         vertex 0.0096218 0.0694458 0.000932438
      endloop
   endfacet
   facet normal -0.987625 0.0254684 0.154751
      outer loop
         vertex 0.009522 0.0695606 5.49892e-05
         vertex 0.00900492 0.0664072 -0.00156982
         vertex 0.00946994 0.0664723 0.000189445
      endloop
   endfacet
   facet normal -0.995967 0.0170118 0.0880881
      outer loop
         vertex 0.0096218 0.0694458 0.000932438
         vertex 0.009522 0.0695606 5.49892e-05
         vertex 0.00946994 0.0664723 0.000189445
      endloop
   endfacet
   facet normal -0.864491 0.0501485 0.50014
      outer loop
         vertex 0.00821177 0.0663443 -0.00327376
         vertex 0.00916565 0.0702297 -0.00155511
         vertex 0.00888231 0.0709861 -0.00240028
      endloop
   endfacet
   facet normal -0.925059 0.049145 0.37663
      outer loop
         vertex 0.00888231 0.0709861 -0.00240028
         vertex 0.00876553 0.0712978 -0.00274862
         vertex 0.00821177 0.0663443 -0.00327376
      endloop
   endfacet
   facet normal -0.864491 0.0501485 0.50014
      outer loop
         vertex 0.00821177 0.0663443 -0.00327376
         vertex 0.00900492 0.0664072 -0.00156982
         vertex 0.00919557 0.0701735 -0.00141988
      endloop
   endfacet
   facet normal -0.95628 0.0396478 0.289751
      outer loop
         vertex 0.00919557 0.0701735 -0.00141988
         vertex 0.00916565 0.0702297 -0.00155511
         vertex 0.00821177 0.0663443 -0.00327376
      endloop
   endfacet
   facet normal -0.866765 0.0668657 0.494214
      outer loop
         vertex 0.00840503 0.0768341 -0.00402685
         vertex 0.00858335 0.0756681 -0.00370777
         vertex 0.00871902 0.0761829 -0.00350403
      endloop
   endfacet
   facet normal -0.894793 0.0631133 0.441997
      outer loop
         vertex 0.00871902 0.0761829 -0.00350403
         vertex 0.0088986 0.0768643 -0.00323436
         vertex 0.00840503 0.0768341 -0.00402685
      endloop
   endfacet
   facet normal -0.822704 0.070174 0.564122
      outer loop
         vertex 0.00797811 0.0768079 -0.00471231
         vertex 0.00838987 0.0740182 -0.0038426
         vertex 0.00842812 0.0743443 -0.00381594
      endloop
   endfacet
   facet normal -0.870752 0.0631796 0.487647
      outer loop
         vertex 0.00842812 0.0743443 -0.00381594
         vertex 0.00858335 0.0756681 -0.00370777
         vertex 0.00797811 0.0768079 -0.00471231
      endloop
   endfacet
   facet normal -0.753916 0.0619459 0.654044
      outer loop
         vertex 0.00708974 0.0662853 -0.00484309
         vertex 0.00848164 0.0725505 -0.00348917
         vertex 0.00838987 0.0740182 -0.0038426
      endloop
   endfacet
   facet normal -0.753916 0.0619459 0.654044
      outer loop
         vertex 0.00708974 0.0662853 -0.00484309
         vertex 0.00821177 0.0663443 -0.00327376
         vertex 0.00863101 0.0718914 -0.00309951
      endloop
   endfacet
   facet normal -0.898051 0.0556712 0.436355
      outer loop
         vertex 0.00863101 0.0718914 -0.00309951
         vertex 0.00848988 0.0725141 -0.00346765
         vertex 0.00708974 0.0662853 -0.00484309
      endloop
   endfacet
   facet normal -0.882033 0.0590146 0.467477
      outer loop
         vertex 0.00848988 0.0725141 -0.00346765
         vertex 0.00848164 0.0725505 -0.00348917
         vertex 0.00708974 0.0662853 -0.00484309
      endloop
   endfacet
   facet normal -0.867827 0.0630197 0.492854
      outer loop
         vertex 0.00838987 0.0740182 -0.0038426
         vertex 0.00797811 0.0768079 -0.00471231
         vertex 0.00708974 0.0662853 -0.00484309
      endloop
   endfacet
   facet normal -0.753916 0.0619459 0.654044
      outer loop
         vertex 0.00708974 0.0662853 -0.00484309
         vertex 0.00753509 0.0767808 -0.00542361
         vertex 0.00660396 0.0767558 -0.00622863
      endloop
   endfacet
   facet normal -0.753916 0.0619459 0.654044
      outer loop
         vertex 0.00708974 0.0662853 -0.00484309
         vertex 0.00797811 0.0768079 -0.00471231
         vertex 0.00753509 0.0767808 -0.00542361
      endloop
   endfacet
   facet normal -0.684794 0.0758795 0.724776
      outer loop
         vertex 0.00660396 0.0767558 -0.00622863
         vertex 0.00565343 0.066233 -0.00619261
         vertex 0.00708974 0.0662853 -0.00484309
      endloop
   endfacet
   facet normal 0.753916 0.0619459 0.654044
      outer loop
         vertex -0.00708974 0.0662853 -0.00484309
         vertex -0.00565343 0.066233 -0.00619261
         vertex -0.00660397 0.0767558 -0.00622863
      endloop
   endfacet
   facet normal 0.684794 0.0758795 0.724775
      outer loop
         vertex -0.00660397 0.0767558 -0.00622863
         vertex -0.00753509 0.0767808 -0.00542361
         vertex -0.00708974 0.0662853 -0.00484309
      endloop
   endfacet
   facet normal 0.607395 0.0708028 0.791239
      outer loop
         vertex -0.00565343 0.066233 -0.00619261
         vertex -0.00649681 0.0767529 -0.00632128
         vertex -0.00660397 0.0767558 -0.00622863
      endloop
   endfacet
   facet normal 0.753916 0.0619459 0.654044
      outer loop
         vertex -0.00708974 0.0662853 -0.00484309
         vertex -0.00848162 0.0725507 -0.00348922
         vertex -0.00848989 0.0725141 -0.00346764
      endloop
   endfacet
   facet normal 0.882034 0.0590146 0.467476
      outer loop
         vertex -0.00848989 0.0725141 -0.00346764
         vertex -0.00821177 0.0663443 -0.00327376
         vertex -0.00708974 0.0662853 -0.00484309
      endloop
   endfacet
   facet normal 0.753916 0.0619459 0.654044
      outer loop
         vertex -0.00708974 0.0662853 -0.00484309
         vertex -0.00797811 0.0768079 -0.00471231
         vertex -0.00838987 0.0740183 -0.00384261
      endloop
   endfacet
   facet normal 0.867827 0.0630199 0.492854
      outer loop
         vertex -0.00838987 0.0740183 -0.00384261
         vertex -0.00848162 0.0725507 -0.00348922
         vertex -0.00708974 0.0662853 -0.00484309
      endloop
   endfacet
   facet normal 0.822704 0.070174 0.564122
      outer loop
         vertex -0.00797811 0.0768079 -0.00471231
         vertex -0.00858338 0.0756683 -0.00370773
         vertex -0.00842811 0.0743443 -0.00381596
      endloop
   endfacet
   facet normal 0.866765 0.0668657 0.494214
      outer loop
         vertex -0.00840503 0.0768341 -0.00402684
         vertex -0.0088986 0.0768643 -0.00323436
         vertex -0.00871902 0.0761829 -0.00350404
      endloop
   endfacet
   facet normal 0.882254 0.0638201 0.466428
      outer loop
         vertex -0.00858338 0.0756683 -0.00370773
         vertex -0.00797811 0.0768079 -0.00471231
         vertex -0.00840503 0.0768341 -0.00402684
      endloop
   endfacet
   facet normal 0.894793 0.0631134 0.441998
      outer loop
         vertex -0.00871902 0.0761829 -0.00350404
         vertex -0.00858338 0.0756683 -0.00370773
         vertex -0.00840503 0.0768341 -0.00402684
      endloop
   endfacet
   facet normal 0.870751 0.0631797 0.487648
      outer loop
         vertex -0.00842811 0.0743443 -0.00381596
         vertex -0.00838987 0.0740183 -0.00384261
         vertex -0.00797811 0.0768079 -0.00471231
      endloop
   endfacet
   facet normal 0.864491 0.0501485 0.50014
      outer loop
         vertex -0.00821177 0.0663443 -0.00327376
         vertex -0.00916561 0.0702298 -0.00155524
         vertex -0.00919557 0.0701736 -0.00141988
      endloop
   endfacet
   facet normal 0.864491 0.0501485 0.50014
      outer loop
         vertex -0.00821177 0.0663443 -0.00327376
         vertex -0.00876549 0.0712979 -0.00274871
         vertex -0.00888231 0.0709861 -0.00240027
      endloop
   endfacet
   facet normal 0.864491 0.0501485 0.50014
      outer loop
         vertex -0.00821177 0.0663443 -0.00327376
         vertex -0.00863101 0.0718914 -0.00309951
         vertex -0.00876549 0.0712979 -0.00274871
      endloop
   endfacet
   facet normal 0.925059 0.049145 0.37663
      outer loop
         vertex -0.00888231 0.0709861 -0.00240027
         vertex -0.00916561 0.0702298 -0.00155524
         vertex -0.00821177 0.0663443 -0.00327376
      endloop
   endfacet
   facet normal 0.98545 0.0220077 0.168537
      outer loop
         vertex -0.00946994 0.0664723 0.000189445
         vertex -0.00952198 0.0695606 5.48337e-05
         vertex -0.0096218 0.0694458 0.000932438
      endloop
   endfacet
   facet normal 0.995967 0.0170118 0.0880881
      outer loop
         vertex -0.0096218 0.0694458 0.000932438
         vertex -0.00961129 0.0665098 0.00116451
         vertex -0.00946994 0.0664723 0.000189445
      endloop
   endfacet
   facet normal 0.940646 0.0362681 0.337446
      outer loop
         vertex -0.00900492 0.0664072 -0.00156982
         vertex -0.00919557 0.0701736 -0.00141988
         vertex -0.00931809 0.0699435 -0.000866326
      endloop
   endfacet
   facet normal 0.970213 0.0344099 0.239797
      outer loop
         vertex -0.00931809 0.0699435 -0.000866326
         vertex -0.00952198 0.0695606 5.48337e-05
         vertex -0.00900492 0.0664072 -0.00156982
      endloop
   endfacet
   facet normal 0.994123 0.0144917 0.107284
      outer loop
         vertex -0.00961129 0.0665098 0.00116451
         vertex -0.00957361 0.0559829 0.00199656
         vertex -0.00914725 0.0564961 -8.22423e-05
      endloop
   endfacet
   facet normal 0.98545 0.0220077 0.168537
      outer loop
         vertex -0.00946994 0.0664723 0.000189445
         vertex -0.00914725 0.0564961 -8.22423e-05
         vertex -0.00901656 0.0566534 -0.000719464
      endloop
   endfacet
   facet normal 0.940646 0.0362681 0.337446
      outer loop
         vertex -0.00900492 0.0664072 -0.00156982
         vertex -0.00901656 0.0566534 -0.000719464
         vertex -0.00751556 0.0573518 -0.00354852
      endloop
   endfacet
   facet normal 0.789923 0.0412333 0.611819
      outer loop
         vertex -0.00745306 0.0573809 -0.00366633
         vertex -0.00525675 0.0579053 -0.00579043
         vertex -0.00708974 0.0662853 -0.00484309
      endloop
   endfacet
   facet normal 0.864491 0.0501485 0.50014
      outer loop
         vertex -0.00821177 0.0663443 -0.00327376
         vertex -0.00751556 0.0573518 -0.00354852
         vertex -0.00745306 0.0573809 -0.00366633
      endloop
   endfacet
   facet normal 0.607395 0.0708028 0.791239
      outer loop
         vertex -0.00565343 0.066233 -0.00619261
         vertex -0.00708974 0.0662853 -0.00484309
         vertex -0.00525675 0.0579053 -0.00579043
      endloop
   endfacet
   facet normal 0.371522 0.0736682 0.925497
      outer loop
         vertex -0.00335265 0.0581391 -0.0067378
         vertex -0.00466117 0.0767094 -0.00772291
         vertex -0.00565343 0.066233 -0.00619261
      endloop
   endfacet
   facet normal 0.607395 0.0708028 0.791239
      outer loop
         vertex -0.00565343 0.066233 -0.00619261
         vertex -0.00466117 0.0767094 -0.00772291
         vertex -0.00505538 0.0767142 -0.00756749
      endloop
   endfacet
   facet normal 0.517288 0.0788721 0.852169
      outer loop
         vertex -0.00505538 0.0767142 -0.00756749
         vertex -0.00534775 0.076722 -0.00731471
         vertex -0.00565343 0.066233 -0.00619261
      endloop
   endfacet
   facet normal 0.550287 0.0784534 0.831282
      outer loop
         vertex -0.00534775 0.076722 -0.00731471
         vertex -0.00649681 0.0767529 -0.00632128
         vertex -0.00565343 0.066233 -0.00619261
      endloop
   endfacet
   facet normal 0.294134 0.0764956 0.952698
      outer loop
         vertex -0.00267407 0.0582225 -0.00707542
         vertex -0.00171161 0.058256 -0.0072112
         vertex -0.00241332 0.0766824 -0.00860914
      endloop
   endfacet
   facet normal 0.249493 0.0805877 0.965018
      outer loop
         vertex -0.00241332 0.0766824 -0.00860914
         vertex -0.00373113 0.0766983 -0.00808958
         vertex -0.00267407 0.0582225 -0.00707542
      endloop
   endfacet
   facet normal 0.479406 0.0792749 0.874005
      outer loop
         vertex -0.00466117 0.0767094 -0.00772291
         vertex -0.00335265 0.0581391 -0.0067378
         vertex -0.00267407 0.0582225 -0.00707542
      endloop
   endfacet
   facet normal 0.190635 0.0791074 0.978468
      outer loop
         vertex -0.00171161 0.058256 -0.0072112
         vertex -0.00196204 0.0766774 -0.0087745
         vertex -0.00200531 0.0766775 -0.00877001
      endloop
   endfacet
   facet normal 0.205026 0.0806998 0.975424
      outer loop
         vertex -0.00200531 0.0766775 -0.00877001
         vertex -0.00201055 0.0766776 -0.00876794
         vertex -0.00171161 0.058256 -0.0072112
      endloop
   endfacet
   facet normal 0.200671 0.0807091 0.976328
      outer loop
         vertex -0.00196204 0.0766774 -0.0087745
         vertex -0.00171161 0.058256 -0.0072112
         vertex 4.80519e-06 0.0583158 -0.00745335
      endloop
   endfacet
   facet normal -7.22251e-13 0.0809256 0.99672
      outer loop
         vertex 4.80519e-06 0.0583158 -0.00745335
         vertex 1.22671e-14 0.0766717 -0.00897818
         vertex -0.00196204 0.0766774 -0.0087745
      endloop
   endfacet
   facet normal -0.200671 0.0807091 0.976328
      outer loop
         vertex 0.00196204 0.0766774 -0.0087745
         vertex 1.22671e-14 0.0766717 -0.00897818
         vertex 0.000232405 0.0583237 -0.00748546
      endloop
   endfacet
   facet normal -0.190589 0.0791061 0.978477
      outer loop
         vertex 0.00169649 0.0582471 -0.00717524
         vertex 0.00241332 0.0766824 -0.00860914
         vertex 0.00200531 0.0766775 -0.00877001
      endloop
   endfacet
   facet normal -0.205026 0.0806998 0.975424
      outer loop
         vertex 0.00200531 0.0766775 -0.00877001
         vertex 0.00196372 0.0766774 -0.00877432
         vertex 0.00169649 0.0582471 -0.00717524
      endloop
   endfacet
   facet normal -0.20084 0.0807088 0.976294
      outer loop
         vertex 0.00196372 0.0766774 -0.00877432
         vertex 0.00196204 0.0766774 -0.0087745
         vertex 0.00169649 0.0582471 -0.00717524
      endloop
   endfacet
   facet normal -7.22251e-13 0.0809256 0.99672
      outer loop
         vertex 1.22671e-14 0.0766717 -0.00897818
         vertex 4.80519e-06 0.0583158 -0.00745335
         vertex 0.000232405 0.0583237 -0.00748546
      endloop
   endfacet
   facet normal -0.386963 0.0799672 0.918621
      outer loop
         vertex 0.00373113 0.0766983 -0.00808958
         vertex 0.00241332 0.0766824 -0.00860914
         vertex 0.00169649 0.0582471 -0.00717524
      endloop
   endfacet
   facet normal -0.371565 0.0736841 0.925478
      outer loop
         vertex 0.00339065 0.0581585 -0.00681626
         vertex 0.00466117 0.0767094 -0.00772291
         vertex 0.00373113 0.0766983 -0.00808958
      endloop
   endfacet
   facet normal -0.190589 0.0791061 0.978477
      outer loop
         vertex 0.00169649 0.0582471 -0.00717524
         vertex 0.00339065 0.0581585 -0.00681626
         vertex 0.00373113 0.0766983 -0.00808958
      endloop
   endfacet
   facet normal -0.607395 0.0708028 0.791239
      outer loop
         vertex 0.00565343 0.066233 -0.00619261
         vertex 0.00534775 0.076722 -0.00731472
         vertex 0.00505538 0.0767142 -0.00756749
      endloop
   endfacet
   facet normal -0.607395 0.0708028 0.791239
      outer loop
         vertex 0.00565343 0.066233 -0.00619261
         vertex 0.00649681 0.0767529 -0.00632128
         vertex 0.00534775 0.076722 -0.00731472
      endloop
   endfacet
   facet normal -0.371704 0.0736783 0.925423
      outer loop
         vertex 0.0033918 0.0581583 -0.00681551
         vertex 0.00485078 0.0579247 -0.00586917
         vertex 0.00565343 0.066233 -0.00619261
      endloop
   endfacet
   facet normal -0.607395 0.0708028 0.791239
      outer loop
         vertex 0.00565343 0.066233 -0.00619261
         vertex 0.00466117 0.0767094 -0.00772291
         vertex 0.0033918 0.0581583 -0.00681551
      endloop
   endfacet
   facet normal -0.753916 0.0619459 0.654044
      outer loop
         vertex 0.00708974 0.0662853 -0.00484309
         vertex 0.00565343 0.066233 -0.00619261
         vertex 0.00485078 0.0579247 -0.00586917
      endloop
   endfacet
   facet normal -0.864491 0.0501485 0.50014
      outer loop
         vertex 0.00821177 0.0663443 -0.00327376
         vertex 0.00708974 0.0662853 -0.00484309
         vertex 0.0063429 0.0576858 -0.00490133
      endloop
   endfacet
   facet normal -0.940646 0.0362681 0.337446
      outer loop
         vertex 0.00900492 0.0664072 -0.00156982
         vertex 0.00821177 0.0663443 -0.00327376
         vertex 0.00737175 0.057326 -0.00344376
      endloop
   endfacet
   facet normal -0.98545 0.0220077 0.168537
      outer loop
         vertex 0.00946994 0.0664723 0.000189445
         vertex 0.00900492 0.0664072 -0.00156982
         vertex 0.00867786 0.0568692 -0.00159339
      endloop
   endfacet
   facet normal -0.994123 0.0144917 0.107284
      outer loop
         vertex 0.00961129 0.0665098 0.00116451
         vertex 0.00946994 0.0664723 0.000189445
         vertex 0.00906185 0.0564893 -5.4449e-05
      endloop
   endfacet
   facet normal -0.965553 0.0179819 0.259586
      outer loop
         vertex 0.00906185 0.0564893 -5.4449e-05
         vertex 0.00957361 0.0559829 0.00199656
         vertex 0.00961129 0.0665098 0.00116451
      endloop
   endfacet
   facet normal -0.912048 0.0258053 0.409271
      outer loop
         vertex 0.00867786 0.0568692 -0.00159339
         vertex 0.00906185 0.0564893 -5.4449e-05
         vertex 0.00946994 0.0664723 0.000189445
      endloop
   endfacet
   facet normal -0.797612 0.0402352 0.601828
      outer loop
         vertex 0.00737175 0.057326 -0.00344376
         vertex 0.00867786 0.0568692 -0.00159339
         vertex 0.00900492 0.0664072 -0.00156982
      endloop
   endfacet
   facet normal -0.678938 0.0530861 0.732274
      outer loop
         vertex 0.0063429 0.0576858 -0.00490133
         vertex 0.00737175 0.057326 -0.00344376
         vertex 0.00821177 0.0663443 -0.00327376
      endloop
   endfacet
   facet normal -0.534964 0.0647739 0.842388
      outer loop
         vertex 0.00485078 0.0579247 -0.00586917
         vertex 0.0063429 0.0576858 -0.00490133
         vertex 0.00708974 0.0662853 -0.00484309
      endloop
   endfacet
   facet normal -0.517288 0.0788721 0.852169
      outer loop
         vertex 0.00505538 0.0767142 -0.00756749
         vertex 0.00466117 0.0767094 -0.00772291
         vertex 0.00565343 0.066233 -0.00619261
      endloop
   endfacet
   facet normal -0.371565 0.0736841 0.925478
      outer loop
         vertex 0.00339065 0.0581585 -0.00681626
         vertex 0.0033918 0.0581583 -0.00681551
         vertex 0.00466117 0.0767094 -0.00772291
      endloop
   endfacet
   facet normal -0.025772 0.0808915 0.99639
      outer loop
         vertex 0.000232405 0.0583237 -0.00748546
         vertex 0.00169649 0.0582471 -0.00717524
         vertex 0.00196204 0.0766774 -0.0087745
      endloop
   endfacet
   facet normal 0.205585 0.0806985 0.975306
      outer loop
         vertex -0.00201055 0.0766776 -0.00876794
         vertex -0.00241332 0.0766824 -0.00860914
         vertex -0.00171161 0.058256 -0.0072112
      endloop
   endfacet
   facet normal 0.386963 0.0799672 0.918621
      outer loop
         vertex -0.00373113 0.0766983 -0.00808958
         vertex -0.00466117 0.0767094 -0.00772291
         vertex -0.00267407 0.0582225 -0.00707542
      endloop
   endfacet
   facet normal 0.607395 0.0708028 0.791239
      outer loop
         vertex -0.00565343 0.066233 -0.00619261
         vertex -0.00491713 0.057947 -0.00595941
         vertex -0.00335265 0.0581391 -0.0067378
      endloop
   endfacet
   facet normal 0.568149 0.0624818 0.82055
      outer loop
         vertex -0.00525675 0.0579053 -0.00579043
         vertex -0.00491713 0.057947 -0.00595941
         vertex -0.00565343 0.066233 -0.00619261
      endloop
   endfacet
   facet normal 0.753916 0.0619459 0.654044
      outer loop
         vertex -0.00708974 0.0662853 -0.00484309
         vertex -0.00821177 0.0663443 -0.00327376
         vertex -0.00745306 0.0573809 -0.00366633
      endloop
   endfacet
   facet normal 0.797938 0.040281 0.601392
      outer loop
         vertex -0.00751556 0.0573518 -0.00354852
         vertex -0.00821177 0.0663443 -0.00327376
         vertex -0.00900492 0.0664072 -0.00156982
      endloop
   endfacet
   facet normal 0.946446 0.020969 0.322182
      outer loop
         vertex -0.00901656 0.0566534 -0.000719464
         vertex -0.00900492 0.0664072 -0.00156982
         vertex -0.00946994 0.0664723 0.000189445
      endloop
   endfacet
   facet normal 0.965609 0.0179915 0.259375
      outer loop
         vertex -0.00914725 0.0564961 -8.22423e-05
         vertex -0.00946994 0.0664723 0.000189445
         vertex -0.00961129 0.0665098 0.00116451
      endloop
   endfacet
   facet normal 0.98545 0.0220077 0.168537
      outer loop
         vertex -0.00946994 0.0664723 0.000189445
         vertex -0.00900492 0.0664072 -0.00156982
         vertex -0.00952198 0.0695606 5.48337e-05
      endloop
   endfacet
   facet normal 0.956281 0.0396478 0.289751
      outer loop
         vertex -0.00919557 0.0701736 -0.00141988
         vertex -0.00900492 0.0664072 -0.00156982
         vertex -0.00821177 0.0663443 -0.00327376
      endloop
   endfacet
   facet normal 0.882034 0.0590146 0.467476
      outer loop
         vertex -0.00848989 0.0725141 -0.00346764
         vertex -0.00863101 0.0718914 -0.00309951
         vertex -0.00821177 0.0663443 -0.00327376
      endloop
   endfacet
   facet normal 0.770845 0.0729078 0.632837
      outer loop
         vertex -0.00753509 0.0767808 -0.00542361
         vertex -0.00797811 0.0768079 -0.00471231
         vertex -0.00708974 0.0662853 -0.00484309
      endloop
   endfacet
   facet normal -0.684794 0.0758795 0.724776
      outer loop
         vertex 0.00660396 0.0767558 -0.00622863
         vertex 0.00649681 0.0767529 -0.00632128
         vertex 0.00565343 0.066233 -0.00619261
      endloop
   endfacet
   facet normal -0.866765 0.0668657 0.494214
      outer loop
         vertex 0.00840503 0.0768341 -0.00402685
         vertex 0.00797811 0.0768079 -0.00471231
         vertex 0.00858335 0.0756681 -0.00370777
      endloop
   endfacet
   facet normal -0.911828 0.0522804 0.407229
      outer loop
         vertex 0.00876553 0.0712978 -0.00274862
         vertex 0.00863101 0.0718914 -0.00309951
         vertex 0.00821177 0.0663443 -0.00327376
      endloop
   endfacet
   facet normal -0.970213 0.03441 0.239797
      outer loop
         vertex 0.00931809 0.0699435 -0.00086633
         vertex 0.00919557 0.0701735 -0.00141988
         vertex 0.00900492 0.0664072 -0.00156982
      endloop
   endfacet
   facet normal 0 -0.980232 0.197853
      outer loop
         vertex 0.005 0.0695404 0.00212871
         vertex 0.00963572 0.0699296 0.00329403
         vertex 0.0095348 0.0702976 0.0038343
      endloop
   endfacet
   facet normal 0 -0.980232 0.197853
      outer loop
         vertex 0.005 0.0695404 0.00212871
         vertex 0.00967452 0.0696431 0.00243609
         vertex 0.00963572 0.0699296 0.00329403
      endloop
   endfacet
   facet normal 0 -0.980232 0.197853
      outer loop
         vertex 0.005 0.0695404 0.00212871
         vertex 0.00968842 0.0695404 0.00212871
         vertex 0.00967452 0.0696431 0.00243609
      endloop
   endfacet
   facet normal 0 -0.838196 0.54537
      outer loop
         vertex 0.005 0.0702506 0.00386629
         vertex 0.00940134 0.0707841 0.00454873
         vertex 0.00918593 0.0715886 0.00517144
      endloop
   endfacet
   facet normal 0 -0.838196 0.54537
      outer loop
         vertex 0.005 0.0702506 0.00386629
         vertex 0.00951069 0.0703855 0.00396336
         vertex 0.00940134 0.0707841 0.00454873
      endloop
   endfacet
   facet normal 0 -0.838196 0.54537
      outer loop
         vertex 0.005 0.0702506 0.00386629
         vertex 0.0095348 0.0702976 0.0038343
         vertex 0.00951069 0.0703855 0.00396336
      endloop
   endfacet
   facet normal 0 -0.578023 0.816021
      outer loop
         vertex 0.005 0.0715514 0.00521955
         vertex 0.00883644 0.0728861 0.0058181
         vertex 0.00873123 0.0732754 0.00595131
      endloop
   endfacet
   facet normal 0 -0.578023 0.816021
      outer loop
         vertex 0.005 0.0715514 0.00521955
         vertex 0.00914084 0.071757 0.00530181
         vertex 0.00906027 0.0720579 0.0055347
      endloop
   endfacet
   facet normal 0 -0.476725 0.879052
      outer loop
         vertex 0.00906027 0.0720579 0.0055347
         vertex 0.00883644 0.0728861 0.0058181
         vertex 0.005 0.0715514 0.00521955
      endloop
   endfacet
   facet normal 0 -0.578023 0.816021
      outer loop
         vertex 0.005 0.0715514 0.00521955
         vertex 0.00918593 0.0715886 0.00517144
         vertex 0.00914084 0.071757 0.00530181
      endloop
   endfacet
   facet normal 0 -0.236382 0.97166
      outer loop
         vertex 0.005 0.0732596 0.00599774
         vertex 0.00863463 0.0736329 0.00607361
         vertex 0.00846117 0.0749174 0.00610669
      endloop
   endfacet
   facet normal 0 0.0953616 0.995443
      outer loop
         vertex 0.00846117 0.0749174 0.00610669
         vertex 0.005 0.0751344 0.0060912
         vertex 0.005 0.0732596 0.00599774
      endloop
   endfacet
   facet normal 0 -0.236382 0.97166
      outer loop
         vertex 0.005 0.0732596 0.00599774
         vertex 0.00873123 0.0732754 0.00595131
         vertex 0.00863463 0.0736329 0.00607361
      endloop
   endfacet
   facet normal 0 0.0953616 0.995443
      outer loop
         vertex 0.00846117 0.0749174 0.00610669
         vertex 0.00845066 0.0749952 0.00610869
         vertex 0.005 0.0751344 0.0060912
      endloop
   endfacet
   facet normal 0 0.494001 0.869462
      outer loop
         vertex 0.005 0.0769116 0.00548675
         vertex 0.005 0.0751344 0.0060912
         vertex 0.00849841 0.0755054 0.00597898
      endloop
   endfacet
   facet normal 0 0.138575 0.990352
      outer loop
         vertex 0.005 0.0751344 0.0060912
         vertex 0.00846329 0.0751302 0.00607439
         vertex 0.00849841 0.0755054 0.00597898
      endloop
   endfacet
   facet normal 0 0.214698 0.97668
      outer loop
         vertex 0.00849841 0.0755054 0.00597898
         vertex 0.00857546 0.0763286 0.00576968
         vertex 0.005 0.0769116 0.00548675
      endloop
   endfacet
   facet normal 0 0.779801 0.626027
      outer loop
         vertex 0.005 0.0783406 0.00426958
         vertex 0.0090541 0.0777439 0.00483119
         vertex 0.00925539 0.0782361 0.00439545
      endloop
   endfacet
   facet normal 0 0.779801 0.626027
      outer loop
         vertex 0.005 0.0783406 0.00426958
         vertex 0.00883719 0.0772135 0.00530073
         vertex 0.0090541 0.0777439 0.00483119
      endloop
   endfacet
   facet normal 0 0.779801 0.626027
      outer loop
         vertex 0.005 0.0783406 0.00426958
         vertex 0.005 0.0769116 0.00548675
         vertex 0.0087447 0.0769008 0.00546645
      endloop
   endfacet
   facet normal 0 0.494116 0.869396
      outer loop
         vertex 0.0087447 0.0769008 0.00546645
         vertex 0.00883719 0.0772135 0.00530073
         vertex 0.005 0.0783406 0.00426958
      endloop
   endfacet
   facet normal 0 0.955695 0.29436
      outer loop
         vertex 0.005 0.07922 0.00261124
         vertex 0.00938961 0.0786509 0.00372
         vertex 0.00952248 0.0790616 0.00305132
      endloop
   endfacet
   facet normal 0 0.955695 0.29436
      outer loop
         vertex 0.005 0.07922 0.00261124
         vertex 0.005 0.0783406 0.00426958
         vertex 0.00928281 0.0783208 0.00425744
      endloop
   endfacet
   facet normal 0 0.779439 0.626478
      outer loop
         vertex 0.00928281 0.0783208 0.00425744
         vertex 0.00938961 0.0786509 0.00372
         vertex 0.005 0.07922 0.00261124
      endloop
   endfacet
   facet normal 0 0.955695 0.29436
      outer loop
         vertex 0.005 0.07922 0.00261124
         vertex 0.00955202 0.0791682 0.00259902
         vertex 0.00962436 0.0794291 0.00149152
      endloop
   endfacet
   facet normal 0 0.997518 0.0704164
      outer loop
         vertex 0.00962436 0.0794291 0.00149152
         vertex 0.005 0.079426 0.000745464
         vertex 0.005 0.07922 0.00261124
      endloop
   endfacet
   facet normal 0 0.997518 0.0704164
      outer loop
         vertex 0.00962436 0.0794291 0.00149152
         vertex 0.00960348 0.0793836 0.00102459
         vertex 0.005 0.079426 0.000745464
      endloop
   endfacet
   facet normal 0 0.996891 -0.0787956
      outer loop
         vertex 0.005 0.079426 0.000745464
         vertex 0.00955008 0.0792672 -0.000169531
         vertex 0.00941332 0.0788631 -0.00103374
      endloop
   endfacet
   facet normal 0 0.996891 -0.0787956
      outer loop
         vertex 0.005 0.079426 0.000745464
         vertex 0.0095913 0.079357 0.000752188
         vertex 0.00955008 0.0792672 -0.000169531
      endloop
   endfacet
   facet normal 0 0.897583 -0.440845
      outer loop
         vertex 0.005 0.0789295 -0.00106478
         vertex 0.00930404 0.0785402 -0.00172426
         vertex 0.00909728 0.0777583 -0.00252312
      endloop
   endfacet
   facet normal 0 0.897583 -0.440845
      outer loop
         vertex 0.005 0.0789295 -0.00106478
         vertex 0.00931011 0.0785582 -0.00168591
         vertex 0.00930404 0.0785402 -0.00172426
      endloop
   endfacet
   facet normal 0 0.897583 -0.440845
      outer loop
         vertex 0.005 0.0789295 -0.00106478
         vertex 0.00941332 0.0788631 -0.00103374
         vertex 0.00931011 0.0785582 -0.00168591
      endloop
   endfacet
   facet normal 0 0.671768 -0.740761
      outer loop
         vertex 0.005 0.0778004 -0.00256436
         vertex 0.0088986 0.0768643 -0.00323436
         vertex 0.00871902 0.0761829 -0.00350403
      endloop
   endfacet
   facet normal 0 0.671768 -0.740761
      outer loop
         vertex 0.005 0.0778004 -0.00256436
         vertex 0.00900053 0.0773924 -0.00289694
         vertex 0.0088986 0.0768643 -0.00323436
      endloop
   endfacet
   facet normal 0 0.671768 -0.740761
      outer loop
         vertex 0.005 0.0778004 -0.00256436
         vertex 0.00909728 0.0777583 -0.00252312
         vertex 0.00900053 0.0773924 -0.00289694
      endloop
   endfacet
   facet normal 0 0.351273 -0.936273
      outer loop
         vertex 0.005 0.0761979 -0.00354192
         vertex 0.00858335 0.0756681 -0.00370777
         vertex 0.00842812 0.0743443 -0.00381594
      endloop
   endfacet
   facet normal 0 0.351273 -0.936273
      outer loop
         vertex 0.005 0.0761979 -0.00354192
         vertex 0.00871902 0.0761829 -0.00350403
         vertex 0.00858335 0.0756681 -0.00370777
      endloop
   endfacet
   facet normal 0 -0.386096 -0.922459
      outer loop
         vertex 0.005 0.0725111 -0.00347285
         vertex 0.005 0.0743479 -0.00385968
         vertex 0.00838987 0.0740182 -0.0038426
      endloop
   endfacet
   facet normal 0 -0.0846797 -0.996408
      outer loop
         vertex 0.00838987 0.0740182 -0.0038426
         vertex 0.00848164 0.0725505 -0.00348917
         vertex 0.005 0.0725111 -0.00347285
      endloop
   endfacet
   facet normal 0 -0.0187313 -0.999825
      outer loop
         vertex 0.005 0.0743479 -0.00385968
         vertex 0.00842812 0.0743443 -0.00381594
         vertex 0.00838987 0.0740182 -0.0038426
      endloop
   endfacet
   facet normal 0 -0.699043 -0.71508
      outer loop
         vertex 0.005 0.0709463 -0.00243596
         vertex 0.005 0.0725111 -0.00347285
         vertex 0.00848988 0.0725141 -0.00346765
      endloop
   endfacet
   facet normal 0 -0.385945 -0.922522
      outer loop
         vertex 0.00848988 0.0725141 -0.00346765
         vertex 0.00863101 0.0718914 -0.00309951
         vertex 0.005 0.0709463 -0.00243596
      endloop
   endfacet
   facet normal 0 -0.515504 -0.856887
      outer loop
         vertex 0.00863101 0.0718914 -0.00309951
         vertex 0.00876553 0.0712978 -0.00274862
         vertex 0.005 0.0709463 -0.00243596
      endloop
   endfacet
   facet normal 0 -0.913466 -0.406916
      outer loop
         vertex 0.005 0.0698742 -0.000895138
         vertex 0.005 0.0709463 -0.00243596
         vertex 0.00888231 0.0709861 -0.00240028
      endloop
   endfacet
   facet normal 0 -0.698538 -0.715573
      outer loop
         vertex 0.00888231 0.0709861 -0.00240028
         vertex 0.00916565 0.0702297 -0.00155511
         vertex 0.005 0.0698742 -0.000895138
      endloop
   endfacet
   facet normal 0 -0.842364 -0.53891
      outer loop
         vertex 0.00916565 0.0702297 -0.00155511
         vertex 0.00919557 0.0701735 -0.00141988
         vertex 0.005 0.0698742 -0.000895138
      endloop
   endfacet
   facet normal 0 -0.999143 -0.0414007
      outer loop
         vertex 0.005 0.0694458 0.000932438
         vertex 0.005 0.0698742 -0.000895138
         vertex 0.00931809 0.0699435 -0.00086633
      endloop
   endfacet
   facet normal 0 -0.913311 -0.407262
      outer loop
         vertex 0.00931809 0.0699435 -0.00086633
         vertex 0.009522 0.0695606 5.49892e-05
         vertex 0.005 0.0694458 0.000932438
      endloop
   endfacet
   facet normal 0 -0.976196 -0.216891
      outer loop
         vertex 0.009522 0.0695606 5.49892e-05
         vertex 0.0096218 0.0694458 0.000932438
         vertex 0.005 0.0694458 0.000932438
      endloop
   endfacet
   facet normal 0 -0.857625 -0.514276
      outer loop
         vertex 0.00919557 0.0701735 -0.00141988
         vertex 0.00931809 0.0699435 -0.00086633
         vertex 0.005 0.0698742 -0.000895138
      endloop
   endfacet
   facet normal 0 -0.628744 -0.777613
      outer loop
         vertex 0.00876553 0.0712978 -0.00274862
         vertex 0.00888231 0.0709861 -0.00240028
         vertex 0.005 0.0709463 -0.00243596
      endloop
   endfacet
   facet normal 0 -0.378204 -0.925722
      outer loop
         vertex 0.00848164 0.0725505 -0.00348917
         vertex 0.00848988 0.0725141 -0.00346765
         vertex 0.005 0.0725111 -0.00347285
      endloop
   endfacet
   facet normal 0 -0.0196133 -0.999808
      outer loop
         vertex 0.00842812 0.0743443 -0.00381594
         vertex 0.005 0.0743479 -0.00385968
         vertex 0.005 0.0761979 -0.00354192
      endloop
   endfacet
   facet normal 0 0.351138 -0.936324
      outer loop
         vertex 0.00871902 0.0761829 -0.00350403
         vertex 0.005 0.0761979 -0.00354192
         vertex 0.005 0.0778004 -0.00256436
      endloop
   endfacet
   facet normal 0 0.671248 -0.741232
      outer loop
         vertex 0.00909728 0.0777583 -0.00252312
         vertex 0.005 0.0778004 -0.00256436
         vertex 0.005 0.0789295 -0.00106478
      endloop
   endfacet
   facet normal 0 0.897458 -0.4411
      outer loop
         vertex 0.00941332 0.0788631 -0.00103374
         vertex 0.005 0.0789295 -0.00106478
         vertex 0.005 0.079426 0.000745464
      endloop
   endfacet
   facet normal 0 0.99973 -0.0232329
      outer loop
         vertex 0.00960348 0.0793836 0.00102459
         vertex 0.0095913 0.079357 0.000752188
         vertex 0.005 0.079426 0.000745464
      endloop
   endfacet
   facet normal 0 0.924007 0.382377
      outer loop
         vertex 0.00952248 0.0790616 0.00305132
         vertex 0.00955202 0.0791682 0.00259902
         vertex 0.005 0.07922 0.00261124
      endloop
   endfacet
   facet normal 0 0.758905 0.651202
      outer loop
         vertex 0.00925539 0.0782361 0.00439545
         vertex 0.00928281 0.0783208 0.00425744
         vertex 0.005 0.0783406 0.00426958
      endloop
   endfacet
   facet normal 0 0.377407 0.926048
      outer loop
         vertex 0.00857546 0.0763286 0.00576968
         vertex 0.0087447 0.0769008 0.00546645
         vertex 0.005 0.0769116 0.00548675
      endloop
   endfacet
   facet normal 0 0.110734 0.99385
      outer loop
         vertex 0.00845066 0.0749952 0.00610869
         vertex 0.00846329 0.0751302 0.00607439
         vertex 0.005 0.0751344 0.0060912
      endloop
   endfacet
   facet normal 0 -0.235525 0.971868
      outer loop
         vertex 0.00873123 0.0732754 0.00595131
         vertex 0.005 0.0732596 0.00599774
         vertex 0.005 0.0715514 0.00521955
      endloop
   endfacet
   facet normal 0 -0.577603 0.816318
      outer loop
         vertex 0.00918593 0.0715886 0.00517144
         vertex 0.005 0.0715514 0.00521955
         vertex 0.005 0.0702506 0.00386629
      endloop
   endfacet
   facet normal 0 -0.838327 0.545168
      outer loop
         vertex 0.0095348 0.0702976 0.0038343
         vertex 0.005 0.0702506 0.00386629
         vertex 0.005 0.0695404 0.00212871
      endloop
   endfacet
   facet normal -0.810894 -0.503438 0.298331
      outer loop
         vertex 0.00626168 0.0883738 -0.00277866
         vertex 0.00683236 0.0872679 -0.00288472
         vertex 0.00718524 0.0874256 -0.00132247
      endloop
   endfacet
   facet normal -0.758913 -0.451957 0.468814
      outer loop
         vertex 0.00574393 0.0880085 -0.00429295
         vertex 0.00628531 0.0868629 -0.00438874
         vertex 0.00683236 0.0872679 -0.00288472
      endloop
   endfacet
   facet normal -0.849737 -0.41658 0.323122
      outer loop
         vertex 0.00683236 0.0872679 -0.00288472
         vertex 0.00626168 0.0883738 -0.00277866
         vertex 0.00574393 0.0880085 -0.00429295
      endloop
   endfacet
   facet normal -0.558674 -0.803577 0.205299
      outer loop
         vertex 0.0039818 0.0910424 -0.00230364
         vertex 0.00423021 0.0910721 -0.000877122
         vertex 0.00325546 0.0916551 -0.000775764
      endloop
   endfacet
   facet normal -0.572919 -0.228694 0.787059
      outer loop
         vertex 0.00457496 0.0852752 -0.00698691
         vertex 0.00355348 0.087595 -0.00679603
         vertex 0.00242694 0.0865004 -0.00773249
      endloop
   endfacet
   facet normal -0.773448 -0.62753 0.0893555
      outer loop
         vertex 0.00589499 0.0894712 -0.0010993
         vertex 0.0051099 0.0903378 -0.000985867
         vertex 0.00483843 0.0902866 -0.00248363
      endloop
   endfacet
   facet normal -0.705703 -0.301156 0.641318
      outer loop
         vertex 0.00553657 0.0861955 -0.00578232
         vertex 0.00628531 0.0868629 -0.00438874
         vertex 0.00574393 0.0880085 -0.00429295
      endloop
   endfacet
   facet normal -0.758913 -0.451957 0.468814
      outer loop
         vertex 0.00574393 0.0880085 -0.00429295
         vertex 0.00443878 0.0884677 -0.00556373
         vertex 0.00553657 0.0861955 -0.00578232
      endloop
   endfacet
   facet normal -0.834329 -0.537602 0.121977
      outer loop
         vertex 0.00658669 0.0884927 -0.00121387
         vertex 0.00589499 0.0894712 -0.0010993
         vertex 0.00559808 0.0893885 -0.00264397
      endloop
   endfacet
   facet normal -0.810894 -0.503438 0.298331
      outer loop
         vertex 0.00626168 0.0883738 -0.00277866
         vertex 0.00559808 0.0893885 -0.00264397
         vertex 0.00511373 0.0890648 -0.00414906
      endloop
   endfacet
   facet normal -0.705703 -0.301156 0.641318
      outer loop
         vertex 0.00553657 0.0861955 -0.00578232
         vertex 0.00443878 0.0884677 -0.00556373
         vertex 0.00355348 0.087595 -0.00679603
      endloop
   endfacet
   facet normal -0.619165 -0.479563 0.621815
      outer loop
         vertex 0.00443878 0.0884677 -0.00556373
         vertex 0.00511373 0.0890648 -0.00414906
         vertex 0.00438882 0.0900024 -0.00395629
      endloop
   endfacet
   facet normal -0.623061 -0.659857 0.419981
      outer loop
         vertex 0.00438882 0.0900024 -0.00395629
         vertex 0.00297777 0.0902765 -0.00508246
         vertex 0.00443878 0.0884677 -0.00556373
      endloop
   endfacet
   facet normal -0.689549 -0.721976 0.0572176
      outer loop
         vertex 0.0051099 0.0903378 -0.000985867
         vertex 0.00423021 0.0910721 -0.000877122
         vertex 0.0039818 0.0910424 -0.00230364
      endloop
   endfacet
   facet normal -0.75351 -0.599494 0.26987
      outer loop
         vertex 0.00559808 0.0893885 -0.00264397
         vertex 0.00483843 0.0902866 -0.00248363
         vertex 0.00438882 0.0900024 -0.00395629
      endloop
   endfacet
   facet normal -0.671163 -0.701868 0.238582
      outer loop
         vertex 0.00483843 0.0902866 -0.00248363
         vertex 0.0039818 0.0910424 -0.00230364
         vertex 0.00356642 0.0907909 -0.00371884
      endloop
   endfacet
   facet normal -0.619165 -0.479563 0.621815
      outer loop
         vertex 0.00443878 0.0884677 -0.00556373
         vertex 0.00297777 0.0902765 -0.00508246
         vertex 0.00218051 0.0894887 -0.00629555
      endloop
   endfacet
   facet normal -0.483387 -0.384576 0.786409
      outer loop
         vertex 0.00355348 0.087595 -0.00679603
         vertex 0.00218051 0.0894887 -0.00629555
         vertex 0.00110007 0.0884711 -0.00724754
      endloop
   endfacet
   facet normal -0.0785802 -0.191565 0.978329
      outer loop
         vertex 0.00101607 0.0852852 -0.00828535
         vertex 0.00198494 0.0828986 -0.00853847
         vertex 0.00339155 0.0841482 -0.00792194
      endloop
   endfacet
   facet normal -0.194138 -0.927491 0.319485
      outer loop
         vertex 0.0016215 0.0918236 -0.003171
         vertex 0.00218924 0.0920716 -0.0006924
         vertex 0.00103963 0.0923134 -0.000641494
      endloop
   endfacet
   facet normal -0.507621 -0.769268 0.388006
      outer loop
         vertex 0.00356642 0.0907909 -0.00371884
         vertex 0.0026449 0.0914042 -0.00344849
         vertex 0.00209007 0.0909208 -0.00475454
      endloop
   endfacet
   facet normal -0.194138 -0.927491 0.319485
      outer loop
         vertex 0.0016215 0.0918236 -0.003171
         vertex 0.0026449 0.0914042 -0.00344849
         vertex 0.00302894 0.0916335 -0.00211595
      endloop
   endfacet
   facet normal -0.416264 -0.892759 0.172356
      outer loop
         vertex 0.00302894 0.0916335 -0.00211595
         vertex 0.00218924 0.0920716 -0.0006924
         vertex 0.0016215 0.0918236 -0.003171
      endloop
   endfacet
   facet normal -0.558674 -0.803577 0.205299
      outer loop
         vertex 0.0039818 0.0910424 -0.00230364
         vertex 0.00302894 0.0916335 -0.00211595
         vertex 0.0026449 0.0914042 -0.00344849
      endloop
   endfacet
   facet normal -0.419711 -0.705295 0.571315
      outer loop
         vertex 0.00297777 0.0902765 -0.00508246
         vertex 0.00209007 0.0909208 -0.00475454
         vertex 0.00131624 0.0901788 -0.00592299
      endloop
   endfacet
   facet normal -0.359214 -0.863564 0.353867
      outer loop
         vertex 0.0026449 0.0914042 -0.00344849
         vertex 0.0016215 0.0918236 -0.003171
         vertex 0.00107958 0.0913649 -0.00439103
      endloop
   endfacet
   facet normal -0.140962 -0.70402 0.69605
      outer loop
         vertex 0.00131624 0.0901788 -0.00592299
         vertex 0.00209007 0.0909208 -0.00475454
         vertex 0.00107958 0.0913649 -0.00439103
      endloop
   endfacet
   facet normal -0.513971 -0.502356 -0.695322
      outer loop
         vertex 0.00487731 0.0877079 0.00486313
         vertex 0.00549616 0.0885022 0.00352069
         vertex 0.00698363 0.0865875 0.00340574
      endloop
   endfacet
   facet normal -0.150158 -0.228804 -0.961822
      outer loop
         vertex 0.00277076 0.0852347 0.00670144
         vertex 0.0039806 0.0866299 0.00594785
         vertex 0.0056447 0.0848052 0.00591105
      endloop
   endfacet
   facet normal -0.513971 -0.502356 -0.695322
      outer loop
         vertex 0.00487731 0.0877079 0.00486313
         vertex 0.00645273 0.0858352 0.00478041
         vertex 0.00608715 0.0853574 0.00537917
      endloop
   endfacet
   facet normal -0.557855 -0.377246 -0.739245
      outer loop
         vertex 0.00608715 0.0853574 0.00537917
         vertex 0.0039806 0.0866299 0.00594785
         vertex 0.00487731 0.0877079 0.00486313
      endloop
   endfacet
   facet normal -0.150158 -0.228804 -0.961822
      outer loop
         vertex 0.00277076 0.0852347 0.00670144
         vertex 0.000893188 0.0868449 0.0065162
         vertex 0.00212301 0.0881847 0.00580944
      endloop
   endfacet
   facet normal -0.200883 -0.459509 -0.865157
      outer loop
         vertex 0.00212301 0.0881847 0.00580944
         vertex 0.00305972 0.0892765 0.00474528
         vertex 0.00487731 0.0877079 0.00486313
      endloop
   endfacet
   facet normal -0.200883 -0.459509 -0.865157
      outer loop
         vertex 0.00212301 0.0881847 0.00580944
         vertex 0.000136196 0.0893437 0.00532717
         vertex 0.00104709 0.0903821 0.00432149
      endloop
   endfacet
   facet normal -0.457119 -0.721186 -0.520513
      outer loop
         vertex 0.00371541 0.0900782 0.00344721
         vertex 0.00305972 0.0892765 0.00474528
         vertex 0.00104709 0.0903821 0.00432149
      endloop
   endfacet
   facet normal -0.879398 -0.475451 -0.02462
      outer loop
         vertex 0.0073369 0.0873618 0.00026843
         vertex 0.00727315 0.0870881 0.00186649
         vertex 0.0058633 0.0890361 0.00202446
      endloop
   endfacet
   facet normal -0.342211 -0.615137 -0.710281
      outer loop
         vertex 0.00305972 0.0892765 0.00474528
         vertex 0.00371541 0.0900782 0.00344721
         vertex 0.00549616 0.0885022 0.00352069
      endloop
   endfacet
   facet normal -0.644649 -0.587466 -0.489195
      outer loop
         vertex 0.00549616 0.0885022 0.00352069
         vertex 0.0058633 0.0890361 0.00202446
         vertex 0.00727315 0.0870881 0.00186649
      endloop
   endfacet
   facet normal -0.724885 -0.626991 -0.285348
      outer loop
         vertex 0.0058633 0.0890361 0.00202446
         vertex 0.00549616 0.0885022 0.00352069
         vertex 0.00371541 0.0900782 0.00344721
      endloop
   endfacet
   facet normal -0.764723 -0.637514 -0.0936707
      outer loop
         vertex 0.005991 0.0893498 0.000466621
         vertex 0.0058633 0.0890361 0.00202446
         vertex 0.0041192 0.0906098 0.00202746
      endloop
   endfacet
   facet normal -0.764723 -0.637514 -0.0936707
      outer loop
         vertex 0.005991 0.0893498 0.000466621
         vertex 0.00589499 0.0894712 -0.0010993
         vertex 0.00658669 0.0884927 -0.00121387
      endloop
   endfacet
   facet normal -0.834329 -0.537602 0.121977
      outer loop
         vertex 0.00658669 0.0884927 -0.00121387
         vertex 0.0073369 0.0873618 0.00026843
         vertex 0.005991 0.0893498 0.000466621
      endloop
   endfacet
   facet normal -0.570852 -0.80797 -0.145986
      outer loop
         vertex 0.00428627 0.0909262 0.00056932
         vertex 0.00423021 0.0910721 -0.000877122
         vertex 0.0051099 0.0903378 -0.000985867
      endloop
   endfacet
   facet normal -0.689549 -0.721976 0.0572176
      outer loop
         vertex 0.0051099 0.0903378 -0.000985867
         vertex 0.005991 0.0893498 0.000466621
         vertex 0.00428627 0.0909262 0.00056932
      endloop
   endfacet
   facet normal -0.570852 -0.80797 -0.145986
      outer loop
         vertex 0.00428627 0.0909262 0.00056932
         vertex 0.0041192 0.0906098 0.00202746
         vertex 0.00205977 0.0916541 0.00185203
      endloop
   endfacet
   facet normal -0.532595 -0.78068 -0.326927
      outer loop
         vertex 0.0041192 0.0906098 0.00202746
         vertex 0.00371541 0.0900782 0.00344721
         vertex 0.00167384 0.0911476 0.00312936
      endloop
   endfacet
   facet normal -0.290145 -0.942798 -0.164156
      outer loop
         vertex 0.00222491 0.0919466 0.000570791
         vertex 0.00218924 0.0920716 -0.0006924
         vertex 0.00325546 0.0916551 -0.000775764
      endloop
   endfacet
   facet normal -0.440641 -0.897676 0.0037521
      outer loop
         vertex 0.00325546 0.0916551 -0.000775764
         vertex 0.00428627 0.0909262 0.00056932
         vertex 0.00222491 0.0919466 0.000570791
      endloop
   endfacet
   facet normal -0.572496 -0.0966158 -0.814195
      outer loop
         vertex 0.00779208 0.0785252 0.0062433
         vertex 0.00822794 0.0790934 0.00580026
         vertex 0.0086034 0.0780137 0.0055536
      endloop
   endfacet
   facet normal -0.788764 -0.157508 -0.594174
      outer loop
         vertex 0.0085839 0.0795913 0.00528878
         vertex 0.00906871 0.0803954 0.00409187
         vertex 0.00933154 0.0792228 0.00386033
      endloop
   endfacet
   facet normal -0.497495 -0.132566 -0.857278
      outer loop
         vertex 0.00726313 0.0795633 0.0064359
         vertex 0.00775556 0.0801611 0.00599136
         vertex 0.00822794 0.0790934 0.00580026
      endloop
   endfacet
   facet normal -0.610091 -0.174135 -0.772959
      outer loop
         vertex 0.00775556 0.0801611 0.00599136
         vertex 0.00815204 0.0806891 0.00548439
         vertex 0.0085839 0.0795913 0.00528878
      endloop
   endfacet
   facet normal -0.788764 -0.157508 -0.594174
      outer loop
         vertex 0.0085839 0.0795913 0.00528878
         vertex 0.00822794 0.0790934 0.00580026
         vertex 0.00775556 0.0801611 0.00599136
      endloop
   endfacet
   facet normal -0.688584 -0.129432 -0.713512
      outer loop
         vertex 0.00822794 0.0790934 0.00580026
         vertex 0.0085839 0.0795913 0.00528878
         vertex 0.00892155 0.0784774 0.00504125
      endloop
   endfacet
   facet normal -0.788764 -0.157508 -0.594174
      outer loop
         vertex 0.0085839 0.0795913 0.00528878
         vertex 0.00815204 0.0806891 0.00548439
         vertex 0.00846645 0.0811498 0.0049155
      endloop
   endfacet
   facet normal -0.808799 -0.232338 -0.540244
      outer loop
         vertex 0.00846645 0.0811498 0.0049155
         vertex 0.00906871 0.0803954 0.00409187
         vertex 0.0085839 0.0795913 0.00528878
      endloop
   endfacet
   facet normal -0.947358 -0.247165 -0.203524
      outer loop
         vertex 0.00900592 0.0821573 0.00289788
         vertex 0.00952701 0.0797343 0.00250355
         vertex 0.00906871 0.0803954 0.00409187
      endloop
   endfacet
   facet normal -0.986694 -0.119382 -0.110374
      outer loop
         vertex 0.00952701 0.0797343 0.00250355
         vertex 0.00933154 0.0792228 0.00386033
         vertex 0.00906871 0.0803954 0.00409187
      endloop
   endfacet
   facet normal -0.947358 -0.247165 -0.203524
      outer loop
         vertex 0.00900592 0.0821573 0.00289788
         vertex 0.00909475 0.0825281 0.00139872
         vertex 0.00955563 0.0800159 0.00109936
      endloop
   endfacet
   facet normal -0.768364 -0.342894 -0.540408
      outer loop
         vertex 0.00773596 0.0837639 0.00458607
         vertex 0.00815525 0.084452 0.00318864
         vertex 0.00900592 0.0821573 0.00289788
      endloop
   endfacet
   facet normal -0.372314 -0.190677 -0.908309
      outer loop
         vertex 0.00599194 0.0815571 0.00669146
         vertex 0.00657025 0.0822267 0.0062545
         vertex 0.00775556 0.0801611 0.00599136
      endloop
   endfacet
   facet normal -0.583476 -0.278168 -0.763006
      outer loop
         vertex 0.00704448 0.0828127 0.00575908
         vertex 0.00742851 0.083323 0.00520291
         vertex 0.00846645 0.0811498 0.0049155
      endloop
   endfacet
   facet normal -0.455855 -0.32388 -0.829034
      outer loop
         vertex 0.0056447 0.0848052 0.00591105
         vertex 0.00704448 0.0828127 0.00575908
         vertex 0.00657025 0.0822267 0.0062545
      endloop
   endfacet
   facet normal -0.474415 -0.233637 -0.848731
      outer loop
         vertex 0.00657025 0.0822267 0.0062545
         vertex 0.00448777 0.0834473 0.00676923
         vertex 0.0056447 0.0848052 0.00591105
      endloop
   endfacet
   facet normal -0.474415 -0.233637 -0.848731
      outer loop
         vertex 0.00657025 0.0822267 0.0062545
         vertex 0.00704448 0.0828127 0.00575908
         vertex 0.00815204 0.0806891 0.00548439
      endloop
   endfacet
   facet normal -0.455855 -0.32388 -0.829034
      outer loop
         vertex 0.0056447 0.0848052 0.00591105
         vertex 0.00608715 0.0853574 0.00537917
         vertex 0.00742851 0.083323 0.00520291
      endloop
   endfacet
   facet normal -0.68461 -0.316031 -0.656836
      outer loop
         vertex 0.00742851 0.083323 0.00520291
         vertex 0.00773596 0.0837639 0.00458607
         vertex 0.00870836 0.0815468 0.00428937
      endloop
   endfacet
   facet normal -0.557855 -0.377246 -0.739245
      outer loop
         vertex 0.00608715 0.0853574 0.00537917
         vertex 0.00645273 0.0858352 0.00478041
         vertex 0.00773596 0.0837639 0.00458607
      endloop
   endfacet
   facet normal -0.971259 -0.235063 -0.0374246
      outer loop
         vertex 0.00909475 0.0825281 0.00139872
         vertex 0.00834394 0.0848951 0.00164343
         vertex 0.00832542 0.0851089 5.94774e-05
      endloop
   endfacet
   facet normal -0.941479 -0.333713 0.0474736
      outer loop
         vertex 0.00832542 0.0851089 5.94774e-05
         vertex 0.00875469 0.0825879 -0.00160112
         vertex 0.00909475 0.0825281 0.00139872
      endloop
   endfacet
   facet normal -0.87712 -0.36347 -0.313928
      outer loop
         vertex 0.00815525 0.084452 0.00318864
         vertex 0.00834394 0.0848951 0.00164343
         vertex 0.00909475 0.0825281 0.00139872
      endloop
   endfacet
   facet normal -0.647776 -0.421308 -0.634732
      outer loop
         vertex 0.00645273 0.0858352 0.00478041
         vertex 0.00698363 0.0865875 0.00340574
         vertex 0.00815525 0.084452 0.00318864
      endloop
   endfacet
   facet normal -0.778263 -0.471948 -0.414213
      outer loop
         vertex 0.00698363 0.0865875 0.00340574
         vertex 0.00727315 0.0870881 0.00186649
         vertex 0.00834394 0.0848951 0.00164343
      endloop
   endfacet
   facet normal -0.941479 -0.333713 0.0474736
      outer loop
         vertex 0.00832542 0.0851089 5.94774e-05
         vertex 0.00834394 0.0848951 0.00164343
         vertex 0.00727315 0.0870881 0.00186649
      endloop
   endfacet
   facet normal -0.877885 -0.453505 0.153791
      outer loop
         vertex 0.00718524 0.0874256 -0.00132247
         vertex 0.00811643 0.0850998 -0.00149754
         vertex 0.00832542 0.0851089 5.94774e-05
      endloop
   endfacet
   facet normal -0.909658 -0.169818 0.379056
      outer loop
         vertex 0.00833609 0.0822915 -0.00302285
         vertex 0.00875469 0.0825879 -0.00160112
         vertex 0.00811643 0.0850998 -0.00149754
      endloop
   endfacet
   facet normal -0.929051 -0.306887 0.206602
      outer loop
         vertex 0.00811643 0.0850998 -0.00149754
         vertex 0.00683236 0.0872679 -0.00288472
         vertex 0.00833609 0.0822915 -0.00302285
      endloop
   endfacet
   facet normal -0.794213 -0.365621 0.485332
      outer loop
         vertex 0.00628531 0.0868629 -0.00438874
         vertex 0.00774509 0.0817808 -0.00437178
         vertex 0.00833609 0.0822915 -0.00302285
      endloop
   endfacet
   facet normal -0.705703 -0.301156 0.641318
      outer loop
         vertex 0.00553657 0.0861955 -0.00578232
         vertex 0.00696885 0.0810634 -0.00562349
         vertex 0.00774509 0.0817808 -0.00437178
      endloop
   endfacet
   facet normal -0.572919 -0.228694 0.787059
      outer loop
         vertex 0.00457496 0.0852752 -0.00698691
         vertex 0.00599203 0.0801571 -0.00674117
         vertex 0.00696885 0.0810634 -0.00562349
      endloop
   endfacet
   facet normal -0.521374 -0.0304326 0.852785
      outer loop
         vertex 0.00481005 0.079093 -0.00767506
         vertex 0.00339155 0.0841482 -0.00792194
         vertex 0.00198494 0.0828986 -0.00853847
      endloop
   endfacet
   facet normal -0.372314 -0.190677 -0.908309
      outer loop
         vertex 0.00599194 0.0815571 0.00669146
         vertex 0.004 0.0794296 0.00755322
         vertex 0.004 0.0823425 0.00711686
      endloop
   endfacet
   facet normal -0.188412 -0.189084 -0.963716
      outer loop
         vertex 0.004 0.0823425 0.00711686
         vertex 0.00448777 0.0834473 0.00676923
         vertex 0.00599194 0.0815571 0.00669146
      endloop
   endfacet
   facet normal -0.150158 -0.228804 -0.961822
      outer loop
         vertex 0.00277076 0.0852347 0.00670144
         vertex 3.70139e-07 0.0857644 0.0067758
         vertex 3.83351e-07 0.0858993 0.00675029
      endloop
   endfacet
   facet normal -0.150158 -0.228804 -0.961822
      outer loop
         vertex 0.00277076 0.0852347 0.00670144
         vertex 0.00448777 0.0834473 0.00676923
         vertex 0.00353477 0.0823675 0.00714774
      endloop
   endfacet
   facet normal 1.53657e-06 -0.185831 -0.982582
      outer loop
         vertex 5.59694e-08 0.0825575 0.00738235
         vertex 3.70139e-07 0.0857644 0.0067758
         vertex 0.00277076 0.0852347 0.00670144
      endloop
   endfacet
   facet normal -0.153302 -0.187322 -0.970262
      outer loop
         vertex 0.00353477 0.0823675 0.00714774
         vertex 5.59694e-08 0.0825575 0.00738235
         vertex 0.00277076 0.0852347 0.00670144
      endloop
   endfacet
   facet normal -0.0652631 -0.26982 -0.960696
      outer loop
         vertex 0.000893188 0.0868449 0.0065162
         vertex 4.17592e-07 0.0862488 0.00668418
         vertex -6.06893e-10 0.0872154 0.00643425
      endloop
   endfacet
   facet normal -0.0652631 -0.26982 -0.960696
      outer loop
         vertex 0.000893188 0.0868449 0.0065162
         vertex 3.83351e-07 0.0858993 0.00675029
         vertex 4.17592e-07 0.0862488 0.00668418
      endloop
   endfacet
   facet normal 1.63524e-05 -0.314024 -0.949415
      outer loop
         vertex -6.06893e-10 0.0872154 0.00643425
         vertex -2.7723e-08 0.0874329 0.00631495
         vertex 0.000893188 0.0868449 0.0065162
      endloop
   endfacet
   facet normal -0.200883 -0.459509 -0.865157
      outer loop
         vertex 0.00212301 0.0881847 0.00580944
         vertex -2.32506e-07 0.0890753 0.00541398
         vertex -2.49768e-07 0.0892137 0.00533803
      endloop
   endfacet
   facet normal -0.200883 -0.459509 -0.865157
      outer loop
         vertex 0.00212301 0.0881847 0.00580944
         vertex 0.000893188 0.0868449 0.0065162
         vertex -2.77255e-08 0.0874329 0.00631493
      endloop
   endfacet
   facet normal -0.00178388 -0.345539 -0.938403
      outer loop
         vertex -2.77255e-08 0.0874329 0.00631493
         vertex -2.32506e-07 0.0890753 0.00541398
         vertex 0.00212301 0.0881847 0.00580944
      endloop
   endfacet
   facet normal -0.00959104 -0.596645 -0.802448
      outer loop
         vertex 0.000136196 0.0893437 0.00532717
         vertex -2.49768e-07 0.0892137 0.00533803
         vertex -2.68804e-07 0.0893664 0.00525428
      endloop
   endfacet
   facet normal -0.00959104 -0.596645 -0.802448
      outer loop
         vertex 0.000136196 0.0893437 0.00532717
         vertex -2.68806e-07 0.0893664 0.00525428
         vertex -2.99122e-07 0.0896096 0.0051209
      endloop
   endfacet
   facet normal -2.48204e-05 -0.631943 -0.775015
      outer loop
         vertex -2.99122e-07 0.0896096 0.0051209
         vertex 0.00104709 0.0903821 0.00432149
         vertex 0.000136196 0.0893437 0.00532717
      endloop
   endfacet
   facet normal -2.48204e-05 -0.631943 -0.775015
      outer loop
         vertex -2.99122e-07 0.0896096 0.0051209
         vertex -2.09214e-07 0.0905744 0.00398395
         vertex 0.00104709 0.0903821 0.00432149
      endloop
   endfacet
   facet normal -0.194366 -0.842472 -0.502457
      outer loop
         vertex 0.00167384 0.0911476 0.00312936
         vertex 0.00104709 0.0903821 0.00432149
         vertex -2.09212e-07 0.0905744 0.00398392
      endloop
   endfacet
   facet normal -0.0149362 -0.951466 -0.307391
      outer loop
         vertex 7.39503e-08 0.0918949 0.00155768
         vertex 0.00205977 0.0916541 0.00185203
         vertex 0.00167384 0.0911476 0.00312936
      endloop
   endfacet
   facet normal -0.290145 -0.942798 -0.164156
      outer loop
         vertex 0.00222491 0.0919466 0.000570791
         vertex 0.00205977 0.0916541 0.00185203
         vertex 7.39503e-08 0.0918949 0.00155768
      endloop
   endfacet
   facet normal -0.000292969 -0.989109 -0.147188
      outer loop
         vertex 2.38047e-07 0.0922989 0.000394349
         vertex 8.41473e-08 0.0922594 -0.000632296
         vertex 0.00103963 0.0923134 -0.000641494
      endloop
   endfacet
   facet normal -0.290145 -0.942798 -0.164156
      outer loop
         vertex 0.00222491 0.0919466 0.000570791
         vertex 2.31287e-07 0.0922823 0.000442273
         vertex 2.38047e-07 0.0922989 0.000394349
      endloop
   endfacet
   facet normal -0.290145 -0.942798 -0.164156
      outer loop
         vertex 0.00222491 0.0919466 0.000570791
         vertex 2.31283e-07 0.0922823 0.000442299
         vertex 2.31287e-07 0.0922823 0.000442273
      endloop
   endfacet
   facet normal -0.1294 -0.991524 -0.0116479
      outer loop
         vertex 0.00103963 0.0923134 -0.000641494
         vertex 0.00222491 0.0919466 0.000570791
         vertex 2.38047e-07 0.0922989 0.000394349
      endloop
   endfacet
   facet normal -0.0422004 -0.955559 0.291765
      outer loop
         vertex 0.000494339 0.0920417 -0.00291766
         vertex 8.41423e-08 0.0922594 -0.00063233
         vertex -1.79975e-07 0.0921915 -0.00239422
      endloop
   endfacet
   facet normal 0.000179973 -0.974834 0.222933
      outer loop
         vertex -1.79975e-07 0.0921915 -0.00239422
         vertex -1.39205e-07 0.092009 -0.00281261
         vertex 0.000494339 0.0920417 -0.00291766
      endloop
   endfacet
   facet normal -0.1294 -0.991524 -0.0116479
      outer loop
         vertex 0.00103963 0.0923134 -0.000641494
         vertex 8.41473e-08 0.0922594 -0.000632296
         vertex 8.41423e-08 0.0922594 -0.00063233
      endloop
   endfacet
   facet normal 0.000214105 -0.999938 -0.0111314
      outer loop
         vertex 8.41423e-08 0.0922594 -0.00063233
         vertex 0.000494339 0.0920417 -0.00291766
         vertex 0.00103963 0.0923134 -0.000641494
      endloop
   endfacet
   facet normal -0.0197348 -0.771672 0.635714
      outer loop
         vertex 0.000285436 0.090661 -0.00550117
         vertex 0.00107958 0.0913649 -0.00439103
         vertex 6.9269e-08 0.0910761 -0.004952
      endloop
   endfacet
   facet normal 5.45143e-06 -0.903979 0.427577
      outer loop
         vertex -3.5165e-08 0.0915434 -0.00388028
         vertex 6.9269e-08 0.0910761 -0.004952
         vertex 0.00107958 0.0913649 -0.00439103
      endloop
   endfacet
   facet normal -0.107933 -0.866135 0.488017
      outer loop
         vertex 0.00107958 0.0913649 -0.00439103
         vertex 0.0016215 0.0918236 -0.003171
         vertex -3.5165e-08 0.0915434 -0.00388028
      endloop
   endfacet
   facet normal -0.194138 -0.927491 0.319485
      outer loop
         vertex 0.0016215 0.0918236 -0.003171
         vertex 0.000494339 0.0920417 -0.00291766
         vertex -5.83065e-08 0.091647 -0.0036428
      endloop
   endfacet
   facet normal -0.00851957 -0.918377 0.395614
      outer loop
         vertex -5.83065e-08 0.091647 -0.0036428
         vertex -3.5165e-08 0.0915434 -0.00388028
         vertex 0.0016215 0.0918236 -0.003171
      endloop
   endfacet
   facet normal -0.140962 -0.70402 0.69605
      outer loop
         vertex 0.00131624 0.0901788 -0.00592299
         vertex 3.27463e-08 0.090307 -0.00572389
         vertex -1.51422e-08 0.0892986 -0.00673599
      endloop
   endfacet
   facet normal -0.122333 -0.478493 0.869528
      outer loop
         vertex 0.00110007 0.0884711 -0.00724754
         vertex 0.00218051 0.0894887 -0.00629555
         vertex 0.00131624 0.0901788 -0.00592299
      endloop
   endfacet
   facet normal -0.140962 -0.70402 0.69605
      outer loop
         vertex 0.00131624 0.0901788 -0.00592299
         vertex 0.000285436 0.090661 -0.00550117
         vertex 3.83846e-08 0.0904257 -0.00560473
      endloop
   endfacet
   facet normal -0.0068198 -0.751117 0.660133
      outer loop
         vertex 3.83846e-08 0.0904257 -0.00560473
         vertex 3.27463e-08 0.090307 -0.00572389
         vertex 0.00131624 0.0901788 -0.00592299
      endloop
   endfacet
   facet normal -0.122333 -0.478493 0.869528
      outer loop
         vertex 0.00110007 0.0884711 -0.00724754
         vertex -1.51422e-08 0.0892986 -0.00673599
         vertex -2.40687e-08 0.0891106 -0.00692465
      endloop
   endfacet
   facet normal -0.291122 -0.274216 0.916544
      outer loop
         vertex 0.00242694 0.0865004 -0.00773249
         vertex -3.55856e-08 0.0875088 -0.00762929
         vertex -3.99191e-08 0.0869061 -0.00789442
      endloop
   endfacet
   facet normal -0.291122 -0.274216 0.916544
      outer loop
         vertex 0.00242694 0.0865004 -0.00773249
         vertex 0.00110007 0.0884711 -0.00724754
         vertex -3.47962e-08 0.0876186 -0.00758099
      endloop
   endfacet
   facet normal -0.00916356 -0.374377 0.927231
      outer loop
         vertex -3.47962e-08 0.0876186 -0.00758099
         vertex -3.55856e-08 0.0875088 -0.00762929
         vertex 0.00242694 0.0865004 -0.00773249
      endloop
   endfacet
   facet normal -0.0785802 -0.191565 0.978329
      outer loop
         vertex 0.00101607 0.0852852 -0.00828535
         vertex -3.99191e-08 0.0869061 -0.00789442
         vertex -3.99196e-08 0.086906 -0.00789445
      endloop
   endfacet
   facet normal -0.000164074 -0.275803 0.961214
      outer loop
         vertex -3.99196e-08 0.086906 -0.00789445
         vertex -4.24798e-08 0.08655 -0.00805109
         vertex 0.00101607 0.0852852 -0.00828535
      endloop
   endfacet
   facet normal -0.190526 -0.121917 0.974082
      outer loop
         vertex 0.00198494 0.0828986 -0.00853847
         vertex 0.00101607 0.0852852 -0.00828535
         vertex -3.37877e-08 0.0845287 -0.00824079
      endloop
   endfacet
   facet normal 2.96302e-06 -0.172282 0.985048
      outer loop
         vertex -3.37877e-08 0.0845287 -0.00824079
         vertex -2.05574e-08 0.0814521 -0.00852953
         vertex 0.000380836 0.0816249 -0.00884316
      endloop
   endfacet
   facet normal -0.0785802 -0.191565 0.978329
      outer loop
         vertex 0.00101607 0.0852852 -0.00828535
         vertex -3.42055e-08 0.0846259 -0.00823167
         vertex -3.37877e-08 0.0845287 -0.00824079
      endloop
   endfacet
   facet normal -0.20091 0.0355024 0.978966
      outer loop
         vertex 0.00196204 0.0766774 -0.0087745
         vertex 0.000380836 0.0816249 -0.00884316
         vertex -2.02093e-08 0.0813712 -0.00853713
      endloop
   endfacet
   facet normal -0.0264146 -0.0927161 0.995342
      outer loop
         vertex 0.000380836 0.0816249 -0.00884316
         vertex -2.05574e-08 0.0814521 -0.00852953
         vertex -2.02093e-08 0.0813712 -0.00853713
      endloop
   endfacet
   facet normal -0.0264146 -0.0927161 0.995342
      outer loop
         vertex 0.000380836 0.0816249 -0.00884316
         vertex 0.00196372 0.0766774 -0.00877432
         vertex 0.00344689 0.0779154 -0.00836788
      endloop
   endfacet
   facet normal -0.0264146 -0.0927161 0.995342
      outer loop
         vertex 0.000380836 0.0816249 -0.00884316
         vertex 0.00196204 0.0766774 -0.0087745
         vertex 0.00196372 0.0766774 -0.00877432
      endloop
   endfacet
   facet normal -0.364596 0.00518329 0.931151
      outer loop
         vertex 0.00344689 0.0779154 -0.00836788
         vertex 0.00196372 0.0766774 -0.00877432
         vertex 0.00200531 0.0766775 -0.00877001
      endloop
   endfacet
   facet normal -0.205301 0.0352389 0.978064
      outer loop
         vertex 0.00200531 0.0766775 -0.00877001
         vertex 0.00241332 0.0766824 -0.00860914
         vertex 0.00344689 0.0779154 -0.00836788
      endloop
   endfacet
   facet normal -0.521374 -0.0304326 0.852785
      outer loop
         vertex 0.00481005 0.079093 -0.00767506
         vertex 0.00466117 0.0767094 -0.00772291
         vertex 0.00505538 0.0767142 -0.00756749
      endloop
   endfacet
   facet normal -0.480473 0.00342625 0.877003
      outer loop
         vertex 0.00466117 0.0767094 -0.00772291
         vertex 0.00481005 0.079093 -0.00767506
         vertex 0.00344689 0.0779154 -0.00836788
      endloop
   endfacet
   facet normal -0.364596 0.00518329 0.931151
      outer loop
         vertex 0.00344689 0.0779154 -0.00836788
         vertex 0.00373113 0.0766983 -0.00808958
         vertex 0.00466117 0.0767094 -0.00772291
      endloop
   endfacet
   facet normal -0.673736 -0.0331985 0.738226
      outer loop
         vertex 0.00649681 0.0767529 -0.00632128
         vertex 0.00599203 0.0801571 -0.00674117
         vertex 0.00481005 0.079093 -0.00767506
      endloop
   endfacet
   facet normal -0.656957 -0.0676292 0.750889
      outer loop
         vertex 0.00599203 0.0801571 -0.00674117
         vertex 0.00457496 0.0852752 -0.00698691
         vertex 0.00339155 0.0841482 -0.00792194
      endloop
   endfacet
   facet normal -0.392141 -0.163501 0.905259
      outer loop
         vertex 0.00339155 0.0841482 -0.00792194
         vertex 0.00481005 0.079093 -0.00767506
         vertex 0.00599203 0.0801571 -0.00674117
      endloop
   endfacet
   facet normal -0.521374 -0.0304326 0.852785
      outer loop
         vertex 0.00481005 0.079093 -0.00767506
         vertex 0.00534775 0.076722 -0.00731472
         vertex 0.00649681 0.0767529 -0.00632128
      endloop
   endfacet
   facet normal -0.820415 -0.0639966 0.568175
      outer loop
         vertex 0.00797811 0.0768079 -0.00471231
         vertex 0.00774509 0.0817808 -0.00437178
         vertex 0.00696885 0.0810634 -0.00562349
      endloop
   endfacet
   facet normal -0.769732 -0.0535609 0.636116
      outer loop
         vertex 0.00753509 0.0767808 -0.00542361
         vertex 0.00696885 0.0810634 -0.00562349
         vertex 0.00599203 0.0801571 -0.00674117
      endloop
   endfacet
   facet normal -0.656957 -0.0676292 0.750889
      outer loop
         vertex 0.00599203 0.0801571 -0.00674117
         vertex 0.00660396 0.0767558 -0.00622863
         vertex 0.00753509 0.0767808 -0.00542361
      endloop
   endfacet
   facet normal -0.766507 -0.104578 0.633665
      outer loop
         vertex 0.00696885 0.0810634 -0.00562349
         vertex 0.00753509 0.0767808 -0.00542361
         vertex 0.00797811 0.0768079 -0.00471231
      endloop
   endfacet
   facet normal -0.909658 -0.169818 0.379056
      outer loop
         vertex 0.00833609 0.0822915 -0.00302285
         vertex 0.00930404 0.0785402 -0.00172426
         vertex 0.00931011 0.0785582 -0.00168591
      endloop
   endfacet
   facet normal -0.958803 -0.0920117 0.268757
      outer loop
         vertex 0.00931011 0.0785582 -0.00168591
         vertex 0.00875469 0.0825879 -0.00160112
         vertex 0.00833609 0.0822915 -0.00302285
      endloop
   endfacet
   facet normal -0.849591 -0.139079 0.508775
      outer loop
         vertex 0.00774509 0.0817808 -0.00437178
         vertex 0.00900053 0.0773924 -0.00289694
         vertex 0.00909728 0.0777583 -0.00252312
      endloop
   endfacet
   facet normal -0.849591 -0.139079 0.508775
      outer loop
         vertex 0.00774509 0.0817808 -0.00437178
         vertex 0.00840503 0.0768341 -0.00402685
         vertex 0.0088986 0.0768643 -0.00323436
      endloop
   endfacet
   facet normal -0.907453 -0.0751523 0.413378
      outer loop
         vertex 0.0088986 0.0768643 -0.00323436
         vertex 0.00900053 0.0773924 -0.00289694
         vertex 0.00774509 0.0817808 -0.00437178
      endloop
   endfacet
   facet normal -0.934725 -0.0821184 0.345754
      outer loop
         vertex 0.00909728 0.0777583 -0.00252312
         vertex 0.00930404 0.0785402 -0.00172426
         vertex 0.00774509 0.0817808 -0.00437178
      endloop
   endfacet
   facet normal -0.993557 -0.103696 0.0457379
      outer loop
         vertex 0.0095913 0.079357 0.000752188
         vertex 0.00960348 0.0793836 0.00102459
         vertex 0.00955563 0.0800159 0.00109936
      endloop
   endfacet
   facet normal -0.971259 -0.235063 -0.0374246
      outer loop
         vertex 0.00909475 0.0825281 0.00139872
         vertex 0.00875469 0.0825879 -0.00160112
         vertex 0.00955008 0.0792672 -0.000169531
      endloop
   endfacet
   facet normal -0.986189 -0.105264 0.127873
      outer loop
         vertex 0.00955008 0.0792672 -0.000169531
         vertex 0.0095913 0.079357 0.000752188
         vertex 0.00909475 0.0825281 0.00139872
      endloop
   endfacet
   facet normal -0.94958 -0.196251 0.244505
      outer loop
         vertex 0.00875469 0.0825879 -0.00160112
         vertex 0.00931011 0.0785582 -0.00168591
         vertex 0.00941332 0.0788631 -0.00103374
      endloop
   endfacet
   facet normal -0.973246 -0.0972346 0.208177
      outer loop
         vertex 0.00941332 0.0788631 -0.00103374
         vertex 0.00955008 0.0792672 -0.000169531
         vertex 0.00875469 0.0825879 -0.00160112
      endloop
   endfacet
   facet normal -0.986694 -0.119382 -0.110374
      outer loop
         vertex 0.00952701 0.0797343 0.00250355
         vertex 0.00955202 0.0791682 0.00259902
         vertex 0.00952248 0.0790616 0.00305132
      endloop
   endfacet
   facet normal -0.986694 -0.119382 -0.110374
      outer loop
         vertex 0.00952701 0.0797343 0.00250355
         vertex 0.00955563 0.0800159 0.00109936
         vertex 0.00962436 0.0794291 0.00149152
      endloop
   endfacet
   facet normal -0.994476 -0.103692 -0.0163
      outer loop
         vertex 0.00962436 0.0794291 0.00149152
         vertex 0.00955202 0.0791682 0.00259902
         vertex 0.00952701 0.0797343 0.00250355
      endloop
   endfacet
   facet normal -0.983244 -0.0874522 -0.159946
      outer loop
         vertex 0.00952248 0.0790616 0.00305132
         vertex 0.00933154 0.0792228 0.00386033
         vertex 0.00952701 0.0797343 0.00250355
      endloop
   endfacet
   facet normal -0.991694 -0.127414 0.0175428
      outer loop
         vertex 0.00955563 0.0800159 0.00109936
         vertex 0.00960348 0.0793836 0.00102459
         vertex 0.00962436 0.0794291 0.00149152
      endloop
   endfacet
   facet normal -0.956573 -0.113742 -0.268385
      outer loop
         vertex 0.00933154 0.0792228 0.00386033
         vertex 0.00938961 0.0786509 0.00372
         vertex 0.00928281 0.0783208 0.00425744
      endloop
   endfacet
   facet normal -0.944336 -0.0726812 -0.320854
      outer loop
         vertex 0.00928281 0.0783208 0.00425744
         vertex 0.00892155 0.0784774 0.00504125
         vertex 0.00933154 0.0792228 0.00386033
      endloop
   endfacet
   facet normal -0.944336 -0.0726812 -0.320854
      outer loop
         vertex 0.00928281 0.0783208 0.00425744
         vertex 0.00925539 0.0782361 0.00439545
         vertex 0.00892155 0.0784774 0.00504125
      endloop
   endfacet
   facet normal -0.767792 -0.0249616 -0.640213
      outer loop
         vertex 0.00857513 0.0772183 0.00557704
         vertex 0.00825496 0.0772242 0.00591463
         vertex 0.00821142 0.0774788 0.0060036
      endloop
   endfacet
   facet normal -0.768773 -0.0666084 -0.636044
      outer loop
         vertex 0.0086034 0.0780137 0.0055536
         vertex 0.00892155 0.0784774 0.00504125
         vertex 0.0090541 0.0777439 0.00483119
      endloop
   endfacet
   facet normal -0.88685 -0.0460269 -0.45976
      outer loop
         vertex 0.0090541 0.0777439 0.00483119
         vertex 0.00883719 0.0772135 0.00530073
         vertex 0.0086034 0.0780137 0.0055536
      endloop
   endfacet
   facet normal -0.8252 -0.022194 -0.564405
      outer loop
         vertex 0.00883719 0.0772135 0.00530073
         vertex 0.00857513 0.0772183 0.00557704
         vertex 0.0086034 0.0780137 0.0055536
      endloop
   endfacet
   facet normal -0.497495 -0.132566 -0.857278
      outer loop
         vertex 0.00726313 0.0795633 0.0064359
         vertex 0.00707627 0.0772354 0.00670946
         vertex 0.00646662 0.077238 0.00694142
      endloop
   endfacet
   facet normal -0.458752 -0.0350853 -0.887872
      outer loop
         vertex 0.00736255 0.0772342 0.00660053
         vertex 0.00726313 0.0795633 0.0064359
         vertex 0.00779208 0.0785252 0.0062433
      endloop
   endfacet
   facet normal -0.572496 -0.0966158 -0.814195
      outer loop
         vertex 0.00779208 0.0785252 0.0062433
         vertex 0.0079356 0.0772297 0.00623819
         vertex 0.00736255 0.0772342 0.00660053
      endloop
   endfacet
   facet normal -0.572496 -0.0966158 -0.814195
      outer loop
         vertex 0.00779208 0.0785252 0.0062433
         vertex 0.00821142 0.0774788 0.0060036
         vertex 0.00801926 0.0772285 0.00616315
      endloop
   endfacet
   facet normal -0.622812 -0.0301988 -0.781788
      outer loop
         vertex 0.00801926 0.0772285 0.00616315
         vertex 0.0079668 0.0772295 0.00621846
         vertex 0.00779208 0.0785252 0.0062433
      endloop
   endfacet
   facet normal -0.607659 -0.0302258 -0.793623
      outer loop
         vertex 0.0079668 0.0772295 0.00621846
         vertex 0.0079356 0.0772297 0.00623819
         vertex 0.00779208 0.0785252 0.0062433
      endloop
   endfacet
   facet normal -0.458752 -0.0350853 -0.887872
      outer loop
         vertex 0.00736255 0.0772342 0.00660053
         vertex 0.00707627 0.0772354 0.00670946
         vertex 0.00726313 0.0795633 0.0064359
      endloop
   endfacet
   facet normal -0.200906 -0.136711 -0.970024
      outer loop
         vertex 0.004 0.0794296 0.00755322
         vertex 0.00594766 0.0781422 0.00718427
         vertex 0.00516588 0.0772435 0.00743635
      endloop
   endfacet
   facet normal -0.320955 -0.0711015 -0.944422
      outer loop
         vertex 0.00516588 0.0772435 0.00743635
         vertex 0.00490083 0.0772447 0.0075372
         vertex 0.004 0.0794296 0.00755322
      endloop
   endfacet
   facet normal -0.372314 -0.190677 -0.908309
      outer loop
         vertex 0.00599194 0.0815571 0.00669146
         vertex 0.00726313 0.0795633 0.0064359
         vertex 0.00594766 0.0781422 0.00718427
      endloop
   endfacet
   facet normal -0.355044 -0.0723282 -0.932047
      outer loop
         vertex 0.00594766 0.0781422 0.00718427
         vertex 0.004 0.0794296 0.00755322
         vertex 0.00599194 0.0815571 0.00669146
      endloop
   endfacet
   facet normal -0.306343 -0.0765266 -0.94884
      outer loop
         vertex 0.00490083 0.0772447 0.0075372
         vertex 0.004 0.0772485 0.00787995
         vertex 0.004 0.0794296 0.00755322
      endloop
   endfacet
   facet normal -0.320955 -0.0711015 -0.944422
      outer loop
         vertex 0.00516588 0.0772435 0.00743635
         vertex 0.00594766 0.0781422 0.00718427
         vertex 0.00646662 0.077238 0.00694142
      endloop
   endfacet
   facet normal -0.402148 -0.0437847 -0.914527
      outer loop
         vertex 0.00646662 0.077238 0.00694142
         vertex 0.00594766 0.0781422 0.00718427
         vertex 0.00726313 0.0795633 0.0064359
      endloop
   endfacet
   facet normal -0.622812 -0.0301988 -0.781788
      outer loop
         vertex 0.00801926 0.0772285 0.00616315
         vertex 0.00821142 0.0774788 0.0060036
         vertex 0.00825496 0.0772242 0.00591463
      endloop
   endfacet
   facet normal -0.668797 -0.0409111 -0.742319
      outer loop
         vertex 0.00821142 0.0774788 0.0060036
         vertex 0.0086034 0.0780137 0.0055536
         vertex 0.00857513 0.0772183 0.00557704
      endloop
   endfacet
   facet normal -0.933961 -0.0701089 -0.35043
      outer loop
         vertex 0.00925539 0.0782361 0.00439545
         vertex 0.0090541 0.0777439 0.00483119
         vertex 0.00892155 0.0784774 0.00504125
      endloop
   endfacet
   facet normal -0.983244 -0.0874522 -0.159946
      outer loop
         vertex 0.00952248 0.0790616 0.00305132
         vertex 0.00938961 0.0786509 0.00372
         vertex 0.00933154 0.0792228 0.00386033
      endloop
   endfacet
   facet normal -0.991694 -0.127414 0.0175428
      outer loop
         vertex 0.00955563 0.0800159 0.00109936
         vertex 0.00909475 0.0825281 0.00139872
         vertex 0.0095913 0.079357 0.000752188
      endloop
   endfacet
   facet normal -0.909658 -0.169818 0.379056
      outer loop
         vertex 0.00833609 0.0822915 -0.00302285
         vertex 0.00774509 0.0817808 -0.00437178
         vertex 0.00930404 0.0785402 -0.00172426
      endloop
   endfacet
   facet normal -0.820415 -0.0639966 0.568175
      outer loop
         vertex 0.00797811 0.0768079 -0.00471231
         vertex 0.00840503 0.0768341 -0.00402685
         vertex 0.00774509 0.0817808 -0.00437178
      endloop
   endfacet
   facet normal -0.673736 -0.0331985 0.738226
      outer loop
         vertex 0.00649681 0.0767529 -0.00632128
         vertex 0.00660396 0.0767558 -0.00622863
         vertex 0.00599203 0.0801571 -0.00674117
      endloop
   endfacet
   facet normal -0.517871 -0.00307583 0.855453
      outer loop
         vertex 0.00505538 0.0767142 -0.00756749
         vertex 0.00534775 0.076722 -0.00731472
         vertex 0.00481005 0.079093 -0.00767506
      endloop
   endfacet
   facet normal -0.248818 0.0321878 0.968015
      outer loop
         vertex 0.00241332 0.0766824 -0.00860914
         vertex 0.00373113 0.0766983 -0.00808958
         vertex 0.00344689 0.0779154 -0.00836788
      endloop
   endfacet
   facet normal -0.364596 0.00518329 0.931151
      outer loop
         vertex 0.00344689 0.0779154 -0.00836788
         vertex 0.00198494 0.0828986 -0.00853847
         vertex 0.000380836 0.0816249 -0.00884316
      endloop
   endfacet
   facet normal 7.02586e-07 -0.0869202 0.996215
      outer loop
         vertex -2.02093e-08 0.0813712 -0.00853713
         vertex 1.22671e-14 0.0766717 -0.00897818
         vertex 0.00196204 0.0766774 -0.0087745
      endloop
   endfacet
   facet normal 2.96302e-06 -0.172282 0.985048
      outer loop
         vertex -3.37877e-08 0.0845287 -0.00824079
         vertex 0.000380836 0.0816249 -0.00884316
         vertex 0.00198494 0.0828986 -0.00853847
      endloop
   endfacet
   facet normal 5.15339e-05 -0.226977 0.9739
      outer loop
         vertex -4.24798e-08 0.08655 -0.00805109
         vertex -3.42055e-08 0.0846259 -0.00823167
         vertex 0.00101607 0.0852852 -0.00828535
      endloop
   endfacet
   facet normal -0.0048987 -0.276874 0.960894
      outer loop
         vertex -3.99191e-08 0.0869061 -0.00789442
         vertex 0.00101607 0.0852852 -0.00828535
         vertex 0.00242694 0.0865004 -0.00773249
      endloop
   endfacet
   facet normal -2.68422e-05 -0.56568 0.824625
      outer loop
         vertex -2.40687e-08 0.0891106 -0.00692465
         vertex -3.47962e-08 0.0876186 -0.00758099
         vertex 0.00110007 0.0884711 -0.00724754
      endloop
   endfacet
   facet normal -0.00304497 -0.594886 0.803804
      outer loop
         vertex -1.51422e-08 0.0892986 -0.00673599
         vertex 0.00110007 0.0884711 -0.00724754
         vertex 0.00131624 0.0901788 -0.00592299
      endloop
   endfacet
   facet normal -0.0068198 -0.751117 0.660133
      outer loop
         vertex 3.83846e-08 0.0904257 -0.00560473
         vertex 0.000285436 0.090661 -0.00550117
         vertex 4.9905e-08 0.0906683 -0.00536125
      endloop
   endfacet
   facet normal -6.92691e-05 -0.826684 0.562666
      outer loop
         vertex 6.9269e-08 0.0910761 -0.004952
         vertex 4.9905e-08 0.0906683 -0.00536125
         vertex 0.000285436 0.090661 -0.00550117
      endloop
   endfacet
   facet normal -0.00851957 -0.918377 0.395614
      outer loop
         vertex -5.83065e-08 0.091647 -0.0036428
         vertex 0.000494339 0.0920417 -0.00291766
         vertex -1.39203e-07 0.092009 -0.00281263
      endloop
   endfacet
   facet normal -4.86658e-06 -0.959642 0.281226
      outer loop
         vertex -1.39205e-07 0.092009 -0.00281261
         vertex -1.39203e-07 0.092009 -0.00281263
         vertex 0.000494339 0.0920417 -0.00291766
      endloop
   endfacet
   facet normal -0.1294 -0.991524 -0.0116479
      outer loop
         vertex 0.00103963 0.0923134 -0.000641494
         vertex 0.00218924 0.0920716 -0.0006924
         vertex 0.00222491 0.0919466 0.000570791
      endloop
   endfacet
   facet normal -0.0149362 -0.951466 -0.307391
      outer loop
         vertex 7.39503e-08 0.0918949 0.00155768
         vertex 2.31283e-07 0.0922823 0.000442299
         vertex 0.00222491 0.0919466 0.000570791
      endloop
   endfacet
   facet normal -0.194366 -0.842472 -0.502457
      outer loop
         vertex 0.00167384 0.0911476 0.00312936
         vertex -1.33837e-07 0.0913833 0.00303074
         vertex 7.39503e-08 0.0918949 0.00155768
      endloop
   endfacet
   facet normal -0.00903098 -0.772733 -0.634667
      outer loop
         vertex -2.09212e-07 0.0905744 0.00398392
         vertex -1.33837e-07 0.0913833 0.00303074
         vertex 0.00167384 0.0911476 0.00312936
      endloop
   endfacet
   facet normal 8.62779e-06 -0.772887 -0.634544
      outer loop
         vertex -2.09214e-07 0.0905744 0.00398395
         vertex -2.09212e-07 0.0905744 0.00398392
         vertex 0.00104709 0.0903821 0.00432149
      endloop
   endfacet
   facet normal 4.002e-05 -0.603284 -0.797526
      outer loop
         vertex -2.68804e-07 0.0893664 0.00525428
         vertex -2.68806e-07 0.0893664 0.00525428
         vertex 0.000136196 0.0893437 0.00532717
      endloop
   endfacet
   facet normal -0.00321974 -0.583786 -0.811901
      outer loop
         vertex -2.49768e-07 0.0892137 0.00533803
         vertex 0.000136196 0.0893437 0.00532717
         vertex 0.00212301 0.0881847 0.00580944
      endloop
   endfacet
   facet normal 1.97039e-05 -0.344763 -0.93869
      outer loop
         vertex -2.7723e-08 0.0874329 0.00631495
         vertex -2.77255e-08 0.0874329 0.00631493
         vertex 0.000893188 0.0868449 0.0065162
      endloop
   endfacet
   facet normal -0.000456918 -0.186558 -0.982444
      outer loop
         vertex 3.83351e-07 0.0858993 0.00675029
         vertex 0.000893188 0.0868449 0.0065162
         vertex 0.00277076 0.0852347 0.00670144
      endloop
   endfacet
   facet normal -0.188412 -0.189084 -0.963716
      outer loop
         vertex 0.004 0.0823425 0.00711686
         vertex 0.00353477 0.0823675 0.00714774
         vertex 0.00448777 0.0834473 0.00676923
      endloop
   endfacet
   facet normal -0.190526 -0.121917 0.974082
      outer loop
         vertex 0.00198494 0.0828986 -0.00853847
         vertex 0.00344689 0.0779154 -0.00836788
         vertex 0.00481005 0.079093 -0.00767506
      endloop
   endfacet
   facet normal -0.766507 -0.104578 0.633665
      outer loop
         vertex 0.00696885 0.0810634 -0.00562349
         vertex 0.00553657 0.0861955 -0.00578232
         vertex 0.00457496 0.0852752 -0.00698691
      endloop
   endfacet
   facet normal -0.849591 -0.139079 0.508775
      outer loop
         vertex 0.00774509 0.0817808 -0.00437178
         vertex 0.00628531 0.0868629 -0.00438874
         vertex 0.00553657 0.0861955 -0.00578232
      endloop
   endfacet
   facet normal -0.909658 -0.169818 0.379056
      outer loop
         vertex 0.00833609 0.0822915 -0.00302285
         vertex 0.00683236 0.0872679 -0.00288472
         vertex 0.00628531 0.0868629 -0.00438874
      endloop
   endfacet
   facet normal -0.929051 -0.306887 0.206602
      outer loop
         vertex 0.00811643 0.0850998 -0.00149754
         vertex 0.00718524 0.0874256 -0.00132247
         vertex 0.00683236 0.0872679 -0.00288472
      endloop
   endfacet
   facet normal -0.941479 -0.333713 0.0474736
      outer loop
         vertex 0.00832542 0.0851089 5.94774e-05
         vertex 0.0073369 0.0873618 0.00026843
         vertex 0.00718524 0.0874256 -0.00132247
      endloop
   endfacet
   facet normal -0.849785 -0.483347 -0.210335
      outer loop
         vertex 0.00727315 0.0870881 0.00186649
         vertex 0.0073369 0.0873618 0.00026843
         vertex 0.00832542 0.0851089 5.94774e-05
      endloop
   endfacet
   facet normal -0.927078 -0.354837 -0.120899
      outer loop
         vertex 0.00834394 0.0848951 0.00164343
         vertex 0.00815525 0.084452 0.00318864
         vertex 0.00698363 0.0865875 0.00340574
      endloop
   endfacet
   facet normal -0.87712 -0.36347 -0.313928
      outer loop
         vertex 0.00815525 0.084452 0.00318864
         vertex 0.00773596 0.0837639 0.00458607
         vertex 0.00645273 0.0858352 0.00478041
      endloop
   endfacet
   facet normal -0.971259 -0.235063 -0.0374246
      outer loop
         vertex 0.00909475 0.0825281 0.00139872
         vertex 0.00900592 0.0821573 0.00289788
         vertex 0.00815525 0.084452 0.00318864
      endloop
   endfacet
   facet normal -0.941479 -0.333713 0.0474736
      outer loop
         vertex 0.00832542 0.0851089 5.94774e-05
         vertex 0.00811643 0.0850998 -0.00149754
         vertex 0.00875469 0.0825879 -0.00160112
      endloop
   endfacet
   facet normal -0.768364 -0.342894 -0.540408
      outer loop
         vertex 0.00773596 0.0837639 0.00458607
         vertex 0.00742851 0.083323 0.00520291
         vertex 0.00608715 0.0853574 0.00537917
      endloop
   endfacet
   facet normal -0.875122 -0.245273 -0.417136
      outer loop
         vertex 0.00870836 0.0815468 0.00428937
         vertex 0.00846645 0.0811498 0.0049155
         vertex 0.00742851 0.083323 0.00520291
      endloop
   endfacet
   facet normal -0.68461 -0.316031 -0.656836
      outer loop
         vertex 0.00742851 0.083323 0.00520291
         vertex 0.00704448 0.0828127 0.00575908
         vertex 0.0056447 0.0848052 0.00591105
      endloop
   endfacet
   facet normal -0.718856 -0.208389 -0.663189
      outer loop
         vertex 0.00815204 0.0806891 0.00548439
         vertex 0.00775556 0.0801611 0.00599136
         vertex 0.00657025 0.0822267 0.0062545
      endloop
   endfacet
   facet normal -0.474415 -0.233637 -0.848731
      outer loop
         vertex 0.00657025 0.0822267 0.0062545
         vertex 0.00599194 0.0815571 0.00669146
         vertex 0.00448777 0.0834473 0.00676923
      endloop
   endfacet
   facet normal -0.808799 -0.232338 -0.540244
      outer loop
         vertex 0.00846645 0.0811498 0.0049155
         vertex 0.00815204 0.0806891 0.00548439
         vertex 0.00704448 0.0828127 0.00575908
      endloop
   endfacet
   facet normal -0.610091 -0.174135 -0.772959
      outer loop
         vertex 0.00775556 0.0801611 0.00599136
         vertex 0.00726313 0.0795633 0.0064359
         vertex 0.00599194 0.0815571 0.00669146
      endloop
   endfacet
   facet normal -0.947358 -0.247165 -0.203524
      outer loop
         vertex 0.00900592 0.0821573 0.00289788
         vertex 0.00870836 0.0815468 0.00428937
         vertex 0.00773596 0.0837639 0.00458607
      endloop
   endfacet
   facet normal -0.991694 -0.127414 0.0175428
      outer loop
         vertex 0.00955563 0.0800159 0.00109936
         vertex 0.00952701 0.0797343 0.00250355
         vertex 0.00900592 0.0821573 0.00289788
      endloop
   endfacet
   facet normal -0.920331 -0.184546 -0.344868
      outer loop
         vertex 0.00906871 0.0803954 0.00409187
         vertex 0.00870836 0.0815468 0.00428937
         vertex 0.00900592 0.0821573 0.00289788
      endloop
   endfacet
   facet normal -0.808799 -0.232338 -0.540244
      outer loop
         vertex 0.00846645 0.0811498 0.0049155
         vertex 0.00870836 0.0815468 0.00428937
         vertex 0.00906871 0.0803954 0.00409187
      endloop
   endfacet
   facet normal -0.853018 -0.0918193 -0.51374
      outer loop
         vertex 0.00892155 0.0784774 0.00504125
         vertex 0.0086034 0.0780137 0.0055536
         vertex 0.00822794 0.0790934 0.00580026
      endloop
   endfacet
   facet normal -0.688584 -0.129432 -0.713512
      outer loop
         vertex 0.00822794 0.0790934 0.00580026
         vertex 0.00779208 0.0785252 0.0062433
         vertex 0.00726313 0.0795633 0.0064359
      endloop
   endfacet
   facet normal -0.956573 -0.113742 -0.268385
      outer loop
         vertex 0.00933154 0.0792228 0.00386033
         vertex 0.00892155 0.0784774 0.00504125
         vertex 0.0085839 0.0795913 0.00528878
      endloop
   endfacet
   facet normal -0.768773 -0.0666084 -0.636044
      outer loop
         vertex 0.0086034 0.0780137 0.0055536
         vertex 0.00821142 0.0774788 0.0060036
         vertex 0.00779208 0.0785252 0.0062433
      endloop
   endfacet
   facet normal -0.440641 -0.897676 0.0037521
      outer loop
         vertex 0.00325546 0.0916551 -0.000775764
         vertex 0.00423021 0.0910721 -0.000877122
         vertex 0.00428627 0.0909262 0.00056932
      endloop
   endfacet
   facet normal -0.194366 -0.842472 -0.502457
      outer loop
         vertex 0.00167384 0.0911476 0.00312936
         vertex 0.00205977 0.0916541 0.00185203
         vertex 0.0041192 0.0906098 0.00202746
      endloop
   endfacet
   facet normal -0.259684 -0.907681 -0.329666
      outer loop
         vertex 0.00205977 0.0916541 0.00185203
         vertex 0.00222491 0.0919466 0.000570791
         vertex 0.00428627 0.0909262 0.00056932
      endloop
   endfacet
   facet normal -0.689549 -0.721976 0.0572176
      outer loop
         vertex 0.0051099 0.0903378 -0.000985867
         vertex 0.00589499 0.0894712 -0.0010993
         vertex 0.005991 0.0893498 0.000466621
      endloop
   endfacet
   facet normal -0.834329 -0.537602 0.121977
      outer loop
         vertex 0.00658669 0.0884927 -0.00121387
         vertex 0.00718524 0.0874256 -0.00132247
         vertex 0.0073369 0.0873618 0.00026843
      endloop
   endfacet
   facet normal -0.532595 -0.78068 -0.326927
      outer loop
         vertex 0.0041192 0.0906098 0.00202746
         vertex 0.00428627 0.0909262 0.00056932
         vertex 0.005991 0.0893498 0.000466621
      endloop
   endfacet
   facet normal -0.457119 -0.721186 -0.520513
      outer loop
         vertex 0.00371541 0.0900782 0.00344721
         vertex 0.0041192 0.0906098 0.00202746
         vertex 0.0058633 0.0890361 0.00202446
      endloop
   endfacet
   facet normal -0.849785 -0.483347 -0.210335
      outer loop
         vertex 0.00727315 0.0870881 0.00186649
         vertex 0.00698363 0.0865875 0.00340574
         vertex 0.00549616 0.0885022 0.00352069
      endloop
   endfacet
   facet normal -0.644649 -0.587466 -0.489195
      outer loop
         vertex 0.00549616 0.0885022 0.00352069
         vertex 0.00487731 0.0877079 0.00486313
         vertex 0.00305972 0.0892765 0.00474528
      endloop
   endfacet
   facet normal -0.724885 -0.626991 -0.285348
      outer loop
         vertex 0.0058633 0.0890361 0.00202446
         vertex 0.005991 0.0893498 0.000466621
         vertex 0.0073369 0.0873618 0.00026843
      endloop
   endfacet
   facet normal -0.102899 -0.73752 -0.66744
      outer loop
         vertex 0.00104709 0.0903821 0.00432149
         vertex 0.00167384 0.0911476 0.00312936
         vertex 0.00371541 0.0900782 0.00344721
      endloop
   endfacet
   facet normal -0.102899 -0.73752 -0.66744
      outer loop
         vertex 0.00104709 0.0903821 0.00432149
         vertex 0.00305972 0.0892765 0.00474528
         vertex 0.00212301 0.0881847 0.00580944
      endloop
   endfacet
   facet normal -0.513971 -0.502356 -0.695322
      outer loop
         vertex 0.00487731 0.0877079 0.00486313
         vertex 0.0039806 0.0866299 0.00594785
         vertex 0.00212301 0.0881847 0.00580944
      endloop
   endfacet
   facet normal -0.200883 -0.459509 -0.865157
      outer loop
         vertex 0.00212301 0.0881847 0.00580944
         vertex 0.0039806 0.0866299 0.00594785
         vertex 0.00277076 0.0852347 0.00670144
      endloop
   endfacet
   facet normal -0.557855 -0.377246 -0.739245
      outer loop
         vertex 0.00608715 0.0853574 0.00537917
         vertex 0.0056447 0.0848052 0.00591105
         vertex 0.0039806 0.0866299 0.00594785
      endloop
   endfacet
   facet normal -0.455855 -0.32388 -0.829034
      outer loop
         vertex 0.0056447 0.0848052 0.00591105
         vertex 0.00448777 0.0834473 0.00676923
         vertex 0.00277076 0.0852347 0.00670144
      endloop
   endfacet
   facet normal -0.778263 -0.471948 -0.414213
      outer loop
         vertex 0.00698363 0.0865875 0.00340574
         vertex 0.00645273 0.0858352 0.00478041
         vertex 0.00487731 0.0877079 0.00486313
      endloop
   endfacet
   facet normal -0.107933 -0.866135 0.488017
      outer loop
         vertex 0.00107958 0.0913649 -0.00439103
         vertex 0.000285436 0.090661 -0.00550117
         vertex 0.00131624 0.0901788 -0.00592299
      endloop
   endfacet
   facet normal -0.107933 -0.866135 0.488017
      outer loop
         vertex 0.00107958 0.0913649 -0.00439103
         vertex 0.00209007 0.0909208 -0.00475454
         vertex 0.0026449 0.0914042 -0.00344849
      endloop
   endfacet
   facet normal -0.140962 -0.70402 0.69605
      outer loop
         vertex 0.00131624 0.0901788 -0.00592299
         vertex 0.00218051 0.0894887 -0.00629555
         vertex 0.00297777 0.0902765 -0.00508246
      endloop
   endfacet
   facet normal -0.359214 -0.863564 0.353867
      outer loop
         vertex 0.0026449 0.0914042 -0.00344849
         vertex 0.00356642 0.0907909 -0.00371884
         vertex 0.0039818 0.0910424 -0.00230364
      endloop
   endfacet
   facet normal -0.416264 -0.892759 0.172356
      outer loop
         vertex 0.00302894 0.0916335 -0.00211595
         vertex 0.00325546 0.0916551 -0.000775764
         vertex 0.00218924 0.0920716 -0.0006924
      endloop
   endfacet
   facet normal -0.267255 -0.804238 0.530825
      outer loop
         vertex 0.00209007 0.0909208 -0.00475454
         vertex 0.00297777 0.0902765 -0.00508246
         vertex 0.00356642 0.0907909 -0.00371884
      endloop
   endfacet
   facet normal -0.1294 -0.991524 -0.0116479
      outer loop
         vertex 0.00103963 0.0923134 -0.000641494
         vertex 0.000494339 0.0920417 -0.00291766
         vertex 0.0016215 0.0918236 -0.003171
      endloop
   endfacet
   facet normal -0.392141 -0.163501 0.905259
      outer loop
         vertex 0.00339155 0.0841482 -0.00792194
         vertex 0.00242694 0.0865004 -0.00773249
         vertex 0.00101607 0.0852852 -0.00828535
      endloop
   endfacet
   facet normal -0.122333 -0.478493 0.869528
      outer loop
         vertex 0.00110007 0.0884711 -0.00724754
         vertex 0.00242694 0.0865004 -0.00773249
         vertex 0.00355348 0.087595 -0.00679603
      endloop
   endfacet
   facet normal -0.284644 -0.604934 0.743661
      outer loop
         vertex 0.00218051 0.0894887 -0.00629555
         vertex 0.00355348 0.087595 -0.00679603
         vertex 0.00443878 0.0884677 -0.00556373
      endloop
   endfacet
   facet normal -0.507621 -0.769268 0.388006
      outer loop
         vertex 0.00356642 0.0907909 -0.00371884
         vertex 0.00438882 0.0900024 -0.00395629
         vertex 0.00483843 0.0902866 -0.00248363
      endloop
   endfacet
   facet normal -0.623061 -0.659857 0.419981
      outer loop
         vertex 0.00438882 0.0900024 -0.00395629
         vertex 0.00511373 0.0890648 -0.00414906
         vertex 0.00559808 0.0893885 -0.00264397
      endloop
   endfacet
   facet normal -0.558674 -0.803577 0.205299
      outer loop
         vertex 0.0039818 0.0910424 -0.00230364
         vertex 0.00483843 0.0902866 -0.00248363
         vertex 0.0051099 0.0903378 -0.000985867
      endloop
   endfacet
   facet normal -0.623061 -0.659857 0.419981
      outer loop
         vertex 0.00438882 0.0900024 -0.00395629
         vertex 0.00356642 0.0907909 -0.00371884
         vertex 0.00297777 0.0902765 -0.00508246
      endloop
   endfacet
   facet normal -0.483387 -0.384576 0.786409
      outer loop
         vertex 0.00355348 0.087595 -0.00679603
         vertex 0.00457496 0.0852752 -0.00698691
         vertex 0.00553657 0.0861955 -0.00578232
      endloop
   endfacet
   facet normal -0.704555 -0.551078 0.44712
      outer loop
         vertex 0.00511373 0.0890648 -0.00414906
         vertex 0.00574393 0.0880085 -0.00429295
         vertex 0.00626168 0.0883738 -0.00277866
      endloop
   endfacet
   facet normal -0.75351 -0.599494 0.26987
      outer loop
         vertex 0.00559808 0.0893885 -0.00264397
         vertex 0.00626168 0.0883738 -0.00277866
         vertex 0.00658669 0.0884927 -0.00121387
      endloop
   endfacet
   facet normal -0.758913 -0.451957 0.468814
      outer loop
         vertex 0.00574393 0.0880085 -0.00429295
         vertex 0.00511373 0.0890648 -0.00414906
         vertex 0.00443878 0.0884677 -0.00556373
      endloop
   endfacet
   facet normal -0.671163 -0.701868 0.238582
      outer loop
         vertex 0.00483843 0.0902866 -0.00248363
         vertex 0.00559808 0.0893885 -0.00264397
         vertex 0.00589499 0.0894712 -0.0010993
      endloop
   endfacet
   facet normal -0.291122 -0.274216 0.916544
      outer loop
         vertex 0.00242694 0.0865004 -0.00773249
         vertex 0.00339155 0.0841482 -0.00792194
         vertex 0.00457496 0.0852752 -0.00698691
      endloop
   endfacet
   facet normal -0.440641 -0.897676 0.0037521
      outer loop
         vertex 0.00325546 0.0916551 -0.000775764
         vertex 0.00302894 0.0916335 -0.00211595
         vertex 0.0039818 0.0910424 -0.00230364
      endloop
   endfacet
   facet normal -0.877885 -0.453505 0.153791
      outer loop
         vertex 0.00718524 0.0874256 -0.00132247
         vertex 0.00658669 0.0884927 -0.00121387
         vertex 0.00626168 0.0883738 -0.00277866
      endloop
   endfacet
   facet normal 0.761338 -0.44674 0.46988
      outer loop
         vertex -0.00577678 0.087946 -0.00429961
         vertex -0.00629631 0.0883136 -0.00278542
         vertex -0.00685864 0.0872105 -0.00288924
      endloop
   endfacet
   facet normal 0.813521 -0.49828 0.299835
      outer loop
         vertex -0.00629631 0.0883136 -0.00278542
         vertex -0.00662294 0.0884346 -0.00122021
         vertex -0.00721281 0.0873702 -0.00132761
      endloop
   endfacet
   facet normal 0.879708 -0.449432 0.155319
      outer loop
         vertex -0.00721281 0.0873702 -0.00132761
         vertex -0.00685864 0.0872105 -0.00288924
         vertex -0.00629631 0.0883136 -0.00278542
      endloop
   endfacet
   facet normal 0.568219 -0.796199 0.207834
      outer loop
         vertex -0.00404962 0.090991 -0.00231763
         vertex -0.00311016 0.0915919 -0.00213112
         vertex -0.00333842 0.0916137 -0.000783553
      endloop
   endfacet
   facet normal 0.574498 -0.22566 0.786784
      outer loop
         vertex -0.00459702 0.0852139 -0.00698854
         vertex -0.0034125 0.0840868 -0.00792385
         vertex -0.00246185 0.0864307 -0.00774203
      endloop
   endfacet
   facet normal 0.777882 -0.62173 0.0913931
      outer loop
         vertex -0.00594109 0.0894129 -0.0011065
         vertex -0.00564248 0.089328 -0.0026532
         vertex -0.00489393 0.0902289 -0.0024954
      endloop
   endfacet
   facet normal 0.707047 -0.297505 0.641542
      outer loop
         vertex -0.00556009 0.0861348 -0.00578476
         vertex -0.00447836 0.0884021 -0.00557445
         vertex -0.00577678 0.087946 -0.00429961
      endloop
   endfacet
   facet normal 0.623199 -0.473013 0.622802
      outer loop
         vertex -0.00447836 0.0884021 -0.00557445
         vertex -0.00515598 0.0890017 -0.00415952
         vertex -0.00577678 0.087946 -0.00429961
      endloop
   endfacet
   facet normal 0.837196 -0.532705 0.12381
      outer loop
         vertex -0.00662294 0.0884346 -0.00122021
         vertex -0.00629631 0.0883136 -0.00278542
         vertex -0.00564248 0.089328 -0.0026532
      endloop
   endfacet
   facet normal 0.813521 -0.49828 0.299835
      outer loop
         vertex -0.00629631 0.0883136 -0.00278542
         vertex -0.00577678 0.087946 -0.00429961
         vertex -0.00515598 0.0890017 -0.00415952
      endloop
   endfacet
   facet normal 0.707047 -0.297505 0.641542
      outer loop
         vertex -0.00556009 0.0861348 -0.00578476
         vertex -0.00459702 0.0852139 -0.00698854
         vertex -0.00359028 0.0875272 -0.0068062
      endloop
   endfacet
   facet normal 0.623199 -0.473013 0.622802
      outer loop
         vertex -0.00447836 0.0884021 -0.00557445
         vertex -0.00304005 0.0902202 -0.00510515
         vertex -0.00444193 0.0899422 -0.0039711
      endloop
   endfacet
   facet normal 0.429941 -0.696923 0.573977
      outer loop
         vertex -0.00304005 0.0902202 -0.00510515
         vertex -0.00363172 0.0907374 -0.00373805
         vertex -0.00444193 0.0899422 -0.0039711
      endloop
   endfacet
   facet normal 0.696171 -0.715415 0.0593887
      outer loop
         vertex -0.00516707 0.0902821 -0.00099355
         vertex -0.00489393 0.0902289 -0.0024954
         vertex -0.00404962 0.090991 -0.00231763
      endloop
   endfacet
   facet normal 0.757771 -0.593244 0.271744
      outer loop
         vertex -0.00564248 0.089328 -0.0026532
         vertex -0.00515598 0.0890017 -0.00415952
         vertex -0.00444193 0.0899422 -0.0039711
      endloop
   endfacet
   facet normal 0.677774 -0.694716 0.240816
      outer loop
         vertex -0.00489393 0.0902289 -0.0024954
         vertex -0.00444193 0.0899422 -0.0039711
         vertex -0.00363172 0.0907374 -0.00373805
      endloop
   endfacet
   facet normal 0.623199 -0.473013 0.622802
      outer loop
         vertex -0.00447836 0.0884021 -0.00557445
         vertex -0.00359028 0.0875272 -0.0068062
         vertex -0.00224003 0.0894289 -0.00632065
      endloop
   endfacet
   facet normal 0.487363 -0.378517 0.786893
      outer loop
         vertex -0.00359028 0.0875272 -0.0068062
         vertex -0.00246185 0.0864307 -0.00774203
         vertex -0.00115883 0.088408 -0.00727335
      endloop
   endfacet
   facet normal 0.0819696 -0.189517 0.97845
      outer loop
         vertex -0.00105089 0.0852126 -0.00829661
         vertex -0.00246185 0.0864307 -0.00774203
         vertex -0.0034125 0.0840868 -0.00792385
      endloop
   endfacet
   facet normal 0.208733 -0.923297 0.322417
      outer loop
         vertex -0.00171539 0.0917949 -0.00319479
         vertex -0.000605167 0.0920295 -0.00293932
         vertex -0.0011509 0.0922981 -0.000644297
      endloop
   endfacet
   facet normal 0.517546 -0.761335 0.390531
      outer loop
         vertex -0.00363172 0.0907374 -0.00373805
         vertex -0.00304005 0.0902202 -0.00510515
         vertex -0.00216679 0.0908758 -0.00478285
      endloop
   endfacet
   facet normal 0.208733 -0.923297 0.322417
      outer loop
         vertex -0.00171539 0.0917949 -0.00319479
         vertex -0.0022863 0.092042 -0.000698612
         vertex -0.00311016 0.0915919 -0.00213112
      endloop
   endfacet
   facet normal 0.299332 -0.95411 -0.00862567
      outer loop
         vertex -0.0022863 0.092042 -0.000698612
         vertex -0.00333842 0.0916137 -0.000783553
         vertex -0.00311016 0.0915919 -0.00213112
      endloop
   endfacet
   facet normal 0.568219 -0.796199 0.207834
      outer loop
         vertex -0.00404962 0.090991 -0.00231763
         vertex -0.00363172 0.0907374 -0.00373805
         vertex -0.00272381 0.0913613 -0.00347127
      endloop
   endfacet
   facet normal 0.429941 -0.696923 0.573977
      outer loop
         vertex -0.00304005 0.0902202 -0.00510515
         vertex -0.00224003 0.0894289 -0.00632065
         vertex -0.00139227 0.0901303 -0.00595568
      endloop
   endfacet
   facet normal 0.372241 -0.856879 0.356644
      outer loop
         vertex -0.00272381 0.0913613 -0.00347127
         vertex -0.00216679 0.0908758 -0.00478285
         vertex -0.00117364 0.0913341 -0.00442349
      endloop
   endfacet
   facet normal 0.152825 -0.697007 0.700589
      outer loop
         vertex -0.00139227 0.0901303 -0.00595568
         vertex -0.000383271 0.0906263 -0.00553935
         vertex -0.00117364 0.0913341 -0.00442349
      endloop
   endfacet
   facet normal 0.518521 -0.499436 -0.694046
      outer loop
         vertex -0.00493074 0.0876531 0.00486294
         vertex -0.00648861 0.0857854 0.00477672
         vertex -0.00701692 0.0865363 0.00340128
      endloop
   endfacet
   facet normal 0.152992 -0.228744 -0.961389
      outer loop
         vertex -0.00282748 0.0851806 0.00670538
         vertex -0.00452814 0.0834011 0.00676925
         vertex -0.00568317 0.084757 0.00590862
      endloop
   endfacet
   facet normal 0.518521 -0.499436 -0.694046
      outer loop
         vertex -0.00493074 0.0876531 0.00486294
         vertex -0.00403632 0.086576 0.00594872
         vertex -0.00612435 0.0853083 0.005376
      endloop
   endfacet
   facet normal 0.341218 -0.364114 -0.866598
      outer loop
         vertex -0.00403632 0.086576 0.00594872
         vertex -0.00568317 0.084757 0.00590862
         vertex -0.00612435 0.0853083 0.005376
      endloop
   endfacet
   facet normal 0.152992 -0.228744 -0.961389
      outer loop
         vertex -0.00282748 0.0851806 0.00670538
         vertex -0.00403632 0.086576 0.00594872
         vertex -0.00219482 0.0881327 0.00581992
      endloop
   endfacet
   facet normal 0.207336 -0.454557 -0.86625
      outer loop
         vertex -0.00219482 0.0881327 0.00581992
         vertex -0.00403632 0.086576 0.00594872
         vertex -0.00493074 0.0876531 0.00486294
      endloop
   endfacet
   facet normal 0.207336 -0.454557 -0.86625
      outer loop
         vertex -0.00219482 0.0881327 0.00581992
         vertex -0.00313161 0.0892248 0.00475492
         vertex -0.0011404 0.0903458 0.00434632
      endloop
   endfacet
   facet normal 0.4655 -0.715996 -0.520249
      outer loop
         vertex -0.00378726 0.0900269 0.00345436
         vertex -0.00176895 0.0911138 0.003148
         vertex -0.0011404 0.0903458 0.00434632
      endloop
   endfacet
   facet normal 0.88151 -0.471615 -0.0228135
      outer loop
         vertex -0.00736596 0.0873081 0.000262964
         vertex -0.00603863 0.089293 0.000461666
         vertex -0.00591263 0.08898 0.00202152
      endloop
   endfacet
   facet normal 0.349913 -0.610293 -0.710707
      outer loop
         vertex -0.00313161 0.0892248 0.00475492
         vertex -0.00493074 0.0876531 0.00486294
         vertex -0.00554741 0.0884465 0.00351947
      endloop
   endfacet
   facet normal 0.649522 -0.58355 -0.487432
      outer loop
         vertex -0.00554741 0.0884465 0.00351947
         vertex -0.00701692 0.0865363 0.00340128
         vertex -0.00730413 0.0870356 0.00186133
      endloop
   endfacet
   facet normal 0.729733 -0.62222 -0.283428
      outer loop
         vertex -0.00591263 0.08898 0.00202152
         vertex -0.00419071 0.0905591 0.00203063
         vertex -0.00378726 0.0900269 0.00345436
      endloop
   endfacet
   facet normal 0.769385 -0.632178 -0.0916423
      outer loop
         vertex -0.00603863 0.089293 0.000461666
         vertex -0.004357 0.0908761 0.00056729
         vertex -0.00419071 0.0905591 0.00203063
      endloop
   endfacet
   facet normal 0.769385 -0.632178 -0.0916423
      outer loop
         vertex -0.00603863 0.089293 0.000461666
         vertex -0.00736596 0.0873081 0.000262964
         vertex -0.00662294 0.0884346 -0.00122021
      endloop
   endfacet
   facet normal 0.88151 -0.471615 -0.0228135
      outer loop
         vertex -0.00736596 0.0873081 0.000262964
         vertex -0.00721281 0.0873702 -0.00132761
         vertex -0.00662294 0.0884346 -0.00122021
      endloop
   endfacet
   facet normal 0.579818 -0.801816 -0.144578
      outer loop
         vertex -0.004357 0.0908761 0.00056729
         vertex -0.00603863 0.089293 0.000461666
         vertex -0.00516707 0.0902821 -0.00099355
      endloop
   endfacet
   facet normal 0.769385 -0.632178 -0.0916423
      outer loop
         vertex -0.00603863 0.089293 0.000461666
         vertex -0.00594109 0.0894129 -0.0011065
         vertex -0.00516707 0.0902821 -0.00099355
      endloop
   endfacet
   facet normal 0.579818 -0.801816 -0.144578
      outer loop
         vertex -0.004357 0.0908761 0.00056729
         vertex -0.0023222 0.0919154 0.000573464
         vertex -0.00215632 0.0916216 0.00186327
      endloop
   endfacet
   facet normal 0.541277 -0.77504 -0.326087
      outer loop
         vertex -0.00419071 0.0905591 0.00203063
         vertex -0.00215632 0.0916216 0.00186327
         vertex -0.00176895 0.0911138 0.003148
      endloop
   endfacet
   facet normal 0.303745 -0.938514 -0.164104
      outer loop
         vertex -0.0023222 0.0919154 0.000573464
         vertex -0.004357 0.0908761 0.00056729
         vertex -0.00333842 0.0916137 -0.000783553
      endloop
   endfacet
   facet normal 0.579818 -0.801816 -0.144578
      outer loop
         vertex -0.004357 0.0908761 0.00056729
         vertex -0.00429971 0.0910218 -0.000885096
         vertex -0.00333842 0.0916137 -0.000783553
      endloop
   endfacet
   facet normal 0.574222 -0.0957588 -0.81308
      outer loop
         vertex -0.00780097 0.0785056 0.00623935
         vertex -0.00821601 0.0774655 0.00600018
         vertex -0.00860745 0.078 0.00555012
      endloop
   endfacet
   facet normal 0.790051 -0.156404 -0.592754
      outer loop
         vertex -0.00859114 0.0795705 0.00528464
         vertex -0.0089251 0.0784634 0.00503785
         vertex -0.00933415 0.079208 0.00385727
      endloop
   endfacet
   facet normal 0.611929 -0.173197 -0.771716
      outer loop
         vertex -0.00776848 0.0801346 0.00598712
         vertex -0.00823589 0.0790732 0.00579622
         vertex -0.00859114 0.0795705 0.00528464
      endloop
   endfacet
   facet normal 0.499111 -0.131743 -0.856465
      outer loop
         vertex -0.00727741 0.0795375 0.00643156
         vertex -0.00780097 0.0785056 0.00623935
         vertex -0.00823589 0.0790732 0.00579622
      endloop
   endfacet
   facet normal 0.690136 -0.128403 -0.712197
      outer loop
         vertex -0.00823589 0.0790732 0.00579622
         vertex -0.00776848 0.0801346 0.00598712
         vertex -0.00727741 0.0795375 0.00643156
      endloop
   endfacet
   facet normal 0.690136 -0.128403 -0.712197
      outer loop
         vertex -0.00823589 0.0790732 0.00579622
         vertex -0.00860745 0.078 0.00555012
         vertex -0.0089251 0.0784634 0.00503785
      endloop
   endfacet
   facet normal 0.790051 -0.156404 -0.592754
      outer loop
         vertex -0.00859114 0.0795705 0.00528464
         vertex -0.00907459 0.0803736 0.00408783
         vertex -0.00847742 0.0811219 0.00491106
      endloop
   endfacet
   facet normal 0.921105 -0.18331 -0.343458
      outer loop
         vertex -0.00907459 0.0803736 0.00408783
         vertex -0.00871847 0.0815183 0.00428488
         vertex -0.00847742 0.0811219 0.00491106
      endloop
   endfacet
   facet normal 0.94805 -0.245633 -0.202151
      outer loop
         vertex -0.00901452 0.0821277 0.00289367
         vertex -0.00871847 0.0815183 0.00428488
         vertex -0.00907459 0.0803736 0.00408783
      endloop
   endfacet
   facet normal 0.921105 -0.18331 -0.343458
      outer loop
         vertex -0.00907459 0.0803736 0.00408783
         vertex -0.00952919 0.0797188 0.00250073
         vertex -0.00901452 0.0821277 0.00289367
      endloop
   endfacet
   facet normal 0.94805 -0.245633 -0.202151
      outer loop
         vertex -0.00901452 0.0821277 0.00289367
         vertex -0.00952919 0.0797188 0.00250073
         vertex -0.00955766 0.0799998 0.00109726
      endloop
   endfacet
   facet normal 0.770516 -0.341286 -0.538358
      outer loop
         vertex -0.00775715 0.0837234 0.00458151
         vertex -0.00871847 0.0815183 0.00428488
         vertex -0.00901452 0.0821277 0.00289367
      endloop
   endfacet
   facet normal 0.37465 -0.189791 -0.907533
      outer loop
         vertex -0.00601804 0.0815206 0.00668837
         vertex -0.00727741 0.0795375 0.00643156
         vertex -0.00776848 0.0801346 0.00598712
      endloop
   endfacet
   facet normal 0.585958 -0.277111 -0.761487
      outer loop
         vertex -0.00706806 0.0827739 0.00575512
         vertex -0.00816391 0.0806618 0.00548006
         vertex -0.00847742 0.0811219 0.00491106
      endloop
   endfacet
   facet normal 0.458915 -0.322932 -0.827715
      outer loop
         vertex -0.00568317 0.084757 0.00590862
         vertex -0.00452814 0.0834011 0.00676925
         vertex -0.0065951 0.0821889 0.00625094
      endloop
   endfacet
   facet normal 0.255217 -0.221802 -0.941099
      outer loop
         vertex -0.00452814 0.0834011 0.00676925
         vertex -0.00601804 0.0815206 0.00668837
         vertex -0.0065951 0.0821889 0.00625094
      endloop
   endfacet
   facet normal 0.47686 -0.232739 -0.847607
      outer loop
         vertex -0.0065951 0.0821889 0.00625094
         vertex -0.00776848 0.0801346 0.00598712
         vertex -0.00816391 0.0806618 0.00548006
      endloop
   endfacet
   facet normal 0.458915 -0.322932 -0.827715
      outer loop
         vertex -0.00568317 0.084757 0.00590862
         vertex -0.00706806 0.0827739 0.00575512
         vertex -0.00745087 0.0832833 0.00519862
      endloop
   endfacet
   facet normal 0.686988 -0.314715 -0.654983
      outer loop
         vertex -0.00745087 0.0832833 0.00519862
         vertex -0.00847742 0.0811219 0.00491106
         vertex -0.00871847 0.0815183 0.00428488
      endloop
   endfacet
   facet normal 0.560998 -0.375863 -0.737569
      outer loop
         vertex -0.00612435 0.0853083 0.005376
         vertex -0.00745087 0.0832833 0.00519862
         vertex -0.00775715 0.0837234 0.00458151
      endloop
   endfacet
   facet normal 0.97164 -0.233628 -0.0365077
      outer loop
         vertex -0.00910227 0.0824974 0.00139538
         vertex -0.00876112 0.0825555 -0.00160205
         vertex -0.00834088 0.0850646 5.58184e-05
      endloop
   endfacet
   facet normal 0.949726 -0.195081 0.244876
      outer loop
         vertex -0.00876112 0.0825555 -0.00160205
         vertex -0.0081309 0.085054 -0.00150014
         vertex -0.00834088 0.0850646 5.58184e-05
      endloop
   endfacet
   facet normal 0.878699 -0.361388 -0.311907
      outer loop
         vertex -0.00817421 0.0844102 0.00318388
         vertex -0.00901452 0.0821277 0.00289367
         vertex -0.00910227 0.0824974 0.00139538
      endloop
   endfacet
   facet normal 0.650908 -0.41946 -0.632749
      outer loop
         vertex -0.00648861 0.0857854 0.00477672
         vertex -0.00775715 0.0837234 0.00458151
         vertex -0.00817421 0.0844102 0.00318388
      endloop
   endfacet
   facet normal 0.781097 -0.46925 -0.411936
      outer loop
         vertex -0.00701692 0.0865363 0.00340128
         vertex -0.00817421 0.0844102 0.00318388
         vertex -0.00836091 0.0848521 0.00163902
      endloop
   endfacet
   facet normal 0.942261 -0.331312 0.0487454
      outer loop
         vertex -0.00834088 0.0850646 5.58184e-05
         vertex -0.00736596 0.0873081 0.000262964
         vertex -0.00730413 0.0870356 0.00186133
      endloop
   endfacet
   facet normal 0.879708 -0.449432 0.155319
      outer loop
         vertex -0.00721281 0.0873702 -0.00132761
         vertex -0.00736596 0.0873081 0.000262964
         vertex -0.00834088 0.0850646 5.58184e-05
      endloop
   endfacet
   facet normal 0.909784 -0.168778 0.379219
      outer loop
         vertex -0.00834238 0.0822585 -0.00302249
         vertex -0.00685864 0.0872105 -0.00288924
         vertex -0.0081309 0.085054 -0.00150014
      endloop
   endfacet
   facet normal 0.851301 -0.41249 0.324252
      outer loop
         vertex -0.00685864 0.0872105 -0.00288924
         vertex -0.00721281 0.0873702 -0.00132761
         vertex -0.0081309 0.085054 -0.00150014
      endloop
   endfacet
   facet normal 0.795609 -0.361638 0.486029
      outer loop
         vertex -0.00631026 0.0868036 -0.00439232
         vertex -0.00685864 0.0872105 -0.00288924
         vertex -0.00834238 0.0822585 -0.00302249
      endloop
   endfacet
   facet normal 0.707047 -0.297505 0.641542
      outer loop
         vertex -0.00556009 0.0861348 -0.00578476
         vertex -0.00631026 0.0868036 -0.00439232
         vertex -0.00775152 0.0817475 -0.00437012
      endloop
   endfacet
   facet normal 0.574498 -0.22566 0.786784
      outer loop
         vertex -0.00459702 0.0852139 -0.00698854
         vertex -0.00556009 0.0861348 -0.00578476
         vertex -0.00697569 0.0810301 -0.00562069
      endloop
   endfacet
   facet normal 0.521872 -0.0299773 0.852497
      outer loop
         vertex -0.00481813 0.0790608 -0.00767126
         vertex -0.00345579 0.077884 -0.00836421
         vertex -0.00200608 0.0828372 -0.00854194
      endloop
   endfacet
   facet normal 0.152992 -0.228744 -0.961389
      outer loop
         vertex -0.00282748 0.0851806 0.00670538
         vertex -0.000964646 0.0867914 0.00652606
         vertex 3.70139e-07 0.0857644 0.0067758
      endloop
   endfacet
   facet normal 0.152992 -0.228744 -0.961389
      outer loop
         vertex -0.00282748 0.0851806 0.00670538
         vertex 5.59694e-08 0.0825575 0.00738235
         vertex -0.00361099 0.0823634 0.00714268
      endloop
   endfacet
   facet normal 0.158825 -0.187575 -0.969325
      outer loop
         vertex -0.00361099 0.0823634 0.00714268
         vertex -0.00452814 0.0834011 0.00676925
         vertex -0.00282748 0.0851806 0.00670538
      endloop
   endfacet
   facet normal 0.37465 -0.189791 -0.907533
      outer loop
         vertex -0.00601804 0.0815206 0.00668837
         vertex -0.00452814 0.0834011 0.00676925
         vertex -0.004 0.0823425 0.00711686
      endloop
   endfacet
   facet normal 0.255217 -0.221802 -0.941099
      outer loop
         vertex -0.00452814 0.0834011 0.00676925
         vertex -0.00361099 0.0823634 0.00714268
         vertex -0.004 0.0823425 0.00711686
      endloop
   endfacet
   facet normal 0.37465 -0.189791 -0.907533
      outer loop
         vertex -0.00601804 0.0815206 0.00668837
         vertex -0.004 0.079365 0.00756288
         vertex -0.00596424 0.0781186 0.00717975
      endloop
   endfacet
   facet normal 0.201837 -0.135657 -0.969979
      outer loop
         vertex -0.004 0.079365 0.00756288
         vertex -0.00490082 0.0772446 0.00753719
         vertex -0.00520564 0.0772433 0.00742121
      endloop
   endfacet
   facet normal 0.201837 -0.135657 -0.969979
      outer loop
         vertex -0.004 0.079365 0.00756288
         vertex -0.004 0.0772484 0.00787994
         vertex -0.00490082 0.0772446 0.00753719
      endloop
   endfacet
   facet normal 0.32343 -0.0700721 -0.943654
      outer loop
         vertex -0.00520564 0.0772433 0.00742121
         vertex -0.00596424 0.0781186 0.00717975
         vertex -0.004 0.079365 0.00756288
      endloop
   endfacet
   facet normal 0.574222 -0.0957588 -0.81308
      outer loop
         vertex -0.00780097 0.0785056 0.00623935
         vertex -0.00789471 0.0772282 0.00618631
         vertex -0.00802635 0.0772267 0.00608385
      endloop
   endfacet
   facet normal 0.458748 -0.0350859 -0.887873
      outer loop
         vertex -0.00736252 0.0772342 0.00660054
         vertex -0.00789471 0.0772282 0.00618631
         vertex -0.00780097 0.0785056 0.00623935
      endloop
   endfacet
   facet normal 0.499111 -0.131743 -0.856465
      outer loop
         vertex -0.00727741 0.0795375 0.00643156
         vertex -0.00707627 0.0772354 0.00670946
         vertex -0.00736252 0.0772342 0.00660054
      endloop
   endfacet
   facet normal 0.574222 -0.0957588 -0.81308
      outer loop
         vertex -0.00780097 0.0785056 0.00623935
         vertex -0.00727741 0.0795375 0.00643156
         vertex -0.00736252 0.0772342 0.00660054
      endloop
   endfacet
   facet normal 0.499111 -0.131743 -0.856465
      outer loop
         vertex -0.00727741 0.0795375 0.00643156
         vertex -0.00596424 0.0781186 0.00717975
         vertex -0.0064666 0.077238 0.00694143
      endloop
   endfacet
   facet normal 0.402147 -0.0437846 -0.914527
      outer loop
         vertex -0.0064666 0.077238 0.00694143
         vertex -0.00707627 0.0772354 0.00670946
         vertex -0.00727741 0.0795375 0.00643156
      endloop
   endfacet
   facet normal 0.769705 -0.0657703 -0.635003
      outer loop
         vertex -0.00860745 0.078 0.00555012
         vertex -0.00883719 0.0772135 0.00530073
         vertex -0.00906166 0.0777545 0.00484174
      endloop
   endfacet
   facet normal 0.769705 -0.0657703 -0.635003
      outer loop
         vertex -0.00860745 0.078 0.00555012
         vertex -0.0086019 0.0772193 0.00560308
         vertex -0.00883719 0.0772135 0.00530073
      endloop
   endfacet
   facet normal 0.769705 -0.0657703 -0.635003
      outer loop
         vertex -0.00860745 0.078 0.00555012
         vertex -0.00821601 0.0774655 0.00600018
         vertex -0.00825512 0.0772241 0.00590577
      endloop
   endfacet
   facet normal 0.687455 -0.0294319 -0.725631
      outer loop
         vertex -0.00825512 0.0772241 0.00590577
         vertex -0.00853721 0.0772209 0.00568621
         vertex -0.00860745 0.078 0.00555012
      endloop
   endfacet
   facet normal 0.750233 -0.0256797 -0.660674
      outer loop
         vertex -0.00853721 0.0772209 0.00568621
         vertex -0.0086019 0.0772193 0.00560308
         vertex -0.00860745 0.078 0.00555012
      endloop
   endfacet
   facet normal 0.956951 -0.112798 -0.267434
      outer loop
         vertex -0.00933415 0.079208 0.00385727
         vertex -0.0089251 0.0784634 0.00503785
         vertex -0.00927232 0.0783031 0.00424432
      endloop
   endfacet
   facet normal 0.853746 -0.0909226 -0.512689
      outer loop
         vertex -0.0089251 0.0784634 0.00503785
         vertex -0.0092033 0.0780958 0.00455212
         vertex -0.00927232 0.0783031 0.00424432
      endloop
   endfacet
   facet normal 0.853746 -0.0909226 -0.512689
      outer loop
         vertex -0.0089251 0.0784634 0.00503785
         vertex -0.00906166 0.0777545 0.00484174
         vertex -0.0092033 0.0780958 0.00455212
      endloop
   endfacet
   facet normal 0.986837 -0.118571 -0.109974
      outer loop
         vertex -0.00952919 0.0797188 0.00250073
         vertex -0.00954913 0.0791597 0.00259429
         vertex -0.00962089 0.0794094 0.00170553
      endloop
   endfacet
   facet normal 0.986837 -0.118571 -0.109974
      outer loop
         vertex -0.00952919 0.0797188 0.00250073
         vertex -0.00933415 0.079208 0.00385727
         vertex -0.00949673 0.0789773 0.00324344
      endloop
   endfacet
   facet normal 0.980164 -0.0850885 -0.178995
      outer loop
         vertex -0.00949673 0.0789773 0.00324344
         vertex -0.00954913 0.0791597 0.00259429
         vertex -0.00952919 0.0797188 0.00250073
      endloop
   endfacet
   facet normal 0.956951 -0.112798 -0.267434
      outer loop
         vertex -0.00933415 0.079208 0.00385727
         vertex -0.00938986 0.0786563 0.00372007
         vertex -0.00949673 0.0789773 0.00324344
      endloop
   endfacet
   facet normal 0.994118 -0.102478 -0.0350476
      outer loop
         vertex -0.00962089 0.0794094 0.00170553
         vertex -0.00955766 0.0799998 0.00109726
         vertex -0.00952919 0.0797188 0.00250073
      endloop
   endfacet
   facet normal 0.949726 -0.195081 0.244876
      outer loop
         vertex -0.00876112 0.0825555 -0.00160205
         vertex -0.00957057 0.0793216 5.08991e-05
         vertex -0.00941444 0.0788703 -0.00104028
      endloop
   endfacet
   facet normal 0.97164 -0.233628 -0.0365077
      outer loop
         vertex -0.00910227 0.0824974 0.00139538
         vertex -0.0095918 0.0793587 0.000749038
         vertex -0.00957057 0.0793216 5.08991e-05
      endloop
   endfacet
   facet normal 0.993537 -0.103768 0.0460141
      outer loop
         vertex -0.0095918 0.0793587 0.000749038
         vertex -0.00910227 0.0824974 0.00139538
         vertex -0.00955766 0.0799998 0.00109726
      endloop
   endfacet
   facet normal 0.991771 -0.126792 0.0177362
      outer loop
         vertex -0.00955766 0.0799998 0.00109726
         vertex -0.00960012 0.0793732 0.00102272
         vertex -0.0095918 0.0793587 0.000749038
      endloop
   endfacet
   facet normal 0.98849 -0.106041 0.107901
      outer loop
         vertex -0.00957057 0.0793216 5.08991e-05
         vertex -0.00876112 0.0825555 -0.00160205
         vertex -0.00910227 0.0824974 0.00139538
      endloop
   endfacet
   facet normal 0.973106 -0.0973938 0.208757
      outer loop
         vertex -0.00941444 0.0788703 -0.00104028
         vertex -0.00934333 0.0786647 -0.0015373
         vertex -0.00876112 0.0825555 -0.00160205
      endloop
   endfacet
   facet normal 0.849745 -0.138191 0.50876
      outer loop
         vertex -0.00775152 0.0817475 -0.00437012
         vertex -0.0090377 0.0775589 -0.00276981
         vertex -0.0088986 0.0768643 -0.00323436
      endloop
   endfacet
   facet normal 0.909784 -0.168778 0.379219
      outer loop
         vertex -0.00834238 0.0822585 -0.00302249
         vertex -0.00876112 0.0825555 -0.00160205
         vertex -0.00930809 0.0785372 -0.00167942
      endloop
   endfacet
   facet normal 0.934297 -0.0822254 0.346884
      outer loop
         vertex -0.0090957 0.0777687 -0.0025359
         vertex -0.00775152 0.0817475 -0.00437012
         vertex -0.00834238 0.0822585 -0.00302249
      endloop
   endfacet
   facet normal 0.958836 -0.091731 0.268736
      outer loop
         vertex -0.00930809 0.0785372 -0.00167942
         vertex -0.0090957 0.0777687 -0.0025359
         vertex -0.00834238 0.0822585 -0.00302249
      endloop
   endfacet
   facet normal 0.934297 -0.0822254 0.346884
      outer loop
         vertex -0.0090957 0.0777687 -0.0025359
         vertex -0.0090377 0.0775589 -0.00276981
         vertex -0.00775152 0.0817475 -0.00437012
      endloop
   endfacet
   facet normal 0.769732 -0.0535609 0.636116
      outer loop
         vertex -0.00753509 0.0767808 -0.00542361
         vertex -0.00660397 0.0767558 -0.00622863
         vertex -0.00599945 0.0801242 -0.00673763
      endloop
   endfacet
   facet normal 0.820415 -0.0639966 0.568175
      outer loop
         vertex -0.00797811 0.0768079 -0.00471231
         vertex -0.00753509 0.0767808 -0.00542361
         vertex -0.00697569 0.0810301 -0.00562069
      endloop
   endfacet
   facet normal 0.766733 -0.103866 0.633508
      outer loop
         vertex -0.00697569 0.0810301 -0.00562069
         vertex -0.00775152 0.0817475 -0.00437012
         vertex -0.00797811 0.0768079 -0.00471231
      endloop
   endfacet
   facet normal 0.849745 -0.138191 0.50876
      outer loop
         vertex -0.00775152 0.0817475 -0.00437012
         vertex -0.00840503 0.0768341 -0.00402684
         vertex -0.00797811 0.0768079 -0.00471231
      endloop
   endfacet
   facet normal 0.657297 -0.0670752 0.750641
      outer loop
         vertex -0.00599945 0.0801242 -0.00673763
         vertex -0.00481813 0.0790608 -0.00767126
         vertex -0.0034125 0.0840868 -0.00792385
      endloop
   endfacet
   facet normal 0.673736 -0.0331985 0.738226
      outer loop
         vertex -0.00649681 0.0767529 -0.00632128
         vertex -0.00534775 0.076722 -0.00731471
         vertex -0.00481813 0.0790608 -0.00767126
      endloop
   endfacet
   facet normal 0.521872 -0.0299773 0.852497
      outer loop
         vertex -0.00481813 0.0790608 -0.00767126
         vertex -0.00599945 0.0801242 -0.00673763
         vertex -0.00649681 0.0767529 -0.00632128
      endloop
   endfacet
   facet normal 0.657297 -0.0670752 0.750641
      outer loop
         vertex -0.00599945 0.0801242 -0.00673763
         vertex -0.00660397 0.0767558 -0.00622863
         vertex -0.00649681 0.0767529 -0.00632128
      endloop
   endfacet
   facet normal 0.480473 0.00342625 0.877003
      outer loop
         vertex -0.00466117 0.0767094 -0.00772291
         vertex -0.00373113 0.0766983 -0.00808958
         vertex -0.00345579 0.077884 -0.00836421
      endloop
   endfacet
   facet normal 0.521872 -0.0299773 0.852497
      outer loop
         vertex -0.00481813 0.0790608 -0.00767126
         vertex -0.00534775 0.076722 -0.00731471
         vertex -0.00505538 0.0767142 -0.00756749
      endloop
   endfacet
   facet normal 0.517871 -0.00307583 0.855453
      outer loop
         vertex -0.00505538 0.0767142 -0.00756749
         vertex -0.00466117 0.0767094 -0.00772291
         vertex -0.00481813 0.0790608 -0.00767126
      endloop
   endfacet
   facet normal 0.365276 0.00559716 0.930883
      outer loop
         vertex -0.00345579 0.077884 -0.00836421
         vertex -0.00373113 0.0766983 -0.00808958
         vertex -0.00241332 0.0766824 -0.00860914
      endloop
   endfacet
   facet normal 0.205301 0.0352389 0.978064
      outer loop
         vertex -0.00200531 0.0766775 -0.00877001
         vertex -0.00196204 0.0766774 -0.0087745
         vertex -0.000403911 0.0815628 -0.00884826
      endloop
   endfacet
   facet normal 0.193318 -0.120073 0.973761
      outer loop
         vertex -0.00200608 0.0828372 -0.00854194
         vertex -0.00345579 0.077884 -0.00836421
         vertex -0.00201055 0.0766776 -0.00876794
      endloop
   endfacet
   facet normal 0.205877 0.0351986 0.977945
      outer loop
         vertex -0.00201055 0.0766776 -0.00876794
         vertex -0.00200531 0.0766775 -0.00877001
         vertex -0.00200608 0.0828372 -0.00854194
      endloop
   endfacet
   facet normal 0.20091 0.0355024 0.978966
      outer loop
         vertex -0.00196204 0.0766774 -0.0087745
         vertex 1.22671e-14 0.0766717 -0.00897818
         vertex -2.02093e-08 0.0813712 -0.00853713
      endloop
   endfacet
   facet normal 0.193318 -0.120073 0.973761
      outer loop
         vertex -0.00200608 0.0828372 -0.00854194
         vertex -0.000403911 0.0815628 -0.00884826
         vertex -3.37877e-08 0.0845287 -0.00824079
      endloop
   endfacet
   facet normal 0.00976736 -0.171777 0.985087
      outer loop
         vertex -3.37877e-08 0.0845287 -0.00824079
         vertex -0.00105089 0.0852126 -0.00829661
         vertex -0.00200608 0.0828372 -0.00854194
      endloop
   endfacet
   facet normal 0.0282986 -0.0910012 0.995449
      outer loop
         vertex -0.000403911 0.0815628 -0.00884826
         vertex -2.02093e-08 0.0813712 -0.00853713
         vertex -2.05574e-08 0.0814521 -0.00852953
      endloop
   endfacet
   facet normal 0.0819696 -0.189517 0.97845
      outer loop
         vertex -0.00105089 0.0852126 -0.00829661
         vertex -3.42055e-08 0.0846259 -0.00823167
         vertex -4.24798e-08 0.08655 -0.00805109
      endloop
   endfacet
   facet normal 0.0819696 -0.189517 0.97845
      outer loop
         vertex -0.00105089 0.0852126 -0.00829661
         vertex -3.37877e-08 0.0845287 -0.00824079
         vertex -3.42055e-08 0.0846259 -0.00823167
      endloop
   endfacet
   facet normal 0.294686 -0.269685 0.91675
      outer loop
         vertex -0.00246185 0.0864307 -0.00774203
         vertex -3.99191e-08 0.0869061 -0.00789442
         vertex -3.55856e-08 0.0875088 -0.00762929
      endloop
   endfacet
   facet normal 0.294686 -0.269685 0.91675
      outer loop
         vertex -0.00246185 0.0864307 -0.00774203
         vertex -0.00105089 0.0852126 -0.00829661
         vertex -3.99196e-08 0.086906 -0.00789445
      endloop
   endfacet
   facet normal 0.00490483 -0.276864 0.960897
      outer loop
         vertex -3.99196e-08 0.086906 -0.00789445
         vertex -3.99191e-08 0.0869061 -0.00789442
         vertex -0.00246185 0.0864307 -0.00774203
      endloop
   endfacet
   facet normal 0.130708 -0.470002 0.872934
      outer loop
         vertex -0.00115883 0.088408 -0.00727335
         vertex -3.47962e-08 0.0876186 -0.00758099
         vertex -2.40687e-08 0.0891106 -0.00692465
      endloop
   endfacet
   facet normal 0.130708 -0.470002 0.872934
      outer loop
         vertex -0.00115883 0.088408 -0.00727335
         vertex -3.55856e-08 0.0875088 -0.00762929
         vertex -3.47962e-08 0.0876186 -0.00758099
      endloop
   endfacet
   facet normal 0.130708 -0.470002 0.872934
      outer loop
         vertex -0.00115883 0.088408 -0.00727335
         vertex -1.51422e-08 0.0892986 -0.00673599
         vertex -0.00139227 0.0901303 -0.00595568
      endloop
   endfacet
   facet normal 0.152825 -0.697007 0.700589
      outer loop
         vertex -0.00139227 0.0901303 -0.00595568
         vertex -1.51422e-08 0.0892986 -0.00673599
         vertex 3.27463e-08 0.090307 -0.00572389
      endloop
   endfacet
   facet normal 0.0074129 -0.736139 0.67679
      outer loop
         vertex 3.27463e-08 0.090307 -0.00572389
         vertex -0.000383271 0.0906263 -0.00553935
         vertex -0.00139227 0.0901303 -0.00595568
      endloop
   endfacet
   facet normal 0.0275861 -0.767122 0.640908
      outer loop
         vertex -0.000383271 0.0906263 -0.00553935
         vertex 3.27463e-08 0.090307 -0.00572389
         vertex 3.83846e-08 0.0904257 -0.00560473
      endloop
   endfacet
   facet normal 0.120922 -0.862238 0.491858
      outer loop
         vertex -0.00117364 0.0913341 -0.00442349
         vertex -3.5165e-08 0.0915434 -0.00388028
         vertex -0.000605167 0.0920295 -0.00293932
      endloop
   endfacet
   facet normal 0.120922 -0.862238 0.491858
      outer loop
         vertex -0.00117364 0.0913341 -0.00442349
         vertex 6.9269e-08 0.0910761 -0.004952
         vertex -3.5165e-08 0.0915434 -0.00388028
      endloop
   endfacet
   facet normal 0.0275861 -0.767122 0.640908
      outer loop
         vertex -0.000383271 0.0906263 -0.00553935
         vertex 4.9905e-08 0.0906683 -0.00536125
         vertex 6.9269e-08 0.0910761 -0.004952
      endloop
   endfacet
   facet normal 6.92691e-05 -0.826684 0.562666
      outer loop
         vertex 6.9269e-08 0.0910761 -0.004952
         vertex -0.00117364 0.0913341 -0.00442349
         vertex -0.000383271 0.0906263 -0.00553935
      endloop
   endfacet
   facet normal 0.0543291 -0.954177 0.294271
      outer loop
         vertex -0.000605167 0.0920295 -0.00293932
         vertex -5.83065e-08 0.091647 -0.0036428
         vertex -1.39203e-07 0.092009 -0.00281263
      endloop
   endfacet
   facet normal 0.0543291 -0.954177 0.294271
      outer loop
         vertex -0.000605167 0.0920295 -0.00293932
         vertex -3.5165e-08 0.0915434 -0.00388028
         vertex -5.83065e-08 0.091647 -0.0036428
      endloop
   endfacet
   facet normal 0.143542 -0.989576 -0.0116131
      outer loop
         vertex -0.0011509 0.0922981 -0.000644297
         vertex -0.000605167 0.0920295 -0.00293932
         vertex -1.79975e-07 0.0921915 -0.00239422
      endloop
   endfacet
   facet normal 0.0543291 -0.954177 0.294271
      outer loop
         vertex -0.000605167 0.0920295 -0.00293932
         vertex -1.39205e-07 0.092009 -0.00281261
         vertex -1.79975e-07 0.0921915 -0.00239422
      endloop
   endfacet
   facet normal 0.000238045 -0.989108 -0.147188
      outer loop
         vertex 2.38047e-07 0.0922989 0.000394349
         vertex -0.0023222 0.0919154 0.000573464
         vertex -0.0011509 0.0922981 -0.000644297
      endloop
   endfacet
   facet normal 0.143542 -0.989576 -0.0116131
      outer loop
         vertex -0.0011509 0.0922981 -0.000644297
         vertex 8.41473e-08 0.0922594 -0.000632296
         vertex 2.38047e-07 0.0922989 0.000394349
      endloop
   endfacet
   facet normal 0.143542 -0.989576 -0.0116131
      outer loop
         vertex -0.0011509 0.0922981 -0.000644297
         vertex 8.41423e-08 0.0922594 -0.00063233
         vertex 8.41473e-08 0.0922594 -0.000632296
      endloop
   endfacet
   facet normal 0.303745 -0.938514 -0.164104
      outer loop
         vertex -0.0023222 0.0919154 0.000573464
         vertex -0.0022863 0.092042 -0.000698612
         vertex -0.0011509 0.0922981 -0.000644297
      endloop
   endfacet
   facet normal 0.303745 -0.938514 -0.164104
      outer loop
         vertex -0.0023222 0.0919154 0.000573464
         vertex 2.31287e-07 0.0922823 0.000442273
         vertex 2.31283e-07 0.0922823 0.000442299
      endloop
   endfacet
   facet normal 0.000161936 -0.98811 -0.153748
      outer loop
         vertex 2.31283e-07 0.0922823 0.000442299
         vertex -0.00215632 0.0916216 0.00186327
         vertex -0.0023222 0.0919154 0.000573464
      endloop
   endfacet
   facet normal 0.0149079 -0.951467 -0.307388
      outer loop
         vertex 7.39503e-08 0.0918949 0.00155768
         vertex -1.33837e-07 0.0913833 0.00303074
         vertex -0.00176895 0.0911138 0.003148
      endloop
   endfacet
   facet normal 0.206981 -0.838444 -0.504153
      outer loop
         vertex -0.00176895 0.0911138 0.003148
         vertex -1.33837e-07 0.0913833 0.00303074
         vertex -2.09212e-07 0.0905744 0.00398392
      endloop
   endfacet
   facet normal 2.25371e-05 -0.772889 -0.634541
      outer loop
         vertex -2.09212e-07 0.0905744 0.00398392
         vertex -0.0011404 0.0903458 0.00434632
         vertex -0.00176895 0.0911138 0.003148
      endloop
   endfacet
   facet normal 0.0167427 -0.591195 -0.806355
      outer loop
         vertex -0.000228853 0.0893026 0.00535598
         vertex -0.0011404 0.0903458 0.00434632
         vertex -2.99122e-07 0.0896096 0.0051209
      endloop
   endfacet
   facet normal 0.113887 -0.733114 -0.670503
      outer loop
         vertex -0.0011404 0.0903458 0.00434632
         vertex -2.09214e-07 0.0905744 0.00398395
         vertex -2.99122e-07 0.0896096 0.0051209
      endloop
   endfacet
   facet normal 2.48204e-05 -0.631943 -0.775015
      outer loop
         vertex -2.99122e-07 0.0896096 0.0051209
         vertex -2.68806e-07 0.0893664 0.00525428
         vertex -0.000228853 0.0893026 0.00535598
      endloop
   endfacet
   facet normal 0.0167427 -0.591195 -0.806355
      outer loop
         vertex -0.000228853 0.0893026 0.00535598
         vertex -2.68804e-07 0.0893664 0.00525428
         vertex -2.49768e-07 0.0892137 0.00533803
      endloop
   endfacet
   facet normal 0.207336 -0.454557 -0.86625
      outer loop
         vertex -0.00219482 0.0881327 0.00581992
         vertex -2.77255e-08 0.0874329 0.00631493
         vertex -2.7723e-08 0.0874329 0.00631495
      endloop
   endfacet
   facet normal 0.207336 -0.454557 -0.86625
      outer loop
         vertex -0.00219482 0.0881327 0.00581992
         vertex -0.000228853 0.0893026 0.00535598
         vertex -2.32506e-07 0.0890753 0.00541398
      endloop
   endfacet
   facet normal 0.00405042 -0.566519 -0.824039
      outer loop
         vertex -2.32506e-07 0.0890753 0.00541398
         vertex -2.77255e-08 0.0874329 0.00631493
         vertex -0.00219482 0.0881327 0.00581992
      endloop
   endfacet
   facet normal 0.0695722 -0.264486 -0.961877
      outer loop
         vertex -0.000964646 0.0867914 0.00652606
         vertex -2.7723e-08 0.0874329 0.00631495
         vertex -6.06893e-10 0.0872154 0.00643425
      endloop
   endfacet
   facet normal -1.63524e-05 -0.314024 -0.949415
      outer loop
         vertex -6.06893e-10 0.0872154 0.00643425
         vertex 4.17592e-07 0.0862488 0.00668418
         vertex -0.000964646 0.0867914 0.00652606
      endloop
   endfacet
   facet normal 0.000417586 -0.187329 -0.982297
      outer loop
         vertex 4.17592e-07 0.0862488 0.00668418
         vertex 3.83351e-07 0.0858993 0.00675029
         vertex -0.000964646 0.0867914 0.00652606
      endloop
   endfacet
   facet normal -3.73025e-05 -0.186501 -0.982455
      outer loop
         vertex 3.83351e-07 0.0858993 0.00675029
         vertex 3.70139e-07 0.0857644 0.0067758
         vertex -0.000964646 0.0867914 0.00652606
      endloop
   endfacet
   facet normal 0.00178369 -0.345535 -0.938404
      outer loop
         vertex -2.7723e-08 0.0874329 0.00631495
         vertex -0.000964646 0.0867914 0.00652606
         vertex -0.00219482 0.0881327 0.00581992
      endloop
   endfacet
   facet normal 2.834e-06 -0.584706 -0.811245
      outer loop
         vertex -2.49768e-07 0.0892137 0.00533803
         vertex -2.32506e-07 0.0890753 0.00541398
         vertex -0.000228853 0.0893026 0.00535598
      endloop
   endfacet
   facet normal -3.99768e-06 -0.603286 -0.797525
      outer loop
         vertex -2.68806e-07 0.0893664 0.00525428
         vertex -2.68804e-07 0.0893664 0.00525428
         vertex -0.000228853 0.0893026 0.00535598
      endloop
   endfacet
   facet normal 2.25371e-05 -0.772889 -0.634541
      outer loop
         vertex -2.09212e-07 0.0905744 0.00398392
         vertex -2.09214e-07 0.0905744 0.00398395
         vertex -0.0011404 0.0903458 0.00434632
      endloop
   endfacet
   facet normal 0.206981 -0.838444 -0.504153
      outer loop
         vertex -0.00176895 0.0911138 0.003148
         vertex -0.00215632 0.0916216 0.00186327
         vertex 7.39503e-08 0.0918949 0.00155768
      endloop
   endfacet
   facet normal 0.000161936 -0.98811 -0.153748
      outer loop
         vertex 2.31283e-07 0.0922823 0.000442299
         vertex 7.39503e-08 0.0918949 0.00155768
         vertex -0.00215632 0.0916216 0.00186327
      endloop
   endfacet
   facet normal 0.000238045 -0.989108 -0.147188
      outer loop
         vertex 2.38047e-07 0.0922989 0.000394349
         vertex 2.31287e-07 0.0922823 0.000442273
         vertex -0.0023222 0.0919154 0.000573464
      endloop
   endfacet
   facet normal -0.000179973 -0.974834 0.222933
      outer loop
         vertex -1.79975e-07 0.0921915 -0.00239422
         vertex 8.41423e-08 0.0922594 -0.00063233
         vertex -0.0011509 0.0922981 -0.000644297
      endloop
   endfacet
   facet normal 2.38164e-05 -0.959641 0.281228
      outer loop
         vertex -1.39203e-07 0.092009 -0.00281263
         vertex -1.39205e-07 0.092009 -0.00281261
         vertex -0.000605167 0.0920295 -0.00293932
      endloop
   endfacet
   facet normal 0.0543291 -0.954177 0.294271
      outer loop
         vertex -0.000605167 0.0920295 -0.00293932
         vertex -0.00171539 0.0917949 -0.00319479
         vertex -0.00117364 0.0913341 -0.00442349
      endloop
   endfacet
   facet normal 2.32994e-05 -0.751806 0.659384
      outer loop
         vertex 3.83846e-08 0.0904257 -0.00560473
         vertex 4.9905e-08 0.0906683 -0.00536125
         vertex -0.000383271 0.0906263 -0.00553935
      endloop
   endfacet
   facet normal 0.152825 -0.697007 0.700589
      outer loop
         vertex -0.00139227 0.0901303 -0.00595568
         vertex -0.00224003 0.0894289 -0.00632065
         vertex -0.00115883 0.088408 -0.00727335
      endloop
   endfacet
   facet normal 2.68422e-05 -0.56568 0.824625
      outer loop
         vertex -2.40687e-08 0.0891106 -0.00692465
         vertex -1.51422e-08 0.0892986 -0.00673599
         vertex -0.00115883 0.088408 -0.00727335
      endloop
   endfacet
   facet normal 0.00882613 -0.359572 0.933076
      outer loop
         vertex -3.55856e-08 0.0875088 -0.00762929
         vertex -0.00115883 0.088408 -0.00727335
         vertex -0.00246185 0.0864307 -0.00774203
      endloop
   endfacet
   facet normal -4.24789e-05 -0.226977 0.9739
      outer loop
         vertex -4.24798e-08 0.08655 -0.00805109
         vertex -3.99196e-08 0.086906 -0.00789445
         vertex -0.00105089 0.0852126 -0.00829661
      endloop
   endfacet
   facet normal 0.0282986 -0.0910012 0.995449
      outer loop
         vertex -0.000403911 0.0815628 -0.00884826
         vertex -2.05574e-08 0.0814521 -0.00852953
         vertex -3.37877e-08 0.0845287 -0.00824079
      endloop
   endfacet
   facet normal 0.0124083 -0.0869031 0.996139
      outer loop
         vertex -2.02093e-08 0.0813712 -0.00853713
         vertex -0.000403911 0.0815628 -0.00884826
         vertex -0.00196204 0.0766774 -0.0087745
      endloop
   endfacet
   facet normal 0.0282986 -0.0910012 0.995449
      outer loop
         vertex -0.000403911 0.0815628 -0.00884826
         vertex -0.00200608 0.0828372 -0.00854194
         vertex -0.00200531 0.0766775 -0.00877001
      endloop
   endfacet
   facet normal 0.248818 0.0321878 0.968015
      outer loop
         vertex -0.00241332 0.0766824 -0.00860914
         vertex -0.00201055 0.0766776 -0.00876794
         vertex -0.00345579 0.077884 -0.00836421
      endloop
   endfacet
   facet normal 0.365276 0.00559716 0.930883
      outer loop
         vertex -0.00345579 0.077884 -0.00836421
         vertex -0.00481813 0.0790608 -0.00767126
         vertex -0.00466117 0.0767094 -0.00772291
      endloop
   endfacet
   facet normal 0.39441 -0.161243 0.904678
      outer loop
         vertex -0.0034125 0.0840868 -0.00792385
         vertex -0.00459702 0.0852139 -0.00698854
         vertex -0.00599945 0.0801242 -0.00673763
      endloop
   endfacet
   facet normal 0.657297 -0.0670752 0.750641
      outer loop
         vertex -0.00599945 0.0801242 -0.00673763
         vertex -0.00697569 0.0810301 -0.00562069
         vertex -0.00753509 0.0767808 -0.00542361
      endloop
   endfacet
   facet normal 0.907453 -0.0751523 0.413378
      outer loop
         vertex -0.0088986 0.0768643 -0.00323436
         vertex -0.00840503 0.0768341 -0.00402684
         vertex -0.00775152 0.0817475 -0.00437012
      endloop
   endfacet
   facet normal 0.962437 -0.0937288 0.254813
      outer loop
         vertex -0.00934333 0.0786647 -0.0015373
         vertex -0.00930809 0.0785372 -0.00167942
         vertex -0.00876112 0.0825555 -0.00160205
      endloop
   endfacet
   facet normal 0.994118 -0.102478 -0.0350476
      outer loop
         vertex -0.00962089 0.0794094 0.00170553
         vertex -0.00960012 0.0793732 0.00102272
         vertex -0.00955766 0.0799998 0.00109726
      endloop
   endfacet
   facet normal 0.945189 -0.0715529 -0.318586
      outer loop
         vertex -0.00927232 0.0783031 0.00424432
         vertex -0.00938986 0.0786563 0.00372007
         vertex -0.00933415 0.079208 0.00385727
      endloop
   endfacet
   facet normal 0.88664 -0.0463316 -0.460134
      outer loop
         vertex -0.00906166 0.0777545 0.00484174
         vertex -0.0089251 0.0784634 0.00503785
         vertex -0.00860745 0.078 0.00555012
      endloop
   endfacet
   facet normal 0.687455 -0.0294319 -0.725631
      outer loop
         vertex -0.00825512 0.0772241 0.00590577
         vertex -0.00821601 0.0774655 0.00600018
         vertex -0.00802635 0.0772267 0.00608385
      endloop
   endfacet
   facet normal 0.632933 -0.0316069 -0.773561
      outer loop
         vertex -0.00802635 0.0772267 0.00608385
         vertex -0.00821601 0.0774655 0.00600018
         vertex -0.00780097 0.0785056 0.00623935
      endloop
   endfacet
   facet normal 0.402147 -0.0437846 -0.914527
      outer loop
         vertex -0.0064666 0.077238 0.00694143
         vertex -0.00596424 0.0781186 0.00717975
         vertex -0.00520564 0.0772433 0.00742121
      endloop
   endfacet
   facet normal 0.35655 -0.071392 -0.931544
      outer loop
         vertex -0.00596424 0.0781186 0.00717975
         vertex -0.00727741 0.0795375 0.00643156
         vertex -0.00601804 0.0815206 0.00668837
      endloop
   endfacet
   facet normal 0.188412 -0.189084 -0.963716
      outer loop
         vertex -0.004 0.0823425 0.00711686
         vertex -0.004 0.079365 0.00756288
         vertex -0.00601804 0.0815206 0.00668837
      endloop
   endfacet
   facet normal 0.000443945 -0.185917 -0.982565
      outer loop
         vertex 3.70139e-07 0.0857644 0.0067758
         vertex 5.59694e-08 0.0825575 0.00738235
         vertex -0.00282748 0.0851806 0.00670538
      endloop
   endfacet
   facet normal 0.193318 -0.120073 0.973761
      outer loop
         vertex -0.00200608 0.0828372 -0.00854194
         vertex -0.0034125 0.0840868 -0.00792385
         vertex -0.00481813 0.0790608 -0.00767126
      endloop
   endfacet
   facet normal 0.766733 -0.103866 0.633508
      outer loop
         vertex -0.00697569 0.0810301 -0.00562069
         vertex -0.00599945 0.0801242 -0.00673763
         vertex -0.00459702 0.0852139 -0.00698854
      endloop
   endfacet
   facet normal 0.849745 -0.138191 0.50876
      outer loop
         vertex -0.00775152 0.0817475 -0.00437012
         vertex -0.00697569 0.0810301 -0.00562069
         vertex -0.00556009 0.0861348 -0.00578476
      endloop
   endfacet
   facet normal 0.909784 -0.168778 0.379219
      outer loop
         vertex -0.00834238 0.0822585 -0.00302249
         vertex -0.00775152 0.0817475 -0.00437012
         vertex -0.00631026 0.0868036 -0.00439232
      endloop
   endfacet
   facet normal 0.929651 -0.30449 0.207446
      outer loop
         vertex -0.0081309 0.085054 -0.00150014
         vertex -0.00876112 0.0825555 -0.00160205
         vertex -0.00834238 0.0822585 -0.00302249
      endloop
   endfacet
   facet normal 0.942261 -0.331312 0.0487454
      outer loop
         vertex -0.00834088 0.0850646 5.58184e-05
         vertex -0.0081309 0.085054 -0.00150014
         vertex -0.00721281 0.0873702 -0.00132761
      endloop
   endfacet
   facet normal 0.852198 -0.480011 -0.2082
      outer loop
         vertex -0.00730413 0.0870356 0.00186133
         vertex -0.00836091 0.0848521 0.00163902
         vertex -0.00834088 0.0850646 5.58184e-05
      endloop
   endfacet
   facet normal 0.928191 -0.352495 -0.119201
      outer loop
         vertex -0.00836091 0.0848521 0.00163902
         vertex -0.00730413 0.0870356 0.00186133
         vertex -0.00701692 0.0865363 0.00340128
      endloop
   endfacet
   facet normal 0.878699 -0.361388 -0.311907
      outer loop
         vertex -0.00817421 0.0844102 0.00318388
         vertex -0.00701692 0.0865363 0.00340128
         vertex -0.00648861 0.0857854 0.00477672
      endloop
   endfacet
   facet normal 0.97164 -0.233628 -0.0365077
      outer loop
         vertex -0.00910227 0.0824974 0.00139538
         vertex -0.00836091 0.0848521 0.00163902
         vertex -0.00817421 0.0844102 0.00318388
      endloop
   endfacet
   facet normal 0.942261 -0.331312 0.0487454
      outer loop
         vertex -0.00834088 0.0850646 5.58184e-05
         vertex -0.00836091 0.0848521 0.00163902
         vertex -0.00910227 0.0824974 0.00139538
      endloop
   endfacet
   facet normal 0.770516 -0.341286 -0.538358
      outer loop
         vertex -0.00775715 0.0837234 0.00458151
         vertex -0.00648861 0.0857854 0.00477672
         vertex -0.00612435 0.0853083 0.005376
      endloop
   endfacet
   facet normal 0.876337 -0.243864 -0.415407
      outer loop
         vertex -0.00871847 0.0815183 0.00428488
         vertex -0.00775715 0.0837234 0.00458151
         vertex -0.00745087 0.0832833 0.00519862
      endloop
   endfacet
   facet normal 0.686988 -0.314715 -0.654983
      outer loop
         vertex -0.00745087 0.0832833 0.00519862
         vertex -0.00612435 0.0853083 0.005376
         vertex -0.00568317 0.084757 0.00590862
      endloop
   endfacet
   facet normal 0.720605 -0.207285 -0.661635
      outer loop
         vertex -0.00816391 0.0806618 0.00548006
         vertex -0.00706806 0.0827739 0.00575512
         vertex -0.0065951 0.0821889 0.00625094
      endloop
   endfacet
   facet normal 0.47686 -0.232739 -0.847607
      outer loop
         vertex -0.0065951 0.0821889 0.00625094
         vertex -0.00706806 0.0827739 0.00575512
         vertex -0.00568317 0.084757 0.00590862
      endloop
   endfacet
   facet normal 0.810305 -0.231073 -0.538527
      outer loop
         vertex -0.00847742 0.0811219 0.00491106
         vertex -0.00745087 0.0832833 0.00519862
         vertex -0.00706806 0.0827739 0.00575512
      endloop
   endfacet
   facet normal 0.611929 -0.173197 -0.771716
      outer loop
         vertex -0.00776848 0.0801346 0.00598712
         vertex -0.0065951 0.0821889 0.00625094
         vertex -0.00601804 0.0815206 0.00668837
      endloop
   endfacet
   facet normal 0.94805 -0.245633 -0.202151
      outer loop
         vertex -0.00901452 0.0821277 0.00289367
         vertex -0.00817421 0.0844102 0.00318388
         vertex -0.00775715 0.0837234 0.00458151
      endloop
   endfacet
   facet normal 0.991771 -0.126792 0.0177362
      outer loop
         vertex -0.00955766 0.0799998 0.00109726
         vertex -0.00910227 0.0824974 0.00139538
         vertex -0.00901452 0.0821277 0.00289367
      endloop
   endfacet
   facet normal 0.921105 -0.18331 -0.343458
      outer loop
         vertex -0.00907459 0.0803736 0.00408783
         vertex -0.00933415 0.079208 0.00385727
         vertex -0.00952919 0.0797188 0.00250073
      endloop
   endfacet
   facet normal 0.810305 -0.231073 -0.538527
      outer loop
         vertex -0.00847742 0.0811219 0.00491106
         vertex -0.00816391 0.0806618 0.00548006
         vertex -0.00859114 0.0795705 0.00528464
      endloop
   endfacet
   facet normal 0.853746 -0.0909226 -0.512689
      outer loop
         vertex -0.0089251 0.0784634 0.00503785
         vertex -0.00859114 0.0795705 0.00528464
         vertex -0.00823589 0.0790732 0.00579622
      endloop
   endfacet
   facet normal 0.790051 -0.156404 -0.592754
      outer loop
         vertex -0.00859114 0.0795705 0.00528464
         vertex -0.00816391 0.0806618 0.00548006
         vertex -0.00776848 0.0801346 0.00598712
      endloop
   endfacet
   facet normal 0.956951 -0.112798 -0.267434
      outer loop
         vertex -0.00933415 0.079208 0.00385727
         vertex -0.00907459 0.0803736 0.00408783
         vertex -0.00859114 0.0795705 0.00528464
      endloop
   endfacet
   facet normal 0.769705 -0.0657703 -0.635003
      outer loop
         vertex -0.00860745 0.078 0.00555012
         vertex -0.00823589 0.0790732 0.00579622
         vertex -0.00780097 0.0785056 0.00623935
      endloop
   endfacet
   facet normal 0.452709 -0.891643 0.00533102
      outer loop
         vertex -0.00333842 0.0916137 -0.000783553
         vertex -0.0022863 0.092042 -0.000698612
         vertex -0.0023222 0.0919154 0.000573464
      endloop
   endfacet
   facet normal 0.206981 -0.838444 -0.504153
      outer loop
         vertex -0.00176895 0.0911138 0.003148
         vertex -0.00378726 0.0900269 0.00345436
         vertex -0.00419071 0.0905591 0.00203063
      endloop
   endfacet
   facet normal 0.272995 -0.903534 -0.330303
      outer loop
         vertex -0.00215632 0.0916216 0.00186327
         vertex -0.00419071 0.0905591 0.00203063
         vertex -0.004357 0.0908761 0.00056729
      endloop
   endfacet
   facet normal 0.696171 -0.715415 0.0593887
      outer loop
         vertex -0.00516707 0.0902821 -0.00099355
         vertex -0.00429971 0.0910218 -0.000885096
         vertex -0.004357 0.0908761 0.00056729
      endloop
   endfacet
   facet normal 0.837196 -0.532705 0.12381
      outer loop
         vertex -0.00662294 0.0884346 -0.00122021
         vertex -0.00594109 0.0894129 -0.0011065
         vertex -0.00603863 0.089293 0.000461666
      endloop
   endfacet
   facet normal 0.541277 -0.77504 -0.326087
      outer loop
         vertex -0.00419071 0.0905591 0.00203063
         vertex -0.00591263 0.08898 0.00202152
         vertex -0.00603863 0.089293 0.000461666
      endloop
   endfacet
   facet normal 0.4655 -0.715996 -0.520249
      outer loop
         vertex -0.00378726 0.0900269 0.00345436
         vertex -0.00554741 0.0884465 0.00351947
         vertex -0.00591263 0.08898 0.00202152
      endloop
   endfacet
   facet normal 0.852198 -0.480011 -0.2082
      outer loop
         vertex -0.00730413 0.0870356 0.00186133
         vertex -0.00591263 0.08898 0.00202152
         vertex -0.00554741 0.0884465 0.00351947
      endloop
   endfacet
   facet normal 0.649522 -0.58355 -0.487432
      outer loop
         vertex -0.00554741 0.0884465 0.00351947
         vertex -0.00378726 0.0900269 0.00345436
         vertex -0.00313161 0.0892248 0.00475492
      endloop
   endfacet
   facet normal 0.729733 -0.62222 -0.283428
      outer loop
         vertex -0.00591263 0.08898 0.00202152
         vertex -0.00730413 0.0870356 0.00186133
         vertex -0.00736596 0.0873081 0.000262964
      endloop
   endfacet
   facet normal 0.113887 -0.733114 -0.670503
      outer loop
         vertex -0.0011404 0.0903458 0.00434632
         vertex -0.00313161 0.0892248 0.00475492
         vertex -0.00378726 0.0900269 0.00345436
      endloop
   endfacet
   facet normal 0.113887 -0.733114 -0.670503
      outer loop
         vertex -0.0011404 0.0903458 0.00434632
         vertex -0.000228853 0.0893026 0.00535598
         vertex -0.00219482 0.0881327 0.00581992
      endloop
   endfacet
   facet normal 0.518521 -0.499436 -0.694046
      outer loop
         vertex -0.00493074 0.0876531 0.00486294
         vertex -0.00313161 0.0892248 0.00475492
         vertex -0.00219482 0.0881327 0.00581992
      endloop
   endfacet
   facet normal 0.207336 -0.454557 -0.86625
      outer loop
         vertex -0.00219482 0.0881327 0.00581992
         vertex -0.000964646 0.0867914 0.00652606
         vertex -0.00282748 0.0851806 0.00670538
      endloop
   endfacet
   facet normal 0.560998 -0.375863 -0.737569
      outer loop
         vertex -0.00612435 0.0853083 0.005376
         vertex -0.00648861 0.0857854 0.00477672
         vertex -0.00493074 0.0876531 0.00486294
      endloop
   endfacet
   facet normal 0.458915 -0.322932 -0.827715
      outer loop
         vertex -0.00568317 0.084757 0.00590862
         vertex -0.00403632 0.086576 0.00594872
         vertex -0.00282748 0.0851806 0.00670538
      endloop
   endfacet
   facet normal 0.781097 -0.46925 -0.411936
      outer loop
         vertex -0.00701692 0.0865363 0.00340128
         vertex -0.00554741 0.0884465 0.00351947
         vertex -0.00493074 0.0876531 0.00486294
      endloop
   endfacet
   facet normal 0.120922 -0.862238 0.491858
      outer loop
         vertex -0.00117364 0.0913341 -0.00442349
         vertex -0.00216679 0.0908758 -0.00478285
         vertex -0.00139227 0.0901303 -0.00595568
      endloop
   endfacet
   facet normal 0.120922 -0.862238 0.491858
      outer loop
         vertex -0.00117364 0.0913341 -0.00442349
         vertex -0.00171539 0.0917949 -0.00319479
         vertex -0.00272381 0.0913613 -0.00347127
      endloop
   endfacet
   facet normal 0.152825 -0.697007 0.700589
      outer loop
         vertex -0.00139227 0.0901303 -0.00595568
         vertex -0.00216679 0.0908758 -0.00478285
         vertex -0.00304005 0.0902202 -0.00510515
      endloop
   endfacet
   facet normal 0.372241 -0.856879 0.356644
      outer loop
         vertex -0.00272381 0.0913613 -0.00347127
         vertex -0.00311016 0.0915919 -0.00213112
         vertex -0.00404962 0.090991 -0.00231763
      endloop
   endfacet
   facet normal 0.428858 -0.886275 0.174921
      outer loop
         vertex -0.00311016 0.0915919 -0.00213112
         vertex -0.00272381 0.0913613 -0.00347127
         vertex -0.00171539 0.0917949 -0.00319479
      endloop
   endfacet
   facet normal 0.280512 -0.797338 0.534383
      outer loop
         vertex -0.00216679 0.0908758 -0.00478285
         vertex -0.00272381 0.0913613 -0.00347127
         vertex -0.00363172 0.0907374 -0.00373805
      endloop
   endfacet
   facet normal 0.143542 -0.989576 -0.0116131
      outer loop
         vertex -0.0011509 0.0922981 -0.000644297
         vertex -0.0022863 0.092042 -0.000698612
         vertex -0.00171539 0.0917949 -0.00319479
      endloop
   endfacet
   facet normal 0.39441 -0.161243 0.904678
      outer loop
         vertex -0.0034125 0.0840868 -0.00792385
         vertex -0.00200608 0.0828372 -0.00854194
         vertex -0.00105089 0.0852126 -0.00829661
      endloop
   endfacet
   facet normal 0.130708 -0.470002 0.872934
      outer loop
         vertex -0.00115883 0.088408 -0.00727335
         vertex -0.00224003 0.0894289 -0.00632065
         vertex -0.00359028 0.0875272 -0.0068062
      endloop
   endfacet
   facet normal 0.294722 -0.596587 0.746474
      outer loop
         vertex -0.00224003 0.0894289 -0.00632065
         vertex -0.00304005 0.0902202 -0.00510515
         vertex -0.00447836 0.0884021 -0.00557445
      endloop
   endfacet
   facet normal 0.517546 -0.761335 0.390531
      outer loop
         vertex -0.00363172 0.0907374 -0.00373805
         vertex -0.00404962 0.090991 -0.00231763
         vertex -0.00489393 0.0902289 -0.0024954
      endloop
   endfacet
   facet normal 0.629714 -0.652194 0.422023
      outer loop
         vertex -0.00444193 0.0899422 -0.0039711
         vertex -0.00489393 0.0902289 -0.0024954
         vertex -0.00564248 0.089328 -0.0026532
      endloop
   endfacet
   facet normal 0.568219 -0.796199 0.207834
      outer loop
         vertex -0.00404962 0.090991 -0.00231763
         vertex -0.00429971 0.0910218 -0.000885096
         vertex -0.00516707 0.0902821 -0.00099355
      endloop
   endfacet
   facet normal 0.629714 -0.652194 0.422023
      outer loop
         vertex -0.00444193 0.0899422 -0.0039711
         vertex -0.00515598 0.0890017 -0.00415952
         vertex -0.00447836 0.0884021 -0.00557445
      endloop
   endfacet
   facet normal 0.487363 -0.378517 0.786893
      outer loop
         vertex -0.00359028 0.0875272 -0.0068062
         vertex -0.00447836 0.0884021 -0.00557445
         vertex -0.00556009 0.0861348 -0.00578476
      endloop
   endfacet
   facet normal 0.708672 -0.544526 0.448637
      outer loop
         vertex -0.00515598 0.0890017 -0.00415952
         vertex -0.00564248 0.089328 -0.0026532
         vertex -0.00629631 0.0883136 -0.00278542
      endloop
   endfacet
   facet normal 0.757771 -0.593244 0.271744
      outer loop
         vertex -0.00564248 0.089328 -0.0026532
         vertex -0.00594109 0.0894129 -0.0011065
         vertex -0.00662294 0.0884346 -0.00122021
      endloop
   endfacet
   facet normal 0.761338 -0.44674 0.46988
      outer loop
         vertex -0.00577678 0.087946 -0.00429961
         vertex -0.00631026 0.0868036 -0.00439232
         vertex -0.00556009 0.0861348 -0.00578476
      endloop
   endfacet
   facet normal 0.677774 -0.694716 0.240816
      outer loop
         vertex -0.00489393 0.0902289 -0.0024954
         vertex -0.00516707 0.0902821 -0.00099355
         vertex -0.00594109 0.0894129 -0.0011065
      endloop
   endfacet
   facet normal 0.294686 -0.269685 0.91675
      outer loop
         vertex -0.00246185 0.0864307 -0.00774203
         vertex -0.00359028 0.0875272 -0.0068062
         vertex -0.00459702 0.0852139 -0.00698854
      endloop
   endfacet
   facet normal 0.452709 -0.891643 0.00533102
      outer loop
         vertex -0.00333842 0.0916137 -0.000783553
         vertex -0.00429971 0.0910218 -0.000885096
         vertex -0.00404962 0.090991 -0.00231763
      endloop
   endfacet
   facet normal 0.851301 -0.41249 0.324252
      outer loop
         vertex -0.00685864 0.0872105 -0.00288924
         vertex -0.00631026 0.0868036 -0.00439232
         vertex -0.00577678 0.087946 -0.00429961
      endloop
   endfacet
   facet normal -0.764826 -0.0909491 -0.637785
      outer loop
         vertex 0.00857513 0.0772183 0.00557704
         vertex 0.00883719 0.0772135 0.00530073
         vertex 0.0087447 0.0769008 0.00546645
      endloop
   endfacet
   facet normal -0.803704 -0.0804741 -0.589562
      outer loop
         vertex 0.0087447 0.0769008 0.00546645
         vertex 0.00857546 0.0763286 0.00576968
         vertex 0.00857513 0.0772183 0.00557704
      endloop
   endfacet
   facet normal -0.69244 -0.112711 -0.712617
      outer loop
         vertex 0.00786233 0.065272 0.00821019
         vertex 0.00873123 0.0732754 0.00595131
         vertex 0.00883644 0.0728861 0.0058181
      endloop
   endfacet
   facet normal -0.69244 -0.112711 -0.712617
      outer loop
         vertex 0.00786233 0.065272 0.00821019
         vertex 0.00863463 0.0736329 0.00607361
         vertex 0.00873123 0.0732754 0.00595131
      endloop
   endfacet
   facet normal -0.69244 -0.112711 -0.712617
      outer loop
         vertex 0.00786233 0.065272 0.00821019
         vertex 0.00846117 0.0749174 0.00610669
         vertex 0.00863463 0.0736329 0.00607361
      endloop
   endfacet
   facet normal -0.822583 -0.0808728 -0.562865
      outer loop
         vertex 0.00846549 0.0652682 0.00749346
         vertex 0.00906027 0.0720579 0.0055347
         vertex 0.00914084 0.071757 0.00530181
      endloop
   endfacet
   facet normal -0.822583 -0.0808728 -0.562865
      outer loop
         vertex 0.00846549 0.0652682 0.00749346
         vertex 0.00883644 0.0728861 0.0058181
         vertex 0.00906027 0.0720579 0.0055347
      endloop
   endfacet
   facet normal -0.994198 -0.00725669 -0.10732
      outer loop
         vertex 0.00963572 0.0699296 0.00329403
         vertex 0.00967452 0.0696431 0.00243609
         vertex 0.00965228 0.0578002 0.00305667
      endloop
   endfacet
   facet normal -0.999795 0.00412025 0.0198068
      outer loop
         vertex 0.00965228 0.0578002 0.00305667
         vertex 0.00924168 0.054921 0.00629822
         vertex 0.00963572 0.0699296 0.00329403
      endloop
   endfacet
   facet normal -0.977961 -0.0199325 -0.207835
      outer loop
         vertex 0.00924168 0.054921 0.00629822
         vertex 0.00951069 0.0703855 0.00396336
         vertex 0.0095348 0.0702976 0.0038343
      endloop
   endfacet
   facet normal -0.985852 -0.0141047 -0.167025
      outer loop
         vertex 0.0095348 0.0702976 0.0038343
         vertex 0.00963572 0.0699296 0.00329403
         vertex 0.00924168 0.054921 0.00629822
      endloop
   endfacet
   facet normal -0.977961 -0.0199325 -0.207835
      outer loop
         vertex 0.00924168 0.054921 0.00629822
         vertex 0.00911229 0.054678 0.00728262
         vertex 0.00891329 0.0652602 0.00668243
      endloop
   endfacet
   facet normal -0.916856 -0.048616 -0.396247
      outer loop
         vertex 0.00891329 0.0652602 0.00668243
         vertex 0.00951069 0.0703855 0.00396336
         vertex 0.00924168 0.054921 0.00629822
      endloop
   endfacet
   facet normal -0.916856 -0.048616 -0.396247
      outer loop
         vertex 0.00891329 0.0652602 0.00668243
         vertex 0.00940134 0.0707841 0.00454873
         vertex 0.00951069 0.0703855 0.00396336
      endloop
   endfacet
   facet normal -0.916856 -0.048616 -0.396247
      outer loop
         vertex 0.00891329 0.0652602 0.00668243
         vertex 0.00914084 0.071757 0.00530181
         vertex 0.00918593 0.0715886 0.00517144
      endloop
   endfacet
   facet normal -0.951072 -0.0298869 -0.307519
      outer loop
         vertex 0.00918593 0.0715886 0.00517144
         vertex 0.00940134 0.0707841 0.00454873
         vertex 0.00891329 0.0652602 0.00668243
      endloop
   endfacet
   facet normal -0.822583 -0.0808728 -0.562865
      outer loop
         vertex 0.00846549 0.0652682 0.00749346
         vertex 0.00891329 0.0652602 0.00668243
         vertex 0.00842399 0.0542544 0.00899868
      endloop
   endfacet
   facet normal -0.69244 -0.112711 -0.712617
      outer loop
         vertex 0.00786233 0.065272 0.00821019
         vertex 0.00846549 0.0652682 0.00749346
         vertex 0.0082286 0.0541341 0.00948583
      endloop
   endfacet
   facet normal -0.69244 -0.112711 -0.712617
      outer loop
         vertex 0.00786233 0.065272 0.00821019
         vertex 0.00712847 0.0538379 0.0106856
         vertex 0.00696333 0.0537935 0.0108657
      endloop
   endfacet
   facet normal -0.69244 -0.112711 -0.712617
      outer loop
         vertex 0.00786233 0.065272 0.00821019
         vertex 0.0079356 0.0772297 0.00623819
         vertex 0.00845066 0.0749952 0.00610869
      endloop
   endfacet
   facet normal -0.747958 -0.0960954 -0.656753
      outer loop
         vertex 0.00845066 0.0749952 0.00610869
         vertex 0.00846117 0.0749174 0.00610669
         vertex 0.00786233 0.065272 0.00821019
      endloop
   endfacet
   facet normal -0.69244 -0.112711 -0.712617
      outer loop
         vertex 0.00786233 0.065272 0.00821019
         vertex 0.0063207 0.0537141 0.0111873
         vertex 0.0079356 0.0772297 0.00623819
      endloop
   endfacet
   facet normal -0.684417 -0.110229 -0.72071
      outer loop
         vertex 0.00825496 0.0772242 0.00591463
         vertex 0.00857513 0.0772183 0.00557704
         vertex 0.00849841 0.0755054 0.00597898
      endloop
   endfacet
   facet normal -0.754877 -0.0941648 -0.649071
      outer loop
         vertex 0.00849841 0.0755054 0.00597898
         vertex 0.00846329 0.0751302 0.00607439
         vertex 0.00825496 0.0772242 0.00591463
      endloop
   endfacet
   facet normal -0.747958 -0.0960954 -0.656753
      outer loop
         vertex 0.00845066 0.0749952 0.00610869
         vertex 0.0079668 0.0772295 0.00621846
         vertex 0.00801926 0.0772285 0.00616315
      endloop
   endfacet
   facet normal -0.618105 -0.124105 -0.776237
      outer loop
         vertex 0.00801926 0.0772285 0.00616315
         vertex 0.00825496 0.0772242 0.00591463
         vertex 0.00845066 0.0749952 0.00610869
      endloop
   endfacet
   facet normal -0.747958 -0.0960954 -0.656753
      outer loop
         vertex 0.00845066 0.0749952 0.00610869
         vertex 0.0079356 0.0772297 0.00623819
         vertex 0.0079668 0.0772295 0.00621846
      endloop
   endfacet
   facet normal -0.749786 -0.0955883 -0.654739
      outer loop
         vertex 0.00846329 0.0751302 0.00607439
         vertex 0.00845066 0.0749952 0.00610869
         vertex 0.00825496 0.0772242 0.00591463
      endloop
   endfacet
   facet normal -0.435816 -0.153763 -0.886804
      outer loop
         vertex 0.00707627 0.0772354 0.00670946
         vertex 0.00736255 0.0772342 0.00660053
         vertex 0.0063207 0.0537141 0.0111873
      endloop
   endfacet
   facet normal -0.457152 -0.156508 -0.87551
      outer loop
         vertex 0.0063207 0.0537141 0.0111873
         vertex 0.00546019 0.0536078 0.0116179
         vertex 0.00707627 0.0772354 0.00670946
      endloop
   endfacet
   facet normal -0.319829 -0.162399 -0.933454
      outer loop
         vertex 0.00516588 0.0772435 0.00743635
         vertex 0.00546019 0.0536078 0.0116179
         vertex 0.004 0.0616296 0.0106397
      endloop
   endfacet
   facet normal -0.319488 -0.171742 -0.931897
      outer loop
         vertex 0.00546019 0.0536078 0.0116179
         vertex 0.004 0.0570726 0.0114449
         vertex 0.004 0.0616296 0.0106397
      endloop
   endfacet
   facet normal -0.247176 -0.169844 -0.953969
      outer loop
         vertex 0.004 0.0616296 0.0106397
         vertex 0.00490083 0.0772447 0.0075372
         vertex 0.00516588 0.0772435 0.00743635
      endloop
   endfacet
   facet normal -0.319829 -0.162399 -0.933454
      outer loop
         vertex 0.00516588 0.0772435 0.00743635
         vertex 0.00646662 0.077238 0.00694142
         vertex 0.00546019 0.0536078 0.0116179
      endloop
   endfacet
   facet normal -0.308839 -0.172063 -0.935421
      outer loop
         vertex 0.00528524 0.0535862 0.0117054
         vertex 0.00356137 0.0534847 0.0121163
         vertex 0.00377166 0.0569882 0.0115006
      endloop
   endfacet
   facet normal -0.239741 -0.171766 -0.955521
      outer loop
         vertex 0.004 0.0570726 0.0114449
         vertex 0.00546019 0.0536078 0.0116179
         vertex 0.00528524 0.0535862 0.0117054
      endloop
   endfacet
   facet normal -0.226372 -0.172032 -0.958729
      outer loop
         vertex 0.00377166 0.0569882 0.0115006
         vertex 0.004 0.0570726 0.0114449
         vertex 0.00528524 0.0535862 0.0117054
      endloop
   endfacet
   facet normal -0.209091 -0.173781 -0.962331
      outer loop
         vertex 0.00356137 0.0534847 0.0121163
         vertex 0.00215434 0.053402 0.0124516
         vertex 0.00172583 0.0562319 0.012
      endloop
   endfacet
   facet normal 1.40133e-14 -0.173603 -0.984816
      outer loop
         vertex 5.94386e-06 0.053418 0.0123868
         vertex -1.50436e-06 0.0561272 0.0120692
         vertex 0.00172583 0.0562319 0.012
      endloop
   endfacet
   facet normal -0.104362 -0.173429 -0.979301
      outer loop
         vertex 0.00172583 0.0562319 0.012
         vertex 0.00215434 0.053402 0.0124516
         vertex 5.94386e-06 0.053418 0.0123868
      endloop
   endfacet
   facet normal 0.181848 -0.173877 -0.967832
      outer loop
         vertex -0.00310998 0.0534412 0.0122928
         vertex -0.00294135 0.0565963 0.0117594
         vertex -0.000773036 0.0560804 0.0121
      endloop
   endfacet
   facet normal 0.0465178 -0.173602 -0.983717
      outer loop
         vertex -0.000773036 0.0560804 0.0121
         vertex 5.94386e-06 0.053418 0.0123868
         vertex -0.00310998 0.0534412 0.0122928
      endloop
   endfacet
   facet normal 0.209029 -0.173788 -0.962343
      outer loop
         vertex -0.0035639 0.053477 0.0121478
         vertex -0.00377185 0.05697 0.0115126
         vertex -0.00294135 0.0565963 0.0117594
      endloop
   endfacet
   facet normal 0.181848 -0.173877 -0.967832
      outer loop
         vertex -0.00310998 0.0534412 0.0122928
         vertex -0.0035639 0.053477 0.0121478
         vertex -0.00294135 0.0565963 0.0117594
      endloop
   endfacet
   facet normal 0.69244 -0.112711 -0.712617
      outer loop
         vertex -0.00786233 0.065272 0.00821019
         vertex -0.00710695 0.0538475 0.010647
         vertex -0.00777329 0.0539816 0.0101035
      endloop
   endfacet
   facet normal 0.822583 -0.0808728 -0.562865
      outer loop
         vertex -0.00846549 0.0652682 0.00749346
         vertex -0.00777329 0.0539816 0.0101035
         vertex -0.00843188 0.054254 0.00900029
      endloop
   endfacet
   facet normal 0.977968 -0.0199276 -0.207804
      outer loop
         vertex -0.00910524 0.0549309 0.006258
         vertex -0.00963573 0.0699295 0.0032939
         vertex -0.00953479 0.0702976 0.0038343
      endloop
   endfacet
   facet normal 0.9942 -0.00725508 -0.107306
      outer loop
         vertex -0.00963573 0.0699295 0.0032939
         vertex -0.00910524 0.0549309 0.006258
         vertex -0.00965228 0.0578002 0.00305667
      endloop
   endfacet
   facet normal 0.977968 -0.0199276 -0.207804
      outer loop
         vertex -0.00910524 0.0549309 0.006258
         vertex -0.00964575 0.0556799 0.00322426
         vertex -0.00965228 0.0578002 0.00305667
      endloop
   endfacet
   facet normal 0.999795 0.00412025 0.0198068
      outer loop
         vertex -0.00965228 0.0578002 0.00305667
         vertex -0.00967452 0.0696431 0.00243609
         vertex -0.00963573 0.0699295 0.0032939
      endloop
   endfacet
   facet normal 0.916856 -0.048616 -0.396247
      outer loop
         vertex -0.00891329 0.0652602 0.00668243
         vertex -0.00940137 0.070784 0.00454863
         vertex -0.00918594 0.0715886 0.00517145
      endloop
   endfacet
   facet normal 0.983473 -0.0156475 -0.180377
      outer loop
         vertex -0.00951069 0.0703855 0.00396336
         vertex -0.00940137 0.070784 0.00454863
         vertex -0.00891329 0.0652602 0.00668243
      endloop
   endfacet
   facet normal 0.916856 -0.048616 -0.396247
      outer loop
         vertex -0.00891329 0.0652602 0.00668243
         vertex -0.00910524 0.0549309 0.006258
         vertex -0.00951069 0.0703855 0.00396336
      endloop
   endfacet
   facet normal 0.916856 -0.048616 -0.396247
      outer loop
         vertex -0.00891329 0.0652602 0.00668243
         vertex -0.00843188 0.054254 0.00900029
         vertex -0.00869527 0.0543629 0.00855909
      endloop
   endfacet
   facet normal 0.916856 -0.048616 -0.396247
      outer loop
         vertex -0.00891329 0.0652602 0.00668243
         vertex -0.00869527 0.0543629 0.00855909
         vertex -0.00910524 0.0549309 0.006258
      endloop
   endfacet
   facet normal 0.822583 -0.0808728 -0.562865
      outer loop
         vertex -0.00846549 0.0652682 0.00749346
         vertex -0.00891329 0.0652602 0.00668243
         vertex -0.00914084 0.071757 0.00530182
      endloop
   endfacet
   facet normal 0.938952 -0.0358 -0.342179
      outer loop
         vertex -0.00914084 0.071757 0.00530182
         vertex -0.00906031 0.0720578 0.00553463
         vertex -0.00846549 0.0652682 0.00749346
      endloop
   endfacet
   facet normal 0.69244 -0.112711 -0.712617
      outer loop
         vertex -0.00786233 0.065272 0.00821019
         vertex -0.00846549 0.0652682 0.00749346
         vertex -0.00883644 0.0728861 0.0058181
      endloop
   endfacet
   facet normal 0.863546 -0.0642506 -0.50016
      outer loop
         vertex -0.00883644 0.0728861 0.0058181
         vertex -0.00873123 0.0732754 0.00595132
         vertex -0.00786233 0.065272 0.00821019
      endloop
   endfacet
   facet normal 0.834127 -0.0732955 -0.546681
      outer loop
         vertex -0.00873123 0.0732754 0.00595132
         vertex -0.00863467 0.0736327 0.00607359
         vertex -0.00786233 0.065272 0.00821019
      endloop
   endfacet
   facet normal 0.764826 -0.090949 -0.637785
      outer loop
         vertex -0.0086019 0.0772193 0.00560308
         vertex -0.00857545 0.0763285 0.00576972
         vertex -0.0087447 0.0769008 0.00546645
      endloop
   endfacet
   facet normal 0.764826 -0.090949 -0.637785
      outer loop
         vertex -0.0086019 0.0772193 0.00560308
         vertex -0.0084984 0.0755052 0.00597902
         vertex -0.00857545 0.0763285 0.00576972
      endloop
   endfacet
   facet normal 0.74796 -0.0960949 -0.656751
      outer loop
         vertex -0.00845066 0.0749951 0.00610871
         vertex -0.00825512 0.0772241 0.00590577
         vertex -0.00802635 0.0772267 0.00608385
      endloop
   endfacet
   facet normal 0.68556 -0.109975 -0.719662
      outer loop
         vertex -0.00825512 0.0772241 0.00590577
         vertex -0.0084633 0.0751302 0.00607437
         vertex -0.0084984 0.0755052 0.00597902
      endloop
   endfacet
   facet normal 0.68556 -0.109975 -0.719662
      outer loop
         vertex -0.00825512 0.0772241 0.00590577
         vertex -0.00845066 0.0749951 0.00610871
         vertex -0.0084633 0.0751302 0.00607437
      endloop
   endfacet
   facet normal 0.754876 -0.0941652 -0.649072
      outer loop
         vertex -0.0084984 0.0755052 0.00597902
         vertex -0.00853721 0.0772209 0.00568621
         vertex -0.00825512 0.0772241 0.00590577
      endloop
   endfacet
   facet normal 0.754876 -0.0941652 -0.649072
      outer loop
         vertex -0.0084984 0.0755052 0.00597902
         vertex -0.0086019 0.0772193 0.00560308
         vertex -0.00853721 0.0772209 0.00568621
      endloop
   endfacet
   facet normal 0.69244 -0.112711 -0.712617
      outer loop
         vertex -0.00786233 0.065272 0.00821019
         vertex -0.00846116 0.0749173 0.0061067
         vertex -0.00845066 0.0749951 0.00610871
      endloop
   endfacet
   facet normal 0.595814 -0.1284 -0.792792
      outer loop
         vertex -0.00789471 0.0772282 0.00618631
         vertex -0.00635366 0.0536968 0.0112572
         vertex -0.00786233 0.065272 0.00821019
      endloop
   endfacet
   facet normal 0.69244 -0.112711 -0.712617
      outer loop
         vertex -0.00786233 0.065272 0.00821019
         vertex -0.00635366 0.0536968 0.0112572
         vertex -0.00636221 0.0536975 0.0112545
      endloop
   endfacet
   facet normal 0.458676 -0.156309 -0.874748
      outer loop
         vertex -0.00636221 0.0536975 0.0112545
         vertex -0.00710695 0.0538475 0.010647
         vertex -0.00786233 0.065272 0.00821019
      endloop
   endfacet
   facet normal 0.74796 -0.0960949 -0.656751
      outer loop
         vertex -0.00845066 0.0749951 0.00610871
         vertex -0.00789471 0.0772282 0.00618631
         vertex -0.00786233 0.065272 0.00821019
      endloop
   endfacet
   facet normal 0.435816 -0.153763 -0.886804
      outer loop
         vertex -0.00707627 0.0772354 0.00670946
         vertex -0.00544338 0.0536251 0.0115478
         vertex -0.00635366 0.0536968 0.0112572
      endloop
   endfacet
   facet normal 0.457055 -0.156526 -0.875557
      outer loop
         vertex -0.00635366 0.0536968 0.0112572
         vertex -0.00789471 0.0772282 0.00618631
         vertex -0.00736252 0.0772342 0.00660054
      endloop
   endfacet
   facet normal 0.319563 -0.171731 -0.931873
      outer loop
         vertex -0.00544338 0.0536251 0.0115478
         vertex -0.004 0.0570726 0.0114449
         vertex -0.00377185 0.05697 0.0115126
      endloop
   endfacet
   facet normal 0.322297 -0.162236 -0.932633
      outer loop
         vertex -0.00520564 0.0772433 0.00742121
         vertex -0.00490082 0.0772446 0.00753719
         vertex -0.004 0.0616296 0.0106397
      endloop
   endfacet
   facet normal 0.247176 -0.169844 -0.953969
      outer loop
         vertex -0.004 0.0616296 0.0106397
         vertex -0.00544338 0.0536251 0.0115478
         vertex -0.00520564 0.0772433 0.00742121
      endloop
   endfacet
   facet normal 0.319563 -0.171731 -0.931873
      outer loop
         vertex -0.00544338 0.0536251 0.0115478
         vertex -0.00707627 0.0772354 0.00670946
         vertex -0.0064666 0.077238 0.00694143
      endloop
   endfacet
   facet normal 0.399262 -0.156692 -0.903348
      outer loop
         vertex -0.0064666 0.077238 0.00694143
         vertex -0.00520564 0.0772433 0.00742121
         vertex -0.00544338 0.0536251 0.0115478
      endloop
   endfacet
   facet normal 0.247176 -0.169844 -0.953969
      outer loop
         vertex -0.004 0.0616296 0.0106397
         vertex -0.004 0.0570726 0.0114449
         vertex -0.00544338 0.0536251 0.0115478
      endloop
   endfacet
   facet normal 0.226279 -0.172041 -0.958749
      outer loop
         vertex -0.00377185 0.05697 0.0115126
         vertex -0.0035639 0.053477 0.0121478
         vertex -0.00544338 0.0536251 0.0115478
      endloop
   endfacet
   facet normal 0.247176 -0.169844 -0.953969
      outer loop
         vertex -0.004 0.0616296 0.0106397
         vertex -0.00490082 0.0772446 0.00753719
         vertex -0.004 0.0772484 0.00787994
      endloop
   endfacet
   facet normal 0.457055 -0.156526 -0.875557
      outer loop
         vertex -0.00635366 0.0536968 0.0112572
         vertex -0.00736252 0.0772342 0.00660054
         vertex -0.00707627 0.0772354 0.00670946
      endloop
   endfacet
   facet normal 0.62893 -0.121953 -0.767837
      outer loop
         vertex -0.00802635 0.0772267 0.00608385
         vertex -0.00789471 0.0772282 0.00618631
         vertex -0.00845066 0.0749951 0.00610871
      endloop
   endfacet
   facet normal 0.803705 -0.080474 -0.589562
      outer loop
         vertex -0.0087447 0.0769008 0.00546645
         vertex -0.00883719 0.0772135 0.00530073
         vertex -0.0086019 0.0772193 0.00560308
      endloop
   endfacet
   facet normal 0.804774 -0.0816653 -0.587937
      outer loop
         vertex -0.00863467 0.0736327 0.00607359
         vertex -0.00846116 0.0749173 0.0061067
         vertex -0.00786233 0.065272 0.00821019
      endloop
   endfacet
   facet normal 0.91428 -0.0463317 -0.402423
      outer loop
         vertex -0.00906031 0.0720578 0.00553463
         vertex -0.00883644 0.0728861 0.0058181
         vertex -0.00846549 0.0652682 0.00749346
      endloop
   endfacet
   facet normal 0.951072 -0.0298871 -0.30752
      outer loop
         vertex -0.00918594 0.0715886 0.00517145
         vertex -0.00914084 0.071757 0.00530182
         vertex -0.00891329 0.0652602 0.00668243
      endloop
   endfacet
   facet normal 0.985852 -0.0141047 -0.167025
      outer loop
         vertex -0.00953479 0.0702976 0.0038343
         vertex -0.00951069 0.0703855 0.00396336
         vertex -0.00910524 0.0549309 0.006258
      endloop
   endfacet
   facet normal 0.99987 0.00247007 -0.0159403
      outer loop
         vertex -0.00967452 0.0696431 0.00243609
         vertex -0.00965228 0.0578002 0.00305667
         vertex -0.00968842 0.0695404 0.00212871
      endloop
   endfacet
   facet normal 0.884739 -0.0643393 -0.461624
      outer loop
         vertex -0.00843188 0.054254 0.00900029
         vertex -0.00891329 0.0652602 0.00668243
         vertex -0.00846549 0.0652682 0.00749346
      endloop
   endfacet
   facet normal 0.742161 -0.106491 -0.661707
      outer loop
         vertex -0.00777329 0.0539816 0.0101035
         vertex -0.00846549 0.0652682 0.00749346
         vertex -0.00786233 0.065272 0.00821019
      endloop
   endfacet
   facet normal 0.0465178 -0.173602 -0.983717
      outer loop
         vertex -0.000773036 0.0560804 0.0121
         vertex -1.50436e-06 0.0561272 0.0120692
         vertex 5.94386e-06 0.053418 0.0123868
      endloop
   endfacet
   facet normal -0.104362 -0.173429 -0.979301
      outer loop
         vertex 0.00172583 0.0562319 0.012
         vertex 0.00377166 0.0569882 0.0115006
         vertex 0.00356137 0.0534847 0.0121163
      endloop
   endfacet
   facet normal -0.399263 -0.156692 -0.903348
      outer loop
         vertex 0.00646662 0.077238 0.00694142
         vertex 0.00707627 0.0772354 0.00670946
         vertex 0.00546019 0.0536078 0.0116179
      endloop
   endfacet
   facet normal -0.45321 -0.152308 -0.878295
      outer loop
         vertex 0.00736255 0.0772342 0.00660053
         vertex 0.0079356 0.0772297 0.00623819
         vertex 0.0063207 0.0537141 0.0111873
      endloop
   endfacet
   facet normal -0.579485 -0.138414 -0.803143
      outer loop
         vertex 0.00696333 0.0537935 0.0108657
         vertex 0.0063207 0.0537141 0.0111873
         vertex 0.00786233 0.065272 0.00821019
      endloop
   endfacet
   facet normal -0.833491 -0.081909 -0.546427
      outer loop
         vertex 0.0082286 0.0541341 0.00948583
         vertex 0.00712847 0.0538379 0.0106856
         vertex 0.00786233 0.065272 0.00821019
      endloop
   endfacet
   facet normal -0.884787 -0.0643177 -0.461535
      outer loop
         vertex 0.00842399 0.0542544 0.00899868
         vertex 0.0082286 0.0541341 0.00948583
         vertex 0.00846549 0.0652682 0.00749346
      endloop
   endfacet
   facet normal -0.960809 -0.0300948 -0.275573
      outer loop
         vertex 0.00911229 0.054678 0.00728262
         vertex 0.00842399 0.0542544 0.00899868
         vertex 0.00891329 0.0652602 0.00668243
      endloop
   endfacet
   facet normal -0.999795 0.00412025 0.0198068
      outer loop
         vertex 0.00965228 0.0578002 0.00305667
         vertex 0.00964575 0.0556799 0.00322426
         vertex 0.00924168 0.054921 0.00629822
      endloop
   endfacet
   facet normal -0.999795 0.00412025 0.0198068
      outer loop
         vertex 0.00965228 0.0578002 0.00305667
         vertex 0.00967452 0.0696431 0.00243609
         vertex 0.00968842 0.0695404 0.00212871
      endloop
   endfacet
   facet normal -0.938952 -0.0357999 -0.342179
      outer loop
         vertex 0.00914084 0.071757 0.00530181
         vertex 0.00891329 0.0652602 0.00668243
         vertex 0.00846549 0.0652682 0.00749346
      endloop
   endfacet
   facet normal -0.863546 -0.0642506 -0.50016
      outer loop
         vertex 0.00883644 0.0728861 0.0058181
         vertex 0.00846549 0.0652682 0.00749346
         vertex 0.00786233 0.065272 0.00821019
      endloop
   endfacet
   facet normal -0.765944 -0.0910057 -0.636434
      outer loop
         vertex 0.00857546 0.0763286 0.00576968
         vertex 0.00849841 0.0755054 0.00597898
         vertex 0.00857513 0.0772183 0.00557704
      endloop
   endfacet
   facet normal -0.303568 -0.16345 -0.938685
      outer loop
         vertex 0.00490083 0.0772447 0.0075372
         vertex 0.004 0.0616296 0.0106397
         vertex 0.004 0.0772485 0.00787995
      endloop
   endfacet
   facet normal -1 0 0
      outer loop
         vertex -0.004 0.064664 0.00643201
         vertex -0.004 0.0616296 0.0106397
         vertex -0.004 0.0772484 0.00787994
      endloop
   endfacet
   facet normal -1 0 0
      outer loop
         vertex -0.004 0.0802178 0.00449276
         vertex -0.004 0.0772484 0.00787994
         vertex -0.004 0.079365 0.00756288
      endloop
   endfacet
   facet normal -1 0 0
      outer loop
         vertex -0.004 0.064664 0.00643201
         vertex -0.004 0.0570726 0.0114449
         vertex -0.004 0.0616296 0.0106397
      endloop
   endfacet
   facet normal -1 0 0
      outer loop
         vertex -0.004 0.0772484 0.00787994
         vertex -0.004 0.0802178 0.00449276
         vertex -0.004 0.064664 0.00643201
      endloop
   endfacet
   facet normal -1 0 0
      outer loop
         vertex -0.004 0.079365 0.00756288
         vertex -0.004 0.0823425 0.00711686
         vertex -0.004 0.0802178 0.00449276
      endloop
   endfacet
   facet normal 0 0.777177 -0.629283
      outer loop
         vertex -0.004 0.0802178 0.00449276
         vertex -0.00361099 0.0823634 0.00714268
         vertex 5.59694e-08 0.0825575 0.00738235
      endloop
   endfacet
   facet normal 0 0.777177 -0.629283
      outer loop
         vertex 5.59694e-08 0.0825575 0.00738235
         vertex 0.004 0.0802178 0.00449276
         vertex -0.004 0.0802178 0.00449276
      endloop
   endfacet
   facet normal 0 0.777177 -0.629283
      outer loop
         vertex 5.59694e-08 0.0825575 0.00738235
         vertex 0.00353477 0.0823675 0.00714774
         vertex 0.004 0.0802178 0.00449276
      endloop
   endfacet
   facet normal 0 0.777177 -0.629283
      outer loop
         vertex -0.004 0.0802178 0.00449276
         vertex -0.004 0.0823425 0.00711686
         vertex -0.00361099 0.0823634 0.00714268
      endloop
   endfacet
   facet normal 0 0.777177 -0.629283
      outer loop
         vertex 0.00353477 0.0823675 0.00714774
         vertex 0.004 0.0823425 0.00711686
         vertex 0.004 0.0802178 0.00449276
      endloop
   endfacet
   facet normal 1 0 0
      outer loop
         vertex 0.004 0.064664 0.00643201
         vertex 0.004 0.0802178 0.00449276
         vertex 0.004 0.0772485 0.00787995
      endloop
   endfacet
   facet normal 1 0 0
      outer loop
         vertex 0.004 0.0772485 0.00787995
         vertex 0.004 0.0616296 0.0106397
         vertex 0.004 0.064664 0.00643201
      endloop
   endfacet
   facet normal 1 0 0
      outer loop
         vertex 0.004 0.0802178 0.00449276
         vertex 0.004 0.0823425 0.00711686
         vertex 0.004 0.0794296 0.00755322
      endloop
   endfacet
   facet normal 1 0 0
      outer loop
         vertex 0.004 0.0794296 0.00755322
         vertex 0.004 0.0772485 0.00787995
         vertex 0.004 0.0802178 0.00449276
      endloop
   endfacet
   facet normal 1 0 0
      outer loop
         vertex 0.004 0.0616296 0.0106397
         vertex 0.004 0.0570726 0.0114449
         vertex 0.004 0.064664 0.00643201
      endloop
   endfacet
   facet normal 0 -0.551034 -0.834483
      outer loop
         vertex -0.004 0.064664 0.00643201
         vertex -1.50436e-06 0.0561272 0.0120692
         vertex -0.000773036 0.0560804 0.0121
      endloop
   endfacet
   facet normal 0 -0.551034 -0.834483
      outer loop
         vertex -0.000773036 0.0560804 0.0121
         vertex -0.00294135 0.0565963 0.0117594
         vertex -0.004 0.064664 0.00643201
      endloop
   endfacet
   facet normal 0 -0.551034 -0.834483
      outer loop
         vertex -0.004 0.064664 0.00643201
         vertex 0.00377166 0.0569882 0.0115006
         vertex 0.00172583 0.0562319 0.012
      endloop
   endfacet
   facet normal 0 -0.551034 -0.834483
      outer loop
         vertex 0.00172583 0.0562319 0.012
         vertex -1.50436e-06 0.0561272 0.0120692
         vertex -0.004 0.064664 0.00643201
      endloop
   endfacet
   facet normal 0 -0.551034 -0.834483
      outer loop
         vertex -0.00294135 0.0565963 0.0117594
         vertex -0.00377185 0.05697 0.0115126
         vertex -0.004 0.064664 0.00643201
      endloop
   endfacet
   facet normal 0 -0.551034 -0.834483
      outer loop
         vertex -0.004 0.064664 0.00643201
         vertex 0.004 0.064664 0.00643201
         vertex 0.004 0.0570726 0.0114449
      endloop
   endfacet
   facet normal 0 -0.551034 -0.834483
      outer loop
         vertex 0.004 0.0570726 0.0114449
         vertex 0.00377166 0.0569882 0.0115006
         vertex -0.004 0.064664 0.00643201
      endloop
   endfacet
   facet normal 0 -0.551034 -0.834483
      outer loop
         vertex -0.00377185 0.05697 0.0115126
         vertex -0.004 0.0570726 0.0114449
         vertex -0.004 0.064664 0.00643201
      endloop
   endfacet
   facet normal 0 -0.123723 -0.992317
      outer loop
         vertex 0.004 0.064664 0.00643201
         vertex -0.004 0.064664 0.00643201
         vertex -0.004 0.0802178 0.00449276
      endloop
   endfacet
   facet normal 0 -0.123723 -0.992317
      outer loop
         vertex -0.004 0.0802178 0.00449276
         vertex 0.004 0.0802178 0.00449276
         vertex 0.004 0.064664 0.00643201
      endloop
   endfacet
endsolid Distal_Shell. Units = meters