solid Proximal_Shell. STL generated by ONSHAPE BY PTC INC, 1.212. Units = meters
   facet normal 0 0.382683 -0.92388
      outer loop
         vertex 0.0082 0.0295216 0.00515485
         vertex 0.0082 0.03 0.00525
         vertex 0.0101 0.03 0.00525
      endloop
   endfacet
   facet normal 0 0.707107 -0.707107
      outer loop
         vertex 0.0082 0.0291161 0.00488388
         vertex 0.0082 0.0295216 0.00515485
         vertex 0.0101 0.0295216 0.00515485
      endloop
   endfacet
   facet normal 0 0.92388 -0.382683
      outer loop
         vertex 0.0082 0.0288452 0.00447835
         vertex 0.0082 0.0291161 0.00488388
         vertex 0.0101 0.0291161 0.00488388
      endloop
   endfacet
   facet normal 0 1 1.83697e-16
      outer loop
         vertex 0.0082 0.02875 0.004
         vertex 0.0082 0.0288452 0.00447835
         vertex 0.0101 0.0288452 0.00447835
      endloop
   endfacet
   facet normal 0 0.92388 0.382683
      outer loop
         vertex 0.0082 0.0288452 0.00352165
         vertex 0.0082 0.02875 0.004
         vertex 0.0101 0.02875 0.004
      endloop
   endfacet
   facet normal 0 0.707107 0.707107
      outer loop
         vertex 0.0082 0.0291161 0.00311612
         vertex 0.0082 0.0288452 0.00352165
         vertex 0.0101 0.0288452 0.00352165
      endloop
   endfacet
   facet normal 0 0.382683 0.92388
      outer loop
         vertex 0.0082 0.0295216 0.00284515
         vertex 0.0082 0.0291161 0.00311612
         vertex 0.0101 0.0291161 0.00311612
      endloop
   endfacet
   facet normal 0 -1.22465e-16 1
      outer loop
         vertex 0.0082 0.03 0.00275
         vertex 0.0082 0.0295216 0.00284515
         vertex 0.0101 0.0295216 0.00284515
      endloop
   endfacet
   facet normal 0 -0.382683 0.92388
      outer loop
         vertex 0.0082 0.0304784 0.00284515
         vertex 0.0082 0.03 0.00275
         vertex 0.0101 0.03 0.00275
      endloop
   endfacet
   facet normal 0 -0.707107 0.707107
      outer loop
         vertex 0.0082 0.0308839 0.00311612
         vertex 0.0082 0.0304784 0.00284515
         vertex 0.0101 0.0304784 0.00284515
      endloop
   endfacet
   facet normal 0 -0.92388 0.382683
      outer loop
         vertex 0.0082 0.0311548 0.00352165
         vertex 0.0082 0.0308839 0.00311612
         vertex 0.0101 0.0308839 0.00311612
      endloop
   endfacet
   facet normal 0 -1 -6.12323e-17
      outer loop
         vertex 0.0082 0.03125 0.004
         vertex 0.0082 0.0311548 0.00352165
         vertex 0.0101 0.0311548 0.00352165
      endloop
   endfacet
   facet normal 0 -0.92388 -0.382683
      outer loop
         vertex 0.0082 0.0311548 0.00447835
         vertex 0.0082 0.03125 0.004
         vertex 0.0101 0.03125 0.004
      endloop
   endfacet
   facet normal 0 -0.707107 -0.707107
      outer loop
         vertex 0.0082 0.0308839 0.00488388
         vertex 0.0082 0.0311548 0.00447835
         vertex 0.0101 0.0311548 0.00447835
      endloop
   endfacet
   facet normal 0 -0.382683 -0.92388
      outer loop
         vertex 0.0082 0.0304784 0.00515485
         vertex 0.0082 0.0308839 0.00488388
         vertex 0.0101 0.0308839 0.00488388
      endloop
   endfacet
   facet normal 0 2.44929e-16 -1
      outer loop
         vertex 0.0082 0.03 0.00525
         vertex 0.0082 0.0304784 0.00515485
         vertex 0.0101 0.0304784 0.00515485
      endloop
   endfacet
   facet normal 0 -0.382683 -0.92388
      outer loop
         vertex 0.0101 0.0304784 0.00515485
         vertex 0.0101 0.03 0.00525
         vertex 0.0082 0.03 0.00525
      endloop
   endfacet
   facet normal 0 -0.707107 -0.707107
      outer loop
         vertex 0.0101 0.0308839 0.00488388
         vertex 0.0101 0.0304784 0.00515485
         vertex 0.0082 0.0304784 0.00515485
      endloop
   endfacet
   facet normal 0 -0.92388 -0.382683
      outer loop
         vertex 0.0101 0.0311548 0.00447835
         vertex 0.0101 0.0308839 0.00488388
         vertex 0.0082 0.0308839 0.00488388
      endloop
   endfacet
   facet normal 0 -1 -6.12323e-17
      outer loop
         vertex 0.0101 0.03125 0.004
         vertex 0.0101 0.0311548 0.00447835
         vertex 0.0082 0.0311548 0.00447835
      endloop
   endfacet
   facet normal 0 -0.92388 0.382683
      outer loop
         vertex 0.0101 0.0311548 0.00352165
         vertex 0.0101 0.03125 0.004
         vertex 0.0082 0.03125 0.004
      endloop
   endfacet
   facet normal 0 -0.707107 0.707107
      outer loop
         vertex 0.0101 0.0308839 0.00311612
         vertex 0.0101 0.0311548 0.00352165
         vertex 0.0082 0.0311548 0.00352165
      endloop
   endfacet
   facet normal 0 -0.382683 0.92388
      outer loop
         vertex 0.0101 0.0304784 0.00284515
         vertex 0.0101 0.0308839 0.00311612
         vertex 0.0082 0.0308839 0.00311612
      endloop
   endfacet
   facet normal 0 -1.22465e-16 1
      outer loop
         vertex 0.0101 0.03 0.00275
         vertex 0.0101 0.0304784 0.00284515
         vertex 0.0082 0.0304784 0.00284515
      endloop
   endfacet
   facet normal 0 0.382683 0.92388
      outer loop
         vertex 0.0101 0.0295216 0.00284515
         vertex 0.0101 0.03 0.00275
         vertex 0.0082 0.03 0.00275
      endloop
   endfacet
   facet normal 0 0.707107 0.707107
      outer loop
         vertex 0.0101 0.0291161 0.00311612
         vertex 0.0101 0.0295216 0.00284515
         vertex 0.0082 0.0295216 0.00284515
      endloop
   endfacet
   facet normal 0 0.92388 0.382683
      outer loop
         vertex 0.0101 0.0288452 0.00352165
         vertex 0.0101 0.0291161 0.00311612
         vertex 0.0082 0.0291161 0.00311612
      endloop
   endfacet
   facet normal 0 1 1.83697e-16
      outer loop
         vertex 0.0101 0.02875 0.004
         vertex 0.0101 0.0288452 0.00352165
         vertex 0.0082 0.0288452 0.00352165
      endloop
   endfacet
   facet normal 0 0.92388 -0.382683
      outer loop
         vertex 0.0101 0.0288452 0.00447835
         vertex 0.0101 0.02875 0.004
         vertex 0.0082 0.02875 0.004
      endloop
   endfacet
   facet normal 0 0.707107 -0.707107
      outer loop
         vertex 0.0101 0.0291161 0.00488388
         vertex 0.0101 0.0288452 0.00447835
         vertex 0.0082 0.0288452 0.00447835
      endloop
   endfacet
   facet normal 0 0.382683 -0.92388
      outer loop
         vertex 0.0101 0.0295216 0.00515485
         vertex 0.0101 0.0291161 0.00488388
         vertex 0.0082 0.0291161 0.00488388
      endloop
   endfacet
   facet normal 0 2.44929e-16 -1
      outer loop
         vertex 0.0101 0.03 0.00525
         vertex 0.0101 0.0295216 0.00515485
         vertex 0.0082 0.0295216 0.00515485
      endloop
   endfacet
   facet normal 1 0 0
      outer loop
         vertex 0.0101 0.03 0.007
         vertex 0.0101 0.03 0.00525
         vertex 0.0101 0.0304784 0.00515485
      endloop
   endfacet
   facet normal 1 0 0
      outer loop
         vertex 0.0101 0.03 0.007
         vertex 0.0101 0.0288519 0.00677164
         vertex 0.0101 0.0295216 0.00515485
      endloop
   endfacet
   facet normal 1 0 0
      outer loop
         vertex 0.0101 0.0311481 0.00677164
         vertex 0.0101 0.0304784 0.00515485
         vertex 0.0101 0.0308839 0.00488388
      endloop
   endfacet
   facet normal 1 0 0
      outer loop
         vertex 0.0101 0.0295216 0.00515485
         vertex 0.0101 0.03 0.00525
         vertex 0.0101 0.03 0.007
      endloop
   endfacet
   facet normal 1 0 0
      outer loop
         vertex 0.0101 0.03 0.001
         vertex 0.0101 0.0311481 0.00122836
         vertex 0.0101 0.0304784 0.00284515
      endloop
   endfacet
   facet normal 1 0 0
      outer loop
         vertex 0.0101 0.0311481 0.00122836
         vertex 0.0101 0.0321213 0.00187868
         vertex 0.0101 0.0308839 0.00311612
      endloop
   endfacet
   facet normal 1 0 0
      outer loop
         vertex 0.0101 0.0327716 0.00285195
         vertex 0.0101 0.033 0.004
         vertex 0.0101 0.03125 0.004
      endloop
   endfacet
   facet normal 1 0 0
      outer loop
         vertex 0.0101 0.0327716 0.00514805
         vertex 0.0101 0.0311548 0.00447835
         vertex 0.0101 0.03125 0.004
      endloop
   endfacet
   facet normal 1 0 0
      outer loop
         vertex 0.0101 0.0321213 0.00612132
         vertex 0.0101 0.0308839 0.00488388
         vertex 0.0101 0.0311548 0.00447835
      endloop
   endfacet
   facet normal 1 0 0
      outer loop
         vertex 0.0101 0.0304784 0.00515485
         vertex 0.0101 0.0311481 0.00677164
         vertex 0.0101 0.03 0.007
      endloop
   endfacet
   facet normal 1 0 0
      outer loop
         vertex 0.0101 0.0308839 0.00311612
         vertex 0.0101 0.0304784 0.00284515
         vertex 0.0101 0.0311481 0.00122836
      endloop
   endfacet
   facet normal 1 0 0
      outer loop
         vertex 0.0101 0.0321213 0.00187868
         vertex 0.0101 0.0327716 0.00285195
         vertex 0.0101 0.0311548 0.00352165
      endloop
   endfacet
   facet normal 1 0 0
      outer loop
         vertex 0.0101 0.03125 0.004
         vertex 0.0101 0.033 0.004
         vertex 0.0101 0.0327716 0.00514805
      endloop
   endfacet
   facet normal 1 0 0
      outer loop
         vertex 0.0101 0.0308839 0.00488388
         vertex 0.0101 0.0321213 0.00612132
         vertex 0.0101 0.0311481 0.00677164
      endloop
   endfacet
   facet normal 1 0 0
      outer loop
         vertex 0.0101 0.0288519 0.00677164
         vertex 0.0101 0.0278787 0.00612132
         vertex 0.0101 0.0291161 0.00488388
      endloop
   endfacet
   facet normal 1 0 0
      outer loop
         vertex 0.0101 0.0278787 0.00612132
         vertex 0.0101 0.0272284 0.00514805
         vertex 0.0101 0.0288452 0.00447835
      endloop
   endfacet
   facet normal 1 0 0
      outer loop
         vertex 0.0101 0.0311548 0.00352165
         vertex 0.0101 0.0308839 0.00311612
         vertex 0.0101 0.0321213 0.00187868
      endloop
   endfacet
   facet normal 1 0 0
      outer loop
         vertex 0.0101 0.0311548 0.00447835
         vertex 0.0101 0.0327716 0.00514805
         vertex 0.0101 0.0321213 0.00612132
      endloop
   endfacet
   facet normal 1 0 0
      outer loop
         vertex 0.0101 0.0288452 0.00447835
         vertex 0.0101 0.0291161 0.00488388
         vertex 0.0101 0.0278787 0.00612132
      endloop
   endfacet
   facet normal 1 0 0
      outer loop
         vertex 0.0101 0.0272284 0.00514805
         vertex 0.0101 0.027 0.004
         vertex 0.0101 0.02875 0.004
      endloop
   endfacet
   facet normal 1 0 0
      outer loop
         vertex 0.0101 0.0272284 0.00285195
         vertex 0.0101 0.0288452 0.00352165
         vertex 0.0101 0.02875 0.004
      endloop
   endfacet
   facet normal 1 0 0
      outer loop
         vertex 0.0101 0.0278787 0.00187868
         vertex 0.0101 0.0291161 0.00311612
         vertex 0.0101 0.0288452 0.00352165
      endloop
   endfacet
   facet normal 1 0 0
      outer loop
         vertex 0.0101 0.0278787 0.00187868
         vertex 0.0101 0.0288519 0.00122836
         vertex 0.0101 0.0295216 0.00284515
      endloop
   endfacet
   facet normal 1 0 0
      outer loop
         vertex 0.0101 0.0288519 0.00122836
         vertex 0.0101 0.03 0.001
         vertex 0.0101 0.03 0.00275
      endloop
   endfacet
   facet normal 1 0 0
      outer loop
         vertex 0.0101 0.03125 0.004
         vertex 0.0101 0.0311548 0.00352165
         vertex 0.0101 0.0327716 0.00285195
      endloop
   endfacet
   facet normal 1 0 0
      outer loop
         vertex 0.0101 0.02875 0.004
         vertex 0.0101 0.0288452 0.00447835
         vertex 0.0101 0.0272284 0.00514805
      endloop
   endfacet
   facet normal 1 0 0
      outer loop
         vertex 0.0101 0.0288452 0.00352165
         vertex 0.0101 0.0272284 0.00285195
         vertex 0.0101 0.0278787 0.00187868
      endloop
   endfacet
   facet normal 1 0 0
      outer loop
         vertex 0.0101 0.03 0.00275
         vertex 0.0101 0.0295216 0.00284515
         vertex 0.0101 0.0288519 0.00122836
      endloop
   endfacet
   facet normal 1 0 0
      outer loop
         vertex 0.0101 0.0291161 0.00488388
         vertex 0.0101 0.0295216 0.00515485
         vertex 0.0101 0.0288519 0.00677164
      endloop
   endfacet
   facet normal 1 0 0
      outer loop
         vertex 0.0101 0.0295216 0.00284515
         vertex 0.0101 0.0291161 0.00311612
         vertex 0.0101 0.0278787 0.00187868
      endloop
   endfacet
   facet normal 1 0 0
      outer loop
         vertex 0.0101 0.02875 0.004
         vertex 0.0101 0.027 0.004
         vertex 0.0101 0.0272284 0.00285195
      endloop
   endfacet
   facet normal 1 0 0
      outer loop
         vertex 0.0101 0.0304784 0.00284515
         vertex 0.0101 0.03 0.00275
         vertex 0.0101 0.03 0.001
      endloop
   endfacet
   facet normal 0 0.382683 -0.92388
      outer loop
         vertex 0.0101 0.0288519 0.00677164
         vertex 0.0101 0.03 0.007
         vertex 0.0112174 0.0297399 0.00695705
      endloop
   endfacet
   facet normal 0 2.44929e-16 -1
      outer loop
         vertex 0.0101 0.03 0.007
         vertex 0.0112097 0.03 0.007
         vertex 0.0112174 0.0297399 0.00695705
      endloop
   endfacet
   facet normal 0 0.0876238 -0.996154
      outer loop
         vertex 0.0112174 0.0297399 0.00695705
         vertex 0.0112383 0.0290356 0.00684076
         vertex 0.0101 0.0288519 0.00677164
      endloop
   endfacet
   facet normal 0 0.382683 -0.92388
      outer loop
         vertex 0.0101 0.0288519 0.00677164
         vertex 0.0112602 0.0288639 0.00674921
         vertex 0.0113477 0.0281787 0.00638391
      endloop
   endfacet
   facet normal 0 0.607085 -0.794637
      outer loop
         vertex 0.0113477 0.0281787 0.00638391
         vertex 0.0101 0.0278787 0.00612132
         vertex 0.0101 0.0288519 0.00677164
      endloop
   endfacet
   facet normal 0 0.707107 -0.707107
      outer loop
         vertex 0.0101 0.0278787 0.00612132
         vertex 0.0114115 0.0279072 0.00609452
         vertex 0.011506 0.0275049 0.00566573
      endloop
   endfacet
   facet normal 0 0.831687 -0.555244
      outer loop
         vertex 0.011506 0.0275049 0.00566573
         vertex 0.0101 0.0272284 0.00514805
         vertex 0.0101 0.0278787 0.00612132
      endloop
   endfacet
   facet normal 0 0.92388 -0.382683
      outer loop
         vertex 0.0101 0.0272284 0.00514805
         vertex 0.0116006 0.0272671 0.00513085
         vertex 0.0116703 0.027092 0.00473727
      endloop
   endfacet
   facet normal 0 0.969331 -0.245758
      outer loop
         vertex 0.0116703 0.027092 0.00473727
         vertex 0.0101 0.027 0.004
         vertex 0.0101 0.0272284 0.00514805
      endloop
   endfacet
   facet normal 0 0.92388 0.382683
      outer loop
         vertex 0.0101 0.0272284 0.00285195
         vertex 0.0101 0.027 0.004
         vertex 0.0117917 0.0270134 0.00371627
      endloop
   endfacet
   facet normal 0 1 1.83697e-16
      outer loop
         vertex 0.0101 0.027 0.004
         vertex 0.0117583 0.0270351 0.00399731
         vertex 0.0117917 0.0270134 0.00371627
      endloop
   endfacet
   facet normal 0 0.995517 0.094578
      outer loop
         vertex 0.0117917 0.0270134 0.00371627
         vertex 0.0118389 0.0272428 0.0028652
         vertex 0.0101 0.0272284 0.00285195
      endloop
   endfacet
   facet normal 0 0.707107 0.707107
      outer loop
         vertex 0.0101 0.0278787 0.00187868
         vertex 0.0101 0.0272284 0.00285195
         vertex 0.0118456 0.0272752 0.00274481
      endloop
   endfacet
   facet normal 0 0.92388 0.382683
      outer loop
         vertex 0.0101 0.0272284 0.00285195
         vertex 0.0118394 0.0272451 0.00285647
         vertex 0.0118456 0.0272752 0.00274481
      endloop
   endfacet
   facet normal 0 0.908265 0.418396
      outer loop
         vertex 0.0118456 0.0272752 0.00274481
         vertex 0.0118412 0.0278334 0.00192495
         vertex 0.0101 0.0278787 0.00187868
      endloop
   endfacet
   facet normal 0 0.707107 0.707107
      outer loop
         vertex 0.0101 0.0278787 0.00187868
         vertex 0.011839 0.0278847 0.00188675
         vertex 0.0118075 0.0286331 0.00132951
      endloop
   endfacet
   facet normal 0 0.455644 0.890162
      outer loop
         vertex 0.0118075 0.0286331 0.00132951
         vertex 0.0101 0.0288519 0.00122836
         vertex 0.0101 0.0278787 0.00187868
      endloop
   endfacet
   facet normal 0 -1.22465e-16 1
      outer loop
         vertex 0.0101 0.03 0.001
         vertex 0.0117809 0.0295941 0.00102759
         vertex 0.0117819 0.0297487 0.00103264
      endloop
   endfacet
   facet normal 0 0.382683 0.92388
      outer loop
         vertex 0.0101 0.0288519 0.00122836
         vertex 0.0118012 0.0288612 0.00125784
         vertex 0.0117809 0.0295941 0.00102759
      endloop
   endfacet
   facet normal 0 0.135303 0.990804
      outer loop
         vertex 0.0117809 0.0295941 0.00102759
         vertex 0.0101 0.03 0.001
         vertex 0.0101 0.0288519 0.00122836
      endloop
   endfacet
   facet normal 0 -1.22465e-16 1
      outer loop
         vertex 0.0101 0.03 0.001
         vertex 0.0117835 0.0299987 0.00104081
         vertex 0.0117874 0.0305992 0.00106045
      endloop
   endfacet
   facet normal 0 -0.199734 0.97985
      outer loop
         vertex 0.0117874 0.0305992 0.00106045
         vertex 0.0101 0.0311481 0.00122836
         vertex 0.0101 0.03 0.001
      endloop
   endfacet
   facet normal 0 -0.707107 0.707107
      outer loop
         vertex 0.0101 0.0321213 0.00187868
         vertex 0.0101 0.0311481 0.00122836
         vertex 0.0118259 0.0315325 0.00142096
      endloop
   endfacet
   facet normal 0 -0.382683 0.92388
      outer loop
         vertex 0.0101 0.0311481 0.00122836
         vertex 0.0118094 0.0311332 0.00126673
         vertex 0.0118259 0.0315325 0.00142096
      endloop
   endfacet
   facet normal 0 -0.92388 0.382683
      outer loop
         vertex 0.0101 0.0327716 0.00285195
         vertex 0.0101 0.0321213 0.00187868
         vertex 0.0118704 0.0322985 0.00207211
      endloop
   endfacet
   facet normal 0 -0.707107 0.707107
      outer loop
         vertex 0.0101 0.0321213 0.00187868
         vertex 0.0118589 0.0321002 0.00190352
         vertex 0.0118704 0.0322985 0.00207211
      endloop
   endfacet
   facet normal 0 -0.92388 0.382683
      outer loop
         vertex 0.0101 0.0327716 0.00285195
         vertex 0.0118827 0.0328075 0.00294274
         vertex 0.0118337 0.0329989 0.00392008
      endloop
   endfacet
   facet normal 0 -0.999645 0.0266396
      outer loop
         vertex 0.0118337 0.0329989 0.00392008
         vertex 0.0101 0.033 0.004
         vertex 0.0101 0.0327716 0.00285195
      endloop
   endfacet
   facet normal 0 -0.92388 0.382683
      outer loop
         vertex 0.0101 0.0327716 0.00285195
         vertex 0.0118818 0.0327719 0.00288187
         vertex 0.0118827 0.0328075 0.00294274
      endloop
   endfacet
   facet normal 0 -0.92388 0.382683
      outer loop
         vertex 0.0101 0.0327716 0.00285195
         vertex 0.0118815 0.0327588 0.00285944
         vertex 0.0118818 0.0327719 0.00288187
      endloop
   endfacet
   facet normal 0 -1 -6.12323e-17
      outer loop
         vertex 0.0101 0.033 0.004
         vertex 0.0118244 0.0329881 0.00399835
         vertex 0.0117189 0.0328639 0.00489329
      endloop
   endfacet
   facet normal 0 -0.95464 -0.297762
      outer loop
         vertex 0.0117189 0.0328639 0.00489329
         vertex 0.0101 0.0327716 0.00514805
         vertex 0.0101 0.033 0.004
      endloop
   endfacet
   facet normal 0 -0.707107 -0.707107
      outer loop
         vertex 0.0101 0.0321213 0.00612132
         vertex 0.0101 0.0327716 0.00514805
         vertex 0.0115559 0.0324173 0.00577666
      endloop
   endfacet
   facet normal 0 -0.92388 -0.382683
      outer loop
         vertex 0.0101 0.0327716 0.00514805
         vertex 0.0116746 0.0327425 0.00513337
         vertex 0.0115559 0.0324173 0.00577666
      endloop
   endfacet
   facet normal 0 -0.382683 -0.92388
      outer loop
         vertex 0.0101 0.0311481 0.00677164
         vertex 0.0101 0.0321213 0.00612132
         vertex 0.0113817 0.0316868 0.00648084
      endloop
   endfacet
   facet normal 0 -0.707107 -0.707107
      outer loop
         vertex 0.0101 0.0321213 0.00612132
         vertex 0.0114782 0.0320917 0.00609058
         vertex 0.0113817 0.0316868 0.00648084
      endloop
   endfacet
   facet normal 0 2.44929e-16 -1
      outer loop
         vertex 0.0101 0.03 0.007
         vertex 0.0101 0.0311481 0.00677164
         vertex 0.011251 0.0307512 0.00690442
      endloop
   endfacet
   facet normal 0 -0.382683 -0.92388
      outer loop
         vertex 0.0101 0.0311481 0.00677164
         vertex 0.011304 0.0311304 0.00673274
         vertex 0.011251 0.0307512 0.00690442
      endloop
   endfacet
   facet normal 0 -0.250404 -0.968141
      outer loop
         vertex 0.011251 0.0307512 0.00690442
         vertex 0.0112097 0.03 0.007
         vertex 0.0101 0.03 0.007
      endloop
   endfacet
   facet normal 0 -0.562279 -0.826948
      outer loop
         vertex 0.0113817 0.0316868 0.00648084
         vertex 0.011304 0.0311304 0.00673274
         vertex 0.0101 0.0311481 0.00677164
      endloop
   endfacet
   facet normal 0 -0.805776 -0.592221
      outer loop
         vertex 0.0115559 0.0324173 0.00577666
         vertex 0.0114782 0.0320917 0.00609058
         vertex 0.0101 0.0321213 0.00612132
      endloop
   endfacet
   facet normal 0 -0.95464 -0.297762
      outer loop
         vertex 0.0117189 0.0328639 0.00489329
         vertex 0.0116746 0.0327425 0.00513337
         vertex 0.0101 0.0327716 0.00514805
      endloop
   endfacet
   facet normal 0 -0.999645 0.0266396
      outer loop
         vertex 0.0118337 0.0329989 0.00392008
         vertex 0.0118244 0.0329881 0.00399835
         vertex 0.0101 0.033 0.004
      endloop
   endfacet
   facet normal 0 -0.766175 0.642631
      outer loop
         vertex 0.0118704 0.0322985 0.00207211
         vertex 0.0118815 0.0327588 0.00285944
         vertex 0.0101 0.0327716 0.00285195
      endloop
   endfacet
   facet normal 0 -0.510833 0.85968
      outer loop
         vertex 0.0118259 0.0315325 0.00142096
         vertex 0.0118589 0.0321002 0.00190352
         vertex 0.0101 0.0321213 0.00187868
      endloop
   endfacet
   facet normal 0 -0.199734 0.97985
      outer loop
         vertex 0.0117874 0.0305992 0.00106045
         vertex 0.0118094 0.0311332 0.00126673
         vertex 0.0101 0.0311481 0.00122836
      endloop
   endfacet
   facet normal 0 0.0843797 0.996434
      outer loop
         vertex 0.0117819 0.0297487 0.00103264
         vertex 0.0117835 0.0299987 0.00104081
         vertex 0.0101 0.03 0.001
      endloop
   endfacet
   facet normal 0 0.455644 0.890162
      outer loop
         vertex 0.0118075 0.0286331 0.00132951
         vertex 0.0118012 0.0288612 0.00125784
         vertex 0.0101 0.0288519 0.00122836
      endloop
   endfacet
   facet normal 0 0.722199 0.691685
      outer loop
         vertex 0.0118412 0.0278334 0.00192495
         vertex 0.011839 0.0278847 0.00188675
         vertex 0.0101 0.0278787 0.00187868
      endloop
   endfacet
   facet normal 0 0.92474 0.380598
      outer loop
         vertex 0.0118389 0.0272428 0.0028652
         vertex 0.0118394 0.0272451 0.00285647
         vertex 0.0101 0.0272284 0.00285195
      endloop
   endfacet
   facet normal 0 0.969331 -0.245758
      outer loop
         vertex 0.0116703 0.027092 0.00473727
         vertex 0.0117583 0.0270351 0.00399731
         vertex 0.0101 0.027 0.004
      endloop
   endfacet
   facet normal 0 0.831687 -0.555244
      outer loop
         vertex 0.011506 0.0275049 0.00566573
         vertex 0.0116006 0.0272671 0.00513085
         vertex 0.0101 0.0272284 0.00514805
      endloop
   endfacet
   facet normal 0 0.607085 -0.794637
      outer loop
         vertex 0.0113477 0.0281787 0.00638391
         vertex 0.0114115 0.0279072 0.00609452
         vertex 0.0101 0.0278787 0.00612132
      endloop
   endfacet
   facet normal 0 0.321469 -0.94692
      outer loop
         vertex 0.0112383 0.0290356 0.00684076
         vertex 0.0112602 0.0288639 0.00674921
         vertex 0.0101 0.0288519 0.00677164
      endloop
   endfacet
   facet normal -0.409304 -0.0299193 0.911907
      outer loop
         vertex -0.00667918 0.0297224 0.0128698
         vertex -0.00710024 0.0512636 0.0124999
         vertex -0.00723084 0.051257 0.0124572
      endloop
   endfacet
   facet normal -0.552201 -0.029468 0.83319
      outer loop
         vertex -0.00772485 0.029725 0.0122936
         vertex -0.00723084 0.051257 0.0124572
         vertex -0.00878829 0.0510733 0.0112689
      endloop
   endfacet
   facet normal -0.721608 0.037243 0.691299
      outer loop
         vertex -0.00878829 0.0510733 0.0112689
         vertex -0.00867225 0.0297277 0.0115474
         vertex -0.00772485 0.029725 0.0122936
      endloop
   endfacet
   facet normal -0.947772 -0.0194227 0.318358
      outer loop
         vertex -0.0110665 0.0297388 0.00743112
         vertex -0.0112218 0.0303448 0.00698012
         vertex -0.0112206 0.0300019 0.00696281
      endloop
   endfacet
   facet normal -0.967897 0.0529614 0.245704
      outer loop
         vertex -0.0106194 0.0504811 0.00743661
         vertex -0.0113203 0.0313251 0.00669149
         vertex -0.0113017 0.0311405 0.00674586
      endloop
   endfacet
   facet normal -0.961842 -0.0127878 0.273306
      outer loop
         vertex -0.0113017 0.0311405 0.00674586
         vertex -0.0110665 0.0297388 0.00743112
         vertex -0.0106194 0.0504811 0.00743661
      endloop
   endfacet
   facet normal -0.967897 0.0529614 0.245704
      outer loop
         vertex -0.0106194 0.0504811 0.00743661
         vertex -0.0114838 0.0321525 0.00608964
         vertex -0.0114767 0.032117 0.00611545
      endloop
   endfacet
   facet normal -0.985938 -0.00224258 0.167099
      outer loop
         vertex -0.011675 0.0327538 0.00514308
         vertex -0.0106194 0.0504811 0.00743661
         vertex -0.0109364 0.0503166 0.00637261
      endloop
   endfacet
   facet normal -0.982982 0.0593822 0.173841
      outer loop
         vertex -0.0109364 0.0503166 0.00637261
         vertex -0.0117945 0.0329828 0.00432045
         vertex -0.011675 0.0327538 0.00514308
      endloop
   endfacet
   facet normal -0.985938 -0.00224258 0.167099
      outer loop
         vertex -0.011675 0.0327538 0.00514308
         vertex -0.011657 0.0327194 0.00526693
         vertex -0.0106194 0.0504811 0.00743661
      endloop
   endfacet
   facet normal -0.995264 0.0779549 -0.0580707
      outer loop
         vertex -0.0109944 0.0497778 0.00288592
         vertex -0.0118192 0.0329642 0.0040021
         vertex -0.0117945 0.0329828 0.00432045
      endloop
   endfacet
   facet normal -0.995264 0.0779549 -0.0580707
      outer loop
         vertex -0.0109944 0.0497778 0.00288592
         vertex -0.011871 0.0329249 0.00333311
         vertex -0.0118192 0.0329642 0.0040021
      endloop
   endfacet
   facet normal -0.993801 0.00114414 0.111171
      outer loop
         vertex -0.0117945 0.0329828 0.00432045
         vertex -0.0109364 0.0503166 0.00637261
         vertex -0.0109944 0.0497778 0.00288592
      endloop
   endfacet
   facet normal -0.984514 -0.00274177 0.175285
      outer loop
         vertex -0.011657 0.0327194 0.00526693
         vertex -0.0114838 0.0321525 0.00608964
         vertex -0.0106194 0.0504811 0.00743661
      endloop
   endfacet
   facet normal -0.995264 0.0779549 -0.0580707
      outer loop
         vertex -0.0109944 0.0497778 0.00288592
         vertex -0.0118761 0.0327381 0.00288183
         vertex -0.011871 0.0329249 0.00333311
      endloop
   endfacet
   facet normal -0.972818 -0.00749047 0.231449
      outer loop
         vertex -0.0114767 0.032117 0.00611545
         vertex -0.0113203 0.0313251 0.00669149
         vertex -0.0106194 0.0504811 0.00743661
      endloop
   endfacet
   facet normal -0.961842 -0.0127878 0.273306
      outer loop
         vertex -0.0113017 0.0311405 0.00674586
         vertex -0.0112218 0.0303448 0.00698012
         vertex -0.0110665 0.0297388 0.00743112
      endloop
   endfacet
   facet normal -0.973613 0.0847665 -0.211876
      outer loop
         vertex -0.0108153 0.0494365 0.000677926
         vertex -0.0118762 0.0327325 0.00286816
         vertex -0.0118761 0.0327381 0.00288183
      endloop
   endfacet
   facet normal -0.973613 0.0847665 -0.211876
      outer loop
         vertex -0.0108153 0.0494365 0.000677926
         vertex -0.0118814 0.0325405 0.00240442
         vertex -0.0118762 0.0327325 0.00286816
      endloop
   endfacet
   facet normal -0.999936 0.0043918 0.0104317
      outer loop
         vertex -0.0118761 0.0327381 0.00288183
         vertex -0.0109944 0.0497778 0.00288592
         vertex -0.0110207 0.0495343 0.00131071
      endloop
   endfacet
   facet normal -0.973613 0.0847665 -0.211876
      outer loop
         vertex -0.0108153 0.0494365 0.000677926
         vertex -0.0118453 0.0318685 0.00165294
         vertex -0.0118574 0.032093 0.001904
      endloop
   endfacet
   facet normal -0.998122 0.00432423 -0.0611051
      outer loop
         vertex -0.0118574 0.032093 0.001904
         vertex -0.0118814 0.0325405 0.00240442
         vertex -0.0108153 0.0494365 0.000677926
      endloop
   endfacet
   facet normal -0.973613 0.0847665 -0.211876
      outer loop
         vertex -0.0108153 0.0494365 0.000677926
         vertex -0.0118001 0.0309901 0.0011681
         vertex -0.0118076 0.0311367 0.00124899
      endloop
   endfacet
   facet normal -0.993959 0.00181773 -0.109735
      outer loop
         vertex -0.0118076 0.0311367 0.00124899
         vertex -0.0118453 0.0318685 0.00165294
         vertex -0.0108153 0.0494365 0.000677926
      endloop
   endfacet
   facet normal -0.988002 -0.00285783 -0.154415
      outer loop
         vertex -0.0117289 0.0297489 0.000652426
         vertex -0.0117789 0.03 0.001
         vertex -0.0118001 0.0309901 0.0011681
      endloop
   endfacet
   facet normal -0.988002 -0.00285783 -0.154415
      outer loop
         vertex -0.0117289 0.0297489 0.000652426
         vertex -0.0117817 0.0297487 0.00103213
         vertex -0.0117789 0.03 0.001
      endloop
   endfacet
   facet normal -0.993273 0.00137316 -0.115788
      outer loop
         vertex -0.0118001 0.0309901 0.0011681
         vertex -0.0108153 0.0494365 0.000677926
         vertex -0.0117289 0.0297489 0.000652426
      endloop
   endfacet
   facet normal -0.988002 -0.00285783 -0.154415
      outer loop
         vertex -0.0117289 0.0297489 0.000652426
         vertex -0.0108153 0.0494365 0.000677926
         vertex -0.0101411 0.0491154 -0.00139964
      endloop
   endfacet
   facet normal 0.988002 -0.00285783 -0.154415
      outer loop
         vertex 0.0117289 0.0297489 0.000652426
         vertex 0.0111538 0.0297499 -0.00149662
         vertex 0.0101561 0.0491179 -0.00138357
      endloop
   endfacet
   facet normal 0.915804 0.0829613 -0.392965
      outer loop
         vertex 0.0101561 0.0491179 -0.00138357
         vertex 0.0106229 0.0492597 -0.000466303
         vertex 0.0117289 0.0297489 0.000652426
      endloop
   endfacet
   facet normal 0.988002 -0.00285783 -0.154415
      outer loop
         vertex 0.0117289 0.0297489 0.000652426
         vertex 0.0117874 0.0305992 0.00106045
         vertex 0.0117835 0.0299987 0.00104081
      endloop
   endfacet
   facet normal 0.973609 0.0847836 -0.211889
      outer loop
         vertex 0.0107378 0.0494349 0.000667401
         vertex 0.0118094 0.0311332 0.00126673
         vertex 0.0117874 0.0305992 0.00106045
      endloop
   endfacet
   facet normal 0.973609 0.0847836 -0.211889
      outer loop
         vertex 0.0107378 0.0494349 0.000667401
         vertex 0.0118259 0.0315325 0.00142096
         vertex 0.0118094 0.0311332 0.00126673
      endloop
   endfacet
   facet normal 0.973609 0.0847836 -0.211889
      outer loop
         vertex 0.0107378 0.0494349 0.000667401
         vertex 0.0118704 0.0322985 0.00207211
         vertex 0.0118589 0.0321002 0.00190352
      endloop
   endfacet
   facet normal 0.973609 0.0847836 -0.211889
      outer loop
         vertex 0.0107378 0.0494349 0.000667401
         vertex 0.0109652 0.0497816 0.00291089
         vertex 0.0118818 0.0327719 0.00288187
      endloop
   endfacet
   facet normal 0.999936 0.00453651 0.0103402
      outer loop
         vertex 0.0118818 0.0327719 0.00288187
         vertex 0.0118815 0.0327588 0.00285944
         vertex 0.0107378 0.0494349 0.000667401
      endloop
   endfacet
   facet normal 0.999951 0.0045438 0.00875015
      outer loop
         vertex 0.0118815 0.0327588 0.00285944
         vertex 0.0118704 0.0322985 0.00207211
         vertex 0.0107378 0.0494349 0.000667401
      endloop
   endfacet
   facet normal 0.998119 0.00435724 -0.0611541
      outer loop
         vertex 0.0118589 0.0321002 0.00190352
         vertex 0.0118259 0.0315325 0.00142096
         vertex 0.0107378 0.0494349 0.000667401
      endloop
   endfacet
   facet normal 0.992357 -0.00010071 -0.123402
      outer loop
         vertex 0.0117874 0.0305992 0.00106045
         vertex 0.0117289 0.0297489 0.000652426
         vertex 0.0107378 0.0494349 0.000667401
      endloop
   endfacet
   facet normal 0.995447 0.0687423 0.0660282
      outer loop
         vertex 0.0111507 0.0500645 0.00474158
         vertex 0.0118244 0.0329881 0.00399835
         vertex 0.0118337 0.0329989 0.00392008
      endloop
   endfacet
   facet normal 0.995447 0.0687423 0.0660282
      outer loop
         vertex 0.0111507 0.0500645 0.00474158
         vertex 0.0117189 0.0328639 0.00489329
         vertex 0.0118244 0.0329881 0.00399835
      endloop
   endfacet
   facet normal 0.9965 0.00242032 0.0835561
      outer loop
         vertex 0.0118337 0.0329989 0.00392008
         vertex 0.0109652 0.0497816 0.00291089
         vertex 0.0111507 0.0500645 0.00474158
      endloop
   endfacet
   facet normal 0.967893 0.0529494 0.245724
      outer loop
         vertex 0.0105455 0.0504793 0.00742506
         vertex 0.0115559 0.0324173 0.00577666
         vertex 0.0116746 0.0327425 0.00513337
      endloop
   endfacet
   facet normal 0.986037 -0.00225967 0.166514
      outer loop
         vertex 0.0116746 0.0327425 0.00513337
         vertex 0.0117189 0.0328639 0.00489329
         vertex 0.0105455 0.0504793 0.00742506
      endloop
   endfacet
   facet normal 0.995447 0.0687423 0.0660282
      outer loop
         vertex 0.0111507 0.0500645 0.00474158
         vertex 0.0105455 0.0504793 0.00742506
         vertex 0.0117189 0.0328639 0.00489329
      endloop
   endfacet
   facet normal 0.967893 0.0529494 0.245724
      outer loop
         vertex 0.0105455 0.0504793 0.00742506
         vertex 0.0113817 0.0316868 0.00648084
         vertex 0.0114782 0.0320917 0.00609058
      endloop
   endfacet
   facet normal 0.97316 -0.00752018 0.230008
      outer loop
         vertex 0.0114782 0.0320917 0.00609058
         vertex 0.0115559 0.0324173 0.00577666
         vertex 0.0105455 0.0504793 0.00742506
      endloop
   endfacet
   facet normal 0.967893 0.0529494 0.245724
      outer loop
         vertex 0.0105455 0.0504793 0.00742506
         vertex 0.011251 0.0307512 0.00690442
         vertex 0.011304 0.0311304 0.00673274
      endloop
   endfacet
   facet normal 0.947772 -0.0194227 0.318358
      outer loop
         vertex 0.0110665 0.0297388 0.00743112
         vertex 0.0112097 0.03 0.007
         vertex 0.011251 0.0307512 0.00690442
      endloop
   endfacet
   facet normal 0.947772 -0.0194227 0.318358
      outer loop
         vertex 0.0110665 0.0297388 0.00743112
         vertex 0.0112174 0.0297399 0.00695705
         vertex 0.0112097 0.03 0.007
      endloop
   endfacet
   facet normal 0.95871 -0.0145955 0.284009
      outer loop
         vertex 0.011251 0.0307512 0.00690442
         vertex 0.0105455 0.0504793 0.00742506
         vertex 0.0110665 0.0297388 0.00743112
      endloop
   endfacet
   facet normal 0.962058 -0.0127921 0.272544
      outer loop
         vertex 0.011304 0.0311304 0.00673274
         vertex 0.0113817 0.0316868 0.00648084
         vertex 0.0105455 0.0504793 0.00742506
      endloop
   endfacet
   facet normal 0.9965 0.00242032 0.0835561
      outer loop
         vertex 0.0118337 0.0329989 0.00392008
         vertex 0.0118827 0.0328075 0.00294274
         vertex 0.0109652 0.0497816 0.00291089
      endloop
   endfacet
   facet normal 0.552201 -0.029468 0.83319
      outer loop
         vertex 0.00772485 0.029725 0.0122936
         vertex 0.00867225 0.0297277 0.0115474
         vertex 0.00875392 0.0510677 0.0112324
      endloop
   endfacet
   facet normal 0.409304 -0.0299193 0.911907
      outer loop
         vertex 0.00667918 0.0297224 0.0128698
         vertex 0.00772485 0.029725 0.0122936
         vertex 0.0076302 0.0512218 0.0122291
      endloop
   endfacet
   facet normal 0.530742 0.0398553 0.846596
      outer loop
         vertex 0.0076302 0.0512218 0.0122291
         vertex 0.00708175 0.0512577 0.0124614
         vertex 0.00667918 0.0297224 0.0128698
      endloop
   endfacet
   facet normal 0 0.0577542 0.998331
      outer loop
         vertex 5.55112e-17 0.0515 0.0140295
         vertex -8.13152e-20 0.008 0.0125
         vertex 0.00373821 0.00800319 0.0120741
      endloop
   endfacet
   facet normal 0.409304 -0.0299193 0.911907
      outer loop
         vertex 0.00667918 0.0297224 0.0128698
         vertex 0.00708175 0.0512577 0.0124614
         vertex 0.00535613 0.0513706 0.0131922
      endloop
   endfacet
   facet normal 0.224492 -0.10673 0.968614
      outer loop
         vertex 0.00476893 0.00800407 0.0119566
         vertex 0.0056892 0.0080126 0.0116215
         vertex 0.00667918 0.0297224 0.0128698
      endloop
   endfacet
   facet normal 0.409304 -0.0299193 0.911907
      outer loop
         vertex 0.00667918 0.0297224 0.0128698
         vertex 0.00490224 0.0513816 0.0132632
         vertex 0.00476893 0.00800407 0.0119566
      endloop
   endfacet
   facet normal 0.281428 0.0484495 0.958358
      outer loop
         vertex 0.00490224 0.0513816 0.0132632
         vertex 0.00373821 0.00800319 0.0120741
         vertex 0.00476893 0.00800407 0.0119566
      endloop
   endfacet
   facet normal 0.409304 -0.0299193 0.911907
      outer loop
         vertex 0.00667918 0.0297224 0.0128698
         vertex 0.0056892 0.0080126 0.0116215
         vertex 0.00685261 0.00802339 0.0111978
      endloop
   endfacet
   facet normal 0.552201 -0.029468 0.83319
      outer loop
         vertex 0.00772485 0.029725 0.0122936
         vertex 0.00685261 0.00802339 0.0111978
         vertex 0.00762915 0.00806083 0.0105307
      endloop
   endfacet
   facet normal 0.826952 0.0383044 0.560966
      outer loop
         vertex 0.00939683 0.0509483 0.0104598
         vertex 0.00917117 0.0510105 0.0108623
         vertex 0.00867225 0.0297277 0.0115474
      endloop
   endfacet
   facet normal 0.680833 -0.0283253 0.73189
      outer loop
         vertex 0.00867225 0.0297277 0.0115474
         vertex 0.00851207 0.0081034 0.00977232
         vertex 0.00939683 0.0509483 0.0104598
      endloop
   endfacet
   facet normal 0.781981 0.0375548 0.62217
      outer loop
         vertex 0.00917117 0.0510105 0.0108623
         vertex 0.00875392 0.0510677 0.0112324
         vertex 0.00867225 0.0297277 0.0115474
      endloop
   endfacet
   facet normal 0.780173 -0.0936419 0.618515
      outer loop
         vertex 0.00855058 0.00810526 0.00973924
         vertex 0.00906545 0.00820704 0.00878711
         vertex 0.00991259 0.0508061 0.00953961
      endloop
   endfacet
   facet normal 0.826952 0.0383044 0.560966
      outer loop
         vertex 0.00939683 0.0509483 0.0104598
         vertex 0.00851207 0.0081034 0.00977232
         vertex 0.00855058 0.00810526 0.00973924
      endloop
   endfacet
   facet normal 0.947772 -0.0194227 0.318358
      outer loop
         vertex 0.0110665 0.0297388 0.00743112
         vertex 0.0105455 0.0504793 0.00742506
         vertex 0.0101737 0.0507341 0.0090737
      endloop
   endfacet
   facet normal 0.930107 -0.092448 0.355464
      outer loop
         vertex 0.00973079 0.00833857 0.00755671
         vertex 0.00989519 0.00848833 0.00682931
         vertex 0.0110665 0.0297388 0.00743112
      endloop
   endfacet
   facet normal 0.910707 0.0415125 0.410961
      outer loop
         vertex 0.00991259 0.0508061 0.00953961
         vertex 0.00906545 0.00820704 0.00878711
         vertex 0.00973079 0.00833857 0.00755671
      endloop
   endfacet
   facet normal 0.947772 -0.0194227 0.318358
      outer loop
         vertex 0.0110665 0.0297388 0.00743112
         vertex 0.00991259 0.0508061 0.00953961
         vertex 0.00973079 0.00833857 0.00755671
      endloop
   endfacet
   facet normal 0.94676 -0.0932598 0.308138
      outer loop
         vertex 0.00989519 0.00848833 0.00682931
         vertex 0.0112602 0.0288639 0.00674921
         vertex 0.0112383 0.0290356 0.00684076
      endloop
   endfacet
   facet normal 0.94676 -0.0932598 0.308138
      outer loop
         vertex 0.00989519 0.00848833 0.00682931
         vertex 0.0113477 0.0281787 0.00638391
         vertex 0.0112602 0.0288639 0.00674921
      endloop
   endfacet
   facet normal 0.94676 -0.0932598 0.308138
      outer loop
         vertex 0.00989519 0.00848833 0.00682931
         vertex 0.011506 0.0275049 0.00566573
         vertex 0.0114115 0.0279072 0.00609452
      endloop
   endfacet
   facet normal 0.94676 -0.0932598 0.308138
      outer loop
         vertex 0.00989519 0.00848833 0.00682931
         vertex 0.0116703 0.027092 0.00473727
         vertex 0.0116006 0.0272671 0.00513085
      endloop
   endfacet
   facet normal 0.983369 -0.0239444 0.180035
      outer loop
         vertex 0.0116006 0.0272671 0.00513085
         vertex 0.011506 0.0275049 0.00566573
         vertex 0.00989519 0.00848833 0.00682931
      endloop
   endfacet
   facet normal 0.970374 -0.0233256 0.24048
      outer loop
         vertex 0.0114115 0.0279072 0.00609452
         vertex 0.0113477 0.0281787 0.00638391
         vertex 0.00989519 0.00848833 0.00682931
      endloop
   endfacet
   facet normal 0.994299 -0.022683 0.104186
      outer loop
         vertex 0.0117583 0.0270351 0.00399731
         vertex 0.010794 0.00930716 0.00285227
         vertex 0.010785 0.00933755 0.00276567
      endloop
   endfacet
   facet normal 0.994299 -0.022683 0.104186
      outer loop
         vertex 0.0117583 0.0270351 0.00399731
         vertex 0.00989519 0.00848833 0.00682931
         vertex 0.010794 0.00930716 0.00285227
      endloop
   endfacet
   facet normal 0.994705 -0.0969966 0.0339662
      outer loop
         vertex 0.010785 0.00933755 0.00276567
         vertex 0.0117917 0.0270134 0.00371627
         vertex 0.0117583 0.0270351 0.00399731
      endloop
   endfacet
   facet normal 0.994299 -0.022683 0.104186
      outer loop
         vertex 0.0117583 0.0270351 0.00399731
         vertex 0.0116703 0.027092 0.00473727
         vertex 0.00989519 0.00848833 0.00682931
      endloop
   endfacet
   facet normal 0.958546 -0.0206691 0.284187
      outer loop
         vertex 0.0112383 0.0290356 0.00684076
         vertex 0.0110665 0.0297388 0.00743112
         vertex 0.00989519 0.00848833 0.00682931
      endloop
   endfacet
   facet normal 0.994705 -0.0969966 0.0339662
      outer loop
         vertex 0.010785 0.00933755 0.00276567
         vertex 0.0118389 0.0272428 0.0028652
         vertex 0.0117917 0.0270134 0.00371627
      endloop
   endfacet
   facet normal 0.99954 -0.0194454 0.0232787
      outer loop
         vertex 0.0118389 0.0272428 0.0028652
         vertex 0.0105892 0.00999943 0.000879416
         vertex 0.0105673 0.0100733 0.000668905
      endloop
   endfacet
   facet normal 0.99954 -0.0194454 0.0232787
      outer loop
         vertex 0.0118389 0.0272428 0.0028652
         vertex 0.010785 0.00933755 0.00276567
         vertex 0.0105892 0.00999943 0.000879416
      endloop
   endfacet
   facet normal 0.989432 -0.0918268 -0.112212
      outer loop
         vertex 0.0105673 0.0100733 0.000668905
         vertex 0.0118456 0.0272752 0.00274481
         vertex 0.0118394 0.0272451 0.00285647
      endloop
   endfacet
   facet normal 0.989432 -0.0918268 -0.112212
      outer loop
         vertex 0.0105673 0.0100733 0.000668905
         vertex 0.0118075 0.0286331 0.00132951
         vertex 0.011839 0.0278847 0.00188675
      endloop
   endfacet
   facet normal 0.998563 -0.0143738 -0.0516287
      outer loop
         vertex 0.011839 0.0278847 0.00188675
         vertex 0.0118412 0.0278334 0.00192495
         vertex 0.0105673 0.0100733 0.000668905
      endloop
   endfacet
   facet normal 0.998712 -0.0146943 -0.0485677
      outer loop
         vertex 0.0118412 0.0278334 0.00192495
         vertex 0.0118456 0.0272752 0.00274481
         vertex 0.0105673 0.0100733 0.000668905
      endloop
   endfacet
   facet normal 0.988002 -0.00285783 -0.154415
      outer loop
         vertex 0.0117289 0.0297489 0.000652426
         vertex 0.0117809 0.0295941 0.00102759
         vertex 0.0118012 0.0288612 0.00125784
      endloop
   endfacet
   facet normal 0.994623 -0.00843064 -0.103217
      outer loop
         vertex 0.0118012 0.0288612 0.00125784
         vertex 0.0105673 0.0100733 0.000668905
         vertex 0.0117289 0.0297489 0.000652426
      endloop
   endfacet
   facet normal 0.994623 -0.00843064 -0.103217
      outer loop
         vertex 0.0118012 0.0288612 0.00125784
         vertex 0.0118075 0.0286331 0.00132951
         vertex 0.0105673 0.0100733 0.000668905
      endloop
   endfacet
   facet normal 0.988002 -0.00285783 -0.154415
      outer loop
         vertex 0.0117289 0.0297489 0.000652426
         vertex 0.0117819 0.0297487 0.00103264
         vertex 0.0117809 0.0295941 0.00102759
      endloop
   endfacet
   facet normal 0.988002 -0.00285783 -0.154415
      outer loop
         vertex 0.0117289 0.0297489 0.000652426
         vertex 0.0105673 0.0100733 0.000668905
         vertex 0.0103436 0.0108293 -0.00148549
      endloop
   endfacet
   facet normal 0.931233 0.00283521 -0.364413
      outer loop
         vertex 0.0111538 0.0297499 -0.00149662
         vertex 0.0103436 0.0108293 -0.00148549
         vertex 0.0103104 0.0109417 -0.00180603
      endloop
   endfacet
   facet normal 0.822105 0.0778028 -0.563995
      outer loop
         vertex 0.00916174 0.0488159 -0.00333793
         vertex 0.0101561 0.0491179 -0.00138357
         vertex 0.0111538 0.0297499 -0.00149662
      endloop
   endfacet
   facet normal 0.931233 0.00283521 -0.364413
      outer loop
         vertex 0.0111538 0.0297499 -0.00149662
         vertex 0.0093816 0.0117727 -0.00348006
         vertex 0.00916174 0.0488159 -0.00333793
      endloop
   endfacet
   facet normal 0.794103 0.077009 -0.602885
      outer loop
         vertex 0.0089114 0.0487398 -0.00382995
         vertex 0.00832326 0.0127197 -0.00538764
         vertex 0.00822151 0.0127744 -0.00547529
      endloop
   endfacet
   facet normal 0.794103 0.077009 -0.602885
      outer loop
         vertex 0.0089114 0.0487398 -0.00382995
         vertex 0.0093816 0.0117727 -0.00348006
         vertex 0.00832326 0.0127197 -0.00538764
      endloop
   endfacet
   facet normal 0.747842 -0.0459593 -0.662284
      outer loop
         vertex 0.00822151 0.0127744 -0.00547529
         vertex 0.00772836 0.0485621 -0.00497977
         vertex 0.0089114 0.0487398 -0.00382995
      endloop
   endfacet
   facet normal 0.567042 0.0836453 -0.819431
      outer loop
         vertex 0.00620157 0.0483328 -0.00646369
         vertex 0.00822151 0.0127744 -0.00547529
         vertex 0.00640917 0.0137485 -0.00703644
      endloop
   endfacet
   facet normal 0.603194 -0.0413439 -0.796522
      outer loop
         vertex 0.00640917 0.0137485 -0.00703644
         vertex 0.00612397 0.0483271 -0.00650021
         vertex 0.00620157 0.0483328 -0.00646369
      endloop
   endfacet
   facet normal 0.561085 0.0840551 -0.823479
      outer loop
         vertex 0.00612397 0.0483271 -0.00650021
         vertex 0.00533205 0.0143274 -0.00796427
         vertex 0.00443339 0.0146065 -0.00835437
      endloop
   endfacet
   facet normal 0.561085 0.0840551 -0.823479
      outer loop
         vertex 0.00612397 0.0483271 -0.00650021
         vertex 0.00640917 0.0137485 -0.00703644
         vertex 0.00533205 0.0143274 -0.00796427
      endloop
   endfacet
   facet normal 0.250861 0.10851 -0.961922
      outer loop
         vertex 0.00256315 0.0480682 -0.00817577
         vertex 0.00243051 0.0152286 -0.00922377
         vertex 0.00225084 0.0152472 -0.00924829
      endloop
   endfacet
   facet normal 0.234649 -0.0506287 -0.970761
      outer loop
         vertex 0.00225084 0.0152472 -0.00924829
         vertex 0.00212515 0.0480636 -0.00820516
         vertex 0.00256315 0.0480682 -0.00817577
      endloop
   endfacet
   facet normal 0.397688 0.0971028 -0.912368
      outer loop
         vertex 0.00412884 0.048182 -0.00743903
         vertex 0.00443339 0.0146065 -0.00835437
         vertex 0.00243051 0.0152286 -0.00922377
      endloop
   endfacet
   facet normal 0.210531 0.111217 -0.97124
      outer loop
         vertex 0.00212515 0.0480636 -0.00820516
         vertex 0.00225084 0.0152472 -0.00924829
         vertex -3.929e-07 0.0154799 -0.00955545
      endloop
   endfacet
   facet normal 0 0.1184 -0.992966
      outer loop
         vertex -1.11356e-05 0.0480415 -0.00834846
         vertex -3.929e-07 0.0154799 -0.00955545
         vertex -2.25672e-05 0.0154821 -0.00955848
      endloop
   endfacet
   facet normal -0.00258189 -0.0545489 -0.998508
      outer loop
         vertex -2.25672e-05 0.0154821 -0.00955848
         vertex -0.00210262 0.0480665 -0.00818635
         vertex -0.0012702 0.0480284 -0.00843292
      endloop
   endfacet
   facet normal -0.00258189 -0.0545489 -0.998508
      outer loop
         vertex -2.25672e-05 0.0154821 -0.00955848
         vertex -0.0012702 0.0480284 -0.00843292
         vertex -1.11356e-05 0.0480415 -0.00834846
      endloop
   endfacet
   facet normal -0.397798 0.0970133 -0.912329
      outer loop
         vertex -0.00419373 0.0481623 -0.00756694
         vertex -0.00210262 0.0480665 -0.00818635
         vertex -0.00225001 0.0152432 -0.00924291
      endloop
   endfacet
   facet normal -0.234639 -0.0506487 -0.970762
      outer loop
         vertex -0.00225001 0.0152432 -0.00924291
         vertex -0.00247944 0.0152186 -0.0092104
         vertex -0.00419373 0.0481623 -0.00756694
      endloop
   endfacet
   facet normal -0.415738 0.0954887 -0.904458
      outer loop
         vertex -0.00440952 0.0481721 -0.00750302
         vertex -0.00419373 0.0481623 -0.00756694
         vertex -0.00442571 0.0145979 -0.0083392
      endloop
   endfacet
   facet normal -0.521455 -0.0419045 -0.852249
      outer loop
         vertex -0.00550961 0.0142523 -0.00785402
         vertex -0.00605715 0.048342 -0.00640381
         vertex -0.00440952 0.0481721 -0.00750302
      endloop
   endfacet
   facet normal -0.434498 -0.044318 -0.899582
      outer loop
         vertex -0.00442571 0.0145979 -0.0083392
         vertex -0.00550961 0.0142523 -0.00785402
         vertex -0.00440952 0.0481721 -0.00750302
      endloop
   endfacet
   facet normal -0.664408 0.0784011 -0.743247
      outer loop
         vertex -0.00737015 0.0484774 -0.00552785
         vertex -0.00605715 0.048342 -0.00640381
         vertex -0.00640392 0.0137515 -0.00703721
      endloop
   endfacet
   facet normal -0.74785 -0.0459905 -0.662273
      outer loop
         vertex -0.00817099 0.0127619 -0.00542328
         vertex -0.0077605 0.0485544 -0.00502989
         vertex -0.00737015 0.0484774 -0.00552785
      endloop
   endfacet
   facet normal -0.822099 0.0778259 -0.564
      outer loop
         vertex -0.00912467 0.0488233 -0.00328964
         vertex -0.0077605 0.0485544 -0.00502989
         vertex -0.00817099 0.0127619 -0.00542328
      endloop
   endfacet
   facet normal -0.74785 -0.0459905 -0.662273
      outer loop
         vertex -0.00817099 0.0127619 -0.00542328
         vertex -0.00862478 0.0125078 -0.00500881
         vertex -0.00912467 0.0488233 -0.00328964
      endloop
   endfacet
   facet normal -0.822099 0.0778259 -0.564
      outer loop
         vertex -0.00912467 0.0488233 -0.00328964
         vertex -0.00937063 0.0117793 -0.00348536
         vertex -0.0111538 0.0297499 -0.00149662
      endloop
   endfacet
   facet normal -0.865319 -0.0592827 -0.497703
      outer loop
         vertex -0.00937063 0.0117793 -0.00348536
         vertex -0.0103576 0.0108154 -0.00146947
         vertex -0.0111538 0.0297499 -0.00149662
      endloop
   endfacet
   facet normal -0.931233 0.00283521 -0.364413
      outer loop
         vertex -0.0111538 0.0297499 -0.00149662
         vertex -0.0101411 0.0491154 -0.00139964
         vertex -0.0098124 0.0489589 -0.00241231
      endloop
   endfacet
   facet normal -0.988002 -0.00285783 -0.154415
      outer loop
         vertex -0.0117289 0.0297489 0.000652426
         vertex -0.0111538 0.0297499 -0.00149662
         vertex -0.0103576 0.0108154 -0.00146947
      endloop
   endfacet
   facet normal -0.949322 -0.0780336 -0.304465
      outer loop
         vertex -0.0103576 0.0108154 -0.00146947
         vertex -0.0104795 0.0106963 -0.00122046
         vertex -0.0117289 0.0297489 0.000652426
      endloop
   endfacet
   facet normal -0.989427 -0.0919437 -0.112167
      outer loop
         vertex -0.0106332 0.0100512 0.000659749
         vertex -0.0118009 0.0288688 0.00126577
         vertex -0.0117874 0.0292453 0.00109649
      endloop
   endfacet
   facet normal -0.989427 -0.0919437 -0.112167
      outer loop
         vertex -0.0106332 0.0100512 0.000659749
         vertex -0.0118204 0.028329 0.00150845
         vertex -0.0118009 0.0288688 0.00126577
      endloop
   endfacet
   facet normal -0.993105 -0.00628696 -0.117059
      outer loop
         vertex -0.0117874 0.0292453 0.00109649
         vertex -0.0117289 0.0297489 0.000652426
         vertex -0.0106332 0.0100512 0.000659749
      endloop
   endfacet
   facet normal -0.989427 -0.0919437 -0.112167
      outer loop
         vertex -0.0106332 0.0100512 0.000659749
         vertex -0.0118478 0.027607 0.00219073
         vertex -0.0118364 0.0279063 0.0019079
      endloop
   endfacet
   facet normal -0.999541 -0.0193929 0.0232552
      outer loop
         vertex -0.0118375 0.027255 0.00286547
         vertex -0.0106505 0.00997849 0.000871633
         vertex -0.010802 0.00934247 0.00272525
      endloop
   endfacet
   facet normal -0.989427 -0.0919437 -0.112167
      outer loop
         vertex -0.0106332 0.0100512 0.000659749
         vertex -0.0106505 0.00997849 0.000871633
         vertex -0.0118375 0.027255 0.00286547
      endloop
   endfacet
   facet normal -0.999541 -0.0193929 0.0232552
      outer loop
         vertex -0.0118375 0.027255 0.00286547
         vertex -0.0118478 0.027607 0.00219073
         vertex -0.0106332 0.0100512 0.000659749
      endloop
   endfacet
   facet normal -0.994792 -0.0969987 0.0313007
      outer loop
         vertex -0.010802 0.00934247 0.00272525
         vertex -0.0107943 0.0093343 0.00276325
         vertex -0.0118375 0.027255 0.00286547
      endloop
   endfacet
   facet normal -0.998643 -0.0143284 -0.0500677
      outer loop
         vertex -0.0118364 0.0279063 0.0019079
         vertex -0.0118204 0.028329 0.00150845
         vertex -0.0106332 0.0100512 0.000659749
      endloop
   endfacet
   facet normal -0.994703 -0.0970153 0.0339627
      outer loop
         vertex -0.0107943 0.0093343 0.00276325
         vertex -0.0118343 0.0271469 0.00307269
         vertex -0.0118375 0.0272549 0.00286577
      endloop
   endfacet
   facet normal -0.994703 -0.0970153 0.0339627
      outer loop
         vertex -0.0107943 0.0093343 0.00276325
         vertex -0.0117563 0.027001 0.00407579
         vertex -0.0117621 0.0270117 0.0040017
      endloop
   endfacet
   facet normal -0.946776 -0.0933675 0.308054
      outer loop
         vertex -0.00996335 0.00845607 0.00684446
         vertex -0.0116152 0.0272015 0.00508103
         vertex -0.0117563 0.027001 0.00407579
      endloop
   endfacet
   facet normal -0.946776 -0.0933675 0.308054
      outer loop
         vertex -0.00996335 0.00845607 0.00684446
         vertex -0.0114472 0.0277165 0.00594571
         vertex -0.0116033 0.027238 0.00514231
      endloop
   endfacet
   facet normal -0.946776 -0.0933675 0.308054
      outer loop
         vertex -0.00996335 0.00845607 0.00684446
         vertex -0.0113021 0.0284606 0.00657494
         vertex -0.0114119 0.0278977 0.00609889
      endloop
   endfacet
   facet normal -0.970306 -0.0233692 0.24075
      outer loop
         vertex -0.0114119 0.0278977 0.00609889
         vertex -0.0114472 0.0277165 0.00594571
         vertex -0.00996335 0.00845607 0.00684446
      endloop
   endfacet
   facet normal -0.947772 -0.0194227 0.318358
      outer loop
         vertex -0.0110665 0.0297388 0.00743112
         vertex -0.0112183 0.0293569 0.00693025
         vertex -0.0112642 0.0288662 0.00673573
      endloop
   endfacet
   facet normal -0.960307 -0.0210656 0.27815
      outer loop
         vertex -0.0112642 0.0288662 0.00673573
         vertex -0.00996335 0.00845607 0.00684446
         vertex -0.0110665 0.0297388 0.00743112
      endloop
   endfacet
   facet normal -0.960307 -0.0210656 0.27815
      outer loop
         vertex -0.0112642 0.0288662 0.00673573
         vertex -0.0113021 0.0284606 0.00657494
         vertex -0.00996335 0.00845607 0.00684446
      endloop
   endfacet
   facet normal -0.983228 -0.0240784 0.180783
      outer loop
         vertex -0.0116033 0.027238 0.00514231
         vertex -0.0116152 0.0272015 0.00508103
         vertex -0.00996335 0.00845607 0.00684446
      endloop
   endfacet
   facet normal -0.947772 -0.0194227 0.318358
      outer loop
         vertex -0.0110665 0.0297388 0.00743112
         vertex -0.0112197 0.0297399 0.00694958
         vertex -0.0112183 0.0293569 0.00693025
      endloop
   endfacet
   facet normal -0.993708 -0.0229782 0.109617
      outer loop
         vertex -0.0117563 0.027001 0.00407579
         vertex -0.0107943 0.0093343 0.00276325
         vertex -0.00996335 0.00845607 0.00684446
      endloop
   endfacet
   facet normal -0.994263 -0.0227875 0.104504
      outer loop
         vertex -0.0117621 0.0270117 0.0040017
         vertex -0.0118343 0.0271469 0.00307269
         vertex -0.0107943 0.0093343 0.00276325
      endloop
   endfacet
   facet normal -0.942386 -0.093124 0.321304
      outer loop
         vertex -0.00992187 0.00841222 0.00704821
         vertex -0.00995384 0.0508095 0.00956159
         vertex -0.0110665 0.0297388 0.00743112
      endloop
   endfacet
   facet normal -0.947772 -0.0194227 0.318358
      outer loop
         vertex -0.0110665 0.0297388 0.00743112
         vertex -0.00996335 0.00845607 0.00684446
         vertex -0.00992187 0.00841222 0.00704821
      endloop
   endfacet
   facet normal -0.947772 -0.0194227 0.318358
      outer loop
         vertex -0.0110665 0.0297388 0.00743112
         vertex -0.00995384 0.0508095 0.00956159
         vertex -0.0100133 0.0507955 0.00947085
      endloop
   endfacet
   facet normal -0.917918 0.0419681 0.394544
      outer loop
         vertex -0.0100133 0.0507955 0.00947085
         vertex -0.0106194 0.0504811 0.00743661
         vertex -0.0110665 0.0297388 0.00743112
      endloop
   endfacet
   facet normal -0.831525 -0.0927492 0.54769
      outer loop
         vertex -0.00886091 0.0081401 0.00931576
         vertex -0.00937676 0.0509455 0.0104417
         vertex -0.00995384 0.0508095 0.00956159
      endloop
   endfacet
   facet normal -0.910718 0.0415283 0.410936
      outer loop
         vertex -0.00995384 0.0508095 0.00956159
         vertex -0.00909818 0.00820095 0.00880866
         vertex -0.00886091 0.0081401 0.00931576
      endloop
   endfacet
   facet normal -0.826945 0.0382959 0.560977
      outer loop
         vertex -0.00937676 0.0509455 0.0104417
         vertex -0.00846793 0.00811192 0.00973201
         vertex -0.00867225 0.0297277 0.0115474
      endloop
   endfacet
   facet normal -0.680833 -0.0283253 0.73189
      outer loop
         vertex -0.00867225 0.0297277 0.0115474
         vertex -0.00878829 0.0510733 0.0112689
         vertex -0.00888052 0.0510625 0.0111985
      endloop
   endfacet
   facet normal -0.774773 -0.0937068 0.625257
      outer loop
         vertex -0.00846793 0.00811192 0.00973201
         vertex -0.00766647 0.00805446 0.0105809
         vertex -0.00867225 0.0297277 0.0115474
      endloop
   endfacet
   facet normal -0.552201 -0.029468 0.83319
      outer loop
         vertex -0.00772485 0.029725 0.0122936
         vertex -0.00867225 0.0297277 0.0115474
         vertex -0.00766647 0.00805446 0.0105809
      endloop
   endfacet
   facet normal -0.311745 -0.101762 0.944701
      outer loop
         vertex -0.00571568 0.00800917 0.0116976
         vertex -0.00667918 0.0297224 0.0128698
         vertex -0.00772485 0.029725 0.0122936
      endloop
   endfacet
   facet normal -0.303749 -0.101907 0.947286
      outer loop
         vertex -0.00567111 0.00800838 0.0117207
         vertex -0.00487892 0.0513759 0.0132266
         vertex -0.00667918 0.0297224 0.0128698
      endloop
   endfacet
   facet normal -0.409304 -0.0299193 0.911907
      outer loop
         vertex -0.00667918 0.0297224 0.0128698
         vertex -0.00571568 0.00800917 0.0116976
         vertex -0.00567111 0.00800838 0.0117207
      endloop
   endfacet
   facet normal -0.281431 0.0484359 0.958358
      outer loop
         vertex -0.00487892 0.0513759 0.0132266
         vertex -0.00710024 0.0512636 0.0124999
         vertex -0.00667918 0.0297224 0.0128698
      endloop
   endfacet
   facet normal 0 0.0577542 0.998331
      outer loop
         vertex 5.55112e-17 0.0515 0.0140295
         vertex -0.00350524 0.0514454 0.013676
         vertex -0.00289659 0.00800055 0.0123011
      endloop
   endfacet
   facet normal -0.135425 -0.118611 0.983662
      outer loop
         vertex -0.00289659 0.00800055 0.0123011
         vertex -0.00350524 0.0514454 0.013676
         vertex -0.00487892 0.0513759 0.0132266
      endloop
   endfacet
   facet normal -0.281431 0.0484359 0.958358
      outer loop
         vertex -0.00487892 0.0513759 0.0132266
         vertex -0.00373999 0.00800293 0.0121246
         vertex -0.00289659 0.00800055 0.0123011
      endloop
   endfacet
   facet normal -0.135425 -0.118611 0.983662
      outer loop
         vertex -0.00289659 0.00800055 0.0123011
         vertex -8.13152e-20 0.008 0.0125
         vertex 5.55112e-17 0.0515 0.0140295
      endloop
   endfacet
   facet normal -0.303749 -0.101907 0.947286
      outer loop
         vertex -0.00567111 0.00800838 0.0117207
         vertex -0.00373999 0.00800293 0.0121246
         vertex -0.00487892 0.0513759 0.0132266
      endloop
   endfacet
   facet normal -0.552201 -0.029468 0.83319
      outer loop
         vertex -0.00772485 0.029725 0.0122936
         vertex -0.00747084 0.00804044 0.0107881
         vertex -0.00571568 0.00800917 0.0116976
      endloop
   endfacet
   facet normal -0.639308 -0.0960581 0.762927
      outer loop
         vertex -0.00766647 0.00805446 0.0105809
         vertex -0.00747084 0.00804044 0.0107881
         vertex -0.00772485 0.029725 0.0122936
      endloop
   endfacet
   facet normal -0.680833 -0.0283253 0.73189
      outer loop
         vertex -0.00867225 0.0297277 0.0115474
         vertex -0.00888052 0.0510625 0.0111985
         vertex -0.00937676 0.0509455 0.0104417
      endloop
   endfacet
   facet normal -0.831525 -0.0927492 0.54769
      outer loop
         vertex -0.00886091 0.0081401 0.00931576
         vertex -0.00846793 0.00811192 0.00973201
         vertex -0.00937676 0.0509455 0.0104417
      endloop
   endfacet
   facet normal -0.942386 -0.093124 0.321304
      outer loop
         vertex -0.00992187 0.00841222 0.00704821
         vertex -0.00909818 0.00820095 0.00880866
         vertex -0.00995384 0.0508095 0.00956159
      endloop
   endfacet
   facet normal -0.999541 -0.0193939 0.0232903
      outer loop
         vertex -0.0118375 0.0272549 0.00286577
         vertex -0.0118375 0.027255 0.00286547
         vertex -0.0107943 0.0093343 0.00276325
      endloop
   endfacet
   facet normal -0.993105 -0.00628696 -0.117059
      outer loop
         vertex -0.0117874 0.0292453 0.00109649
         vertex -0.0117817 0.0297487 0.00103213
         vertex -0.0117289 0.0297489 0.000652426
      endloop
   endfacet
   facet normal -0.957101 -0.0803972 -0.278378
      outer loop
         vertex -0.0104795 0.0106963 -0.00122046
         vertex -0.0106332 0.0100512 0.000659749
         vertex -0.0117289 0.0297489 0.000652426
      endloop
   endfacet
   facet normal -0.931233 0.00283521 -0.364413
      outer loop
         vertex -0.0111538 0.0297499 -0.00149662
         vertex -0.0098124 0.0489589 -0.00241231
         vertex -0.00912467 0.0488233 -0.00328964
      endloop
   endfacet
   facet normal -0.781264 -0.0486766 -0.6223
      outer loop
         vertex -0.00862478 0.0125078 -0.00500881
         vertex -0.00937063 0.0117793 -0.00348536
         vertex -0.00912467 0.0488233 -0.00328964
      endloop
   endfacet
   facet normal -0.603197 -0.0413325 -0.796521
      outer loop
         vertex -0.00640392 0.0137515 -0.00703721
         vertex -0.00817099 0.0127619 -0.00542328
         vertex -0.00737015 0.0484774 -0.00552785
      endloop
   endfacet
   facet normal -0.521455 -0.0419045 -0.852249
      outer loop
         vertex -0.00550961 0.0142523 -0.00785402
         vertex -0.00640392 0.0137515 -0.00703721
         vertex -0.00605715 0.048342 -0.00640381
      endloop
   endfacet
   facet normal -0.256093 -0.0498883 -0.965364
      outer loop
         vertex -0.00247944 0.0152186 -0.0092104
         vertex -0.00442571 0.0145979 -0.0083392
         vertex -0.00419373 0.0481623 -0.00756694
      endloop
   endfacet
   facet normal -0.00258189 -0.0545489 -0.998508
      outer loop
         vertex -2.25672e-05 0.0154821 -0.00955848
         vertex -0.00225001 0.0152432 -0.00924291
         vertex -0.00210262 0.0480665 -0.00818635
      endloop
   endfacet
   facet normal 0 -0.0545621 -0.99851
      outer loop
         vertex -3.929e-07 0.0154799 -0.00955545
         vertex -1.11356e-05 0.0480415 -0.00834846
         vertex 0.00212515 0.0480636 -0.00820516
      endloop
   endfacet
   facet normal 0.250861 0.10851 -0.961922
      outer loop
         vertex 0.00256315 0.0480682 -0.00817577
         vertex 0.00412884 0.048182 -0.00743903
         vertex 0.00243051 0.0152286 -0.00922377
      endloop
   endfacet
   facet normal 0.43452 -0.0442799 -0.899573
      outer loop
         vertex 0.00443339 0.0146065 -0.00835437
         vertex 0.00412884 0.048182 -0.00743903
         vertex 0.00612397 0.0483271 -0.00650021
      endloop
   endfacet
   facet normal 0.567042 0.0836453 -0.819431
      outer loop
         vertex 0.00620157 0.0483328 -0.00646369
         vertex 0.00772836 0.0485621 -0.00497977
         vertex 0.00822151 0.0127744 -0.00547529
      endloop
   endfacet
   facet normal 0.794103 0.077009 -0.602885
      outer loop
         vertex 0.0089114 0.0487398 -0.00382995
         vertex 0.00916174 0.0488159 -0.00333793
         vertex 0.0093816 0.0117727 -0.00348006
      endloop
   endfacet
   facet normal 0.939432 -0.0753052 -0.334359
      outer loop
         vertex 0.0103104 0.0109417 -0.00180603
         vertex 0.0093816 0.0117727 -0.00348006
         vertex 0.0111538 0.0297499 -0.00149662
      endloop
   endfacet
   facet normal 0.94931 -0.0779844 -0.304514
      outer loop
         vertex 0.0103436 0.0108293 -0.00148549
         vertex 0.0111538 0.0297499 -0.00149662
         vertex 0.0117289 0.0297489 0.000652426
      endloop
   endfacet
   facet normal 0.989432 -0.0918268 -0.112212
      outer loop
         vertex 0.0105673 0.0100733 0.000668905
         vertex 0.0118394 0.0272451 0.00285647
         vertex 0.0118389 0.0272428 0.0028652
      endloop
   endfacet
   facet normal 0.958546 -0.0206691 0.284187
      outer loop
         vertex 0.0112383 0.0290356 0.00684076
         vertex 0.0112174 0.0297399 0.00695705
         vertex 0.0110665 0.0297388 0.00743112
      endloop
   endfacet
   facet normal 0.935131 0.0439143 0.35157
      outer loop
         vertex 0.0101737 0.0507341 0.0090737
         vertex 0.00991259 0.0508061 0.00953961
         vertex 0.0110665 0.0297388 0.00743112
      endloop
   endfacet
   facet normal 0.910707 0.0415125 0.410961
      outer loop
         vertex 0.00991259 0.0508061 0.00953961
         vertex 0.00939683 0.0509483 0.0104598
         vertex 0.00855058 0.00810526 0.00973924
      endloop
   endfacet
   facet normal 0.680833 -0.0283253 0.73189
      outer loop
         vertex 0.00867225 0.0297277 0.0115474
         vertex 0.00762915 0.00806083 0.0105307
         vertex 0.00851207 0.0081034 0.00977232
      endloop
   endfacet
   facet normal 0.639323 -0.0960376 0.762917
      outer loop
         vertex 0.00762915 0.00806083 0.0105307
         vertex 0.00867225 0.0297277 0.0115474
         vertex 0.00772485 0.029725 0.0122936
      endloop
   endfacet
   facet normal 0.499693 -0.0984786 0.860587
      outer loop
         vertex 0.00685261 0.00802339 0.0111978
         vertex 0.00772485 0.029725 0.0122936
         vertex 0.00667918 0.0297224 0.0128698
      endloop
   endfacet
   facet normal 0.30618 0.0473081 0.950797
      outer loop
         vertex 0.00535613 0.0513706 0.0131922
         vertex 0.00490224 0.0513816 0.0132632
         vertex 0.00667918 0.0297224 0.0128698
      endloop
   endfacet
   facet normal 0.175671 -0.113409 0.977895
      outer loop
         vertex 0.00373821 0.00800319 0.0120741
         vertex 0.00490224 0.0513816 0.0132632
         vertex 5.55112e-17 0.0515 0.0140295
      endloop
   endfacet
   facet normal 0.721596 0.0372273 0.691313
      outer loop
         vertex 0.00875392 0.0510677 0.0112324
         vertex 0.0076302 0.0512218 0.0122291
         vertex 0.00772485 0.029725 0.0122936
      endloop
   endfacet
   facet normal 0.999882 0.00451199 0.0146844
      outer loop
         vertex 0.0118827 0.0328075 0.00294274
         vertex 0.0118818 0.0327719 0.00288187
         vertex 0.0109652 0.0497816 0.00291089
      endloop
   endfacet
   facet normal 0.992348 -0.00275098 -0.123445
      outer loop
         vertex 0.0117835 0.0299987 0.00104081
         vertex 0.0117819 0.0297487 0.00103264
         vertex 0.0117289 0.0297489 0.000652426
      endloop
   endfacet
   facet normal 0.949426 0.0849478 -0.302281
      outer loop
         vertex 0.0106229 0.0492597 -0.000466303
         vertex 0.0107378 0.0494349 0.000667401
         vertex 0.0117289 0.0297489 0.000652426
      endloop
   endfacet
   facet normal -0.915804 0.0829595 -0.392964
      outer loop
         vertex -0.0101411 0.0491154 -0.00139964
         vertex -0.0111538 0.0297499 -0.00149662
         vertex -0.0117289 0.0297489 0.000652426
      endloop
   endfacet
   facet normal -0.999936 0.0043918 0.0104317
      outer loop
         vertex -0.0118761 0.0327381 0.00288183
         vertex -0.0110207 0.0495343 0.00131071
         vertex -0.0108153 0.0494365 0.000677926
      endloop
   endfacet
   facet normal -0.957047 -0.0174419 0.289406
      outer loop
         vertex -0.0112206 0.0300019 0.00696281
         vertex -0.0112197 0.0297399 0.00694958
         vertex -0.0110665 0.0297388 0.00743112
      endloop
   endfacet
   facet normal -0.464829 0.041593 0.884423
      outer loop
         vertex -0.00723084 0.051257 0.0124572
         vertex -0.00772485 0.029725 0.0122936
         vertex -0.00667918 0.0297224 0.0128698
      endloop
   endfacet
   facet normal 0 2.44929e-16 1
      outer loop
         vertex -0.0101 0.03 0.001
         vertex -0.0117817 0.0297487 0.00103213
         vertex -0.0117874 0.0292453 0.00109649
      endloop
   endfacet
   facet normal 0 2.44929e-16 1
      outer loop
         vertex -0.0101 0.03 0.001
         vertex -0.0117789 0.03 0.001
         vertex -0.0117817 0.0297487 0.00103213
      endloop
   endfacet
   facet normal 0 0.251577 0.967837
      outer loop
         vertex -0.0117874 0.0292453 0.00109649
         vertex -0.0101 0.0288519 0.00122836
         vertex -0.0101 0.03 0.001
      endloop
   endfacet
   facet normal 0 0.382683 0.92388
      outer loop
         vertex -0.0101 0.0288519 0.00122836
         vertex -0.0118009 0.0288688 0.00126577
         vertex -0.0118204 0.028329 0.00150845
      endloop
   endfacet
   facet normal 0 0.556993 0.830517
      outer loop
         vertex -0.0118204 0.028329 0.00150845
         vertex -0.0101 0.0278787 0.00187868
         vertex -0.0101 0.0288519 0.00122836
      endloop
   endfacet
   facet normal 0 0.92388 0.382683
      outer loop
         vertex -0.0101 0.0272284 0.00285195
         vertex -0.0101 0.0278787 0.00187868
         vertex -0.0118478 0.027607 0.00219073
      endloop
   endfacet
   facet normal 0 0.707107 0.707107
      outer loop
         vertex -0.0101 0.0278787 0.00187868
         vertex -0.0118364 0.0279063 0.0019079
         vertex -0.0118478 0.027607 0.00219073
      endloop
   endfacet
   facet normal 0 0.797674 0.603089
      outer loop
         vertex -0.0118478 0.027607 0.00219073
         vertex -0.0118375 0.027255 0.00286547
         vertex -0.0101 0.0272284 0.00285195
      endloop
   endfacet
   facet normal 0 0.92388 0.382683
      outer loop
         vertex -0.0101 0.0272284 0.00285195
         vertex -0.0118343 0.0271469 0.00307269
         vertex -0.0117621 0.0270117 0.0040017
      endloop
   endfacet
   facet normal 0 0.92388 0.382683
      outer loop
         vertex -0.0101 0.0272284 0.00285195
         vertex -0.0118375 0.0272549 0.00286577
         vertex -0.0118343 0.0271469 0.00307269
      endloop
   endfacet
   facet normal 0 1 -1.83697e-16
      outer loop
         vertex -0.0101 0.027 0.004
         vertex -0.0117563 0.027001 0.00407579
         vertex -0.0116152 0.0272015 0.00508103
      endloop
   endfacet
   facet normal 0 1 -1.83697e-16
      outer loop
         vertex -0.0101 0.027 0.004
         vertex -0.0117621 0.0270117 0.0040017
         vertex -0.0117563 0.027001 0.00407579
      endloop
   endfacet
   facet normal 0 0.932819 -0.360345
      outer loop
         vertex -0.0116152 0.0272015 0.00508103
         vertex -0.0101 0.0272284 0.00514805
         vertex -0.0101 0.027 0.004
      endloop
   endfacet
   facet normal 0 0.92388 -0.382683
      outer loop
         vertex -0.0101 0.0272284 0.00514805
         vertex -0.0116033 0.027238 0.00514231
         vertex -0.0114472 0.0277165 0.00594571
      endloop
   endfacet
   facet normal 0 0.761156 -0.648569
      outer loop
         vertex -0.0114472 0.0277165 0.00594571
         vertex -0.0101 0.0278787 0.00612132
         vertex -0.0101 0.0272284 0.00514805
      endloop
   endfacet
   facet normal 0 0.382683 -0.92388
      outer loop
         vertex -0.0101 0.0288519 0.00677164
         vertex -0.0101 0.0278787 0.00612132
         vertex -0.0113021 0.0284606 0.00657494
      endloop
   endfacet
   facet normal 0 0.707107 -0.707107
      outer loop
         vertex -0.0101 0.0278787 0.00612132
         vertex -0.0114119 0.0278977 0.00609889
         vertex -0.0113021 0.0284606 0.00657494
      endloop
   endfacet
   facet normal 0 -1.22465e-16 -1
      outer loop
         vertex -0.0101 0.03 0.007
         vertex -0.0101 0.0288519 0.00677164
         vertex -0.0112183 0.0293569 0.00693025
      endloop
   endfacet
   facet normal 0 0.214381 -0.97675
      outer loop
         vertex -0.0112183 0.0293569 0.00693025
         vertex -0.0112197 0.0297399 0.00694958
         vertex -0.0101 0.03 0.007
      endloop
   endfacet
   facet normal 0 0.382683 -0.92388
      outer loop
         vertex -0.0101 0.0288519 0.00677164
         vertex -0.0112642 0.0288662 0.00673573
         vertex -0.0112183 0.0293569 0.00693025
      endloop
   endfacet
   facet normal 0 -0.382683 -0.92388
      outer loop
         vertex -0.0101 0.0311481 0.00677164
         vertex -0.0101 0.03 0.007
         vertex -0.0112218 0.0303448 0.00698012
      endloop
   endfacet
   facet normal 0 -1.22465e-16 -1
      outer loop
         vertex -0.0101 0.03 0.007
         vertex -0.0112206 0.0300019 0.00696281
         vertex -0.0112218 0.0303448 0.00698012
      endloop
   endfacet
   facet normal 0 -0.707107 -0.707107
      outer loop
         vertex -0.0101 0.0321213 0.00612132
         vertex -0.0101 0.0311481 0.00677164
         vertex -0.0113203 0.0313251 0.00669149
      endloop
   endfacet
   facet normal 0 -0.382683 -0.92388
      outer loop
         vertex -0.0101 0.0311481 0.00677164
         vertex -0.0113017 0.0311405 0.00674586
         vertex -0.0113203 0.0313251 0.00669149
      endloop
   endfacet
   facet normal 0 -0.92388 -0.382683
      outer loop
         vertex -0.0101 0.0327716 0.00514805
         vertex -0.0101 0.0321213 0.00612132
         vertex -0.0114838 0.0321525 0.00608964
      endloop
   endfacet
   facet normal 0 -0.717512 -0.696546
      outer loop
         vertex -0.0114838 0.0321525 0.00608964
         vertex -0.011657 0.0327194 0.00526693
         vertex -0.0101 0.0327716 0.00514805
      endloop
   endfacet
   facet normal 0 -0.707107 -0.707107
      outer loop
         vertex -0.0101 0.0321213 0.00612132
         vertex -0.0114767 0.032117 0.00611545
         vertex -0.0114838 0.0321525 0.00608964
      endloop
   endfacet
   facet normal 0 -1 6.12323e-17
      outer loop
         vertex -0.0101 0.033 0.004
         vertex -0.0101 0.0327716 0.00514805
         vertex -0.011675 0.0327538 0.00514308
      endloop
   endfacet
   facet normal 0 -0.923594 -0.383371
      outer loop
         vertex -0.011675 0.0327538 0.00514308
         vertex -0.0117945 0.0329828 0.00432045
         vertex -0.0101 0.033 0.004
      endloop
   endfacet
   facet normal 0 -1 6.12323e-17
      outer loop
         vertex -0.0101 0.033 0.004
         vertex -0.0118192 0.0329642 0.0040021
         vertex -0.011871 0.0329249 0.00333311
      endloop
   endfacet
   facet normal 0 -0.974979 0.222298
      outer loop
         vertex -0.011871 0.0329249 0.00333311
         vertex -0.0101 0.0327716 0.00285195
         vertex -0.0101 0.033 0.004
      endloop
   endfacet
   facet normal 0 -0.974979 0.222298
      outer loop
         vertex -0.011871 0.0329249 0.00333311
         vertex -0.0118761 0.0327381 0.00288183
         vertex -0.0101 0.0327716 0.00285195
      endloop
   endfacet
   facet normal 0 -0.707107 0.707107
      outer loop
         vertex -0.0101 0.0321213 0.00187868
         vertex -0.0101 0.0327716 0.00285195
         vertex -0.0118814 0.0325405 0.00240442
      endloop
   endfacet
   facet normal 0 -0.92388 0.382683
      outer loop
         vertex -0.0101 0.0327716 0.00285195
         vertex -0.0118762 0.0327325 0.00286816
         vertex -0.0118814 0.0325405 0.00240442
      endloop
   endfacet
   facet normal 0 -0.382683 0.92388
      outer loop
         vertex -0.0101 0.0311481 0.00122836
         vertex -0.0101 0.0321213 0.00187868
         vertex -0.0118453 0.0318685 0.00165294
      endloop
   endfacet
   facet normal 0 -0.707107 0.707107
      outer loop
         vertex -0.0101 0.0321213 0.00187868
         vertex -0.0118574 0.032093 0.001904
         vertex -0.0118453 0.0318685 0.00165294
      endloop
   endfacet
   facet normal 0 2.44929e-16 1
      outer loop
         vertex -0.0101 0.03 0.001
         vertex -0.0101 0.0311481 0.00122836
         vertex -0.0118001 0.0309901 0.0011681
      endloop
   endfacet
   facet normal 0 -0.382683 0.92388
      outer loop
         vertex -0.0101 0.0311481 0.00122836
         vertex -0.0118076 0.0311367 0.00124899
         vertex -0.0118001 0.0309901 0.0011681
      endloop
   endfacet
   facet normal 0 -0.330042 0.943966
      outer loop
         vertex -0.0118001 0.0309901 0.0011681
         vertex -0.0117789 0.03 0.001
         vertex -0.0101 0.03 0.001
      endloop
   endfacet
   facet normal 0 -0.622836 0.782352
      outer loop
         vertex -0.0118453 0.0318685 0.00165294
         vertex -0.0118076 0.0311367 0.00124899
         vertex -0.0101 0.0311481 0.00122836
      endloop
   endfacet
   facet normal 0 -0.846832 0.531861
      outer loop
         vertex -0.0118814 0.0325405 0.00240442
         vertex -0.0118574 0.032093 0.001904
         vertex -0.0101 0.0321213 0.00187868
      endloop
   endfacet
   facet normal 0 -0.925781 0.37806
      outer loop
         vertex -0.0118761 0.0327381 0.00288183
         vertex -0.0118762 0.0327325 0.00286816
         vertex -0.0101 0.0327716 0.00285195
      endloop
   endfacet
   facet normal 0 -0.994279 -0.106815
      outer loop
         vertex -0.0117945 0.0329828 0.00432045
         vertex -0.0118192 0.0329642 0.0040021
         vertex -0.0101 0.033 0.004
      endloop
   endfacet
   facet normal 0 -0.906451 -0.422311
      outer loop
         vertex -0.011657 0.0327194 0.00526693
         vertex -0.011675 0.0327538 0.00514308
         vertex -0.0101 0.0327716 0.00514805
      endloop
   endfacet
   facet normal 0 -0.441699 -0.897163
      outer loop
         vertex -0.0113203 0.0313251 0.00669149
         vertex -0.0114767 0.032117 0.00611545
         vertex -0.0101 0.0321213 0.00612132
      endloop
   endfacet
   facet normal 0 -0.114946 -0.993372
      outer loop
         vertex -0.0112218 0.0303448 0.00698012
         vertex -0.0113017 0.0311405 0.00674586
         vertex -0.0101 0.0311481 0.00677164
      endloop
   endfacet
   facet normal 0 0.0878352 -0.996135
      outer loop
         vertex -0.0112197 0.0297399 0.00694958
         vertex -0.0112206 0.0300019 0.00696281
         vertex -0.0101 0.03 0.007
      endloop
   endfacet
   facet normal 0 0.513124 -0.858315
      outer loop
         vertex -0.0113021 0.0284606 0.00657494
         vertex -0.0112642 0.0288662 0.00673573
         vertex -0.0101 0.0288519 0.00677164
      endloop
   endfacet
   facet normal 0 0.761156 -0.648569
      outer loop
         vertex -0.0114472 0.0277165 0.00594571
         vertex -0.0114119 0.0278977 0.00609889
         vertex -0.0101 0.0278787 0.00612132
      endloop
   endfacet
   facet normal 0 0.932819 -0.360345
      outer loop
         vertex -0.0116152 0.0272015 0.00508103
         vertex -0.0116033 0.027238 0.00514231
         vertex -0.0101 0.0272284 0.00514805
      endloop
   endfacet
   facet normal 0 1 -0.000570379
      outer loop
         vertex -0.0117621 0.0270117 0.0040017
         vertex -0.0101 0.027 0.004
         vertex -0.0101 0.0272284 0.00285195
      endloop
   endfacet
   facet normal 0 0.924175 0.381969
      outer loop
         vertex -0.0118375 0.027255 0.00286547
         vertex -0.0118375 0.0272549 0.00286577
         vertex -0.0101 0.0272284 0.00285195
      endloop
   endfacet
   facet normal 0 0.556993 0.830517
      outer loop
         vertex -0.0118204 0.028329 0.00150845
         vertex -0.0118364 0.0279063 0.0019079
         vertex -0.0101 0.0278787 0.00187868
      endloop
   endfacet
   facet normal 0 0.251577 0.967837
      outer loop
         vertex -0.0117874 0.0292453 0.00109649
         vertex -0.0118009 0.0288688 0.00126577
         vertex -0.0101 0.0288519 0.00122836
      endloop
   endfacet
   facet normal -1 0 0
      outer loop
         vertex -0.0101 0.03 0.007
         vertex -0.0101 0.0311481 0.00677164
         vertex -0.0101 0.0304784 0.00515485
      endloop
   endfacet
   facet normal -1 0 0
      outer loop
         vertex -0.0101 0.0311481 0.00677164
         vertex -0.0101 0.0321213 0.00612132
         vertex -0.0101 0.0308839 0.00488388
      endloop
   endfacet
   facet normal -1 0 0
      outer loop
         vertex -0.0101 0.0308839 0.00488388
         vertex -0.0101 0.0304784 0.00515485
         vertex -0.0101 0.0311481 0.00677164
      endloop
   endfacet
   facet normal -1 0 0
      outer loop
         vertex -0.0101 0.0321213 0.00612132
         vertex -0.0101 0.0327716 0.00514805
         vertex -0.0101 0.0311548 0.00447835
      endloop
   endfacet
   facet normal -1 0 0
      outer loop
         vertex -0.0101 0.0311481 0.00122836
         vertex -0.0101 0.0304784 0.00284515
         vertex -0.0101 0.0308839 0.00311612
      endloop
   endfacet
   facet normal -1 0 0
      outer loop
         vertex -0.0101 0.03 0.001
         vertex -0.0101 0.03 0.00275
         vertex -0.0101 0.0304784 0.00284515
      endloop
   endfacet
   facet normal -1 0 0
      outer loop
         vertex -0.0101 0.0311548 0.00447835
         vertex -0.0101 0.0308839 0.00488388
         vertex -0.0101 0.0321213 0.00612132
      endloop
   endfacet
   facet normal -1 0 0
      outer loop
         vertex -0.0101 0.0327716 0.00514805
         vertex -0.0101 0.033 0.004
         vertex -0.0101 0.03125 0.004
      endloop
   endfacet
   facet normal -1 0 0
      outer loop
         vertex -0.0101 0.0321213 0.00187868
         vertex -0.0101 0.0308839 0.00311612
         vertex -0.0101 0.0311548 0.00352165
      endloop
   endfacet
   facet normal -1 0 0
      outer loop
         vertex -0.0101 0.0304784 0.00284515
         vertex -0.0101 0.0311481 0.00122836
         vertex -0.0101 0.03 0.001
      endloop
   endfacet
   facet normal -1 0 0
      outer loop
         vertex -0.0101 0.03 0.001
         vertex -0.0101 0.0288519 0.00122836
         vertex -0.0101 0.0295216 0.00284515
      endloop
   endfacet
   facet normal -1 0 0
      outer loop
         vertex -0.0101 0.0288519 0.00122836
         vertex -0.0101 0.0278787 0.00187868
         vertex -0.0101 0.0291161 0.00311612
      endloop
   endfacet
   facet normal -1 0 0
      outer loop
         vertex -0.0101 0.03125 0.004
         vertex -0.0101 0.0311548 0.00447835
         vertex -0.0101 0.0327716 0.00514805
      endloop
   endfacet
   facet normal -1 0 0
      outer loop
         vertex -0.0101 0.0327716 0.00285195
         vertex -0.0101 0.0311548 0.00352165
         vertex -0.0101 0.03125 0.004
      endloop
   endfacet
   facet normal -1 0 0
      outer loop
         vertex -0.0101 0.0308839 0.00311612
         vertex -0.0101 0.0321213 0.00187868
         vertex -0.0101 0.0311481 0.00122836
      endloop
   endfacet
   facet normal -1 0 0
      outer loop
         vertex -0.0101 0.0291161 0.00311612
         vertex -0.0101 0.0295216 0.00284515
         vertex -0.0101 0.0288519 0.00122836
      endloop
   endfacet
   facet normal -1 0 0
      outer loop
         vertex -0.0101 0.0278787 0.00612132
         vertex -0.0101 0.0291161 0.00488388
         vertex -0.0101 0.0288452 0.00447835
      endloop
   endfacet
   facet normal -1 0 0
      outer loop
         vertex -0.0101 0.0278787 0.00612132
         vertex -0.0101 0.0288519 0.00677164
         vertex -0.0101 0.0295216 0.00515485
      endloop
   endfacet
   facet normal -1 0 0
      outer loop
         vertex -0.0101 0.03125 0.004
         vertex -0.0101 0.033 0.004
         vertex -0.0101 0.0327716 0.00285195
      endloop
   endfacet
   facet normal -1 0 0
      outer loop
         vertex -0.0101 0.0295216 0.00284515
         vertex -0.0101 0.03 0.00275
         vertex -0.0101 0.03 0.001
      endloop
   endfacet
   facet normal -1 0 0
      outer loop
         vertex -0.0101 0.0272284 0.00285195
         vertex -0.0101 0.0288452 0.00352165
         vertex -0.0101 0.0291161 0.00311612
      endloop
   endfacet
   facet normal -1 0 0
      outer loop
         vertex -0.0101 0.0272284 0.00285195
         vertex -0.0101 0.027 0.004
         vertex -0.0101 0.02875 0.004
      endloop
   endfacet
   facet normal -1 0 0
      outer loop
         vertex -0.0101 0.0272284 0.00514805
         vertex -0.0101 0.0288452 0.00447835
         vertex -0.0101 0.02875 0.004
      endloop
   endfacet
   facet normal -1 0 0
      outer loop
         vertex -0.0101 0.0295216 0.00515485
         vertex -0.0101 0.0291161 0.00488388
         vertex -0.0101 0.0278787 0.00612132
      endloop
   endfacet
   facet normal -1 0 0
      outer loop
         vertex -0.0101 0.0311548 0.00352165
         vertex -0.0101 0.0327716 0.00285195
         vertex -0.0101 0.0321213 0.00187868
      endloop
   endfacet
   facet normal -1 0 0
      outer loop
         vertex -0.0101 0.02875 0.004
         vertex -0.0101 0.0288452 0.00352165
         vertex -0.0101 0.0272284 0.00285195
      endloop
   endfacet
   facet normal -1 0 0
      outer loop
         vertex -0.0101 0.0288452 0.00447835
         vertex -0.0101 0.0272284 0.00514805
         vertex -0.0101 0.0278787 0.00612132
      endloop
   endfacet
   facet normal -1 0 0
      outer loop
         vertex -0.0101 0.0288519 0.00677164
         vertex -0.0101 0.03 0.007
         vertex -0.0101 0.03 0.00525
      endloop
   endfacet
   facet normal -1 0 0
      outer loop
         vertex -0.0101 0.0291161 0.00311612
         vertex -0.0101 0.0278787 0.00187868
         vertex -0.0101 0.0272284 0.00285195
      endloop
   endfacet
   facet normal -1 0 0
      outer loop
         vertex -0.0101 0.03 0.00525
         vertex -0.0101 0.0295216 0.00515485
         vertex -0.0101 0.0288519 0.00677164
      endloop
   endfacet
   facet normal -1 0 0
      outer loop
         vertex -0.0101 0.02875 0.004
         vertex -0.0101 0.027 0.004
         vertex -0.0101 0.0272284 0.00514805
      endloop
   endfacet
   facet normal -1 0 0
      outer loop
         vertex -0.0101 0.0304784 0.00515485
         vertex -0.0101 0.03 0.00525
         vertex -0.0101 0.03 0.007
      endloop
   endfacet
   facet normal 0 0.382683 0.92388
      outer loop
         vertex -0.0082 0.0295216 0.00284515
         vertex -0.0082 0.03 0.00275
         vertex -0.0101 0.03 0.00275
      endloop
   endfacet
   facet normal 0 0.707107 0.707107
      outer loop
         vertex -0.0082 0.0291161 0.00311612
         vertex -0.0082 0.0295216 0.00284515
         vertex -0.0101 0.0295216 0.00284515
      endloop
   endfacet
   facet normal 0 0.92388 0.382683
      outer loop
         vertex -0.0082 0.0288452 0.00352165
         vertex -0.0082 0.0291161 0.00311612
         vertex -0.0101 0.0291161 0.00311612
      endloop
   endfacet
   facet normal 0 1 -1.83697e-16
      outer loop
         vertex -0.0082 0.02875 0.004
         vertex -0.0082 0.0288452 0.00352165
         vertex -0.0101 0.0288452 0.00352165
      endloop
   endfacet
   facet normal 0 0.92388 -0.382683
      outer loop
         vertex -0.0082 0.0288452 0.00447835
         vertex -0.0082 0.02875 0.004
         vertex -0.0101 0.02875 0.004
      endloop
   endfacet
   facet normal 0 0.707107 -0.707107
      outer loop
         vertex -0.0082 0.0291161 0.00488388
         vertex -0.0082 0.0288452 0.00447835
         vertex -0.0101 0.0288452 0.00447835
      endloop
   endfacet
   facet normal 0 0.382683 -0.92388
      outer loop
         vertex -0.0082 0.0295216 0.00515485
         vertex -0.0082 0.0291161 0.00488388
         vertex -0.0101 0.0291161 0.00488388
      endloop
   endfacet
   facet normal 0 -1.22465e-16 -1
      outer loop
         vertex -0.0082 0.03 0.00525
         vertex -0.0082 0.0295216 0.00515485
         vertex -0.0101 0.0295216 0.00515485
      endloop
   endfacet
   facet normal 0 -0.382683 -0.92388
      outer loop
         vertex -0.0082 0.0304784 0.00515485
         vertex -0.0082 0.03 0.00525
         vertex -0.0101 0.03 0.00525
      endloop
   endfacet
   facet normal 0 -0.707107 -0.707107
      outer loop
         vertex -0.0082 0.0308839 0.00488388
         vertex -0.0082 0.0304784 0.00515485
         vertex -0.0101 0.0304784 0.00515485
      endloop
   endfacet
   facet normal 0 -0.92388 -0.382683
      outer loop
         vertex -0.0082 0.0311548 0.00447835
         vertex -0.0082 0.0308839 0.00488388
         vertex -0.0101 0.0308839 0.00488388
      endloop
   endfacet
   facet normal 0 -1 6.12323e-17
      outer loop
         vertex -0.0082 0.03125 0.004
         vertex -0.0082 0.0311548 0.00447835
         vertex -0.0101 0.0311548 0.00447835
      endloop
   endfacet
   facet normal 0 -0.92388 0.382683
      outer loop
         vertex -0.0082 0.0311548 0.00352165
         vertex -0.0082 0.03125 0.004
         vertex -0.0101 0.03125 0.004
      endloop
   endfacet
   facet normal 0 -0.707107 0.707107
      outer loop
         vertex -0.0082 0.0308839 0.00311612
         vertex -0.0082 0.0311548 0.00352165
         vertex -0.0101 0.0311548 0.00352165
      endloop
   endfacet
   facet normal 0 -0.382683 0.92388
      outer loop
         vertex -0.0082 0.0304784 0.00284515
         vertex -0.0082 0.0308839 0.00311612
         vertex -0.0101 0.0308839 0.00311612
      endloop
   endfacet
   facet normal 0 2.44929e-16 1
      outer loop
         vertex -0.0082 0.03 0.00275
         vertex -0.0082 0.0304784 0.00284515
         vertex -0.0101 0.0304784 0.00284515
      endloop
   endfacet
   facet normal 0 -0.382683 0.92388
      outer loop
         vertex -0.0101 0.0304784 0.00284515
         vertex -0.0101 0.03 0.00275
         vertex -0.0082 0.03 0.00275
      endloop
   endfacet
   facet normal 0 -0.707107 0.707107
      outer loop
         vertex -0.0101 0.0308839 0.00311612
         vertex -0.0101 0.0304784 0.00284515
         vertex -0.0082 0.0304784 0.00284515
      endloop
   endfacet
   facet normal 0 -0.92388 0.382683
      outer loop
         vertex -0.0101 0.0311548 0.00352165
         vertex -0.0101 0.0308839 0.00311612
         vertex -0.0082 0.0308839 0.00311612
      endloop
   endfacet
   facet normal 0 -1 6.12323e-17
      outer loop
         vertex -0.0101 0.03125 0.004
         vertex -0.0101 0.0311548 0.00352165
         vertex -0.0082 0.0311548 0.00352165
      endloop
   endfacet
   facet normal 0 -0.92388 -0.382683
      outer loop
         vertex -0.0101 0.0311548 0.00447835
         vertex -0.0101 0.03125 0.004
         vertex -0.0082 0.03125 0.004
      endloop
   endfacet
   facet normal 0 -0.707107 -0.707107
      outer loop
         vertex -0.0101 0.0308839 0.00488388
         vertex -0.0101 0.0311548 0.00447835
         vertex -0.0082 0.0311548 0.00447835
      endloop
   endfacet
   facet normal 0 -0.382683 -0.92388
      outer loop
         vertex -0.0101 0.0304784 0.00515485
         vertex -0.0101 0.0308839 0.00488388
         vertex -0.0082 0.0308839 0.00488388
      endloop
   endfacet
   facet normal 0 -1.22465e-16 -1
      outer loop
         vertex -0.0101 0.03 0.00525
         vertex -0.0101 0.0304784 0.00515485
         vertex -0.0082 0.0304784 0.00515485
      endloop
   endfacet
   facet normal 0 0.382683 -0.92388
      outer loop
         vertex -0.0101 0.0295216 0.00515485
         vertex -0.0101 0.03 0.00525
         vertex -0.0082 0.03 0.00525
      endloop
   endfacet
   facet normal 0 0.707107 -0.707107
      outer loop
         vertex -0.0101 0.0291161 0.00488388
         vertex -0.0101 0.0295216 0.00515485
         vertex -0.0082 0.0295216 0.00515485
      endloop
   endfacet
   facet normal 0 0.92388 -0.382683
      outer loop
         vertex -0.0101 0.0288452 0.00447835
         vertex -0.0101 0.0291161 0.00488388
         vertex -0.0082 0.0291161 0.00488388
      endloop
   endfacet
   facet normal 0 1 -1.83697e-16
      outer loop
         vertex -0.0101 0.02875 0.004
         vertex -0.0101 0.0288452 0.00447835
         vertex -0.0082 0.0288452 0.00447835
      endloop
   endfacet
   facet normal 0 0.92388 0.382683
      outer loop
         vertex -0.0101 0.0288452 0.00352165
         vertex -0.0101 0.02875 0.004
         vertex -0.0082 0.02875 0.004
      endloop
   endfacet
   facet normal 0 0.707107 0.707107
      outer loop
         vertex -0.0101 0.0291161 0.00311612
         vertex -0.0101 0.0288452 0.00352165
         vertex -0.0082 0.0288452 0.00352165
      endloop
   endfacet
   facet normal 0 0.382683 0.92388
      outer loop
         vertex -0.0101 0.0295216 0.00284515
         vertex -0.0101 0.0291161 0.00311612
         vertex -0.0082 0.0291161 0.00311612
      endloop
   endfacet
   facet normal 0 2.44929e-16 1
      outer loop
         vertex -0.0101 0.03 0.00275
         vertex -0.0101 0.0295216 0.00284515
         vertex -0.0082 0.0295216 0.00284515
      endloop
   endfacet
   facet normal 0 -0.944988 -0.327106
      outer loop
         vertex -0.0106332 0.0100512 0.000659749
         vertex -0.00965245 0.0100003 0.000770388
         vertex -0.00965993 0.00996747 0.000867611
      endloop
   endfacet
   facet normal 0 -0.944988 -0.327106
      outer loop
         vertex -0.0106332 0.0100512 0.000659749
         vertex -0.0104795 0.0106963 -0.00122046
         vertex -0.0095272 0.0105504 -0.00085789
      endloop
   endfacet
   facet normal 0 -0.929658 -0.368423
      outer loop
         vertex -0.0095272 0.0105504 -0.00085789
         vertex -0.00965245 0.0100003 0.000770388
         vertex -0.0106332 0.0100512 0.000659749
      endloop
   endfacet
   facet normal 0 -0.89721 -0.441604
      outer loop
         vertex -0.00937063 0.0117793 -0.00348536
         vertex -0.00862478 0.0125078 -0.00500881
         vertex -0.00788104 0.0121296 -0.00430469
      endloop
   endfacet
   facet normal 0 -0.929658 -0.368423
      outer loop
         vertex -0.0095272 0.0105504 -0.00085789
         vertex -0.0104795 0.0106963 -0.00122046
         vertex -0.0103576 0.0108154 -0.00146947
      endloop
   endfacet
   facet normal 0 -0.922729 -0.38545
      outer loop
         vertex -0.0103576 0.0108154 -0.00146947
         vertex -0.00937063 0.0117793 -0.00348536
         vertex -0.00850582 0.0115302 -0.0029965
      endloop
   endfacet
   facet normal 0 -0.903798 -0.42796
      outer loop
         vertex -0.00850582 0.0115302 -0.0029965
         vertex -0.00938198 0.0106897 -0.00116197
         vertex -0.0103576 0.0108154 -0.00146947
      endloop
   endfacet
   facet normal 0 -0.922729 -0.38545
      outer loop
         vertex -0.0103576 0.0108154 -0.00146947
         vertex -0.00938198 0.0106897 -0.00116197
         vertex -0.0095272 0.0105504 -0.00085789
      endloop
   endfacet
   facet normal 0 -0.86912 -0.494602
      outer loop
         vertex -0.00817099 0.0127619 -0.00542328
         vertex -0.00640392 0.0137515 -0.00703721
         vertex -0.00585613 0.0132644 -0.00629647
      endloop
   endfacet
   facet normal 0 -0.842099 -0.539323
      outer loop
         vertex -0.00640392 0.0137515 -0.00703721
         vertex -0.00557758 0.0134206 -0.00657047
         vertex -0.00585613 0.0132644 -0.00629647
      endloop
   endfacet
   facet normal 0 -0.879247 -0.476366
      outer loop
         vertex -0.00741376 0.0123915 -0.00476433
         vertex -0.00788104 0.0121296 -0.00430469
         vertex -0.00862478 0.0125078 -0.00500881
      endloop
   endfacet
   facet normal 0 -0.87567 -0.48291
      outer loop
         vertex -0.00862478 0.0125078 -0.00500881
         vertex -0.00817099 0.0127619 -0.00542328
         vertex -0.00741376 0.0123915 -0.00476433
      endloop
   endfacet
   facet normal 0 -0.818221 -0.574904
      outer loop
         vertex -0.00442571 0.0145979 -0.0083392
         vertex -0.00247944 0.0152186 -0.0092104
         vertex -0.00271418 0.0143895 -0.00805483
      endloop
   endfacet
   facet normal 0 -0.850496 -0.525982
      outer loop
         vertex -0.00557758 0.0134206 -0.00657047
         vertex -0.00640392 0.0137515 -0.00703721
         vertex -0.00550961 0.0142523 -0.00785402
      endloop
   endfacet
   facet normal 0 -0.827556 -0.561383
      outer loop
         vertex -0.00550961 0.0142523 -0.00785402
         vertex -0.00397707 0.0139621 -0.00740016
         vertex -0.00557758 0.0134206 -0.00657047
      endloop
   endfacet
   facet normal 0 -0.827556 -0.561383
      outer loop
         vertex -0.00550961 0.0142523 -0.00785402
         vertex -0.00442571 0.0145979 -0.0083392
         vertex -0.00397707 0.0139621 -0.00740016
      endloop
   endfacet
   facet normal 0 -0.823772 -0.566922
      outer loop
         vertex -0.00271418 0.0143895 -0.00805483
         vertex -0.00397707 0.0139621 -0.00740016
         vertex -0.00442571 0.0145979 -0.0083392
      endloop
   endfacet
   facet normal 0 -0.855037 -0.518567
      outer loop
         vertex -0.00585613 0.0132644 -0.00629647
         vertex -0.00741376 0.0123915 -0.00476433
         vertex -0.00817099 0.0127619 -0.00542328
      endloop
   endfacet
   facet normal 0 -0.821054 -0.570851
      outer loop
         vertex -0.00200909 0.0144888 -0.0081968
         vertex -0.00271418 0.0143895 -0.00805483
         vertex -0.00247944 0.0152186 -0.0092104
      endloop
   endfacet
   facet normal 0 -0.80023 -0.599694
      outer loop
         vertex -0.00225001 0.0152432 -0.00924291
         vertex -2.25672e-05 0.0154821 -0.00955848
         vertex -0.000529452 0.014697 -0.00849471
      endloop
   endfacet
   facet normal 0 -0.815289 -0.579054
      outer loop
         vertex -0.000529452 0.014697 -0.00849471
         vertex -0.00200909 0.0144888 -0.0081968
         vertex -0.00225001 0.0152432 -0.00924291
      endloop
   endfacet
   facet normal 0 -0.800904 -0.598793
      outer loop
         vertex -0.00247944 0.0152186 -0.0092104
         vertex -0.00225001 0.0152432 -0.00924291
         vertex -0.00200909 0.0144888 -0.0081968
      endloop
   endfacet
   facet normal 0 -0.816055 -0.577975
      outer loop
         vertex -4.16606e-06 0.0146694 -0.00845553
         vertex -0.000529452 0.014697 -0.00849471
         vertex -2.25672e-05 0.0154821 -0.00955848
      endloop
   endfacet
   facet normal 0 -0.793699 -0.608311
      outer loop
         vertex -3.929e-07 0.0154799 -0.00955545
         vertex 0.00225084 0.0152472 -0.00924829
         vertex 0.00171314 0.0145789 -0.00832741
      endloop
   endfacet
   facet normal 0 -0.818547 -0.57444
      outer loop
         vertex 0.00171314 0.0145789 -0.00832741
         vertex -4.16606e-06 0.0146694 -0.00845553
         vertex -3.929e-07 0.0154799 -0.00955545
      endloop
   endfacet
   facet normal 0 -0.820612 -0.571485
      outer loop
         vertex 0.00200778 0.0145055 -0.00821925
         vertex 0.00171314 0.0145789 -0.00832741
         vertex 0.00225084 0.0152472 -0.00924829
      endloop
   endfacet
   facet normal 0 -0.820612 -0.571485
      outer loop
         vertex 0.00200778 0.0145055 -0.00821925
         vertex 0.00243051 0.0152286 -0.00922377
         vertex 0.00443339 0.0146065 -0.00835437
      endloop
   endfacet
   facet normal 0 -0.817946 -0.575295
      outer loop
         vertex 0.00443339 0.0146065 -0.00835437
         vertex 0.00425881 0.0139446 -0.00739293
         vertex 0.00402068 0.014004 -0.00748034
      endloop
   endfacet
   facet normal 0 -0.817946 -0.575295
      outer loop
         vertex 0.00443339 0.0146065 -0.00835437
         vertex 0.00402068 0.014004 -0.00748034
         vertex 0.00200778 0.0145055 -0.00821925
      endloop
   endfacet
   facet normal 0 -0.836042 -0.548666
      outer loop
         vertex 0.00425881 0.0139446 -0.00739293
         vertex 0.00533205 0.0143274 -0.00796427
         vertex 0.00640917 0.0137485 -0.00703644
      endloop
   endfacet
   facet normal 0 -0.836042 -0.548666
      outer loop
         vertex 0.00425881 0.0139446 -0.00739293
         vertex 0.00443339 0.0146065 -0.00835437
         vertex 0.00533205 0.0143274 -0.00796427
      endloop
   endfacet
   facet normal 0 -0.842133 -0.53927
      outer loop
         vertex 0.00640917 0.0137485 -0.00703644
         vertex 0.00822151 0.0127744 -0.00547529
         vertex 0.00718726 0.0125802 -0.0051395
      endloop
   endfacet
   facet normal 0 -0.873673 -0.486514
      outer loop
         vertex 0.00718726 0.0125802 -0.0051395
         vertex 0.0057972 0.0132279 -0.00620915
         vertex 0.00640917 0.0137485 -0.00703644
      endloop
   endfacet
   facet normal 0 -0.87892 -0.47697
      outer loop
         vertex 0.00741613 0.0124037 -0.00478601
         vertex 0.00718726 0.0125802 -0.0051395
         vertex 0.00822151 0.0127744 -0.00547529
      endloop
   endfacet
   facet normal 0 -0.897304 -0.441414
      outer loop
         vertex 0.0093816 0.0117727 -0.00348006
         vertex 0.0103104 0.0109417 -0.00180603
         vertex 0.00907727 0.0111228 -0.00222043
      endloop
   endfacet
   facet normal 0 -0.87892 -0.47697
      outer loop
         vertex 0.00741613 0.0124037 -0.00478601
         vertex 0.00832326 0.0127197 -0.00538764
         vertex 0.0093816 0.0117727 -0.00348006
      endloop
   endfacet
   facet normal 0 -0.897304 -0.441414
      outer loop
         vertex 0.0093816 0.0117727 -0.00348006
         vertex 0.00856727 0.011516 -0.00300811
         vertex 0.00741613 0.0124037 -0.00478601
      endloop
   endfacet
   facet normal 0 -0.913872 -0.406004
      outer loop
         vertex 0.00907727 0.0111228 -0.00222043
         vertex 0.00856727 0.011516 -0.00300811
         vertex 0.0093816 0.0117727 -0.00348006
      endloop
   endfacet
   facet normal 0 -0.868418 -0.495833
      outer loop
         vertex 0.00822151 0.0127744 -0.00547529
         vertex 0.00832326 0.0127197 -0.00538764
         vertex 0.00741613 0.0124037 -0.00478601
      endloop
   endfacet
   facet normal 0 -0.842133 -0.53927
      outer loop
         vertex 0.00640917 0.0137485 -0.00703644
         vertex 0.0057972 0.0132279 -0.00620915
         vertex 0.00425881 0.0139446 -0.00739293
      endloop
   endfacet
   facet normal 0 -0.800119 -0.599841
      outer loop
         vertex 0.00225084 0.0152472 -0.00924829
         vertex 0.00243051 0.0152286 -0.00922377
         vertex 0.00200778 0.0145055 -0.00821925
      endloop
   endfacet
   facet normal 0 -0.926146 -0.377166
      outer loop
         vertex 0.00930219 0.0107149 -0.00115974
         vertex 0.00907727 0.0111228 -0.00222043
         vertex 0.0103104 0.0109417 -0.00180603
      endloop
   endfacet
   facet normal 0 -0.945001 -0.327069
      outer loop
         vertex 0.0105673 0.0100733 0.000668905
         vertex 0.0105892 0.00999943 0.000879416
         vertex 0.0097302 0.00993877 0.000858693
      endloop
   endfacet
   facet normal 0 -0.945001 -0.327069
      outer loop
         vertex 0.0105673 0.0100733 0.000668905
         vertex 0.00971247 0.00997092 0.000775087
         vertex 0.00930219 0.0107149 -0.00115974
      endloop
   endfacet
   facet normal 0 -0.926146 -0.377166
      outer loop
         vertex 0.00930219 0.0107149 -0.00115974
         vertex 0.0103436 0.0108293 -0.00148549
         vertex 0.0105673 0.0100733 0.000668905
      endloop
   endfacet
   facet normal 0 -0.946998 -0.321238
      outer loop
         vertex 0.0097302 0.00993877 0.000858693
         vertex 0.00971247 0.00997092 0.000775087
         vertex 0.0105673 0.0100733 0.000668905
      endloop
   endfacet
   facet normal 0 -0.918864 -0.394574
      outer loop
         vertex 0.0103104 0.0109417 -0.00180603
         vertex 0.0103436 0.0108293 -0.00148549
         vertex 0.00930219 0.0107149 -0.00115974
      endloop
   endfacet
   facet normal 0 -0.793635 -0.608394
      outer loop
         vertex -2.25672e-05 0.0154821 -0.00955848
         vertex -3.929e-07 0.0154799 -0.00955545
         vertex -4.16606e-06 0.0146694 -0.00845553
      endloop
   endfacet
   facet normal 0 -0.886102 -0.463489
      outer loop
         vertex -0.00788104 0.0121296 -0.00430469
         vertex -0.00850582 0.0115302 -0.0029965
         vertex -0.00937063 0.0117793 -0.00348536
      endloop
   endfacet
   facet normal 0 -0.963272 -0.268528
      outer loop
         vertex 0.010785 0.00933755 0.00276567
         vertex 0.00963739 0.00941555 0.00271007
         vertex 0.00980872 0.00979638 0.00122899
      endloop
   endfacet
   facet normal 0 -0.950454 -0.310865
      outer loop
         vertex 0.00980872 0.00979638 0.00122899
         vertex 0.0105892 0.00999943 0.000879416
         vertex 0.010785 0.00933755 0.00276567
      endloop
   endfacet
   facet normal 0 -0.963947 -0.266094
      outer loop
         vertex 0.010794 0.00930716 0.00285227
         vertex 0.00989519 0.00848833 0.00682931
         vertex 0.00928572 0.00863384 0.00575017
      endloop
   endfacet
   facet normal 0 -0.982518 -0.186167
      outer loop
         vertex 0.00928572 0.00863384 0.00575017
         vertex 0.00963739 0.00941555 0.00271007
         vertex 0.010794 0.00930716 0.00285227
      endloop
   endfacet
   facet normal 0 -0.993427 -0.114467
      outer loop
         vertex 0.00823941 0.00824633 0.00835069
         vertex 0.00897794 0.00851985 0.00651515
         vertex 0.00973079 0.00833857 0.00755671
      endloop
   endfacet
   facet normal 0 -0.986265 -0.165169
      outer loop
         vertex 0.00897794 0.00851985 0.00651515
         vertex 0.00989519 0.00848833 0.00682931
         vertex 0.00973079 0.00833857 0.00755671
      endloop
   endfacet
   facet normal 0 -0.994738 -0.102451
      outer loop
         vertex 0.00906545 0.00820704 0.00878711
         vertex 0.00815088 0.00821354 0.00857072
         vertex 0.00823941 0.00824633 0.00835069
      endloop
   endfacet
   facet normal 0 -0.990662 -0.136341
      outer loop
         vertex 0.00973079 0.00833857 0.00755671
         vertex 0.00906545 0.00820704 0.00878711
         vertex 0.00823941 0.00824633 0.00835069
      endloop
   endfacet
   facet normal 0 -0.986265 -0.165169
      outer loop
         vertex 0.00897794 0.00851985 0.00651515
         vertex 0.00928572 0.00863384 0.00575017
         vertex 0.00989519 0.00848833 0.00682931
      endloop
   endfacet
   facet normal 0 -0.963272 -0.268528
      outer loop
         vertex 0.010785 0.00933755 0.00276567
         vertex 0.010794 0.00930716 0.00285227
         vertex 0.00963739 0.00941555 0.00271007
      endloop
   endfacet
   facet normal 0 -0.998523 -0.0543249
      outer loop
         vertex 0.00762915 0.00806083 0.0105307
         vertex 0.00705071 0.00809729 0.00984574
         vertex 0.00705366 0.0080976 0.00984231
      endloop
   endfacet
   facet normal 0 -0.99731 -0.0733016
      outer loop
         vertex 0.00705366 0.0080976 0.00984231
         vertex 0.00851207 0.0081034 0.00977232
         vertex 0.00762915 0.00806083 0.0105307
      endloop
   endfacet
   facet normal 0 -0.997097 -0.0761444
      outer loop
         vertex 0.00855058 0.00810526 0.00973924
         vertex 0.00768846 0.00816468 0.00910663
         vertex 0.00815088 0.00821354 0.00857072
      endloop
   endfacet
   facet normal 0 -0.99411 -0.108373
      outer loop
         vertex 0.00815088 0.00821354 0.00857072
         vertex 0.00906545 0.00820704 0.00878711
         vertex 0.00855058 0.00810526 0.00973924
      endloop
   endfacet
   facet normal 0 -0.997097 -0.0761444
      outer loop
         vertex 0.00855058 0.00810526 0.00973924
         vertex 0.00851207 0.0081034 0.00977232
         vertex 0.00768846 0.00816468 0.00910663
      endloop
   endfacet
   facet normal 0 -0.99731 -0.0733016
      outer loop
         vertex 0.00705366 0.0080976 0.00984231
         vertex 0.00768846 0.00816468 0.00910663
         vertex 0.00851207 0.0081034 0.00977232
      endloop
   endfacet
   facet normal 0 -0.997317 -0.0732071
      outer loop
         vertex 0.00705071 0.00809729 0.00984574
         vertex 0.00762915 0.00806083 0.0105307
         vertex 0.00685261 0.00802339 0.0111978
      endloop
   endfacet
   facet normal 0 -0.999355 -0.0359162
      outer loop
         vertex 0.00685261 0.00802339 0.0111978
         vertex 0.00558935 0.00804524 0.0106894
         vertex 0.00705071 0.00809729 0.00984574
      endloop
   endfacet
   facet normal 0 -0.999355 -0.0359162
      outer loop
         vertex 0.00685261 0.00802339 0.0111978
         vertex 0.0056892 0.0080126 0.0116215
         vertex 0.00558935 0.00804524 0.0106894
      endloop
   endfacet
   facet normal 0 -0.99879 -0.0491827
      outer loop
         vertex 0.00539906 0.00804417 0.0107168
         vertex 0.0056892 0.0080126 0.0116215
         vertex 0.00476893 0.00800407 0.0119566
      endloop
   endfacet
   facet normal 0 -0.999888 -0.0149861
      outer loop
         vertex 0.00476893 0.00800407 0.0119566
         vertex 0.00354238 0.00803379 0.0109839
         vertex 0.00539906 0.00804417 0.0107168
      endloop
   endfacet
   facet normal 0 -0.999888 -0.0149861
      outer loop
         vertex 0.00476893 0.00800407 0.0119566
         vertex 0.00373821 0.00800319 0.0120741
         vertex 0.00354238 0.00803379 0.0109839
      endloop
   endfacet
   facet normal 0 -0.999931 -0.0117474
      outer loop
         vertex 0.00373821 0.00800319 0.0120741
         vertex -8.13152e-20 0.008 0.0125
         vertex 0 0.00801397 0.0114935
      endloop
   endfacet
   facet normal 0 -0.999615 -0.0277591
      outer loop
         vertex 0 0.00801397 0.0114935
         vertex 0.00354238 0.00803379 0.0109839
         vertex 0.00373821 0.00800319 0.0120741
      endloop
   endfacet
   facet normal 0 -0.999985 -0.00548684
      outer loop
         vertex -0.00289659 0.00800055 0.0123011
         vertex -0.00354656 0.0080319 0.0110261
         vertex -0.000603709 0.00801421 0.0114848
      endloop
   endfacet
   facet normal 0 -0.999608 -0.0279993
      outer loop
         vertex -0.000603709 0.00801421 0.0114848
         vertex -8.13152e-20 0.008 0.0125
         vertex -0.00289659 0.00800055 0.0123011
      endloop
   endfacet
   facet normal 0 -0.999946 -0.0103529
      outer loop
         vertex -0.00373999 0.00800293 0.0121246
         vertex -0.00567111 0.00800838 0.0117207
         vertex -0.00540171 0.00804305 0.0107369
      endloop
   endfacet
   facet normal 0 -0.998817 -0.048627
      outer loop
         vertex -0.00540171 0.00804305 0.0107369
         vertex -0.00567111 0.00800838 0.0117207
         vertex -0.00571568 0.00800917 0.0116976
      endloop
   endfacet
   facet normal 0 -0.999755 -0.0221311
      outer loop
         vertex -0.00571568 0.00800917 0.0116976
         vertex -0.00550007 0.00804364 0.0107216
         vertex -0.00540171 0.00804305 0.0107369
      endloop
   endfacet
   facet normal 0 -0.998817 -0.048627
      outer loop
         vertex -0.00540171 0.00804305 0.0107369
         vertex -0.00354656 0.0080319 0.0110261
         vertex -0.00373999 0.00800293 0.0121246
      endloop
   endfacet
   facet normal 0 -0.999985 -0.00548684
      outer loop
         vertex -0.00289659 0.00800055 0.0123011
         vertex -0.00373999 0.00800293 0.0121246
         vertex -0.00354656 0.0080319 0.0110261
      endloop
   endfacet
   facet normal 0 -0.999608 -0.0279993
      outer loop
         vertex -0.000603709 0.00801421 0.0114848
         vertex 0 0.00801397 0.0114935
         vertex -8.13152e-20 0.008 0.0125
      endloop
   endfacet
   facet normal 0 -0.998885 -0.0472151
      outer loop
         vertex -0.00747084 0.00804044 0.0107881
         vertex -0.00698048 0.00809314 0.00990285
         vertex -0.00550007 0.00804364 0.0107216
      endloop
   endfacet
   facet normal 0 -0.998796 -0.0490496
      outer loop
         vertex -0.00550007 0.00804364 0.0107216
         vertex -0.00571568 0.00800917 0.0116976
         vertex -0.00747084 0.00804044 0.0107881
      endloop
   endfacet
   facet normal 0 -0.997081 -0.0763566
      outer loop
         vertex -0.00846793 0.00811192 0.00973201
         vertex -0.00769128 0.00816421 0.00910751
         vertex -0.00704304 0.0080994 0.00983284
      endloop
   endfacet
   facet normal 0 -0.99729 -0.0735652
      outer loop
         vertex -0.00704304 0.0080994 0.00983284
         vertex -0.00766647 0.00805446 0.0105809
         vertex -0.00846793 0.00811192 0.00973201
      endloop
   endfacet
   facet normal 0 -0.994328 -0.106357
      outer loop
         vertex -0.00810567 0.00820565 0.00864384
         vertex -0.00769128 0.00816421 0.00910751
         vertex -0.00846793 0.00811192 0.00973201
      endloop
   endfacet
   facet normal 0 -0.997081 -0.0763566
      outer loop
         vertex -0.00846793 0.00811192 0.00973201
         vertex -0.00886091 0.0081401 0.00931576
         vertex -0.00810567 0.00820565 0.00864384
      endloop
   endfacet
   facet normal 0 -0.9948 -0.101846
      outer loop
         vertex -0.00909818 0.00820095 0.00880866
         vertex -0.00823916 0.00824524 0.00834897
         vertex -0.00810567 0.00820565 0.00864384
      endloop
   endfacet
   facet normal 0 -0.9948 -0.101846
      outer loop
         vertex -0.00909818 0.00820095 0.00880866
         vertex -0.00992187 0.00841222 0.00704821
         vertex -0.00898177 0.00846553 0.0067086
      endloop
   endfacet
   facet normal 0 -0.98716 -0.159732
      outer loop
         vertex -0.00898177 0.00846553 0.0067086
         vertex -0.00823916 0.00824524 0.00834897
         vertex -0.00909818 0.00820095 0.00880866
      endloop
   endfacet
   facet normal 0 -0.987751 -0.156037
      outer loop
         vertex -0.00996335 0.00845607 0.00684446
         vertex -0.0107943 0.0093343 0.00276325
         vertex -0.00978969 0.00934445 0.0027284
      endloop
   endfacet
   facet normal 0 -0.962992 -0.269531
      outer loop
         vertex -0.00978969 0.00934445 0.0027284
         vertex -0.0090169 0.00850374 0.00653554
         vertex -0.00996335 0.00845607 0.00684446
      endloop
   endfacet
   facet normal 0 -0.98716 -0.159732
      outer loop
         vertex -0.00898177 0.00846553 0.0067086
         vertex -0.00992187 0.00841222 0.00704821
         vertex -0.00996335 0.00845607 0.00684446
      endloop
   endfacet
   facet normal 0 -0.962628 -0.270827
      outer loop
         vertex -0.00979938 0.00935499 0.00268065
         vertex -0.00978969 0.00934445 0.0027284
         vertex -0.0107943 0.0093343 0.00276325
      endloop
   endfacet
   facet normal 0 -0.963261 -0.268566
      outer loop
         vertex -0.0107943 0.0093343 0.00276325
         vertex -0.010802 0.00934247 0.00272525
         vertex -0.00979938 0.00935499 0.00268065
      endloop
   endfacet
   facet normal 0 -0.986369 -0.164549
      outer loop
         vertex -0.0090169 0.00850374 0.00653554
         vertex -0.00898177 0.00846553 0.0067086
         vertex -0.00996335 0.00845607 0.00684446
      endloop
   endfacet
   facet normal 0 -0.946994 -0.321251
      outer loop
         vertex -0.0106505 0.00997849 0.000871633
         vertex -0.00965993 0.00996747 0.000867611
         vertex -0.00979938 0.00935499 0.00268065
      endloop
   endfacet
   facet normal 0 -0.962628 -0.270827
      outer loop
         vertex -0.00979938 0.00935499 0.00268065
         vertex -0.010802 0.00934247 0.00272525
         vertex -0.0106505 0.00997849 0.000871633
      endloop
   endfacet
   facet normal 0 -0.994328 -0.106357
      outer loop
         vertex -0.00810567 0.00820565 0.00864384
         vertex -0.00886091 0.0081401 0.00931576
         vertex -0.00909818 0.00820095 0.00880866
      endloop
   endfacet
   facet normal 0 -0.99729 -0.0735652
      outer loop
         vertex -0.00704304 0.0080994 0.00983284
         vertex -0.00698048 0.00809314 0.00990285
         vertex -0.00766647 0.00805446 0.0105809
      endloop
   endfacet
   facet normal 0 -0.998885 -0.0472151
      outer loop
         vertex -0.00747084 0.00804044 0.0107881
         vertex -0.00766647 0.00805446 0.0105809
         vertex -0.00698048 0.00809314 0.00990285
      endloop
   endfacet
   facet normal 0 -0.99879 -0.0491827
      outer loop
         vertex 0.00539906 0.00804417 0.0107168
         vertex 0.00558935 0.00804524 0.0106894
         vertex 0.0056892 0.0080126 0.0116215
      endloop
   endfacet
   facet normal 0 -0.950454 -0.310865
      outer loop
         vertex 0.00980872 0.00979638 0.00122899
         vertex 0.0097302 0.00993877 0.000858693
         vertex 0.0105892 0.00999943 0.000879416
      endloop
   endfacet
   facet normal 0 -0.946992 -0.321258
      outer loop
         vertex -0.00965993 0.00996747 0.000867611
         vertex -0.0106505 0.00997849 0.000871633
         vertex -0.0106332 0.0100512 0.000659749
      endloop
   endfacet
   facet normal 1 0 0
      outer loop
         vertex -0.0082 0.031561 -0.000750066
         vertex -0.0082 0.0304784 0.00284515
         vertex -0.0082 0.03 0.00275
      endloop
   endfacet
   facet normal 1 0 0
      outer loop
         vertex -0.0082 0.031561 -0.000750066
         vertex -0.0082 0.0308839 0.00311612
         vertex -0.0082 0.0304784 0.00284515
      endloop
   endfacet
   facet normal 1 0 0
      outer loop
         vertex -0.0082 0.031561 -0.000750066
         vertex -0.0082 0.0349639 0.0046
         vertex -0.0082 0.0311548 0.00352165
      endloop
   endfacet
   facet normal 1 0 0
      outer loop
         vertex -0.0082 0.0311548 0.00352165
         vertex -0.0082 0.0308839 0.00311612
         vertex -0.0082 0.031561 -0.000750066
      endloop
   endfacet
   facet normal 1 0 0
      outer loop
         vertex -0.0082 0.0332026 0.00783969
         vertex -0.0082 0.031561 0.00875007
         vertex -0.0082 0.0304784 0.00515485
      endloop
   endfacet
   facet normal 1 0 0
      outer loop
         vertex -0.0082 0.031561 0.00875007
         vertex -0.0082 0.0296995 0.00899096
         vertex -0.0082 0.03 0.00525
      endloop
   endfacet
   facet normal 1 0 0
      outer loop
         vertex -0.0082 0.0278802 0.00852842
         vertex -0.0082 0.0263598 0.00742763
         vertex -0.0082 0.0291161 0.00488388
      endloop
   endfacet
   facet normal 1 0 0
      outer loop
         vertex -0.0082 0.0263598 0.00742763
         vertex -0.0082 0.0253524 0.00584375
         vertex -0.0082 0.0288452 0.00447835
      endloop
   endfacet
   facet normal 1 0 0
      outer loop
         vertex -0.0082 0.0349639 0.0046
         vertex -0.0082 0.03125 0.004
         vertex -0.0082 0.0311548 0.00352165
      endloop
   endfacet
   facet normal 1 0 0
      outer loop
         vertex -0.0082 0.0349639 0.0046
         vertex -0.0082 0.0343928 0.00638814
         vertex -0.0082 0.0311548 0.00447835
      endloop
   endfacet
   facet normal 1 0 0
      outer loop
         vertex -0.0082 0.0343928 0.00638814
         vertex -0.0082 0.0332026 0.00783969
         vertex -0.0082 0.0308839 0.00488388
      endloop
   endfacet
   facet normal 1 0 0
      outer loop
         vertex -0.0082 0.03 0.00525
         vertex -0.0082 0.0304784 0.00515485
         vertex -0.0082 0.031561 0.00875007
      endloop
   endfacet
   facet normal 1 0 0
      outer loop
         vertex -0.0082 0.0296995 0.00899096
         vertex -0.0082 0.0278802 0.00852842
         vertex -0.0082 0.0295216 0.00515485
      endloop
   endfacet
   facet normal 1 0 0
      outer loop
         vertex -0.0082 0.0288452 0.00447835
         vertex -0.0082 0.0291161 0.00488388
         vertex -0.0082 0.0263598 0.00742763
      endloop
   endfacet
   facet normal 1 0 0
      outer loop
         vertex -0.0082 0.0311548 0.00447835
         vertex -0.0082 0.03125 0.004
         vertex -0.0082 0.0349639 0.0046
      endloop
   endfacet
   facet normal 1 0 0
      outer loop
         vertex -0.0082 0.0304784 0.00515485
         vertex -0.0082 0.0308839 0.00488388
         vertex -0.0082 0.0332026 0.00783969
      endloop
   endfacet
   facet normal 1 0 0
      outer loop
         vertex -0.0082 0.0291161 0.00488388
         vertex -0.0082 0.0295216 0.00515485
         vertex -0.0082 0.0278802 0.00852842
      endloop
   endfacet
   facet normal 1 0 0
      outer loop
         vertex -0.0082 0.0253524 0.00584375
         vertex -0.0082 0.025 0.004
         vertex -0.0082 0.02875 0.004
      endloop
   endfacet
   facet normal 1 0 0
      outer loop
         vertex -0.0082 0.0253524 0.00215625
         vertex -0.0082 0.0288452 0.00352165
         vertex -0.0082 0.02875 0.004
      endloop
   endfacet
   facet normal 1 0 0
      outer loop
         vertex -0.0082 0.0263598 0.000572371
         vertex -0.0082 0.0291161 0.00311612
         vertex -0.0082 0.0288452 0.00352165
      endloop
   endfacet
   facet normal 1 0 0
      outer loop
         vertex -0.0082 0.0278802 -0.000528416
         vertex -0.0082 0.0295216 0.00284515
         vertex -0.0082 0.0291161 0.00311612
      endloop
   endfacet
   facet normal 1 0 0
      outer loop
         vertex -0.0082 0.0296995 -0.000990959
         vertex -0.0082 0.03 0.00275
         vertex -0.0082 0.0295216 0.00284515
      endloop
   endfacet
   facet normal 1 0 0
      outer loop
         vertex -0.0082 0.0308839 0.00488388
         vertex -0.0082 0.0311548 0.00447835
         vertex -0.0082 0.0343928 0.00638814
      endloop
   endfacet
   facet normal 1 0 0
      outer loop
         vertex -0.0082 0.02875 0.004
         vertex -0.0082 0.0288452 0.00447835
         vertex -0.0082 0.0253524 0.00584375
      endloop
   endfacet
   facet normal 1 0 0
      outer loop
         vertex -0.0082 0.0288452 0.00352165
         vertex -0.0082 0.0253524 0.00215625
         vertex -0.0082 0.0263598 0.000572371
      endloop
   endfacet
   facet normal 1 0 0
      outer loop
         vertex -0.0082 0.0295216 0.00284515
         vertex -0.0082 0.0278802 -0.000528416
         vertex -0.0082 0.0296995 -0.000990959
      endloop
   endfacet
   facet normal 1 0 0
      outer loop
         vertex -0.0082 0.031561 -0.000750066
         vertex -0.0082 0.0332026 0.00016031
         vertex -0.0082 0.0343928 0.00161186
      endloop
   endfacet
   facet normal 1 0 0
      outer loop
         vertex -0.0082 0.0295216 0.00515485
         vertex -0.0082 0.03 0.00525
         vertex -0.0082 0.0296995 0.00899096
      endloop
   endfacet
   facet normal 1 0 0
      outer loop
         vertex -0.0082 0.0291161 0.00311612
         vertex -0.0082 0.0263598 0.000572371
         vertex -0.0082 0.0278802 -0.000528416
      endloop
   endfacet
   facet normal 1 0 0
      outer loop
         vertex -0.0082 0.0349639 0.0046
         vertex -0.0082 0.0349639 0.0034
         vertex -0.0082 0.0361775 0.0034
      endloop
   endfacet
   facet normal 1 0 0
      outer loop
         vertex -0.0082 0.0343928 0.00161186
         vertex -0.0082 0.0349639 0.0034
         vertex -0.0082 0.031561 -0.000750066
      endloop
   endfacet
   facet normal 1 0 0
      outer loop
         vertex -0.0082 0.02875 0.004
         vertex -0.0082 0.025 0.004
         vertex -0.0082 0.0253524 0.00215625
      endloop
   endfacet
   facet normal 1 0 0
      outer loop
         vertex -0.0082 0.0349639 0.0034
         vertex -0.0082 0.0349639 0.0046
         vertex -0.0082 0.031561 -0.000750066
      endloop
   endfacet
   facet normal 1 0 0
      outer loop
         vertex -0.0082 0.0361775 0.0034
         vertex -0.0082 0.036363 0.0046
         vertex -0.0082 0.0349639 0.0046
      endloop
   endfacet
   facet normal 1 0 0
      outer loop
         vertex -0.0082 0.03 0.00275
         vertex -0.0082 0.0296995 -0.000990959
         vertex -0.0082 0.031561 -0.000750066
      endloop
   endfacet
   facet normal 0 -2.8761e-16 1
      outer loop
         vertex -0.0101568 0.0500427 0.0046
         vertex -0.0107435 0.0349639 0.0046
         vertex -0.0082 0.036363 0.0046
      endloop
   endfacet
   facet normal 0 -2.8761e-16 1
      outer loop
         vertex -0.0107435 0.0349639 0.0046
         vertex -0.0082 0.0349639 0.0046
         vertex -0.0082 0.036363 0.0046
      endloop
   endfacet
   facet normal 0 -2.8761e-16 1
      outer loop
         vertex -0.0082 0.036363 0.0046
         vertex -0.0101 0.0500427 0.0046
         vertex -0.0101568 0.0500427 0.0046
      endloop
   endfacet
   facet normal 0 3.78549e-16 -1
      outer loop
         vertex -0.010191 0.0498572 0.0034
         vertex -0.0101 0.0498572 0.0034
         vertex -0.0082 0.0361775 0.0034
      endloop
   endfacet
   facet normal 0 3.78549e-16 -1
      outer loop
         vertex -0.0082 0.0361775 0.0034
         vertex -0.0108507 0.0349639 0.0034
         vertex -0.010191 0.0498572 0.0034
      endloop
   endfacet
   facet normal 0 3.78549e-16 -1
      outer loop
         vertex -0.0082 0.0361775 0.0034
         vertex -0.0082 0.0349639 0.0034
         vertex -0.0108507 0.0349639 0.0034
      endloop
   endfacet
   facet normal 0 0.992774 0.12
      outer loop
         vertex -0.0082 0.0349639 0.0046
         vertex -0.0107435 0.0349639 0.0046
         vertex -0.0104506 0.034519 0.00613981
      endloop
   endfacet
   facet normal 0 0.903797 0.427961
      outer loop
         vertex -0.0104506 0.034519 0.00613981
         vertex -0.0082 0.0343928 0.00638814
         vertex -0.0082 0.0349639 0.0046
      endloop
   endfacet
   facet normal 0 0.640524 0.767938
      outer loop
         vertex -0.0082 0.0332026 0.00783969
         vertex -0.0082 0.0343928 0.00638814
         vertex -0.0100274 0.0335404 0.00753071
      endloop
   endfacet
   facet normal 0 0.878562 0.477628
      outer loop
         vertex -0.0082 0.0343928 0.00638814
         vertex -0.010382 0.0343603 0.00636536
         vertex -0.0101391 0.0337987 0.00716349
      endloop
   endfacet
   facet normal 0 0.768431 0.639933
      outer loop
         vertex -0.0101391 0.0337987 0.00716349
         vertex -0.0100274 0.0335404 0.00753071
         vertex -0.0082 0.0343928 0.00638814
      endloop
   endfacet
   facet normal 0 0.31221 0.950013
      outer loop
         vertex -0.0082 0.031561 0.00875007
         vertex -0.0082 0.0332026 0.00783969
         vertex -0.00964865 0.0322666 0.00845676
      endloop
   endfacet
   facet normal 0 0.640524 0.767938
      outer loop
         vertex -0.0082 0.0332026 0.00783969
         vertex -0.00991801 0.0331724 0.00779822
         vertex -0.00964865 0.0322666 0.00845676
      endloop
   endfacet
   facet normal 0 -0.0601087 0.998192
      outer loop
         vertex -0.0082 0.0296995 0.00899096
         vertex -0.0082 0.031561 0.00875007
         vertex -0.00940757 0.030834 0.00892995
      endloop
   endfacet
   facet normal 0 0.31221 0.950013
      outer loop
         vertex -0.0082 0.031561 0.00875007
         vertex -0.0095269 0.0315431 0.00869573
         vertex -0.00940757 0.030834 0.00892995
      endloop
   endfacet
   facet normal 0 -0.423955 0.905683
      outer loop
         vertex -0.0082 0.0278802 0.00852842
         vertex -0.0082 0.0296995 0.00899096
         vertex -0.0093616 0.0292455 0.00894274
      endloop
   endfacet
   facet normal 0 -0.0601087 0.998192
      outer loop
         vertex -0.0082 0.0296995 0.00899096
         vertex -0.00937473 0.029699 0.00893909
         vertex -0.0093616 0.0292455 0.00894274
      endloop
   endfacet
   facet normal 0 -0.728048 0.685526
      outer loop
         vertex -0.0082 0.0263598 0.00742763
         vertex -0.0082 0.0278802 0.00852842
         vertex -0.00956574 0.0276123 0.00839305
      endloop
   endfacet
   facet normal 0 -0.423955 0.905683
      outer loop
         vertex -0.0082 0.0278802 0.00852842
         vertex -0.00953054 0.0278939 0.00848783
         vertex -0.00956574 0.0276123 0.00839305
      endloop
   endfacet
   facet normal 0 -0.929529 0.368749
      outer loop
         vertex -0.0082 0.0253524 0.00584375
         vertex -0.0100301 0.0260882 0.00704587
         vertex -0.0103514 0.0253887 0.00593276
      endloop
   endfacet
   facet normal 0 -0.728048 0.685526
      outer loop
         vertex -0.0082 0.0263598 0.00742763
         vertex -0.00995205 0.0262582 0.00731649
         vertex -0.0100301 0.0260882 0.00704587
      endloop
   endfacet
   facet normal 0 -0.789027 0.614358
      outer loop
         vertex -0.0100301 0.0260882 0.00704587
         vertex -0.0082 0.0253524 0.00584375
         vertex -0.0082 0.0263598 0.00742763
      endloop
   endfacet
   facet normal 0 -0.728048 0.685526
      outer loop
         vertex -0.0082 0.0263598 0.00742763
         vertex -0.00991885 0.0263746 0.00740903
         vertex -0.00995205 0.0262582 0.00731649
      endloop
   endfacet
   facet normal 0 -1 1.83697e-16
      outer loop
         vertex -0.0082 0.025 0.004
         vertex -0.0082 0.0253524 0.00584375
         vertex -0.0103694 0.0253661 0.00584036
      endloop
   endfacet
   facet normal 0 -0.929386 0.369109
      outer loop
         vertex -0.0103694 0.0253661 0.00584036
         vertex -0.0106496 0.0250167 0.00440869
         vertex -0.0082 0.025 0.004
      endloop
   endfacet
   facet normal 0 -0.929529 -0.368749
      outer loop
         vertex -0.0082 0.0253524 0.00215625
         vertex -0.0107915 0.0251411 0.00283005
         vertex -0.0107928 0.0251422 0.00281624
      endloop
   endfacet
   facet normal 0 -1 1.83697e-16
      outer loop
         vertex -0.0082 0.025 0.004
         vertex -0.010686 0.0250486 0.00400382
         vertex -0.0107915 0.0251411 0.00283005
      endloop
   endfacet
   facet normal 0 -0.972214 -0.234093
      outer loop
         vertex -0.0107915 0.0251411 0.00283005
         vertex -0.0082 0.0253524 0.00215625
         vertex -0.0082 0.025 0.004
      endloop
   endfacet
   facet normal 0 -0.728048 -0.685526
      outer loop
         vertex -0.0082 0.0263598 0.000572371
         vertex -0.0082 0.0253524 0.00215625
         vertex -0.010752 0.0258072 0.00127596
      endloop
   endfacet
   facet normal 0 -0.929529 -0.368749
      outer loop
         vertex -0.0082 0.0253524 0.00215625
         vertex -0.010776 0.0254154 0.00218346
         vertex -0.010752 0.0258072 0.00127596
      endloop
   endfacet
   facet normal 0 -0.838561 -0.544808
      outer loop
         vertex -0.010752 0.0258072 0.00127596
         vertex -0.0106832 0.0262443 0.00080272
         vertex -0.0082 0.0263598 0.000572371
      endloop
   endfacet
   facet normal 0 -0.423955 -0.905683
      outer loop
         vertex -0.0082 0.0278802 -0.000528416
         vertex -0.0082 0.0263598 0.000572371
         vertex -0.0105717 0.0269522 3.62815e-05
      endloop
   endfacet
   facet normal 0 -0.728048 -0.685526
      outer loop
         vertex -0.0082 0.0263598 0.000572371
         vertex -0.0106568 0.0264123 0.000620873
         vertex -0.0105717 0.0269522 3.62815e-05
      endloop
   endfacet
   facet normal 0 -0.0601087 -0.998192
      outer loop
         vertex -0.0082 0.0296995 -0.000990959
         vertex -0.0082 0.0278802 -0.000528416
         vertex -0.0103672 0.0283843 -0.000731765
      endloop
   endfacet
   facet normal 0 -0.323134 -0.946353
      outer loop
         vertex -0.0103672 0.0283843 -0.000731765
         vertex -0.0102934 0.0296429 -0.000940716
         vertex -0.0082 0.0296995 -0.000990959
      endloop
   endfacet
   facet normal 0 -0.423955 -0.905683
      outer loop
         vertex -0.0082 0.0278802 -0.000528416
         vertex -0.0104352 0.0279081 -0.000476371
         vertex -0.0103672 0.0283843 -0.000731765
      endloop
   endfacet
   facet normal 0 0.31221 -0.950013
      outer loop
         vertex -0.0082 0.031561 -0.000750066
         vertex -0.0082 0.0296995 -0.000990959
         vertex -0.0102724 0.03 -0.001
      endloop
   endfacet
   facet normal 0 -0.0601087 -0.998192
      outer loop
         vertex -0.0082 0.0296995 -0.000990959
         vertex -0.0102897 0.0297061 -0.000951199
         vertex -0.0102724 0.03 -0.001
      endloop
   endfacet
   facet normal 0 0.640524 -0.767938
      outer loop
         vertex -0.0082 0.0332026 0.00016031
         vertex -0.0082 0.031561 -0.000750066
         vertex -0.0103698 0.0317234 -0.000693601
      endloop
   endfacet
   facet normal 0 0.34468 -0.93872
      outer loop
         vertex -0.0103698 0.0317234 -0.000693601
         vertex -0.0105909 0.0331746 0.000137102
         vertex -0.0082 0.0332026 0.00016031
      endloop
   endfacet
   facet normal 0 0.31221 -0.950013
      outer loop
         vertex -0.0082 0.031561 -0.000750066
         vertex -0.0103603 0.0315563 -0.000723312
         vertex -0.0103698 0.0317234 -0.000693601
      endloop
   endfacet
   facet normal 0 0.878562 -0.477628
      outer loop
         vertex -0.0082 0.0343928 0.00161186
         vertex -0.0107017 0.0337782 0.000822209
         vertex -0.010785 0.0342318 0.00133701
      endloop
   endfacet
   facet normal 0 0.640524 -0.767938
      outer loop
         vertex -0.0082 0.0332026 0.00016031
         vertex -0.0105953 0.0331984 0.000164075
         vertex -0.0107017 0.0337782 0.000822209
      endloop
   endfacet
   facet normal 0 0.765299 -0.643675
      outer loop
         vertex -0.0107017 0.0337782 0.000822209
         vertex -0.0082 0.0343928 0.00161186
         vertex -0.0082 0.0332026 0.00016031
      endloop
   endfacet
   facet normal 0 0.878562 -0.477628
      outer loop
         vertex -0.0082 0.0343928 0.00161186
         vertex -0.0108009 0.0343556 0.0016277
         vertex -0.0108648 0.0348526 0.00279488
      endloop
   endfacet
   facet normal 0 0.970519 -0.241025
      outer loop
         vertex -0.0108648 0.0348526 0.00279488
         vertex -0.0082 0.0349639 0.0034
         vertex -0.0082 0.0343928 0.00161186
      endloop
   endfacet
   facet normal 0 0.970519 -0.241025
      outer loop
         vertex -0.0108648 0.0348526 0.00279488
         vertex -0.0108627 0.0348686 0.00288191
         vertex -0.0082 0.0349639 0.0034
      endloop
   endfacet
   facet normal 0 0.974629 -0.223827
      outer loop
         vertex -0.0108627 0.0348686 0.00288191
         vertex -0.0108507 0.0349639 0.0034
         vertex -0.0082 0.0349639 0.0034
      endloop
   endfacet
   facet normal 0 0.846368 -0.532598
      outer loop
         vertex -0.010785 0.0342318 0.00133701
         vertex -0.0108009 0.0343556 0.0016277
         vertex -0.0082 0.0343928 0.00161186
      endloop
   endfacet
   facet normal 0 0.634918 -0.77258
      outer loop
         vertex -0.0105909 0.0331746 0.000137102
         vertex -0.0105953 0.0331984 0.000164075
         vertex -0.0082 0.0332026 0.00016031
      endloop
   endfacet
   facet normal 0 0 -1
      outer loop
         vertex -0.0102724 0.03 -0.001
         vertex -0.0103603 0.0315563 -0.000723312
         vertex -0.0082 0.031561 -0.000750066
      endloop
   endfacet
   facet normal 0 -0.0720862 -0.997398
      outer loop
         vertex -0.0102934 0.0296429 -0.000940716
         vertex -0.0102897 0.0297061 -0.000951199
         vertex -0.0082 0.0296995 -0.000990959
      endloop
   endfacet
   facet normal 0 -0.609555 -0.792744
      outer loop
         vertex -0.0105717 0.0269522 3.62815e-05
         vertex -0.0104352 0.0279081 -0.000476371
         vertex -0.0082 0.0278802 -0.000528416
      endloop
   endfacet
   facet normal 0 -0.761445 -0.64823
      outer loop
         vertex -0.0106832 0.0262443 0.00080272
         vertex -0.0106568 0.0264123 0.000620873
         vertex -0.0082 0.0263598 0.000572371
      endloop
   endfacet
   facet normal 0 -0.97157 -0.236753
      outer loop
         vertex -0.0107928 0.0251422 0.00281624
         vertex -0.010776 0.0254154 0.00218346
         vertex -0.0082 0.0253524 0.00215625
      endloop
   endfacet
   facet normal 0 -0.996654 0.0817375
      outer loop
         vertex -0.0106496 0.0250167 0.00440869
         vertex -0.010686 0.0250486 0.00400382
         vertex -0.0082 0.025 0.004
      endloop
   endfacet
   facet normal 0 -0.922268 0.386552
      outer loop
         vertex -0.0103514 0.0253887 0.00593276
         vertex -0.0103694 0.0253661 0.00584036
         vertex -0.0082 0.0253524 0.00584375
      endloop
   endfacet
   facet normal 0 -0.477541 0.87861
      outer loop
         vertex -0.00956574 0.0276123 0.00839305
         vertex -0.00991885 0.0263746 0.00740903
         vertex -0.0082 0.0263598 0.00742763
      endloop
   endfacet
   facet normal 0 -0.150909 0.988548
      outer loop
         vertex -0.0093616 0.0292455 0.00894274
         vertex -0.00953054 0.0278939 0.00848783
         vertex -0.0082 0.0278802 0.00852842
      endloop
   endfacet
   facet normal 0 0.166804 0.98599
      outer loop
         vertex -0.00940757 0.030834 0.00892995
         vertex -0.00937473 0.029699 0.00893909
         vertex -0.0082 0.0296995 0.00899096
      endloop
   endfacet
   facet normal 0 0.453312 0.891352
      outer loop
         vertex -0.00964865 0.0322666 0.00845676
         vertex -0.0095269 0.0315431 0.00869573
         vertex -0.0082 0.031561 0.00875007
      endloop
   endfacet
   facet normal 0 0.708071 0.706141
      outer loop
         vertex -0.0100274 0.0335404 0.00753071
         vertex -0.00991801 0.0331724 0.00779822
         vertex -0.0082 0.0332026 0.00783969
      endloop
   endfacet
   facet normal 0 0.903797 0.427961
      outer loop
         vertex -0.0104506 0.034519 0.00613981
         vertex -0.010382 0.0343603 0.00636536
         vertex -0.0082 0.0343928 0.00638814
      endloop
   endfacet
   facet normal 0.990268 0.13754 -0.021257
      outer loop
         vertex -0.0082 0.036363 0.0046
         vertex -0.0082 0.0361775 0.0034
         vertex -0.0101 0.0498572 0.0034
      endloop
   endfacet
   facet normal 0.990268 0.13754 -0.021257
      outer loop
         vertex -0.0101 0.0498572 0.0034
         vertex -0.0101 0.0500427 0.0046
         vertex -0.0082 0.036363 0.0046
      endloop
   endfacet
   facet normal 0 0.988267 -0.152738
      outer loop
         vertex -0.00548946 0.0484695 -0.00557876
         vertex -0.00605715 0.048342 -0.00640381
         vertex -0.00737015 0.0484774 -0.00552785
      endloop
   endfacet
   facet normal 0 0.988267 -0.152738
      outer loop
         vertex -0.00419373 0.0481623 -0.00756694
         vertex -0.00377198 0.0483144 -0.00658247
         vertex -0.00191014 0.0482104 -0.00725548
      endloop
   endfacet
   facet normal 0 0.988267 -0.152738
      outer loop
         vertex -0.00605715 0.048342 -0.00640381
         vertex -0.00548946 0.0484695 -0.00557876
         vertex -0.00450614 0.0483554 -0.00631709
      endloop
   endfacet
   facet normal 0 0.988267 -0.152738
      outer loop
         vertex -0.00737015 0.0484774 -0.00552785
         vertex -0.00711087 0.0486577 -0.0043613
         vertex -0.00548946 0.0484695 -0.00557876
      endloop
   endfacet
   facet normal 0 0.988267 -0.152738
      outer loop
         vertex 0.00916174 0.0488159 -0.00333793
         vertex 0.00828662 0.048908 -0.00274173
         vertex 0.00929272 0.0491743 -0.00101893
      endloop
   endfacet
   facet normal 0 0.988267 -0.152738
      outer loop
         vertex 0.00620157 0.0483328 -0.00646369
         vertex 0.0055113 0.0484637 -0.00561665
         vertex 0.00704673 0.048669 -0.00428832
      endloop
   endfacet
   facet normal 0 0.988267 -0.152738
      outer loop
         vertex 0.0055113 0.0484637 -0.00561665
         vertex 0.00620157 0.0483328 -0.00646369
         vertex 0.00612397 0.0483271 -0.00650021
      endloop
   endfacet
   facet normal 0 0.988267 -0.152738
      outer loop
         vertex 0.00374229 0.0483252 -0.00651287
         vertex 0.00412884 0.048182 -0.00743903
         vertex 0.00256315 0.0480682 -0.00817577
      endloop
   endfacet
   facet normal 0 0.988267 -0.152738
      outer loop
         vertex -0.00191014 0.0482104 -0.00725548
         vertex -0.00210262 0.0480665 -0.00818635
         vertex -0.00419373 0.0481623 -0.00756694
      endloop
   endfacet
   facet normal 0 0.988267 -0.152738
      outer loop
         vertex -0.00377198 0.0483144 -0.00658247
         vertex -0.00419373 0.0481623 -0.00756694
         vertex -0.00440952 0.0481721 -0.00750302
      endloop
   endfacet
   facet normal 0 0.988267 -0.152738
      outer loop
         vertex -0.00737015 0.0484774 -0.00552785
         vertex -0.0077605 0.0485544 -0.00502989
         vertex -0.00711087 0.0486577 -0.0043613
      endloop
   endfacet
   facet normal 0 0.988267 -0.152738
      outer loop
         vertex -0.00826704 0.0489118 -0.00271694
         vertex -0.00912467 0.0488233 -0.00328964
         vertex -0.0098124 0.0489589 -0.00241231
      endloop
   endfacet
   facet normal 0 0.988267 -0.152738
      outer loop
         vertex -0.0108153 0.0494365 0.000677926
         vertex -0.00980131 0.0494697 0.000892599
         vertex -0.00929938 0.0491715 -0.0010369
      endloop
   endfacet
   facet normal 0 0.988267 -0.152738
      outer loop
         vertex -0.00980131 0.0494697 0.000892599
         vertex -0.0108153 0.0494365 0.000677926
         vertex -0.0110207 0.0495343 0.00131071
      endloop
   endfacet
   facet normal 0 0.988267 -0.152738
      outer loop
         vertex -0.0109944 0.0497778 0.00288592
         vertex -0.0101629 0.0497873 0.00294774
         vertex -0.0101086 0.0496522 0.00207384
      endloop
   endfacet
   facet normal 0 0.988267 -0.152738
      outer loop
         vertex 0.00975721 0.0494693 0.000890415
         vertex 0.0107378 0.0494349 0.000667401
         vertex 0.0106229 0.0492597 -0.000466303
      endloop
   endfacet
   facet normal 0 0.988267 -0.152738
      outer loop
         vertex 0.0107378 0.0494349 0.000667401
         vertex 0.00975721 0.0494693 0.000890415
         vertex 0.0101146 0.0497889 0.00295776
      endloop
   endfacet
   facet normal 0 0.988267 -0.152738
      outer loop
         vertex 0.00828662 0.048908 -0.00274173
         vertex 0.00916174 0.0488159 -0.00333793
         vertex 0.0089114 0.0487398 -0.00382995
      endloop
   endfacet
   facet normal 0 0.988267 -0.152738
      outer loop
         vertex 0.00929272 0.0491743 -0.00101893
         vertex 0.0101561 0.0491179 -0.00138357
         vertex 0.00916174 0.0488159 -0.00333793
      endloop
   endfacet
   facet normal 0 0.988267 -0.152738
      outer loop
         vertex 0.00612397 0.0483271 -0.00650021
         vertex 0.00508885 0.0484072 -0.00598211
         vertex 0.0055113 0.0484637 -0.00561665
      endloop
   endfacet
   facet normal 0 0.988267 -0.152738
      outer loop
         vertex 0.00772836 0.0485621 -0.00497977
         vertex 0.00704673 0.048669 -0.00428832
         vertex 0.00772723 0.04876 -0.00369962
      endloop
   endfacet
   facet normal 0 0.988267 -0.152738
      outer loop
         vertex 0.00256315 0.0480682 -0.00817577
         vertex 0.0019026 0.0482131 -0.00723799
         vertex 0.00374229 0.0483252 -0.00651287
      endloop
   endfacet
   facet normal 0 0.988267 -0.152738
      outer loop
         vertex -0.00440952 0.0481721 -0.00750302
         vertex -0.00450614 0.0483554 -0.00631709
         vertex -0.00377198 0.0483144 -0.00658247
      endloop
   endfacet
   facet normal 0 0.988267 -0.152738
      outer loop
         vertex -0.0077605 0.0485544 -0.00502989
         vertex -0.00716521 0.048664 -0.0043205
         vertex -0.00711087 0.0486577 -0.0043613
      endloop
   endfacet
   facet normal 0 0.988267 -0.152738
      outer loop
         vertex -0.00912467 0.0488233 -0.00328964
         vertex -0.00826704 0.0489118 -0.00271694
         vertex -0.00716521 0.048664 -0.0043205
      endloop
   endfacet
   facet normal 0 0.988267 -0.152738
      outer loop
         vertex -0.0098124 0.0489589 -0.00241231
         vertex -0.00922502 0.0491273 -0.00132275
         vertex -0.00826704 0.0489118 -0.00271694
      endloop
   endfacet
   facet normal 0 0.988267 -0.152738
      outer loop
         vertex -0.0110207 0.0495343 0.00131071
         vertex -0.0101086 0.0496522 0.00207384
         vertex -0.00980131 0.0494697 0.000892599
      endloop
   endfacet
   facet normal 0 0.988267 -0.152738
      outer loop
         vertex -0.0109944 0.0497778 0.00288592
         vertex -0.010191 0.0498572 0.0034
         vertex -0.0101629 0.0497873 0.00294774
      endloop
   endfacet
   facet normal 0 0.988267 -0.152738
      outer loop
         vertex 0.0106229 0.0492597 -0.000466303
         vertex 0.00948369 0.0492248 -0.000691924
         vertex 0.00975721 0.0494693 0.000890415
      endloop
   endfacet
   facet normal 0 0.988267 -0.152738
      outer loop
         vertex 0.0101146 0.0497889 0.00295776
         vertex 0.0109652 0.0497816 0.00291089
         vertex 0.0107378 0.0494349 0.000667401
      endloop
   endfacet
   facet normal 0 0.988267 -0.152738
      outer loop
         vertex 0.00929272 0.0491743 -0.00101893
         vertex 0.00948369 0.0492248 -0.000691924
         vertex 0.0101561 0.0491179 -0.00138357
      endloop
   endfacet
   facet normal 0 0.988267 -0.152738
      outer loop
         vertex 0.00772723 0.04876 -0.00369962
         vertex 0.0089114 0.0487398 -0.00382995
         vertex 0.00772836 0.0485621 -0.00497977
      endloop
   endfacet
   facet normal 0 0.988267 -0.152738
      outer loop
         vertex 0.00212515 0.0480636 -0.00820516
         vertex 0.00166625 0.0481987 -0.00733114
         vertex 0.0019026 0.0482131 -0.00723799
      endloop
   endfacet
   facet normal 0 0.988267 -0.152738
      outer loop
         vertex 0.00412884 0.048182 -0.00743903
         vertex 0.00374229 0.0483252 -0.00651287
         vertex 0.00508885 0.0484072 -0.00598211
      endloop
   endfacet
   facet normal 0 0.988267 -0.152738
      outer loop
         vertex 7.14782e-07 0.0481998 -0.00732397
         vertex -1.11356e-05 0.0480415 -0.00834846
         vertex -0.0012702 0.0480284 -0.00843292
      endloop
   endfacet
   facet normal 0 0.988267 -0.152738
      outer loop
         vertex -0.00450614 0.0483554 -0.00631709
         vertex -0.00440952 0.0481721 -0.00750302
         vertex -0.00605715 0.048342 -0.00640381
      endloop
   endfacet
   facet normal 0 0.988267 -0.152738
      outer loop
         vertex -0.0098124 0.0489589 -0.00241231
         vertex -0.0101411 0.0491154 -0.00139964
         vertex -0.00922502 0.0491273 -0.00132275
      endloop
   endfacet
   facet normal 0 0.988267 -0.152738
      outer loop
         vertex -0.00929938 0.0491715 -0.0010369
         vertex -0.0101411 0.0491154 -0.00139964
         vertex -0.0108153 0.0494365 0.000677926
      endloop
   endfacet
   facet normal 0 0.988267 -0.152738
      outer loop
         vertex -0.0109944 0.0497778 0.00288592
         vertex -0.0101568 0.0500427 0.0046
         vertex -0.010191 0.0498572 0.0034
      endloop
   endfacet
   facet normal 0 0.988267 -0.152738
      outer loop
         vertex 0.00664842 0.051124 0.0115966
         vertex 0.00485346 0.0512339 0.0123078
         vertex 0.00535613 0.0513706 0.0131922
      endloop
   endfacet
   facet normal 0 0.988267 -0.152738
      outer loop
         vertex 0.0101146 0.0497889 0.00295776
         vertex 0.010191 0.0498572 0.0034
         vertex 0.0109652 0.0497816 0.00291089
      endloop
   endfacet
   facet normal 0 0.988267 -0.152738
      outer loop
         vertex 0.00704673 0.048669 -0.00428832
         vertex 0.00772836 0.0485621 -0.00497977
         vertex 0.00620157 0.0483328 -0.00646369
      endloop
   endfacet
   facet normal 0 0.988267 -0.152738
      outer loop
         vertex 0.00508885 0.0484072 -0.00598211
         vertex 0.00612397 0.0483271 -0.00650021
         vertex 0.00412884 0.048182 -0.00743903
      endloop
   endfacet
   facet normal 0 0.988267 -0.152738
      outer loop
         vertex -0.0012702 0.0480284 -0.00843292
         vertex -0.00174142 0.048201 -0.00731647
         vertex 7.14782e-07 0.0481998 -0.00732397
      endloop
   endfacet
   facet normal 0 0.988267 -0.152738
      outer loop
         vertex -1.11356e-05 0.0480415 -0.00834846
         vertex 7.14782e-07 0.0481998 -0.00732397
         vertex 0.00166625 0.0481987 -0.00733114
      endloop
   endfacet
   facet normal 0 0.988267 -0.152738
      outer loop
         vertex -0.00716521 0.048664 -0.0043205
         vertex -0.0077605 0.0485544 -0.00502989
         vertex -0.00912467 0.0488233 -0.00328964
      endloop
   endfacet
   facet normal 0 0.988267 -0.152738
      outer loop
         vertex -0.0101086 0.0496522 0.00207384
         vertex -0.0110207 0.0495343 0.00131071
         vertex -0.0109944 0.0497778 0.00288592
      endloop
   endfacet
   facet normal 0 0.988267 -0.152738
      outer loop
         vertex -0.00937676 0.0509455 0.0104417
         vertex -0.00888052 0.0510625 0.0111985
         vertex -0.00808556 0.0509682 0.0105885
      endloop
   endfacet
   facet normal 0 0.988267 -0.152738
      outer loop
         vertex 0.00490224 0.0513816 0.0132632
         vertex 0.00462456 0.0512392 0.0123422
         vertex 1.08317e-19 0.0513466 0.0130366
      endloop
   endfacet
   facet normal 0 0.988267 -0.152738
      outer loop
         vertex 0.00708175 0.0512577 0.0124614
         vertex 0.0076302 0.0512218 0.0122291
         vertex 0.0069453 0.0511058 0.0114789
      endloop
   endfacet
   facet normal 0 0.988267 -0.152738
      outer loop
         vertex 0.00485346 0.0512339 0.0123078
         vertex 0.00490224 0.0513816 0.0132632
         vertex 0.00535613 0.0513706 0.0131922
      endloop
   endfacet
   facet normal 0 0.988267 -0.152738
      outer loop
         vertex 0.00991259 0.0508061 0.00953961
         vertex 0.0101737 0.0507341 0.0090737
         vertex 0.00916464 0.0507091 0.00891236
      endloop
   endfacet
   facet normal 0 0.988267 -0.152738
      outer loop
         vertex 0.00939683 0.0509483 0.0104598
         vertex 0.00991259 0.0508061 0.00953961
         vertex 0.00902615 0.0507445 0.00914093
      endloop
   endfacet
   facet normal 0 0.988267 -0.152738
      outer loop
         vertex 0.0105455 0.0504793 0.00742506
         vertex 0.0111507 0.0500645 0.00474158
         vertex 0.0101568 0.0500427 0.0046
      endloop
   endfacet
   facet normal 0 0.988267 -0.152738
      outer loop
         vertex 0.0106229 0.0492597 -0.000466303
         vertex 0.0101561 0.0491179 -0.00138357
         vertex 0.00948369 0.0492248 -0.000691924
      endloop
   endfacet
   facet normal 0 0.988267 -0.152738
      outer loop
         vertex 0.00256315 0.0480682 -0.00817577
         vertex 0.00212515 0.0480636 -0.00820516
         vertex 0.0019026 0.0482131 -0.00723799
      endloop
   endfacet
   facet normal 0 0.988267 -0.152738
      outer loop
         vertex 0.00166625 0.0481987 -0.00733114
         vertex 0.00212515 0.0480636 -0.00820516
         vertex -1.11356e-05 0.0480415 -0.00834846
      endloop
   endfacet
   facet normal 0 0.988267 -0.152738
      outer loop
         vertex -0.00929938 0.0491715 -0.0010369
         vertex -0.00922502 0.0491273 -0.00132275
         vertex -0.0101411 0.0491154 -0.00139964
      endloop
   endfacet
   facet normal 0 0.988267 -0.152738
      outer loop
         vertex -0.00937676 0.0509455 0.0104417
         vertex -0.00856243 0.05086 0.00988816
         vertex -0.00905804 0.0507475 0.00916035
      endloop
   endfacet
   facet normal 0 0.988267 -0.152738
      outer loop
         vertex -0.00808556 0.0509682 0.0105885
         vertex -0.00856243 0.05086 0.00988816
         vertex -0.00937676 0.0509455 0.0104417
      endloop
   endfacet
   facet normal 0 0.988267 -0.152738
      outer loop
         vertex -0.00723084 0.051257 0.0124572
         vertex -0.00668476 0.0511274 0.0116186
         vertex -0.00807827 0.050969 0.0105938
      endloop
   endfacet
   facet normal 0 0.988267 -0.152738
      outer loop
         vertex -0.00487892 0.0513759 0.0132266
         vertex -0.00458545 0.0512211 0.0122247
         vertex -0.0066606 0.0511285 0.0116256
      endloop
   endfacet
   facet normal 0 0.988267 -0.152738
      outer loop
         vertex -0.00458545 0.0512211 0.0122247
         vertex -0.00487892 0.0513759 0.0132266
         vertex -0.00350524 0.0514454 0.013676
      endloop
   endfacet
   facet normal 0 0.988267 -0.152738
      outer loop
         vertex 0.00490224 0.0513816 0.0132632
         vertex 0.00485346 0.0512339 0.0123078
         vertex 0.00462456 0.0512392 0.0123422
      endloop
   endfacet
   facet normal 0 0.988267 -0.152738
      outer loop
         vertex 0.00535613 0.0513706 0.0131922
         vertex 0.00708175 0.0512577 0.0124614
         vertex 0.00664842 0.051124 0.0115966
      endloop
   endfacet
   facet normal 0 0.988267 -0.152738
      outer loop
         vertex 0.00875392 0.0510677 0.0112324
         vertex 0.00917117 0.0510105 0.0108623
         vertex 0.00827491 0.0509361 0.0103808
      endloop
   endfacet
   facet normal 0 0.988267 -0.152738
      outer loop
         vertex 0.0076302 0.0512218 0.0122291
         vertex 0.00875392 0.0510677 0.0112324
         vertex 0.00805324 0.0509644 0.0105639
      endloop
   endfacet
   facet normal 0 0.988267 -0.152738
      outer loop
         vertex 0.00902615 0.0507445 0.00914093
         vertex 0.00856849 0.0508612 0.00989628
         vertex 0.00939683 0.0509483 0.0104598
      endloop
   endfacet
   facet normal 0 0.988267 -0.152738
      outer loop
         vertex 0.00827491 0.0509361 0.0103808
         vertex 0.00917117 0.0510105 0.0108623
         vertex 0.00939683 0.0509483 0.0104598
      endloop
   endfacet
   facet normal 0 0.988267 -0.152738
      outer loop
         vertex 0.0111507 0.0500645 0.00474158
         vertex 0.0109652 0.0497816 0.00291089
         vertex 0.0101568 0.0500427 0.0046
      endloop
   endfacet
   facet normal 0 0.988267 -0.152738
      outer loop
         vertex 0.00956419 0.0504407 0.00717573
         vertex 0.00916464 0.0507091 0.00891236
         vertex 0.0101737 0.0507341 0.0090737
      endloop
   endfacet
   facet normal 0 0.988267 -0.152738
      outer loop
         vertex 0.0089114 0.0487398 -0.00382995
         vertex 0.00772723 0.04876 -0.00369962
         vertex 0.00828662 0.048908 -0.00274173
      endloop
   endfacet
   facet normal 0 0.988267 -0.152738
      outer loop
         vertex -0.00191014 0.0482104 -0.00725548
         vertex -0.00174142 0.048201 -0.00731647
         vertex -0.00210262 0.0480665 -0.00818635
      endloop
   endfacet
   facet normal 0 0.988267 -0.152738
      outer loop
         vertex -0.00888052 0.0510625 0.0111985
         vertex -0.00878829 0.0510733 0.0112689
         vertex -0.00808556 0.0509682 0.0105885
      endloop
   endfacet
   facet normal 0 0.988267 -0.152738
      outer loop
         vertex -0.00807827 0.050969 0.0105938
         vertex -0.00878829 0.0510733 0.0112689
         vertex -0.00723084 0.051257 0.0124572
      endloop
   endfacet
   facet normal 0 0.988267 -0.152738
      outer loop
         vertex -0.00350524 0.0514454 0.013676
         vertex -0.00236351 0.0513202 0.0128661
         vertex -0.00458545 0.0512211 0.0122247
      endloop
   endfacet
   facet normal 0 0.988267 -0.152738
      outer loop
         vertex 0.0069453 0.0511058 0.0114789
         vertex 0.00664842 0.051124 0.0115966
         vertex 0.00708175 0.0512577 0.0124614
      endloop
   endfacet
   facet normal 0 0.988267 -0.152738
      outer loop
         vertex 0.00805324 0.0509644 0.0105639
         vertex 0.0069453 0.0511058 0.0114789
         vertex 0.0076302 0.0512218 0.0122291
      endloop
   endfacet
   facet normal 0 0.988267 -0.152738
      outer loop
         vertex 0.00939683 0.0509483 0.0104598
         vertex 0.00856849 0.0508612 0.00989628
         vertex 0.00827491 0.0509361 0.0103808
      endloop
   endfacet
   facet normal 0 0.988267 -0.152738
      outer loop
         vertex 0.0101737 0.0507341 0.0090737
         vertex 0.0105455 0.0504793 0.00742506
         vertex 0.00956419 0.0504407 0.00717573
      endloop
   endfacet
   facet normal 0 0.988267 -0.152738
      outer loop
         vertex -0.0012702 0.0480284 -0.00843292
         vertex -0.00210262 0.0480665 -0.00818635
         vertex -0.00174142 0.048201 -0.00731647
      endloop
   endfacet
   facet normal 0 0.988267 -0.152738
      outer loop
         vertex -0.0101 0.0498572 0.0034
         vertex -0.010191 0.0498572 0.0034
         vertex -0.0101568 0.0500427 0.0046
      endloop
   endfacet
   facet normal 0 0.988267 -0.152738
      outer loop
         vertex -0.00953891 0.0504395 0.00716744
         vertex -0.0101568 0.0500427 0.0046
         vertex -0.0109364 0.0503166 0.00637261
      endloop
   endfacet
   facet normal 0 0.988267 -0.152738
      outer loop
         vertex -0.0106194 0.0504811 0.00743661
         vertex -0.0100133 0.0507955 0.00947085
         vertex -0.00905998 0.050747 0.00915751
      endloop
   endfacet
   facet normal 0 0.988267 -0.152738
      outer loop
         vertex -0.00905804 0.0507475 0.00916035
         vertex -0.00995384 0.0508095 0.00956159
         vertex -0.00937676 0.0509455 0.0104417
      endloop
   endfacet
   facet normal 0 0.988267 -0.152738
      outer loop
         vertex -0.00723084 0.051257 0.0124572
         vertex -0.00710024 0.0512636 0.0124999
         vertex -0.00668476 0.0511274 0.0116186
      endloop
   endfacet
   facet normal 0 0.988267 -0.152738
      outer loop
         vertex -0.0066606 0.0511285 0.0116256
         vertex -0.00710024 0.0512636 0.0124999
         vertex -0.00487892 0.0513759 0.0132266
      endloop
   endfacet
   facet normal 0 0.988267 -0.152738
      outer loop
         vertex 5.55112e-17 0.0515 0.0140295
         vertex 1.08317e-19 0.0513466 0.0130366
         vertex -0.00236351 0.0513202 0.0128661
      endloop
   endfacet
   facet normal 0 0.988267 -0.152738
      outer loop
         vertex 0.00827491 0.0509361 0.0103808
         vertex 0.00805324 0.0509644 0.0105639
         vertex 0.00875392 0.0510677 0.0112324
      endloop
   endfacet
   facet normal 0 0.988267 -0.152738
      outer loop
         vertex 0.0101568 0.0500427 0.0046
         vertex 0.00956419 0.0504407 0.00717573
         vertex 0.0105455 0.0504793 0.00742506
      endloop
   endfacet
   facet normal 0 0.988267 -0.152738
      outer loop
         vertex 0.0101 0.0498572 0.0034
         vertex 0.0101 0.0500427 0.0046
         vertex 0.0101568 0.0500427 0.0046
      endloop
   endfacet
   facet normal 0 0.988267 -0.152738
      outer loop
         vertex -0.0101568 0.0500427 0.0046
         vertex -0.0101 0.0500427 0.0046
         vertex -0.0101 0.0498572 0.0034
      endloop
   endfacet
   facet normal 0 0.988267 -0.152738
      outer loop
         vertex -0.0109364 0.0503166 0.00637261
         vertex -0.0106194 0.0504811 0.00743661
         vertex -0.00953891 0.0504395 0.00716744
      endloop
   endfacet
   facet normal 0 0.988267 -0.152738
      outer loop
         vertex -0.00905998 0.050747 0.00915751
         vertex -0.00953891 0.0504395 0.00716744
         vertex -0.0106194 0.0504811 0.00743661
      endloop
   endfacet
   facet normal 0 0.988267 -0.152738
      outer loop
         vertex -0.00807827 0.050969 0.0105938
         vertex -0.00808556 0.0509682 0.0105885
         vertex -0.00878829 0.0510733 0.0112689
      endloop
   endfacet
   facet normal 0 0.988267 -0.152738
      outer loop
         vertex -0.00236351 0.0513202 0.0128661
         vertex -0.00350524 0.0514454 0.013676
         vertex 5.55112e-17 0.0515 0.0140295
      endloop
   endfacet
   facet normal 0 0.988267 -0.152738
      outer loop
         vertex 0.00916464 0.0507091 0.00891236
         vertex 0.00902615 0.0507445 0.00914093
         vertex 0.00991259 0.0508061 0.00953961
      endloop
   endfacet
   facet normal 0 0.988267 -0.152738
      outer loop
         vertex 0.010191 0.0498572 0.0034
         vertex 0.0101568 0.0500427 0.0046
         vertex 0.0109652 0.0497816 0.00291089
      endloop
   endfacet
   facet normal 0 0.988267 -0.152738
      outer loop
         vertex -0.0100133 0.0507955 0.00947085
         vertex -0.00995384 0.0508095 0.00956159
         vertex -0.00905998 0.050747 0.00915751
      endloop
   endfacet
   facet normal 0 0.988267 -0.152738
      outer loop
         vertex -0.0066606 0.0511285 0.0116256
         vertex -0.00668476 0.0511274 0.0116186
         vertex -0.00710024 0.0512636 0.0124999
      endloop
   endfacet
   facet normal 0 0.988267 -0.152738
      outer loop
         vertex 0.0101568 0.0500427 0.0046
         vertex 0.010191 0.0498572 0.0034
         vertex 0.0101 0.0498572 0.0034
      endloop
   endfacet
   facet normal 0 0.988267 -0.152738
      outer loop
         vertex -0.00905804 0.0507475 0.00916035
         vertex -0.00905998 0.050747 0.00915751
         vertex -0.00995384 0.0508095 0.00956159
      endloop
   endfacet
   facet normal 0 0.988267 -0.152738
      outer loop
         vertex -0.0101568 0.0500427 0.0046
         vertex -0.0109944 0.0497778 0.00288592
         vertex -0.0109364 0.0503166 0.00637261
      endloop
   endfacet
   facet normal 0 0.988267 -0.152738
      outer loop
         vertex 1.08317e-19 0.0513466 0.0130366
         vertex 5.55112e-17 0.0515 0.0140295
         vertex 0.00490224 0.0513816 0.0132632
      endloop
   endfacet
   facet normal -0.990268 0.13754 -0.021257
      outer loop
         vertex 0.0082 0.036363 0.0046
         vertex 0.0101 0.0500427 0.0046
         vertex 0.0101 0.0498572 0.0034
      endloop
   endfacet
   facet normal -0.990268 0.13754 -0.021257
      outer loop
         vertex 0.0101 0.0498572 0.0034
         vertex 0.0082 0.0361775 0.0034
         vertex 0.0082 0.036363 0.0046
      endloop
   endfacet
   facet normal -1 0 0
      outer loop
         vertex 0.0082 0.031561 0.00875007
         vertex 0.0082 0.0304784 0.00515485
         vertex 0.0082 0.03 0.00525
      endloop
   endfacet
   facet normal -1 0 0
      outer loop
         vertex 0.0082 0.0296995 -0.000990959
         vertex 0.0082 0.0278802 -0.000528416
         vertex 0.0082 0.0295216 0.00284515
      endloop
   endfacet
   facet normal -1 0 0
      outer loop
         vertex 0.0082 0.0278802 -0.000528416
         vertex 0.0082 0.0263598 0.000572371
         vertex 0.0082 0.0291161 0.00311612
      endloop
   endfacet
   facet normal -1 0 0
      outer loop
         vertex 0.0082 0.031561 0.00875007
         vertex 0.0082 0.0308839 0.00488388
         vertex 0.0082 0.0304784 0.00515485
      endloop
   endfacet
   facet normal -1 0 0
      outer loop
         vertex 0.0082 0.031561 0.00875007
         vertex 0.0082 0.0349639 0.0034
         vertex 0.0082 0.0311548 0.00447835
      endloop
   endfacet
   facet normal -1 0 0
      outer loop
         vertex 0.0082 0.0291161 0.00311612
         vertex 0.0082 0.0295216 0.00284515
         vertex 0.0082 0.0278802 -0.000528416
      endloop
   endfacet
   facet normal -1 0 0
      outer loop
         vertex 0.0082 0.0263598 0.000572371
         vertex 0.0082 0.0253524 0.00215625
         vertex 0.0082 0.0288452 0.00352165
      endloop
   endfacet
   facet normal -1 0 0
      outer loop
         vertex 0.0082 0.0263598 0.00742763
         vertex 0.0082 0.0291161 0.00488388
         vertex 0.0082 0.0288452 0.00447835
      endloop
   endfacet
   facet normal -1 0 0
      outer loop
         vertex 0.0082 0.0278802 0.00852842
         vertex 0.0082 0.0295216 0.00515485
         vertex 0.0082 0.0291161 0.00488388
      endloop
   endfacet
   facet normal -1 0 0
      outer loop
         vertex 0.0082 0.0311548 0.00447835
         vertex 0.0082 0.0308839 0.00488388
         vertex 0.0082 0.031561 0.00875007
      endloop
   endfacet
   facet normal -1 0 0
      outer loop
         vertex 0.0082 0.0332026 0.00016031
         vertex 0.0082 0.031561 -0.000750066
         vertex 0.0082 0.0304784 0.00284515
      endloop
   endfacet
   facet normal -1 0 0
      outer loop
         vertex 0.0082 0.031561 -0.000750066
         vertex 0.0082 0.0296995 -0.000990959
         vertex 0.0082 0.03 0.00275
      endloop
   endfacet
   facet normal -1 0 0
      outer loop
         vertex 0.0082 0.0288452 0.00352165
         vertex 0.0082 0.0291161 0.00311612
         vertex 0.0082 0.0263598 0.000572371
      endloop
   endfacet
   facet normal -1 0 0
      outer loop
         vertex 0.0082 0.0253524 0.00215625
         vertex 0.0082 0.025 0.004
         vertex 0.0082 0.02875 0.004
      endloop
   endfacet
   facet normal -1 0 0
      outer loop
         vertex 0.0082 0.0253524 0.00584375
         vertex 0.0082 0.0288452 0.00447835
         vertex 0.0082 0.02875 0.004
      endloop
   endfacet
   facet normal -1 0 0
      outer loop
         vertex 0.0082 0.0291161 0.00488388
         vertex 0.0082 0.0263598 0.00742763
         vertex 0.0082 0.0278802 0.00852842
      endloop
   endfacet
   facet normal -1 0 0
      outer loop
         vertex 0.0082 0.0349639 0.0034
         vertex 0.0082 0.03125 0.004
         vertex 0.0082 0.0311548 0.00447835
      endloop
   endfacet
   facet normal -1 0 0
      outer loop
         vertex 0.0082 0.0349639 0.0034
         vertex 0.0082 0.0343928 0.00161186
         vertex 0.0082 0.0311548 0.00352165
      endloop
   endfacet
   facet normal -1 0 0
      outer loop
         vertex 0.0082 0.0343928 0.00161186
         vertex 0.0082 0.0332026 0.00016031
         vertex 0.0082 0.0308839 0.00311612
      endloop
   endfacet
   facet normal -1 0 0
      outer loop
         vertex 0.0082 0.03 0.00275
         vertex 0.0082 0.0304784 0.00284515
         vertex 0.0082 0.031561 -0.000750066
      endloop
   endfacet
   facet normal -1 0 0
      outer loop
         vertex 0.0082 0.02875 0.004
         vertex 0.0082 0.0288452 0.00352165
         vertex 0.0082 0.0253524 0.00215625
      endloop
   endfacet
   facet normal -1 0 0
      outer loop
         vertex 0.0082 0.0288452 0.00447835
         vertex 0.0082 0.0253524 0.00584375
         vertex 0.0082 0.0263598 0.00742763
      endloop
   endfacet
   facet normal -1 0 0
      outer loop
         vertex 0.0082 0.0311548 0.00352165
         vertex 0.0082 0.03125 0.004
         vertex 0.0082 0.0349639 0.0034
      endloop
   endfacet
   facet normal -1 0 0
      outer loop
         vertex 0.0082 0.0304784 0.00284515
         vertex 0.0082 0.0308839 0.00311612
         vertex 0.0082 0.0332026 0.00016031
      endloop
   endfacet
   facet normal -1 0 0
      outer loop
         vertex 0.0082 0.02875 0.004
         vertex 0.0082 0.025 0.004
         vertex 0.0082 0.0253524 0.00584375
      endloop
   endfacet
   facet normal -1 0 0
      outer loop
         vertex 0.0082 0.0296995 0.00899096
         vertex 0.0082 0.03 0.00525
         vertex 0.0082 0.0295216 0.00515485
      endloop
   endfacet
   facet normal -1 0 0
      outer loop
         vertex 0.0082 0.031561 0.00875007
         vertex 0.0082 0.0332026 0.00783969
         vertex 0.0082 0.0343928 0.00638814
      endloop
   endfacet
   facet normal -1 0 0
      outer loop
         vertex 0.0082 0.0308839 0.00311612
         vertex 0.0082 0.0311548 0.00352165
         vertex 0.0082 0.0343928 0.00161186
      endloop
   endfacet
   facet normal -1 0 0
      outer loop
         vertex 0.0082 0.0295216 0.00515485
         vertex 0.0082 0.0278802 0.00852842
         vertex 0.0082 0.0296995 0.00899096
      endloop
   endfacet
   facet normal -1 0 0
      outer loop
         vertex 0.0082 0.0349639 0.0046
         vertex 0.0082 0.036363 0.0046
         vertex 0.0082 0.0361775 0.0034
      endloop
   endfacet
   facet normal -1 0 0
      outer loop
         vertex 0.0082 0.0343928 0.00638814
         vertex 0.0082 0.0349639 0.0046
         vertex 0.0082 0.031561 0.00875007
      endloop
   endfacet
   facet normal -1 0 0
      outer loop
         vertex 0.0082 0.0295216 0.00284515
         vertex 0.0082 0.03 0.00275
         vertex 0.0082 0.0296995 -0.000990959
      endloop
   endfacet
   facet normal -1 0 0
      outer loop
         vertex 0.0082 0.0349639 0.0046
         vertex 0.0082 0.0349639 0.0034
         vertex 0.0082 0.031561 0.00875007
      endloop
   endfacet
   facet normal -1 0 0
      outer loop
         vertex 0.0082 0.0361775 0.0034
         vertex 0.0082 0.0349639 0.0034
         vertex 0.0082 0.0349639 0.0046
      endloop
   endfacet
   facet normal -1 0 0
      outer loop
         vertex 0.0082 0.03 0.00525
         vertex 0.0082 0.0296995 0.00899096
         vertex 0.0082 0.031561 0.00875007
      endloop
   endfacet
   facet normal 0 -2.8761e-16 1
      outer loop
         vertex 0.0101568 0.0500427 0.0046
         vertex 0.0101 0.0500427 0.0046
         vertex 0.0082 0.036363 0.0046
      endloop
   endfacet
   facet normal 0 -2.8761e-16 1
      outer loop
         vertex 0.0082 0.036363 0.0046
         vertex 0.0107435 0.0349639 0.0046
         vertex 0.0101568 0.0500427 0.0046
      endloop
   endfacet
   facet normal 0 -2.8761e-16 1
      outer loop
         vertex 0.0082 0.036363 0.0046
         vertex 0.0082 0.0349639 0.0046
         vertex 0.0107435 0.0349639 0.0046
      endloop
   endfacet
   facet normal 0 3.78549e-16 -1
      outer loop
         vertex 0.010191 0.0498572 0.0034
         vertex 0.0108507 0.0349639 0.0034
         vertex 0.0082 0.0361775 0.0034
      endloop
   endfacet
   facet normal 0 3.78549e-16 -1
      outer loop
         vertex 0.0108507 0.0349639 0.0034
         vertex 0.0082 0.0349639 0.0034
         vertex 0.0082 0.0361775 0.0034
      endloop
   endfacet
   facet normal 0 3.78549e-16 -1
      outer loop
         vertex 0.0082 0.0361775 0.0034
         vertex 0.0101 0.0498572 0.0034
         vertex 0.010191 0.0498572 0.0034
      endloop
   endfacet
   facet normal 0 0.878562 -0.477628
      outer loop
         vertex 0.0082 0.0343928 0.00161186
         vertex 0.0082 0.0349639 0.0034
         vertex 0.0108472 0.0348226 0.00288215
      endloop
   endfacet
   facet normal 0 0.974172 -0.225805
      outer loop
         vertex 0.0108472 0.0348226 0.00288215
         vertex 0.0108414 0.0345811 0.00199652
         vertex 0.0082 0.0343928 0.00161186
      endloop
   endfacet
   facet normal 0 0.992774 -0.12
      outer loop
         vertex 0.0082 0.0349639 0.0034
         vertex 0.0108507 0.0349639 0.0034
         vertex 0.0108472 0.0348226 0.00288215
      endloop
   endfacet
   facet normal 0 0.640524 -0.767938
      outer loop
         vertex 0.0082 0.0332026 0.00016031
         vertex 0.0082 0.0343928 0.00161186
         vertex 0.0106917 0.0337271 0.000666997
      endloop
   endfacet
   facet normal 0 0.878562 -0.477628
      outer loop
         vertex 0.0082 0.0343928 0.00161186
         vertex 0.0107088 0.0338247 0.000818952
         vertex 0.0106917 0.0337271 0.000666997
      endloop
   endfacet
   facet normal 0 0.878562 -0.477628
      outer loop
         vertex 0.0082 0.0343928 0.00161186
         vertex 0.0108011 0.0343512 0.0016386
         vertex 0.0107088 0.0338247 0.000818952
      endloop
   endfacet
   facet normal 0 0.31221 -0.950013
      outer loop
         vertex 0.0082 0.031561 -0.000750066
         vertex 0.0082 0.0332026 0.00016031
         vertex 0.0104686 0.0324507 -0.00035823
      endloop
   endfacet
   facet normal 0 0.640524 -0.767938
      outer loop
         vertex 0.0082 0.0332026 0.00016031
         vertex 0.0105928 0.0331609 0.000212236
         vertex 0.0104686 0.0324507 -0.00035823
      endloop
   endfacet
   facet normal 0 -0.0601087 -0.998192
      outer loop
         vertex 0.0082 0.0296995 -0.000990959
         vertex 0.0082 0.031561 -0.000750066
         vertex 0.0102947 0.0308495 -0.000927314
      endloop
   endfacet
   facet normal 0 0.31221 -0.950013
      outer loop
         vertex 0.0082 0.031561 -0.000750066
         vertex 0.0103694 0.0315372 -0.000682893
         vertex 0.0102947 0.0308495 -0.000927314
      endloop
   endfacet
   facet normal 0 -0.423955 -0.905683
      outer loop
         vertex 0.0082 0.0278802 -0.000528416
         vertex 0.0082 0.0296995 -0.000990959
         vertex 0.010298 0.0291959 -0.000934923
      endloop
   endfacet
   facet normal 0 -0.0601087 -0.998192
      outer loop
         vertex 0.0082 0.0296995 -0.000990959
         vertex 0.010297 0.0296992 -0.000932607
         vertex 0.0102971 0.029643 -0.000932865
      endloop
   endfacet
   facet normal 0 -0.0721734 -0.997392
      outer loop
         vertex 0.0102971 0.029643 -0.000932865
         vertex 0.010298 0.0291959 -0.000934923
         vertex 0.0082 0.0296995 -0.000990959
      endloop
   endfacet
   facet normal 0 -0.728048 -0.685526
      outer loop
         vertex 0.0082 0.0263598 0.000572371
         vertex 0.0082 0.0278802 -0.000528416
         vertex 0.0104557 0.0276956 -0.0004373
      endloop
   endfacet
   facet normal 0 -0.460885 -0.88746
      outer loop
         vertex 0.0104557 0.0276956 -0.0004373
         vertex 0.0106638 0.0263838 0.000547058
         vertex 0.0082 0.0263598 0.000572371
      endloop
   endfacet
   facet normal 0 -0.423955 -0.905683
      outer loop
         vertex 0.0082 0.0278802 -0.000528416
         vertex 0.0104353 0.0278892 -0.000501507
         vertex 0.0104557 0.0276956 -0.0004373
      endloop
   endfacet
   facet normal 0 -0.929529 -0.368749
      outer loop
         vertex 0.0082 0.0253524 0.00215625
         vertex 0.0082 0.0263598 0.000572371
         vertex 0.010687 0.0262138 0.000799937
      endloop
   endfacet
   facet normal 0 -0.763746 -0.645517
      outer loop
         vertex 0.010687 0.0262138 0.000799937
         vertex 0.0107932 0.0254367 0.0019565
         vertex 0.0082 0.0253524 0.00215625
      endloop
   endfacet
   facet normal 0 -0.728048 -0.685526
      outer loop
         vertex 0.0082 0.0263598 0.000572371
         vertex 0.0106665 0.0263646 0.000575609
         vertex 0.010687 0.0262138 0.000799937
      endloop
   endfacet
   facet normal 0 -1 -1.6522e-12
      outer loop
         vertex 0.0082 0.025 0.004
         vertex 0.0082 0.0253524 0.00215625
         vertex 0.0107691 0.0252081 0.00283006
      endloop
   endfacet
   facet normal 0 -0.971465 -0.237183
      outer loop
         vertex 0.0107691 0.0252081 0.00283006
         vertex 0.0107493 0.0250206 0.00354673
         vertex 0.0082 0.025 0.004
      endloop
   endfacet
   facet normal 0 -0.929529 -0.368749
      outer loop
         vertex 0.0082 0.0253524 0.00215625
         vertex 0.0107875 0.0253823 0.0021641
         vertex 0.0107691 0.0252081 0.00283006
      endloop
   endfacet
   facet normal 0 -1 -1.6522e-12
      outer loop
         vertex 0.0082 0.025 0.004
         vertex 0.0105303 0.025126 0.0051154
         vertex 0.0103613 0.0254111 0.00581997
      endloop
   endfacet
   facet normal 0 -1 -1.6522e-12
      outer loop
         vertex 0.0082 0.025 0.004
         vertex 0.0106865 0.0250508 0.00399661
         vertex 0.0105303 0.025126 0.0051154
      endloop
   endfacet
   facet normal 0 -0.728048 0.685526
      outer loop
         vertex 0.0082 0.0263598 0.00742763
         vertex 0.0082 0.0253524 0.00584375
         vertex 0.0100284 0.0261178 0.00704586
      endloop
   endfacet
   facet normal 0 -0.929529 0.368749
      outer loop
         vertex 0.0082 0.0253524 0.00584375
         vertex 0.0103613 0.0254111 0.00581997
         vertex 0.010177 0.025722 0.00658824
      endloop
   endfacet
   facet normal 0 -0.855593 0.517649
      outer loop
         vertex 0.010177 0.025722 0.00658824
         vertex 0.0100284 0.0261178 0.00704586
         vertex 0.0082 0.0253524 0.00584375
      endloop
   endfacet
   facet normal 0 -0.423955 0.905683
      outer loop
         vertex 0.0082 0.0278802 0.00852842
         vertex 0.0082 0.0263598 0.00742763
         vertex 0.00976417 0.0268217 0.00785983
      endloop
   endfacet
   facet normal 0 -0.728048 0.685526
      outer loop
         vertex 0.0082 0.0263598 0.00742763
         vertex 0.00991864 0.0264102 0.00738397
         vertex 0.00976417 0.0268217 0.00785983
      endloop
   endfacet
   facet normal 0 -0.0601087 0.998192
      outer loop
         vertex 0.0082 0.0296995 0.00899096
         vertex 0.0082 0.0278802 0.00852842
         vertex 0.00944167 0.0283439 0.00871777
      endloop
   endfacet
   facet normal 0 -0.423955 0.905683
      outer loop
         vertex 0.0082 0.0278802 0.00852842
         vertex 0.00953339 0.027911 0.00847376
         vertex 0.00944167 0.0283439 0.00871777
      endloop
   endfacet
   facet normal 0 0.31221 0.950013
      outer loop
         vertex 0.0082 0.031561 0.00875007
         vertex 0.0082 0.0296995 0.00899096
         vertex 0.00935378 0.03 0.009
      endloop
   endfacet
   facet normal 0 -0.0601087 0.998192
      outer loop
         vertex 0.0082 0.0296995 0.00899096
         vertex 0.00936936 0.0297064 0.00894997
         vertex 0.00935378 0.03 0.009
      endloop
   endfacet
   facet normal 0 0.640524 0.767938
      outer loop
         vertex 0.0082 0.0332026 0.00783969
         vertex 0.0082 0.031561 0.00875007
         vertex 0.00950859 0.0315748 0.00874552
      endloop
   endfacet
   facet normal 0 0.314963 0.949104
      outer loop
         vertex 0.00950859 0.0315748 0.00874552
         vertex 0.00983597 0.0329648 0.00802616
         vertex 0.0082 0.0332026 0.00783969
      endloop
   endfacet
   facet normal 0 0.31221 0.950013
      outer loop
         vertex 0.0082 0.031561 0.00875007
         vertex 0.0095072 0.0315607 0.0087478
         vertex 0.00950859 0.0315748 0.00874552
      endloop
   endfacet
   facet normal 0 0.878562 0.477628
      outer loop
         vertex 0.0082 0.0343928 0.00638814
         vertex 0.0101427 0.0338028 0.00716417
         vertex 0.0102545 0.0341083 0.00684985
      endloop
   endfacet
   facet normal 0 0.878562 0.477628
      outer loop
         vertex 0.0082 0.0343928 0.00638814
         vertex 0.0082 0.0332026 0.00783969
         vertex 0.00991239 0.0331736 0.00781137
      endloop
   endfacet
   facet normal 0 0.639883 0.768472
      outer loop
         vertex 0.00991239 0.0331736 0.00781137
         vertex 0.0101427 0.0338028 0.00716417
         vertex 0.0082 0.0343928 0.00638814
      endloop
   endfacet
   facet normal 0 0.992774 0.12
      outer loop
         vertex 0.0082 0.0349639 0.0046
         vertex 0.0082 0.0343928 0.00638814
         vertex 0.0103731 0.0343334 0.00636073
      endloop
   endfacet
   facet normal 0 0.878146 0.478392
      outer loop
         vertex 0.0103731 0.0343334 0.00636073
         vertex 0.0106384 0.034837 0.00526631
         vertex 0.0082 0.0349639 0.0046
      endloop
   endfacet
   facet normal 0 0.967398 0.253263
      outer loop
         vertex 0.0106384 0.034837 0.00526631
         vertex 0.0107435 0.0349639 0.0046
         vertex 0.0082 0.0349639 0.0046
      endloop
   endfacet
   facet normal 0 0.821666 0.569969
      outer loop
         vertex 0.0102545 0.0341083 0.00684985
         vertex 0.0103731 0.0343334 0.00636073
         vertex 0.0082 0.0343928 0.00638814
      endloop
   endfacet
   facet normal 0 0.592961 0.805231
      outer loop
         vertex 0.00983597 0.0329648 0.00802616
         vertex 0.00991239 0.0331736 0.00781137
         vertex 0.0082 0.0332026 0.00783969
      endloop
   endfacet
   facet normal 0 0 1
      outer loop
         vertex 0.00935378 0.03 0.009
         vertex 0.0095072 0.0315607 0.0087478
         vertex 0.0082 0.031561 0.00875007
      endloop
   endfacet
   facet normal 0 -0.33122 0.943554
      outer loop
         vertex 0.00944167 0.0283439 0.00871777
         vertex 0.00936936 0.0297064 0.00894997
         vertex 0.0082 0.0296995 0.00899096
      endloop
   endfacet
   facet normal 0 -0.635664 0.771966
      outer loop
         vertex 0.00976417 0.0268217 0.00785983
         vertex 0.00953339 0.027911 0.00847376
         vertex 0.0082 0.0278802 0.00852842
      endloop
   endfacet
   facet normal 0 -0.786757 0.617263
      outer loop
         vertex 0.0100284 0.0261178 0.00704586
         vertex 0.00991864 0.0264102 0.00738397
         vertex 0.0082 0.0263598 0.00742763
      endloop
   endfacet
   facet normal 0 -0.929561 0.368668
      outer loop
         vertex 0.0103613 0.0254111 0.00581997
         vertex 0.0082 0.0253524 0.00584375
         vertex 0.0082 0.025 0.004
      endloop
   endfacet
   facet normal 0 -0.995882 -0.0906537
      outer loop
         vertex 0.0107493 0.0250206 0.00354673
         vertex 0.0106865 0.0250508 0.00399661
         vertex 0.0082 0.025 0.004
      endloop
   endfacet
   facet normal 0 -0.912669 -0.408699
      outer loop
         vertex 0.0107932 0.0254367 0.0019565
         vertex 0.0107875 0.0253823 0.0021641
         vertex 0.0082 0.0253524 0.00215625
      endloop
   endfacet
   facet normal 0 -0.723248 -0.690588
      outer loop
         vertex 0.0106638 0.0263838 0.000547058
         vertex 0.0106665 0.0263646 0.000575609
         vertex 0.0082 0.0263598 0.000572371
      endloop
   endfacet
   facet normal 0 -0.160815 -0.986985
      outer loop
         vertex 0.010298 0.0291959 -0.000934923
         vertex 0.0104353 0.0278892 -0.000501507
         vertex 0.0082 0.0278802 -0.000528416
      endloop
   endfacet
   facet normal 0 0.169891 -0.985463
      outer loop
         vertex 0.0102947 0.0308495 -0.000927314
         vertex 0.010297 0.0296992 -0.000932607
         vertex 0.0082 0.0296995 -0.000990959
      endloop
   endfacet
   facet normal 0 0.490136 -0.871646
      outer loop
         vertex 0.0104686 0.0324507 -0.00035823
         vertex 0.0103694 0.0315372 -0.000682893
         vertex 0.0082 0.031561 -0.000750066
      endloop
   endfacet
   facet normal 0 0.745415 -0.666601
      outer loop
         vertex 0.0106917 0.0337271 0.000666997
         vertex 0.0105928 0.0331609 0.000212236
         vertex 0.0082 0.0332026 0.00016031
      endloop
   endfacet
   facet normal 0 0.916211 -0.400696
      outer loop
         vertex 0.0108414 0.0345811 0.00199652
         vertex 0.0108011 0.0343512 0.0016386
         vertex 0.0082 0.0343928 0.00161186
      endloop
   endfacet
   facet normal 0 0.127729 -0.991809
      outer loop
         vertex 0 0.00801397 0.0114935
         vertex -0.000603709 0.00801421 0.0114848
         vertex -0.00060723 0.0117367 0.011934
      endloop
   endfacet
   facet normal 0.175079 0.11341 -0.978001
      outer loop
         vertex -0.00354656 0.0080319 0.0110261
         vertex -0.00214655 0.0122173 0.0118655
         vertex -0.00060723 0.0117367 0.011934
      endloop
   endfacet
   facet normal 0.175079 0.11341 -0.978001
      outer loop
         vertex -0.00354656 0.0080319 0.0110261
         vertex -0.00373798 0.01337 0.011701
         vertex -0.00214655 0.0122173 0.0118655
      endloop
   endfacet
   facet normal 0.0341369 0.111841 -0.99314
      outer loop
         vertex -0.00060723 0.0117367 0.011934
         vertex -0.000603709 0.00801421 0.0114848
         vertex -0.00354656 0.0080319 0.0110261
      endloop
   endfacet
   facet normal 0.409014 0.0302685 -0.912026
      outer loop
         vertex -0.00626682 0.0296479 0.0119558
         vertex -0.00540171 0.00804305 0.0107369
         vertex -0.00550007 0.00804364 0.0107216
      endloop
   endfacet
   facet normal 0.551949 0.0298015 -0.833345
      outer loop
         vertex -0.0071698 0.02965 0.0114586
         vertex -0.00698048 0.00809314 0.00990285
         vertex -0.00704304 0.0080994 0.00983284
      endloop
   endfacet
   facet normal 0.551949 0.0298015 -0.833345
      outer loop
         vertex -0.0071698 0.02965 0.0114586
         vertex -0.00550007 0.00804364 0.0107216
         vertex -0.00698048 0.00809314 0.00990285
      endloop
   endfacet
   facet normal -0.551949 0.0298015 -0.833345
      outer loop
         vertex 0.0071698 0.02965 0.0114586
         vertex 0.00798894 0.0296516 0.0108137
         vertex 0.00705366 0.0080976 0.00984231
      endloop
   endfacet
   facet normal -0.639187 0.0962256 -0.763008
      outer loop
         vertex 0.00705366 0.0080976 0.00984231
         vertex 0.00705071 0.00809729 0.00984574
         vertex 0.0071698 0.02965 0.0114586
      endloop
   endfacet
   facet normal -0.409014 0.0302685 -0.912026
      outer loop
         vertex 0.00626682 0.0296479 0.0119558
         vertex 0.0071698 0.02965 0.0114586
         vertex 0.00558935 0.00804524 0.0106894
      endloop
   endfacet
   facet normal -0.175098 0.113411 -0.977997
      outer loop
         vertex 0.00354238 0.00803379 0.0109839
         vertex 0.00101169 0.0118097 0.0119236
         vertex 0.00241987 0.0123611 0.011845
      endloop
   endfacet
   facet normal 0 0.127729 -0.991809
      outer loop
         vertex 0 0.00801397 0.0114935
         vertex -8.57085e-08 0.0117641 0.0119301
         vertex 0.00101169 0.0118097 0.0119236
      endloop
   endfacet
   facet normal -0.0572026 0.110815 -0.992193
      outer loop
         vertex 0.00101169 0.0118097 0.0119236
         vertex 0.00354238 0.00803379 0.0109839
         vertex 0 0.00801397 0.0114935
      endloop
   endfacet
   facet normal -0.992732 0.0312573 -0.116217
      outer loop
         vertex 0.0106865 0.0250508 0.00399661
         vertex 0.0107493 0.0250206 0.00354673
         vertex 0.00963739 0.00941555 0.00271007
      endloop
   endfacet
   facet normal -0.980063 0.0327836 -0.195964
      outer loop
         vertex 0.0105303 0.025126 0.0051154
         vertex 0.0106865 0.0250508 0.00399661
         vertex 0.00928572 0.00863384 0.00575017
      endloop
   endfacet
   facet normal -0.963202 0.0948703 -0.25148
      outer loop
         vertex 0.00928572 0.00863384 0.00575017
         vertex 0.00897794 0.00851985 0.00651515
         vertex 0.0105303 0.025126 0.0051154
      endloop
   endfacet
   facet normal -0.946793 0.0934731 -0.307971
      outer loop
         vertex 0.00897794 0.00851985 0.00651515
         vertex 0.010177 0.025722 0.00658824
         vertex 0.0103613 0.0254111 0.00581997
      endloop
   endfacet
   facet normal -0.969258 0.032793 -0.243853
      outer loop
         vertex 0.0103613 0.0254111 0.00581997
         vertex 0.0105303 0.025126 0.0051154
         vertex 0.00897794 0.00851985 0.00651515
      endloop
   endfacet
   facet normal -0.946793 0.0934731 -0.307971
      outer loop
         vertex 0.00897794 0.00851985 0.00651515
         vertex 0.0100284 0.0261178 0.00704586
         vertex 0.010177 0.025722 0.00658824
      endloop
   endfacet
   facet normal -0.994699 0.0970667 -0.0339529
      outer loop
         vertex 0.00963739 0.00941555 0.00271007
         vertex 0.00928572 0.00863384 0.00575017
         vertex 0.0106865 0.0250508 0.00399661
      endloop
   endfacet
   facet normal -0.999233 0.0283926 -0.0269694
      outer loop
         vertex 0.0107691 0.0252081 0.00283006
         vertex 0.0097302 0.00993877 0.000858693
         vertex 0.00980872 0.00979638 0.00122899
      endloop
   endfacet
   facet normal -0.999233 0.0283926 -0.0269694
      outer loop
         vertex 0.0107691 0.0252081 0.00283006
         vertex 0.0107875 0.0253823 0.0021641
         vertex 0.00971247 0.00997092 0.000775087
      endloop
   endfacet
   facet normal -0.989386 0.0927523 0.111856
      outer loop
         vertex 0.00971247 0.00997092 0.000775087
         vertex 0.0097302 0.00993877 0.000858693
         vertex 0.0107691 0.0252081 0.00283006
      endloop
   endfacet
   facet normal -0.999294 0.0261808 0.0269431
      outer loop
         vertex 0.0107875 0.0253823 0.0021641
         vertex 0.0107932 0.0254367 0.0019565
         vertex 0.00971247 0.00997092 0.000775087
      endloop
   endfacet
   facet normal -0.992565 0.0945887 0.0765974
      outer loop
         vertex 0.00980872 0.00979638 0.00122899
         vertex 0.00963739 0.00941555 0.00271007
         vertex 0.0107691 0.0252081 0.00283006
      endloop
   endfacet
   facet normal -0.949503 0.078815 0.303698
      outer loop
         vertex 0.00930219 0.0107149 -0.00115974
         vertex 0.0104557 0.0276956 -0.0004373
         vertex 0.0104353 0.0278892 -0.000501507
      endloop
   endfacet
   facet normal -0.95667 0.00712897 0.291087
      outer loop
         vertex 0.0104353 0.0278892 -0.000501507
         vertex 0.0102227 0.0296427 -0.00113257
         vertex 0.00930219 0.0107149 -0.00115974
      endloop
   endfacet
   facet normal -0.949503 0.078815 0.303698
      outer loop
         vertex 0.00930219 0.0107149 -0.00115974
         vertex 0.00971247 0.00997092 0.000775087
         vertex 0.010687 0.0262138 0.000799937
      endloop
   endfacet
   facet normal -0.989155 0.0188804 0.145654
      outer loop
         vertex 0.010687 0.0262138 0.000799937
         vertex 0.0106665 0.0263646 0.000575609
         vertex 0.00930219 0.0107149 -0.00115974
      endloop
   endfacet
   facet normal -0.985961 0.0175299 0.166051
      outer loop
         vertex 0.0106665 0.0263646 0.000575609
         vertex 0.0106638 0.0263838 0.000547058
         vertex 0.00930219 0.0107149 -0.00115974
      endloop
   endfacet
   facet normal -0.985522 0.017357 0.168659
      outer loop
         vertex 0.0106638 0.0263838 0.000547058
         vertex 0.0104557 0.0276956 -0.0004373
         vertex 0.00930219 0.0107149 -0.00115974
      endloop
   endfacet
   facet normal -0.95667 0.00712897 0.291087
      outer loop
         vertex 0.0104353 0.0278892 -0.000501507
         vertex 0.010298 0.0291959 -0.000934923
         vertex 0.0102227 0.0296427 -0.00113257
      endloop
   endfacet
   facet normal -0.995208 -0.0783256 0.0585352
      outer loop
         vertex 0.0101146 0.0497889 0.00295776
         vertex 0.0108472 0.0348226 0.00288215
         vertex 0.0108507 0.0349639 0.0034
      endloop
   endfacet
   facet normal -0.97348 -0.0852992 0.212277
      outer loop
         vertex 0.00975721 0.0494693 0.000890415
         vertex 0.0108414 0.0345811 0.00199652
         vertex 0.0108472 0.0348226 0.00288215
      endloop
   endfacet
   facet normal -0.97348 -0.0852992 0.212277
      outer loop
         vertex 0.00975721 0.0494693 0.000890415
         vertex 0.0107088 0.0338247 0.000818952
         vertex 0.0108011 0.0343512 0.0016386
      endloop
   endfacet
   facet normal -0.995295 -0.0154809 0.0956455
      outer loop
         vertex 0.0108011 0.0343512 0.0016386
         vertex 0.0108414 0.0345811 0.00199652
         vertex 0.00975721 0.0494693 0.000890415
      endloop
   endfacet
   facet normal -0.915705 -0.0835392 0.393073
      outer loop
         vertex 0.00929272 0.0491743 -0.00101893
         vertex 0.0106917 0.0337271 0.000666997
         vertex 0.0107088 0.0338247 0.000818952
      endloop
   endfacet
   facet normal -0.986152 -0.0155312 0.165114
      outer loop
         vertex 0.0107088 0.0338247 0.000818952
         vertex 0.00975721 0.0494693 0.000890415
         vertex 0.00948369 0.0492248 -0.000691924
      endloop
   endfacet
   facet normal -0.915705 -0.0835392 0.393073
      outer loop
         vertex 0.00929272 0.0491743 -0.00101893
         vertex 0.0104686 0.0324507 -0.00035823
         vertex 0.0105928 0.0331609 0.000212236
      endloop
   endfacet
   facet normal -0.975629 -0.01419 0.218966
      outer loop
         vertex 0.0105928 0.0331609 0.000212236
         vertex 0.0106917 0.0337271 0.000666997
         vertex 0.00929272 0.0491743 -0.00101893
      endloop
   endfacet
   facet normal -0.915705 -0.0835392 0.393073
      outer loop
         vertex 0.00929272 0.0491743 -0.00101893
         vertex 0.0102947 0.0308495 -0.000927314
         vertex 0.0103694 0.0315372 -0.000682893
      endloop
   endfacet
   facet normal -0.946879 -0.00927354 0.321456
      outer loop
         vertex 0.0103694 0.0315372 -0.000682893
         vertex 0.0104686 0.0324507 -0.00035823
         vertex 0.00929272 0.0491743 -0.00101893
      endloop
   endfacet
   facet normal -0.931325 -0.00239635 0.36418
      outer loop
         vertex 0.0102227 0.0296427 -0.00113257
         vertex 0.010297 0.0296992 -0.000932607
         vertex 0.0102947 0.0308495 -0.000927314
      endloop
   endfacet
   facet normal -0.931325 -0.00239635 0.36418
      outer loop
         vertex 0.0102227 0.0296427 -0.00113257
         vertex 0.0102971 0.029643 -0.000932865
         vertex 0.010297 0.0296992 -0.000932607
      endloop
   endfacet
   facet normal -0.938248 -0.00694539 0.345892
      outer loop
         vertex 0.0102947 0.0308495 -0.000927314
         vertex 0.00929272 0.0491743 -0.00101893
         vertex 0.0102227 0.0296427 -0.00113257
      endloop
   endfacet
   facet normal -0.865882 0.0605439 0.496571
      outer loop
         vertex 0.00856727 0.011516 -0.00300811
         vertex 0.00907727 0.0111228 -0.00222043
         vertex 0.0102227 0.0296427 -0.00113257
      endloop
   endfacet
   facet normal -0.931325 -0.00239635 0.36418
      outer loop
         vertex 0.0102227 0.0296427 -0.00113257
         vertex 0.00828662 0.048908 -0.00274173
         vertex 0.00856727 0.011516 -0.00300811
      endloop
   endfacet
   facet normal -0.931325 -0.00239635 0.36418
      outer loop
         vertex 0.0102227 0.0296427 -0.00113257
         vertex 0.00929272 0.0491743 -0.00101893
         vertex 0.00828662 0.048908 -0.00274173
      endloop
   endfacet
   facet normal -0.758583 -0.077218 0.646985
      outer loop
         vertex 0.00772723 0.04876 -0.00369962
         vertex 0.00704673 0.048669 -0.00428832
         vertex 0.00741613 0.0124037 -0.00478601
      endloop
   endfacet
   facet normal -0.865882 0.0605439 0.496571
      outer loop
         vertex 0.00856727 0.011516 -0.00300811
         vertex 0.00828662 0.048908 -0.00274173
         vertex 0.00772723 0.04876 -0.00369962
      endloop
   endfacet
   facet normal -0.702372 -0.0778924 0.707535
      outer loop
         vertex 0.00704673 0.048669 -0.00428832
         vertex 0.0055113 0.0484637 -0.00561665
         vertex 0.0057972 0.0132279 -0.00620915
      endloop
   endfacet
   facet normal -0.602661 0.0433999 0.796816
      outer loop
         vertex 0.0057972 0.0132279 -0.00620915
         vertex 0.00718726 0.0125802 -0.0051395
         vertex 0.00704673 0.048669 -0.00428832
      endloop
   endfacet
   facet normal -0.516983 -0.08802 0.851458
      outer loop
         vertex 0.00508885 0.0484072 -0.00598211
         vertex 0.00374229 0.0483252 -0.00651287
         vertex 0.00402068 0.014004 -0.00748034
      endloop
   endfacet
   facet normal -0.454235 0.0462138 0.889682
      outer loop
         vertex 0.00425881 0.0139446 -0.00739293
         vertex 0.0055113 0.0484637 -0.00561665
         vertex 0.00508885 0.0484072 -0.00598211
      endloop
   endfacet
   facet normal -0.432887 0.047021 0.900221
      outer loop
         vertex 0.00402068 0.014004 -0.00748034
         vertex 0.00425881 0.0139446 -0.00739293
         vertex 0.00508885 0.0484072 -0.00598211
      endloop
   endfacet
   facet normal -0.396386 -0.0981479 0.912822
      outer loop
         vertex 0.00374229 0.0483252 -0.00651287
         vertex 0.0019026 0.0482131 -0.00723799
         vertex 0.00200778 0.0145055 -0.00821925
      endloop
   endfacet
   facet normal -0.183115 -0.114082 0.97645
      outer loop
         vertex 0.00166625 0.0481987 -0.00733114
         vertex 7.14782e-07 0.0481998 -0.00732397
         vertex -4.16606e-06 0.0146694 -0.00845553
      endloop
   endfacet
   facet normal -0.19983 0.0555283 0.978256
      outer loop
         vertex 0.00171314 0.0145789 -0.00832741
         vertex 0.0019026 0.0482131 -0.00723799
         vertex 0.00166625 0.0481987 -0.00733114
      endloop
   endfacet
   facet normal 0 0.0591747 0.998248
      outer loop
         vertex -4.16606e-06 0.0146694 -0.00845553
         vertex 0.00171314 0.0145789 -0.00832741
         vertex 0.00166625 0.0481987 -0.00733114
      endloop
   endfacet
   facet normal 0 -0.119846 0.992792
      outer loop
         vertex 7.14782e-07 0.0481998 -0.00732397
         vertex -0.00174142 0.048201 -0.00731647
         vertex -0.000529452 0.014697 -0.00849471
      endloop
   endfacet
   facet normal 0.0653925 0.0585536 0.99614
      outer loop
         vertex -0.000529452 0.014697 -0.00849471
         vertex -4.16606e-06 0.0146694 -0.00845553
         vertex 7.14782e-07 0.0481998 -0.00732397
      endloop
   endfacet
   facet normal 0.209368 -0.112517 0.971342
      outer loop
         vertex -0.00191014 0.0482104 -0.00725548
         vertex -0.00200909 0.0144888 -0.0081968
         vertex -0.000529452 0.014697 -0.00849471
      endloop
   endfacet
   facet normal 0.396449 -0.0980981 0.912801
      outer loop
         vertex -0.00377198 0.0483144 -0.00658247
         vertex -0.00271418 0.0143895 -0.00805483
         vertex -0.00200909 0.0144888 -0.0081968
      endloop
   endfacet
   facet normal 0.396449 -0.0980981 0.912801
      outer loop
         vertex -0.00377198 0.0483144 -0.00658247
         vertex -0.00397707 0.0139621 -0.00740016
         vertex -0.00271418 0.0143895 -0.00805483
      endloop
   endfacet
   facet normal 0.463082 -0.092382 0.881487
      outer loop
         vertex -0.00450614 0.0483554 -0.00631709
         vertex -0.00557758 0.0134206 -0.00657047
         vertex -0.00397707 0.0139621 -0.00740016
      endloop
   endfacet
   facet normal 0.432768 0.0472153 0.900268
      outer loop
         vertex -0.00397707 0.0139621 -0.00740016
         vertex -0.00377198 0.0483144 -0.00658247
         vertex -0.00450614 0.0483554 -0.00631709
      endloop
   endfacet
   facet normal 0.560139 -0.0848973 0.824037
      outer loop
         vertex -0.00548946 0.0484695 -0.00557876
         vertex -0.00585613 0.0132644 -0.00629647
         vertex -0.00557758 0.0134206 -0.00657047
      endloop
   endfacet
   facet normal 0.702401 -0.0778489 0.707511
      outer loop
         vertex -0.00711087 0.0486577 -0.0043613
         vertex -0.00741376 0.0123915 -0.00476433
         vertex -0.00585613 0.0132644 -0.00629647
      endloop
   endfacet
   facet normal 0.706812 -0.0777428 0.703117
      outer loop
         vertex -0.00716521 0.048664 -0.0043205
         vertex -0.00788104 0.0121296 -0.00430469
         vertex -0.00741376 0.0123915 -0.00476433
      endloop
   endfacet
   facet normal 0.706812 -0.0777428 0.703117
      outer loop
         vertex -0.00716521 0.048664 -0.0043205
         vertex -0.00850582 0.0115302 -0.0029965
         vertex -0.00788104 0.0121296 -0.00430469
      endloop
   endfacet
   facet normal 0.748216 0.0474558 0.661756
      outer loop
         vertex -0.00741376 0.0123915 -0.00476433
         vertex -0.00711087 0.0486577 -0.0043613
         vertex -0.00716521 0.048664 -0.0043205
      endloop
   endfacet
   facet normal 0.821948 -0.0784378 0.564136
      outer loop
         vertex -0.00826704 0.0489118 -0.00271694
         vertex -0.00922502 0.0491273 -0.00132275
         vertex -0.0102227 0.0296427 -0.00113257
      endloop
   endfacet
   facet normal 0.931325 -0.00239635 0.36418
      outer loop
         vertex -0.0102227 0.0296427 -0.00113257
         vertex -0.00850582 0.0115302 -0.0029965
         vertex -0.00826704 0.0489118 -0.00271694
      endloop
   endfacet
   facet normal 0.931325 -0.00239635 0.36418
      outer loop
         vertex -0.0102227 0.0296427 -0.00113257
         vertex -0.00938198 0.0106897 -0.00116197
         vertex -0.00850582 0.0115302 -0.0029965
      endloop
   endfacet
   facet normal 0.995209 -0.0783164 0.0585236
      outer loop
         vertex -0.0101629 0.0497873 0.00294774
         vertex -0.010191 0.0498572 0.0034
         vertex -0.0108507 0.0349639 0.0034
      endloop
   endfacet
   facet normal 0.973482 -0.0852907 0.21227
      outer loop
         vertex -0.00980131 0.0494697 0.000892599
         vertex -0.0108648 0.0348526 0.00279488
         vertex -0.0108009 0.0343556 0.0016277
      endloop
   endfacet
   facet normal 0.973482 -0.0852907 0.21227
      outer loop
         vertex -0.00980131 0.0494697 0.000892599
         vertex -0.0101086 0.0496522 0.00207384
         vertex -0.0108627 0.0348686 0.00288191
      endloop
   endfacet
   facet normal 0.999897 -0.0136824 -0.00422779
      outer loop
         vertex -0.0108627 0.0348686 0.00288191
         vertex -0.0108648 0.0348526 0.00279488
         vertex -0.00980131 0.0494697 0.000892599
      endloop
   endfacet
   facet normal 0.989071 -0.0819674 0.122555
      outer loop
         vertex -0.0101086 0.0496522 0.00207384
         vertex -0.0101629 0.0497873 0.00294774
         vertex -0.0108627 0.0348686 0.00288191
      endloop
   endfacet
   facet normal 0.995204 -0.0155345 0.0965752
      outer loop
         vertex -0.0108009 0.0343556 0.0016277
         vertex -0.010785 0.0342318 0.00133701
         vertex -0.00980131 0.0494697 0.000892599
      endloop
   endfacet
   facet normal 0.931325 -0.00239635 0.36418
      outer loop
         vertex -0.0102227 0.0296427 -0.00113257
         vertex -0.0102724 0.03 -0.001
         vertex -0.0102897 0.0297061 -0.000951199
      endloop
   endfacet
   facet normal 0.915706 -0.0835323 0.393071
      outer loop
         vertex -0.00929938 0.0491715 -0.0010369
         vertex -0.0103698 0.0317234 -0.000693601
         vertex -0.0103603 0.0315563 -0.000723312
      endloop
   endfacet
   facet normal 0.9454 -0.00945255 0.325776
      outer loop
         vertex -0.0103603 0.0315563 -0.000723312
         vertex -0.0102227 0.0296427 -0.00113257
         vertex -0.00929938 0.0491715 -0.0010369
      endloop
   endfacet
   facet normal 0.915706 -0.0835323 0.393071
      outer loop
         vertex -0.00929938 0.0491715 -0.0010369
         vertex -0.00980131 0.0494697 0.000892599
         vertex -0.0107017 0.0337782 0.000822209
      endloop
   endfacet
   facet normal 0.986176 -0.0153297 0.164993
      outer loop
         vertex -0.0107017 0.0337782 0.000822209
         vertex -0.0105953 0.0331984 0.000164075
         vertex -0.00929938 0.0491715 -0.0010369
      endloop
   endfacet
   facet normal 0.97427 -0.0144735 0.224919
      outer loop
         vertex -0.0105953 0.0331984 0.000164075
         vertex -0.0105909 0.0331746 0.000137102
         vertex -0.00929938 0.0491715 -0.0010369
      endloop
   endfacet
   facet normal 0.97349 -0.0144353 0.228272
      outer loop
         vertex -0.0105909 0.0331746 0.000137102
         vertex -0.0103698 0.0317234 -0.000693601
         vertex -0.00929938 0.0491715 -0.0010369
      endloop
   endfacet
   facet normal 0.9454 -0.00945255 0.325776
      outer loop
         vertex -0.0103603 0.0315563 -0.000723312
         vertex -0.0102724 0.03 -0.001
         vertex -0.0102227 0.0296427 -0.00113257
      endloop
   endfacet
   facet normal 0.949529 0.0789261 0.303588
      outer loop
         vertex -0.00938198 0.0106897 -0.00116197
         vertex -0.0106568 0.0264123 0.000620873
         vertex -0.0106832 0.0262443 0.00080272
      endloop
   endfacet
   facet normal 0.989148 0.0187476 0.145724
      outer loop
         vertex -0.0106832 0.0262443 0.00080272
         vertex -0.00965245 0.0100003 0.000770388
         vertex -0.0095272 0.0105504 -0.00085789
      endloop
   endfacet
   facet normal 0.949529 0.0789261 0.303588
      outer loop
         vertex -0.00938198 0.0106897 -0.00116197
         vertex -0.0105717 0.0269522 3.62815e-05
         vertex -0.0106568 0.0264123 0.000620873
      endloop
   endfacet
   facet normal 0.949529 0.0789261 0.303588
      outer loop
         vertex -0.00938198 0.0106897 -0.00116197
         vertex -0.0103672 0.0283843 -0.000731765
         vertex -0.0104352 0.0279081 -0.000476371
      endloop
   endfacet
   facet normal 0.957453 0.00712326 0.288502
      outer loop
         vertex -0.0104352 0.0279081 -0.000476371
         vertex -0.0105717 0.0269522 3.62815e-05
         vertex -0.00938198 0.0106897 -0.00116197
      endloop
   endfacet
   facet normal 0.931325 -0.00239635 0.36418
      outer loop
         vertex -0.0102227 0.0296427 -0.00113257
         vertex -0.0102934 0.0296429 -0.000940716
         vertex -0.0103672 0.0283843 -0.000731765
      endloop
   endfacet
   facet normal 0.948001 0.00421322 0.318239
      outer loop
         vertex -0.0103672 0.0283843 -0.000731765
         vertex -0.00938198 0.0106897 -0.00116197
         vertex -0.0102227 0.0296427 -0.00113257
      endloop
   endfacet
   facet normal 0.999222 0.0286803 -0.0270778
      outer loop
         vertex -0.0107915 0.0251411 0.00283005
         vertex -0.00965993 0.00996747 0.000867611
         vertex -0.00965245 0.0100003 0.000770388
      endloop
   endfacet
   facet normal 0.999222 0.0286803 -0.0270778
      outer loop
         vertex -0.0107915 0.0251411 0.00283005
         vertex -0.00978969 0.00934445 0.0027284
         vertex -0.00979938 0.00935499 0.00268065
      endloop
   endfacet
   facet normal 0.994786 0.0973732 -0.0303043
      outer loop
         vertex -0.00979938 0.00935499 0.00268065
         vertex -0.00965993 0.00996747 0.000867611
         vertex -0.0107915 0.0251411 0.00283005
      endloop
   endfacet
   facet normal 0.989393 0.0926118 0.11191
      outer loop
         vertex -0.00965245 0.0100003 0.000770388
         vertex -0.010752 0.0258072 0.00127596
         vertex -0.010776 0.0254154 0.00218346
      endloop
   endfacet
   facet normal 0.999336 0.0260788 0.0254569
      outer loop
         vertex -0.010776 0.0254154 0.00218346
         vertex -0.0107928 0.0251422 0.00281624
         vertex -0.00965245 0.0100003 0.000770388
      endloop
   endfacet
   facet normal 0.989393 0.0926118 0.11191
      outer loop
         vertex -0.00965245 0.0100003 0.000770388
         vertex -0.0106832 0.0262443 0.00080272
         vertex -0.010752 0.0258072 0.00127596
      endloop
   endfacet
   facet normal 0.946801 0.0935259 -0.30793
      outer loop
         vertex -0.0090169 0.00850374 0.00653554
         vertex -0.0106496 0.0250167 0.00440869
         vertex -0.0103694 0.0253661 0.00584036
      endloop
   endfacet
   facet normal 0.968943 0.0329872 -0.245076
      outer loop
         vertex -0.0103694 0.0253661 0.00584036
         vertex -0.0103514 0.0253887 0.00593276
         vertex -0.0090169 0.00850374 0.00653554
      endloop
   endfacet
   facet normal 0.994669 0.0973929 -0.0338903
      outer loop
         vertex -0.00978969 0.00934445 0.0027284
         vertex -0.010686 0.0250486 0.00400382
         vertex -0.0106496 0.0250167 0.00440869
      endloop
   endfacet
   facet normal 0.994669 0.0973929 -0.0338903
      outer loop
         vertex -0.00978969 0.00934445 0.0027284
         vertex -0.0107915 0.0251411 0.00283005
         vertex -0.010686 0.0250486 0.00400382
      endloop
   endfacet
   facet normal 0.988741 0.0320893 -0.146156
      outer loop
         vertex -0.0106496 0.0250167 0.00440869
         vertex -0.0090169 0.00850374 0.00653554
         vertex -0.00978969 0.00934445 0.0027284
      endloop
   endfacet
   facet normal 0.967906 -0.052986 -0.245661
      outer loop
         vertex -0.00953891 0.0504395 0.00716744
         vertex -0.0104506 0.034519 0.00613981
         vertex -0.0107435 0.0349639 0.0046
      endloop
   endfacet
   facet normal 0.967906 -0.052986 -0.245661
      outer loop
         vertex -0.00953891 0.0504395 0.00716744
         vertex -0.0101391 0.0337987 0.00716349
         vertex -0.010382 0.0343603 0.00636536
      endloop
   endfacet
   facet normal 0.96642 0.00063876 -0.256965
      outer loop
         vertex -0.010382 0.0343603 0.00636536
         vertex -0.0104506 0.034519 0.00613981
         vertex -0.00953891 0.0504395 0.00716744
      endloop
   endfacet
   facet normal 0.910955 -0.041483 -0.410414
      outer loop
         vertex -0.00905998 0.050747 0.00915751
         vertex -0.0100274 0.0335404 0.00753071
         vertex -0.0101391 0.0337987 0.00716349
      endloop
   endfacet
   facet normal 0.950402 0.00527782 -0.310979
      outer loop
         vertex -0.0101391 0.0337987 0.00716349
         vertex -0.00953891 0.0504395 0.00716744
         vertex -0.00905998 0.050747 0.00915751
      endloop
   endfacet
   facet normal 0.910676 -0.0414663 -0.411036
      outer loop
         vertex -0.00905804 0.0507475 0.00916035
         vertex -0.00964865 0.0322666 0.00845676
         vertex -0.00991801 0.0331724 0.00779822
      endloop
   endfacet
   facet normal 0.935605 0.00935626 -0.352925
      outer loop
         vertex -0.00991801 0.0331724 0.00779822
         vertex -0.0100274 0.0335404 0.00753071
         vertex -0.00905804 0.0507475 0.00916035
      endloop
   endfacet
   facet normal 0.910676 -0.0414663 -0.411036
      outer loop
         vertex -0.00905804 0.0507475 0.00916035
         vertex -0.00940757 0.030834 0.00892995
         vertex -0.0095269 0.0315431 0.00869573
      endloop
   endfacet
   facet normal 0.910835 0.0171713 -0.412414
      outer loop
         vertex -0.0095269 0.0315431 0.00869573
         vertex -0.00964865 0.0322666 0.00845676
         vertex -0.00905804 0.0507475 0.00916035
      endloop
   endfacet
   facet normal 0.910676 -0.0414663 -0.411036
      outer loop
         vertex -0.00905804 0.0507475 0.00916035
         vertex -0.0093616 0.0292455 0.00894274
         vertex -0.00937473 0.029699 0.00893909
      endloop
   endfacet
   facet normal 0.910676 -0.0414663 -0.411036
      outer loop
         vertex -0.00905804 0.0507475 0.00916035
         vertex -0.00823916 0.00824524 0.00834897
         vertex -0.0093616 0.0292455 0.00894274
      endloop
   endfacet
   facet normal 0.900503 0.0237154 -0.434202
      outer loop
         vertex -0.00937473 0.029699 0.00893909
         vertex -0.00940757 0.030834 0.00892995
         vertex -0.00905804 0.0507475 0.00916035
      endloop
   endfacet
   facet normal 0.878902 0.0920144 -0.468043
      outer loop
         vertex -0.00823916 0.00824524 0.00834897
         vertex -0.00956574 0.0276123 0.00839305
         vertex -0.00953054 0.0278939 0.00848783
      endloop
   endfacet
   facet normal 0.878902 0.0920144 -0.468043
      outer loop
         vertex -0.00823916 0.00824524 0.00834897
         vertex -0.00995205 0.0262582 0.00731649
         vertex -0.00991885 0.0263746 0.00740903
      endloop
   endfacet
   facet normal 0.942814 0.0932956 -0.319996
      outer loop
         vertex -0.00898177 0.00846553 0.0067086
         vertex -0.0090169 0.00850374 0.00653554
         vertex -0.0100301 0.0260882 0.00704587
      endloop
   endfacet
   facet normal 0.940155 0.0320965 -0.339233
      outer loop
         vertex -0.00995205 0.0262582 0.00731649
         vertex -0.00823916 0.00824524 0.00834897
         vertex -0.00898177 0.00846553 0.0067086
      endloop
   endfacet
   facet normal 0.946002 0.0322538 -0.322552
      outer loop
         vertex -0.0100301 0.0260882 0.00704587
         vertex -0.00995205 0.0262582 0.00731649
         vertex -0.00898177 0.00846553 0.0067086
      endloop
   endfacet
   facet normal 0.938101 0.0318469 -0.344895
      outer loop
         vertex -0.00991885 0.0263746 0.00740903
         vertex -0.00956574 0.0276123 0.00839305
         vertex -0.00823916 0.00824524 0.00834897
      endloop
   endfacet
   facet normal 0.912408 0.028644 -0.408279
      outer loop
         vertex -0.00953054 0.0278939 0.00848783
         vertex -0.0093616 0.0292455 0.00894274
         vertex -0.00823916 0.00824524 0.00834897
      endloop
   endfacet
   facet normal 0.846933 0.0926061 -0.523574
      outer loop
         vertex -0.00810567 0.00820565 0.00864384
         vertex -0.00823916 0.00824524 0.00834897
         vertex -0.00905804 0.0507475 0.00916035
      endloop
   endfacet
   facet normal 0.826834 -0.0381578 -0.56115
      outer loop
         vertex -0.00856243 0.05086 0.00988816
         vertex -0.00769128 0.00816421 0.00910751
         vertex -0.00810567 0.00820565 0.00864384
      endloop
   endfacet
   facet normal 0.826834 -0.0381578 -0.56115
      outer loop
         vertex -0.00856243 0.05086 0.00988816
         vertex -0.00808556 0.0509682 0.0105885
         vertex -0.00798894 0.0296516 0.0108137
      endloop
   endfacet
   facet normal 0.680652 0.0286502 -0.732047
      outer loop
         vertex -0.00798894 0.0296516 0.0108137
         vertex -0.00769128 0.00816421 0.00910751
         vertex -0.00856243 0.05086 0.00988816
      endloop
   endfacet
   facet normal 0.722675 -0.0370386 -0.690195
      outer loop
         vertex -0.00808556 0.0509682 0.0105885
         vertex -0.00807827 0.050969 0.0105938
         vertex -0.00798894 0.0296516 0.0108137
      endloop
   endfacet
   facet normal 0.551949 0.0298015 -0.833345
      outer loop
         vertex -0.0071698 0.02965 0.0114586
         vertex -0.00798894 0.0296516 0.0108137
         vertex -0.00807827 0.050969 0.0105938
      endloop
   endfacet
   facet normal 0.409014 0.0302685 -0.912026
      outer loop
         vertex -0.00626682 0.0296479 0.0119558
         vertex -0.0071698 0.02965 0.0114586
         vertex -0.00668476 0.0511274 0.0116186
      endloop
   endfacet
   facet normal 0.448803 -0.0417359 -0.892656
      outer loop
         vertex -0.00668476 0.0511274 0.0116186
         vertex -0.0066606 0.0511285 0.0116256
         vertex -0.00626682 0.0296479 0.0119558
      endloop
   endfacet
   facet normal 0.311284 0.101781 -0.944851
      outer loop
         vertex -0.00540171 0.00804305 0.0107369
         vertex -0.004 0.0135598 0.0116739
         vertex -0.00373798 0.01337 0.011701
      endloop
   endfacet
   facet normal 0.281511 -0.0480364 -0.958355
      outer loop
         vertex -0.00458545 0.0512211 0.0122247
         vertex -0.004 0.0251522 0.0120544
         vertex -0.00626682 0.0296479 0.0119558
      endloop
   endfacet
   facet normal 0.409014 0.0302685 -0.912026
      outer loop
         vertex -0.00626682 0.0296479 0.0119558
         vertex -0.004 0.0251522 0.0120544
         vertex -0.004 0.0135598 0.0116739
      endloop
   endfacet
   facet normal 0.223272 0.0919094 -0.970413
      outer loop
         vertex -0.004 0.0135598 0.0116739
         vertex -0.00540171 0.00804305 0.0107369
         vertex -0.00626682 0.0296479 0.0119558
      endloop
   endfacet
   facet normal 0.409014 0.0302685 -0.912026
      outer loop
         vertex -0.00626682 0.0296479 0.0119558
         vertex -0.0066606 0.0511285 0.0116256
         vertex -0.00458545 0.0512211 0.0122247
      endloop
   endfacet
   facet normal 0.146691 -0.0386829 -0.988426
      outer loop
         vertex -0.00232135 0.0475447 0.0130499
         vertex -0.00458545 0.0512211 0.0122247
         vertex -0.00236351 0.0513202 0.0128661
      endloop
   endfacet
   facet normal 0.143216 -0.0543135 -0.9882
      outer loop
         vertex -0.00236351 0.0513202 0.0128661
         vertex -0.000705362 0.0480851 0.0131847
         vertex -0.00232135 0.0475447 0.0130499
      endloop
   endfacet
   facet normal 0 -0.0573442 -0.998354
      outer loop
         vertex 1.08317e-19 0.0513466 0.0130366
         vertex -1.85848e-07 0.0480608 0.0131787
         vertex -0.000705362 0.0480851 0.0131847
      endloop
   endfacet
   facet normal 0.0459773 -0.0431114 -0.998012
      outer loop
         vertex -0.000705362 0.0480851 0.0131847
         vertex -0.00236351 0.0513202 0.0128661
         vertex 1.08317e-19 0.0513466 0.0130366
      endloop
   endfacet
   facet normal 0.146691 -0.0386829 -0.988426
      outer loop
         vertex -0.00232135 0.0475447 0.0130499
         vertex -0.004 0.0463421 0.0127498
         vertex -0.00458545 0.0512211 0.0122247
      endloop
   endfacet
   facet normal -0.2815 -0.048091 -0.958355
      outer loop
         vertex 0.00462456 0.0512392 0.0123422
         vertex 0.00269868 0.0473342 0.0129974
         vertex 0.0010153 0.0480258 0.0131699
      endloop
   endfacet
   facet normal -0.2815 -0.048091 -0.958355
      outer loop
         vertex 0.00462456 0.0512392 0.0123422
         vertex 0.004 0.0463421 0.0127498
         vertex 0.00269868 0.0473342 0.0129974
      endloop
   endfacet
   facet normal -0.0655705 -0.0425937 -0.996938
      outer loop
         vertex 0.0010153 0.0480258 0.0131699
         vertex 1.08317e-19 0.0513466 0.0130366
         vertex 0.00462456 0.0512392 0.0123422
      endloop
   endfacet
   facet normal -0.2815 -0.048091 -0.958355
      outer loop
         vertex 0.00462456 0.0512392 0.0123422
         vertex 0.004 0.0251522 0.0120544
         vertex 0.004 0.0463421 0.0127498
      endloop
   endfacet
   facet normal -0.409014 0.0302685 -0.912026
      outer loop
         vertex 0.00626682 0.0296479 0.0119558
         vertex 0.00539906 0.00804417 0.0107168
         vertex 0.004 0.0135598 0.0116739
      endloop
   endfacet
   facet normal -0.294734 -0.0474804 -0.954399
      outer loop
         vertex 0.00485346 0.0512339 0.0123078
         vertex 0.00664842 0.051124 0.0115966
         vertex 0.00626682 0.0296479 0.0119558
      endloop
   endfacet
   facet normal -0.257144 0.0500215 -0.965078
      outer loop
         vertex 0.004 0.0251522 0.0120544
         vertex 0.00462456 0.0512392 0.0123422
         vertex 0.00485346 0.0512339 0.0123078
      endloop
   endfacet
   facet normal -0.409014 0.0302685 -0.912026
      outer loop
         vertex 0.00626682 0.0296479 0.0119558
         vertex 0.004 0.0251522 0.0120544
         vertex 0.00485346 0.0512339 0.0123078
      endloop
   endfacet
   facet normal -0.311291 0.101781 -0.944848
      outer loop
         vertex 0.00539906 0.00804417 0.0107168
         vertex 0.00354238 0.00803379 0.0109839
         vertex 0.00373762 0.0133608 0.0117023
      endloop
   endfacet
   facet normal -0.209046 0.0939502 -0.973382
      outer loop
         vertex 0.00373762 0.0133608 0.0117023
         vertex 0.004 0.0135598 0.0116739
         vertex 0.00539906 0.00804417 0.0107168
      endloop
   endfacet
   facet normal -0.409014 0.0302685 -0.912026
      outer loop
         vertex 0.00626682 0.0296479 0.0119558
         vertex 0.00664842 0.051124 0.0115966
         vertex 0.0069453 0.0511058 0.0114789
      endloop
   endfacet
   facet normal -0.551949 0.0298015 -0.833345
      outer loop
         vertex 0.0071698 0.02965 0.0114586
         vertex 0.0069453 0.0511058 0.0114789
         vertex 0.00805324 0.0509644 0.0105639
      endloop
   endfacet
   facet normal -0.721443 -0.0370274 -0.691483
      outer loop
         vertex 0.00805324 0.0509644 0.0105639
         vertex 0.00798894 0.0296516 0.0108137
         vertex 0.0071698 0.02965 0.0114586
      endloop
   endfacet
   facet normal -0.826836 -0.0381598 -0.561147
      outer loop
         vertex 0.00856849 0.0508612 0.00989628
         vertex 0.00768846 0.00816468 0.00910663
         vertex 0.00798894 0.0296516 0.0108137
      endloop
   endfacet
   facet normal -0.680652 0.0286502 -0.732047
      outer loop
         vertex 0.00798894 0.0296516 0.0108137
         vertex 0.00805324 0.0509644 0.0105639
         vertex 0.00827491 0.0509361 0.0103808
      endloop
   endfacet
   facet normal -0.774752 0.0938367 -0.625263
      outer loop
         vertex 0.00768846 0.00816468 0.00910663
         vertex 0.00705366 0.0080976 0.00984231
         vertex 0.00798894 0.0296516 0.0108137
      endloop
   endfacet
   facet normal -0.855704 0.0924529 -0.50914
      outer loop
         vertex 0.00815088 0.00821354 0.00857072
         vertex 0.00856849 0.0508612 0.00989628
         vertex 0.00902615 0.0507445 0.00914093
      endloop
   endfacet
   facet normal -0.910668 -0.0414546 -0.411055
      outer loop
         vertex 0.00902615 0.0507445 0.00914093
         vertex 0.00823941 0.00824633 0.00835069
         vertex 0.00815088 0.00821354 0.00857072
      endloop
   endfacet
   facet normal -0.878902 0.0920111 -0.468044
      outer loop
         vertex 0.00823941 0.00824633 0.00835069
         vertex 0.00991864 0.0264102 0.00738397
         vertex 0.0100284 0.0261178 0.00704586
      endloop
   endfacet
   facet normal -0.878902 0.0920111 -0.468044
      outer loop
         vertex 0.00823941 0.00824633 0.00835069
         vertex 0.00976417 0.0268217 0.00785983
         vertex 0.00991864 0.0264102 0.00738397
      endloop
   endfacet
   facet normal -0.878902 0.0920111 -0.468044
      outer loop
         vertex 0.00823941 0.00824633 0.00835069
         vertex 0.00944167 0.0283439 0.00871777
         vertex 0.00953339 0.027911 0.00847376
      endloop
   endfacet
   facet normal -0.91277 0.0285646 -0.407474
      outer loop
         vertex 0.00953339 0.027911 0.00847376
         vertex 0.00976417 0.0268217 0.00785983
         vertex 0.00823941 0.00824633 0.00835069
      endloop
   endfacet
   facet normal -0.878902 0.0920111 -0.468044
      outer loop
         vertex 0.00823941 0.00824633 0.00835069
         vertex 0.00902615 0.0507445 0.00914093
         vertex 0.00935378 0.03 0.009
      endloop
   endfacet
   facet normal -0.896335 0.0229317 -0.442784
      outer loop
         vertex 0.00935378 0.03 0.009
         vertex 0.00936936 0.0297064 0.00894997
         vertex 0.00823941 0.00824633 0.00835069
      endloop
   endfacet
   facet normal -0.910668 -0.0414546 -0.411055
      outer loop
         vertex 0.00902615 0.0507445 0.00914093
         vertex 0.00950859 0.0315748 0.00874552
         vertex 0.0095072 0.0315607 0.0087478
      endloop
   endfacet
   facet normal -0.929975 -0.0428065 -0.365123
      outer loop
         vertex 0.00916464 0.0507091 0.00891236
         vertex 0.00956419 0.0504407 0.00717573
         vertex 0.0101427 0.0338028 0.00716417
      endloop
   endfacet
   facet normal -0.935289 0.00939076 -0.353759
      outer loop
         vertex 0.00991239 0.0331736 0.00781137
         vertex 0.00902615 0.0507445 0.00914093
         vertex 0.00916464 0.0507091 0.00891236
      endloop
   endfacet
   facet normal -0.950405 0.00526344 -0.31097
      outer loop
         vertex 0.0101427 0.0338028 0.00716417
         vertex 0.00991239 0.0331736 0.00781137
         vertex 0.00916464 0.0507091 0.00891236
      endloop
   endfacet
   facet normal -0.935289 0.00939076 -0.353759
      outer loop
         vertex 0.00991239 0.0331736 0.00781137
         vertex 0.00983597 0.0329648 0.00802616
         vertex 0.00902615 0.0507445 0.00914093
      endloop
   endfacet
   facet normal -0.929948 0.0107018 -0.367534
      outer loop
         vertex 0.00983597 0.0329648 0.00802616
         vertex 0.00950859 0.0315748 0.00874552
         vertex 0.00902615 0.0507445 0.00914093
      endloop
   endfacet
   facet normal -0.909449 0.017238 -0.415458
      outer loop
         vertex 0.0095072 0.0315607 0.0087478
         vertex 0.00935378 0.03 0.009
         vertex 0.00902615 0.0507445 0.00914093
      endloop
   endfacet
   facet normal -0.899653 0.0237257 -0.43596
      outer loop
         vertex 0.00936936 0.0297064 0.00894997
         vertex 0.00944167 0.0283439 0.00871777
         vertex 0.00823941 0.00824633 0.00835069
      endloop
   endfacet
   facet normal -0.967912 -0.0530011 -0.245636
      outer loop
         vertex 0.00956419 0.0504407 0.00717573
         vertex 0.0106384 0.034837 0.00526631
         vertex 0.0103731 0.0343334 0.00636073
      endloop
   endfacet
   facet normal -0.967912 -0.0530011 -0.245636
      outer loop
         vertex 0.00956419 0.0504407 0.00717573
         vertex 0.0101568 0.0500427 0.0046
         vertex 0.0107435 0.0349639 0.0046
      endloop
   endfacet
   facet normal -0.991091 -0.00794203 -0.132952
      outer loop
         vertex 0.0107435 0.0349639 0.0046
         vertex 0.0106384 0.034837 0.00526631
         vertex 0.00956419 0.0504407 0.00717573
      endloop
   endfacet
   facet normal -0.966435 0.000731206 -0.256909
      outer loop
         vertex 0.0103731 0.0343334 0.00636073
         vertex 0.0102545 0.0341083 0.00684985
         vertex 0.00956419 0.0504407 0.00717573
      endloop
   endfacet
   facet normal -0.957176 0.00315836 -0.289491
      outer loop
         vertex 0.0102545 0.0341083 0.00684985
         vertex 0.0101427 0.0338028 0.00716417
         vertex 0.00956419 0.0504407 0.00717573
      endloop
   endfacet
   facet normal -0.946014 0.0321488 -0.322528
      outer loop
         vertex 0.0100284 0.0261178 0.00704586
         vertex 0.00897794 0.00851985 0.00651515
         vertex 0.00823941 0.00824633 0.00835069
      endloop
   endfacet
   facet normal -0.855704 0.0924529 -0.50914
      outer loop
         vertex 0.00815088 0.00821354 0.00857072
         vertex 0.00768846 0.00816468 0.00910663
         vertex 0.00856849 0.0508612 0.00989628
      endloop
   endfacet
   facet normal -0.680652 0.0286502 -0.732047
      outer loop
         vertex 0.00798894 0.0296516 0.0108137
         vertex 0.00827491 0.0509361 0.0103808
         vertex 0.00856849 0.0508612 0.00989628
      endloop
   endfacet
   facet normal -0.500322 -0.0403107 -0.864901
      outer loop
         vertex 0.0069453 0.0511058 0.0114789
         vertex 0.0071698 0.02965 0.0114586
         vertex 0.00626682 0.0296479 0.0119558
      endloop
   endfacet
   facet normal -0.223272 0.0919094 -0.970413
      outer loop
         vertex 0.004 0.0135598 0.0116739
         vertex 0.004 0.0251522 0.0120544
         vertex 0.00626682 0.0296479 0.0119558
      endloop
   endfacet
   facet normal -0.0655705 -0.0425937 -0.996938
      outer loop
         vertex 0.0010153 0.0480258 0.0131699
         vertex -1.85848e-07 0.0480608 0.0131787
         vertex 1.08317e-19 0.0513466 0.0130366
      endloop
   endfacet
   facet normal 0.251803 -0.0305303 -0.967297
      outer loop
         vertex -0.004 0.0463421 0.0127498
         vertex -0.004 0.0251522 0.0120544
         vertex -0.00458545 0.0512211 0.0122247
      endloop
   endfacet
   facet normal 0.2091 0.093914 -0.973374
      outer loop
         vertex -0.00373798 0.01337 0.011701
         vertex -0.00354656 0.0080319 0.0110261
         vertex -0.00540171 0.00804305 0.0107369
      endloop
   endfacet
   facet normal 0.721451 -0.0370379 -0.691474
      outer loop
         vertex -0.00807827 0.050969 0.0105938
         vertex -0.00668476 0.0511274 0.0116186
         vertex -0.0071698 0.02965 0.0114586
      endloop
   endfacet
   facet normal 0.680652 0.0286502 -0.732047
      outer loop
         vertex -0.00798894 0.0296516 0.0108137
         vertex -0.00704304 0.0080994 0.00983284
         vertex -0.00769128 0.00816421 0.00910751
      endloop
   endfacet
   facet normal 0.910676 -0.0414663 -0.411036
      outer loop
         vertex -0.00905804 0.0507475 0.00916035
         vertex -0.00856243 0.05086 0.00988816
         vertex -0.00810567 0.00820565 0.00864384
      endloop
   endfacet
   facet normal 0.910955 -0.041483 -0.410414
      outer loop
         vertex -0.00905998 0.050747 0.00915751
         vertex -0.00905804 0.0507475 0.00916035
         vertex -0.0100274 0.0335404 0.00753071
      endloop
   endfacet
   facet normal 0.991091 -0.00794203 -0.132952
      outer loop
         vertex -0.0107435 0.0349639 0.0046
         vertex -0.0101568 0.0500427 0.0046
         vertex -0.00953891 0.0504395 0.00716744
      endloop
   endfacet
   facet normal 0.967386 0.0330428 -0.251143
      outer loop
         vertex -0.0103514 0.0253887 0.00593276
         vertex -0.0100301 0.0260882 0.00704587
         vertex -0.0090169 0.00850374 0.00653554
      endloop
   endfacet
   facet normal 0.989393 0.0926118 0.11191
      outer loop
         vertex -0.00965245 0.0100003 0.000770388
         vertex -0.0107928 0.0251422 0.00281624
         vertex -0.0107915 0.0251411 0.00283005
      endloop
   endfacet
   facet normal 0.989148 0.0187476 0.145724
      outer loop
         vertex -0.0106832 0.0262443 0.00080272
         vertex -0.0095272 0.0105504 -0.00085789
         vertex -0.00938198 0.0106897 -0.00116197
      endloop
   endfacet
   facet normal 0.938409 -0.00214091 0.34552
      outer loop
         vertex -0.0102897 0.0297061 -0.000951199
         vertex -0.0102934 0.0296429 -0.000940716
         vertex -0.0102227 0.0296427 -0.00113257
      endloop
   endfacet
   facet normal 0.992542 -0.0158581 0.120865
      outer loop
         vertex -0.010785 0.0342318 0.00133701
         vertex -0.0107017 0.0337782 0.000822209
         vertex -0.00980131 0.0494697 0.000892599
      endloop
   endfacet
   facet normal 0.998956 -0.0122775 -0.0439933
      outer loop
         vertex -0.0108507 0.0349639 0.0034
         vertex -0.0108627 0.0348686 0.00288191
         vertex -0.0101629 0.0497873 0.00294774
      endloop
   endfacet
   facet normal 0.90353 -0.0827076 0.420468
      outer loop
         vertex -0.00922502 0.0491273 -0.00132275
         vertex -0.00929938 0.0491715 -0.0010369
         vertex -0.0102227 0.0296427 -0.00113257
      endloop
   endfacet
   facet normal 0.706812 -0.0777428 0.703117
      outer loop
         vertex -0.00716521 0.048664 -0.0043205
         vertex -0.00826704 0.0489118 -0.00271694
         vertex -0.00850582 0.0115302 -0.0029965
      endloop
   endfacet
   facet normal 0.602698 0.0432647 0.796796
      outer loop
         vertex -0.00585613 0.0132644 -0.00629647
         vertex -0.00548946 0.0484695 -0.00557876
         vertex -0.00711087 0.0486577 -0.0043613
      endloop
   endfacet
   facet normal 0.463082 -0.092382 0.881487
      outer loop
         vertex -0.00450614 0.0483554 -0.00631709
         vertex -0.00548946 0.0484695 -0.00557876
         vertex -0.00557758 0.0134206 -0.00657047
      endloop
   endfacet
   facet normal 0.232461 0.0546596 0.971069
      outer loop
         vertex -0.00200909 0.0144888 -0.0081968
         vertex -0.00191014 0.0482104 -0.00725548
         vertex -0.00377198 0.0483144 -0.00658247
      endloop
   endfacet
   facet normal 0.190974 -0.113625 0.974997
      outer loop
         vertex -0.00174142 0.048201 -0.00731647
         vertex -0.00191014 0.0482104 -0.00725548
         vertex -0.000529452 0.014697 -0.00849471
      endloop
   endfacet
   facet normal -0.19983 0.0555283 0.978256
      outer loop
         vertex 0.00171314 0.0145789 -0.00832741
         vertex 0.00200778 0.0145055 -0.00821925
         vertex 0.0019026 0.0482131 -0.00723799
      endloop
   endfacet
   facet normal -0.232505 0.0545801 0.971062
      outer loop
         vertex 0.00200778 0.0145055 -0.00821925
         vertex 0.00402068 0.014004 -0.00748034
         vertex 0.00374229 0.0483252 -0.00651287
      endloop
   endfacet
   facet normal -0.454235 0.0462138 0.889682
      outer loop
         vertex 0.00425881 0.0139446 -0.00739293
         vertex 0.0057972 0.0132279 -0.00620915
         vertex 0.0055113 0.0484637 -0.00561665
      endloop
   endfacet
   facet normal -0.721825 0.0458614 0.690554
      outer loop
         vertex 0.00718726 0.0125802 -0.0051395
         vertex 0.00741613 0.0124037 -0.00478601
         vertex 0.00704673 0.048669 -0.00428832
      endloop
   endfacet
   facet normal -0.748206 0.0474145 0.66177
      outer loop
         vertex 0.00741613 0.0124037 -0.00478601
         vertex 0.00856727 0.011516 -0.00300811
         vertex 0.00772723 0.04876 -0.00369962
      endloop
   endfacet
   facet normal -0.909185 0.0688242 0.410664
      outer loop
         vertex 0.00907727 0.0111228 -0.00222043
         vertex 0.00930219 0.0107149 -0.00115974
         vertex 0.0102227 0.0296427 -0.00113257
      endloop
   endfacet
   facet normal -0.986152 -0.0155312 0.165114
      outer loop
         vertex 0.0107088 0.0338247 0.000818952
         vertex 0.00948369 0.0492248 -0.000691924
         vertex 0.00929272 0.0491743 -0.00101893
      endloop
   endfacet
   facet normal -0.9999 -0.0134872 -0.00436514
      outer loop
         vertex 0.0108472 0.0348226 0.00288215
         vertex 0.0101146 0.0497889 0.00295776
         vertex 0.00975721 0.0494693 0.000890415
      endloop
   endfacet
   facet normal -0.998956 -0.0122775 -0.0439933
      outer loop
         vertex 0.0108507 0.0349639 0.0034
         vertex 0.010191 0.0498572 0.0034
         vertex 0.0101146 0.0497889 0.00295776
      endloop
   endfacet
   facet normal -0.93956 8.57692e-05 0.342383
      outer loop
         vertex 0.010298 0.0291959 -0.000934923
         vertex 0.0102971 0.029643 -0.000932865
         vertex 0.0102227 0.0296427 -0.00113257
      endloop
   endfacet
   facet normal -0.998701 0.0254528 0.0441469
      outer loop
         vertex 0.0107932 0.0254367 0.0019565
         vertex 0.010687 0.0262138 0.000799937
         vertex 0.00971247 0.00997092 0.000775087
      endloop
   endfacet
   facet normal -0.996117 0.0305769 -0.0825606
      outer loop
         vertex 0.0107493 0.0250206 0.00354673
         vertex 0.0107691 0.0252081 0.00283006
         vertex 0.00963739 0.00941555 0.00271007
      endloop
   endfacet
   facet normal -0.136718 0.103973 -0.985139
      outer loop
         vertex 0.00241987 0.0123611 0.011845
         vertex 0.00373762 0.0133608 0.0117023
         vertex 0.00354238 0.00803379 0.0109839
      endloop
   endfacet
   facet normal -0.347775 0.10113 -0.932108
      outer loop
         vertex 0.00558935 0.00804524 0.0106894
         vertex 0.00539906 0.00804417 0.0107168
         vertex 0.00626682 0.0296479 0.0119558
      endloop
   endfacet
   facet normal -0.638473 0.0962381 -0.763603
      outer loop
         vertex 0.00705071 0.00809729 0.00984574
         vertex 0.00558935 0.00804524 0.0106894
         vertex 0.0071698 0.02965 0.0114586
      endloop
   endfacet
   facet normal 0.639191 0.09622 -0.763005
      outer loop
         vertex -0.00704304 0.0080994 0.00983284
         vertex -0.00798894 0.0296516 0.0108137
         vertex -0.0071698 0.02965 0.0114586
      endloop
   endfacet
   facet normal 0.330182 0.101444 -0.93845
      outer loop
         vertex -0.00550007 0.00804364 0.0107216
         vertex -0.0071698 0.02965 0.0114586
         vertex -0.00626682 0.0296479 0.0119558
      endloop
   endfacet
   facet normal 0.0341369 0.111841 -0.99314
      outer loop
         vertex -0.00060723 0.0117367 0.011934
         vertex -8.57085e-08 0.0117641 0.0119301
         vertex 0 0.00801397 0.0114935
      endloop
   endfacet
   facet normal 0 0.242099 -0.970252
      outer loop
         vertex -0.004 0.040592 0.011315
         vertex 0.00269868 0.0473342 0.0129974
         vertex 0.004 0.0463421 0.0127498
      endloop
   endfacet
   facet normal 0 0.242099 -0.970252
      outer loop
         vertex -0.004 0.040592 0.011315
         vertex -1.85848e-07 0.0480608 0.0131787
         vertex 0.0010153 0.0480258 0.0131699
      endloop
   endfacet
   facet normal 0 0.242099 -0.970252
      outer loop
         vertex -0.004 0.040592 0.011315
         vertex -0.00232135 0.0475447 0.0130499
         vertex -0.000705362 0.0480851 0.0131847
      endloop
   endfacet
   facet normal 0 0.242099 -0.970252
      outer loop
         vertex 0.0010153 0.0480258 0.0131699
         vertex 0.00269868 0.0473342 0.0129974
         vertex -0.004 0.040592 0.011315
      endloop
   endfacet
   facet normal 0 0.242099 -0.970252
      outer loop
         vertex -0.004 0.040592 0.011315
         vertex -0.004 0.0463421 0.0127498
         vertex -0.00232135 0.0475447 0.0130499
      endloop
   endfacet
   facet normal 0 0.242099 -0.970252
      outer loop
         vertex -0.000705362 0.0480851 0.0131847
         vertex -1.85848e-07 0.0480608 0.0131787
         vertex -0.004 0.040592 0.011315
      endloop
   endfacet
   facet normal 0 0.242099 -0.970252
      outer loop
         vertex 0.004 0.0463421 0.0127498
         vertex 0.004 0.040592 0.011315
         vertex -0.004 0.040592 0.011315
      endloop
   endfacet
   facet normal 1 0 0
      outer loop
         vertex 0.004 0.0251522 0.0120544
         vertex 0.004 0.0202207 0.0107236
         vertex 0.004 0.0380338 0.011315
      endloop
   endfacet
   facet normal 1 0 0
      outer loop
         vertex 0.004 0.0380338 0.011315
         vertex 0.004 0.0463421 0.0127498
         vertex 0.004 0.0251522 0.0120544
      endloop
   endfacet
   facet normal 1 0 0
      outer loop
         vertex 0.004 0.0251522 0.0120544
         vertex 0.004 0.0135598 0.0116739
         vertex 0.004 0.0202207 0.0107236
      endloop
   endfacet
   facet normal 1 0 0
      outer loop
         vertex 0.004 0.0380338 0.011315
         vertex 0.004 0.040592 0.011315
         vertex 0.004 0.0463421 0.0127498
      endloop
   endfacet
   facet normal -1 0 0
      outer loop
         vertex -0.004 0.0251522 0.0120544
         vertex -0.004 0.0463421 0.0127498
         vertex -0.004 0.0380338 0.011315
      endloop
   endfacet
   facet normal -1 0 0
      outer loop
         vertex -0.004 0.0202207 0.0107236
         vertex -0.004 0.0135598 0.0116739
         vertex -0.004 0.0251522 0.0120544
      endloop
   endfacet
   facet normal -1 0 0
      outer loop
         vertex -0.004 0.0463421 0.0127498
         vertex -0.004 0.040592 0.011315
         vertex -0.004 0.0380338 0.011315
      endloop
   endfacet
   facet normal -1 0 0
      outer loop
         vertex -0.004 0.0380338 0.011315
         vertex -0.004 0.0202207 0.0107236
         vertex -0.004 0.0251522 0.0120544
      endloop
   endfacet
   facet normal 0 -0.141243 -0.989975
      outer loop
         vertex 0.004 0.0202207 0.0107236
         vertex 0.00241987 0.0123611 0.011845
         vertex 0.00101169 0.0118097 0.0119236
      endloop
   endfacet
   facet normal 0 -0.141243 -0.989975
      outer loop
         vertex 0.004 0.0202207 0.0107236
         vertex -8.57085e-08 0.0117641 0.0119301
         vertex -0.00060723 0.0117367 0.011934
      endloop
   endfacet
   facet normal 0 -0.141243 -0.989975
      outer loop
         vertex 0.004 0.0202207 0.0107236
         vertex 0.00373762 0.0133608 0.0117023
         vertex 0.00241987 0.0123611 0.011845
      endloop
   endfacet
   facet normal 0 -0.141243 -0.989975
      outer loop
         vertex -0.00060723 0.0117367 0.011934
         vertex -0.00214655 0.0122173 0.0118655
         vertex 0.004 0.0202207 0.0107236
      endloop
   endfacet
   facet normal 0 -0.141243 -0.989975
      outer loop
         vertex 0.004 0.0202207 0.0107236
         vertex 0.004 0.0135598 0.0116739
         vertex 0.00373762 0.0133608 0.0117023
      endloop
   endfacet
   facet normal 0 -0.141243 -0.989975
      outer loop
         vertex 0.004 0.0202207 0.0107236
         vertex -0.00373798 0.01337 0.011701
         vertex -0.004 0.0135598 0.0116739
      endloop
   endfacet
   facet normal 0 -0.141243 -0.989975
      outer loop
         vertex 0.00101169 0.0118097 0.0119236
         vertex -8.57085e-08 0.0117641 0.0119301
         vertex 0.004 0.0202207 0.0107236
      endloop
   endfacet
   facet normal 0 -0.141243 -0.989975
      outer loop
         vertex -0.00214655 0.0122173 0.0118655
         vertex -0.00373798 0.01337 0.011701
         vertex 0.004 0.0202207 0.0107236
      endloop
   endfacet
   facet normal 0 -0.141243 -0.989975
      outer loop
         vertex -0.004 0.0135598 0.0116739
         vertex -0.004 0.0202207 0.0107236
         vertex 0.004 0.0202207 0.0107236
      endloop
   endfacet
   facet normal 0 0.0663321 -0.997798
      outer loop
         vertex -0.004 0.0202207 0.0107236
         vertex -0.004 0.0380338 0.011315
         vertex 0.004 0.0380338 0.011315
      endloop
   endfacet
   facet normal 0 2.44929e-16 -1
      outer loop
         vertex 0.004 0.0380338 0.011315
         vertex 0.004 0.0202207 0.0107236
         vertex -0.004 0.0202207 0.0107236
      endloop
   endfacet
   facet normal 0 2.44929e-16 -1
      outer loop
         vertex 0.004 0.0380338 0.011315
         vertex -0.004 0.0380338 0.011315
         vertex -0.004 0.040592 0.011315
      endloop
   endfacet
   facet normal 0 2.44929e-16 -1
      outer loop
         vertex -0.004 0.040592 0.011315
         vertex 0.004 0.040592 0.011315
         vertex 0.004 0.0380338 0.011315
      endloop
   endfacet
endsolid Proximal_Shell. Units = meters