solid waist_pitch_standard. STL generated by ONSHAPE BY PTC INC, 1.212. Units = meters
   facet normal 0 0 -1
      outer loop
         vertex 0 3.36778e-18 1
         vertex 0.0508134 -0.0210476 1
         vertex 0.0388909 -0.0388909 1
      endloop
   endfacet
   facet normal 0 0 -1
      outer loop
         vertex 0.0388909 -0.0388909 1
         vertex 0.0210476 -0.0508134 1
         vertex 0 3.36778e-18 1
      endloop
   endfacet
   facet normal 0 0 -1
      outer loop
         vertex 0.0210476 -0.0508134 1
         vertex 1.01033e-17 -0.055 1
         vertex 0 3.36778e-18 1
      endloop
   endfacet
   facet normal 0 0 -1
      outer loop
         vertex 1.01033e-17 -0.055 1
         vertex -0.0210476 -0.0508134 1
         vertex 0 3.36778e-18 1
      endloop
   endfacet
   facet normal 0 0 -1
      outer loop
         vertex -0.0210476 -0.0508134 1
         vertex -0.0388909 -0.0388909 1
         vertex 0 3.36778e-18 1
      endloop
   endfacet
   facet normal 0 0 -1
      outer loop
         vertex -0.0388909 -0.0388909 1
         vertex -0.0508134 -0.0210476 1
         vertex 0 3.36778e-18 1
      endloop
   endfacet
   facet normal 0 0 -1
      outer loop
         vertex -0.0508134 -0.0210476 1
         vertex -0.055 3.36778e-18 1
         vertex 0 3.36778e-18 1
      endloop
   endfacet
   facet normal 0 0 -1
      outer loop
         vertex -0.055 3.36778e-18 1
         vertex -0.0508134 0.0210476 1
         vertex 0 3.36778e-18 1
      endloop
   endfacet
   facet normal 0 0 -1
      outer loop
         vertex -0.0508134 0.0210476 1
         vertex -0.0388909 0.0388909 1
         vertex 0 3.36778e-18 1
      endloop
   endfacet
   facet normal 0 0 -1
      outer loop
         vertex -0.0388909 0.0388909 1
         vertex -0.0210476 0.0508134 1
         vertex 0 3.36778e-18 1
      endloop
   endfacet
   facet normal 0 0 -1
      outer loop
         vertex -0.0210476 0.0508134 1
         vertex 8.84467e-18 0.055 1
         vertex 0 3.36778e-18 1
      endloop
   endfacet
   facet normal 0 0 -1
      outer loop
         vertex 8.84467e-18 0.055 1
         vertex 0.0210476 0.0508134 1
         vertex 0 3.36778e-18 1
      endloop
   endfacet
   facet normal 0 0 -1
      outer loop
         vertex 0.0210476 0.0508134 1
         vertex 0.0388909 0.0388909 1
         vertex 0 3.36778e-18 1
      endloop
   endfacet
   facet normal 0 0 -1
      outer loop
         vertex 0.0388909 0.0388909 1
         vertex 0.0508134 0.0210476 1
         vertex 0 3.36778e-18 1
      endloop
   endfacet
   facet normal 0 0 -1
      outer loop
         vertex 0.0508134 0.0210476 1
         vertex 0.055 1.01033e-17 1
         vertex 0 3.36778e-18 1
      endloop
   endfacet
   facet normal 0 0 -1
      outer loop
         vertex 0.055 1.01033e-17 1
         vertex 0.0508134 -0.0210476 1
         vertex 0 3.36778e-18 1
      endloop
   endfacet
   facet normal -1 0 0
      outer loop
         vertex -0.055 3.36778e-18 1
         vertex -0.055 3.36778e-18 1.0075
         vertex -0.0534686 0.0113402 1.00901
      endloop
   endfacet
   facet normal -0.97824 0.207475 0
      outer loop
         vertex -0.0534686 0.0113402 1.00901
         vertex -0.0508134 0.0210476 1
         vertex -0.055 3.36778e-18 1
      endloop
   endfacet
   facet normal -0.97824 0.207475 0
      outer loop
         vertex -0.0534686 0.0113402 1.00901
         vertex -0.05303 0.0145883 1.00944
         vertex -0.0508134 0.0210476 1
      endloop
   endfacet
   facet normal -0.707107 0.707107 0
      outer loop
         vertex -0.0388909 0.0388909 1
         vertex -0.0508134 0.0210476 1
         vertex -0.0499359 0.0217297 1.01242
      endloop
   endfacet
   facet normal -0.92388 0.382683 0
      outer loop
         vertex -0.0508134 0.0210476 1
         vertex -0.0503232 0.0208356 1.01204
         vertex -0.0499359 0.0217297 1.01242
      endloop
   endfacet
   facet normal -0.916946 0.399011 0
      outer loop
         vertex -0.0499359 0.0217297 1.01242
         vertex -0.0469104 0.0287126 1.01532
         vertex -0.0388909 0.0388909 1
      endloop
   endfacet
   facet normal -0.382683 0.92388 0
      outer loop
         vertex -0.0210476 0.0508134 1
         vertex -0.0378332 0.038635 1.02328
         vertex -0.0327642 0.0441758 1.02772
      endloop
   endfacet
   facet normal -0.595713 0.803197 0
      outer loop
         vertex -0.0327642 0.0441758 1.02772
         vertex -0.0210549 0.0500851 1.03544
         vertex -0.0210476 0.0508134 1
      endloop
   endfacet
   facet normal -0.382683 0.92388 0
      outer loop
         vertex -0.0210476 0.0508134 1
         vertex -0.0388909 0.0388909 1
         vertex -0.0381901 0.0382448 1.02297
      endloop
   endfacet
   facet normal -0.7066 0.707613 0
      outer loop
         vertex -0.0381901 0.0382448 1.02297
         vertex -0.0378332 0.038635 1.02328
         vertex -0.0210476 0.0508134 1
      endloop
   endfacet
   facet normal 1.60812e-16 1 0
      outer loop
         vertex 8.84467e-18 0.055 1
         vertex -0.011053 0.0535072 1.04025
         vertex -0.00337493 0.0548964 1.04261
      endloop
   endfacet
   facet normal 1.60812e-16 1 0
      outer loop
         vertex 8.84467e-18 0.055 1
         vertex -0.0210476 0.0508134 1
         vertex -0.0207598 0.050234 1.03563
      endloop
   endfacet
   facet normal -0.381933 0.92419 0
      outer loop
         vertex -0.0207598 0.050234 1.03563
         vertex -0.016074 0.0525987 1.03872
         vertex 8.84467e-18 0.055 1
      endloop
   endfacet
   facet normal -0.292255 0.95634 0
      outer loop
         vertex -0.016074 0.0525987 1.03872
         vertex -0.011053 0.0535072 1.04025
         vertex 8.84467e-18 0.055 1
      endloop
   endfacet
   facet normal 0.105607 0.994408 0
      outer loop
         vertex 0.00580841 0.0546924 1.04224
         vertex 0.0111637 0.0534958 1.04026
         vertex 0.00567918 0.054706 1.04137
      endloop
   endfacet
   facet normal 1.60812e-16 1 0
      outer loop
         vertex 8.84467e-18 0.055 1
         vertex 0.0180233 0.0519631 1.03772
         vertex 0.0207895 0.0503564 1.03577
      endloop
   endfacet
   facet normal 1.60812e-16 1 0
      outer loop
         vertex 8.84467e-18 0.055 1
         vertex 0.0111637 0.0534958 1.04026
         vertex 0.0180233 0.0519631 1.03772
      endloop
   endfacet
   facet normal 1.60812e-16 1 0
      outer loop
         vertex 8.84467e-18 0.055 1
         vertex 0.00567918 0.054706 1.04137
         vertex 0.0111637 0.0534958 1.04026
      endloop
   endfacet
   facet normal 1.60812e-16 1 0
      outer loop
         vertex 8.84467e-18 0.055 1
         vertex -3.96156e-06 0.0548215 1.04247
         vertex 6.31829e-05 0.05482 1.04247
      endloop
   endfacet
   facet normal 0.00115255 0.999999 0
      outer loop
         vertex 6.31829e-05 0.05482 1.04247
         vertex 0.00567918 0.054706 1.04137
         vertex 8.84467e-18 0.055 1
      endloop
   endfacet
   facet normal 0.381605 0.924325 0
      outer loop
         vertex 0.0207895 0.0503564 1.03577
         vertex 0.0210476 0.0508134 1
         vertex 8.84467e-18 0.055 1
      endloop
   endfacet
   facet normal 0.382683 0.92388 0
      outer loop
         vertex 0.0210476 0.0508134 1
         vertex 0.0362046 0.0414033 1.0249
         vertex 0.0384638 0.0385467 1.02286
      endloop
   endfacet
   facet normal 0.382683 0.92388 0
      outer loop
         vertex 0.0210476 0.0508134 1
         vertex 0.0212126 0.0501107 1.03547
         vertex 0.0300488 0.0449786 1.02924
      endloop
   endfacet
   facet normal 0.382683 0.92388 0
      outer loop
         vertex 0.0210476 0.0508134 1
         vertex 0.0207895 0.0503564 1.03577
         vertex 0.0212126 0.0501107 1.03547
      endloop
   endfacet
   facet normal 0.555507 0.831512 0
      outer loop
         vertex 0.0300488 0.0449786 1.02924
         vertex 0.0362046 0.0414033 1.0249
         vertex 0.0210476 0.0508134 1
      endloop
   endfacet
   facet normal 0.92388 0.382683 0
      outer loop
         vertex 0.0508134 0.0210476 1
         vertex 0.0388909 0.0388909 1
         vertex 0.0486302 0.0256925 1.0137
      endloop
   endfacet
   facet normal 0.884185 0.467136 0
      outer loop
         vertex 0.0486302 0.0256925 1.0137
         vertex 0.0499463 0.0218211 1.01242
         vertex 0.0508134 0.0210476 1
      endloop
   endfacet
   facet normal 0.707107 0.707107 0
      outer loop
         vertex 0.0388909 0.0388909 1
         vertex 0.0384638 0.0385467 1.02286
         vertex 0.0446 0.0307883 1.01733
      endloop
   endfacet
   facet normal 0.822957 0.568104 0
      outer loop
         vertex 0.0446 0.0307883 1.01733
         vertex 0.0486302 0.0256925 1.0137
         vertex 0.0388909 0.0388909 1
      endloop
   endfacet
   facet normal 1 1.22465e-16 0
      outer loop
         vertex 0.055 1.01033e-17 1
         vertex 0.0508134 0.0210476 1
         vertex 0.0542135 0.0092683 1.00828
      endloop
   endfacet
   facet normal 0.92388 0.382683 0
      outer loop
         vertex 0.0508134 0.0210476 1
         vertex 0.0502721 0.0208624 1.0121
         vertex 0.0535265 0.0112891 1.00894
      endloop
   endfacet
   facet normal 0.978475 0.206367 0
      outer loop
         vertex 0.0535265 0.0112891 1.00894
         vertex 0.0542135 0.0092683 1.00828
         vertex 0.0508134 0.0210476 1
      endloop
   endfacet
   facet normal 0.92388 -0.382683 0
      outer loop
         vertex 0.0508134 -0.0210476 1
         vertex 0.055 1.01033e-17 1
         vertex 0.0547348 -0.00539495 1.00776
      endloop
   endfacet
   facet normal 0.995178 -0.0980901 0
      outer loop
         vertex 0.0547348 -0.00539495 1.00776
         vertex 0.0533165 -0.0112222 1.00915
         vertex 0.0508134 -0.0210476 1
      endloop
   endfacet
   facet normal 0.978558 -0.205969 0
      outer loop
         vertex 0.0533165 -0.0112222 1.00915
         vertex 0.0510917 -0.0203626 1.01133
         vertex 0.0508134 -0.0210476 1
      endloop
   endfacet
   facet normal 1 1.22465e-16 0
      outer loop
         vertex 0.055 1.01033e-17 1
         vertex 0.0545435 -1.62215e-05 1.00795
         vertex 0.0545449 -5.5074e-05 1.00795
      endloop
   endfacet
   facet normal 0.999999 -0.0010097 0
      outer loop
         vertex 0.0545449 -5.5074e-05 1.00795
         vertex 0.0547348 -0.00539495 1.00776
         vertex 0.055 1.01033e-17 1
      endloop
   endfacet
   facet normal 0.707107 -0.707107 0
      outer loop
         vertex 0.0388909 -0.0388909 1
         vertex 0.0508134 -0.0210476 1
         vertex 0.0501745 -0.0218809 1.01219
      endloop
   endfacet
   facet normal 0.916629 -0.399738 0
      outer loop
         vertex 0.0501745 -0.0218809 1.01219
         vertex 0.0446669 -0.0309978 1.01734
         vertex 0.0388909 -0.0388909 1
      endloop
   endfacet
   facet normal 0.92388 -0.382683 0
      outer loop
         vertex 0.0508134 -0.0210476 1
         vertex 0.0507136 -0.0209886 1.01169
         vertex 0.0501745 -0.0218809 1.01219
      endloop
   endfacet
   facet normal 0.82155 -0.570137 0
      outer loop
         vertex 0.0446669 -0.0309978 1.01734
         vertex 0.0417955 -0.0357511 1.02003
         vertex 0.0388909 -0.0388909 1
      endloop
   endfacet
   facet normal 0.382683 -0.92388 0
      outer loop
         vertex 0.0210476 -0.0508134 1
         vertex 0.0297886 -0.0448043 1.02945
         vertex 0.0228742 -0.0500177 1.03488
      endloop
   endfacet
   facet normal 0.415894 -0.909413 0
      outer loop
         vertex 0.0228742 -0.0500177 1.03488
         vertex 0.0213583 -0.0504846 1.0356
         vertex 0.0210476 -0.0508134 1
      endloop
   endfacet
   facet normal 0.382683 -0.92388 0
      outer loop
         vertex 0.0210476 -0.0508134 1
         vertex 0.0388909 -0.0388909 1
         vertex 0.0384264 -0.0382914 1.02268
      endloop
   endfacet
   facet normal 0.70835 -0.705861 0
      outer loop
         vertex 0.0384264 -0.0382914 1.02268
         vertex 0.0379263 -0.0386684 1.02307
         vertex 0.0210476 -0.0508134 1
      endloop
   endfacet
   facet normal 0.700223 -0.713924 0
      outer loop
         vertex 0.0379263 -0.0386684 1.02307
         vertex 0.0297886 -0.0448043 1.02945
         vertex 0.0210476 -0.0508134 1
      endloop
   endfacet
   facet normal 1.83697e-16 -1 0
      outer loop
         vertex 1.01033e-17 -0.055 1
         vertex 0.011051 -0.053659 1.04054
         vertex 0.00922934 -0.0542201 1.04141
      endloop
   endfacet
   facet normal 1.83697e-16 -1 0
      outer loop
         vertex 1.01033e-17 -0.055 1
         vertex 0.0210476 -0.0508134 1
         vertex 0.0209809 -0.0506008 1.03579
      endloop
   endfacet
   facet normal 0.383016 -0.923742 0
      outer loop
         vertex 0.0209809 -0.0506008 1.03579
         vertex 0.011051 -0.053659 1.04054
         vertex 1.01033e-17 -0.055 1
      endloop
   endfacet
   facet normal 1.83697e-16 -1 0
      outer loop
         vertex 1.01033e-17 -0.055 1
         vertex -0.0113625 -0.0537079 1.04058
         vertex -0.0208784 -0.0503405 1.03556
      endloop
   endfacet
   facet normal 1.83697e-16 -1 0
      outer loop
         vertex 1.01033e-17 -0.055 1
         vertex -9.04894e-07 -0.0549891 1.04278
         vertex -0.00013037 -0.0549998 1.04279
      endloop
   endfacet
   facet normal -0.00237037 -0.999997 0
      outer loop
         vertex -0.00013037 -0.0549998 1.04279
         vertex -0.0106563 -0.0539578 1.04096
         vertex 1.01033e-17 -0.055 1
      endloop
   endfacet
   facet normal -0.193751 -0.981051 0
      outer loop
         vertex -0.0106563 -0.0539578 1.04096
         vertex -0.0113625 -0.0537079 1.04058
         vertex 1.01033e-17 -0.055 1
      endloop
   endfacet
   facet normal -0.382683 -0.92388 0
      outer loop
         vertex -0.0210476 -0.0508134 1
         vertex -0.0377888 -0.0382915 1.02311
         vertex -0.0381238 -0.0380055 1.02283
      endloop
   endfacet
   facet normal -0.382683 -0.92388 0
      outer loop
         vertex -0.0210476 -0.0508134 1
         vertex -0.0300358 -0.04491 1.02945
         vertex -0.0377888 -0.0382915 1.02311
      endloop
   endfacet
   facet normal -0.382683 -0.92388 0
      outer loop
         vertex -0.0210476 -0.0508134 1
         vertex -0.021341 -0.0501768 1.03531
         vertex -0.0256542 -0.0486504 1.03304
      endloop
   endfacet
   facet normal -0.382683 -0.92388 0
      outer loop
         vertex -0.0210476 -0.0508134 1
         vertex -0.0208784 -0.0503405 1.03556
         vertex -0.021341 -0.0501768 1.03531
      endloop
   endfacet
   facet normal -0.46644 -0.884553 0
      outer loop
         vertex -0.0256542 -0.0486504 1.03304
         vertex -0.0300358 -0.04491 1.02945
         vertex -0.0210476 -0.0508134 1
      endloop
   endfacet
   facet normal -0.707107 -0.707107 0
      outer loop
         vertex -0.0388909 -0.0388909 1
         vertex -0.0440225 -0.03297 1.01801
         vertex -0.0499569 -0.0216943 1.01238
      endloop
   endfacet
   facet normal -0.917245 -0.398323 0
      outer loop
         vertex -0.0499569 -0.0216943 1.01238
         vertex -0.0508134 -0.0210476 1
         vertex -0.0388909 -0.0388909 1
      endloop
   endfacet
   facet normal -0.707107 -0.707107 0
      outer loop
         vertex -0.0388909 -0.0388909 1
         vertex -0.0381238 -0.0380055 1.02283
         vertex -0.0440225 -0.03297 1.01801
      endloop
   endfacet
   facet normal -0.92388 -0.382683 0
      outer loop
         vertex -0.0508134 -0.0210476 1
         vertex -0.0534319 -0.011286 1.00904
         vertex -0.054787 -0.00483633 1.00771
      endloop
   endfacet
   facet normal -0.92388 -0.382683 0
      outer loop
         vertex -0.0508134 -0.0210476 1
         vertex -0.0521013 -0.0176197 1.01035
         vertex -0.0534319 -0.011286 1.00904
      endloop
   endfacet
   facet normal -0.996126 -0.0879332 0
      outer loop
         vertex -0.054787 -0.00483633 1.00771
         vertex -0.055 3.36778e-18 1
         vertex -0.0508134 -0.0210476 1
      endloop
   endfacet
   facet normal -0.92388 -0.382683 0
      outer loop
         vertex -0.0508134 -0.0210476 1
         vertex -0.0504081 -0.0208369 1.01196
         vertex -0.0521013 -0.0176197 1.01035
      endloop
   endfacet
   facet normal -0.996126 -0.0879332 0
      outer loop
         vertex -0.054787 -0.00483633 1.00771
         vertex -0.055 3.36778e-18 1.0075
         vertex -0.055 3.36778e-18 1
      endloop
   endfacet
   facet normal -0.917245 -0.398323 0
      outer loop
         vertex -0.0499569 -0.0216943 1.01238
         vertex -0.0504081 -0.0208369 1.01196
         vertex -0.0508134 -0.0210476 1
      endloop
   endfacet
   facet normal -0.708204 -0.706008 0
      outer loop
         vertex -0.0381238 -0.0380055 1.02283
         vertex -0.0388909 -0.0388909 1
         vertex -0.0210476 -0.0508134 1
      endloop
   endfacet
   facet normal -0.383101 -0.923706 0
      outer loop
         vertex -0.0208784 -0.0503405 1.03556
         vertex -0.0210476 -0.0508134 1
         vertex 1.01033e-17 -0.055 1
      endloop
   endfacet
   facet normal 0.167806 -0.98582 0
      outer loop
         vertex 0.00922934 -0.0542201 1.04141
         vertex -9.04894e-07 -0.0549891 1.04278
         vertex 1.01033e-17 -0.055 1
      endloop
   endfacet
   facet normal 0.389631 -0.920971 0
      outer loop
         vertex 0.0213583 -0.0504846 1.0356
         vertex 0.0209809 -0.0506008 1.03579
         vertex 0.0210476 -0.0508134 1
      endloop
   endfacet
   facet normal 0.759918 -0.650019 0
      outer loop
         vertex 0.0417955 -0.0357511 1.02003
         vertex 0.0384264 -0.0382914 1.02268
         vertex 0.0388909 -0.0388909 1
      endloop
   endfacet
   facet normal 0.928941 -0.370228 0
      outer loop
         vertex 0.0510917 -0.0203626 1.01133
         vertex 0.0507136 -0.0209886 1.01169
         vertex 0.0508134 -0.0210476 1
      endloop
   endfacet
   facet normal 0.985699 0.168515 0
      outer loop
         vertex 0.0542135 0.0092683 1.00828
         vertex 0.0545435 -1.62215e-05 1.00795
         vertex 0.055 1.01033e-17 1
      endloop
   endfacet
   facet normal 0.916362 0.40035 0
      outer loop
         vertex 0.0499463 0.0218211 1.01242
         vertex 0.0502721 0.0208624 1.0121
         vertex 0.0508134 0.0210476 1
      endloop
   endfacet
   facet normal 0.706346 0.707867 0
      outer loop
         vertex 0.0384638 0.0385467 1.02286
         vertex 0.0388909 0.0388909 1
         vertex 0.0210476 0.0508134 1
      endloop
   endfacet
   facet normal 0.103258 0.994655 0
      outer loop
         vertex 0.00567918 0.054706 1.04137
         vertex 6.31829e-05 0.05482 1.04247
         vertex 0.00580841 0.0546924 1.04224
      endloop
   endfacet
   facet normal -0.0613624 0.998116 0
      outer loop
         vertex -0.00337493 0.0548964 1.04261
         vertex -3.96156e-06 0.0548215 1.04247
         vertex 8.84467e-18 0.055 1
      endloop
   endfacet
   facet normal -0.387533 0.921856 0
      outer loop
         vertex -0.0210549 0.0500851 1.03544
         vertex -0.0207598 0.050234 1.03563
         vertex -0.0210476 0.0508134 1
      endloop
   endfacet
   facet normal -0.852916 0.522048 0
      outer loop
         vertex -0.0469104 0.0287126 1.01532
         vertex -0.0381901 0.0382448 1.02297
         vertex -0.0388909 0.0388909 1
      endloop
   endfacet
   facet normal -0.964182 0.265242 0
      outer loop
         vertex -0.05303 0.0145883 1.00944
         vertex -0.0503232 0.0208356 1.01204
         vertex -0.0508134 0.0210476 1
      endloop
   endfacet
   facet normal 0.857493 -0.000518537 -0.514496
      outer loop
         vertex 0.0564062 -2.15124e-05 1.01359
         vertex 0.0553288 0.0107536 1.01453
         vertex 0.0564093 0.0107399 1.0159
      endloop
   endfacet
   facet normal 0.307362 0.22261 -0.925188
      outer loop
         vertex 0.0594227 0.0110466 1.01779
         vertex 0.0630341 0.0116197 1.01893
         vertex 0.0649053 0.00306182 1.01757
      endloop
   endfacet
   facet normal -0.857493 -4.59021e-12 -0.514496
      outer loop
         vertex -0.0564063 -2.97594e-18 1.01359
         vertex -0.0553338 -0.0107287 1.01453
         vertex -0.0564144 -0.010715 1.0159
      endloop
   endfacet
   facet normal 2.7139e-14 -0.174395 -0.984676
      outer loop
         vertex -0.0631913 -0.0116799 1.01882
         vertex -0.065 -1.41614e-16 1.0175
         vertex -0.060625 -3.29234e-18 1.01688
      endloop
   endfacet
   facet normal -0.108548 0.947465 -0.300877
      outer loop
         vertex -0.0122308 0.0541337 1.04376
         vertex 8.71213e-05 0.0554032 1.04564
         vertex 8.35578e-05 0.0551007 1.04425
      endloop
   endfacet
   facet normal 0.948683 -0.000493035 -0.316228
      outer loop
         vertex 0.055625 -2.17893e-05 1.01188
         vertex 0.0545435 -1.62215e-05 1.00795
         vertex 0.0542135 0.0092683 1.00828
      endloop
   endfacet
   facet normal 0.985709 0.168459 -1.93187e-05
      outer loop
         vertex 0.0542135 0.0092683 1.00828
         vertex 0.0545325 0.0108786 1.01287
         vertex 0.055625 -2.17893e-05 1.01188
      endloop
   endfacet
   facet normal 0.948683 -0.000493035 -0.316228
      outer loop
         vertex 0.055625 -2.17893e-05 1.01188
         vertex 0.0545449 -5.5074e-05 1.00795
         vertex 0.0545435 -1.62215e-05 1.00795
      endloop
   endfacet
   facet normal 0.468984 0.778755 -0.416647
      outer loop
         vertex 0.0408481 0.0385105 1.02725
         vertex 0.0404437 0.0385001 1.02671
         vertex 0.0229336 0.0504558 1.03831
      endloop
   endfacet
   facet normal 0.214344 0.913718 -0.345219
      outer loop
         vertex 0.0234144 0.0505963 1.03912
         vertex 0.0412744 0.038562 1.02776
         vertex 0.0408481 0.0385105 1.02725
      endloop
   endfacet
   facet normal 0.919286 0.243535 -0.309198
      outer loop
         vertex 0.0545325 0.0108786 1.01287
         vertex 0.0553288 0.0107536 1.01453
         vertex 0.0564062 -2.15124e-05 1.01359
      endloop
   endfacet
   facet normal 0.418772 0.772601 -0.477198
      outer loop
         vertex 0.0412744 0.038562 1.02776
         vertex 0.053203 0.0210104 1.01853
         vertex 0.0475638 0.0303744 1.02206
      endloop
   endfacet
   facet normal 0.612933 0.478118 -0.62906
      outer loop
         vertex 0.053203 0.0210104 1.01853
         vertex 0.0526579 0.0209918 1.01791
         vertex 0.0475638 0.0303744 1.02206
      endloop
   endfacet
   facet normal 0.827419 0.255238 -0.500231
      outer loop
         vertex 0.0553288 0.0107536 1.01453
         vertex 0.0521673 0.0210173 1.01724
         vertex 0.0526579 0.0209918 1.01791
      endloop
   endfacet
   facet normal 0.684757 0.480814 -0.547655
      outer loop
         vertex 0.0526579 0.0209918 1.01791
         vertex 0.0564093 0.0107399 1.0159
         vertex 0.0553288 0.0107536 1.01453
      endloop
   endfacet
   facet normal 0.684757 0.480814 -0.547655
      outer loop
         vertex 0.0526579 0.0209918 1.01791
         vertex 0.0521673 0.0210173 1.01724
         vertex 0.0471058 0.030387 1.02145
      endloop
   endfacet
   facet normal 0.581495 0.654314 -0.483464
      outer loop
         vertex 0.0475638 0.0303744 1.02206
         vertex 0.0471058 0.030387 1.02145
         vertex 0.0404437 0.0385001 1.02671
      endloop
   endfacet
   facet normal 0.684916 0.647318 -0.334469
      outer loop
         vertex 0.0466843 0.0304463 1.02081
         vertex 0.0471058 0.030387 1.02145
         vertex 0.0521673 0.0210173 1.01724
      endloop
   endfacet
   facet normal 0.827419 0.255238 -0.500231
      outer loop
         vertex 0.0553288 0.0107536 1.01453
         vertex 0.0545325 0.0108786 1.01287
         vertex 0.0517311 0.0210866 1.01651
      endloop
   endfacet
   facet normal 0.919286 0.243535 -0.309198
      outer loop
         vertex 0.0545325 0.0108786 1.01287
         vertex 0.0513495 0.0212 1.01573
         vertex 0.0517311 0.0210866 1.01651
      endloop
   endfacet
   facet normal 0.725468 0.637073 -0.26045
      outer loop
         vertex 0.0462993 0.0305524 1.02012
         vertex 0.0466843 0.0304463 1.02081
         vertex 0.0517311 0.0210866 1.01651
      endloop
   endfacet
   facet normal 0.636808 0.653314 -0.40946
      outer loop
         vertex 0.0471058 0.030387 1.02145
         vertex 0.0466843 0.0304463 1.02081
         vertex 0.0400612 0.0385308 1.02615
      endloop
   endfacet
   facet normal 0.684916 0.647318 -0.334469
      outer loop
         vertex 0.0466843 0.0304463 1.02081
         vertex 0.0462993 0.0305524 1.02012
         vertex 0.0397005 0.0386026 1.02556
      endloop
   endfacet
   facet normal 0.265986 0.928885 -0.257729
      outer loop
         vertex 0.0229336 0.0504558 1.03831
         vertex 0.0224737 0.0504053 1.03746
         vertex 0.0118706 0.053832 1.04225
      endloop
   endfacet
   facet normal 0.109852 0.947189 -0.301274
      outer loop
         vertex 0.0123744 0.0541034 1.04371
         vertex 0.0234144 0.0505963 1.03912
         vertex 0.0229336 0.0504558 1.03831
      endloop
   endfacet
   facet normal 0.557848 0.777245 -0.291025
      outer loop
         vertex 0.0400612 0.0385308 1.02615
         vertex 0.0397005 0.0386026 1.02556
         vertex 0.0224737 0.0504053 1.03746
      endloop
   endfacet
   facet normal 0.265986 0.928885 -0.257729
      outer loop
         vertex 0.0229336 0.0504558 1.03831
         vertex 0.0404437 0.0385001 1.02671
         vertex 0.0400612 0.0385308 1.02615
      endloop
   endfacet
   facet normal 0.109852 0.947189 -0.301274
      outer loop
         vertex 0.0123744 0.0541034 1.04371
         vertex 0.0118706 0.053832 1.04225
         vertex 8.35578e-05 0.0551007 1.04425
      endloop
   endfacet
   facet normal 0.313619 0.934336 -0.16929
      outer loop
         vertex 0.0224737 0.0504053 1.03746
         vertex 0.0397005 0.0386026 1.02556
         vertex 0.0301601 0.0449057 1.02951
      endloop
   endfacet
   facet normal 0.595458 0.770248 -0.228356
      outer loop
         vertex 0.0397005 0.0386026 1.02556
         vertex 0.0390448 0.0388695 1.02431
         vertex 0.0301601 0.0449057 1.02951
      endloop
   endfacet
   facet normal 0.784978 0.607518 -0.121376
      outer loop
         vertex 0.0456389 0.030905 1.01863
         vertex 0.0462993 0.0305524 1.02012
         vertex 0.0513495 0.0212 1.01573
      endloop
   endfacet
   facet normal 0.919286 0.243535 -0.309198
      outer loop
         vertex 0.0545325 0.0108786 1.01287
         vertex 0.0535265 0.0112891 1.00894
         vertex 0.0507497 0.0215584 1.01399
      endloop
   endfacet
   facet normal 0.891748 0.43278 -0.132239
      outer loop
         vertex 0.0507497 0.0215584 1.01399
         vertex 0.0535265 0.0112891 1.00894
         vertex 0.0502721 0.0208624 1.0121
      endloop
   endfacet
   facet normal 0.919664 0.391917 -0.0248788
      outer loop
         vertex 0.0502721 0.0208624 1.0121
         vertex 0.0499463 0.0218211 1.01242
         vertex 0.0507497 0.0215584 1.01399
      endloop
   endfacet
   facet normal 0.784978 0.607518 -0.121376
      outer loop
         vertex 0.0456389 0.030905 1.01863
         vertex 0.0507497 0.0215584 1.01399
         vertex 0.0486302 0.0256925 1.0137
      endloop
   endfacet
   facet normal 0.891748 0.43278 -0.132239
      outer loop
         vertex 0.0507497 0.0215584 1.01399
         vertex 0.0499463 0.0218211 1.01242
         vertex 0.0486302 0.0256925 1.0137
      endloop
   endfacet
   facet normal 0.65635 0.746629 -0.108394
      outer loop
         vertex 0.0390448 0.0388695 1.02431
         vertex 0.0397005 0.0386026 1.02556
         vertex 0.0462993 0.0305524 1.02012
      endloop
   endfacet
   facet normal 0.784978 0.607518 -0.121376
      outer loop
         vertex 0.0456389 0.030905 1.01863
         vertex 0.0446 0.0307883 1.01733
         vertex 0.0384638 0.0385467 1.02286
      endloop
   endfacet
   facet normal 0.700989 0.713073 -0.0118742
      outer loop
         vertex 0.0384638 0.0385467 1.02286
         vertex 0.0390448 0.0388695 1.02431
         vertex 0.0456389 0.030905 1.01863
      endloop
   endfacet
   facet normal 0.162042 0.975519 -0.148679
      outer loop
         vertex 0.0118706 0.053832 1.04225
         vertex 0.0224737 0.0504053 1.03746
         vertex 0.0180233 0.0519631 1.03772
      endloop
   endfacet
   facet normal 0.381941 0.924187 0.000698616
      outer loop
         vertex 0.0207895 0.0503564 1.03577
         vertex 0.0224737 0.0504053 1.03746
         vertex 0.0223323 0.0500383 1.03632
      endloop
   endfacet
   facet normal 0.356152 0.930768 -0.0826251
      outer loop
         vertex 0.0223323 0.0500383 1.03632
         vertex 0.0212126 0.0501107 1.03547
         vertex 0.0207895 0.0503564 1.03577
      endloop
   endfacet
   facet normal 0.381941 0.924187 0.000698616
      outer loop
         vertex 0.0207895 0.0503564 1.03577
         vertex 0.0180233 0.0519631 1.03772
         vertex 0.0224737 0.0504053 1.03746
      endloop
   endfacet
   facet normal 0.512197 0.853604 -0.0949409
      outer loop
         vertex 0.0301601 0.0449057 1.02951
         vertex 0.0390448 0.0388695 1.02431
         vertex 0.0362046 0.0414033 1.0249
      endloop
   endfacet
   facet normal 0.556325 0.830964 -1.62238e-15
      outer loop
         vertex 0.0300488 0.0449786 1.02924
         vertex 0.0212126 0.0501107 1.03547
         vertex 0.0223323 0.0500383 1.03632
      endloop
   endfacet
   facet normal 0.00113126 0.990086 -0.140459
      outer loop
         vertex 8.35578e-05 0.0551007 1.04425
         vertex 0.0118706 0.053832 1.04225
         vertex 0.00580841 0.0546924 1.04224
      endloop
   endfacet
   facet normal 0.162042 0.975519 -0.148679
      outer loop
         vertex 0.0118706 0.053832 1.04225
         vertex 0.0111637 0.0534958 1.04026
         vertex 0.00580841 0.0546924 1.04224
      endloop
   endfacet
   facet normal -0.16013 0.975863 -0.148491
      outer loop
         vertex -0.0117328 0.0538616 1.04229
         vertex 8.35578e-05 0.0551007 1.04425
         vertex -0.00337493 0.0548964 1.04261
      endloop
   endfacet
   facet normal 0.00113126 0.990086 -0.140459
      outer loop
         vertex 8.35578e-05 0.0551007 1.04425
         vertex 6.31829e-05 0.05482 1.04247
         vertex -3.96156e-06 0.0548215 1.04247
      endloop
   endfacet
   facet normal -0.00011594 1 1.11582e-07
      outer loop
         vertex -3.96156e-06 0.0548215 1.04247
         vertex -0.00337493 0.0548964 1.04261
         vertex 8.35578e-05 0.0551007 1.04425
      endloop
   endfacet
   facet normal -0.417797 0.773571 -0.47648
      outer loop
         vertex -0.0412025 0.0386333 1.02782
         vertex -0.040777 0.0385817 1.0273
         vertex -0.0475532 0.0303901 1.02207
      endloop
   endfacet
   facet normal -0.581299 0.654576 -0.483344
      outer loop
         vertex -0.0475532 0.0303901 1.02207
         vertex -0.0532077 0.0209994 1.01853
         vertex -0.0412025 0.0386333 1.02782
      endloop
   endfacet
   facet normal -0.467898 0.779741 -0.416024
      outer loop
         vertex -0.040777 0.0385817 1.0273
         vertex -0.0233058 0.0506428 1.03918
         vertex -0.0228272 0.050502 1.03836
      endloop
   endfacet
   facet normal -0.264653 0.929381 -0.257314
      outer loop
         vertex -0.0228272 0.050502 1.03836
         vertex -0.0403732 0.038571 1.02677
         vertex -0.040777 0.0385817 1.0273
      endloop
   endfacet
   facet normal -0.264653 0.929381 -0.257314
      outer loop
         vertex -0.0228272 0.050502 1.03836
         vertex -0.0122308 0.0541337 1.04376
         vertex -0.0117328 0.0538616 1.04229
      endloop
   endfacet
   facet normal -0.16013 0.975863 -0.148491
      outer loop
         vertex -0.0117328 0.0538616 1.04229
         vertex -0.0223693 0.0504508 1.03752
         vertex -0.0228272 0.050502 1.03836
      endloop
   endfacet
   facet normal -0.514383 0.781238 -0.353662
      outer loop
         vertex -0.0403732 0.038571 1.02677
         vertex -0.0228272 0.050502 1.03836
         vertex -0.0223693 0.0504508 1.03752
      endloop
   endfacet
   facet normal -0.636597 0.65358 -0.409362
      outer loop
         vertex -0.0470953 0.0304026 1.02146
         vertex -0.0403732 0.038571 1.02677
         vertex -0.0396308 0.0386728 1.02562
      endloop
   endfacet
   facet normal -0.827599 0.254485 -0.500317
      outer loop
         vertex -0.0553354 0.0107209 1.01453
         vertex -0.056416 0.0107072 1.0159
         vertex -0.0526625 0.0209809 1.01791
      endloop
   endfacet
   facet normal -0.681581 0.255318 -0.685755
      outer loop
         vertex -0.056416 0.0107072 1.0159
         vertex -0.0532077 0.0209994 1.01853
         vertex -0.0526625 0.0209809 1.01791
      endloop
   endfacet
   facet normal -0.581299 0.654576 -0.483344
      outer loop
         vertex -0.0475532 0.0303901 1.02207
         vertex -0.040777 0.0385817 1.0273
         vertex -0.0403732 0.038571 1.02677
      endloop
   endfacet
   facet normal -0.68486 0.480593 -0.54772
      outer loop
         vertex -0.0526625 0.0209809 1.01791
         vertex -0.0475532 0.0303901 1.02207
         vertex -0.0470953 0.0304026 1.02146
      endloop
   endfacet
   facet normal -0.857493 -4.59021e-12 -0.514496
      outer loop
         vertex -0.0564063 -2.97594e-18 1.01359
         vertex -0.0575 -3.02689e-18 1.015
         vertex -0.056416 0.0107072 1.0159
      endloop
   endfacet
   facet normal -0.83919 0.460514 -0.289289
      outer loop
         vertex -0.0513541 0.021189 1.01572
         vertex -0.0545392 0.0108455 1.01286
         vertex -0.0553354 0.0107209 1.01453
      endloop
   endfacet
   facet normal -0.725247 0.637347 -0.260394
      outer loop
         vertex -0.0462889 0.030568 1.02013
         vertex -0.0513541 0.021189 1.01572
         vertex -0.0521718 0.0210064 1.01724
      endloop
   endfacet
   facet normal -0.919463 0.242811 -0.309241
      outer loop
         vertex -0.0545392 0.0108455 1.01286
         vertex -0.055625 -2.9795e-18 1.01188
         vertex -0.0564063 -2.97594e-18 1.01359
      endloop
   endfacet
   facet normal -0.655044 0.747794 -0.108266
      outer loop
         vertex -0.0389755 0.0389386 1.02437
         vertex -0.0456284 0.0309205 1.01864
         vertex -0.0462889 0.030568 1.02013
      endloop
   endfacet
   facet normal -0.312071 0.934902 -0.169029
      outer loop
         vertex -0.0223693 0.0504508 1.03752
         vertex -0.021932 0.0504892 1.03664
         vertex -0.0310826 0.0454582 1.03056
      endloop
   endfacet
   facet normal -0.511341 0.854126 -0.0948661
      outer loop
         vertex -0.0310826 0.0454582 1.03056
         vertex -0.0396308 0.0386728 1.02562
         vertex -0.0223693 0.0504508 1.03752
      endloop
   endfacet
   facet normal -0.382487 0.92396 0.0010103
      outer loop
         vertex -0.0207598 0.050234 1.03563
         vertex -0.0210549 0.0500851 1.03544
         vertex -0.021932 0.0504892 1.03664
      endloop
   endfacet
   facet normal -0.312071 0.934902 -0.169029
      outer loop
         vertex -0.0223693 0.0504508 1.03752
         vertex -0.0117328 0.0538616 1.04229
         vertex -0.016074 0.0525987 1.03872
      endloop
   endfacet
   facet normal -0.292175 0.956365 3.4576e-05
      outer loop
         vertex -0.016074 0.0525987 1.03872
         vertex -0.0207598 0.050234 1.03563
         vertex -0.0223693 0.0504508 1.03752
      endloop
   endfacet
   facet normal -0.16013 0.975863 -0.148491
      outer loop
         vertex -0.0117328 0.0538616 1.04229
         vertex -0.011053 0.0535072 1.04025
         vertex -0.016074 0.0525987 1.03872
      endloop
   endfacet
   facet normal -0.391191 0.92031 -6.2639e-15
      outer loop
         vertex -0.0210549 0.0500851 1.03544
         vertex -0.0327642 0.0441758 1.02772
         vertex -0.0310826 0.0454582 1.03056
      endloop
   endfacet
   facet normal -0.655044 0.747794 -0.108266
      outer loop
         vertex -0.0389755 0.0389386 1.02437
         vertex -0.0310826 0.0454582 1.03056
         vertex -0.0327642 0.0441758 1.02772
      endloop
   endfacet
   facet normal -0.83919 0.460514 -0.289289
      outer loop
         vertex -0.0513541 0.021189 1.01572
         vertex -0.0503232 0.0208356 1.01204
         vertex -0.05303 0.0145883 1.00944
      endloop
   endfacet
   facet normal -0.964178 0.265256 1.31168e-06
      outer loop
         vertex -0.05303 0.0145883 1.00944
         vertex -0.0545392 0.0108455 1.01286
         vertex -0.0513541 0.021189 1.01572
      endloop
   endfacet
   facet normal -0.920434 0.390235 -0.0227551
      outer loop
         vertex -0.0503232 0.0208356 1.01204
         vertex -0.0513541 0.021189 1.01572
         vertex -0.0507543 0.0215475 1.01399
      endloop
   endfacet
   facet normal -0.891849 0.432569 -0.132249
      outer loop
         vertex -0.0507543 0.0215475 1.01399
         vertex -0.0499359 0.0217297 1.01242
         vertex -0.0503232 0.0208356 1.01204
      endloop
   endfacet
   facet normal -0.698574 0.715318 -0.0177346
      outer loop
         vertex -0.0381901 0.0382448 1.02297
         vertex -0.0469104 0.0287126 1.01532
         vertex -0.0456284 0.0309205 1.01864
      endloop
   endfacet
   facet normal -0.655044 0.747794 -0.108266
      outer loop
         vertex -0.0389755 0.0389386 1.02437
         vertex -0.0378332 0.038635 1.02328
         vertex -0.0381901 0.0382448 1.02297
      endloop
   endfacet
   facet normal -0.784765 0.607797 -0.121354
      outer loop
         vertex -0.0456284 0.0309205 1.01864
         vertex -0.0507543 0.0215475 1.01399
         vertex -0.0513541 0.021189 1.01572
      endloop
   endfacet
   facet normal -0.891849 0.432569 -0.132249
      outer loop
         vertex -0.0507543 0.0215475 1.01399
         vertex -0.0456284 0.0309205 1.01864
         vertex -0.0469104 0.0287126 1.01532
      endloop
   endfacet
   facet normal -0.978175 0.207782 4.42385e-15
      outer loop
         vertex -0.0534686 0.0113402 1.00901
         vertex -0.055 3.36778e-18 1.0075
         vertex -0.055625 -2.9795e-18 1.01188
      endloop
   endfacet
   facet normal 0.307362 0.22261 -0.925188
      outer loop
         vertex 0.0594227 0.0110466 1.01779
         vertex 0.060625 -2.21275e-05 1.01688
         vertex 0.0589062 -2.16815e-05 1.01609
      endloop
   endfacet
   facet normal -0.0264587 0.859277 -0.510825
      outer loop
         vertex -0.01303 0.0550015 1.04581
         vertex -0.0131399 0.0550277 1.04596
         vertex -0.00355196 0.0565278 1.04811
      endloop
   endfacet
   facet normal 0.0953517 0.654287 -0.750211
      outer loop
         vertex 0.0442917 0.0397339 1.03031
         vertex 0.0249823 0.051557 1.04135
         vertex 0.0342017 0.0475318 1.03751
      endloop
   endfacet
   facet normal 0.0514805 0.81584 -0.575981
      outer loop
         vertex 0.0249823 0.051557 1.04135
         vertex 0.0317346 0.0494081 1.03901
         vertex 0.0342017 0.0475318 1.03751
      endloop
   endfacet
   facet normal 0.0953517 0.654287 -0.750211
      outer loop
         vertex 0.0442917 0.0397339 1.03031
         vertex 0.0447905 0.0394783 1.03106
         vertex 0.0519328 0.0340461 1.02672
      endloop
   endfacet
   facet normal 0.11402 0.532208 -0.838901
      outer loop
         vertex 0.0517923 0.0315966 1.02522
         vertex 0.0519328 0.0340461 1.02672
         vertex 0.0570218 0.0256111 1.02316
      endloop
   endfacet
   facet normal 0.0395391 0.402297 -0.914655
      outer loop
         vertex 0.0570218 0.0256111 1.02316
         vertex 0.057618 0.0220443 1.02105
         vertex 0.0517923 0.0315966 1.02522
      endloop
   endfacet
   facet normal 0.0395391 0.402297 -0.914655
      outer loop
         vertex 0.0570218 0.0256111 1.02316
         vertex 0.0590193 0.0223003 1.02177
         vertex 0.057618 0.0220443 1.02105
      endloop
   endfacet
   facet normal 0.128963 0.378927 -0.916397
      outer loop
         vertex 0.057618 0.0220443 1.02105
         vertex 0.0590193 0.0223003 1.02177
         vertex 0.0616535 0.0179342 1.01993
      endloop
   endfacet
   facet normal 0.307362 0.22261 -0.925188
      outer loop
         vertex 0.0594227 0.0110466 1.01779
         vertex 0.0559284 0.0215239 1.02044
         vertex 0.057618 0.0220443 1.02105
      endloop
   endfacet
   facet normal 0.128963 0.378927 -0.916397
      outer loop
         vertex 0.057618 0.0220443 1.02105
         vertex 0.0630341 0.0116197 1.01893
         vertex 0.0594227 0.0110466 1.01779
      endloop
   endfacet
   facet normal 0.11402 0.532208 -0.838901
      outer loop
         vertex 0.0517923 0.0315966 1.02522
         vertex 0.057618 0.0220443 1.02105
         vertex 0.0559284 0.0215239 1.02044
      endloop
   endfacet
   facet normal 0.0953517 0.654287 -0.750211
      outer loop
         vertex 0.0442917 0.0397339 1.03031
         vertex 0.0517923 0.0315966 1.02522
         vertex 0.0504016 0.0310135 1.02451
      endloop
   endfacet
   facet normal 0.0514805 0.81584 -0.575981
      outer loop
         vertex 0.0249823 0.051557 1.04135
         vertex 0.0442917 0.0397339 1.03031
         vertex 0.0431984 0.0391789 1.02956
      endloop
   endfacet
   facet normal 6.8838e-14 0.820511 -0.57163
      outer loop
         vertex 0.0133894 0.0552728 1.04631
         vertex 0.0317346 0.0494081 1.03901
         vertex 0.0249823 0.051557 1.04135
      endloop
   endfacet
   facet normal 0.0267732 0.858912 -0.511423
      outer loop
         vertex 0.0131832 0.054972 1.04577
         vertex 9.27661e-05 0.0562348 1.04761
         vertex 0.0125065 0.055555 1.04666
      endloop
   endfacet
   facet normal 6.26124e-06 0.823036 -0.56799
      outer loop
         vertex 0.0125065 0.055555 1.04666
         vertex 0.0133894 0.0552728 1.04631
         vertex 0.0131832 0.054972 1.04577
      endloop
   endfacet
   facet normal 0.0267732 0.858912 -0.511423
      outer loop
         vertex 0.0131832 0.054972 1.04577
         vertex 0.0249823 0.051557 1.04135
         vertex 0.0244388 0.0511468 1.04064
      endloop
   endfacet
   facet normal 0.000187346 0.874435 -0.485143
      outer loop
         vertex 9.27661e-05 0.0562348 1.04761
         vertex 0.0131832 0.054972 1.04577
         vertex 0.0129065 0.0546209 1.0451
      endloop
   endfacet
   facet normal -0.113989 0.532453 -0.83875
      outer loop
         vertex -0.0517803 0.0316124 1.02522
         vertex -0.0576233 0.0220331 1.02105
         vertex -0.0577014 0.0258041 1.02273
      endloop
   endfacet
   facet normal -0.128977 0.378741 -0.916471
      outer loop
         vertex -0.0576233 0.0220331 1.02105
         vertex -0.0590362 0.0224377 1.02178
         vertex -0.0577014 0.0258041 1.02273
      endloop
   endfacet
   facet normal -7.14418e-15 0.600341 -0.799744
      outer loop
         vertex -0.0447866 0.0398079 1.03124
         vertex -0.0442129 0.0398045 1.03037
         vertex -0.0517803 0.0316124 1.02522
      endloop
   endfacet
   facet normal -0.113989 0.532453 -0.83875
      outer loop
         vertex -0.0517803 0.0316124 1.02522
         vertex -0.0573988 0.0265671 1.02295
         vertex -0.0447866 0.0398079 1.03124
      endloop
   endfacet
   facet normal 0.000187346 0.874435 -0.485143
      outer loop
         vertex 9.27661e-05 0.0562348 1.04761
         vertex 9.08446e-05 0.0559072 1.04697
         vertex -0.0127566 0.0546509 1.04515
      endloop
   endfacet
   facet normal -0.0951608 0.655309 -0.749343
      outer loop
         vertex -0.0442129 0.0398045 1.03037
         vertex -0.0447866 0.0398079 1.03124
         vertex -0.0405748 0.0442295 1.03401
      endloop
   endfacet
   facet normal 3.51829e-05 0.655228 -0.755432
      outer loop
         vertex -0.0405748 0.0442295 1.03401
         vertex -0.0335351 0.0474803 1.03751
         vertex -0.0442129 0.0398045 1.03037
      endloop
   endfacet
   facet normal -0.0482775 0.749319 -0.660447
      outer loop
         vertex -0.0335351 0.0474803 1.03751
         vertex -0.0192668 0.0540691 1.04459
         vertex -0.0248659 0.0516024 1.04141
      endloop
   endfacet
   facet normal -0.0264587 0.859277 -0.510825
      outer loop
         vertex -0.01303 0.0550015 1.04581
         vertex -0.0248659 0.0516024 1.04141
         vertex -0.0192668 0.0540691 1.04459
      endloop
   endfacet
   facet normal -0.0512311 0.816424 -0.575176
      outer loop
         vertex -0.0248659 0.0516024 1.04141
         vertex -0.0243252 0.051193 1.0407
         vertex -0.0431224 0.03925 1.02962
      endloop
   endfacet
   facet normal -0.0264587 0.859277 -0.510825
      outer loop
         vertex -0.01303 0.0550015 1.04581
         vertex -0.0127566 0.0546509 1.04515
         vertex -0.0243252 0.051193 1.0407
      endloop
   endfacet
   facet normal -0.307417 0.221948 -0.925329
      outer loop
         vertex -0.05943 0.0110131 1.01779
         vertex -0.0633286 0.0116127 1.01871
         vertex -0.0576233 0.0220331 1.02105
      endloop
   endfacet
   facet normal 1.40207e-13 0.174269 -0.984698
      outer loop
         vertex -0.0633286 0.0116127 1.01871
         vertex -0.0590362 0.0224377 1.02178
         vertex -0.0576233 0.0220331 1.02105
      endloop
   endfacet
   facet normal -0.0951608 0.655309 -0.749343
      outer loop
         vertex -0.0442129 0.0398045 1.03037
         vertex -0.0431224 0.03925 1.02962
         vertex -0.0503901 0.0310292 1.02452
      endloop
   endfacet
   facet normal -0.113989 0.532453 -0.83875
      outer loop
         vertex -0.0517803 0.0316124 1.02522
         vertex -0.0503901 0.0310292 1.02452
         vertex -0.0559334 0.0215128 1.02043
      endloop
   endfacet
   facet normal -0.316228 -2.53189e-12 -0.948683
      outer loop
         vertex -0.060625 -3.29234e-18 1.01688
         vertex -0.065 -1.41614e-16 1.0175
         vertex -0.0639929 0.00993761 1.01824
      endloop
   endfacet
   facet normal -3.51995e-05 0.147088 -0.989123
      outer loop
         vertex -0.0639929 0.00993761 1.01824
         vertex -0.05943 0.0110131 1.01779
         vertex -0.060625 -3.29234e-18 1.01688
      endloop
   endfacet
   facet normal -0.0537111 0.893856 -0.445126
      outer loop
         vertex -0.0127566 0.0546509 1.04515
         vertex 9.08446e-05 0.0559072 1.04697
         vertex 8.8963e-05 0.05563 1.04631
      endloop
   endfacet
   facet normal 0.514496 -0.000495508 -0.857493
      outer loop
         vertex 0.0589062 -2.16815e-05 1.01609
         vertex 0.0575 -2.14765e-05 1.015
         vertex 0.0564093 0.0107399 1.0159
      endloop
   endfacet
   facet normal 0.105363 0.855799 -0.506465
      outer loop
         vertex 0.0244388 0.0511468 1.04064
         vertex 0.0426846 0.038963 1.02915
         vertex 0.0421926 0.0387883 1.02871
      endloop
   endfacet
   facet normal 0.105363 0.855799 -0.506465
      outer loop
         vertex 0.0244388 0.0511468 1.04064
         vertex 0.0431984 0.0391789 1.02956
         vertex 0.0426846 0.038963 1.02915
      endloop
   endfacet
   facet normal 0.255723 0.727558 -0.636605
      outer loop
         vertex 0.0426846 0.038963 1.02915
         vertex 0.0431984 0.0391789 1.02956
         vertex 0.0504016 0.0310135 1.02451
      endloop
   endfacet
   facet normal 0.244548 0.583149 -0.774683
      outer loop
         vertex 0.0504016 0.0310135 1.02451
         vertex 0.0551653 0.0213296 1.02004
         vertex 0.0426846 0.038963 1.02915
      endloop
   endfacet
   facet normal 0.365203 0.440837 -0.819932
      outer loop
         vertex 0.0551653 0.0213296 1.02004
         vertex 0.0594227 0.0110466 1.01779
         vertex 0.0577739 0.0108376 1.01699
      endloop
   endfacet
   facet normal 0.497218 0.243963 -0.83262
      outer loop
         vertex 0.0577739 0.0108376 1.01699
         vertex 0.0544567 0.0211792 1.0196
         vertex 0.0551653 0.0213296 1.02004
      endloop
   endfacet
   facet normal 0.255723 0.727558 -0.636605
      outer loop
         vertex 0.0426846 0.038963 1.02915
         vertex 0.0551653 0.0213296 1.02004
         vertex 0.0544567 0.0211792 1.0196
      endloop
   endfacet
   facet normal 0.0543533 0.89354 -0.445681
      outer loop
         vertex 0.0129065 0.0546209 1.0451
         vertex 0.0244388 0.0511468 1.04064
         vertex 0.0239162 0.0508266 1.0399
      endloop
   endfacet
   facet normal 0.0543533 0.89354 -0.445681
      outer loop
         vertex 0.0129065 0.0546209 1.0451
         vertex 0.0126369 0.0543314 1.04442
         vertex 8.8963e-05 0.05563 1.04631
      endloop
   endfacet
   facet normal 0.365799 0.76179 -0.534665
      outer loop
         vertex 0.0417226 0.0386546 1.02825
         vertex 0.0412744 0.038562 1.02776
         vertex 0.0234144 0.0505963 1.03912
      endloop
   endfacet
   facet normal 0.16022 0.889005 -0.428953
      outer loop
         vertex 0.0239162 0.0508266 1.0399
         vertex 0.0421926 0.0387883 1.02871
         vertex 0.0417226 0.0386546 1.02825
      endloop
   endfacet
   facet normal 0.31109 0.746606 -0.58805
      outer loop
         vertex 0.0421926 0.0387883 1.02871
         vertex 0.0544567 0.0211792 1.0196
         vertex 0.0538026 0.0210728 1.01909
      endloop
   endfacet
   facet normal 0.681427 0.256071 -0.685627
      outer loop
         vertex 0.0564093 0.0107399 1.0159
         vertex 0.053203 0.0210104 1.01853
         vertex 0.0538026 0.0210728 1.01909
      endloop
   endfacet
   facet normal 0.533711 0.47018 -0.70291
      outer loop
         vertex 0.0538026 0.0210728 1.01909
         vertex 0.0577739 0.0108376 1.01699
         vertex 0.0564093 0.0107399 1.0159
      endloop
   endfacet
   facet normal 0.533711 0.47018 -0.70291
      outer loop
         vertex 0.0538026 0.0210728 1.01909
         vertex 0.053203 0.0210104 1.01853
         vertex 0.0412744 0.038562 1.02776
      endloop
   endfacet
   facet normal 0.16022 0.889005 -0.428953
      outer loop
         vertex 0.0239162 0.0508266 1.0399
         vertex 0.0234144 0.0505963 1.03912
         vertex 0.0123744 0.0541034 1.04371
      endloop
   endfacet
   facet normal 0.0822351 0.923274 -0.375237
      outer loop
         vertex 0.0126369 0.0543314 1.04442
         vertex 0.0123744 0.0541034 1.04371
         vertex 8.71213e-05 0.0554032 1.04564
      endloop
   endfacet
   facet normal -0.08126 0.923558 -0.374751
      outer loop
         vertex -0.0124902 0.0543617 1.04446
         vertex 8.8963e-05 0.05563 1.04631
         vertex 8.71213e-05 0.0554032 1.04564
      endloop
   endfacet
   facet normal -0.255152 0.728537 -0.635713
      outer loop
         vertex -0.0426098 0.0390343 1.0292
         vertex -0.0551702 0.0213186 1.02004
         vertex -0.0503901 0.0310292 1.02452
      endloop
   endfacet
   facet normal -0.365253 0.440631 -0.820021
      outer loop
         vertex -0.0551702 0.0213186 1.02004
         vertex -0.0559334 0.0215128 1.02043
         vertex -0.0503901 0.0310292 1.02452
      endloop
   endfacet
   facet normal -0.104841 0.856317 -0.505697
      outer loop
         vertex -0.0243252 0.051193 1.0407
         vertex -0.0238052 0.0508731 1.03995
         vertex -0.0421189 0.0388597 1.02877
      endloop
   endfacet
   facet normal -0.310379 0.747574 -0.587195
      outer loop
         vertex -0.0421189 0.0388597 1.02877
         vertex -0.0426098 0.0390343 1.0292
         vertex -0.0243252 0.051193 1.0407
      endloop
   endfacet
   facet normal -0.0537111 0.893856 -0.445126
      outer loop
         vertex -0.0127566 0.0546509 1.04515
         vertex -0.0124902 0.0543617 1.04446
         vertex -0.0238052 0.0508731 1.03995
      endloop
   endfacet
   facet normal -0.365253 0.440631 -0.820021
      outer loop
         vertex -0.0551702 0.0213186 1.02004
         vertex -0.0544615 0.0211682 1.01959
         vertex -0.0577809 0.0108046 1.01699
      endloop
   endfacet
   facet normal -0.307417 0.221948 -0.925329
      outer loop
         vertex -0.05943 0.0110131 1.01779
         vertex -0.0559334 0.0215128 1.02043
         vertex -0.0551702 0.0213186 1.02004
      endloop
   endfacet
   facet normal -0.255152 0.728537 -0.635713
      outer loop
         vertex -0.0426098 0.0390343 1.0292
         vertex -0.0421189 0.0388597 1.02877
         vertex -0.0544615 0.0211682 1.01959
      endloop
   endfacet
   facet normal -0.307417 0.221948 -0.925329
      outer loop
         vertex -0.05943 0.0110131 1.01779
         vertex -0.0577809 0.0108046 1.01699
         vertex -0.0589063 -3.13236e-18 1.01609
      endloop
   endfacet
   facet normal -0.310379 0.747574 -0.587195
      outer loop
         vertex -0.0421189 0.0388597 1.02877
         vertex -0.0416499 0.038726 1.0283
         vertex -0.0538073 0.0210619 1.01909
      endloop
   endfacet
   facet normal -0.364951 0.762755 -0.533869
      outer loop
         vertex -0.0416499 0.038726 1.0283
         vertex -0.0238052 0.0508731 1.03995
         vertex -0.0233058 0.0506428 1.03918
      endloop
   endfacet
   facet normal -0.213263 0.914183 -0.344657
      outer loop
         vertex -0.0233058 0.0506428 1.03918
         vertex -0.0412025 0.0386333 1.02782
         vertex -0.0416499 0.038726 1.0283
      endloop
   endfacet
   facet normal -0.159415 0.889479 -0.428268
      outer loop
         vertex -0.0238052 0.0508731 1.03995
         vertex -0.0124902 0.0543617 1.04446
         vertex -0.0122308 0.0541337 1.04376
      endloop
   endfacet
   facet normal -0.681581 0.255318 -0.685755
      outer loop
         vertex -0.056416 0.0107072 1.0159
         vertex -0.0577809 0.0108046 1.01699
         vertex -0.0538073 0.0210619 1.01909
      endloop
   endfacet
   facet normal -0.497323 0.243243 -0.832768
      outer loop
         vertex -0.0577809 0.0108046 1.01699
         vertex -0.0544615 0.0211682 1.01959
         vertex -0.0538073 0.0210619 1.01909
      endloop
   endfacet
   facet normal -0.533791 0.469965 -0.702994
      outer loop
         vertex -0.0538073 0.0210619 1.01909
         vertex -0.0416499 0.038726 1.0283
         vertex -0.0412025 0.0386333 1.02782
      endloop
   endfacet
   facet normal -0.514496 -3.85505e-12 -0.857493
      outer loop
         vertex -0.0589063 -3.13236e-18 1.01609
         vertex -0.0577809 0.0108046 1.01699
         vertex -0.056416 0.0107072 1.0159
      endloop
   endfacet
   facet normal -6.40396e-06 -0.838706 -0.544584
      outer loop
         vertex 0.000181636 -0.0566127 1.04824
         vertex -0.000150884 -0.0562347 1.04761
         vertex 0.0129763 -0.0550117 1.04582
      endloop
   endfacet
   facet normal 0.0263485 -0.859404 -0.510617
      outer loop
         vertex 0.0129763 -0.0550117 1.04582
         vertex 0.0131748 -0.0551781 1.04614
         vertex 0.000181636 -0.0566127 1.04824
      endloop
   endfacet
   facet normal -0.307404 -0.222106 -0.925296
      outer loop
         vertex -0.0594283 -0.0110211 1.01779
         vertex -0.060625 -3.29234e-18 1.01688
         vertex -0.0589063 -3.13236e-18 1.01609
      endloop
   endfacet
   facet normal -0.0954081 -0.653984 -0.750468
      outer loop
         vertex -0.0443149 -0.0397129 1.0303
         vertex -0.0337641 -0.0475368 1.03745
         vertex -0.0390535 -0.0452561 1.03492
      endloop
   endfacet
   facet normal -0.0515659 -0.81564 -0.576257
      outer loop
         vertex -0.0250221 -0.0515414 1.04134
         vertex -0.025068 -0.0512864 1.04161
         vertex -0.0337641 -0.0475368 1.03745
      endloop
   endfacet
   facet normal -0.0407347 -0.742899 -0.668163
      outer loop
         vertex -0.0337641 -0.0475368 1.03745
         vertex -0.0443149 -0.0397129 1.0303
         vertex -0.0250221 -0.0515414 1.04134
      endloop
   endfacet
   facet normal -3.63516e-14 -0.599001 -0.800749
      outer loop
         vertex -0.0448851 -0.0396634 1.03114
         vertex -0.0554695 -0.0295125 1.02429
         vertex -0.051824 -0.0315547 1.02519
      endloop
   endfacet
   facet normal -0.114101 -0.531558 -0.839302
      outer loop
         vertex -0.051824 -0.0315547 1.02519
         vertex -0.0554695 -0.0295125 1.02429
         vertex -0.0573553 -0.0257174 1.02296
      endloop
   endfacet
   facet normal -0.0228163 -0.394197 -0.918743
      outer loop
         vertex -0.0573553 -0.0257174 1.02296
         vertex -0.0576201 -0.0220399 1.02105
         vertex -0.051824 -0.0315547 1.02519
      endloop
   endfacet
   facet normal -0.0228163 -0.394197 -0.918743
      outer loop
         vertex -0.0573553 -0.0257174 1.02296
         vertex -0.0590205 -0.0223663 1.02178
         vertex -0.0576201 -0.0220399 1.02105
      endloop
   endfacet
   facet normal -0.128969 -0.378854 -0.916426
      outer loop
         vertex -0.0576201 -0.0220399 1.02105
         vertex -0.0590205 -0.0223663 1.02178
         vertex -0.0626755 -0.0150109 1.01919
      endloop
   endfacet
   facet normal -0.307404 -0.222106 -0.925296
      outer loop
         vertex -0.0594283 -0.0110211 1.01779
         vertex -0.0559303 -0.0215196 1.02044
         vertex -0.0576201 -0.0220399 1.02105
      endloop
   endfacet
   facet normal -0.128969 -0.378854 -0.916426
      outer loop
         vertex -0.0576201 -0.0220399 1.02105
         vertex -0.0631913 -0.0116799 1.01882
         vertex -0.0594283 -0.0110211 1.01779
      endloop
   endfacet
   facet normal -0.114101 -0.531558 -0.839302
      outer loop
         vertex -0.051824 -0.0315547 1.02519
         vertex -0.0576201 -0.0220399 1.02105
         vertex -0.0559303 -0.0215196 1.02044
      endloop
   endfacet
   facet normal -0.0954081 -0.653984 -0.750468
      outer loop
         vertex -0.0443149 -0.0397129 1.0303
         vertex -0.051824 -0.0315547 1.02519
         vertex -0.0504319 -0.0309716 1.02449
      endloop
   endfacet
   facet normal -0.0515659 -0.81564 -0.576257
      outer loop
         vertex -0.0250221 -0.0515414 1.04134
         vertex -0.0443149 -0.0397129 1.0303
         vertex -0.0432208 -0.0391578 1.02955
      endloop
   endfacet
   facet normal -0.0515659 -0.81564 -0.576257
      outer loop
         vertex -0.0250221 -0.0515414 1.04134
         vertex -0.013241 -0.0549607 1.04575
         vertex -0.0176437 -0.0544877 1.04516
      endloop
   endfacet
   facet normal -9.10452e-14 -0.838707 -0.544582
      outer loop
         vertex -0.000139867 -0.0565743 1.04818
         vertex -0.0176437 -0.0544877 1.04516
         vertex -0.013241 -0.0549607 1.04575
      endloop
   endfacet
   facet normal -0.0268919 -0.858773 -0.51165
      outer loop
         vertex -0.013241 -0.0549607 1.04575
         vertex -0.0250221 -0.0515414 1.04134
         vertex -0.0244776 -0.051131 1.04062
      endloop
   endfacet
   facet normal -0.000304717 -0.874434 -0.485145
      outer loop
         vertex -0.000150884 -0.0562347 1.04761
         vertex -0.013241 -0.0549607 1.04575
         vertex -0.012963 -0.0546095 1.04509
      endloop
   endfacet
   facet normal -0.36605 -0.761504 -0.534901
      outer loop
         vertex -0.0417441 -0.0386335 1.02824
         vertex -0.0412957 -0.0385409 1.02775
         vertex -0.0234516 -0.0505803 1.0391
      endloop
   endfacet
   facet normal -0.105542 -0.855621 -0.506728
      outer loop
         vertex -0.0244776 -0.051131 1.04062
         vertex -0.0432208 -0.0391578 1.02955
         vertex -0.0427067 -0.0389419 1.02914
      endloop
   endfacet
   facet normal -0.255893 -0.727267 -0.636868
      outer loop
         vertex -0.0427067 -0.0389419 1.02914
         vertex -0.0422144 -0.0387671 1.0287
         vertex -0.0244776 -0.051131 1.04062
      endloop
   endfacet
   facet normal -0.3113 -0.746319 -0.588303
      outer loop
         vertex -0.0422144 -0.0387671 1.0287
         vertex -0.0417441 -0.0386335 1.02824
         vertex -0.0244776 -0.051131 1.04062
      endloop
   endfacet
   facet normal -0.514496 -3.85505e-12 -0.857493
      outer loop
         vertex -0.0589063 -3.13236e-18 1.01609
         vertex -0.0575 -3.02689e-18 1.015
         vertex -0.0564144 -0.010715 1.0159
      endloop
   endfacet
   facet normal -0.255893 -0.727267 -0.636868
      outer loop
         vertex -0.0427067 -0.0389419 1.02914
         vertex -0.0432208 -0.0391578 1.02955
         vertex -0.0504319 -0.0309716 1.02449
      endloop
   endfacet
   facet normal -0.244743 -0.582481 -0.775123
      outer loop
         vertex -0.0504319 -0.0309716 1.02449
         vertex -0.0551672 -0.0213253 1.02004
         vertex -0.0427067 -0.0389419 1.02914
      endloop
   endfacet
   facet normal -0.365222 -0.440757 -0.819967
      outer loop
         vertex -0.0551672 -0.0213253 1.02004
         vertex -0.0594283 -0.0110211 1.01779
         vertex -0.0577792 -0.0108125 1.01699
      endloop
   endfacet
   facet normal -0.497298 -0.243415 -0.832733
      outer loop
         vertex -0.0577792 -0.0108125 1.01699
         vertex -0.0544586 -0.0211749 1.01959
         vertex -0.0551672 -0.0213253 1.02004
      endloop
   endfacet
   facet normal -0.255893 -0.727267 -0.636868
      outer loop
         vertex -0.0427067 -0.0389419 1.02914
         vertex -0.0551672 -0.0213253 1.02004
         vertex -0.0544586 -0.0211749 1.01959
      endloop
   endfacet
   facet normal -0.3113 -0.746319 -0.588303
      outer loop
         vertex -0.0422144 -0.0387671 1.0287
         vertex -0.0544586 -0.0211749 1.01959
         vertex -0.0538045 -0.0210685 1.01909
      endloop
   endfacet
   facet normal -0.681544 -0.255498 -0.685725
      outer loop
         vertex -0.0564144 -0.010715 1.0159
         vertex -0.0532048 -0.0210061 1.01853
         vertex -0.0538045 -0.0210685 1.01909
      endloop
   endfacet
   facet normal -0.533742 -0.470096 -0.702943
      outer loop
         vertex -0.0538045 -0.0210685 1.01909
         vertex -0.0577792 -0.0108125 1.01699
         vertex -0.0564144 -0.010715 1.0159
      endloop
   endfacet
   facet normal -0.533742 -0.470096 -0.702943
      outer loop
         vertex -0.0538045 -0.0210685 1.01909
         vertex -0.0532048 -0.0210061 1.01853
         vertex -0.0412957 -0.0385409 1.02775
      endloop
   endfacet
   facet normal -0.105542 -0.855621 -0.506728
      outer loop
         vertex -0.0244776 -0.051131 1.04062
         vertex -0.0234516 -0.0505803 1.0391
         vertex -0.0124286 -0.0540918 1.0437
      endloop
   endfacet
   facet normal -0.0545956 -0.89342 -0.445892
      outer loop
         vertex -0.012963 -0.0546095 1.04509
         vertex -0.0124286 -0.0540918 1.0437
         vertex -0.000141703 -0.0554031 1.04564
      endloop
   endfacet
   facet normal 0.053486 -0.893966 -0.444932
      outer loop
         vertex 0.0127041 -0.0546614 1.04516
         vertex -0.000147758 -0.0559071 1.04697
         vertex -0.000141703 -0.0554031 1.04564
      endloop
   endfacet
   facet normal 0.113987 -0.532473 -0.838737
      outer loop
         vertex 0.0517793 -0.0316137 1.02523
         vertex 0.0576196 -0.0220409 1.02105
         vertex 0.0573528 -0.0257254 1.02296
      endloop
   endfacet
   facet normal 0.128968 -0.378871 -0.916419
      outer loop
         vertex 0.0576196 -0.0220409 1.02105
         vertex 0.0588908 -0.0223139 1.02187
         vertex 0.0573528 -0.0257254 1.02296
      endloop
   endfacet
   facet normal -6.40395e-14 -0.600287 -0.799785
      outer loop
         vertex 0.044652 -0.0395843 1.03125
         vertex 0.044217 -0.0398008 1.03036
         vertex 0.0517793 -0.0316137 1.02523
      endloop
   endfacet
   facet normal 0.113987 -0.532473 -0.838737
      outer loop
         vertex 0.0517793 -0.0316137 1.02523
         vertex 0.0559773 -0.0287762 1.02394
         vertex 0.044652 -0.0395843 1.03125
      endloop
   endfacet
   facet normal -0.000304717 -0.874434 -0.485145
      outer loop
         vertex -0.000150884 -0.0562347 1.04761
         vertex -0.000147758 -0.0559071 1.04697
         vertex 0.0127041 -0.0546614 1.04516
      endloop
   endfacet
   facet normal 0.0951707 -0.655256 -0.749388
      outer loop
         vertex 0.044217 -0.0398008 1.03036
         vertex 0.044652 -0.0395843 1.03125
         vertex 0.0380046 -0.0459282 1.03553
      endloop
   endfacet
   facet normal -3.50738e-05 -0.680421 -0.732821
      outer loop
         vertex 0.0380046 -0.0459282 1.03553
         vertex 0.0339477 -0.0475785 1.03741
         vertex 0.044217 -0.0398008 1.03036
      endloop
   endfacet
   facet normal 0.0263485 -0.859404 -0.510617
      outer loop
         vertex 0.0129763 -0.0550117 1.04582
         vertex 0.0248195 -0.0512918 1.04162
         vertex 0.0160449 -0.0548612 1.04567
      endloop
   endfacet
   facet normal 1.08187e-14 -0.772135 -0.635459
      outer loop
         vertex 0.0248195 -0.0512918 1.04162
         vertex 0.0242796 -0.0512115 1.04072
         vertex 0.0431264 -0.0392463 1.02961
      endloop
   endfacet
   facet normal 0.0263485 -0.859404 -0.510617
      outer loop
         vertex 0.0129763 -0.0550117 1.04582
         vertex 0.0127041 -0.0546614 1.04516
         vertex 0.0242796 -0.0512115 1.04072
      endloop
   endfacet
   facet normal 0.307384 -0.222347 -0.925244
      outer loop
         vertex 0.0594256 -0.0110333 1.01779
         vertex 0.0635336 -0.0117784 1.01857
         vertex 0.0576196 -0.0220409 1.02105
      endloop
   endfacet
   facet normal 0.128968 -0.378871 -0.916419
      outer loop
         vertex 0.0576196 -0.0220409 1.02105
         vertex 0.0635336 -0.0117784 1.01857
         vertex 0.0635059 -0.0120775 1.01859
      endloop
   endfacet
   facet normal 7.86954e-06 -0.178882 -0.983871
      outer loop
         vertex 0.0635059 -0.0120775 1.01859
         vertex 0.0588908 -0.0223139 1.02187
         vertex 0.0576196 -0.0220409 1.02105
      endloop
   endfacet
   facet normal 0.0951707 -0.655256 -0.749388
      outer loop
         vertex 0.044217 -0.0398008 1.03036
         vertex 0.0431264 -0.0392463 1.02961
         vertex 0.0503892 -0.0310306 1.02452
      endloop
   endfacet
   facet normal 0.113987 -0.532473 -0.838737
      outer loop
         vertex 0.0517793 -0.0316137 1.02523
         vertex 0.0503892 -0.0310306 1.02452
         vertex 0.0559299 -0.0215205 1.02044
      endloop
   endfacet
   facet normal 8.39284e-14 -0.174586 -0.984642
      outer loop
         vertex 0.0635336 -0.0117784 1.01857
         vertex 0.0594256 -0.0110333 1.01779
         vertex 0.060625 -2.21275e-05 1.01688
      endloop
   endfacet
   facet normal 0.316228 -0.0004505 -0.948683
      outer loop
         vertex 0.060625 -2.21275e-05 1.01688
         vertex 0.0649053 0.00306182 1.01757
         vertex 0.064624 1.84375e-05 1.01777
      endloop
   endfacet
   facet normal 0.255182 -0.728486 -0.63576
      outer loop
         vertex 0.0426137 -0.0390306 1.0292
         vertex 0.0551668 -0.0213262 1.02004
         vertex 0.0503892 -0.0310306 1.02452
      endloop
   endfacet
   facet normal 0.365218 -0.440775 -0.819959
      outer loop
         vertex 0.0551668 -0.0213262 1.02004
         vertex 0.0559299 -0.0215205 1.02044
         vertex 0.0503892 -0.0310306 1.02452
      endloop
   endfacet
   facet normal 0.104632 -0.856524 -0.50539
      outer loop
         vertex 0.0242796 -0.0512115 1.04072
         vertex 0.0421228 -0.0388559 1.02876
         vertex 0.0426137 -0.0390306 1.0292
      endloop
   endfacet
   facet normal 0.104632 -0.856524 -0.50539
      outer loop
         vertex 0.0242796 -0.0512115 1.04072
         vertex 0.0416536 -0.0387223 1.0283
         vertex 0.0421228 -0.0388559 1.02876
      endloop
   endfacet
   facet normal 0.364995 -0.762704 -0.533911
      outer loop
         vertex 0.0416536 -0.0387223 1.0283
         vertex 0.0242796 -0.0512115 1.04072
         vertex 0.0232623 -0.0506614 1.0392
      endloop
   endfacet
   facet normal 0.21283 -0.914368 -0.344432
      outer loop
         vertex 0.0232623 -0.0506614 1.0392
         vertex 0.0412063 -0.0386296 1.02781
         vertex 0.0416536 -0.0387223 1.0283
      endloop
   endfacet
   facet normal 0.104632 -0.856524 -0.50539
      outer loop
         vertex 0.0242796 -0.0512115 1.04072
         vertex 0.0127041 -0.0546614 1.04516
         vertex 0.0121804 -0.0541443 1.04377
      endloop
   endfacet
   facet normal 0.310416 -0.747524 -0.587239
      outer loop
         vertex 0.0421228 -0.0388559 1.02876
         vertex 0.0416536 -0.0387223 1.0283
         vertex 0.053804 -0.0210695 1.01909
      endloop
   endfacet
   facet normal 0.365218 -0.440775 -0.819959
      outer loop
         vertex 0.0551668 -0.0213262 1.02004
         vertex 0.0544582 -0.0211759 1.01959
         vertex 0.0577767 -0.0108245 1.01699
      endloop
   endfacet
   facet normal 0.307384 -0.222347 -0.925244
      outer loop
         vertex 0.0594256 -0.0110333 1.01779
         vertex 0.0559299 -0.0215205 1.02044
         vertex 0.0551668 -0.0213262 1.02004
      endloop
   endfacet
   facet normal 0.255182 -0.728486 -0.63576
      outer loop
         vertex 0.0426137 -0.0390306 1.0292
         vertex 0.0421228 -0.0388559 1.02876
         vertex 0.0544582 -0.0211759 1.01959
      endloop
   endfacet
   facet normal 0.307384 -0.222347 -0.925244
      outer loop
         vertex 0.0594256 -0.0110333 1.01779
         vertex 0.0577767 -0.0108245 1.01699
         vertex 0.0589062 -2.16815e-05 1.01609
      endloop
   endfacet
   facet normal 0.681488 -0.255772 -0.685678
      outer loop
         vertex 0.0564119 -0.0107269 1.0159
         vertex 0.0577767 -0.0108245 1.01699
         vertex 0.053804 -0.0210695 1.01909
      endloop
   endfacet
   facet normal 0.49726 -0.243677 -0.832679
      outer loop
         vertex 0.0577767 -0.0108245 1.01699
         vertex 0.0544582 -0.0211759 1.01959
         vertex 0.053804 -0.0210695 1.01909
      endloop
   endfacet
   facet normal 0.533735 -0.470115 -0.702936
      outer loop
         vertex 0.053804 -0.0210695 1.01909
         vertex 0.0416536 -0.0387223 1.0283
         vertex 0.0412063 -0.0386296 1.02781
      endloop
   endfacet
   facet normal 0.514496 -0.000495508 -0.857493
      outer loop
         vertex 0.0589062 -2.16815e-05 1.01609
         vertex 0.0577767 -0.0108245 1.01699
         vertex 0.0564119 -0.0107269 1.0159
      endloop
   endfacet
   facet normal -0.919421 -0.242984 -0.309231
      outer loop
         vertex -0.0545376 -0.0108534 1.01287
         vertex -0.055625 -2.9795e-18 1.01188
         vertex -0.054787 -0.00483633 1.00771
      endloop
   endfacet
   facet normal -0.948683 -3.60209e-12 -0.316228
      outer loop
         vertex -0.055625 -2.9795e-18 1.01188
         vertex -0.055 3.36778e-18 1.0075
         vertex -0.054787 -0.00483633 1.00771
      endloop
   endfacet
   facet normal 0.108091 -0.947561 -0.300739
      outer loop
         vertex 0.0121804 -0.0541443 1.04377
         vertex -0.000141703 -0.0554031 1.04564
         vertex -0.000138772 -0.0552266 1.04495
      endloop
   endfacet
   facet normal -0.919421 -0.242984 -0.309231
      outer loop
         vertex -0.0545376 -0.0108534 1.01287
         vertex -0.0553338 -0.0107287 1.01453
         vertex -0.0564063 -2.97594e-18 1.01359
      endloop
   endfacet
   facet normal -0.469305 -0.778463 -0.416831
      outer loop
         vertex -0.0408691 -0.0384895 1.02723
         vertex -0.0404645 -0.0384792 1.0267
         vertex -0.02297 -0.05044 1.03829
      endloop
   endfacet
   facet normal -0.214714 -0.913558 -0.345412
      outer loop
         vertex -0.0234516 -0.0505803 1.0391
         vertex -0.0412957 -0.0385409 1.02775
         vertex -0.0408691 -0.0384895 1.02723
      endloop
   endfacet
   facet normal -0.41906 -0.772314 -0.47741
      outer loop
         vertex -0.0412957 -0.0385409 1.02775
         vertex -0.0532048 -0.0210061 1.01853
         vertex -0.0475919 -0.0303329 1.02204
      endloop
   endfacet
   facet normal -0.612969 -0.478033 -0.62909
      outer loop
         vertex -0.0532048 -0.0210061 1.01853
         vertex -0.0526597 -0.0209876 1.01791
         vertex -0.0475919 -0.0303329 1.02204
      endloop
   endfacet
   facet normal -0.827556 -0.254665 -0.500296
      outer loop
         vertex -0.0553338 -0.0107287 1.01453
         vertex -0.0521691 -0.021013 1.01724
         vertex -0.0526597 -0.0209876 1.01791
      endloop
   endfacet
   facet normal -0.684797 -0.480727 -0.54768
      outer loop
         vertex -0.0526597 -0.0209876 1.01791
         vertex -0.0564144 -0.010715 1.0159
         vertex -0.0553338 -0.0107287 1.01453
      endloop
   endfacet
   facet normal -0.684797 -0.480727 -0.54768
      outer loop
         vertex -0.0526597 -0.0209876 1.01791
         vertex -0.0521691 -0.021013 1.01724
         vertex -0.0471337 -0.0303455 1.02143
      endloop
   endfacet
   facet normal -0.582014 -0.653617 -0.483781
      outer loop
         vertex -0.0475919 -0.0303329 1.02204
         vertex -0.0471337 -0.0303455 1.02143
         vertex -0.0404645 -0.0384792 1.0267
      endloop
   endfacet
   facet normal -0.214714 -0.913558 -0.345412
      outer loop
         vertex -0.0234516 -0.0505803 1.0391
         vertex -0.02297 -0.05044 1.03829
         vertex -0.012172 -0.0539255 1.04297
      endloop
   endfacet
   facet normal -0.110344 -0.947084 -0.301425
      outer loop
         vertex -0.0124286 -0.0540918 1.0437
         vertex -0.012172 -0.0539255 1.04297
         vertex -0.000138772 -0.0552266 1.04495
      endloop
   endfacet
   facet normal -0.558216 -0.776936 -0.291147
      outer loop
         vertex -0.0400819 -0.0385099 1.02613
         vertex -0.0397211 -0.0385818 1.02555
         vertex -0.0225094 -0.0503897 1.03744
      endloop
   endfacet
   facet normal -0.266442 -0.928715 -0.257871
      outer loop
         vertex -0.02297 -0.05044 1.03829
         vertex -0.0404645 -0.0384792 1.0267
         vertex -0.0400819 -0.0385099 1.02613
      endloop
   endfacet
   facet normal -0.685494 -0.6466 -0.334672
      outer loop
         vertex -0.0467121 -0.0304049 1.02078
         vertex -0.0471337 -0.0303455 1.02143
         vertex -0.0521691 -0.021013 1.01724
      endloop
   endfacet
   facet normal -0.827556 -0.254665 -0.500296
      outer loop
         vertex -0.0553338 -0.0107287 1.01453
         vertex -0.0545376 -0.0108534 1.01287
         vertex -0.0517329 -0.0210824 1.01651
      endloop
   endfacet
   facet normal -0.919421 -0.242984 -0.309231
      outer loop
         vertex -0.0545376 -0.0108534 1.01287
         vertex -0.0513513 -0.0211957 1.01573
         vertex -0.0517329 -0.0210824 1.01651
      endloop
   endfacet
   facet normal -0.726053 -0.636346 -0.260598
      outer loop
         vertex -0.0463271 -0.0305112 1.0201
         vertex -0.0467121 -0.0304049 1.02078
         vertex -0.0517329 -0.0210824 1.01651
      endloop
   endfacet
   facet normal -0.637364 -0.652607 -0.409721
      outer loop
         vertex -0.0471337 -0.0303455 1.02143
         vertex -0.0467121 -0.0304049 1.02078
         vertex -0.0400819 -0.0385099 1.02613
      endloop
   endfacet
   facet normal -0.685494 -0.6466 -0.334672
      outer loop
         vertex -0.0467121 -0.0304049 1.02078
         vertex -0.0463271 -0.0305112 1.0201
         vertex -0.0397211 -0.0385818 1.02555
      endloop
   endfacet
   facet normal -0.266442 -0.928715 -0.257871
      outer loop
         vertex -0.02297 -0.05044 1.03829
         vertex -0.0225094 -0.0503897 1.03744
         vertex -0.0119226 -0.0538207 1.04223
      endloop
   endfacet
   facet normal -0.137241 -0.964565 -0.225344
      outer loop
         vertex -0.012172 -0.0539255 1.04297
         vertex -0.0119226 -0.0538207 1.04223
         vertex -0.000135907 -0.0551006 1.04425
      endloop
   endfacet
   facet normal 0.134443 -0.965077 -0.224836
      outer loop
         vertex 0.0119289 -0.0539775 1.04305
         vertex -0.000138772 -0.0552266 1.04495
         vertex -0.000135907 -0.0551006 1.04425
      endloop
   endfacet
   facet normal 0.417848 -0.773521 -0.476518
      outer loop
         vertex 0.0412063 -0.0386296 1.02781
         vertex 0.0407807 -0.038578 1.0273
         vertex 0.0475523 -0.0303914 1.02207
      endloop
   endfacet
   facet normal 0.581283 -0.654598 -0.483334
      outer loop
         vertex 0.0475523 -0.0303914 1.02207
         vertex 0.0532044 -0.021007 1.01853
         vertex 0.0412063 -0.0386296 1.02781
      endloop
   endfacet
   facet normal 0.467954 -0.77969 -0.416057
      outer loop
         vertex 0.0407807 -0.038578 1.0273
         vertex 0.0232623 -0.0506614 1.0392
         vertex 0.0227845 -0.0505205 1.03839
      endloop
   endfacet
   facet normal 0.264118 -0.929579 -0.257148
      outer loop
         vertex 0.0227845 -0.0505205 1.03839
         vertex 0.0403768 -0.0385673 1.02676
         vertex 0.0407807 -0.038578 1.0273
      endloop
   endfacet
   facet normal 0.21283 -0.914368 -0.344432
      outer loop
         vertex 0.0232623 -0.0506614 1.0392
         vertex 0.0121804 -0.0541443 1.04377
         vertex 0.0119289 -0.0539775 1.04305
      endloop
   endfacet
   facet normal 0.827491 -0.254939 -0.500265
      outer loop
         vertex 0.0553314 -0.0107406 1.01453
         vertex 0.0564119 -0.0107269 1.0159
         vertex 0.0526593 -0.0209885 1.01791
      endloop
   endfacet
   facet normal 0.681488 -0.255772 -0.685678
      outer loop
         vertex 0.0564119 -0.0107269 1.0159
         vertex 0.0532044 -0.021007 1.01853
         vertex 0.0526593 -0.0209885 1.01791
      endloop
   endfacet
   facet normal 0.581283 -0.654598 -0.483334
      outer loop
         vertex 0.0475523 -0.0303914 1.02207
         vertex 0.0407807 -0.038578 1.0273
         vertex 0.0403768 -0.0385673 1.02676
      endloop
   endfacet
   facet normal 0.684788 -0.480747 -0.547675
      outer loop
         vertex 0.0526593 -0.0209885 1.01791
         vertex 0.0475523 -0.0303914 1.02207
         vertex 0.0470944 -0.0304039 1.02146
      endloop
   endfacet
   facet normal 0.857493 -0.000518537 -0.514496
      outer loop
         vertex 0.0564062 -2.15124e-05 1.01359
         vertex 0.0575 -2.14765e-05 1.015
         vertex 0.0564119 -0.0107269 1.0159
      endloop
   endfacet
   facet normal 0.63658 -0.653602 -0.409353
      outer loop
         vertex 0.0470944 -0.0304039 1.02146
         vertex 0.0403768 -0.0385673 1.02676
         vertex 0.0396345 -0.0386691 1.02561
      endloop
   endfacet
   facet normal 0.514444 -0.781186 -0.353689
      outer loop
         vertex 0.0403768 -0.0385673 1.02676
         vertex 0.0227845 -0.0505205 1.03839
         vertex 0.0223274 -0.050469 1.03754
      endloop
   endfacet
   facet normal 0.264118 -0.929579 -0.257148
      outer loop
         vertex 0.0227845 -0.0505205 1.03839
         vertex 0.0119289 -0.0539775 1.04305
         vertex 0.0116844 -0.0538719 1.04231
      endloop
   endfacet
   facet normal 0.839113 -0.460666 -0.289269
      outer loop
         vertex 0.0513509 -0.0211966 1.01573
         vertex 0.0545351 -0.0108654 1.01287
         vertex 0.0553314 -0.0107406 1.01453
      endloop
   endfacet
   facet normal 0.725229 -0.63737 -0.26039
      outer loop
         vertex 0.046288 -0.0305692 1.02013
         vertex 0.0513509 -0.0211966 1.01573
         vertex 0.0521687 -0.021014 1.01724
      endloop
   endfacet
   facet normal 0.919357 -0.243248 -0.309215
      outer loop
         vertex 0.0545351 -0.0108654 1.01287
         vertex 0.055625 -2.17893e-05 1.01188
         vertex 0.0564062 -2.15124e-05 1.01359
      endloop
   endfacet
   facet normal -0.00184 -0.990085 -0.14046
      outer loop
         vertex -0.000135907 -0.0551006 1.04425
         vertex -9.04894e-07 -0.0549891 1.04278
         vertex 0.00922934 -0.0542201 1.04141
      endloop
   endfacet
   facet normal -0.00184 -0.990085 -0.14046
      outer loop
         vertex -0.000135907 -0.0551006 1.04425
         vertex -0.00013037 -0.0549998 1.04279
         vertex -9.04894e-07 -0.0549891 1.04278
      endloop
   endfacet
   facet normal 0.167836 -0.985815 -8.46589e-06
      outer loop
         vertex 0.00922934 -0.0542201 1.04141
         vertex 0.0116844 -0.0538719 1.04231
         vertex -0.000135907 -0.0551006 1.04425
      endloop
   endfacet
   facet normal -0.314148 -0.934142 -0.16938
      outer loop
         vertex -0.0225094 -0.0503897 1.03744
         vertex -0.0397211 -0.0385818 1.02555
         vertex -0.0301273 -0.0448027 1.02967
      endloop
   endfacet
   facet normal -0.595839 -0.769927 -0.228447
      outer loop
         vertex -0.0397211 -0.0385818 1.02555
         vertex -0.038823 -0.0384094 1.02448
         vertex -0.0301273 -0.0448027 1.02967
      endloop
   endfacet
   facet normal -0.785541 -0.606777 -0.121434
      outer loop
         vertex -0.0456668 -0.030864 1.01861
         vertex -0.0463271 -0.0305112 1.0201
         vertex -0.0513513 -0.0211957 1.01573
      endloop
   endfacet
   facet normal -0.921319 -0.388352 -0.0188345
      outer loop
         vertex -0.0504081 -0.0208369 1.01196
         vertex -0.0499569 -0.0216943 1.01238
         vertex -0.0507515 -0.0215541 1.01399
      endloop
   endfacet
   facet normal -0.919421 -0.242984 -0.309231
      outer loop
         vertex -0.0545376 -0.0108534 1.01287
         vertex -0.0534319 -0.011286 1.00904
         vertex -0.0521013 -0.0176197 1.01035
      endloop
   endfacet
   facet normal -0.947277 -0.320415 1.42258e-05
      outer loop
         vertex -0.0521013 -0.0176197 1.01035
         vertex -0.0513513 -0.0211957 1.01573
         vertex -0.0545376 -0.0108534 1.01287
      endloop
   endfacet
   facet normal -0.947277 -0.320415 1.42258e-05
      outer loop
         vertex -0.0521013 -0.0176197 1.01035
         vertex -0.0504081 -0.0208369 1.01196
         vertex -0.0513513 -0.0211957 1.01573
      endloop
   endfacet
   facet normal -0.915812 -0.401606 -2.26435e-15
      outer loop
         vertex -0.0499569 -0.0216943 1.01238
         vertex -0.0440225 -0.03297 1.01801
         vertex -0.0456668 -0.030864 1.01861
      endloop
   endfacet
   facet normal -0.726053 -0.636346 -0.260598
      outer loop
         vertex -0.0463271 -0.0305112 1.0201
         vertex -0.0456668 -0.030864 1.01861
         vertex -0.038823 -0.0384094 1.02448
      endloop
   endfacet
   facet normal -0.656736 -0.746284 -0.108432
      outer loop
         vertex -0.038823 -0.0384094 1.02448
         vertex -0.0456668 -0.030864 1.01861
         vertex -0.0440225 -0.03297 1.01801
      endloop
   endfacet
   facet normal -0.800489 -0.599347 -4.4659e-05
      outer loop
         vertex -0.0440225 -0.03297 1.01801
         vertex -0.0381238 -0.0380055 1.02283
         vertex -0.038823 -0.0384094 1.02448
      endloop
   endfacet
   facet normal -0.162763 -0.975388 -0.14875
      outer loop
         vertex -0.0119226 -0.0538207 1.04223
         vertex -0.0220697 -0.0504294 1.03656
         vertex -0.0208784 -0.0503405 1.03556
      endloop
   endfacet
   facet normal -0.356739 -0.93054 -0.0826658
      outer loop
         vertex -0.0220697 -0.0504294 1.03656
         vertex -0.021341 -0.0501768 1.03531
         vertex -0.0208784 -0.0503405 1.03556
      endloop
   endfacet
   facet normal -0.162763 -0.975388 -0.14875
      outer loop
         vertex -0.0119226 -0.0538207 1.04223
         vertex -0.0225094 -0.0503897 1.03744
         vertex -0.0220697 -0.0504294 1.03656
      endloop
   endfacet
   facet normal -0.699949 -0.714193 2.35032e-15
      outer loop
         vertex -0.0377888 -0.0382915 1.02311
         vertex -0.0300358 -0.04491 1.02945
         vertex -0.0301273 -0.0448027 1.02967
      endloop
   endfacet
   facet normal -0.512937 -0.853153 -0.0950057
      outer loop
         vertex -0.0301273 -0.0448027 1.02967
         vertex -0.0300358 -0.04491 1.02945
         vertex -0.0256542 -0.0486504 1.03304
      endloop
   endfacet
   facet normal -0.466371 -0.884589 4.41957e-05
      outer loop
         vertex -0.0256542 -0.0486504 1.03304
         vertex -0.0220697 -0.0504294 1.03656
         vertex -0.0301273 -0.0448027 1.02967
      endloop
   endfacet
   facet normal -0.00184 -0.990085 -0.14046
      outer loop
         vertex -0.000135907 -0.0551006 1.04425
         vertex -0.0119226 -0.0538207 1.04223
         vertex -0.0106563 -0.0539578 1.04096
      endloop
   endfacet
   facet normal -0.162763 -0.975388 -0.14875
      outer loop
         vertex -0.0119226 -0.0538207 1.04223
         vertex -0.0113625 -0.0537079 1.04058
         vertex -0.0106563 -0.0539578 1.04096
      endloop
   endfacet
   facet normal 0.725229 -0.63737 -0.26039
      outer loop
         vertex 0.046288 -0.0305692 1.02013
         vertex 0.0396345 -0.0386691 1.02561
         vertex 0.0387328 -0.0385705 1.02441
      endloop
   endfacet
   facet normal 0.31145 -0.935127 -0.168925
      outer loop
         vertex 0.0223274 -0.050469 1.03754
         vertex 0.0218909 -0.0505069 1.03666
         vertex 0.029946 -0.0447801 1.0297
      endloop
   endfacet
   facet normal 0.510876 -0.854408 -0.0948255
      outer loop
         vertex 0.029946 -0.0447801 1.0297
         vertex 0.0396345 -0.0386691 1.02561
         vertex 0.0223274 -0.050469 1.03754
      endloop
   endfacet
   facet normal 0.159459 -0.975983 -0.148425
      outer loop
         vertex 0.0116844 -0.0538719 1.04231
         vertex 0.011051 -0.053659 1.04054
         vertex 0.0209809 -0.0506008 1.03579
      endloop
   endfacet
   facet normal 0.383318 -0.923616 0.000529383
      outer loop
         vertex 0.0209809 -0.0506008 1.03579
         vertex 0.0218909 -0.0505069 1.03666
         vertex 0.0116844 -0.0538719 1.04231
      endloop
   endfacet
   facet normal 0.383318 -0.923616 0.000529383
      outer loop
         vertex 0.0209809 -0.0506008 1.03579
         vertex 0.0213583 -0.0504846 1.0356
         vertex 0.0218909 -0.0505069 1.03666
      endloop
   endfacet
   facet normal 0.510876 -0.854408 -0.0948255
      outer loop
         vertex 0.029946 -0.0447801 1.0297
         vertex 0.0218909 -0.0505069 1.03666
         vertex 0.0228742 -0.0500177 1.03488
      endloop
   endfacet
   facet normal 0.353748 -0.931699 -0.0824592
      outer loop
         vertex 0.0218909 -0.0505069 1.03666
         vertex 0.0213583 -0.0504846 1.0356
         vertex 0.0228742 -0.0500177 1.03488
      endloop
   endfacet
   facet normal 0.69838 -0.715727 -2.08937e-15
      outer loop
         vertex 0.0379263 -0.0386684 1.02307
         vertex 0.0387328 -0.0385705 1.02441
         vertex 0.029946 -0.0447801 1.0297
      endloop
   endfacet
   facet normal 0.919357 -0.243248 -0.309215
      outer loop
         vertex 0.0545351 -0.0108654 1.01287
         vertex 0.0513509 -0.0211966 1.01573
         vertex 0.0510917 -0.0203626 1.01133
      endloop
   endfacet
   facet normal 0.839113 -0.460666 -0.289269
      outer loop
         vertex 0.0513509 -0.0211966 1.01573
         vertex 0.0507136 -0.0209886 1.01169
         vertex 0.0510917 -0.0203626 1.01133
      endloop
   endfacet
   facet normal 0.923261 -0.384146 -0.00457691
      outer loop
         vertex 0.0507136 -0.0209886 1.01169
         vertex 0.0513509 -0.0211966 1.01573
         vertex 0.0507511 -0.0215551 1.01399
      endloop
   endfacet
   facet normal 0.891778 -0.432716 -0.132242
      outer loop
         vertex 0.0507511 -0.0215551 1.01399
         vertex 0.0501745 -0.0218809 1.01219
         vertex 0.0507136 -0.0209886 1.01169
      endloop
   endfacet
   facet normal 0.784747 -0.60782 -0.121352
      outer loop
         vertex 0.0456275 -0.0309217 1.01864
         vertex 0.0387328 -0.0385705 1.02441
         vertex 0.0417955 -0.0357511 1.02003
      endloop
   endfacet
   facet normal 0.655112 -0.747733 -0.108273
      outer loop
         vertex 0.0387328 -0.0385705 1.02441
         vertex 0.0384264 -0.0382914 1.02268
         vertex 0.0417955 -0.0357511 1.02003
      endloop
   endfacet
   facet normal 0.655112 -0.747733 -0.108273
      outer loop
         vertex 0.0387328 -0.0385705 1.02441
         vertex 0.0379263 -0.0386684 1.02307
         vertex 0.0384264 -0.0382914 1.02268
      endloop
   endfacet
   facet normal 0.784747 -0.60782 -0.121352
      outer loop
         vertex 0.0456275 -0.0309217 1.01864
         vertex 0.0507511 -0.0215551 1.01399
         vertex 0.0513509 -0.0211966 1.01573
      endloop
   endfacet
   facet normal 0.820236 -0.572025 -3.26128e-15
      outer loop
         vertex 0.0446669 -0.0309978 1.01734
         vertex 0.0501745 -0.0218809 1.01219
         vertex 0.0507511 -0.0215551 1.01399
      endloop
   endfacet
   facet normal 0.919357 -0.243248 -0.309215
      outer loop
         vertex 0.0545351 -0.0108654 1.01287
         vertex 0.0533165 -0.0112222 1.00915
         vertex 0.0547348 -0.00539495 1.00776
      endloop
   endfacet
   facet normal 0.995176 -0.0981059 7.55271e-07
      outer loop
         vertex 0.0547348 -0.00539495 1.00776
         vertex 0.055625 -2.17893e-05 1.01188
         vertex 0.0545351 -0.0108654 1.01287
      endloop
   endfacet
   facet normal 0.995176 -0.0981059 7.55271e-07
      outer loop
         vertex 0.0547348 -0.00539495 1.00776
         vertex 0.0545449 -5.5074e-05 1.00795
         vertex 0.055625 -2.17893e-05 1.01188
      endloop
   endfacet
   facet normal 0.891778 -0.432716 -0.132242
      outer loop
         vertex 0.0507511 -0.0215551 1.01399
         vertex 0.0456275 -0.0309217 1.01864
         vertex 0.0446669 -0.0309978 1.01734
      endloop
   endfacet
   facet normal 0.839113 -0.460666 -0.289269
      outer loop
         vertex 0.0513509 -0.0211966 1.01573
         vertex 0.046288 -0.0305692 1.02013
         vertex 0.0456275 -0.0309217 1.01864
      endloop
   endfacet
   facet normal 0.759891 -0.650051 1.14321e-05
      outer loop
         vertex 0.0417955 -0.0357511 1.02003
         vertex 0.0446669 -0.0309978 1.01734
         vertex 0.0456275 -0.0309217 1.01864
      endloop
   endfacet
   facet normal 0.928859 -0.370434 6.58534e-05
      outer loop
         vertex 0.0510917 -0.0203626 1.01133
         vertex 0.0533165 -0.0112222 1.00915
         vertex 0.0545351 -0.0108654 1.01287
      endloop
   endfacet
   facet normal 0.510876 -0.854408 -0.0948255
      outer loop
         vertex 0.029946 -0.0447801 1.0297
         vertex 0.0297886 -0.0448043 1.02945
         vertex 0.0379263 -0.0386684 1.02307
      endloop
   endfacet
   facet normal 0.415947 -0.909389 -1.20491e-05
      outer loop
         vertex 0.0228742 -0.0500177 1.03488
         vertex 0.0297886 -0.0448043 1.02945
         vertex 0.029946 -0.0447801 1.0297
      endloop
   endfacet
   facet normal 0.353748 -0.931699 -0.0824592
      outer loop
         vertex 0.0218909 -0.0505069 1.03666
         vertex 0.0223274 -0.050469 1.03754
         vertex 0.0116844 -0.0538719 1.04231
      endloop
   endfacet
   facet normal 0.510876 -0.854408 -0.0948255
      outer loop
         vertex 0.029946 -0.0447801 1.0297
         vertex 0.0387328 -0.0385705 1.02441
         vertex 0.0396345 -0.0386691 1.02561
      endloop
   endfacet
   facet normal 0.655112 -0.747733 -0.108273
      outer loop
         vertex 0.0387328 -0.0385705 1.02441
         vertex 0.0456275 -0.0309217 1.01864
         vertex 0.046288 -0.0305692 1.02013
      endloop
   endfacet
   facet normal -0.193568 -0.981087 5.77936e-05
      outer loop
         vertex -0.0106563 -0.0539578 1.04096
         vertex -0.00013037 -0.0549998 1.04279
         vertex -0.000135907 -0.0551006 1.04425
      endloop
   endfacet
   facet normal -0.466371 -0.884589 4.41957e-05
      outer loop
         vertex -0.0256542 -0.0486504 1.03304
         vertex -0.021341 -0.0501768 1.03531
         vertex -0.0220697 -0.0504294 1.03656
      endloop
   endfacet
   facet normal -0.512937 -0.853153 -0.0950057
      outer loop
         vertex -0.0301273 -0.0448027 1.02967
         vertex -0.038823 -0.0384094 1.02448
         vertex -0.0377888 -0.0382915 1.02311
      endloop
   endfacet
   facet normal -0.383807 -0.923413 0.00104391
      outer loop
         vertex -0.0208784 -0.0503405 1.03556
         vertex -0.0113625 -0.0537079 1.04058
         vertex -0.0119226 -0.0538207 1.04223
      endloop
   endfacet
   facet normal -0.701605 -0.712418 -0.0145363
      outer loop
         vertex -0.0381238 -0.0380055 1.02283
         vertex -0.0377888 -0.0382915 1.02311
         vertex -0.038823 -0.0384094 1.02448
      endloop
   endfacet
   facet normal -0.656736 -0.746284 -0.108432
      outer loop
         vertex -0.038823 -0.0384094 1.02448
         vertex -0.0397211 -0.0385818 1.02555
         vertex -0.0463271 -0.0305112 1.0201
      endloop
   endfacet
   facet normal -0.785541 -0.606777 -0.121434
      outer loop
         vertex -0.0456668 -0.030864 1.01861
         vertex -0.0507515 -0.0215541 1.01399
         vertex -0.0499569 -0.0216943 1.01238
      endloop
   endfacet
   facet normal -0.891787 -0.432698 -0.132243
      outer loop
         vertex -0.0507515 -0.0215541 1.01399
         vertex -0.0513513 -0.0211957 1.01573
         vertex -0.0504081 -0.0208369 1.01196
      endloop
   endfacet
   facet normal -0.839122 -0.460647 -0.289272
      outer loop
         vertex -0.0513513 -0.0211957 1.01573
         vertex -0.0507515 -0.0215541 1.01399
         vertex -0.0456668 -0.030864 1.01861
      endloop
   endfacet
   facet normal -0.512937 -0.853153 -0.0950057
      outer loop
         vertex -0.0301273 -0.0448027 1.02967
         vertex -0.0220697 -0.0504294 1.03656
         vertex -0.0225094 -0.0503897 1.03744
      endloop
   endfacet
   facet normal 0.167836 -0.985815 -8.46589e-06
      outer loop
         vertex 0.00922934 -0.0542201 1.04141
         vertex 0.011051 -0.053659 1.04054
         vertex 0.0116844 -0.0538719 1.04231
      endloop
   endfacet
   facet normal 0.857493 -0.000518537 -0.514496
      outer loop
         vertex 0.0564062 -2.15124e-05 1.01359
         vertex 0.0553314 -0.0107406 1.01453
         vertex 0.0545351 -0.0108654 1.01287
      endloop
   endfacet
   facet normal 0.747001 -0.478294 -0.461763
      outer loop
         vertex 0.0521687 -0.021014 1.01724
         vertex 0.0470944 -0.0304039 1.02146
         vertex 0.046288 -0.0305692 1.02013
      endloop
   endfacet
   facet normal 0.827491 -0.254939 -0.500265
      outer loop
         vertex 0.0553314 -0.0107406 1.01453
         vertex 0.0521687 -0.021014 1.01724
         vertex 0.0513509 -0.0211966 1.01573
      endloop
   endfacet
   facet normal 0.159459 -0.975983 -0.148425
      outer loop
         vertex 0.0116844 -0.0538719 1.04231
         vertex 0.0223274 -0.050469 1.03754
         vertex 0.0227845 -0.0505205 1.03839
      endloop
   endfacet
   facet normal 0.31145 -0.935127 -0.168925
      outer loop
         vertex 0.0223274 -0.050469 1.03754
         vertex 0.0396345 -0.0386691 1.02561
         vertex 0.0403768 -0.0385673 1.02676
      endloop
   endfacet
   facet normal 0.59424 -0.771275 -0.228065
      outer loop
         vertex 0.0396345 -0.0386691 1.02561
         vertex 0.046288 -0.0305692 1.02013
         vertex 0.0470944 -0.0304039 1.02146
      endloop
   endfacet
   facet normal 0.681488 -0.255772 -0.685678
      outer loop
         vertex 0.0564119 -0.0107269 1.0159
         vertex 0.0553314 -0.0107406 1.01453
         vertex 0.0564062 -2.15124e-05 1.01359
      endloop
   endfacet
   facet normal 0.63658 -0.653602 -0.409353
      outer loop
         vertex 0.0470944 -0.0304039 1.02146
         vertex 0.0521687 -0.021014 1.01724
         vertex 0.0526593 -0.0209885 1.01791
      endloop
   endfacet
   facet normal 0.514444 -0.781186 -0.353689
      outer loop
         vertex 0.0403768 -0.0385673 1.02676
         vertex 0.0470944 -0.0304039 1.02146
         vertex 0.0475523 -0.0303914 1.02207
      endloop
   endfacet
   facet normal 0.684788 -0.480747 -0.547675
      outer loop
         vertex 0.0526593 -0.0209885 1.01791
         vertex 0.0521687 -0.021014 1.01724
         vertex 0.0553314 -0.0107406 1.01453
      endloop
   endfacet
   facet normal 0.134443 -0.965077 -0.224836
      outer loop
         vertex 0.0119289 -0.0539775 1.04305
         vertex 0.0227845 -0.0505205 1.03839
         vertex 0.0232623 -0.0506614 1.0392
      endloop
   endfacet
   facet normal 0.467954 -0.77969 -0.416057
      outer loop
         vertex 0.0407807 -0.038578 1.0273
         vertex 0.0412063 -0.0386296 1.02781
         vertex 0.0232623 -0.0506614 1.0392
      endloop
   endfacet
   facet normal 0.581283 -0.654598 -0.483334
      outer loop
         vertex 0.0475523 -0.0303914 1.02207
         vertex 0.0526593 -0.0209885 1.01791
         vertex 0.0532044 -0.021007 1.01853
      endloop
   endfacet
   facet normal -0.00184 -0.990085 -0.14046
      outer loop
         vertex -0.000135907 -0.0551006 1.04425
         vertex 0.0116844 -0.0538719 1.04231
         vertex 0.0119289 -0.0539775 1.04305
      endloop
   endfacet
   facet normal -0.00184 -0.990085 -0.14046
      outer loop
         vertex -0.000135907 -0.0551006 1.04425
         vertex -0.000138772 -0.0552266 1.04495
         vertex -0.012172 -0.0539255 1.04297
      endloop
   endfacet
   facet normal -0.162763 -0.975388 -0.14875
      outer loop
         vertex -0.0119226 -0.0538207 1.04223
         vertex -0.012172 -0.0539255 1.04297
         vertex -0.02297 -0.05044 1.03829
      endloop
   endfacet
   facet normal -0.595839 -0.769927 -0.228447
      outer loop
         vertex -0.0397211 -0.0385818 1.02555
         vertex -0.0400819 -0.0385099 1.02613
         vertex -0.0467121 -0.0304049 1.02078
      endloop
   endfacet
   facet normal -0.558216 -0.776936 -0.291147
      outer loop
         vertex -0.0400819 -0.0385099 1.02613
         vertex -0.0404645 -0.0384792 1.0267
         vertex -0.0471337 -0.0303455 1.02143
      endloop
   endfacet
   facet normal -0.798467 -0.47127 -0.374638
      outer loop
         vertex -0.0517329 -0.0210824 1.01651
         vertex -0.0513513 -0.0211957 1.01573
         vertex -0.0463271 -0.0305112 1.0201
      endloop
   endfacet
   facet normal -0.798467 -0.47127 -0.374638
      outer loop
         vertex -0.0517329 -0.0210824 1.01651
         vertex -0.0521691 -0.021013 1.01724
         vertex -0.0553338 -0.0107287 1.01453
      endloop
   endfacet
   facet normal -0.74701 -0.478274 -0.461768
      outer loop
         vertex -0.0521691 -0.021013 1.01724
         vertex -0.0517329 -0.0210824 1.01651
         vertex -0.0467121 -0.0304049 1.02078
      endloop
   endfacet
   facet normal -0.314148 -0.934142 -0.16938
      outer loop
         vertex -0.0225094 -0.0503897 1.03744
         vertex -0.02297 -0.05044 1.03829
         vertex -0.0400819 -0.0385099 1.02613
      endloop
   endfacet
   facet normal -0.00154814 -0.97718 -0.212406
      outer loop
         vertex -0.000138772 -0.0552266 1.04495
         vertex -0.000141703 -0.0554031 1.04564
         vertex -0.0124286 -0.0540918 1.0437
      endloop
   endfacet
   facet normal -0.137241 -0.964565 -0.225344
      outer loop
         vertex -0.012172 -0.0539255 1.04297
         vertex -0.0124286 -0.0540918 1.0437
         vertex -0.0234516 -0.0505803 1.0391
      endloop
   endfacet
   facet normal -0.515907 -0.779928 -0.354334
      outer loop
         vertex -0.0404645 -0.0384792 1.0267
         vertex -0.0408691 -0.0384895 1.02723
         vertex -0.0475919 -0.0303329 1.02204
      endloop
   endfacet
   facet normal -0.637364 -0.652607 -0.409721
      outer loop
         vertex -0.0471337 -0.0303455 1.02143
         vertex -0.0475919 -0.0303329 1.02204
         vertex -0.0526597 -0.0209876 1.01791
      endloop
   endfacet
   facet normal -0.684797 -0.480727 -0.54768
      outer loop
         vertex -0.0526597 -0.0209876 1.01791
         vertex -0.0532048 -0.0210061 1.01853
         vertex -0.0564144 -0.010715 1.0159
      endloop
   endfacet
   facet normal -0.582014 -0.653617 -0.483781
      outer loop
         vertex -0.0475919 -0.0303329 1.02204
         vertex -0.0408691 -0.0384895 1.02723
         vertex -0.0412957 -0.0385409 1.02775
      endloop
   endfacet
   facet normal -0.266442 -0.928715 -0.257871
      outer loop
         vertex -0.02297 -0.05044 1.03829
         vertex -0.0234516 -0.0505803 1.0391
         vertex -0.0408691 -0.0384895 1.02723
      endloop
   endfacet
   facet normal -0.857493 -4.59021e-12 -0.514496
      outer loop
         vertex -0.0564063 -2.97594e-18 1.01359
         vertex -0.055625 -2.9795e-18 1.01188
         vertex -0.0545376 -0.0108534 1.01287
      endloop
   endfacet
   facet normal -0.00154814 -0.97718 -0.212406
      outer loop
         vertex -0.000138772 -0.0552266 1.04495
         vertex 0.0119289 -0.0539775 1.04305
         vertex 0.0121804 -0.0541443 1.04377
      endloop
   endfacet
   facet normal -0.996124 -0.0879608 -4.03523e-07
      outer loop
         vertex -0.054787 -0.00483633 1.00771
         vertex -0.0534319 -0.011286 1.00904
         vertex -0.0545376 -0.0108534 1.01287
      endloop
   endfacet
   facet normal 0.681488 -0.255772 -0.685678
      outer loop
         vertex 0.0564119 -0.0107269 1.0159
         vertex 0.0575 -2.14765e-05 1.015
         vertex 0.0589062 -2.16815e-05 1.01609
      endloop
   endfacet
   facet normal 0.417848 -0.773521 -0.476518
      outer loop
         vertex 0.0412063 -0.0386296 1.02781
         vertex 0.0532044 -0.021007 1.01853
         vertex 0.053804 -0.0210695 1.01909
      endloop
   endfacet
   facet normal 0.533735 -0.470115 -0.702936
      outer loop
         vertex 0.053804 -0.0210695 1.01909
         vertex 0.0532044 -0.021007 1.01853
         vertex 0.0564119 -0.0107269 1.0159
      endloop
   endfacet
   facet normal 0.514496 -0.000495508 -0.857493
      outer loop
         vertex 0.0589062 -2.16815e-05 1.01609
         vertex 0.060625 -2.21275e-05 1.01688
         vertex 0.0594256 -0.0110333 1.01779
      endloop
   endfacet
   facet normal 0.450086 -0.45739 -0.766953
      outer loop
         vertex 0.0544582 -0.0211759 1.01959
         vertex 0.0551668 -0.0213262 1.02004
         vertex 0.0426137 -0.0390306 1.0292
      endloop
   endfacet
   facet normal 0.49726 -0.243677 -0.832679
      outer loop
         vertex 0.0577767 -0.0108245 1.01699
         vertex 0.0594256 -0.0110333 1.01779
         vertex 0.0551668 -0.0213262 1.02004
      endloop
   endfacet
   facet normal 0.533735 -0.470115 -0.702936
      outer loop
         vertex 0.053804 -0.0210695 1.01909
         vertex 0.0544582 -0.0211759 1.01959
         vertex 0.0421228 -0.0388559 1.02876
      endloop
   endfacet
   facet normal 0.108091 -0.947561 -0.300739
      outer loop
         vertex 0.0121804 -0.0541443 1.04377
         vertex 0.0232623 -0.0506614 1.0392
         vertex 0.0242796 -0.0512115 1.04072
      endloop
   endfacet
   facet normal 0.255182 -0.728486 -0.63576
      outer loop
         vertex 0.0426137 -0.0390306 1.0292
         vertex 0.0431264 -0.0392463 1.02961
         vertex 0.0242796 -0.0512115 1.04072
      endloop
   endfacet
   facet normal 0.244468 -0.583421 -0.774503
      outer loop
         vertex 0.0503892 -0.0310306 1.02452
         vertex 0.0431264 -0.0392463 1.02961
         vertex 0.0426137 -0.0390306 1.0292
      endloop
   endfacet
   facet normal 0.316228 -0.0004505 -0.948683
      outer loop
         vertex 0.060625 -2.21275e-05 1.01688
         vertex 0.064624 1.84375e-05 1.01777
         vertex 0.0635336 -0.0117784 1.01857
      endloop
   endfacet
   facet normal 0.282038 -0.421406 -0.8619
      outer loop
         vertex 0.0559299 -0.0215205 1.02044
         vertex 0.0576196 -0.0220409 1.02105
         vertex 0.0517793 -0.0316137 1.02523
      endloop
   endfacet
   facet normal 0.244468 -0.583421 -0.774503
      outer loop
         vertex 0.0503892 -0.0310306 1.02452
         vertex 0.0517793 -0.0316137 1.02523
         vertex 0.044217 -0.0398008 1.03036
      endloop
   endfacet
   facet normal 0.128968 -0.378871 -0.916419
      outer loop
         vertex 0.0576196 -0.0220409 1.02105
         vertex 0.0559299 -0.0215205 1.02044
         vertex 0.0594256 -0.0110333 1.01779
      endloop
   endfacet
   facet normal 0.104632 -0.856524 -0.50539
      outer loop
         vertex 0.0242796 -0.0512115 1.04072
         vertex 0.0248195 -0.0512918 1.04162
         vertex 0.0129763 -0.0550117 1.04582
      endloop
   endfacet
   facet normal 0.200322 -0.706259 -0.679021
      outer loop
         vertex 0.0431264 -0.0392463 1.02961
         vertex 0.044217 -0.0398008 1.03036
         vertex 0.0248195 -0.0512918 1.04162
      endloop
   endfacet
   facet normal 8.32763e-06 -0.81275 -0.582612
      outer loop
         vertex 0.0160449 -0.0548612 1.04567
         vertex 0.0131748 -0.0551781 1.04614
         vertex 0.0129763 -0.0550117 1.04582
      endloop
   endfacet
   facet normal 0.0344419 -0.73761 -0.674348
      outer loop
         vertex 0.0339477 -0.0475785 1.03741
         vertex 0.0248195 -0.0512918 1.04162
         vertex 0.044217 -0.0398008 1.03036
      endloop
   endfacet
   facet normal 0.053486 -0.893966 -0.444932
      outer loop
         vertex 0.0127041 -0.0546614 1.04516
         vertex 0.0129763 -0.0550117 1.04582
         vertex -0.000150884 -0.0562347 1.04761
      endloop
   endfacet
   facet normal 0.0226455 -0.394341 -0.918685
      outer loop
         vertex 0.0573528 -0.0257254 1.02296
         vertex 0.0559773 -0.0287762 1.02394
         vertex 0.0517793 -0.0316137 1.02523
      endloop
   endfacet
   facet normal -0.00124368 -0.958828 -0.283983
      outer loop
         vertex -0.000141703 -0.0554031 1.04564
         vertex 0.0121804 -0.0541443 1.04377
         vertex 0.0127041 -0.0546614 1.04516
      endloop
   endfacet
   facet normal -0.00124368 -0.958828 -0.283983
      outer loop
         vertex -0.000141703 -0.0554031 1.04564
         vertex -0.000147758 -0.0559071 1.04697
         vertex -0.012963 -0.0546095 1.04509
      endloop
   endfacet
   facet normal -0.110344 -0.947084 -0.301425
      outer loop
         vertex -0.0124286 -0.0540918 1.0437
         vertex -0.012963 -0.0546095 1.04509
         vertex -0.0244776 -0.051131 1.04062
      endloop
   endfacet
   facet normal -0.41906 -0.772314 -0.47741
      outer loop
         vertex -0.0412957 -0.0385409 1.02775
         vertex -0.0417441 -0.0386335 1.02824
         vertex -0.0538045 -0.0210685 1.01909
      endloop
   endfacet
   facet normal -0.533742 -0.470096 -0.702943
      outer loop
         vertex -0.0538045 -0.0210685 1.01909
         vertex -0.0544586 -0.0211749 1.01959
         vertex -0.0577792 -0.0108125 1.01699
      endloop
   endfacet
   facet normal -0.533742 -0.470096 -0.702943
      outer loop
         vertex -0.0538045 -0.0210685 1.01909
         vertex -0.0417441 -0.0386335 1.02824
         vertex -0.0422144 -0.0387671 1.0287
      endloop
   endfacet
   facet normal -0.450092 -0.457371 -0.766961
      outer loop
         vertex -0.0544586 -0.0211749 1.01959
         vertex -0.0422144 -0.0387671 1.0287
         vertex -0.0427067 -0.0389419 1.02914
      endloop
   endfacet
   facet normal -0.365222 -0.440757 -0.819967
      outer loop
         vertex -0.0551672 -0.0213253 1.02004
         vertex -0.0559303 -0.0215196 1.02044
         vertex -0.0594283 -0.0110211 1.01779
      endloop
   endfacet
   facet normal -0.244743 -0.582481 -0.775123
      outer loop
         vertex -0.0504319 -0.0309716 1.02449
         vertex -0.0559303 -0.0215196 1.02044
         vertex -0.0551672 -0.0213253 1.02004
      endloop
   endfacet
   facet normal -0.681544 -0.255498 -0.685725
      outer loop
         vertex -0.0564144 -0.010715 1.0159
         vertex -0.0577792 -0.0108125 1.01699
         vertex -0.0589063 -3.13236e-18 1.01609
      endloop
   endfacet
   facet normal -0.214714 -0.913558 -0.345412
      outer loop
         vertex -0.0234516 -0.0505803 1.0391
         vertex -0.0244776 -0.051131 1.04062
         vertex -0.0417441 -0.0386335 1.02824
      endloop
   endfacet
   facet normal -0.0545956 -0.89342 -0.445892
      outer loop
         vertex -0.012963 -0.0546095 1.04509
         vertex -0.000147758 -0.0559071 1.04697
         vertex -0.000150884 -0.0562347 1.04761
      endloop
   endfacet
   facet normal -0.105542 -0.855621 -0.506728
      outer loop
         vertex -0.0244776 -0.051131 1.04062
         vertex -0.012963 -0.0546095 1.04509
         vertex -0.013241 -0.0549607 1.04575
      endloop
   endfacet
   facet normal -0.0268919 -0.858773 -0.51165
      outer loop
         vertex -0.013241 -0.0549607 1.04575
         vertex -0.000150884 -0.0562347 1.04761
         vertex -0.000139867 -0.0565743 1.04818
      endloop
   endfacet
   facet normal -3.13894e-05 -0.807215 -0.590258
      outer loop
         vertex -0.0176437 -0.0544877 1.04516
         vertex -0.025068 -0.0512864 1.04161
         vertex -0.0250221 -0.0515414 1.04134
      endloop
   endfacet
   facet normal -0.200863 -0.705023 -0.680145
      outer loop
         vertex -0.0432208 -0.0391578 1.02955
         vertex -0.0244776 -0.051131 1.04062
         vertex -0.0250221 -0.0515414 1.04134
      endloop
   endfacet
   facet normal -0.244743 -0.582481 -0.775123
      outer loop
         vertex -0.0504319 -0.0309716 1.02449
         vertex -0.0432208 -0.0391578 1.02955
         vertex -0.0443149 -0.0397129 1.0303
      endloop
   endfacet
   facet normal -0.282041 -0.421388 -0.861908
      outer loop
         vertex -0.0559303 -0.0215196 1.02044
         vertex -0.0504319 -0.0309716 1.02449
         vertex -0.051824 -0.0315547 1.02519
      endloop
   endfacet
   facet normal 1.06292e-06 -0.222383 -0.974959
      outer loop
         vertex -0.0626755 -0.0150109 1.01919
         vertex -0.0631913 -0.0116799 1.01882
         vertex -0.0576201 -0.0220399 1.02105
      endloop
   endfacet
   facet normal -0.114101 -0.531558 -0.839302
      outer loop
         vertex -0.051824 -0.0315547 1.02519
         vertex -0.0443149 -0.0397129 1.0303
         vertex -0.0448851 -0.0396634 1.03114
      endloop
   endfacet
   facet normal 5.3287e-05 -0.670462 -0.741944
      outer loop
         vertex -0.0390535 -0.0452561 1.03492
         vertex -0.0448851 -0.0396634 1.03114
         vertex -0.0443149 -0.0397129 1.0303
      endloop
   endfacet
   facet normal -0.514496 -3.85505e-12 -0.857493
      outer loop
         vertex -0.0589063 -3.13236e-18 1.01609
         vertex -0.0577792 -0.0108125 1.01699
         vertex -0.0594283 -0.0110211 1.01779
      endloop
   endfacet
   facet normal -6.40396e-06 -0.838706 -0.544584
      outer loop
         vertex 0.000181636 -0.0566127 1.04824
         vertex -0.000139867 -0.0565743 1.04818
         vertex -0.000150884 -0.0562347 1.04761
      endloop
   endfacet
   facet normal -0.681581 0.255318 -0.685755
      outer loop
         vertex -0.056416 0.0107072 1.0159
         vertex -0.0575 -3.02689e-18 1.015
         vertex -0.0589063 -3.13236e-18 1.01609
      endloop
   endfacet
   facet normal -0.417797 0.773571 -0.47648
      outer loop
         vertex -0.0412025 0.0386333 1.02782
         vertex -0.0532077 0.0209994 1.01853
         vertex -0.0538073 0.0210619 1.01909
      endloop
   endfacet
   facet normal -0.533791 0.469965 -0.702994
      outer loop
         vertex -0.0538073 0.0210619 1.01909
         vertex -0.0532077 0.0209994 1.01853
         vertex -0.056416 0.0107072 1.0159
      endloop
   endfacet
   facet normal -0.108548 0.947465 -0.300877
      outer loop
         vertex -0.0122308 0.0541337 1.04376
         vertex -0.0233058 0.0506428 1.03918
         vertex -0.0238052 0.0508731 1.03995
      endloop
   endfacet
   facet normal -0.364951 0.762755 -0.533869
      outer loop
         vertex -0.0416499 0.038726 1.0283
         vertex -0.0421189 0.0388597 1.02877
         vertex -0.0238052 0.0508731 1.03995
      endloop
   endfacet
   facet normal -0.533791 0.469965 -0.702994
      outer loop
         vertex -0.0538073 0.0210619 1.01909
         vertex -0.0544615 0.0211682 1.01959
         vertex -0.0421189 0.0388597 1.02877
      endloop
   endfacet
   facet normal -0.514496 -3.85505e-12 -0.857493
      outer loop
         vertex -0.0589063 -3.13236e-18 1.01609
         vertex -0.060625 -3.29234e-18 1.01688
         vertex -0.05943 0.0110131 1.01779
      endloop
   endfacet
   facet normal -0.450131 0.457243 -0.767015
      outer loop
         vertex -0.0544615 0.0211682 1.01959
         vertex -0.0551702 0.0213186 1.02004
         vertex -0.0426098 0.0390343 1.0292
      endloop
   endfacet
   facet normal -0.497323 0.243243 -0.832768
      outer loop
         vertex -0.0577809 0.0108046 1.01699
         vertex -0.05943 0.0110131 1.01779
         vertex -0.0551702 0.0213186 1.02004
      endloop
   endfacet
   facet normal -0.159415 0.889479 -0.428268
      outer loop
         vertex -0.0238052 0.0508731 1.03995
         vertex -0.0243252 0.051193 1.0407
         vertex -0.0127566 0.0546509 1.04515
      endloop
   endfacet
   facet normal -0.255152 0.728537 -0.635713
      outer loop
         vertex -0.0426098 0.0390343 1.0292
         vertex -0.0431224 0.03925 1.02962
         vertex -0.0243252 0.051193 1.0407
      endloop
   endfacet
   facet normal -0.244474 0.5834 -0.774517
      outer loop
         vertex -0.0503901 0.0310292 1.02452
         vertex -0.0431224 0.03925 1.02962
         vertex -0.0426098 0.0390343 1.0292
      endloop
   endfacet
   facet normal 0.000764639 0.958829 -0.283982
      outer loop
         vertex 8.71213e-05 0.0554032 1.04564
         vertex -0.0122308 0.0541337 1.04376
         vertex -0.0124902 0.0543617 1.04446
      endloop
   endfacet
   facet normal 0.000764639 0.958829 -0.283982
      outer loop
         vertex 8.71213e-05 0.0554032 1.04564
         vertex 8.8963e-05 0.05563 1.04631
         vertex 0.0126369 0.0543314 1.04442
      endloop
   endfacet
   facet normal 0.109852 0.947189 -0.301274
      outer loop
         vertex 0.0123744 0.0541034 1.04371
         vertex 0.0126369 0.0543314 1.04442
         vertex 0.0239162 0.0508266 1.0399
      endloop
   endfacet
   facet normal 0.418772 0.772601 -0.477198
      outer loop
         vertex 0.0412744 0.038562 1.02776
         vertex 0.0417226 0.0386546 1.02825
         vertex 0.0538026 0.0210728 1.01909
      endloop
   endfacet
   facet normal 0.533711 0.47018 -0.70291
      outer loop
         vertex 0.0538026 0.0210728 1.01909
         vertex 0.0544567 0.0211792 1.0196
         vertex 0.0577739 0.0108376 1.01699
      endloop
   endfacet
   facet normal 0.533711 0.47018 -0.70291
      outer loop
         vertex 0.0538026 0.0210728 1.01909
         vertex 0.0417226 0.0386546 1.02825
         vertex 0.0421926 0.0387883 1.02871
      endloop
   endfacet
   facet normal 0.214344 0.913718 -0.345219
      outer loop
         vertex 0.0234144 0.0505963 1.03912
         vertex 0.0239162 0.0508266 1.0399
         vertex 0.0417226 0.0386546 1.02825
      endloop
   endfacet
   facet normal 0.000572697 0.935242 -0.354008
      outer loop
         vertex 8.8963e-05 0.05563 1.04631
         vertex 9.08446e-05 0.0559072 1.04697
         vertex 0.0129065 0.0546209 1.0451
      endloop
   endfacet
   facet normal 0.16022 0.889005 -0.428953
      outer loop
         vertex 0.0239162 0.0508266 1.0399
         vertex 0.0126369 0.0543314 1.04442
         vertex 0.0129065 0.0546209 1.0451
      endloop
   endfacet
   facet normal 0.450066 0.457454 -0.766926
      outer loop
         vertex 0.0544567 0.0211792 1.0196
         vertex 0.0421926 0.0387883 1.02871
         vertex 0.0426846 0.038963 1.02915
      endloop
   endfacet
   facet normal 0.365203 0.440837 -0.819932
      outer loop
         vertex 0.0551653 0.0213296 1.02004
         vertex 0.0559284 0.0215239 1.02044
         vertex 0.0594227 0.0110466 1.01779
      endloop
   endfacet
   facet normal 0.244548 0.583149 -0.774683
      outer loop
         vertex 0.0504016 0.0310135 1.02451
         vertex 0.0559284 0.0215239 1.02044
         vertex 0.0551653 0.0213296 1.02004
      endloop
   endfacet
   facet normal 0.31109 0.746606 -0.58805
      outer loop
         vertex 0.0421926 0.0387883 1.02871
         vertex 0.0239162 0.0508266 1.0399
         vertex 0.0244388 0.0511468 1.04064
      endloop
   endfacet
   facet normal 0.681427 0.256071 -0.685627
      outer loop
         vertex 0.0564093 0.0107399 1.0159
         vertex 0.0577739 0.0108376 1.01699
         vertex 0.0589062 -2.16815e-05 1.01609
      endloop
   endfacet
   facet normal 0.000572697 0.935242 -0.354008
      outer loop
         vertex 8.8963e-05 0.05563 1.04631
         vertex -0.0124902 0.0543617 1.04446
         vertex -0.0127566 0.0546509 1.04515
      endloop
   endfacet
   facet normal -3.51995e-05 0.147088 -0.989123
      outer loop
         vertex -0.0639929 0.00993761 1.01824
         vertex -0.0633286 0.0116127 1.01871
         vertex -0.05943 0.0110131 1.01779
      endloop
   endfacet
   facet normal -0.282063 0.421266 -0.86196
      outer loop
         vertex -0.0559334 0.0215128 1.02043
         vertex -0.0576233 0.0220331 1.02105
         vertex -0.0517803 0.0316124 1.02522
      endloop
   endfacet
   facet normal -0.244474 0.5834 -0.774517
      outer loop
         vertex -0.0503901 0.0310292 1.02452
         vertex -0.0517803 0.0316124 1.02522
         vertex -0.0442129 0.0398045 1.03037
      endloop
   endfacet
   facet normal -0.128977 0.378741 -0.916471
      outer loop
         vertex -0.0576233 0.0220331 1.02105
         vertex -0.0559334 0.0215128 1.02043
         vertex -0.05943 0.0110131 1.01779
      endloop
   endfacet
   facet normal -0.104841 0.856317 -0.505697
      outer loop
         vertex -0.0243252 0.051193 1.0407
         vertex -0.0248659 0.0516024 1.04141
         vertex -0.01303 0.0550015 1.04581
      endloop
   endfacet
   facet normal -0.200299 0.706311 -0.678974
      outer loop
         vertex -0.0431224 0.03925 1.02962
         vertex -0.0442129 0.0398045 1.03037
         vertex -0.0248659 0.0516024 1.04141
      endloop
   endfacet
   facet normal 1.27188e-05 0.801023 -0.598634
      outer loop
         vertex -0.0192668 0.0540691 1.04459
         vertex -0.0131399 0.0550277 1.04596
         vertex -0.01303 0.0550015 1.04581
      endloop
   endfacet
   facet normal -0.0482775 0.749319 -0.660447
      outer loop
         vertex -0.0335351 0.0474803 1.03751
         vertex -0.0248659 0.0516024 1.04141
         vertex -0.0442129 0.0398045 1.03037
      endloop
   endfacet
   facet normal -0.0537111 0.893856 -0.445126
      outer loop
         vertex -0.0127566 0.0546509 1.04515
         vertex -0.01303 0.0550015 1.04581
         vertex 9.27661e-05 0.0562348 1.04761
      endloop
   endfacet
   facet normal -0.00634887 0.38589 -0.922523
      outer loop
         vertex -0.0577014 0.0258041 1.02273
         vertex -0.0573988 0.0265671 1.02295
         vertex -0.0517803 0.0316124 1.02522
      endloop
   endfacet
   facet normal 0.0543533 0.89354 -0.445681
      outer loop
         vertex 0.0129065 0.0546209 1.0451
         vertex 9.08446e-05 0.0559072 1.04697
         vertex 9.27661e-05 0.0562348 1.04761
      endloop
   endfacet
   facet normal 0.105363 0.855799 -0.506465
      outer loop
         vertex 0.0244388 0.0511468 1.04064
         vertex 0.0129065 0.0546209 1.0451
         vertex 0.0131832 0.054972 1.04577
      endloop
   endfacet
   facet normal 0.000187346 0.874435 -0.485143
      outer loop
         vertex 9.27661e-05 0.0562348 1.04761
         vertex -0.00355196 0.0565278 1.04811
         vertex 0.0125065 0.055555 1.04666
      endloop
   endfacet
   facet normal 0.0514805 0.81584 -0.575981
      outer loop
         vertex 0.0249823 0.051557 1.04135
         vertex 0.0131832 0.054972 1.04577
         vertex 0.0133894 0.0552728 1.04631
      endloop
   endfacet
   facet normal 0.200735 0.705317 -0.679877
      outer loop
         vertex 0.0431984 0.0391789 1.02956
         vertex 0.0244388 0.0511468 1.04064
         vertex 0.0249823 0.051557 1.04135
      endloop
   endfacet
   facet normal 0.244548 0.583149 -0.774683
      outer loop
         vertex 0.0504016 0.0310135 1.02451
         vertex 0.0431984 0.0391789 1.02956
         vertex 0.0442917 0.0397339 1.03031
      endloop
   endfacet
   facet normal 0.282027 0.421466 -0.861874
      outer loop
         vertex 0.0559284 0.0215239 1.02044
         vertex 0.0504016 0.0310135 1.02451
         vertex 0.0517923 0.0315966 1.02522
      endloop
   endfacet
   facet normal -2.05879e-05 0.265726 -0.964049
      outer loop
         vertex 0.0616535 0.0179342 1.01993
         vertex 0.0630341 0.0116197 1.01893
         vertex 0.057618 0.0220443 1.02105
      endloop
   endfacet
   facet normal 1.74554e-05 0.504327 -0.863513
      outer loop
         vertex 0.0519328 0.0340461 1.02672
         vertex 0.0517923 0.0315966 1.02522
         vertex 0.0442917 0.0397339 1.03031
      endloop
   endfacet
   facet normal 0.0239069 0.728758 -0.684354
      outer loop
         vertex 0.0342017 0.0475318 1.03751
         vertex 0.0447905 0.0394783 1.03106
         vertex 0.0442917 0.0397339 1.03031
      endloop
   endfacet
   facet normal -1.19829e-05 0.837449 -0.546516
      outer loop
         vertex -0.00355196 0.0565278 1.04811
         vertex 9.27661e-05 0.0562348 1.04761
         vertex -0.01303 0.0550015 1.04581
      endloop
   endfacet
   facet normal 0.514496 -0.000495508 -0.857493
      outer loop
         vertex 0.0589062 -2.16815e-05 1.01609
         vertex 0.0577739 0.0108376 1.01699
         vertex 0.0594227 0.0110466 1.01779
      endloop
   endfacet
   facet normal -0.948683 -3.60209e-12 -0.316228
      outer loop
         vertex -0.055625 -2.9795e-18 1.01188
         vertex -0.0545392 0.0108455 1.01286
         vertex -0.0534686 0.0113402 1.00901
      endloop
   endfacet
   facet normal -0.852822 0.522202 0.000126867
      outer loop
         vertex -0.0469104 0.0287126 1.01532
         vertex -0.0499359 0.0217297 1.01242
         vertex -0.0507543 0.0215475 1.01399
      endloop
   endfacet
   facet normal -0.83919 0.460514 -0.289289
      outer loop
         vertex -0.0513541 0.021189 1.01572
         vertex -0.0462889 0.030568 1.02013
         vertex -0.0456284 0.0309205 1.01864
      endloop
   endfacet
   facet normal -0.784765 0.607797 -0.121354
      outer loop
         vertex -0.0456284 0.0309205 1.01864
         vertex -0.0389755 0.0389386 1.02437
         vertex -0.0381901 0.0382448 1.02297
      endloop
   endfacet
   facet normal -0.964178 0.265256 1.31168e-06
      outer loop
         vertex -0.05303 0.0145883 1.00944
         vertex -0.0534686 0.0113402 1.00901
         vertex -0.0545392 0.0108455 1.01286
      endloop
   endfacet
   facet normal -0.595581 0.803295 0.000120324
      outer loop
         vertex -0.0327642 0.0441758 1.02772
         vertex -0.0378332 0.038635 1.02328
         vertex -0.0389755 0.0389386 1.02437
      endloop
   endfacet
   facet normal -0.511341 0.854126 -0.0948661
      outer loop
         vertex -0.0310826 0.0454582 1.03056
         vertex -0.021932 0.0504892 1.03664
         vertex -0.0210549 0.0500851 1.03544
      endloop
   endfacet
   facet normal -0.354436 0.931433 -0.0825066
      outer loop
         vertex -0.021932 0.0504892 1.03664
         vertex -0.0223693 0.0504508 1.03752
         vertex -0.0207598 0.050234 1.03563
      endloop
   endfacet
   facet normal -0.511341 0.854126 -0.0948661
      outer loop
         vertex -0.0310826 0.0454582 1.03056
         vertex -0.0389755 0.0389386 1.02437
         vertex -0.0396308 0.0386728 1.02562
      endloop
   endfacet
   facet normal -0.725247 0.637347 -0.260394
      outer loop
         vertex -0.0462889 0.030568 1.02013
         vertex -0.0396308 0.0386728 1.02562
         vertex -0.0389755 0.0389386 1.02437
      endloop
   endfacet
   facet normal -0.857493 -4.59021e-12 -0.514496
      outer loop
         vertex -0.0564063 -2.97594e-18 1.01359
         vertex -0.0553354 0.0107209 1.01453
         vertex -0.0545392 0.0108455 1.01286
      endloop
   endfacet
   facet normal -0.747077 0.47814 -0.461799
      outer loop
         vertex -0.0521718 0.0210064 1.01724
         vertex -0.0470953 0.0304026 1.02146
         vertex -0.0462889 0.030568 1.02013
      endloop
   endfacet
   facet normal -0.827599 0.254485 -0.500317
      outer loop
         vertex -0.0553354 0.0107209 1.01453
         vertex -0.0521718 0.0210064 1.01724
         vertex -0.0513541 0.021189 1.01572
      endloop
   endfacet
   facet normal -0.681581 0.255318 -0.685755
      outer loop
         vertex -0.056416 0.0107072 1.0159
         vertex -0.0553354 0.0107209 1.01453
         vertex -0.0564063 -2.97594e-18 1.01359
      endloop
   endfacet
   facet normal -0.636597 0.65358 -0.409362
      outer loop
         vertex -0.0470953 0.0304026 1.02146
         vertex -0.0521718 0.0210064 1.01724
         vertex -0.0526625 0.0209809 1.01791
      endloop
   endfacet
   facet normal -0.514383 0.781238 -0.353662
      outer loop
         vertex -0.0403732 0.038571 1.02677
         vertex -0.0470953 0.0304026 1.02146
         vertex -0.0475532 0.0303901 1.02207
      endloop
   endfacet
   facet normal -0.68486 0.480593 -0.54772
      outer loop
         vertex -0.0526625 0.0209809 1.01791
         vertex -0.0521718 0.0210064 1.01724
         vertex -0.0553354 0.0107209 1.01453
      endloop
   endfacet
   facet normal -0.594173 0.771332 -0.228049
      outer loop
         vertex -0.0396308 0.0386728 1.02562
         vertex -0.0462889 0.030568 1.02013
         vertex -0.0470953 0.0304026 1.02146
      endloop
   endfacet
   facet normal -0.312071 0.934902 -0.169029
      outer loop
         vertex -0.0223693 0.0504508 1.03752
         vertex -0.0396308 0.0386728 1.02562
         vertex -0.0403732 0.038571 1.02677
      endloop
   endfacet
   facet normal -0.264653 0.929381 -0.257314
      outer loop
         vertex -0.0228272 0.050502 1.03836
         vertex -0.0233058 0.0506428 1.03918
         vertex -0.0122308 0.0541337 1.04376
      endloop
   endfacet
   facet normal -0.467898 0.779741 -0.416024
      outer loop
         vertex -0.040777 0.0385817 1.0273
         vertex -0.0412025 0.0386333 1.02782
         vertex -0.0233058 0.0506428 1.03918
      endloop
   endfacet
   facet normal -0.581299 0.654576 -0.483344
      outer loop
         vertex -0.0475532 0.0303901 1.02207
         vertex -0.0526625 0.0209809 1.01791
         vertex -0.0532077 0.0209994 1.01853
      endloop
   endfacet
   facet normal -0.0612208 0.998124 4.57082e-05
      outer loop
         vertex -0.00337493 0.0548964 1.04261
         vertex -0.011053 0.0535072 1.04025
         vertex -0.0117328 0.0538616 1.04229
      endloop
   endfacet
   facet normal 0.105607 0.994408 -2.76696e-15
      outer loop
         vertex 0.00580841 0.0546924 1.04224
         vertex 6.31829e-05 0.05482 1.04247
         vertex 8.35578e-05 0.0551007 1.04425
      endloop
   endfacet
   facet normal 0.356152 0.930768 -0.0826251
      outer loop
         vertex 0.0223323 0.0500383 1.03632
         vertex 0.0301601 0.0449057 1.02951
         vertex 0.0300488 0.0449786 1.02924
      endloop
   endfacet
   facet normal 0.658303 0.752753 -1.01305e-05
      outer loop
         vertex 0.0362046 0.0414033 1.0249
         vertex 0.0300488 0.0449786 1.02924
         vertex 0.0301601 0.0449057 1.02951
      endloop
   endfacet
   facet normal 0.327722 0.944774 -7.72549e-06
      outer loop
         vertex 0.0180233 0.0519631 1.03772
         vertex 0.0111637 0.0534958 1.04026
         vertex 0.0118706 0.053832 1.04225
      endloop
   endfacet
   facet normal 0.700989 0.713073 -0.0118742
      outer loop
         vertex 0.0384638 0.0385467 1.02286
         vertex 0.0362046 0.0414033 1.0249
         vertex 0.0390448 0.0388695 1.02431
      endloop
   endfacet
   facet normal 0.725468 0.637073 -0.26045
      outer loop
         vertex 0.0462993 0.0305524 1.02012
         vertex 0.0456389 0.030905 1.01863
         vertex 0.0390448 0.0388695 1.02431
      endloop
   endfacet
   facet normal 0.884225 0.467061 -3.30256e-05
      outer loop
         vertex 0.0486302 0.0256925 1.0137
         vertex 0.0446 0.0307883 1.01733
         vertex 0.0456389 0.030905 1.01863
      endloop
   endfacet
   facet normal 0.891748 0.43278 -0.132239
      outer loop
         vertex 0.0507497 0.0215584 1.01399
         vertex 0.0513495 0.0212 1.01573
         vertex 0.0545325 0.0108786 1.01287
      endloop
   endfacet
   facet normal 0.839079 0.460732 -0.289261
      outer loop
         vertex 0.0513495 0.0212 1.01573
         vertex 0.0507497 0.0215584 1.01399
         vertex 0.0456389 0.030905 1.01863
      endloop
   endfacet
   facet normal 0.512197 0.853604 -0.0949409
      outer loop
         vertex 0.0301601 0.0449057 1.02951
         vertex 0.0223323 0.0500383 1.03632
         vertex 0.0224737 0.0504053 1.03746
      endloop
   endfacet
   facet normal 0.00113126 0.990086 -0.140459
      outer loop
         vertex 8.35578e-05 0.0551007 1.04425
         vertex 8.71213e-05 0.0554032 1.04564
         vertex 0.0123744 0.0541034 1.04371
      endloop
   endfacet
   facet normal 0.313619 0.934336 -0.16929
      outer loop
         vertex 0.0224737 0.0504053 1.03746
         vertex 0.0229336 0.0504558 1.03831
         vertex 0.0400612 0.0385308 1.02615
      endloop
   endfacet
   facet normal 0.162042 0.975519 -0.148679
      outer loop
         vertex 0.0118706 0.053832 1.04225
         vertex 0.0123744 0.0541034 1.04371
         vertex 0.0229336 0.0504558 1.03831
      endloop
   endfacet
   facet normal 0.595458 0.770248 -0.228356
      outer loop
         vertex 0.0397005 0.0386026 1.02556
         vertex 0.0400612 0.0385308 1.02615
         vertex 0.0466843 0.0304463 1.02081
      endloop
   endfacet
   facet normal 0.557848 0.777245 -0.291025
      outer loop
         vertex 0.0400612 0.0385308 1.02615
         vertex 0.0404437 0.0385001 1.02671
         vertex 0.0471058 0.030387 1.02145
      endloop
   endfacet
   facet normal 0.798424 0.471357 -0.374623
      outer loop
         vertex 0.0517311 0.0210866 1.01651
         vertex 0.0513495 0.0212 1.01573
         vertex 0.0462993 0.0305524 1.02012
      endloop
   endfacet
   facet normal 0.798424 0.471357 -0.374623
      outer loop
         vertex 0.0517311 0.0210866 1.01651
         vertex 0.0521673 0.0210173 1.01724
         vertex 0.0553288 0.0107536 1.01453
      endloop
   endfacet
   facet normal 0.746968 0.478361 -0.461747
      outer loop
         vertex 0.0521673 0.0210173 1.01724
         vertex 0.0517311 0.0210866 1.01651
         vertex 0.0466843 0.0304463 1.02081
      endloop
   endfacet
   facet normal 0.51556 0.780227 -0.35418
      outer loop
         vertex 0.0404437 0.0385001 1.02671
         vertex 0.0408481 0.0385105 1.02725
         vertex 0.0475638 0.0303744 1.02206
      endloop
   endfacet
   facet normal 0.636808 0.653314 -0.40946
      outer loop
         vertex 0.0471058 0.030387 1.02145
         vertex 0.0475638 0.0303744 1.02206
         vertex 0.0526579 0.0209918 1.01791
      endloop
   endfacet
   facet normal 0.684757 0.480814 -0.547655
      outer loop
         vertex 0.0526579 0.0209918 1.01791
         vertex 0.053203 0.0210104 1.01853
         vertex 0.0564093 0.0107399 1.0159
      endloop
   endfacet
   facet normal 0.581495 0.654314 -0.483464
      outer loop
         vertex 0.0475638 0.0303744 1.02206
         vertex 0.0408481 0.0385105 1.02725
         vertex 0.0412744 0.038562 1.02776
      endloop
   endfacet
   facet normal 0.857493 -0.000518537 -0.514496
      outer loop
         vertex 0.0564062 -2.15124e-05 1.01359
         vertex 0.055625 -2.17893e-05 1.01188
         vertex 0.0545325 0.0108786 1.01287
      endloop
   endfacet
   facet normal 0.265986 0.928885 -0.257729
      outer loop
         vertex 0.0229336 0.0504558 1.03831
         vertex 0.0234144 0.0505963 1.03912
         vertex 0.0408481 0.0385105 1.02725
      endloop
   endfacet
   facet normal 0.985709 0.168459 -1.93187e-05
      outer loop
         vertex 0.0542135 0.0092683 1.00828
         vertex 0.0535265 0.0112891 1.00894
         vertex 0.0545325 0.0108786 1.01287
      endloop
   endfacet
   facet normal 0.00113126 0.990086 -0.140459
      outer loop
         vertex 8.35578e-05 0.0551007 1.04425
         vertex -0.0117328 0.0538616 1.04229
         vertex -0.0122308 0.0541337 1.04376
      endloop
   endfacet
   facet normal -0.316228 -2.53189e-12 -0.948683
      outer loop
         vertex -0.060625 -3.29234e-18 1.01688
         vertex -0.0594283 -0.0110211 1.01779
         vertex -0.0631913 -0.0116799 1.01882
      endloop
   endfacet
   facet normal -0.681544 -0.255498 -0.685725
      outer loop
         vertex -0.0564144 -0.010715 1.0159
         vertex -0.0575 -3.02689e-18 1.015
         vertex -0.0564063 -2.97594e-18 1.01359
      endloop
   endfacet
   facet normal 9.89849e-06 0.0453587 -0.998971
      outer loop
         vertex 0.0649053 0.00306182 1.01757
         vertex 0.060625 -2.21275e-05 1.01688
         vertex 0.0594227 0.0110466 1.01779
      endloop
   endfacet
   facet normal 0.681427 0.256071 -0.685627
      outer loop
         vertex 0.0564093 0.0107399 1.0159
         vertex 0.0575 -2.14765e-05 1.015
         vertex 0.0564062 -2.15124e-05 1.01359
      endloop
   endfacet
   facet normal 0 -0.382683 -0.92388
      outer loop
         vertex -0.08 -0.0258311 1.02264
         vertex -0.0626755 -0.0150109 1.01919
         vertex -0.0590205 -0.0223663 1.02178
      endloop
   endfacet
   facet normal 0 1.22465e-16 -1
      outer loop
         vertex -0.08 0 1.0175
         vertex -0.065 -1.41614e-16 1.0175
         vertex -0.0631913 -0.0116799 1.01882
      endloop
   endfacet
   facet normal 0 -0.173789 -0.984783
      outer loop
         vertex -0.0631913 -0.0116799 1.01882
         vertex -0.08 -0.0258311 1.02264
         vertex -0.08 0 1.0175
      endloop
   endfacet
   facet normal 0 -0.173789 -0.984783
      outer loop
         vertex -0.0631913 -0.0116799 1.01882
         vertex -0.0626755 -0.0150109 1.01919
         vertex -0.08 -0.0258311 1.02264
      endloop
   endfacet
   facet normal 0 -0.707107 -0.707107
      outer loop
         vertex -0.08 -0.0477297 1.03727
         vertex -0.0554695 -0.0295125 1.02429
         vertex -0.0448851 -0.0396634 1.03114
      endloop
   endfacet
   facet normal 0 -0.707107 -0.707107
      outer loop
         vertex -0.08 -0.0477297 1.03727
         vertex -0.08 -0.0258311 1.02264
         vertex -0.0573553 -0.0257174 1.02296
      endloop
   endfacet
   facet normal 0 -0.382922 -0.923781
      outer loop
         vertex -0.0573553 -0.0257174 1.02296
         vertex -0.0554695 -0.0295125 1.02429
         vertex -0.08 -0.0477297 1.03727
      endloop
   endfacet
   facet normal 0 -0.593007 -0.805197
      outer loop
         vertex -0.0448851 -0.0396634 1.03114
         vertex -0.0390535 -0.0452561 1.03492
         vertex -0.08 -0.0477297 1.03727
      endloop
   endfacet
   facet normal 0 -0.707107 -0.707107
      outer loop
         vertex 0.08 -0.0477297 1.03727
         vertex 0.0559773 -0.0287762 1.02394
         vertex 0.0573528 -0.0257254 1.02296
      endloop
   endfacet
   facet normal 0 -0.707107 -0.707107
      outer loop
         vertex 0.08 -0.0477297 1.03727
         vertex 0.0380046 -0.0459282 1.03553
         vertex 0.044652 -0.0395843 1.03125
      endloop
   endfacet
   facet normal 0 -0.592971 -0.805224
      outer loop
         vertex 0.044652 -0.0395843 1.03125
         vertex 0.0559773 -0.0287762 1.02394
         vertex 0.08 -0.0477297 1.03727
      endloop
   endfacet
   facet normal 0 -0.707107 -0.707107
      outer loop
         vertex 0.08 -0.0477297 1.03727
         vertex 0.0339477 -0.0475785 1.03741
         vertex 0.0380046 -0.0459282 1.03553
      endloop
   endfacet
   facet normal 0 1.22465e-16 -1
      outer loop
         vertex 0.08 8.26637e-18 1.0175
         vertex 0.08 -0.0258311 1.02264
         vertex 0.0635336 -0.0117784 1.01857
      endloop
   endfacet
   facet normal 0 -0.382683 -0.92388
      outer loop
         vertex 0.08 -0.0258311 1.02264
         vertex 0.0635059 -0.0120775 1.01859
         vertex 0.0635336 -0.0117784 1.01857
      endloop
   endfacet
   facet normal 0 -0.382683 -0.92388
      outer loop
         vertex 0.08 -0.0258311 1.02264
         vertex 0.0573528 -0.0257254 1.02296
         vertex 0.0588908 -0.0223139 1.02187
      endloop
   endfacet
   facet normal 0 -0.333254 -0.942837
      outer loop
         vertex 0.0588908 -0.0223139 1.02187
         vertex 0.0635059 -0.0120775 1.01859
         vertex 0.08 -0.0258311 1.02264
      endloop
   endfacet
   facet normal 0 0.382683 -0.92388
      outer loop
         vertex 0.08 0.0258311 1.02264
         vertex 0.0616535 0.0179342 1.01993
         vertex 0.0590193 0.0223003 1.02177
      endloop
   endfacet
   facet normal 0 1.22465e-16 -1
      outer loop
         vertex 0.08 8.26637e-18 1.0175
         vertex 0.0649053 0.00306182 1.01757
         vertex 0.0630341 0.0116197 1.01893
      endloop
   endfacet
   facet normal 0 0.1732 -0.984887
      outer loop
         vertex 0.0630341 0.0116197 1.01893
         vertex 0.08 0.0258311 1.02264
         vertex 0.08 8.26637e-18 1.0175
      endloop
   endfacet
   facet normal 0 0.1732 -0.984887
      outer loop
         vertex 0.0630341 0.0116197 1.01893
         vertex 0.0616535 0.0179342 1.01993
         vertex 0.08 0.0258311 1.02264
      endloop
   endfacet
   facet normal 0 1.22465e-16 -1
      outer loop
         vertex 0.08 8.26637e-18 1.0175
         vertex 0.064624 1.84375e-05 1.01777
         vertex 0.0649053 0.00306182 1.01757
      endloop
   endfacet
   facet normal 0 0.707107 -0.707107
      outer loop
         vertex 0.08 0.0477297 1.03727
         vertex 0.0519328 0.0340461 1.02672
         vertex 0.0447905 0.0394783 1.03106
      endloop
   endfacet
   facet normal 0 0.707107 -0.707107
      outer loop
         vertex 0.08 0.0477297 1.03727
         vertex 0.08 0.0258311 1.02264
         vertex 0.0570218 0.0256111 1.02316
      endloop
   endfacet
   facet normal 0 0.382639 -0.923898
      outer loop
         vertex 0.0570218 0.0256111 1.02316
         vertex 0.0519328 0.0340461 1.02672
         vertex 0.08 0.0477297 1.03727
      endloop
   endfacet
   facet normal 0 0.382683 -0.92388
      outer loop
         vertex -0.08 0.0258311 1.02264
         vertex -0.08 0.0477297 1.03727
         vertex -0.0573988 0.0265671 1.02295
      endloop
   endfacet
   facet normal 0 0.707107 -0.707107
      outer loop
         vertex -0.08 0.0477297 1.03727
         vertex -0.0405748 0.0442295 1.03401
         vertex -0.0447866 0.0398079 1.03124
      endloop
   endfacet
   facet normal 0 0.595094 -0.803656
      outer loop
         vertex -0.0447866 0.0398079 1.03124
         vertex -0.0573988 0.0265671 1.02295
         vertex -0.08 0.0477297 1.03727
      endloop
   endfacet
   facet normal 0 0.707107 -0.707107
      outer loop
         vertex -0.08 0.0477297 1.03727
         vertex -0.0335351 0.0474803 1.03751
         vertex -0.0405748 0.0442295 1.03401
      endloop
   endfacet
   facet normal 0 1.22465e-16 -1
      outer loop
         vertex -0.08 0 1.0175
         vertex -0.08 0.0258311 1.02264
         vertex -0.0639929 0.00993761 1.01824
      endloop
   endfacet
   facet normal 0 0.382683 -0.92388
      outer loop
         vertex -0.08 0.0258311 1.02264
         vertex -0.0590362 0.0224377 1.02178
         vertex -0.0633286 0.0116127 1.01871
      endloop
   endfacet
   facet normal 0 0.382683 -0.92388
      outer loop
         vertex -0.08 0.0258311 1.02264
         vertex -0.0577014 0.0258041 1.02273
         vertex -0.0590362 0.0224377 1.02178
      endloop
   endfacet
   facet normal 0 0.172553 -0.985
      outer loop
         vertex -0.0633286 0.0116127 1.01871
         vertex -0.0639929 0.00993761 1.01824
         vertex -0.08 0.0258311 1.02264
      endloop
   endfacet
   facet normal 0 0.382683 0.92388
      outer loop
         vertex 0.0625 0.0258311 1.14736
         vertex 0.08 0.0258311 1.14736
         vertex 0.08 0.0477297 1.13273
      endloop
   endfacet
   facet normal 0 0 1
      outer loop
         vertex 0.0625 0 1.1525
         vertex 0.08 -1.65327e-17 1.1525
         vertex 0.08 0.0258311 1.14736
      endloop
   endfacet
   facet normal 0 -0.382683 0.92388
      outer loop
         vertex 0.0625 -0.0258311 1.14736
         vertex 0.08 -0.0258311 1.14736
         vertex 0.08 -1.65327e-17 1.1525
      endloop
   endfacet
   facet normal 0 -0.707107 0.707107
      outer loop
         vertex 0.0625 -0.0477297 1.13273
         vertex 0.08 -0.0477297 1.13273
         vertex 0.08 -0.0258311 1.14736
      endloop
   endfacet
   facet normal 0 -0.707107 0.707107
      outer loop
         vertex 0.08 -0.0477297 1.13273
         vertex 0.0625 -0.0477297 1.13273
         vertex 0.0625 -0.0604669 1.115
      endloop
   endfacet
   facet normal 0 -0.895806 0.444444
      outer loop
         vertex 0.0625 -0.0604669 1.115
         vertex 0.08 -0.0623619 1.11083
         vertex 0.08 -0.0477297 1.13273
      endloop
   endfacet
   facet normal 0 -1 -1.83697e-16
      outer loop
         vertex 0.08 -0.0675 1.085
         vertex 0.0609043 -0.0655843 1.10097
         vertex 0.0572192 -0.0667464 1.09128
      endloop
   endfacet
   facet normal 0 -0.92388 0.382683
      outer loop
         vertex 0.08 -0.0623619 1.11083
         vertex 0.0623608 -0.0623619 1.11083
         vertex 0.0609043 -0.0655843 1.10097
      endloop
   endfacet
   facet normal 0 -0.971619 0.236553
      outer loop
         vertex 0.0609043 -0.0655843 1.10097
         vertex 0.08 -0.0675 1.085
         vertex 0.08 -0.0623619 1.11083
      endloop
   endfacet
   facet normal 0 -0.92388 -0.382683
      outer loop
         vertex 0.08 -0.0623619 1.05917
         vertex 0.08 -0.0675 1.085
         vertex 0.0548293 -0.0675 1.085
      endloop
   endfacet
   facet normal 0 -1 0
      outer loop
         vertex 0.0548293 -0.0675 1.085
         vertex 0.0441942 -0.0659907 1.07081
         vertex 0.08 -0.0623619 1.05917
      endloop
   endfacet
   facet normal 0 -0.92388 -0.382683
      outer loop
         vertex 0.08 -0.0623619 1.05917
         vertex 0.0268706 -0.0621842 1.05923
         vertex 0.0339477 -0.0475785 1.03741
      endloop
   endfacet
   facet normal 0 -0.923817 -0.382834
      outer loop
         vertex 0.0268706 -0.0621842 1.05923
         vertex 0.0248195 -0.0512918 1.04162
         vertex 0.0339477 -0.0475785 1.03741
      endloop
   endfacet
   facet normal 0 -0.763558 -0.645739
      outer loop
         vertex 0.0248195 -0.0512918 1.04162
         vertex 0.0268706 -0.0621842 1.05923
         vertex 0.0239177 -0.0615354 1.05726
      endloop
   endfacet
   facet normal 0 -0.911636 -0.411
      outer loop
         vertex 0.0239177 -0.0615354 1.05726
         vertex 0.0160449 -0.0548612 1.04567
         vertex 0.0248195 -0.0512918 1.04162
      endloop
   endfacet
   facet normal 0 -0.886097 -0.463499
      outer loop
         vertex 0.0122577 -0.0598116 1.05371
         vertex 0 -0.0591608 1.0525
         vertex 0.000181636 -0.0566127 1.04824
      endloop
   endfacet
   facet normal 0 -0.886097 -0.463499
      outer loop
         vertex 0.0122577 -0.0598116 1.05371
         vertex 0.0131748 -0.0551781 1.04614
         vertex 0.0160449 -0.0548612 1.04567
      endloop
   endfacet
   facet normal 0 -0.812758 -0.582601
      outer loop
         vertex 0.0160449 -0.0548612 1.04567
         vertex 0.0239177 -0.0615354 1.05726
         vertex 0.0122577 -0.0598116 1.05371
      endloop
   endfacet
   facet normal 0 -0.838706 -0.544584
      outer loop
         vertex 0.000181636 -0.0566127 1.04824
         vertex 0.0131748 -0.0551781 1.04614
         vertex 0.0122577 -0.0598116 1.05371
      endloop
   endfacet
   facet normal 0 -0.838161 -0.545422
      outer loop
         vertex -0.000139867 -0.0565743 1.04818
         vertex 0 -0.0591608 1.0525
         vertex -0.0122474 -0.0598105 1.05371
      endloop
   endfacet
   facet normal 0 -0.886081 -0.46353
      outer loop
         vertex -0.0122474 -0.0598105 1.05371
         vertex -0.0176437 -0.0544877 1.04516
         vertex -0.000139867 -0.0565743 1.04818
      endloop
   endfacet
   facet normal 0 -0.838161 -0.545422
      outer loop
         vertex -0.000139867 -0.0565743 1.04818
         vertex 0.000181636 -0.0566127 1.04824
         vertex 0 -0.0591608 1.0525
      endloop
   endfacet
   facet normal 0 -0.763415 -0.645909
      outer loop
         vertex -0.025068 -0.0512864 1.04161
         vertex -0.0176437 -0.0544877 1.04516
         vertex -0.0237716 -0.0616662 1.05768
      endloop
   endfacet
   facet normal 0 -0.92388 -0.382683
      outer loop
         vertex -0.08 -0.0623619 1.05917
         vertex -0.08 -0.0477297 1.03727
         vertex -0.0337641 -0.0475368 1.03745
      endloop
   endfacet
   facet normal 0 -0.706998 -0.707216
      outer loop
         vertex -0.0337641 -0.0475368 1.03745
         vertex -0.0280915 -0.0623619 1.05917
         vertex -0.08 -0.0623619 1.05917
      endloop
   endfacet
   facet normal 0 -0.706998 -0.707216
      outer loop
         vertex -0.0337641 -0.0475368 1.03745
         vertex -0.025068 -0.0512864 1.04161
         vertex -0.0280915 -0.0623619 1.05917
      endloop
   endfacet
   facet normal 0 -0.914296 -0.405046
      outer loop
         vertex -0.0237716 -0.0616662 1.05768
         vertex -0.0280915 -0.0623619 1.05917
         vertex -0.025068 -0.0512864 1.04161
      endloop
   endfacet
   facet normal 0 -0.886081 -0.46353
      outer loop
         vertex -0.0122474 -0.0598105 1.05371
         vertex -0.0237716 -0.0616662 1.05768
         vertex -0.0176437 -0.0544877 1.04516
      endloop
   endfacet
   facet normal 0 -0.92388 -0.382683
      outer loop
         vertex -0.08 -0.0623619 1.05917
         vertex -0.0441942 -0.0659907 1.07081
         vertex -0.0548293 -0.0675 1.085
      endloop
   endfacet
   facet normal 0 -0.92388 -0.382683
      outer loop
         vertex -0.08 -0.0623619 1.05917
         vertex -0.0280915 -0.0623619 1.05917
         vertex -0.0441942 -0.0659907 1.07081
      endloop
   endfacet
   facet normal 0 -0.92388 0.382683
      outer loop
         vertex -0.08 -0.0623619 1.11083
         vertex -0.08 -0.0675 1.085
         vertex -0.0608878 -0.0656016 1.1009
      endloop
   endfacet
   facet normal 0 -1 3.28955e-15
      outer loop
         vertex -0.08 -0.0675 1.085
         vertex -0.0548293 -0.0675 1.085
         vertex -0.0577425 -0.0672254 1.09108
      endloop
   endfacet
   facet normal 0 -0.995932 0.0901079
      outer loop
         vertex -0.0577425 -0.0672254 1.09108
         vertex -0.0608878 -0.0656016 1.1009
         vertex -0.08 -0.0675 1.085
      endloop
   endfacet
   facet normal 0 -0.707107 0.707107
      outer loop
         vertex -0.08 -0.0477297 1.13273
         vertex -0.08 -0.0623619 1.11083
         vertex -0.0625 -0.0604669 1.115
      endloop
   endfacet
   facet normal 0 -0.92388 0.382683
      outer loop
         vertex -0.08 -0.0623619 1.11083
         vertex -0.0620096 -0.0620288 1.11071
         vertex -0.0625 -0.0604669 1.115
      endloop
   endfacet
   facet normal 0 -0.707107 0.707107
      outer loop
         vertex -0.08 -0.0477297 1.13273
         vertex -0.0625 -0.0477297 1.13273
         vertex -0.0625 -0.0258311 1.14736
      endloop
   endfacet
   facet normal 0 -0.382683 0.92388
      outer loop
         vertex -0.08 -0.0258311 1.14736
         vertex -0.0625 -0.0258311 1.14736
         vertex -0.0625 0 1.1525
      endloop
   endfacet
   facet normal 0 0 1
      outer loop
         vertex -0.08 8.26637e-18 1.1525
         vertex -0.0625 0 1.1525
         vertex -0.0625 0.0258311 1.14736
      endloop
   endfacet
   facet normal 0 0.382683 0.92388
      outer loop
         vertex -0.08 0.0258311 1.14736
         vertex -0.0625 0.0258311 1.14736
         vertex -0.0625 0.0477297 1.13273
      endloop
   endfacet
   facet normal 0 0.707107 0.707107
      outer loop
         vertex -0.08 0.0477297 1.13273
         vertex -0.0625 0.0477297 1.13273
         vertex -0.0625 0.0604669 1.115
      endloop
   endfacet
   facet normal 0 0.895806 0.444444
      outer loop
         vertex -0.0625 0.0604669 1.115
         vertex -0.08 0.0623619 1.11083
         vertex -0.08 0.0477297 1.13273
      endloop
   endfacet
   facet normal 0 1 6.12323e-17
      outer loop
         vertex -0.08 0.0675 1.085
         vertex -0.0609043 0.0655843 1.10097
         vertex -0.0572192 0.0667464 1.09128
      endloop
   endfacet
   facet normal 0 0.92388 0.382683
      outer loop
         vertex -0.08 0.0623619 1.11083
         vertex -0.0623608 0.0623619 1.11083
         vertex -0.0609043 0.0655843 1.10097
      endloop
   endfacet
   facet normal 0 0.971619 0.236553
      outer loop
         vertex -0.0609043 0.0655843 1.10097
         vertex -0.08 0.0675 1.085
         vertex -0.08 0.0623619 1.11083
      endloop
   endfacet
   facet normal 0 0.92388 -0.382683
      outer loop
         vertex -0.08 0.0623619 1.05917
         vertex -0.08 0.0675 1.085
         vertex -0.0548293 0.0675 1.085
      endloop
   endfacet
   facet normal 0 1 0
      outer loop
         vertex -0.0548293 0.0675 1.085
         vertex -0.0441942 0.0659907 1.07081
         vertex -0.08 0.0623619 1.05917
      endloop
   endfacet
   facet normal 0 0.92388 -0.382683
      outer loop
         vertex -0.08 0.0623619 1.05917
         vertex -0.0268706 0.0621842 1.05923
         vertex -0.0335351 0.0474803 1.03751
      endloop
   endfacet
   facet normal 0 0.923817 -0.382834
      outer loop
         vertex -0.0268706 0.0621842 1.05923
         vertex -0.0192668 0.0540691 1.04459
         vertex -0.0335351 0.0474803 1.03751
      endloop
   endfacet
   facet normal 0 0.886097 -0.463499
      outer loop
         vertex -0.0122577 0.0598116 1.05371
         vertex 0 0.0591608 1.0525
         vertex -0.00355196 0.0565278 1.04811
      endloop
   endfacet
   facet normal 0 0.911636 -0.411
      outer loop
         vertex -0.0239177 0.0615354 1.05726
         vertex -0.0122577 0.0598116 1.05371
         vertex -0.0131399 0.0550277 1.04596
      endloop
   endfacet
   facet normal 0 0.815618 -0.578591
      outer loop
         vertex -0.0131399 0.0550277 1.04596
         vertex -0.0192668 0.0540691 1.04459
         vertex -0.0239177 0.0615354 1.05726
      endloop
   endfacet
   facet normal 0 0.801024 -0.598632
      outer loop
         vertex -0.0192668 0.0540691 1.04459
         vertex -0.0268706 0.0621842 1.05923
         vertex -0.0239177 0.0615354 1.05726
      endloop
   endfacet
   facet normal 0 0.837449 -0.546516
      outer loop
         vertex -0.00355196 0.0565278 1.04811
         vertex -0.0131399 0.0550277 1.04596
         vertex -0.0122577 0.0598116 1.05371
      endloop
   endfacet
   facet normal 0 0.823038 -0.567987
      outer loop
         vertex 0.0125065 0.055555 1.04666
         vertex -0.00355196 0.0565278 1.04811
         vertex 0 0.0591608 1.0525
      endloop
   endfacet
   facet normal 0 0.731973 -0.681334
      outer loop
         vertex 0.0317346 0.0494081 1.03901
         vertex 0.0237716 0.0616662 1.05768
         vertex 0.0280915 0.0623619 1.05917
      endloop
   endfacet
   facet normal 0 0.914296 -0.405046
      outer loop
         vertex 0.0237716 0.0616662 1.05768
         vertex 0.0133894 0.0552728 1.04631
         vertex 0.0125065 0.055555 1.04666
      endloop
   endfacet
   facet normal 0 0.914296 -0.405046
      outer loop
         vertex 0.0237716 0.0616662 1.05768
         vertex 0.0317346 0.0494081 1.03901
         vertex 0.0133894 0.0552728 1.04631
      endloop
   endfacet
   facet normal 0 0.823038 -0.567987
      outer loop
         vertex 0.0125065 0.055555 1.04666
         vertex 0.0122474 0.0598105 1.05371
         vertex 0.0237716 0.0616662 1.05768
      endloop
   endfacet
   facet normal 0 0.92388 -0.382683
      outer loop
         vertex 0.08 0.0623619 1.05917
         vertex 0.08 0.0477297 1.03727
         vertex 0.0342017 0.0475318 1.03751
      endloop
   endfacet
   facet normal 0 0.707404 -0.706809
      outer loop
         vertex 0.0342017 0.0475318 1.03751
         vertex 0.0317346 0.0494081 1.03901
         vertex 0.08 0.0623619 1.05917
      endloop
   endfacet
   facet normal 0 0.92388 -0.382683
      outer loop
         vertex 0.0280915 0.0623619 1.05917
         vertex 0.08 0.0623619 1.05917
         vertex 0.0317346 0.0494081 1.03901
      endloop
   endfacet
   facet normal 0 0.876456 -0.481481
      outer loop
         vertex 0 0.0591608 1.0525
         vertex 0.0122474 0.0598105 1.05371
         vertex 0.0125065 0.055555 1.04666
      endloop
   endfacet
   facet normal 0 0.92388 -0.382683
      outer loop
         vertex 0.08 0.0623619 1.05917
         vertex 0.0441942 0.0659907 1.07081
         vertex 0.0548293 0.0675 1.085
      endloop
   endfacet
   facet normal 0 0.92388 -0.382683
      outer loop
         vertex 0.08 0.0623619 1.05917
         vertex 0.0280915 0.0623619 1.05917
         vertex 0.0441942 0.0659907 1.07081
      endloop
   endfacet
   facet normal 0 0.92388 0.382683
      outer loop
         vertex 0.08 0.0623619 1.11083
         vertex 0.08 0.0675 1.085
         vertex 0.0608878 0.0656016 1.1009
      endloop
   endfacet
   facet normal 0 1 3.28955e-15
      outer loop
         vertex 0.08 0.0675 1.085
         vertex 0.0548293 0.0675 1.085
         vertex 0.0577425 0.0672254 1.09108
      endloop
   endfacet
   facet normal 0 0.995932 0.0901079
      outer loop
         vertex 0.0577425 0.0672254 1.09108
         vertex 0.0608878 0.0656016 1.1009
         vertex 0.08 0.0675 1.085
      endloop
   endfacet
   facet normal 0 0.707107 0.707107
      outer loop
         vertex 0.08 0.0477297 1.13273
         vertex 0.08 0.0623619 1.11083
         vertex 0.0625 0.0604669 1.115
      endloop
   endfacet
   facet normal 0 0.92388 0.382683
      outer loop
         vertex 0.08 0.0623619 1.11083
         vertex 0.0620096 0.0620288 1.11071
         vertex 0.0625 0.0604669 1.115
      endloop
   endfacet
   facet normal 0 0.895806 0.444444
      outer loop
         vertex 0.0625 0.0604669 1.115
         vertex 0.0625 0.0477297 1.13273
         vertex 0.08 0.0477297 1.13273
      endloop
   endfacet
   facet normal 0 0.971876 0.235493
      outer loop
         vertex 0.0608878 0.0656016 1.1009
         vertex 0.0620096 0.0620288 1.11071
         vertex 0.08 0.0623619 1.11083
      endloop
   endfacet
   facet normal 0 1 3.28955e-15
      outer loop
         vertex 0.0548293 0.0675 1.085
         vertex 0.08 0.0675 1.085
         vertex 0.08 0.0623619 1.05917
      endloop
   endfacet
   facet normal 0 0.707005 -0.707208
      outer loop
         vertex -0.0335351 0.0474803 1.03751
         vertex -0.08 0.0477297 1.03727
         vertex -0.08 0.0623619 1.05917
      endloop
   endfacet
   facet normal 0 0.97764 -0.210284
      outer loop
         vertex -0.0441942 0.0659907 1.07081
         vertex -0.0268706 0.0621842 1.05923
         vertex -0.08 0.0623619 1.05917
      endloop
   endfacet
   facet normal 0 0.995601 0.0936954
      outer loop
         vertex -0.0572192 0.0667464 1.09128
         vertex -0.0548293 0.0675 1.085
         vertex -0.08 0.0675 1.085
      endloop
   endfacet
   facet normal 0 0.895806 0.444444
      outer loop
         vertex -0.0625 0.0604669 1.115
         vertex -0.0623608 0.0623619 1.11083
         vertex -0.08 0.0623619 1.11083
      endloop
   endfacet
   facet normal 0 0.707107 0.707107
      outer loop
         vertex -0.0625 0.0477297 1.13273
         vertex -0.08 0.0477297 1.13273
         vertex -0.08 0.0258311 1.14736
      endloop
   endfacet
   facet normal 0 0.382683 0.92388
      outer loop
         vertex -0.0625 0.0258311 1.14736
         vertex -0.08 0.0258311 1.14736
         vertex -0.08 8.26637e-18 1.1525
      endloop
   endfacet
   facet normal 0 0 1
      outer loop
         vertex -0.0625 0 1.1525
         vertex -0.08 8.26637e-18 1.1525
         vertex -0.08 -0.0258311 1.14736
      endloop
   endfacet
   facet normal 0 -0.382683 0.92388
      outer loop
         vertex -0.0625 -0.0258311 1.14736
         vertex -0.08 -0.0258311 1.14736
         vertex -0.08 -0.0477297 1.13273
      endloop
   endfacet
   facet normal 0 -0.895806 0.444444
      outer loop
         vertex -0.0625 -0.0604669 1.115
         vertex -0.0625 -0.0477297 1.13273
         vertex -0.08 -0.0477297 1.13273
      endloop
   endfacet
   facet normal 0 -0.971876 0.235493
      outer loop
         vertex -0.0608878 -0.0656016 1.1009
         vertex -0.0620096 -0.0620288 1.11071
         vertex -0.08 -0.0623619 1.11083
      endloop
   endfacet
   facet normal 0 -1 3.28955e-15
      outer loop
         vertex -0.0548293 -0.0675 1.085
         vertex -0.08 -0.0675 1.085
         vertex -0.08 -0.0623619 1.05917
      endloop
   endfacet
   facet normal 0 -0.707004 -0.70721
      outer loop
         vertex 0.0339477 -0.0475785 1.03741
         vertex 0.08 -0.0477297 1.03727
         vertex 0.08 -0.0623619 1.05917
      endloop
   endfacet
   facet normal 0 -0.97764 -0.210284
      outer loop
         vertex 0.0441942 -0.0659907 1.07081
         vertex 0.0268706 -0.0621842 1.05923
         vertex 0.08 -0.0623619 1.05917
      endloop
   endfacet
   facet normal 0 -0.995601 0.0936954
      outer loop
         vertex 0.0572192 -0.0667464 1.09128
         vertex 0.0548293 -0.0675 1.085
         vertex 0.08 -0.0675 1.085
      endloop
   endfacet
   facet normal 0 -0.895806 0.444444
      outer loop
         vertex 0.0625 -0.0604669 1.115
         vertex 0.0623608 -0.0623619 1.11083
         vertex 0.08 -0.0623619 1.11083
      endloop
   endfacet
   facet normal 0 -0.382683 0.92388
      outer loop
         vertex 0.08 -0.0258311 1.14736
         vertex 0.0625 -0.0258311 1.14736
         vertex 0.0625 -0.0477297 1.13273
      endloop
   endfacet
   facet normal 0 0 1
      outer loop
         vertex 0.08 -1.65327e-17 1.1525
         vertex 0.0625 0 1.1525
         vertex 0.0625 -0.0258311 1.14736
      endloop
   endfacet
   facet normal 0 0.382683 0.92388
      outer loop
         vertex 0.08 0.0258311 1.14736
         vertex 0.0625 0.0258311 1.14736
         vertex 0.0625 0 1.1525
      endloop
   endfacet
   facet normal 0 0.707107 0.707107
      outer loop
         vertex 0.08 0.0477297 1.13273
         vertex 0.0625 0.0477297 1.13273
         vertex 0.0625 0.0258311 1.14736
      endloop
   endfacet
   facet normal 0 0.147224 -0.989103
      outer loop
         vertex -0.0639929 0.00993761 1.01824
         vertex -0.065 -1.41614e-16 1.0175
         vertex -0.08 0 1.0175
      endloop
   endfacet
   facet normal 0 0.393586 -0.919288
      outer loop
         vertex -0.0573988 0.0265671 1.02295
         vertex -0.0577014 0.0258041 1.02273
         vertex -0.08 0.0258311 1.02264
      endloop
   endfacet
   facet normal 0 0.590627 -0.806945
      outer loop
         vertex 0.0447905 0.0394783 1.03106
         vertex 0.0342017 0.0475318 1.03751
         vertex 0.08 0.0477297 1.03727
      endloop
   endfacet
   facet normal 0 0.332587 -0.943073
      outer loop
         vertex 0.0590193 0.0223003 1.02177
         vertex 0.0570218 0.0256111 1.02316
         vertex 0.08 0.0258311 1.02264
      endloop
   endfacet
   facet normal 0 -0.174581 -0.984643
      outer loop
         vertex 0.0635336 -0.0117784 1.01857
         vertex 0.064624 1.84375e-05 1.01777
         vertex 0.08 8.26637e-18 1.0175
      endloop
   endfacet
   facet normal 0 -0.383051 -0.923727
      outer loop
         vertex 0.0573528 -0.0257254 1.02296
         vertex 0.08 -0.0258311 1.02264
         vertex 0.08 -0.0477297 1.03727
      endloop
   endfacet
   facet normal 0 -0.670461 -0.741945
      outer loop
         vertex -0.0390535 -0.0452561 1.03492
         vertex -0.0337641 -0.0475368 1.03745
         vertex -0.08 -0.0477297 1.03727
      endloop
   endfacet
   facet normal 0 -0.333522 -0.942742
      outer loop
         vertex -0.0590205 -0.0223663 1.02178
         vertex -0.0573553 -0.0257174 1.02296
         vertex -0.08 -0.0258311 1.02264
      endloop
   endfacet
   facet normal -0.997615 0 0.0690209
      outer loop
         vertex 0.0620096 0.0620288 1.11071
         vertex 0.0608878 0.0656016 1.1009
         vertex 0.0615713 0.0620793 1.10427
      endloop
   endfacet
   facet normal -1 0 0
      outer loop
         vertex 0.0625 0.0576628 1.115
         vertex 0.0625 0.0604669 1.115
         vertex 0.0620096 0.0620288 1.11071
      endloop
   endfacet
   facet normal -0.936765 0 0.34996
      outer loop
         vertex 0.0583572 0.0642917 1.0932
         vertex 0.0615713 0.0620793 1.10427
         vertex 0.0608878 0.0656016 1.1009
      endloop
   endfacet
   facet normal -0.92388 0 0.382683
      outer loop
         vertex 0.0577425 0.0672254 1.09108
         vertex 0.0577425 0.0647148 1.09108
         vertex 0.0583572 0.0642917 1.0932
      endloop
   endfacet
   facet normal -0.974204 0 0.225667
      outer loop
         vertex 0.0608878 0.0656016 1.1009
         vertex 0.0577425 0.0672254 1.09108
         vertex 0.0583572 0.0642917 1.0932
      endloop
   endfacet
   facet normal -0.92388 0 0.382683
      outer loop
         vertex 0.0577425 0.0647148 1.09108
         vertex 0.0577425 0.0672254 1.09108
         vertex 0.0548293 0.0675 1.085
      endloop
   endfacet
   facet normal -0.707107 0 0.707107
      outer loop
         vertex 0.0441942 0.0659907 1.07081
         vertex 0.0439902 0.0633143 1.07098
         vertex 0.0519455 0.0648258 1.08024
      endloop
   endfacet
   facet normal -0.831128 0 0.556082
      outer loop
         vertex 0.0519455 0.0648258 1.08024
         vertex 0.0548293 0.0675 1.085
         vertex 0.0441942 0.0659907 1.07081
      endloop
   endfacet
   facet normal -0.675281 0 0.73756
      outer loop
         vertex 0.0422051 0.0629752 1.0689
         vertex 0.0441942 0.0659907 1.07081
         vertex 0.0280915 0.0623619 1.05917
      endloop
   endfacet
   facet normal -0.449465 0 0.893298
      outer loop
         vertex 0.0280915 0.0623619 1.05917
         vertex 0.0239177 0.0587823 1.05726
         vertex 0.0422051 0.0629752 1.0689
      endloop
   endfacet
   facet normal -0.449465 0 0.893298
      outer loop
         vertex 0.0280915 0.0623619 1.05917
         vertex 0.0237716 0.0616662 1.05768
         vertex 0.0239177 0.0587823 1.05726
      endloop
   endfacet
   facet normal -2.81422e-17 0 1
      outer loop
         vertex 0 0.0591608 1.0525
         vertex 0 0.0562917 1.0525
         vertex 0.0122412 0.0569734 1.05371
      endloop
   endfacet
   facet normal -0.382683 0 0.92388
      outer loop
         vertex 0.0239177 0.0587823 1.05726
         vertex 0.0237716 0.0616662 1.05768
         vertex 0.0122474 0.0598105 1.05371
      endloop
   endfacet
   facet normal -0.195959 0 0.980612
      outer loop
         vertex 0.0122474 0.0598105 1.05371
         vertex 0.0122412 0.0569734 1.05371
         vertex 0.0239177 0.0587823 1.05726
      endloop
   endfacet
   facet normal 0.196123 0 0.980579
      outer loop
         vertex -0.0122577 0.0598116 1.05371
         vertex -0.0239177 0.0615354 1.05726
         vertex -0.0239177 0.0587823 1.05726
      endloop
   endfacet
   facet normal -2.81422e-17 0 1
      outer loop
         vertex 0 0.0591608 1.0525
         vertex -0.0122577 0.0598116 1.05371
         vertex -0.0122571 0.0569751 1.05371
      endloop
   endfacet
   facet normal 0.196114 0 0.980581
      outer loop
         vertex -0.0122571 0.0569751 1.05371
         vertex 0 0.0562917 1.0525
         vertex 0 0.0591608 1.0525
      endloop
   endfacet
   facet normal 0.434061 0 0.900884
      outer loop
         vertex -0.0268706 0.0621842 1.05923
         vertex -0.0441942 0.0659907 1.07081
         vertex -0.0414314 0.0627978 1.06896
      endloop
   endfacet
   facet normal 0.382683 0 0.92388
      outer loop
         vertex -0.0239177 0.0587823 1.05726
         vertex -0.0239177 0.0615354 1.05726
         vertex -0.0268706 0.0621842 1.05923
      endloop
   endfacet
   facet normal 0.707107 0 0.707107
      outer loop
         vertex -0.0441942 0.0659907 1.07081
         vertex -0.0441942 0.0634313 1.07081
         vertex -0.0414314 0.0627978 1.06896
      endloop
   endfacet
   facet normal 0.707107 0 0.707107
      outer loop
         vertex -0.0441942 0.0659907 1.07081
         vertex -0.0548293 0.0675 1.085
         vertex -0.0519197 0.064823 1.08021
      endloop
   endfacet
   facet normal 0.923992 0 0.382412
      outer loop
         vertex -0.0575393 0.0645307 1.09119
         vertex -0.0519197 0.064823 1.08021
         vertex -0.0548293 0.0675 1.085
      endloop
   endfacet
   facet normal 0.877268 0 0.48
      outer loop
         vertex -0.0548293 0.0675 1.085
         vertex -0.0572192 0.0667464 1.09128
         vertex -0.0575393 0.0645307 1.09119
      endloop
   endfacet
   facet normal 0.974469 0 0.224523
      outer loop
         vertex -0.0609043 0.0655843 1.10097
         vertex -0.0615599 0.0620995 1.1042
         vertex -0.0585879 0.0644762 1.09324
      endloop
   endfacet
   facet normal 0.937407 0 0.348235
      outer loop
         vertex -0.0585879 0.0644762 1.09324
         vertex -0.0572192 0.0667464 1.09128
         vertex -0.0609043 0.0655843 1.10097
      endloop
   endfacet
   facet normal 0.997773 0 0.0667019
      outer loop
         vertex -0.0623608 0.0623619 1.11083
         vertex -0.0625 0.0576628 1.115
         vertex -0.0615599 0.0620995 1.1042
      endloop
   endfacet
   facet normal 0.984958 0 0.172794
      outer loop
         vertex -0.0615599 0.0620995 1.1042
         vertex -0.0609043 0.0655843 1.10097
         vertex -0.0623608 0.0623619 1.11083
      endloop
   endfacet
   facet normal 0.997773 0 0.0667019
      outer loop
         vertex -0.0623608 0.0623619 1.11083
         vertex -0.0625 0.0604669 1.115
         vertex -0.0625 0.0576628 1.115
      endloop
   endfacet
   facet normal 0.937407 0 0.348235
      outer loop
         vertex -0.0585879 0.0644762 1.09324
         vertex -0.0575393 0.0645307 1.09119
         vertex -0.0572192 0.0667464 1.09128
      endloop
   endfacet
   facet normal 0.830714 0 0.556699
      outer loop
         vertex -0.0519197 0.064823 1.08021
         vertex -0.0441942 0.0634313 1.07081
         vertex -0.0441942 0.0659907 1.07081
      endloop
   endfacet
   facet normal 0.668922 0 0.743332
      outer loop
         vertex -0.0414314 0.0627978 1.06896
         vertex -0.0239177 0.0587823 1.05726
         vertex -0.0268706 0.0621842 1.05923
      endloop
   endfacet
   facet normal 0.382683 0 0.92388
      outer loop
         vertex -0.0239177 0.0587823 1.05726
         vertex -0.0122571 0.0569751 1.05371
         vertex -0.0122577 0.0598116 1.05371
      endloop
   endfacet
   facet normal -0.19586 0 0.980632
      outer loop
         vertex 0.0122412 0.0569734 1.05371
         vertex 0.0122474 0.0598105 1.05371
         vertex 0 0.0591608 1.0525
      endloop
   endfacet
   facet normal -0.675281 0 0.73756
      outer loop
         vertex 0.0422051 0.0629752 1.0689
         vertex 0.0439902 0.0633143 1.07098
         vertex 0.0441942 0.0659907 1.07081
      endloop
   endfacet
   facet normal -0.877268 0 0.48
      outer loop
         vertex 0.0548293 0.0675 1.085
         vertex 0.0519455 0.0648258 1.08024
         vertex 0.0577425 0.0647148 1.09108
      endloop
   endfacet
   facet normal -0.98514 0 0.171751
      outer loop
         vertex 0.0615713 0.0620793 1.10427
         vertex 0.0625 0.0576628 1.115
         vertex 0.0620096 0.0620288 1.11071
      endloop
   endfacet
   facet normal 0.997615 0 0.0690209
      outer loop
         vertex -0.0620096 -0.0620288 1.11071
         vertex -0.0608878 -0.0656016 1.1009
         vertex -0.0615713 -0.0620793 1.10427
      endloop
   endfacet
   facet normal 1 0 0
      outer loop
         vertex -0.0625 -0.0576628 1.115
         vertex -0.0625 -0.0604669 1.115
         vertex -0.0620096 -0.0620288 1.11071
      endloop
   endfacet
   facet normal 0.936765 0 0.34996
      outer loop
         vertex -0.0583572 -0.0642917 1.0932
         vertex -0.0615713 -0.0620793 1.10427
         vertex -0.0608878 -0.0656016 1.1009
      endloop
   endfacet
   facet normal 0.92388 0 0.382683
      outer loop
         vertex -0.0577425 -0.0672254 1.09108
         vertex -0.0577425 -0.0647148 1.09108
         vertex -0.0583572 -0.0642917 1.0932
      endloop
   endfacet
   facet normal 0.974204 0 0.225667
      outer loop
         vertex -0.0608878 -0.0656016 1.1009
         vertex -0.0577425 -0.0672254 1.09108
         vertex -0.0583572 -0.0642917 1.0932
      endloop
   endfacet
   facet normal 0.92388 0 0.382683
      outer loop
         vertex -0.0577425 -0.0647148 1.09108
         vertex -0.0577425 -0.0672254 1.09108
         vertex -0.0548293 -0.0675 1.085
      endloop
   endfacet
   facet normal 0.707107 0 0.707107
      outer loop
         vertex -0.0441942 -0.0659907 1.07081
         vertex -0.0439902 -0.0633143 1.07098
         vertex -0.0519455 -0.0648258 1.08024
      endloop
   endfacet
   facet normal 0.831128 0 0.556082
      outer loop
         vertex -0.0519455 -0.0648258 1.08024
         vertex -0.0548293 -0.0675 1.085
         vertex -0.0441942 -0.0659907 1.07081
      endloop
   endfacet
   facet normal 0.675281 0 0.73756
      outer loop
         vertex -0.0422051 -0.0629752 1.0689
         vertex -0.0441942 -0.0659907 1.07081
         vertex -0.0280915 -0.0623619 1.05917
      endloop
   endfacet
   facet normal 0.449465 0 0.893298
      outer loop
         vertex -0.0280915 -0.0623619 1.05917
         vertex -0.0239177 -0.0587823 1.05726
         vertex -0.0422051 -0.0629752 1.0689
      endloop
   endfacet
   facet normal 0.449465 0 0.893298
      outer loop
         vertex -0.0280915 -0.0623619 1.05917
         vertex -0.0237716 -0.0616662 1.05768
         vertex -0.0239177 -0.0587823 1.05726
      endloop
   endfacet
   facet normal 0 0 1
      outer loop
         vertex 0 -0.0591608 1.0525
         vertex 0 -0.0562917 1.0525
         vertex -0.0122412 -0.0569734 1.05371
      endloop
   endfacet
   facet normal 0.382683 0 0.92388
      outer loop
         vertex -0.0239177 -0.0587823 1.05726
         vertex -0.0237716 -0.0616662 1.05768
         vertex -0.0122474 -0.0598105 1.05371
      endloop
   endfacet
   facet normal 0.195959 0 0.980612
      outer loop
         vertex -0.0122474 -0.0598105 1.05371
         vertex -0.0122412 -0.0569734 1.05371
         vertex -0.0239177 -0.0587823 1.05726
      endloop
   endfacet
   facet normal -0.196123 0 0.980579
      outer loop
         vertex 0.0122577 -0.0598116 1.05371
         vertex 0.0239177 -0.0615354 1.05726
         vertex 0.0239177 -0.0587823 1.05726
      endloop
   endfacet
   facet normal 0 0 1
      outer loop
         vertex 0 -0.0591608 1.0525
         vertex 0.0122577 -0.0598116 1.05371
         vertex 0.0122571 -0.0569751 1.05371
      endloop
   endfacet
   facet normal -0.196114 0 0.980581
      outer loop
         vertex 0.0122571 -0.0569751 1.05371
         vertex 0 -0.0562917 1.0525
         vertex 0 -0.0591608 1.0525
      endloop
   endfacet
   facet normal -0.434061 0 0.900884
      outer loop
         vertex 0.0268706 -0.0621842 1.05923
         vertex 0.0441942 -0.0659907 1.07081
         vertex 0.0414314 -0.0627978 1.06896
      endloop
   endfacet
   facet normal -0.382683 0 0.92388
      outer loop
         vertex 0.0239177 -0.0587823 1.05726
         vertex 0.0239177 -0.0615354 1.05726
         vertex 0.0268706 -0.0621842 1.05923
      endloop
   endfacet
   facet normal -0.707107 0 0.707107
      outer loop
         vertex 0.0441942 -0.0659907 1.07081
         vertex 0.0441942 -0.0634313 1.07081
         vertex 0.0414314 -0.0627978 1.06896
      endloop
   endfacet
   facet normal -0.707107 0 0.707107
      outer loop
         vertex 0.0441942 -0.0659907 1.07081
         vertex 0.0548293 -0.0675 1.085
         vertex 0.0519197 -0.064823 1.08021
      endloop
   endfacet
   facet normal -0.923992 0 0.382412
      outer loop
         vertex 0.0575393 -0.0645307 1.09119
         vertex 0.0519197 -0.064823 1.08021
         vertex 0.0548293 -0.0675 1.085
      endloop
   endfacet
   facet normal -0.877268 0 0.48
      outer loop
         vertex 0.0548293 -0.0675 1.085
         vertex 0.0572192 -0.0667464 1.09128
         vertex 0.0575393 -0.0645307 1.09119
      endloop
   endfacet
   facet normal -0.974469 0 0.224523
      outer loop
         vertex 0.0609043 -0.0655843 1.10097
         vertex 0.0615599 -0.0620995 1.1042
         vertex 0.0585879 -0.0644762 1.09324
      endloop
   endfacet
   facet normal -0.937407 0 0.348235
      outer loop
         vertex 0.0585879 -0.0644762 1.09324
         vertex 0.0572192 -0.0667464 1.09128
         vertex 0.0609043 -0.0655843 1.10097
      endloop
   endfacet
   facet normal -0.997773 0 0.0667019
      outer loop
         vertex 0.0623608 -0.0623619 1.11083
         vertex 0.0625 -0.0576628 1.115
         vertex 0.0615599 -0.0620995 1.1042
      endloop
   endfacet
   facet normal -0.984958 0 0.172794
      outer loop
         vertex 0.0615599 -0.0620995 1.1042
         vertex 0.0609043 -0.0655843 1.10097
         vertex 0.0623608 -0.0623619 1.11083
      endloop
   endfacet
   facet normal -0.997773 0 0.0667019
      outer loop
         vertex 0.0623608 -0.0623619 1.11083
         vertex 0.0625 -0.0604669 1.115
         vertex 0.0625 -0.0576628 1.115
      endloop
   endfacet
   facet normal -0.937407 0 0.348235
      outer loop
         vertex 0.0585879 -0.0644762 1.09324
         vertex 0.0575393 -0.0645307 1.09119
         vertex 0.0572192 -0.0667464 1.09128
      endloop
   endfacet
   facet normal -0.830714 0 0.556699
      outer loop
         vertex 0.0519197 -0.064823 1.08021
         vertex 0.0441942 -0.0634313 1.07081
         vertex 0.0441942 -0.0659907 1.07081
      endloop
   endfacet
   facet normal -0.668922 0 0.743332
      outer loop
         vertex 0.0414314 -0.0627978 1.06896
         vertex 0.0239177 -0.0587823 1.05726
         vertex 0.0268706 -0.0621842 1.05923
      endloop
   endfacet
   facet normal -0.382683 0 0.92388
      outer loop
         vertex 0.0239177 -0.0587823 1.05726
         vertex 0.0122571 -0.0569751 1.05371
         vertex 0.0122577 -0.0598116 1.05371
      endloop
   endfacet
   facet normal 0.19586 0 0.980632
      outer loop
         vertex -0.0122412 -0.0569734 1.05371
         vertex -0.0122474 -0.0598105 1.05371
         vertex 0 -0.0591608 1.0525
      endloop
   endfacet
   facet normal 0.675281 0 0.73756
      outer loop
         vertex -0.0422051 -0.0629752 1.0689
         vertex -0.0439902 -0.0633143 1.07098
         vertex -0.0441942 -0.0659907 1.07081
      endloop
   endfacet
   facet normal 0.877268 0 0.48
      outer loop
         vertex -0.0548293 -0.0675 1.085
         vertex -0.0519455 -0.0648258 1.08024
         vertex -0.0577425 -0.0647148 1.09108
      endloop
   endfacet
   facet normal 0.98514 0 0.171751
      outer loop
         vertex -0.0615713 -0.0620793 1.10427
         vertex -0.0625 -0.0576628 1.115
         vertex -0.0620096 -0.0620288 1.11071
      endloop
   endfacet
   facet normal -1 0 0
      outer loop
         vertex 0.0625 -0.0629752 1.0689
         vertex 0.0625 -0.0121895 1.02115
         vertex 0.0625 -0.0348539 1.03013
      endloop
   endfacet
   facet normal -1 0 0
      outer loop
         vertex 0.0625 -0.0629752 1.0689
         vertex 0.0625 0.0121895 1.02115
         vertex 0.0625 -0.0121895 1.02115
      endloop
   endfacet
   facet normal -1 0 0
      outer loop
         vertex 0.0625 -0.0629752 1.0689
         vertex 0.0625 0.0629752 1.0689
         vertex 0.0625 0.0526153 1.04683
      endloop
   endfacet
   facet normal -1 0 0
      outer loop
         vertex 0.0625 -0.0576628 1.115
         vertex 0.0625 0 1.1525
         vertex 0.0625 0.0576628 1.115
      endloop
   endfacet
   facet normal -1 0 0
      outer loop
         vertex 0.0625 -0.0629752 1.0689
         vertex 0.0625 0.0348539 1.03013
         vertex 0.0625 0.0121895 1.02115
      endloop
   endfacet
   facet normal -1 0 0
      outer loop
         vertex 0.0625 -0.0629752 1.0689
         vertex 0.0625 0.0644762 1.09324
         vertex 0.0625 0.0629752 1.0689
      endloop
   endfacet
   facet normal -1 0 0
      outer loop
         vertex 0.0625 0.0644762 1.09324
         vertex 0.0625 -0.0644762 1.09324
         vertex 0.0625 -0.0576628 1.115
      endloop
   endfacet
   facet normal -1 0 0
      outer loop
         vertex 0.0625 -0.0576628 1.115
         vertex 0.0625 -0.0604669 1.115
         vertex 0.0625 -0.0477297 1.13273
      endloop
   endfacet
   facet normal -1 0 0
      outer loop
         vertex 0.0625 0.0526153 1.04683
         vertex 0.0625 0.0348539 1.03013
         vertex 0.0625 -0.0629752 1.0689
      endloop
   endfacet
   facet normal -1 0 0
      outer loop
         vertex 0.0625 0.0644762 1.09324
         vertex 0.0625 -0.0629752 1.0689
         vertex 0.0625 -0.0644762 1.09324
      endloop
   endfacet
   facet normal -1 0 0
      outer loop
         vertex 0.0625 -0.0477297 1.13273
         vertex 0.0625 0 1.1525
         vertex 0.0625 -0.0576628 1.115
      endloop
   endfacet
   facet normal -1 0 0
      outer loop
         vertex 0.0625 0.0576628 1.115
         vertex 0.0625 0.0644762 1.09324
         vertex 0.0625 -0.0576628 1.115
      endloop
   endfacet
   facet normal -1 0 0
      outer loop
         vertex 0.0625 0.0576628 1.115
         vertex 0.0625 0 1.1525
         vertex 0.0625 0.0477297 1.13273
      endloop
   endfacet
   facet normal -1 0 0
      outer loop
         vertex 0.0625 -0.0348539 1.03013
         vertex 0.0625 -0.0526153 1.04683
         vertex 0.0625 -0.0629752 1.0689
      endloop
   endfacet
   facet normal -1 0 0
      outer loop
         vertex 0.0625 0 1.1525
         vertex 0.0625 0.0258311 1.14736
         vertex 0.0625 0.0477297 1.13273
      endloop
   endfacet
   facet normal -1 0 0
      outer loop
         vertex 0.0625 0.0477297 1.13273
         vertex 0.0625 0.0604669 1.115
         vertex 0.0625 0.0576628 1.115
      endloop
   endfacet
   facet normal -1 0 0
      outer loop
         vertex 0.0625 -0.0477297 1.13273
         vertex 0.0625 -0.0258311 1.14736
         vertex 0.0625 0 1.1525
      endloop
   endfacet
   facet normal 1 0 -2.08647e-16
      outer loop
         vertex -0.0625 0.0629752 1.0689
         vertex -0.0625 0.0121895 1.02115
         vertex -0.0625 0.0348539 1.03013
      endloop
   endfacet
   facet normal 1 0 -2.08647e-16
      outer loop
         vertex -0.0625 0.0629752 1.0689
         vertex -0.0625 -0.0121895 1.02115
         vertex -0.0625 0.0121895 1.02115
      endloop
   endfacet
   facet normal 1 0 -2.08647e-16
      outer loop
         vertex -0.0625 0.0629752 1.0689
         vertex -0.0625 -0.0629752 1.0689
         vertex -0.0625 -0.0526153 1.04683
      endloop
   endfacet
   facet normal 1 0 -2.08647e-16
      outer loop
         vertex -0.0625 0.0576628 1.115
         vertex -0.0625 0 1.1525
         vertex -0.0625 -0.0576628 1.115
      endloop
   endfacet
   facet normal 1 0 -2.08647e-16
      outer loop
         vertex -0.0625 0.0629752 1.0689
         vertex -0.0625 -0.0348539 1.03013
         vertex -0.0625 -0.0121895 1.02115
      endloop
   endfacet
   facet normal 1 0 -2.08647e-16
      outer loop
         vertex -0.0625 0.0629752 1.0689
         vertex -0.0625 -0.0644762 1.09324
         vertex -0.0625 -0.0629752 1.0689
      endloop
   endfacet
   facet normal 1 0 -2.08647e-16
      outer loop
         vertex -0.0625 -0.0644762 1.09324
         vertex -0.0625 0.0644762 1.09324
         vertex -0.0625 0.0576628 1.115
      endloop
   endfacet
   facet normal 1 0 -2.08647e-16
      outer loop
         vertex -0.0625 0.0576628 1.115
         vertex -0.0625 0.0604669 1.115
         vertex -0.0625 0.0477297 1.13273
      endloop
   endfacet
   facet normal 1 0 -2.08647e-16
      outer loop
         vertex -0.0625 -0.0526153 1.04683
         vertex -0.0625 -0.0348539 1.03013
         vertex -0.0625 0.0629752 1.0689
      endloop
   endfacet
   facet normal 1 0 -2.08647e-16
      outer loop
         vertex -0.0625 -0.0644762 1.09324
         vertex -0.0625 0.0629752 1.0689
         vertex -0.0625 0.0644762 1.09324
      endloop
   endfacet
   facet normal 1 0 -2.08647e-16
      outer loop
         vertex -0.0625 0.0477297 1.13273
         vertex -0.0625 0 1.1525
         vertex -0.0625 0.0576628 1.115
      endloop
   endfacet
   facet normal 1 0 -2.08647e-16
      outer loop
         vertex -0.0625 -0.0576628 1.115
         vertex -0.0625 -0.0644762 1.09324
         vertex -0.0625 0.0576628 1.115
      endloop
   endfacet
   facet normal 1 0 -2.08647e-16
      outer loop
         vertex -0.0625 -0.0576628 1.115
         vertex -0.0625 0 1.1525
         vertex -0.0625 -0.0477297 1.13273
      endloop
   endfacet
   facet normal 1 0 -2.08647e-16
      outer loop
         vertex -0.0625 0.0348539 1.03013
         vertex -0.0625 0.0526153 1.04683
         vertex -0.0625 0.0629752 1.0689
      endloop
   endfacet
   facet normal 1 0 -2.08647e-16
      outer loop
         vertex -0.0625 0 1.1525
         vertex -0.0625 -0.0258311 1.14736
         vertex -0.0625 -0.0477297 1.13273
      endloop
   endfacet
   facet normal 1 0 -2.08647e-16
      outer loop
         vertex -0.0625 -0.0477297 1.13273
         vertex -0.0625 -0.0604669 1.115
         vertex -0.0625 -0.0576628 1.115
      endloop
   endfacet
   facet normal 1 0 -2.08647e-16
      outer loop
         vertex -0.0625 0.0477297 1.13273
         vertex -0.0625 0.0258311 1.14736
         vertex -0.0625 0 1.1525
      endloop
   endfacet
   facet normal 0 0.536214 0.844082
      outer loop
         vertex -0.0625 -0.0348539 1.03013
         vertex -0.0625 -0.0526153 1.04683
         vertex 0.0625 -0.0526153 1.04683
      endloop
   endfacet
   facet normal 0 0.187531 0.982259
      outer loop
         vertex -0.0625 -0.0121895 1.02115
         vertex -0.0625 -0.0348539 1.03013
         vertex 0.0625 -0.0348539 1.03013
      endloop
   endfacet
   facet normal 0 -0.187531 0.982259
      outer loop
         vertex -0.0625 0.0121895 1.02115
         vertex -0.0625 -0.0121895 1.02115
         vertex 0.0625 -0.0121895 1.02115
      endloop
   endfacet
   facet normal 0 -0.536214 0.844082
      outer loop
         vertex -0.0625 0.0348539 1.03013
         vertex -0.0625 0.0121895 1.02115
         vertex 0.0625 0.0121895 1.02115
      endloop
   endfacet
   facet normal 0 -0.809466 0.587167
      outer loop
         vertex -0.0625 0.0526153 1.04683
         vertex -0.0625 0.0348539 1.03013
         vertex 0.0625 0.0348539 1.03013
      endloop
   endfacet
   facet normal 0 -0.991941 -0.126697
      outer loop
         vertex 0.0625 0.0644762 1.09324
         vertex 0.0625 0.0576628 1.115
         vertex 0.0615713 0.0620793 1.10427
      endloop
   endfacet
   facet normal 0 -0.968848 0.247654
      outer loop
         vertex 0.0625 0.0629752 1.0689
         vertex 0.0519455 0.0648258 1.08024
         vertex 0.0439902 0.0633143 1.07098
      endloop
   endfacet
   facet normal 0 -0.968848 0.247654
      outer loop
         vertex 0.0625 0.0629752 1.0689
         vertex 0.0625 0.0644762 1.09324
         vertex 0.0577425 0.0647148 1.09108
      endloop
   endfacet
   facet normal 0 -0.991941 -0.126697
      outer loop
         vertex 0.0625 0.0644762 1.09324
         vertex 0.0583572 0.0642917 1.0932
         vertex 0.0577425 0.0647148 1.09108
      endloop
   endfacet
   facet normal 0 -0.995612 -0.0935736
      outer loop
         vertex 0.0577425 0.0647148 1.09108
         vertex 0.0519455 0.0648258 1.08024
         vertex 0.0625 0.0629752 1.0689
      endloop
   endfacet
   facet normal 0 -0.809466 0.587167
      outer loop
         vertex -0.0625 0.0526153 1.04683
         vertex -0.0239177 0.0587823 1.05726
         vertex -0.0414314 0.0627978 1.06896
      endloop
   endfacet
   facet normal 0 -0.809466 0.587167
      outer loop
         vertex -0.0625 0.0526153 1.04683
         vertex 0 0.0562917 1.0525
         vertex -0.0122571 0.0569751 1.05371
      endloop
   endfacet
   facet normal 0 -0.809466 0.587167
      outer loop
         vertex 0.0625 0.0526153 1.04683
         vertex 0.0122412 0.0569734 1.05371
         vertex 0 0.0562917 1.0525
      endloop
   endfacet
   facet normal 0 -0.809466 0.587167
      outer loop
         vertex 0.0625 0.0526153 1.04683
         vertex 0.0239177 0.0587823 1.05726
         vertex 0.0122412 0.0569734 1.05371
      endloop
   endfacet
   facet normal 0 -0.866025 0.5
      outer loop
         vertex 0 0.0562917 1.0525
         vertex -0.0625 0.0526153 1.04683
         vertex 0.0625 0.0526153 1.04683
      endloop
   endfacet
   facet normal 0 -0.809466 0.587167
      outer loop
         vertex 0.0625 0.0526153 1.04683
         vertex 0.0625 0.0629752 1.0689
         vertex 0.0422051 0.0629752 1.0689
      endloop
   endfacet
   facet normal 0 -0.968848 0.247654
      outer loop
         vertex 0.0422051 0.0629752 1.0689
         vertex 0.0239177 0.0587823 1.05726
         vertex 0.0625 0.0526153 1.04683
      endloop
   endfacet
   facet normal 0 -0.876541 0.481328
      outer loop
         vertex -0.0122571 0.0569751 1.05371
         vertex -0.0239177 0.0587823 1.05726
         vertex -0.0625 0.0526153 1.04683
      endloop
   endfacet
   facet normal 0 -0.968848 0.247654
      outer loop
         vertex -0.0625 0.0629752 1.0689
         vertex -0.0519197 0.064823 1.08021
         vertex -0.0575393 0.0645307 1.09119
      endloop
   endfacet
   facet normal 0 -0.995436 -0.0954283
      outer loop
         vertex -0.0575393 0.0645307 1.09119
         vertex -0.0625 0.0644762 1.09324
         vertex -0.0625 0.0629752 1.0689
      endloop
   endfacet
   facet normal 0 -0.968848 0.247654
      outer loop
         vertex -0.0625 0.0629752 1.0689
         vertex -0.0441942 0.0634313 1.07081
         vertex -0.0519197 0.064823 1.08021
      endloop
   endfacet
   facet normal 0 -0.968848 0.247654
      outer loop
         vertex -0.0625 0.0629752 1.0689
         vertex -0.0414314 0.0627978 1.06896
         vertex -0.0441942 0.0634313 1.07081
      endloop
   endfacet
   facet normal 0 -0.991941 -0.126697
      outer loop
         vertex -0.0625 0.0644762 1.09324
         vertex -0.0585879 0.0644762 1.09324
         vertex -0.0615599 0.0620995 1.1042
      endloop
   endfacet
   facet normal 0 0.991941 -0.126697
      outer loop
         vertex -0.0625 -0.0644762 1.09324
         vertex -0.0625 -0.0576628 1.115
         vertex -0.0615713 -0.0620793 1.10427
      endloop
   endfacet
   facet normal 0 0.968848 0.247654
      outer loop
         vertex -0.0625 -0.0629752 1.0689
         vertex -0.0519455 -0.0648258 1.08024
         vertex -0.0439902 -0.0633143 1.07098
      endloop
   endfacet
   facet normal 0 0.968848 0.247654
      outer loop
         vertex -0.0625 -0.0629752 1.0689
         vertex -0.0625 -0.0644762 1.09324
         vertex -0.0577425 -0.0647148 1.09108
      endloop
   endfacet
   facet normal 0 0.991941 -0.126697
      outer loop
         vertex -0.0625 -0.0644762 1.09324
         vertex -0.0583572 -0.0642917 1.0932
         vertex -0.0577425 -0.0647148 1.09108
      endloop
   endfacet
   facet normal 0 0.995612 -0.0935736
      outer loop
         vertex -0.0577425 -0.0647148 1.09108
         vertex -0.0519455 -0.0648258 1.08024
         vertex -0.0625 -0.0629752 1.0689
      endloop
   endfacet
   facet normal 0 0.809466 0.587167
      outer loop
         vertex 0.0625 -0.0526153 1.04683
         vertex 0.0239177 -0.0587823 1.05726
         vertex 0.0414314 -0.0627978 1.06896
      endloop
   endfacet
   facet normal 0 0.809466 0.587167
      outer loop
         vertex 0.0625 -0.0526153 1.04683
         vertex 0 -0.0562917 1.0525
         vertex 0.0122571 -0.0569751 1.05371
      endloop
   endfacet
   facet normal 0 0.809466 0.587167
      outer loop
         vertex -0.0625 -0.0526153 1.04683
         vertex -0.0122412 -0.0569734 1.05371
         vertex 0 -0.0562917 1.0525
      endloop
   endfacet
   facet normal 0 0.809466 0.587167
      outer loop
         vertex -0.0625 -0.0526153 1.04683
         vertex -0.0239177 -0.0587823 1.05726
         vertex -0.0122412 -0.0569734 1.05371
      endloop
   endfacet
   facet normal 0 0.866025 0.5
      outer loop
         vertex 0 -0.0562917 1.0525
         vertex 0.0625 -0.0526153 1.04683
         vertex -0.0625 -0.0526153 1.04683
      endloop
   endfacet
   facet normal 0 0.809466 0.587167
      outer loop
         vertex -0.0625 -0.0526153 1.04683
         vertex -0.0625 -0.0629752 1.0689
         vertex -0.0422051 -0.0629752 1.0689
      endloop
   endfacet
   facet normal 0 0.968848 0.247654
      outer loop
         vertex -0.0422051 -0.0629752 1.0689
         vertex -0.0239177 -0.0587823 1.05726
         vertex -0.0625 -0.0526153 1.04683
      endloop
   endfacet
   facet normal 0 0.876541 0.481328
      outer loop
         vertex 0.0122571 -0.0569751 1.05371
         vertex 0.0239177 -0.0587823 1.05726
         vertex 0.0625 -0.0526153 1.04683
      endloop
   endfacet
   facet normal 0 0.968848 0.247654
      outer loop
         vertex 0.0625 -0.0629752 1.0689
         vertex 0.0519197 -0.064823 1.08021
         vertex 0.0575393 -0.0645307 1.09119
      endloop
   endfacet
   facet normal 0 0.995436 -0.0954283
      outer loop
         vertex 0.0575393 -0.0645307 1.09119
         vertex 0.0625 -0.0644762 1.09324
         vertex 0.0625 -0.0629752 1.0689
      endloop
   endfacet
   facet normal 0 0.968848 0.247654
      outer loop
         vertex 0.0625 -0.0629752 1.0689
         vertex 0.0441942 -0.0634313 1.07081
         vertex 0.0519197 -0.064823 1.08021
      endloop
   endfacet
   facet normal 0 0.968848 0.247654
      outer loop
         vertex 0.0625 -0.0629752 1.0689
         vertex 0.0414314 -0.0627978 1.06896
         vertex 0.0441942 -0.0634313 1.07081
      endloop
   endfacet
   facet normal 0 0.991941 -0.126697
      outer loop
         vertex 0.0625 -0.0644762 1.09324
         vertex 0.0585879 -0.0644762 1.09324
         vertex 0.0615599 -0.0620995 1.1042
      endloop
   endfacet
   facet normal 0 0.955377 -0.29539
      outer loop
         vertex 0.0615599 -0.0620995 1.1042
         vertex 0.0625 -0.0576628 1.115
         vertex 0.0625 -0.0644762 1.09324
      endloop
   endfacet
   facet normal 0 0.995436 -0.0954283
      outer loop
         vertex 0.0575393 -0.0645307 1.09119
         vertex 0.0585879 -0.0644762 1.09324
         vertex 0.0625 -0.0644762 1.09324
      endloop
   endfacet
   facet normal 0 0.968893 0.24748
      outer loop
         vertex 0.0414314 -0.0627978 1.06896
         vertex 0.0625 -0.0629752 1.0689
         vertex 0.0625 -0.0526153 1.04683
      endloop
   endfacet
   facet normal 0 0.976353 0.216181
      outer loop
         vertex -0.0439902 -0.0633143 1.07098
         vertex -0.0422051 -0.0629752 1.0689
         vertex -0.0625 -0.0629752 1.0689
      endloop
   endfacet
   facet normal 0 0.955066 -0.296394
      outer loop
         vertex -0.0615713 -0.0620793 1.10427
         vertex -0.0583572 -0.0642917 1.0932
         vertex -0.0625 -0.0644762 1.09324
      endloop
   endfacet
   facet normal 0 -0.955377 -0.29539
      outer loop
         vertex -0.0615599 0.0620995 1.1042
         vertex -0.0625 0.0576628 1.115
         vertex -0.0625 0.0644762 1.09324
      endloop
   endfacet
   facet normal 0 -0.995436 -0.0954283
      outer loop
         vertex -0.0575393 0.0645307 1.09119
         vertex -0.0585879 0.0644762 1.09324
         vertex -0.0625 0.0644762 1.09324
      endloop
   endfacet
   facet normal 0 -0.968893 0.24748
      outer loop
         vertex -0.0414314 0.0627978 1.06896
         vertex -0.0625 0.0629752 1.0689
         vertex -0.0625 0.0526153 1.04683
      endloop
   endfacet
   facet normal 0 -0.976353 0.216181
      outer loop
         vertex 0.0439902 0.0633143 1.07098
         vertex 0.0422051 0.0629752 1.0689
         vertex 0.0625 0.0629752 1.0689
      endloop
   endfacet
   facet normal 0 -0.955066 -0.296394
      outer loop
         vertex 0.0615713 0.0620793 1.10427
         vertex 0.0583572 0.0642917 1.0932
         vertex 0.0625 0.0644762 1.09324
      endloop
   endfacet
   facet normal 0 -0.536214 0.844082
      outer loop
         vertex 0.0625 0.0348539 1.03013
         vertex 0.0625 0.0526153 1.04683
         vertex -0.0625 0.0526153 1.04683
      endloop
   endfacet
   facet normal 0 -0.187531 0.982259
      outer loop
         vertex 0.0625 0.0121895 1.02115
         vertex 0.0625 0.0348539 1.03013
         vertex -0.0625 0.0348539 1.03013
      endloop
   endfacet
   facet normal 0 0.187531 0.982259
      outer loop
         vertex 0.0625 -0.0121895 1.02115
         vertex 0.0625 0.0121895 1.02115
         vertex -0.0625 0.0121895 1.02115
      endloop
   endfacet
   facet normal 0 0.536214 0.844082
      outer loop
         vertex 0.0625 -0.0348539 1.03013
         vertex 0.0625 -0.0121895 1.02115
         vertex -0.0625 -0.0121895 1.02115
      endloop
   endfacet
   facet normal 0 0.809466 0.587167
      outer loop
         vertex 0.0625 -0.0526153 1.04683
         vertex 0.0625 -0.0348539 1.03013
         vertex -0.0625 -0.0348539 1.03013
      endloop
   endfacet
   facet normal 0.707107 0 0.707107
      outer loop
         vertex 0.08 -1.65327e-17 1.1525
         vertex 0.085 0 1.1475
         vertex 0.085 0.0239177 1.14274
      endloop
   endfacet
   facet normal 0.707107 0.270598 0.653281
      outer loop
         vertex 0.08 0.0258311 1.14736
         vertex 0.085 0.0239177 1.14274
         vertex 0.085 0.0441942 1.12919
      endloop
   endfacet
   facet normal 0.707107 0.5 0.5
      outer loop
         vertex 0.08 0.0477297 1.13273
         vertex 0.085 0.0441942 1.12919
         vertex 0.085 0.0577425 1.10892
      endloop
   endfacet
   facet normal 0.707107 0.653281 0.270598
      outer loop
         vertex 0.08 0.0623619 1.11083
         vertex 0.085 0.0577425 1.10892
         vertex 0.085 0.0625 1.085
      endloop
   endfacet
   facet normal 0.707107 0.707107 -7.85046e-17
      outer loop
         vertex 0.08 0.0675 1.085
         vertex 0.085 0.0625 1.085
         vertex 0.085 0.0577425 1.06108
      endloop
   endfacet
   facet normal 0.707107 0.653281 -0.270598
      outer loop
         vertex 0.08 0.0623619 1.05917
         vertex 0.085 0.0577425 1.06108
         vertex 0.085 0.0441942 1.04081
      endloop
   endfacet
   facet normal 0.707107 0.5 -0.5
      outer loop
         vertex 0.08 0.0477297 1.03727
         vertex 0.085 0.0441942 1.04081
         vertex 0.085 0.0239177 1.02726
      endloop
   endfacet
   facet normal 0.707107 0.270598 -0.653281
      outer loop
         vertex 0.08 0.0258311 1.02264
         vertex 0.085 0.0239177 1.02726
         vertex 0.085 2.29621e-17 1.0225
      endloop
   endfacet
   facet normal 0.707107 4.00614e-16 -0.707107
      outer loop
         vertex 0.08 8.26637e-18 1.0175
         vertex 0.085 2.29621e-17 1.0225
         vertex 0.085 -0.0239177 1.02726
      endloop
   endfacet
   facet normal 0.707107 -0.270598 -0.653281
      outer loop
         vertex 0.08 -0.0258311 1.02264
         vertex 0.085 -0.0239177 1.02726
         vertex 0.085 -0.0441942 1.04081
      endloop
   endfacet
   facet normal 0.707107 -0.5 -0.5
      outer loop
         vertex 0.08 -0.0477297 1.03727
         vertex 0.085 -0.0441942 1.04081
         vertex 0.085 -0.0577425 1.06108
      endloop
   endfacet
   facet normal 0.707107 -0.653281 -0.270598
      outer loop
         vertex 0.08 -0.0623619 1.05917
         vertex 0.085 -0.0577425 1.06108
         vertex 0.085 -0.0625 1.085
      endloop
   endfacet
   facet normal 0.707107 -0.707107 1.96262e-16
      outer loop
         vertex 0.08 -0.0675 1.085
         vertex 0.085 -0.0625 1.085
         vertex 0.085 -0.0577425 1.10892
      endloop
   endfacet
   facet normal 0.707107 -0.653281 0.270598
      outer loop
         vertex 0.08 -0.0623619 1.11083
         vertex 0.085 -0.0577425 1.10892
         vertex 0.085 -0.0441942 1.12919
      endloop
   endfacet
   facet normal 0.707107 -0.5 0.5
      outer loop
         vertex 0.08 -0.0477297 1.13273
         vertex 0.085 -0.0441942 1.12919
         vertex 0.085 -0.0239177 1.14274
      endloop
   endfacet
   facet normal 0.707107 -0.270598 0.653281
      outer loop
         vertex 0.08 -0.0258311 1.14736
         vertex 0.085 -0.0239177 1.14274
         vertex 0.085 0 1.1475
      endloop
   endfacet
   facet normal 0.707107 0 0.707107
      outer loop
         vertex 0.085 0 1.1475
         vertex 0.08 -1.65327e-17 1.1525
         vertex 0.08 -0.0258311 1.14736
      endloop
   endfacet
   facet normal 0.707107 -0.270598 0.653281
      outer loop
         vertex 0.085 -0.0239177 1.14274
         vertex 0.08 -0.0258311 1.14736
         vertex 0.08 -0.0477297 1.13273
      endloop
   endfacet
   facet normal 0.707107 -0.5 0.5
      outer loop
         vertex 0.085 -0.0441942 1.12919
         vertex 0.08 -0.0477297 1.13273
         vertex 0.08 -0.0623619 1.11083
      endloop
   endfacet
   facet normal 0.707107 -0.653281 0.270598
      outer loop
         vertex 0.085 -0.0577425 1.10892
         vertex 0.08 -0.0623619 1.11083
         vertex 0.08 -0.0675 1.085
      endloop
   endfacet
   facet normal 0.707107 -0.707107 1.96262e-16
      outer loop
         vertex 0.085 -0.0625 1.085
         vertex 0.08 -0.0675 1.085
         vertex 0.08 -0.0623619 1.05917
      endloop
   endfacet
   facet normal 0.707107 -0.653281 -0.270598
      outer loop
         vertex 0.085 -0.0577425 1.06108
         vertex 0.08 -0.0623619 1.05917
         vertex 0.08 -0.0477297 1.03727
      endloop
   endfacet
   facet normal 0.707107 -0.5 -0.5
      outer loop
         vertex 0.085 -0.0441942 1.04081
         vertex 0.08 -0.0477297 1.03727
         vertex 0.08 -0.0258311 1.02264
      endloop
   endfacet
   facet normal 0.707107 -0.270598 -0.653281
      outer loop
         vertex 0.085 -0.0239177 1.02726
         vertex 0.08 -0.0258311 1.02264
         vertex 0.08 8.26637e-18 1.0175
      endloop
   endfacet
   facet normal 0.707107 4.00614e-16 -0.707107
      outer loop
         vertex 0.085 2.29621e-17 1.0225
         vertex 0.08 8.26637e-18 1.0175
         vertex 0.08 0.0258311 1.02264
      endloop
   endfacet
   facet normal 0.707107 0.270598 -0.653281
      outer loop
         vertex 0.085 0.0239177 1.02726
         vertex 0.08 0.0258311 1.02264
         vertex 0.08 0.0477297 1.03727
      endloop
   endfacet
   facet normal 0.707107 0.5 -0.5
      outer loop
         vertex 0.085 0.0441942 1.04081
         vertex 0.08 0.0477297 1.03727
         vertex 0.08 0.0623619 1.05917
      endloop
   endfacet
   facet normal 0.707107 0.653281 -0.270598
      outer loop
         vertex 0.085 0.0577425 1.06108
         vertex 0.08 0.0623619 1.05917
         vertex 0.08 0.0675 1.085
      endloop
   endfacet
   facet normal 0.707107 0.707107 -7.85046e-17
      outer loop
         vertex 0.085 0.0625 1.085
         vertex 0.08 0.0675 1.085
         vertex 0.08 0.0623619 1.11083
      endloop
   endfacet
   facet normal 0.707107 0.653281 0.270598
      outer loop
         vertex 0.085 0.0577425 1.10892
         vertex 0.08 0.0623619 1.11083
         vertex 0.08 0.0477297 1.13273
      endloop
   endfacet
   facet normal 0.707107 0.5 0.5
      outer loop
         vertex 0.085 0.0441942 1.12919
         vertex 0.08 0.0477297 1.13273
         vertex 0.08 0.0258311 1.14736
      endloop
   endfacet
   facet normal 0.707107 0.270598 0.653281
      outer loop
         vertex 0.085 0.0239177 1.14274
         vertex 0.08 0.0258311 1.14736
         vertex 0.08 -1.65327e-17 1.1525
      endloop
   endfacet
   facet normal 1 0 0
      outer loop
         vertex 0.085 0 1.085
         vertex 0.085 0.0239177 1.02726
         vertex 0.085 0.0441942 1.04081
      endloop
   endfacet
   facet normal 1 0 0
      outer loop
         vertex 0.085 0.0441942 1.04081
         vertex 0.085 0.0577425 1.06108
         vertex 0.085 0 1.085
      endloop
   endfacet
   facet normal 1 0 0
      outer loop
         vertex 0.085 0.0577425 1.06108
         vertex 0.085 0.0625 1.085
         vertex 0.085 0 1.085
      endloop
   endfacet
   facet normal 1 0 0
      outer loop
         vertex 0.085 0.0625 1.085
         vertex 0.085 0.0577425 1.10892
         vertex 0.085 0 1.085
      endloop
   endfacet
   facet normal 1 0 0
      outer loop
         vertex 0.085 0.0577425 1.10892
         vertex 0.085 0.0441942 1.12919
         vertex 0.085 0 1.085
      endloop
   endfacet
   facet normal 1 0 0
      outer loop
         vertex 0.085 0.0441942 1.12919
         vertex 0.085 0.0239177 1.14274
         vertex 0.085 0 1.085
      endloop
   endfacet
   facet normal 1 0 0
      outer loop
         vertex 0.085 0.0239177 1.14274
         vertex 0.085 0 1.1475
         vertex 0.085 0 1.085
      endloop
   endfacet
   facet normal 1 0 0
      outer loop
         vertex 0.085 0 1.1475
         vertex 0.085 -0.0239177 1.14274
         vertex 0.085 0 1.085
      endloop
   endfacet
   facet normal 1 0 0
      outer loop
         vertex 0.085 -0.0239177 1.14274
         vertex 0.085 -0.0441942 1.12919
         vertex 0.085 0 1.085
      endloop
   endfacet
   facet normal 1 0 0
      outer loop
         vertex 0.085 -0.0441942 1.12919
         vertex 0.085 -0.0577425 1.10892
         vertex 0.085 0 1.085
      endloop
   endfacet
   facet normal 1 0 0
      outer loop
         vertex 0.085 -0.0577425 1.10892
         vertex 0.085 -0.0625 1.085
         vertex 0.085 0 1.085
      endloop
   endfacet
   facet normal 1 0 0
      outer loop
         vertex 0.085 -0.0625 1.085
         vertex 0.085 -0.0577425 1.06108
         vertex 0.085 0 1.085
      endloop
   endfacet
   facet normal 1 0 0
      outer loop
         vertex 0.085 -0.0577425 1.06108
         vertex 0.085 -0.0441942 1.04081
         vertex 0.085 0 1.085
      endloop
   endfacet
   facet normal 1 0 0
      outer loop
         vertex 0.085 -0.0441942 1.04081
         vertex 0.085 -0.0239177 1.02726
         vertex 0.085 0 1.085
      endloop
   endfacet
   facet normal 1 0 0
      outer loop
         vertex 0.085 -0.0239177 1.02726
         vertex 0.085 2.29621e-17 1.0225
         vertex 0.085 0 1.085
      endloop
   endfacet
   facet normal 1 0 0
      outer loop
         vertex 0.085 2.29621e-17 1.0225
         vertex 0.085 0.0239177 1.02726
         vertex 0.085 0 1.085
      endloop
   endfacet
   facet normal -0.707107 0 -0.707107
      outer loop
         vertex -0.08 0 1.0175
         vertex -0.085 -1.53081e-17 1.0225
         vertex -0.085 0.0239177 1.02726
      endloop
   endfacet
   facet normal -0.707107 0.270598 -0.653281
      outer loop
         vertex -0.08 0.0258311 1.02264
         vertex -0.085 0.0239177 1.02726
         vertex -0.085 0.0441942 1.04081
      endloop
   endfacet
   facet normal -0.707107 0.5 -0.5
      outer loop
         vertex -0.08 0.0477297 1.03727
         vertex -0.085 0.0441942 1.04081
         vertex -0.085 0.0577425 1.06108
      endloop
   endfacet
   facet normal -0.707107 0.653281 -0.270598
      outer loop
         vertex -0.08 0.0623619 1.05917
         vertex -0.085 0.0577425 1.06108
         vertex -0.085 0.0625 1.085
      endloop
   endfacet
   facet normal -0.707107 0.707107 7.85046e-17
      outer loop
         vertex -0.08 0.0675 1.085
         vertex -0.085 0.0625 1.085
         vertex -0.085 0.0577425 1.10892
      endloop
   endfacet
   facet normal -0.707107 0.653281 0.270598
      outer loop
         vertex -0.08 0.0623619 1.11083
         vertex -0.085 0.0577425 1.10892
         vertex -0.085 0.0441942 1.12919
      endloop
   endfacet
   facet normal -0.707107 0.5 0.5
      outer loop
         vertex -0.08 0.0477297 1.13273
         vertex -0.085 0.0441942 1.12919
         vertex -0.085 0.0239177 1.14274
      endloop
   endfacet
   facet normal -0.707107 0.270598 0.653281
      outer loop
         vertex -0.08 0.0258311 1.14736
         vertex -0.085 0.0239177 1.14274
         vertex -0.085 7.65404e-18 1.1475
      endloop
   endfacet
   facet normal -0.707107 -1.17757e-16 0.707107
      outer loop
         vertex -0.08 8.26637e-18 1.1525
         vertex -0.085 7.65404e-18 1.1475
         vertex -0.085 -0.0239177 1.14274
      endloop
   endfacet
   facet normal -0.707107 -0.270598 0.653281
      outer loop
         vertex -0.08 -0.0258311 1.14736
         vertex -0.085 -0.0239177 1.14274
         vertex -0.085 -0.0441942 1.12919
      endloop
   endfacet
   facet normal -0.707107 -0.5 0.5
      outer loop
         vertex -0.08 -0.0477297 1.13273
         vertex -0.085 -0.0441942 1.12919
         vertex -0.085 -0.0577425 1.10892
      endloop
   endfacet
   facet normal -0.707107 -0.653281 0.270598
      outer loop
         vertex -0.08 -0.0623619 1.11083
         vertex -0.085 -0.0577425 1.10892
         vertex -0.085 -0.0625 1.085
      endloop
   endfacet
   facet normal -0.707107 -0.707107 -1.96262e-16
      outer loop
         vertex -0.08 -0.0675 1.085
         vertex -0.085 -0.0625 1.085
         vertex -0.085 -0.0577425 1.06108
      endloop
   endfacet
   facet normal -0.707107 -0.653281 -0.270598
      outer loop
         vertex -0.08 -0.0623619 1.05917
         vertex -0.085 -0.0577425 1.06108
         vertex -0.085 -0.0441942 1.04081
      endloop
   endfacet
   facet normal -0.707107 -0.5 -0.5
      outer loop
         vertex -0.08 -0.0477297 1.03727
         vertex -0.085 -0.0441942 1.04081
         vertex -0.085 -0.0239177 1.02726
      endloop
   endfacet
   facet normal -0.707107 -0.270598 -0.653281
      outer loop
         vertex -0.08 -0.0258311 1.02264
         vertex -0.085 -0.0239177 1.02726
         vertex -0.085 -1.53081e-17 1.0225
      endloop
   endfacet
   facet normal -0.707107 0 -0.707107
      outer loop
         vertex -0.085 -1.53081e-17 1.0225
         vertex -0.08 0 1.0175
         vertex -0.08 -0.0258311 1.02264
      endloop
   endfacet
   facet normal -0.707107 -0.270598 -0.653281
      outer loop
         vertex -0.085 -0.0239177 1.02726
         vertex -0.08 -0.0258311 1.02264
         vertex -0.08 -0.0477297 1.03727
      endloop
   endfacet
   facet normal -0.707107 -0.5 -0.5
      outer loop
         vertex -0.085 -0.0441942 1.04081
         vertex -0.08 -0.0477297 1.03727
         vertex -0.08 -0.0623619 1.05917
      endloop
   endfacet
   facet normal -0.707107 -0.653281 -0.270598
      outer loop
         vertex -0.085 -0.0577425 1.06108
         vertex -0.08 -0.0623619 1.05917
         vertex -0.08 -0.0675 1.085
      endloop
   endfacet
   facet normal -0.707107 -0.707107 -1.96262e-16
      outer loop
         vertex -0.085 -0.0625 1.085
         vertex -0.08 -0.0675 1.085
         vertex -0.08 -0.0623619 1.11083
      endloop
   endfacet
   facet normal -0.707107 -0.653281 0.270598
      outer loop
         vertex -0.085 -0.0577425 1.10892
         vertex -0.08 -0.0623619 1.11083
         vertex -0.08 -0.0477297 1.13273
      endloop
   endfacet
   facet normal -0.707107 -0.5 0.5
      outer loop
         vertex -0.085 -0.0441942 1.12919
         vertex -0.08 -0.0477297 1.13273
         vertex -0.08 -0.0258311 1.14736
      endloop
   endfacet
   facet normal -0.707107 -0.270598 0.653281
      outer loop
         vertex -0.085 -0.0239177 1.14274
         vertex -0.08 -0.0258311 1.14736
         vertex -0.08 8.26637e-18 1.1525
      endloop
   endfacet
   facet normal -0.707107 -1.17757e-16 0.707107
      outer loop
         vertex -0.085 7.65404e-18 1.1475
         vertex -0.08 8.26637e-18 1.1525
         vertex -0.08 0.0258311 1.14736
      endloop
   endfacet
   facet normal -0.707107 0.270598 0.653281
      outer loop
         vertex -0.085 0.0239177 1.14274
         vertex -0.08 0.0258311 1.14736
         vertex -0.08 0.0477297 1.13273
      endloop
   endfacet
   facet normal -0.707107 0.5 0.5
      outer loop
         vertex -0.085 0.0441942 1.12919
         vertex -0.08 0.0477297 1.13273
         vertex -0.08 0.0623619 1.11083
      endloop
   endfacet
   facet normal -0.707107 0.653281 0.270598
      outer loop
         vertex -0.085 0.0577425 1.10892
         vertex -0.08 0.0623619 1.11083
         vertex -0.08 0.0675 1.085
      endloop
   endfacet
   facet normal -0.707107 0.707107 7.85046e-17
      outer loop
         vertex -0.085 0.0625 1.085
         vertex -0.08 0.0675 1.085
         vertex -0.08 0.0623619 1.05917
      endloop
   endfacet
   facet normal -0.707107 0.653281 -0.270598
      outer loop
         vertex -0.085 0.0577425 1.06108
         vertex -0.08 0.0623619 1.05917
         vertex -0.08 0.0477297 1.03727
      endloop
   endfacet
   facet normal -0.707107 0.5 -0.5
      outer loop
         vertex -0.085 0.0441942 1.04081
         vertex -0.08 0.0477297 1.03727
         vertex -0.08 0.0258311 1.02264
      endloop
   endfacet
   facet normal -0.707107 0.270598 -0.653281
      outer loop
         vertex -0.085 0.0239177 1.02726
         vertex -0.08 0.0258311 1.02264
         vertex -0.08 0 1.0175
      endloop
   endfacet
   facet normal -1 0 0
      outer loop
         vertex -0.085 0 1.085
         vertex -0.085 -0.0239177 1.02726
         vertex -0.085 -0.0441942 1.04081
      endloop
   endfacet
   facet normal -1 0 0
      outer loop
         vertex -0.085 -0.0441942 1.04081
         vertex -0.085 -0.0577425 1.06108
         vertex -0.085 0 1.085
      endloop
   endfacet
   facet normal -1 0 0
      outer loop
         vertex -0.085 -0.0577425 1.06108
         vertex -0.085 -0.0625 1.085
         vertex -0.085 0 1.085
      endloop
   endfacet
   facet normal -1 0 0
      outer loop
         vertex -0.085 -0.0625 1.085
         vertex -0.085 -0.0577425 1.10892
         vertex -0.085 0 1.085
      endloop
   endfacet
   facet normal -1 0 0
      outer loop
         vertex -0.085 -0.0577425 1.10892
         vertex -0.085 -0.0441942 1.12919
         vertex -0.085 0 1.085
      endloop
   endfacet
   facet normal -1 0 0
      outer loop
         vertex -0.085 -0.0441942 1.12919
         vertex -0.085 -0.0239177 1.14274
         vertex -0.085 0 1.085
      endloop
   endfacet
   facet normal -1 0 0
      outer loop
         vertex -0.085 -0.0239177 1.14274
         vertex -0.085 7.65404e-18 1.1475
         vertex -0.085 0 1.085
      endloop
   endfacet
   facet normal -1 0 0
      outer loop
         vertex -0.085 7.65404e-18 1.1475
         vertex -0.085 0.0239177 1.14274
         vertex -0.085 0 1.085
      endloop
   endfacet
   facet normal -1 0 0
      outer loop
         vertex -0.085 0.0239177 1.14274
         vertex -0.085 0.0441942 1.12919
         vertex -0.085 0 1.085
      endloop
   endfacet
   facet normal -1 0 0
      outer loop
         vertex -0.085 0.0441942 1.12919
         vertex -0.085 0.0577425 1.10892
         vertex -0.085 0 1.085
      endloop
   endfacet
   facet normal -1 0 0
      outer loop
         vertex -0.085 0.0577425 1.10892
         vertex -0.085 0.0625 1.085
         vertex -0.085 0 1.085
      endloop
   endfacet
   facet normal -1 0 0
      outer loop
         vertex -0.085 0.0625 1.085
         vertex -0.085 0.0577425 1.06108
         vertex -0.085 0 1.085
      endloop
   endfacet
   facet normal -1 0 0
      outer loop
         vertex -0.085 0.0577425 1.06108
         vertex -0.085 0.0441942 1.04081
         vertex -0.085 0 1.085
      endloop
   endfacet
   facet normal -1 0 0
      outer loop
         vertex -0.085 0.0441942 1.04081
         vertex -0.085 0.0239177 1.02726
         vertex -0.085 0 1.085
      endloop
   endfacet
   facet normal -1 0 0
      outer loop
         vertex -0.085 0.0239177 1.02726
         vertex -0.085 -1.53081e-17 1.0225
         vertex -0.085 0 1.085
      endloop
   endfacet
   facet normal -1 0 0
      outer loop
         vertex -0.085 -1.53081e-17 1.0225
         vertex -0.085 -0.0239177 1.02726
         vertex -0.085 0 1.085
      endloop
   endfacet
endsolid waist_pitch_standard. Units = meters